cart_id,session_id,user_id,cart_value,items
1,3,1,319.08,5
2,4,1,335.76,3
3,5,1,295.32,7
4,8,1,330.18,9
5,9,1,183.3,8
6,11,1,283.48,7
7,12,1,347.72,7
8,13,1,256.54,7
9,15,2,355.01,1
10,16,2,505.87,3
11,17,2,216.08,5
12,18,2,155.05,11
13,20,2,428.53,7
14,21,3,508.38,9
15,22,3,353.41,2
16,24,3,320.57,7
17,25,4,261.91,12
18,30,4,368.53,3
19,31,4,318.61,2
20,33,4,396.44,1
21,34,4,165.85,11
22,38,6,349.43,11
23,39,6,244.93,12
24,40,6,405.26,1
25,41,6,216.95,1
26,42,6,376.66,10
27,43,6,267.61,11
28,46,6,280.87,9
29,48,6,396.47,8
30,49,6,248.33,6
31,50,7,184.92,10
32,51,7,326.54,10
33,52,8,260.5,8
34,55,9,196.65,1
35,59,10,351.51,6
36,60,10,346.1,8
37,61,10,330.52,6
38,62,11,365.69,12
39,63,11,140.45,12
40,64,12,251.32,1
41,65,12,344.98,4
42,66,12,413.25,1
43,69,12,341.59,6
44,70,12,425.15,12
45,71,12,259.05,7
46,75,13,264.69,11
47,79,13,286.55,1
48,81,13,312.56,3
49,83,13,160.24,11
50,85,13,318.11,9
51,86,14,316.91,3
52,87,14,264.83,9
53,89,14,250.81,5
54,90,14,344.44,10
55,95,17,373.03,1
56,96,17,333.0,1
57,100,18,332.84,3
58,102,18,316.71,1
59,104,19,321.38,6
60,111,20,381.26,6
61,112,20,465.92,6
62,113,21,454.35,2
63,114,21,222.47,10
64,115,21,130.01,12
65,116,21,367.74,1
66,118,21,321.92,9
67,120,21,314.59,9
68,123,21,354.28,4
69,124,21,298.0,8
70,125,21,174.24,4
71,126,21,217.23,7
72,128,22,222.74,9
73,129,22,380.0,4
74,130,22,489.72,12
75,131,22,277.72,3
76,132,22,554.11,4
77,134,22,149.32,1
78,139,24,274.3,3
79,140,24,336.5,11
80,141,24,90.32,11
81,142,24,456.99,6
82,143,24,257.73,4
83,144,24,323.03,9
84,146,24,360.34,3
85,148,24,176.81,11
86,150,24,538.91,1
87,152,24,332.03,3
88,154,25,289.35,1
89,155,25,220.01,1
90,157,26,338.43,10
91,158,26,178.17,1
92,163,27,332.53,7
93,165,27,445.7,12
94,166,27,424.87,2
95,170,27,270.0,8
96,171,27,294.95,12
97,172,27,368.73,5
98,176,27,426.38,12
99,178,28,457.97,9
100,179,28,466.66,9
101,181,28,236.03,6
102,182,28,387.78,12
103,183,28,195.49,10
104,185,29,278.31,7
105,188,30,214.31,6
106,189,31,216.21,2
107,191,32,341.78,5
108,192,32,257.73,10
109,195,32,345.8,5
110,197,32,211.21,2
111,200,33,363.56,12
112,202,33,281.28,9
113,203,33,293.75,3
114,204,33,202.96,10
115,205,33,411.71,5
116,208,34,332.64,10
117,209,34,368.58,9
118,211,34,205.11,12
119,213,34,380.81,8
120,215,34,323.7,10
121,219,35,275.36,8
122,220,35,443.92,2
123,222,35,356.8,10
124,223,35,360.73,1
125,226,35,143.16,4
126,227,36,417.31,9
127,230,37,360.28,2
128,231,37,431.39,2
129,232,37,266.66,1
130,233,37,255.8,7
131,235,37,465.34,5
132,236,37,406.26,8
133,237,38,191.43,7
134,238,38,321.46,3
135,239,38,412.04,7
136,240,38,336.01,12
137,242,38,270.51,5
138,243,38,259.81,12
139,244,39,325.79,3
140,250,40,411.91,5
141,251,40,230.42,9
142,252,41,127.91,9
143,254,41,283.5,4
144,258,41,360.51,9
145,260,41,380.47,5
146,263,42,228.76,11
147,264,42,344.27,6
148,265,42,262.53,7
149,266,43,386.2,4
150,267,43,308.13,4
151,268,43,395.45,8
152,270,44,326.06,12
153,271,44,365.0,6
154,273,44,280.16,11
155,274,45,256.1,7
156,275,45,294.4,2
157,278,45,375.5,5
158,280,45,547.17,10
159,283,46,433.41,10
160,284,46,456.8,3
161,288,46,310.58,10
162,291,47,271.69,5
163,293,47,121.67,8
164,297,47,266.17,1
165,298,47,195.85,10
166,299,47,389.18,3
167,304,48,302.29,3
168,305,48,201.22,8
169,309,48,369.2,7
170,310,48,348.52,1
171,311,49,217.97,3
172,312,49,456.19,6
173,313,49,252.26,8
174,314,49,373.69,11
175,315,49,308.76,9
176,317,51,468.26,7
177,318,51,402.91,10
178,322,51,221.16,3
179,324,51,483.77,8
180,325,51,205.99,11
181,326,51,224.66,7
182,329,51,466.11,2
183,330,52,317.52,11
184,331,52,348.09,10
185,337,53,358.07,12
186,345,54,223.1,12
187,347,54,489.25,5
188,350,54,517.5,7
189,351,55,151.84,12
190,352,55,279.51,9
191,358,57,381.19,9
192,359,57,309.94,12
193,360,57,271.1,1
194,362,57,370.57,1
195,363,57,379.37,6
196,365,58,472.28,9
197,367,58,163.92,9
198,368,58,229.24,10
199,372,58,252.14,4
200,373,59,535.71,5
201,374,59,455.9,7
202,375,60,344.76,1
203,376,60,312.43,10
204,380,61,359.68,4
205,381,61,425.72,12
206,382,61,297.2,10
207,383,61,344.64,5
208,384,61,289.68,12
209,385,62,194.42,11
210,388,63,158.94,7
211,391,63,257.81,7
212,393,63,286.47,1
213,394,63,359.3,4
214,395,63,344.17,11
215,396,63,194.81,9
216,397,63,320.85,3
217,398,63,270.86,9
218,401,64,297.55,4
219,402,64,327.23,3
220,403,64,435.29,11
221,405,64,278.59,4
222,406,64,471.04,3
223,408,65,203.0,9
224,409,65,241.03,10
225,410,65,311.34,5
226,411,65,214.78,4
227,415,66,201.24,9
228,418,67,326.62,9
229,421,67,200.79,2
230,423,68,233.64,8
231,424,69,312.58,2
232,428,69,473.26,3
233,429,69,302.72,11
234,431,69,331.74,11
235,438,70,216.53,8
236,439,70,225.65,2
237,442,71,113.7,12
238,445,72,231.47,10
239,451,74,388.84,5
240,452,74,268.25,6
241,454,74,333.59,2
242,455,74,340.09,2
243,456,75,386.24,7
244,458,75,469.36,8
245,459,76,374.64,8
246,460,76,298.55,5
247,463,77,391.71,12
248,464,77,347.37,10
249,465,77,118.55,2
250,471,77,212.05,7
251,472,78,299.76,3
252,474,78,267.34,6
253,475,79,308.93,10
254,476,79,101.61,10
255,477,79,395.71,11
256,478,79,315.49,2
257,480,79,429.46,1
258,481,79,322.32,1
259,482,80,338.1,1
260,483,80,226.78,12
261,485,80,211.54,2
262,488,80,331.94,4
263,489,80,320.2,6
264,491,81,172.25,9
265,495,81,404.61,3
266,496,81,324.5,8
267,498,81,274.45,2
268,499,82,241.73,2
269,500,82,388.08,4
270,502,82,257.38,11
271,503,82,341.26,4
272,504,82,304.85,1
273,505,82,272.27,1
274,508,82,203.18,12
275,512,82,437.11,2
276,513,83,229.54,4
277,514,83,242.46,12
278,517,83,440.49,7
279,518,83,310.83,11
280,519,83,348.79,8
281,520,83,456.27,7
282,522,83,454.07,10
283,524,85,270.6,9
284,525,85,423.68,9
285,526,85,175.69,7
286,528,85,161.76,1
287,530,85,324.0,5
288,531,85,312.4,8
289,532,85,378.28,7
290,534,85,368.83,12
291,535,86,382.24,11
292,536,87,464.21,2
293,538,88,496.66,12
294,540,88,398.98,9
295,542,89,318.04,6
296,544,89,301.5,2
297,545,89,318.7,9
298,547,89,268.33,7
299,548,89,403.13,2
300,552,90,413.66,10
301,553,91,262.9,4
302,554,92,305.11,9
303,557,92,160.8,10
304,558,92,311.84,10
305,562,93,323.47,8
306,563,93,220.34,11
307,565,93,272.49,6
308,566,93,216.22,9
309,573,94,178.3,3
310,574,94,453.36,5
311,575,94,178.52,2
312,576,95,330.27,1
313,577,96,407.83,6
314,578,96,447.95,10
315,579,96,224.49,8
316,580,96,435.02,5
317,581,96,334.52,11
318,582,97,371.57,4
319,585,97,478.36,3
320,586,97,374.99,2
321,590,97,236.44,1
322,592,97,135.03,8
323,594,99,377.58,8
324,597,99,356.64,6
325,599,99,248.48,11
326,601,99,336.51,3
327,602,100,198.01,2
328,604,100,352.37,11
329,610,100,199.4,4
330,615,102,428.87,2
331,616,102,509.07,11
332,617,102,346.01,4
333,618,102,354.88,7
334,619,102,372.89,6
335,620,102,344.92,2
336,625,103,221.32,4
337,626,103,447.17,2
338,629,104,360.52,9
339,631,105,370.4,4
340,634,105,410.78,7
341,637,106,406.85,6
342,638,106,431.1,7
343,639,106,360.9,11
344,641,106,242.67,6
345,642,106,357.52,1
346,644,107,317.73,6
347,646,108,241.26,10
348,647,109,450.64,2
349,649,109,306.49,3
350,651,109,340.55,4
351,653,109,254.46,8
352,656,109,315.11,9
353,660,110,403.76,11
354,661,110,504.14,10
355,663,110,188.58,7
356,665,111,322.0,9
357,666,111,50.0,8
358,668,111,281.37,6
359,669,111,330.55,11
360,670,111,334.68,3
361,672,112,467.41,9
362,673,112,299.55,12
363,674,112,460.57,10
364,675,112,342.22,12
365,676,113,274.06,12
366,677,113,337.16,10
367,679,114,331.61,3
368,680,114,337.88,2
369,681,114,257.22,12
370,683,114,256.13,3
371,684,114,422.2,2
372,685,114,414.94,8
373,687,115,245.42,5
374,688,115,307.87,6
375,689,115,354.49,9
376,690,115,393.32,7
377,691,115,336.94,10
378,692,115,423.86,9
379,694,115,312.99,5
380,695,116,459.21,7
381,697,116,549.67,3
382,698,116,326.53,5
383,699,116,353.78,9
384,700,116,235.37,10
385,702,117,304.58,3
386,703,117,336.11,2
387,704,117,382.86,6
388,705,117,301.58,3
389,712,118,387.18,8
390,713,118,286.23,12
391,716,118,410.8,3
392,717,118,357.34,9
393,718,118,353.28,8
394,719,118,278.58,3
395,720,118,312.46,2
396,721,118,286.35,5
397,723,119,398.2,3
398,726,119,198.02,1
399,732,121,256.42,1
400,733,121,428.62,11
401,734,121,336.88,9
402,735,122,430.05,12
403,736,122,394.7,11
404,741,123,403.93,9
405,742,123,357.88,5
406,743,123,260.82,7
407,744,123,326.79,6
408,746,124,207.67,10
409,748,124,305.11,7
410,749,125,270.94,8
411,750,125,152.5,6
412,754,125,358.37,4
413,755,125,349.51,2
414,756,125,433.59,9
415,758,126,209.88,2
416,759,126,417.28,11
417,760,126,111.26,1
418,761,126,306.75,12
419,764,126,497.87,1
420,766,126,317.42,2
421,767,126,253.87,10
422,768,126,312.5,9
423,771,127,396.36,9
424,772,127,294.62,12
425,773,127,355.31,12
426,777,128,354.28,5
427,779,128,369.41,3
428,782,128,413.27,10
429,783,128,498.17,7
430,784,128,327.87,11
431,786,129,349.05,3
432,787,129,213.16,4
433,789,129,405.04,2
434,794,130,442.47,10
435,795,130,381.95,1
436,797,130,195.24,6
437,798,130,283.59,9
438,799,130,324.61,12
439,800,130,242.89,6
440,801,130,513.04,10
441,803,131,356.86,3
442,804,131,403.84,5
443,807,131,405.26,7
444,808,131,330.08,8
445,809,131,211.93,8
446,810,132,390.99,10
447,812,132,501.02,8
448,814,132,285.96,2
449,817,132,269.0,5
450,818,132,395.49,8
451,819,132,403.15,10
452,821,133,423.03,1
453,822,133,307.28,5
454,823,133,307.07,3
455,824,133,83.46,2
456,825,133,324.52,12
457,828,134,269.24,12
458,829,134,121.4,10
459,830,134,490.45,11
460,832,134,341.74,1
461,834,134,159.5,10
462,837,135,353.9,10
463,838,136,487.46,5
464,839,136,428.33,1
465,842,136,407.0,8
466,844,136,209.13,7
467,846,136,271.01,8
468,849,137,241.83,6
469,851,137,321.63,8
470,852,137,389.79,2
471,853,137,359.36,6
472,854,138,238.32,3
473,855,138,303.44,9
474,856,138,413.91,4
475,857,138,365.96,11
476,858,138,355.96,11
477,859,138,240.99,10
478,860,138,334.41,2
479,861,138,217.86,11
480,865,138,245.68,8
481,866,138,186.88,2
482,867,138,475.57,8
483,869,139,479.2,12
484,870,139,229.63,4
485,871,139,250.19,10
486,873,139,291.41,2
487,874,139,429.66,1
488,877,140,374.7,4
489,879,140,444.33,10
490,880,140,471.84,3
491,881,141,363.52,3
492,884,142,346.85,1
493,887,142,442.58,1
494,890,143,417.25,4
495,891,143,416.72,11
496,892,143,362.76,5
497,894,143,413.75,11
498,896,144,292.98,11
499,897,144,268.93,7
500,898,144,289.49,4
501,901,144,524.48,3
502,904,144,226.07,11
503,907,145,404.83,4
504,908,145,498.24,1
505,911,146,355.74,3
506,915,147,291.36,8
507,917,147,370.03,3
508,920,147,275.6,11
509,927,148,238.13,7
510,928,148,441.13,7
511,929,148,435.37,11
512,931,148,291.33,5
513,932,149,276.09,8
514,933,149,339.47,5
515,937,149,311.39,12
516,938,150,246.38,11
517,940,150,182.85,7
518,943,151,188.75,12
519,945,151,211.93,10
520,947,151,226.41,3
521,948,151,339.11,5
522,949,152,247.66,1
523,950,152,250.02,12
524,951,152,207.18,9
525,952,152,208.84,12
526,955,152,206.41,3
527,956,152,312.82,9
528,957,152,413.79,4
529,959,152,455.2,4
530,962,153,324.75,2
531,965,153,415.52,5
532,966,153,249.56,1
533,967,153,371.15,7
534,969,153,241.56,7
535,973,154,359.13,11
536,974,154,246.22,7
537,978,155,253.48,1
538,979,155,315.23,3
539,980,155,465.7,6
540,981,155,396.85,9
541,983,156,254.32,6
542,986,156,225.11,12
543,988,156,246.42,5
544,990,157,377.94,11
545,991,157,339.64,8
546,992,157,378.69,10
547,993,157,273.76,8
548,994,157,350.2,1
549,995,157,344.37,5
550,996,157,433.88,5
551,997,158,462.18,3
552,999,158,401.34,4
553,1004,160,433.75,6
554,1005,160,318.21,10
555,1006,160,257.07,6
556,1008,161,317.25,11
557,1021,163,308.1,10
558,1023,163,302.04,8
559,1025,164,319.07,12
560,1027,164,304.64,7
561,1029,164,278.78,10
562,1030,164,308.23,1
563,1032,165,392.16,4
564,1035,165,242.14,10
565,1037,165,441.07,8
566,1039,166,417.42,8
567,1041,166,327.8,12
568,1043,166,105.56,10
569,1044,166,124.01,5
570,1046,166,330.04,5
571,1047,166,381.06,5
572,1048,166,479.54,12
573,1049,166,283.52,10
574,1050,167,273.72,9
575,1051,167,210.43,7
576,1052,168,373.89,12
577,1053,168,320.63,8
578,1054,168,277.07,8
579,1056,169,322.09,5
580,1057,169,311.51,1
581,1058,169,407.09,8
582,1059,169,281.59,6
583,1060,169,319.72,6
584,1062,170,396.45,1
585,1065,170,296.2,6
586,1067,171,253.28,2
587,1071,171,204.7,7
588,1072,172,226.31,7
589,1073,172,262.1,9
590,1075,172,406.5,3
591,1078,173,253.66,8
592,1084,174,300.66,8
593,1085,174,227.39,11
594,1086,175,324.82,4
595,1090,175,345.82,3
596,1091,175,351.94,8
597,1092,176,478.06,9
598,1094,176,318.74,2
599,1095,176,346.37,5
600,1096,176,269.22,12
601,1098,176,515.51,10
602,1100,176,396.26,10
603,1103,177,399.57,2
604,1105,178,418.03,12
605,1106,178,387.39,6
606,1111,178,422.32,1
607,1112,178,303.13,2
608,1113,178,523.88,12
609,1114,178,180.86,11
610,1117,179,295.27,7
611,1118,179,475.83,2
612,1119,179,304.63,6
613,1120,179,379.64,1
614,1123,180,277.54,10
615,1124,180,360.15,4
616,1125,181,287.59,4
617,1126,181,425.18,11
618,1127,181,346.16,8
619,1129,181,162.5,12
620,1132,181,246.81,11
621,1133,181,232.26,3
622,1134,181,446.55,9
623,1135,181,208.27,2
624,1138,182,295.87,8
625,1139,182,510.03,11
626,1140,182,432.29,12
627,1141,182,243.09,5
628,1143,183,240.42,11
629,1145,183,231.75,9
630,1146,183,338.57,5
631,1147,183,275.38,4
632,1148,183,340.73,11
633,1149,184,347.83,3
634,1150,184,324.23,11
635,1152,184,333.29,11
636,1154,184,327.75,9
637,1155,184,250.53,8
638,1157,185,189.86,4
639,1160,185,324.88,9
640,1161,186,249.65,2
641,1164,187,407.85,9
642,1165,187,207.48,9
643,1166,187,287.89,6
644,1167,187,333.95,7
645,1169,187,433.46,11
646,1170,187,284.66,2
647,1171,187,336.57,12
648,1172,187,375.52,1
649,1173,187,388.67,8
650,1174,188,353.02,10
651,1175,188,482.75,4
652,1176,188,284.26,4
653,1177,189,475.78,8
654,1178,189,382.07,3
655,1180,190,342.07,3
656,1181,190,349.11,5
657,1183,190,404.38,6
658,1188,191,255.28,8
659,1192,192,333.12,3
660,1194,192,298.18,2
661,1195,192,464.23,9
662,1196,192,261.47,5
663,1197,193,499.81,2
664,1198,193,279.71,5
665,1199,193,195.03,3
666,1200,193,241.65,2
667,1202,193,243.51,5
668,1203,193,469.21,7
669,1205,193,198.99,11
670,1209,193,349.08,7
671,1210,194,452.09,5
672,1211,194,569.38,8
673,1213,195,310.08,8
674,1216,195,330.08,3
675,1219,195,215.04,11
676,1220,195,285.73,6
677,1221,196,516.71,1
678,1222,196,398.43,9
679,1223,196,429.34,10
680,1225,196,378.31,8
681,1230,197,416.13,9
682,1231,197,494.47,4
683,1234,197,278.89,11
684,1235,198,386.39,8
685,1236,198,257.78,1
686,1238,198,136.79,3
687,1239,198,343.84,5
688,1240,199,331.19,11
689,1241,199,313.25,10
690,1242,199,262.46,7
691,1246,200,332.33,8
692,1247,200,358.11,7
693,1248,200,496.57,2
694,1249,200,368.17,8
695,1250,200,372.85,9
696,1251,201,252.58,2
697,1253,201,234.08,4
698,1255,201,231.72,10
699,1257,201,293.34,1
700,1259,201,325.42,2
701,1263,202,339.41,5
702,1264,202,246.39,4
703,1266,202,118.28,10
704,1267,202,282.23,12
705,1268,203,404.36,3
706,1269,203,286.12,6
707,1270,203,313.32,1
708,1272,203,176.54,4
709,1273,203,331.19,11
710,1276,203,356.85,1
711,1277,203,268.7,4
712,1279,204,406.8,6
713,1280,204,427.9,11
714,1282,204,510.42,2
715,1283,204,236.58,8
716,1284,204,345.77,5
717,1285,204,213.11,10
718,1287,205,374.4,7
719,1288,205,363.58,12
720,1289,206,146.55,8
721,1291,206,344.5,12
722,1292,206,302.08,4
723,1297,207,213.34,1
724,1299,207,293.72,1
725,1300,207,505.57,12
726,1302,208,371.61,7
727,1303,208,245.57,12
728,1305,208,290.18,8
729,1306,208,145.82,7
730,1309,208,222.77,1
731,1310,208,471.58,10
732,1311,208,402.52,3
733,1313,209,360.6,8
734,1317,210,355.1,3
735,1319,210,447.51,4
736,1320,210,348.83,11
737,1321,210,294.5,9
738,1325,211,311.76,9
739,1326,211,296.44,10
740,1328,211,295.26,8
741,1330,211,472.68,1
742,1331,211,224.88,1
743,1335,212,274.55,7
744,1336,212,155.76,5
745,1337,212,410.98,2
746,1338,212,350.83,3
747,1343,213,476.46,5
748,1346,213,262.43,12
749,1347,213,248.48,12
750,1348,213,215.17,3
751,1350,214,361.01,4
752,1351,214,288.49,3
753,1352,214,347.01,3
754,1353,215,281.83,10
755,1355,215,449.5,5
756,1356,216,433.85,11
757,1357,216,327.75,2
758,1361,216,414.79,9
759,1362,216,308.09,11
760,1363,216,315.88,3
761,1364,216,125.22,5
762,1365,216,365.63,7
763,1366,216,322.06,6
764,1368,216,399.22,3
765,1370,216,384.28,6
766,1376,218,252.61,12
767,1378,218,302.71,12
768,1379,218,276.98,10
769,1380,218,414.02,10
770,1381,218,461.61,6
771,1382,218,391.87,7
772,1383,218,498.7,7
773,1386,218,367.15,10
774,1387,219,232.29,4
775,1393,219,195.11,3
776,1399,221,237.21,1
777,1401,222,279.18,10
778,1404,222,259.03,10
779,1407,222,324.89,12
780,1409,222,303.74,11
781,1413,223,326.72,9
782,1415,224,539.74,12
783,1417,224,398.83,3
784,1418,224,344.26,9
785,1419,224,415.57,9
786,1420,224,247.39,5
787,1423,224,243.54,7
788,1425,225,402.47,12
789,1427,225,319.96,6
790,1428,226,331.04,12
791,1433,226,217.14,12
792,1434,226,277.35,3
793,1436,227,283.14,12
794,1440,228,276.71,1
795,1443,228,513.05,5
796,1444,228,510.88,6
797,1446,228,422.45,3
798,1447,228,328.69,12
799,1448,228,267.15,1
800,1449,229,226.88,8
801,1450,229,350.75,4
802,1451,229,434.64,11
803,1456,230,390.03,11
804,1458,230,329.17,11
805,1463,231,380.11,12
806,1464,231,318.3,6
807,1465,231,295.01,2
808,1466,232,228.77,5
809,1467,232,290.36,10
810,1469,232,347.32,11
811,1471,232,282.49,8
812,1472,232,217.11,7
813,1475,233,330.32,8
814,1476,233,347.33,11
815,1477,233,286.78,4
816,1478,234,318.02,10
817,1479,234,92.24,7
818,1480,234,386.76,5
819,1484,235,345.95,9
820,1486,235,447.38,12
821,1487,235,300.83,4
822,1488,235,386.05,8
823,1489,236,426.06,12
824,1490,236,322.22,6
825,1493,236,350.99,1
826,1498,237,332.84,12
827,1500,237,176.09,4
828,1502,237,354.83,12
829,1504,237,235.28,3
830,1506,237,242.75,1
831,1510,238,367.18,12
832,1511,238,436.38,4
833,1512,238,390.27,2
834,1513,238,372.39,4
835,1516,238,350.38,7
836,1517,238,398.19,1
837,1518,239,471.58,11
838,1519,239,268.08,3
839,1520,239,271.04,11
840,1521,239,385.8,3
841,1522,239,166.55,5
842,1523,240,311.1,9
843,1524,240,343.5,3
844,1528,240,271.16,3
845,1529,240,147.42,1
846,1531,240,444.69,6
847,1532,241,266.03,8
848,1536,241,270.05,12
849,1539,241,439.55,10
850,1542,242,54.2,9
851,1543,242,456.01,5
852,1545,242,520.35,9
853,1547,242,239.95,1
854,1549,242,275.96,7
855,1554,243,363.94,10
856,1555,243,342.56,4
857,1556,243,408.62,2
858,1559,244,364.8,12
859,1560,244,394.74,6
860,1561,245,629.48,4
861,1562,245,176.52,11
862,1563,245,440.82,9
863,1568,245,453.14,9
864,1572,246,221.18,3
865,1574,246,248.11,11
866,1575,246,365.18,1
867,1578,246,207.52,2
868,1580,246,264.7,3
869,1582,247,341.53,5
870,1583,247,258.47,3
871,1585,247,299.52,7
872,1586,248,241.96,11
873,1589,248,235.19,4
874,1590,248,362.44,3
875,1591,248,310.89,7
876,1593,248,331.1,4
877,1596,248,383.37,8
878,1598,249,336.54,9
879,1599,249,289.84,9
880,1601,250,240.76,3
881,1603,250,360.41,5
882,1604,250,499.49,4
883,1605,250,399.24,1
884,1607,250,184.55,1
885,1608,250,137.79,8
886,1610,251,253.84,3
887,1611,251,181.65,4
888,1612,251,204.37,4
889,1613,251,106.2,11
890,1617,251,340.98,4
891,1619,252,215.75,11
892,1620,252,214.87,10
893,1621,252,260.28,3
894,1624,252,262.17,4
895,1625,252,296.39,7
896,1626,252,193.95,11
897,1627,253,408.65,3
898,1629,253,345.11,11
899,1632,254,357.25,5
900,1633,254,280.4,1
901,1635,254,416.7,1
902,1638,255,363.98,11
903,1639,255,337.14,11
904,1640,255,409.84,7
905,1642,255,169.66,7
906,1643,255,337.46,5
907,1646,255,259.76,9
908,1647,256,254.63,9
909,1648,256,391.93,3
910,1650,256,443.47,1
911,1651,256,434.52,6
912,1652,256,320.61,12
913,1653,256,290.86,7
914,1654,256,431.68,8
915,1655,256,231.63,3
916,1658,257,472.73,10
917,1660,257,285.26,10
918,1662,257,315.53,8
919,1665,259,272.01,6
920,1667,259,323.14,2
921,1668,259,238.03,12
922,1669,259,286.48,11
923,1671,260,333.83,8
924,1674,261,310.43,9
925,1675,261,95.97,9
926,1677,261,542.66,11
927,1679,261,462.35,4
928,1680,261,215.15,4
929,1681,261,264.06,3
930,1683,261,304.55,4
931,1684,261,379.82,1
932,1685,261,362.51,12
933,1686,262,221.1,10
934,1687,262,530.82,11
935,1688,262,284.31,7
936,1689,262,482.44,9
937,1691,262,265.63,8
938,1692,262,415.11,12
939,1696,263,353.81,1
940,1698,263,243.0,12
941,1699,263,372.89,11
942,1701,263,336.49,8
943,1703,263,402.99,1
944,1705,263,250.19,9
945,1706,264,312.45,1
946,1709,264,392.8,12
947,1710,264,155.5,3
948,1711,264,216.12,1
949,1716,265,323.63,3
950,1717,266,336.2,9
951,1720,266,311.4,2
952,1721,266,391.85,3
953,1724,266,310.98,2
954,1725,266,412.03,7
955,1726,266,349.11,12
956,1727,266,219.39,7
957,1728,266,334.55,7
958,1730,266,312.94,4
959,1733,267,259.6,10
960,1734,267,183.45,5
961,1735,267,213.81,4
962,1736,267,243.69,4
963,1737,267,415.29,1
964,1738,268,290.76,8
965,1739,268,429.99,3
966,1741,268,228.0,4
967,1744,269,256.46,2
968,1745,269,269.39,10
969,1749,271,293.78,7
970,1750,271,341.63,5
971,1753,272,376.41,8
972,1758,273,433.01,8
973,1759,273,122.06,9
974,1763,273,502.16,1
975,1765,273,224.52,8
976,1767,274,329.02,12
977,1768,274,406.46,9
978,1769,274,377.8,3
979,1771,274,420.84,7
980,1772,274,411.61,12
981,1774,275,357.53,6
982,1779,275,387.52,6
983,1780,275,208.59,5
984,1781,275,256.09,2
985,1782,275,232.36,5
986,1783,275,106.67,11
987,1784,275,235.48,2
988,1785,276,226.88,7
989,1786,276,236.19,1
990,1788,276,380.09,10
991,1789,277,251.01,2
992,1790,277,396.03,4
993,1791,277,178.94,1
994,1794,277,261.19,10
995,1796,278,284.86,7
996,1797,278,426.75,5
997,1799,278,325.53,5
998,1801,278,346.24,5
999,1802,278,221.25,8
1000,1803,279,396.63,9
1001,1804,279,314.7,4
1002,1806,280,162.19,1
1003,1807,280,383.05,5
1004,1808,280,346.25,2
1005,1809,280,289.04,12
1006,1810,280,288.95,5
1007,1811,280,223.66,9
1008,1813,280,424.28,6
1009,1815,280,385.43,7
1010,1816,280,224.74,12
1011,1817,280,324.56,3
1012,1818,280,256.17,1
1013,1819,280,205.21,9
1014,1820,280,459.99,7
1015,1821,281,288.16,4
1016,1822,281,244.31,6
1017,1823,282,212.88,10
1018,1826,283,298.27,5
1019,1827,283,129.19,5
1020,1828,283,306.29,12
1021,1829,283,428.98,9
1022,1830,283,403.46,11
1023,1831,284,363.37,10
1024,1832,284,536.45,9
1025,1834,284,343.06,9
1026,1835,284,237.98,5
1027,1837,284,395.12,10
1028,1839,285,332.13,4
1029,1842,286,323.59,8
1030,1844,286,346.62,9
1031,1845,286,284.35,9
1032,1850,287,488.22,3
1033,1852,287,173.47,9
1034,1854,288,393.45,6
1035,1860,288,331.98,5
1036,1861,288,360.98,12
1037,1865,289,285.78,1
1038,1866,289,456.26,5
1039,1867,289,399.6,8
1040,1868,289,250.69,10
1041,1869,289,420.76,7
1042,1870,290,347.02,12
1043,1871,290,267.48,7
1044,1873,291,167.67,4
1045,1877,291,389.19,9
1046,1878,291,254.83,7
1047,1879,291,367.4,7
1048,1880,291,451.56,11
1049,1883,291,246.99,4
1050,1884,292,441.02,6
1051,1886,293,216.6,10
1052,1887,294,453.47,1
1053,1889,294,483.86,6
1054,1890,294,400.98,4
1055,1892,295,359.46,12
1056,1893,295,400.14,10
1057,1900,296,289.69,9
1058,1901,296,200.5,12
1059,1904,297,253.41,9
1060,1905,298,525.96,12
1061,1906,298,215.2,4
1062,1910,298,406.33,6
1063,1912,298,310.01,11
1064,1913,298,287.86,10
1065,1915,299,472.01,3
1066,1918,300,328.35,6
1067,1922,301,403.94,12
1068,1924,301,535.91,8
1069,1929,303,301.18,9
1070,1930,303,362.62,8
1071,1932,303,383.41,7
1072,1933,303,290.99,12
1073,1935,303,364.28,11
1074,1936,304,421.52,3
1075,1937,304,390.43,10
1076,1938,304,330.53,8
1077,1939,304,60.5,7
1078,1940,304,189.85,3
1079,1943,305,485.11,7
1080,1944,305,234.07,2
1081,1945,305,425.1,1
1082,1946,305,209.65,1
1083,1947,305,233.29,4
1084,1948,305,381.2,2
1085,1949,305,459.88,9
1086,1952,306,378.56,5
1087,1953,306,352.09,3
1088,1955,306,197.54,1
1089,1956,307,128.49,12
1090,1957,307,281.08,8
1091,1958,307,333.91,8
1092,1960,308,315.34,5
1093,1962,308,518.97,10
1094,1963,308,181.21,6
1095,1964,308,292.58,5
1096,1965,308,470.33,12
1097,1966,309,378.57,12
1098,1967,309,221.52,3
1099,1968,309,120.64,10
1100,1969,309,284.65,11
1101,1970,310,228.95,4
1102,1971,310,279.95,10
1103,1972,310,525.86,10
1104,1973,310,228.87,11
1105,1974,310,261.79,2
1106,1977,311,402.22,11
1107,1978,312,346.49,12
1108,1979,312,454.89,3
1109,1980,312,393.68,7
1110,1982,312,257.88,6
1111,1985,313,366.32,6
1112,1986,313,330.48,5
1113,1987,313,161.59,1
1114,1988,313,514.59,3
1115,1989,313,224.59,3
1116,1991,313,310.32,2
1117,1992,314,277.52,4
1118,1993,314,330.51,7
1119,1997,314,337.38,8
1120,1998,314,372.07,6
1121,2000,314,277.19,11
1122,2001,315,417.4,1
1123,2002,315,258.9,3
1124,2004,316,272.14,12
1125,2006,316,165.19,11
1126,2007,316,340.69,9
1127,2008,316,456.8,8
1128,2009,316,297.67,7
1129,2012,317,478.85,4
1130,2013,317,221.88,2
1131,2014,317,197.81,10
1132,2017,317,444.97,5
1133,2018,317,304.78,6
1134,2019,317,232.32,2
1135,2020,317,343.66,9
1136,2021,317,349.94,8
1137,2022,317,405.07,9
1138,2024,317,290.22,3
1139,2027,318,197.95,5
1140,2029,318,295.38,9
1141,2030,318,318.23,7
1142,2032,318,421.38,9
1143,2034,319,184.23,1
1144,2038,319,286.11,9
1145,2039,320,346.4,7
1146,2040,320,459.1,5
1147,2041,320,259.8,4
1148,2044,320,246.79,4
1149,2046,320,379.85,6
1150,2047,321,115.05,12
1151,2048,321,269.0,5
1152,2049,322,373.16,12
1153,2051,323,351.75,6
1154,2052,323,338.2,2
1155,2055,323,172.39,5
1156,2057,323,205.23,3
1157,2059,323,440.84,5
1158,2062,323,311.51,9
1159,2063,324,300.34,4
1160,2064,324,248.94,10
1161,2066,324,321.67,10
1162,2067,324,276.05,11
1163,2068,324,397.12,11
1164,2069,324,225.16,7
1165,2071,324,395.14,10
1166,2075,324,467.99,5
1167,2077,325,375.61,9
1168,2078,325,208.94,6
1169,2079,325,393.9,11
1170,2080,325,275.93,6
1171,2082,326,272.9,7
1172,2083,326,332.17,5
1173,2084,326,297.75,12
1174,2087,326,278.24,9
1175,2088,326,381.74,9
1176,2089,326,330.4,10
1177,2092,326,147.94,8
1178,2093,326,412.08,2
1179,2094,327,427.91,1
1180,2096,327,374.13,3
1181,2097,327,379.44,3
1182,2098,327,299.99,4
1183,2101,327,212.33,11
1184,2102,327,335.99,8
1185,2105,327,459.33,2
1186,2111,329,344.55,3
1187,2112,329,469.54,9
1188,2114,329,473.9,5
1189,2115,329,316.76,1
1190,2116,329,278.26,12
1191,2117,329,281.38,11
1192,2120,330,308.62,6
1193,2121,330,232.34,7
1194,2124,330,370.12,1
1195,2125,330,406.11,8
1196,2127,330,153.45,4
1197,2128,331,480.57,8
1198,2130,331,272.48,10
1199,2131,331,293.42,10
1200,2132,331,347.7,4
1201,2135,334,244.54,12
1202,2138,335,266.82,3
1203,2141,336,245.22,4
1204,2142,336,319.86,6
1205,2144,336,267.67,4
1206,2145,336,353.93,3
1207,2147,336,201.58,5
1208,2149,337,359.98,2
1209,2151,337,218.57,2
1210,2152,337,410.98,5
1211,2153,337,393.15,11
1212,2154,337,127.46,3
1213,2155,338,395.82,12
1214,2156,338,85.07,4
1215,2157,338,214.54,7
1216,2158,338,412.98,11
1217,2160,338,271.29,9
1218,2162,339,460.46,3
1219,2165,339,383.71,3
1220,2166,340,281.37,8
1221,2168,340,268.39,1
1222,2169,340,455.3,3
1223,2170,340,276.89,10
1224,2171,341,152.58,8
1225,2172,341,236.46,2
1226,2173,341,331.1,4
1227,2175,342,249.31,8
1228,2177,342,535.14,10
1229,2179,342,261.78,3
1230,2181,342,263.83,1
1231,2183,343,231.33,8
1232,2185,343,399.32,3
1233,2186,343,294.89,11
1234,2187,343,393.25,2
1235,2188,343,423.93,6
1236,2191,344,352.7,11
1237,2192,345,347.77,8
1238,2194,345,211.95,8
1239,2195,345,183.7,11
1240,2197,346,185.34,4
1241,2199,346,326.52,2
1242,2201,346,527.4,5
1243,2202,346,268.99,1
1244,2203,346,412.24,3
1245,2204,347,367.28,10
1246,2207,348,323.05,5
1247,2208,348,298.11,12
1248,2210,348,281.28,1
1249,2211,349,279.62,8
1250,2212,349,374.48,2
1251,2214,349,397.45,3
1252,2215,349,281.84,2
1253,2216,349,280.6,11
1254,2220,349,267.6,9
1255,2222,350,410.01,11
1256,2223,350,399.13,11
1257,2226,350,452.88,6
1258,2229,352,246.94,8
1259,2230,353,264.41,7
1260,2231,353,468.9,9
1261,2232,353,439.15,2
1262,2233,353,230.83,8
1263,2234,353,239.47,2
1264,2235,353,342.8,11
1265,2237,353,431.76,9
1266,2238,353,238.62,4
1267,2239,354,327.82,8
1268,2240,354,418.03,1
1269,2241,354,301.74,2
1270,2242,354,313.13,8
1271,2244,354,447.92,10
1272,2246,354,282.41,8
1273,2248,355,434.12,11
1274,2249,355,306.53,6
1275,2250,355,222.31,10
1276,2251,355,370.1,12
1277,2252,355,264.53,2
1278,2254,355,214.62,7
1279,2256,356,496.83,8
1280,2258,356,357.74,11
1281,2261,356,291.29,3
1282,2262,356,292.93,6
1283,2263,356,457.77,8
1284,2264,356,464.46,1
1285,2266,357,270.96,6
1286,2267,357,343.81,10
1287,2268,357,286.95,5
1288,2270,357,389.11,6
1289,2272,357,288.15,5
1290,2273,357,146.11,6
1291,2275,358,227.18,1
1292,2276,358,413.76,6
1293,2277,358,255.21,10
1294,2278,358,390.68,2
1295,2279,358,353.43,2
1296,2280,358,255.88,8
1297,2282,359,306.06,5
1298,2285,359,263.72,1
1299,2287,359,285.77,12
1300,2288,359,159.34,4
1301,2293,360,309.66,12
1302,2295,360,267.92,7
1303,2298,361,326.89,7
1304,2301,362,367.43,1
1305,2302,362,375.86,3
1306,2303,362,268.93,1
1307,2304,362,262.02,11
1308,2305,362,306.36,11
1309,2309,363,418.45,8
1310,2310,363,273.73,10
1311,2311,363,258.42,10
1312,2314,363,220.94,6
1313,2315,363,365.68,4
1314,2316,363,293.78,9
1315,2318,364,229.51,1
1316,2319,364,248.28,1
1317,2320,364,380.22,5
1318,2322,364,332.96,11
1319,2324,364,259.77,2
1320,2325,364,371.69,5
1321,2327,365,413.15,10
1322,2328,366,379.05,5
1323,2329,366,338.61,1
1324,2330,366,470.96,9
1325,2334,366,439.19,4
1326,2335,366,325.63,2
1327,2336,366,410.83,1
1328,2338,367,378.61,1
1329,2339,367,271.97,10
1330,2340,367,464.04,10
1331,2341,367,471.85,4
1332,2342,367,427.81,11
1333,2343,367,376.73,8
1334,2344,367,405.11,1
1335,2345,367,289.87,1
1336,2346,367,418.6,9
1337,2348,368,203.91,4
1338,2352,368,290.66,10
1339,2362,370,94.28,9
1340,2363,370,356.02,5
1341,2365,370,412.67,10
1342,2367,371,468.43,4
1343,2368,371,300.64,3
1344,2369,371,340.86,4
1345,2372,372,318.7,8
1346,2373,372,482.77,3
1347,2374,372,349.87,12
1348,2375,372,486.9,5
1349,2381,373,432.05,7
1350,2383,373,387.76,4
1351,2388,373,269.9,3
1352,2391,373,222.47,10
1353,2395,374,328.02,5
1354,2397,374,328.77,8
1355,2398,375,215.27,8
1356,2405,375,417.43,11
1357,2406,375,336.55,2
1358,2407,375,372.87,2
1359,2409,375,472.89,2
1360,2412,375,250.13,10
1361,2414,375,132.55,2
1362,2415,376,267.25,3
1363,2419,376,475.7,1
1364,2420,376,320.76,8
1365,2421,377,302.93,8
1366,2422,378,273.5,11
1367,2424,378,319.42,12
1368,2425,378,268.65,1
1369,2426,378,275.73,2
1370,2427,378,414.16,3
1371,2428,378,553.18,6
1372,2429,378,244.17,12
1373,2430,378,271.75,2
1374,2433,379,269.8,2
1375,2434,379,463.19,1
1376,2435,379,388.26,5
1377,2436,379,296.86,10
1378,2437,379,274.78,4
1379,2438,380,460.63,10
1380,2440,380,323.7,10
1381,2441,380,316.48,4
1382,2443,380,125.55,10
1383,2446,380,391.62,7
1384,2447,381,319.35,4
1385,2449,382,329.61,6
1386,2451,382,329.27,9
1387,2452,382,404.61,10
1388,2454,382,119.07,9
1389,2456,382,212.32,11
1390,2457,382,496.29,4
1391,2461,383,209.61,12
1392,2465,384,251.33,9
1393,2466,384,432.58,8
1394,2468,384,324.52,4
1395,2470,384,325.34,6
1396,2472,385,463.15,9
1397,2473,385,268.27,8
1398,2474,385,271.72,8
1399,2478,385,388.45,7
1400,2479,385,334.37,8
1401,2482,385,412.54,11
1402,2483,386,261.98,5
1403,2487,386,337.93,10
1404,2489,387,313.42,1
1405,2490,387,284.79,1
1406,2492,387,204.6,11
1407,2493,387,282.13,2
1408,2495,387,271.5,12
1409,2496,388,432.77,11
1410,2499,389,371.05,12
1411,2500,389,359.99,3
1412,2502,389,303.62,11
1413,2506,390,239.73,6
1414,2509,390,340.04,1
1415,2513,391,447.63,7
1416,2514,391,242.74,12
1417,2515,391,360.84,3
1418,2516,391,279.21,1
1419,2519,391,319.5,5
1420,2520,391,305.99,1
1421,2524,392,360.48,8
1422,2526,393,305.95,6
1423,2529,393,274.72,8
1424,2530,394,178.08,1
1425,2532,394,339.81,9
1426,2533,394,374.95,5
1427,2534,394,325.63,6
1428,2535,394,313.44,8
1429,2537,395,453.8,2
1430,2539,395,465.89,2
1431,2540,395,416.44,5
1432,2544,395,350.13,8
1433,2545,395,328.73,10
1434,2546,395,225.18,3
1435,2549,395,148.47,6
1436,2550,395,443.38,7
1437,2551,395,330.27,3
1438,2556,396,625.26,12
1439,2558,396,267.46,7
1440,2559,396,358.43,9
1441,2560,397,411.98,5
1442,2562,397,261.24,8
1443,2563,397,295.73,12
1444,2564,397,302.51,4
1445,2565,397,283.38,9
1446,2566,397,355.9,4
1447,2567,397,324.94,1
1448,2569,398,136.71,9
1449,2571,398,329.92,9
1450,2574,398,353.65,7
1451,2577,398,316.34,3
1452,2581,398,468.22,12
1453,2583,398,351.32,6
1454,2586,399,322.12,10
1455,2588,399,401.85,10
1456,2589,399,523.98,6
1457,2591,399,307.1,8
1458,2592,400,414.83,11
1459,2593,400,485.5,4
1460,2594,400,299.23,7
1461,2595,400,214.47,5
1462,2596,400,359.45,7
1463,2597,400,441.26,8
1464,2598,400,294.32,7
1465,2600,400,418.61,1
1466,2601,401,242.66,3
1467,2602,401,297.77,4
1468,2603,402,311.68,9
1469,2606,402,307.47,3
1470,2608,402,242.64,1
1471,2609,402,289.81,12
1472,2611,402,142.95,5
1473,2613,403,382.37,3
1474,2615,403,323.25,6
1475,2620,403,423.48,1
1476,2622,404,311.94,9
1477,2624,404,158.15,12
1478,2625,404,348.71,5
1479,2627,404,260.4,12
1480,2628,404,416.21,5
1481,2631,404,300.95,12
1482,2632,405,501.37,7
1483,2633,405,239.52,9
1484,2635,406,342.16,2
1485,2637,406,373.88,10
1486,2639,406,290.27,9
1487,2640,406,200.03,1
1488,2642,407,301.98,9
1489,2643,407,156.29,1
1490,2651,407,257.14,6
1491,2652,407,303.97,4
1492,2658,408,410.08,2
1493,2660,408,345.17,11
1494,2661,408,283.64,8
1495,2664,409,278.09,9
1496,2665,409,270.42,6
1497,2668,409,402.76,1
1498,2669,409,186.39,11
1499,2670,410,243.78,9
1500,2671,410,185.95,11
1501,2673,411,372.71,9
1502,2675,412,456.28,7
1503,2676,412,371.66,9
1504,2677,412,378.16,2
1505,2679,413,272.73,5
1506,2681,413,363.91,6
1507,2682,413,252.41,2
1508,2683,413,268.25,6
1509,2684,413,316.61,4
1510,2686,413,323.8,3
1511,2689,415,481.31,10
1512,2690,415,397.99,3
1513,2692,415,330.42,5
1514,2693,415,473.85,6
1515,2694,415,536.3,10
1516,2695,415,321.8,10
1517,2696,415,354.46,6
1518,2697,416,208.53,12
1519,2700,416,334.87,1
1520,2701,416,258.97,4
1521,2705,417,150.24,5
1522,2710,418,409.07,11
1523,2711,418,329.57,5
1524,2713,419,241.78,8
1525,2718,419,155.53,3
1526,2720,419,265.21,8
1527,2722,420,259.33,7
1528,2723,420,310.05,12
1529,2724,420,163.12,4
1530,2725,420,358.65,7
1531,2726,420,377.73,8
1532,2727,420,202.82,10
1533,2728,420,167.47,10
1534,2731,420,411.3,5
1535,2732,420,306.59,11
1536,2738,421,377.57,12
1537,2740,422,329.94,2
1538,2741,422,312.06,10
1539,2742,422,413.14,11
1540,2745,422,395.64,4
1541,2751,423,354.62,1
1542,2752,423,360.79,11
1543,2755,423,280.93,4
1544,2757,423,369.89,10
1545,2759,424,459.81,9
1546,2760,424,412.15,2
1547,2761,424,151.5,12
1548,2762,424,360.66,7
1549,2763,425,368.06,2
1550,2765,425,421.95,5
1551,2769,425,431.42,3
1552,2770,425,364.61,10
1553,2773,426,208.52,4
1554,2775,426,309.84,8
1555,2776,426,248.57,3
1556,2777,426,215.07,3
1557,2778,426,445.72,9
1558,2782,427,278.24,5
1559,2783,427,499.04,6
1560,2784,427,285.38,10
1561,2785,428,255.72,7
1562,2786,428,374.16,4
1563,2787,428,312.93,7
1564,2790,429,344.99,9
1565,2791,429,271.47,8
1566,2793,429,271.46,5
1567,2795,429,275.96,7
1568,2798,429,226.2,3
1569,2801,431,406.97,8
1570,2802,431,338.52,11
1571,2804,431,333.81,3
1572,2805,431,379.95,8
1573,2807,431,352.13,1
1574,2808,431,523.77,3
1575,2811,432,358.39,6
1576,2817,432,135.35,12
1577,2819,433,275.55,10
1578,2822,433,236.09,12
1579,2823,433,362.09,9
1580,2825,434,282.79,6
1581,2826,434,365.1,4
1582,2827,435,258.46,10
1583,2828,435,337.47,10
1584,2832,435,272.57,12
1585,2833,435,289.45,7
1586,2841,437,340.31,11
1587,2844,437,360.62,3
1588,2849,437,448.58,4
1589,2851,437,421.81,6
1590,2852,437,404.89,1
1591,2853,438,358.86,7
1592,2854,439,276.07,5
1593,2855,439,375.98,9
1594,2856,439,427.46,6
1595,2858,439,427.52,7
1596,2859,439,321.45,5
1597,2860,439,289.07,10
1598,2863,440,391.28,11
1599,2864,440,100.8,9
1600,2865,441,463.7,1
1601,2866,441,430.52,5
1602,2867,441,294.77,11
1603,2868,441,290.18,3
1604,2869,442,506.84,2
1605,2870,442,226.89,1
1606,2871,442,296.42,9
1607,2872,442,477.69,6
1608,2875,443,223.42,11
1609,2877,443,334.55,9
1610,2878,444,298.5,8
1611,2887,446,505.44,4
1612,2888,446,271.12,6
1613,2893,447,197.89,12
1614,2894,447,341.78,10
1615,2895,447,271.13,4
1616,2898,448,373.75,1
1617,2899,449,359.04,9
1618,2900,449,214.73,8
1619,2901,449,485.59,5
1620,2903,449,265.04,4
1621,2908,451,274.65,10
1622,2909,451,371.99,10
1623,2910,452,466.96,4
1624,2912,452,204.26,11
1625,2915,453,278.39,12
1626,2917,453,406.13,3
1627,2919,453,268.46,8
1628,2921,454,334.16,3
1629,2925,455,282.77,5
1630,2930,455,364.53,4
1631,2932,455,207.69,12
1632,2933,456,348.49,9
1633,2934,457,363.7,8
1634,2936,457,381.29,9
1635,2937,457,272.81,4
1636,2938,457,450.31,4
1637,2939,457,131.06,9
1638,2940,457,260.31,9
1639,2942,457,539.96,4
1640,2943,457,322.6,2
1641,2947,458,421.24,3
1642,2948,458,337.06,1
1643,2949,458,476.45,4
1644,2950,458,302.7,11
1645,2952,459,340.14,9
1646,2954,459,398.71,1
1647,2955,459,457.96,1
1648,2956,459,153.94,5
1649,2959,459,366.65,4
1650,2960,459,243.25,12
1651,2961,459,315.05,10
1652,2963,461,271.78,7
1653,2964,461,118.29,2
1654,2965,461,415.2,9
1655,2966,461,201.91,5
1656,2969,461,313.76,4
1657,2971,461,310.35,3
1658,2972,461,248.42,8
1659,2973,461,377.49,8
1660,2974,461,287.11,10
1661,2976,462,255.61,2
1662,2978,462,189.02,3
1663,2980,462,236.74,7
1664,2981,462,358.03,11
1665,2982,462,140.12,10
1666,2984,462,471.02,9
1667,2985,462,306.32,12
1668,2987,462,241.91,6
1669,2988,463,373.56,11
1670,2990,463,282.38,10
1671,2992,464,400.1,7
1672,2994,464,224.37,9
1673,2995,464,230.9,4
1674,2996,464,373.62,4
1675,2998,464,427.84,11
1676,3003,466,337.59,1
1677,3005,466,340.77,10
1678,3007,466,244.93,8
1679,3010,467,273.6,9
1680,3012,467,260.85,4
1681,3013,467,436.58,2
1682,3015,468,445.16,8
1683,3018,469,366.84,11
1684,3019,469,500.98,7
1685,3024,470,375.64,8
1686,3025,470,426.44,12
1687,3026,470,300.3,11
1688,3029,471,305.83,1
1689,3031,471,305.92,6
1690,3032,471,235.72,5
1691,3033,471,280.32,8
1692,3034,472,349.61,8
1693,3036,472,266.09,9
1694,3037,472,370.07,2
1695,3038,472,253.34,4
1696,3039,472,249.2,8
1697,3041,472,321.15,9
1698,3043,473,136.19,10
1699,3044,473,417.13,7
1700,3045,474,383.55,2
1701,3047,474,393.45,7
1702,3048,474,386.95,3
1703,3050,474,309.68,3
1704,3051,474,341.96,3
1705,3052,475,355.08,11
1706,3053,475,189.4,12
1707,3054,475,338.15,12
1708,3055,475,286.06,5
1709,3057,475,486.22,2
1710,3058,475,302.75,8
1711,3059,475,308.68,5
1712,3060,475,210.15,9
1713,3061,475,284.8,6
1714,3062,475,129.72,11
1715,3063,475,487.32,8
1716,3064,476,372.53,2
1717,3068,476,286.97,1
1718,3070,477,365.37,6
1719,3071,477,233.54,8
1720,3072,477,303.66,5
1721,3073,477,220.24,11
1722,3074,477,182.23,7
1723,3075,478,388.79,5
1724,3076,478,310.54,11
1725,3079,478,164.38,1
1726,3080,478,245.5,8
1727,3081,478,437.48,3
1728,3082,478,254.88,1
1729,3083,479,375.98,10
1730,3086,480,253.75,11
1731,3088,480,341.93,11
1732,3089,480,367.2,4
1733,3090,480,260.49,1
1734,3091,480,307.96,10
1735,3093,480,347.73,7
1736,3096,480,268.9,2
1737,3099,481,301.16,1
1738,3103,481,235.07,12
1739,3105,481,329.42,5
1740,3106,481,416.85,3
1741,3108,482,215.29,5
1742,3111,482,256.48,12
1743,3112,482,136.05,12
1744,3113,482,366.06,9
1745,3117,483,176.06,8
1746,3118,483,365.21,2
1747,3120,484,371.34,8
1748,3123,485,401.89,12
1749,3124,485,353.19,10
1750,3125,485,184.17,4
1751,3128,485,308.09,8
1752,3129,485,337.63,12
1753,3130,485,367.95,6
1754,3131,485,371.36,2
1755,3133,486,281.54,9
1756,3134,486,310.24,1
1757,3135,486,311.12,3
1758,3136,486,206.05,12
1759,3138,486,232.99,12
1760,3139,486,313.51,4
1761,3142,487,244.57,9
1762,3143,488,188.35,11
1763,3145,488,183.28,10
1764,3146,489,382.55,12
1765,3148,490,351.92,6
1766,3149,491,333.33,1
1767,3158,492,290.56,9
1768,3159,492,267.63,6
1769,3161,493,138.54,8
1770,3162,493,373.44,2
1771,3164,493,283.38,12
1772,3165,493,375.94,1
1773,3166,493,235.6,11
1774,3167,493,468.28,2
1775,3171,493,336.87,12
1776,3172,494,309.12,9
1777,3174,494,228.25,3
1778,3180,494,334.87,4
1779,3182,494,375.49,4
1780,3187,495,118.31,7
1781,3189,495,307.86,2
1782,3191,495,309.32,6
1783,3194,496,360.62,1
1784,3197,496,169.03,11
1785,3199,497,392.01,12
1786,3200,497,386.31,8
1787,3201,497,389.74,12
1788,3204,497,260.46,5
1789,3205,497,421.01,8
1790,3206,497,246.84,11
1791,3207,497,129.79,10
1792,3208,497,347.98,9
1793,3211,498,314.49,3
1794,3212,499,429.8,2
1795,3213,499,226.91,10
1796,3216,500,288.9,2
1797,3220,500,280.78,2
1798,3221,500,392.3,4
1799,3222,500,222.41,3
1800,3224,500,434.6,5
1801,3225,500,253.81,10
1802,3226,501,280.16,1
1803,3227,501,323.77,11
1804,3229,501,228.69,5
1805,3234,503,355.24,5
1806,3235,503,343.65,3
1807,3236,503,264.23,4
1808,3239,504,345.66,8
1809,3240,504,348.17,7
1810,3242,504,371.41,9
1811,3245,505,419.11,5
1812,3248,505,357.54,8
1813,3249,505,363.64,10
1814,3250,505,220.7,5
1815,3252,506,181.98,3
1816,3258,506,270.24,7
1817,3260,506,349.47,7
1818,3261,507,357.37,10
1819,3262,507,92.69,5
1820,3265,508,331.87,4
1821,3267,508,421.34,2
1822,3269,508,523.36,12
1823,3270,509,449.71,4
1824,3271,509,273.07,4
1825,3273,509,267.81,5
1826,3277,510,364.26,4
1827,3280,512,392.8,4
1828,3281,512,421.1,11
1829,3283,512,373.78,2
1830,3284,512,209.74,10
1831,3288,513,194.75,11
1832,3289,513,451.31,5
1833,3290,513,305.13,3
1834,3293,514,232.82,11
1835,3294,514,218.09,5
1836,3296,514,271.13,10
1837,3299,515,463.45,4
1838,3302,515,298.09,10
1839,3303,515,385.08,6
1840,3304,515,351.47,8
1841,3305,515,314.76,7
1842,3307,515,142.33,11
1843,3309,515,395.32,9
1844,3311,516,253.12,7
1845,3313,516,170.96,12
1846,3314,516,153.8,6
1847,3315,516,372.99,7
1848,3318,516,392.55,10
1849,3319,517,114.34,6
1850,3320,517,273.0,6
1851,3321,518,352.74,5
1852,3322,518,333.94,9
1853,3324,518,273.71,9
1854,3326,519,312.43,12
1855,3327,519,405.21,11
1856,3328,519,359.33,6
1857,3329,519,378.24,9
1858,3331,520,280.68,2
1859,3332,520,205.48,5
1860,3333,520,341.86,5
1861,3334,521,392.03,8
1862,3336,521,259.01,11
1863,3339,521,340.98,8
1864,3340,521,319.74,3
1865,3342,521,170.37,4
1866,3343,522,305.79,2
1867,3345,522,335.68,9
1868,3347,522,278.16,9
1869,3349,522,418.32,8
1870,3350,522,207.83,8
1871,3351,522,513.61,10
1872,3353,523,319.66,7
1873,3354,523,302.73,1
1874,3355,523,402.37,1
1875,3356,523,185.38,6
1876,3357,523,524.92,5
1877,3358,523,258.6,4
1878,3359,523,399.84,1
1879,3361,524,320.2,8
1880,3363,525,228.38,10
1881,3364,525,411.67,1
1882,3365,526,367.62,7
1883,3368,526,594.54,6
1884,3370,527,354.85,9
1885,3373,527,262.98,6
1886,3379,527,153.05,2
1887,3381,528,253.05,11
1888,3382,528,343.06,6
1889,3383,528,286.36,11
1890,3384,528,388.69,4
1891,3385,528,352.62,7
1892,3387,528,207.75,1
1893,3390,528,283.17,12
1894,3391,528,242.1,11
1895,3392,528,351.03,3
1896,3394,529,358.8,9
1897,3395,529,265.89,12
1898,3396,529,172.41,6
1899,3397,529,573.1,2
1900,3401,529,349.03,5
1901,3403,530,348.82,7
1902,3405,530,151.3,2
1903,3406,530,385.16,3
1904,3407,530,415.73,6
1905,3412,530,350.44,12
1906,3415,531,332.06,1
1907,3419,531,332.25,11
1908,3421,531,240.06,3
1909,3422,531,257.3,4
1910,3428,532,299.29,2
1911,3430,532,418.97,8
1912,3431,532,344.07,6
1913,3433,533,253.27,11
1914,3434,533,261.78,1
1915,3435,533,125.41,2
1916,3436,533,360.48,3
1917,3437,533,301.12,5
1918,3439,533,336.82,1
1919,3442,534,592.79,11
1920,3443,535,279.74,1
1921,3444,535,339.3,8
1922,3446,536,263.19,4
1923,3447,537,304.95,8
1924,3449,537,232.38,12
1925,3451,538,221.14,12
1926,3453,538,157.59,5
1927,3457,538,222.52,11
1928,3458,538,340.99,7
1929,3460,539,291.81,11
1930,3461,539,300.21,10
1931,3463,539,279.48,7
1932,3464,539,333.87,4
1933,3467,539,328.34,2
1934,3471,539,322.79,4
1935,3473,539,290.68,10
1936,3476,540,385.66,7
1937,3477,540,139.41,12
1938,3478,540,251.25,4
1939,3479,540,248.18,8
1940,3480,540,378.14,2
1941,3481,540,271.49,1
1942,3482,540,232.4,6
1943,3484,541,335.57,2
1944,3485,541,392.01,8
1945,3492,542,386.54,10
1946,3495,542,403.6,1
1947,3496,542,330.69,9
1948,3497,542,345.27,12
1949,3500,543,296.66,4
1950,3503,545,290.64,10
1951,3505,546,232.35,12
1952,3506,546,382.39,5
1953,3508,546,158.29,2
1954,3511,546,202.35,9
1955,3514,547,488.04,9
1956,3515,547,309.58,10
1957,3518,547,332.6,12
1958,3519,547,210.91,10
1959,3520,547,363.69,2
1960,3521,547,443.7,8
1961,3522,547,450.56,10
1962,3523,547,183.51,6
1963,3524,547,425.17,10
1964,3525,547,320.92,1
1965,3527,548,92.58,5
1966,3528,548,181.41,6
1967,3534,549,150.73,10
1968,3537,550,374.17,1
1969,3546,550,303.19,1
1970,3547,551,261.41,5
1971,3549,551,311.47,12
1972,3550,551,478.07,2
1973,3552,551,293.49,3
1974,3554,551,349.58,9
1975,3558,552,376.73,7
1976,3563,552,210.73,4
1977,3564,552,370.82,5
1978,3566,552,402.78,6
1979,3571,553,410.0,8
1980,3572,553,306.85,6
1981,3573,553,404.31,3
1982,3575,554,364.19,4
1983,3576,554,326.11,9
1984,3578,554,402.42,7
1985,3582,554,476.99,11
1986,3584,555,403.1,4
1987,3586,555,313.31,5
1988,3587,556,276.06,9
1989,3589,556,367.45,8
1990,3592,557,333.89,11
1991,3594,557,421.03,11
1992,3595,558,234.45,5
1993,3599,559,413.33,12
1994,3604,559,194.39,5
1995,3605,559,304.24,6
1996,3606,559,372.49,4
1997,3607,559,309.89,10
1998,3608,560,359.5,6
1999,3609,561,444.71,11
2000,3614,561,268.95,10
2001,3615,561,193.65,3
2002,3617,561,217.85,5
2003,3621,562,312.01,7
2004,3622,562,432.13,4
2005,3623,562,291.76,7
2006,3624,562,514.03,9
2007,3629,563,205.58,8
2008,3630,563,162.62,2
2009,3632,564,341.09,10
2010,3633,564,268.99,2
2011,3634,564,252.27,1
2012,3635,564,321.92,6
2013,3636,564,209.1,12
2014,3637,564,369.09,6
2015,3638,564,337.6,12
2016,3641,565,287.78,2
2017,3642,565,338.98,5
2018,3644,566,492.11,5
2019,3645,566,297.86,8
2020,3647,566,275.84,7
2021,3648,566,380.46,10
2022,3650,566,260.3,11
2023,3651,566,363.32,10
2024,3655,568,393.93,4
2025,3657,568,445.96,6
2026,3659,569,291.12,12
2027,3662,569,201.2,7
2028,3663,569,296.86,6
2029,3665,569,335.9,7
2030,3666,569,264.42,3
2031,3667,569,331.88,12
2032,3669,569,476.86,2
2033,3674,570,268.63,7
2034,3676,570,247.22,3
2035,3678,570,404.46,12
2036,3679,571,208.49,2
2037,3682,572,321.16,2
2038,3683,572,272.86,2
2039,3687,572,171.2,11
2040,3688,572,307.15,8
2041,3689,572,263.51,1
2042,3692,573,365.6,1
2043,3693,573,337.99,11
2044,3694,573,335.79,12
2045,3695,573,234.63,11
2046,3696,573,269.1,3
2047,3697,574,342.62,5
2048,3698,574,239.99,6
2049,3703,575,316.55,8
2050,3704,575,351.49,8
2051,3705,576,387.4,7
2052,3706,576,271.36,8
2053,3709,576,284.72,8
2054,3710,576,337.66,12
2055,3713,577,254.06,2
2056,3714,577,195.52,4
2057,3715,577,351.81,5
2058,3716,577,296.45,11
2059,3718,577,368.23,5
2060,3719,577,268.49,7
2061,3720,578,327.86,11
2062,3722,578,157.63,9
2063,3723,578,374.7,1
2064,3724,578,271.69,1
2065,3725,578,307.47,5
2066,3726,578,306.26,2
2067,3727,578,288.71,9
2068,3728,578,325.81,4
2069,3729,578,321.21,8
2070,3731,578,339.73,11
2071,3732,578,206.76,10
2072,3733,579,389.44,10
2073,3735,579,308.83,5
2074,3736,579,350.64,1
2075,3737,579,308.38,6
2076,3739,580,224.1,11
2077,3740,581,547.82,2
2078,3741,582,331.34,7
2079,3742,582,178.0,2
2080,3743,582,311.72,5
2081,3744,582,284.69,8
2082,3745,582,305.4,8
2083,3746,582,172.75,1
2084,3748,582,322.7,5
2085,3749,583,241.46,12
2086,3750,583,452.81,11
2087,3752,583,310.38,1
2088,3754,583,384.7,6
2089,3755,583,399.57,10
2090,3756,583,360.18,5
2091,3757,583,334.61,11
2092,3758,583,418.8,4
2093,3759,583,264.05,10
2094,3762,584,387.35,6
2095,3763,584,282.59,4
2096,3764,584,328.2,4
2097,3767,585,211.1,9
2098,3768,585,202.65,2
2099,3770,586,313.19,1
2100,3772,586,416.46,2
2101,3774,586,301.76,5
2102,3775,586,472.08,12
2103,3776,586,355.77,9
2104,3778,587,304.86,11
2105,3779,587,453.33,10
2106,3780,587,437.81,7
2107,3781,587,197.44,8
2108,3782,588,316.56,2
2109,3784,588,366.18,7
2110,3785,588,384.86,2
2111,3786,588,374.81,1
2112,3788,589,305.17,11
2113,3789,589,292.05,3
2114,3792,590,310.54,4
2115,3794,590,252.53,2
2116,3797,592,197.21,10
2117,3798,592,366.57,9
2118,3799,592,371.84,6
2119,3803,592,478.06,3
2120,3804,593,266.85,7
2121,3806,593,352.92,7
2122,3811,594,297.11,10
2123,3812,594,306.88,9
2124,3814,594,263.17,6
2125,3816,595,324.33,9
2126,3817,595,444.58,2
2127,3818,596,281.2,6
2128,3819,596,356.47,3
2129,3820,596,266.35,9
2130,3827,597,188.31,1
2131,3829,597,305.97,11
2132,3835,598,492.26,9
2133,3836,598,246.6,11
2134,3838,598,233.02,9
2135,3839,598,241.2,11
2136,3840,598,482.64,8
2137,3841,598,419.48,7
2138,3842,599,377.03,2
2139,3845,599,441.89,3
2140,3847,599,401.6,1
2141,3849,599,310.26,7
2142,3850,599,279.49,4
2143,3851,600,412.58,5
2144,3852,601,330.03,1
2145,3853,601,237.49,1
2146,3854,601,367.17,10
2147,3856,601,291.25,3
2148,3859,602,419.96,7
2149,3860,602,232.91,6
2150,3861,603,371.13,7
2151,3863,603,334.42,11
2152,3865,603,336.45,11
2153,3867,603,345.02,7
2154,3869,604,302.71,6
2155,3870,604,365.12,8
2156,3871,604,345.31,2
2157,3873,604,330.37,10
2158,3874,604,428.58,11
2159,3876,604,199.11,7
2160,3878,605,372.8,6
2161,3879,605,339.9,4
2162,3881,605,365.16,9
2163,3882,605,374.22,2
2164,3883,605,379.39,3
2165,3884,606,285.35,12
2166,3885,606,261.35,4
2167,3888,606,362.46,1
2168,3891,606,452.8,7
2169,3892,607,301.38,5
2170,3894,607,228.87,1
2171,3896,607,391.15,5
2172,3899,608,244.96,2
2173,3901,608,348.16,6
2174,3903,609,229.84,12
2175,3904,609,294.06,4
2176,3907,609,318.91,12
2177,3908,609,293.36,6
2178,3910,609,341.0,8
2179,3911,609,348.8,3
2180,3913,609,274.04,4
2181,3914,609,270.48,8
2182,3917,610,433.69,2
2183,3921,611,298.65,8
2184,3924,612,346.66,4
2185,3927,612,196.54,6
2186,3928,612,481.67,6
2187,3930,612,361.1,1
2188,3932,613,137.89,8
2189,3934,613,228.99,6
2190,3941,614,255.24,7
2191,3942,615,473.91,9
2192,3943,615,547.19,5
2193,3946,615,367.84,5
2194,3947,616,418.62,11
2195,3950,616,432.37,5
2196,3951,617,220.9,5
2197,3952,617,313.46,11
2198,3953,617,312.12,5
2199,3954,617,444.4,3
2200,3955,617,508.7,7
2201,3957,618,519.49,12
2202,3958,618,364.9,1
2203,3960,618,354.78,2
2204,3963,618,280.09,8
2205,3964,618,325.38,5
2206,3965,619,415.94,1
2207,3966,619,405.79,12
2208,3967,619,369.6,9
2209,3968,619,244.03,11
2210,3969,619,494.24,12
2211,3970,619,362.53,11
2212,3975,620,338.09,3
2213,3976,620,400.89,6
2214,3979,621,262.68,7
2215,3981,621,254.01,3
2216,3986,622,286.95,7
2217,3987,622,229.18,10
2218,3990,622,330.54,3
2219,3991,622,136.87,5
2220,3993,622,276.99,6
2221,3995,623,142.88,2
2222,3996,623,296.8,7
2223,3997,623,300.75,3
2224,3998,623,425.5,7
2225,3999,623,345.8,1
2226,4000,623,250.05,3
2227,4003,623,285.15,3
2228,4004,623,448.89,2
2229,4008,624,221.93,4
2230,4009,624,512.38,2
2231,4010,624,357.84,2
2232,4015,625,203.36,1
2233,4020,626,226.74,11
2234,4021,626,394.85,1
2235,4023,626,386.45,6
2236,4025,626,358.71,1
2237,4026,626,330.4,10
2238,4027,626,310.63,5
2239,4029,626,249.88,11
2240,4030,626,354.97,5
2241,4032,627,465.61,4
2242,4034,628,317.27,10
2243,4035,628,343.61,9
2244,4036,628,412.35,7
2245,4038,628,273.11,2
2246,4040,628,357.08,2
2247,4042,629,391.98,11
2248,4043,629,253.92,12
2249,4044,629,203.11,1
2250,4047,630,299.62,2
2251,4048,630,396.96,3
2252,4051,630,187.82,11
2253,4056,631,341.8,10
2254,4058,632,303.27,2
2255,4059,632,299.87,11
2256,4061,633,347.14,12
2257,4062,633,167.35,2
2258,4063,633,427.19,9
2259,4066,634,239.82,8
2260,4067,635,352.68,6
2261,4075,636,383.24,10
2262,4076,637,451.49,5
2263,4077,637,316.9,6
2264,4080,638,188.42,2
2265,4082,639,176.83,2
2266,4083,639,434.73,1
2267,4086,639,269.66,10
2268,4088,640,286.01,4
2269,4089,640,218.4,7
2270,4090,640,285.37,5
2271,4091,640,476.95,12
2272,4092,640,322.93,8
2273,4095,640,247.3,11
2274,4096,641,414.4,9
2275,4098,641,95.65,5
2276,4099,641,319.13,12
2277,4103,642,287.96,11
2278,4104,642,295.21,1
2279,4106,643,190.64,1
2280,4108,643,306.8,7
2281,4111,643,284.04,1
2282,4116,644,233.95,5
2283,4117,644,283.74,3
2284,4118,644,145.62,2
2285,4120,644,515.84,3
2286,4122,644,50.0,2
2287,4123,644,306.67,1
2288,4126,645,305.1,1
2289,4130,647,268.78,1
2290,4132,647,298.51,5
2291,4136,649,377.19,3
2292,4138,650,206.81,10
2293,4139,650,160.24,8
2294,4141,650,272.03,4
2295,4142,650,75.23,11
2296,4143,650,241.15,8
2297,4144,650,271.35,12
2298,4145,650,328.26,8
2299,4146,651,436.21,5
2300,4147,651,346.8,6
2301,4148,651,350.89,11
2302,4149,651,254.63,7
2303,4150,651,265.05,8
2304,4152,652,267.18,10
2305,4161,653,308.46,5
2306,4162,653,280.11,10
2307,4163,653,349.0,11
2308,4168,654,375.73,9
2309,4169,654,435.12,3
2310,4170,654,344.81,3
2311,4171,654,349.05,9
2312,4172,654,424.22,3
2313,4173,654,384.86,12
2314,4176,655,287.68,4
2315,4180,655,226.14,4
2316,4181,655,276.89,4
2317,4183,656,245.48,12
2318,4185,656,330.64,8
2319,4186,656,363.97,7
2320,4187,656,283.44,12
2321,4189,656,287.02,10
2322,4195,656,81.42,3
2323,4196,656,268.72,6
2324,4199,657,602.33,6
2325,4200,657,421.0,3
2326,4204,657,439.8,3
2327,4209,658,363.77,12
2328,4210,658,403.43,7
2329,4211,658,289.01,3
2330,4212,658,246.85,12
2331,4213,658,453.82,11
2332,4215,658,221.75,4
2333,4219,659,364.14,11
2334,4221,659,480.41,12
2335,4224,660,406.99,9
2336,4225,660,296.85,10
2337,4227,660,435.03,6
2338,4229,662,339.51,1
2339,4230,662,307.96,7
2340,4234,663,386.66,5
2341,4237,663,240.73,6
2342,4242,664,190.41,1
2343,4243,664,298.92,5
2344,4245,665,261.2,12
2345,4247,665,188.94,8
2346,4248,665,322.83,1
2347,4250,665,271.27,3
2348,4251,665,234.26,7
2349,4256,666,318.53,9
2350,4261,666,234.69,12
2351,4262,666,424.47,11
2352,4263,666,480.16,10
2353,4265,666,383.14,2
2354,4266,666,281.52,5
2355,4267,667,356.89,3
2356,4269,667,259.78,6
2357,4271,667,379.97,8
2358,4272,667,384.98,6
2359,4274,667,390.82,5
2360,4276,667,286.81,4
2361,4278,668,383.66,8
2362,4279,668,364.24,3
2363,4280,668,343.73,11
2364,4281,668,328.09,5
2365,4283,668,223.52,10
2366,4284,668,357.47,1
2367,4285,668,294.76,1
2368,4286,668,204.53,12
2369,4292,669,256.41,5
2370,4293,669,358.81,11
2371,4294,669,276.6,10
2372,4295,669,268.44,7
2373,4296,669,132.87,10
2374,4298,669,418.2,4
2375,4304,671,220.77,6
2376,4306,671,325.37,3
2377,4307,671,277.76,1
2378,4310,671,343.89,2
2379,4313,671,342.36,9
2380,4315,671,301.57,1
2381,4317,671,345.11,7
2382,4319,671,321.72,10
2383,4322,672,196.46,9
2384,4324,672,428.59,9
2385,4325,672,456.76,6
2386,4326,672,240.8,6
2387,4328,673,180.65,2
2388,4330,673,432.76,9
2389,4331,673,223.5,4
2390,4333,673,436.49,8
2391,4334,673,424.81,3
2392,4335,674,305.77,7
2393,4336,674,304.18,4
2394,4337,674,230.59,1
2395,4338,674,325.93,1
2396,4340,674,364.19,4
2397,4342,675,352.58,4
2398,4344,675,375.11,4
2399,4346,675,415.41,1
2400,4347,676,315.74,12
2401,4348,676,573.86,8
2402,4349,676,360.38,7
2403,4351,676,355.83,4
2404,4353,676,355.18,12
2405,4354,677,356.42,3
2406,4357,677,355.92,5
2407,4359,677,414.11,4
2408,4360,677,94.47,3
2409,4361,677,298.08,4
2410,4364,678,171.73,2
2411,4366,678,442.77,2
2412,4367,678,193.16,1
2413,4368,678,248.86,10
2414,4369,678,260.1,5
2415,4371,679,210.92,8
2416,4376,679,292.61,3
2417,4379,680,131.27,3
2418,4380,680,457.38,5
2419,4381,680,357.99,9
2420,4383,681,251.44,9
2421,4387,682,371.57,1
2422,4388,682,349.19,10
2423,4390,682,235.22,8
2424,4395,683,383.6,7
2425,4399,684,300.86,5
2426,4403,684,422.02,6
2427,4408,686,276.31,7
2428,4410,686,198.37,6
2429,4412,687,407.87,3
2430,4413,687,299.28,5
2431,4416,687,317.79,7
2432,4417,687,343.94,9
2433,4420,687,231.64,4
2434,4423,688,293.69,8
2435,4425,688,271.87,2
2436,4426,688,284.46,9
2437,4427,689,432.47,6
2438,4428,689,250.18,2
2439,4431,689,245.7,3
2440,4433,689,445.9,8
2441,4435,690,231.33,2
2442,4437,690,325.75,1
2443,4439,690,381.62,1
2444,4442,691,381.04,7
2445,4443,691,193.54,6
2446,4444,691,255.61,6
2447,4448,691,163.0,5
2448,4451,691,394.97,1
2449,4455,692,414.39,6
2450,4457,693,410.62,4
2451,4458,694,317.77,5
2452,4460,695,299.17,5
2453,4461,695,269.39,9
2454,4462,695,182.97,3
2455,4464,695,366.8,4
2456,4466,695,232.68,3
2457,4469,696,135.85,7
2458,4470,696,438.33,11
2459,4473,697,264.44,3
2460,4475,697,341.94,11
2461,4476,697,306.99,8
2462,4477,697,421.92,11
2463,4478,697,187.55,2
2464,4479,697,388.67,12
2465,4480,697,315.78,4
2466,4481,697,360.9,3
2467,4496,699,283.59,8
2468,4497,700,286.47,8
2469,4498,700,402.71,9
2470,4501,700,252.56,9
2471,4502,700,272.58,7
2472,4503,700,298.2,10
2473,4509,702,189.61,12
2474,4510,702,295.82,12
2475,4511,702,301.35,4
2476,4512,702,381.79,10
2477,4516,703,272.58,3
2478,4520,703,150.36,12
2479,4523,704,322.82,4
2480,4526,704,277.12,4
2481,4527,704,213.2,1
2482,4528,704,349.07,3
2483,4529,704,352.58,10
2484,4530,704,374.93,3
2485,4531,704,353.95,11
2486,4532,704,386.17,2
2487,4533,704,350.17,2
2488,4535,704,502.04,2
2489,4536,704,452.56,7
2490,4537,704,341.35,3
2491,4538,704,164.64,5
2492,4542,705,488.32,7
2493,4545,707,295.97,6
2494,4546,707,376.38,3
2495,4549,708,362.52,10
2496,4552,708,309.49,12
2497,4554,708,276.77,2
2498,4555,708,288.98,5
2499,4556,709,78.74,11
2500,4557,710,214.86,1
2501,4560,710,275.82,5
2502,4562,711,324.51,2
2503,4563,711,373.32,4
2504,4565,711,268.27,8
2505,4566,711,381.38,1
2506,4567,711,299.43,2
2507,4568,711,287.52,5
2508,4571,711,324.67,2
2509,4573,712,386.05,6
2510,4574,712,298.92,10
2511,4577,713,352.85,2
2512,4578,713,387.11,10
2513,4580,714,369.04,7
2514,4581,714,259.9,10
2515,4582,714,276.84,6
2516,4583,714,372.54,10
2517,4584,714,307.82,7
2518,4586,714,249.86,1
2519,4588,715,324.0,9
2520,4593,715,390.01,3
2521,4594,715,402.26,6
2522,4595,715,411.9,3
2523,4596,716,322.87,3
2524,4599,716,354.38,2
2525,4601,716,419.43,9
2526,4604,716,262.54,11
2527,4608,717,407.98,4
2528,4609,718,382.82,4
2529,4610,718,383.19,11
2530,4611,718,167.98,6
2531,4612,719,270.56,10
2532,4616,720,264.51,2
2533,4618,720,448.09,7
2534,4619,720,240.43,8
2535,4620,720,224.03,9
2536,4621,720,210.59,6
2537,4624,722,286.36,12
2538,4625,722,356.28,9
2539,4626,722,485.25,10
2540,4627,722,285.62,6
2541,4628,722,251.79,6
2542,4632,724,460.3,12
2543,4634,724,474.05,4
2544,4635,724,161.67,4
2545,4636,724,273.42,2
2546,4637,725,339.44,5
2547,4638,725,336.88,8
2548,4639,725,519.42,9
2549,4640,725,270.4,10
2550,4645,726,216.75,7
2551,4646,726,250.33,2
2552,4648,726,418.07,3
2553,4650,726,318.8,12
2554,4652,726,464.09,4
2555,4653,727,378.16,12
2556,4654,727,258.97,1
2557,4662,728,397.65,11
2558,4664,728,428.23,10
2559,4666,728,451.25,10
2560,4667,728,193.69,3
2561,4670,728,345.26,11
2562,4672,729,219.66,2
2563,4674,729,293.4,2
2564,4677,729,298.98,8
2565,4678,729,345.36,2
2566,4679,729,363.24,9
2567,4680,730,265.67,10
2568,4683,730,429.61,4
2569,4685,730,440.02,9
2570,4688,731,336.78,6
2571,4690,731,475.27,12
2572,4691,731,312.88,1
2573,4692,731,153.46,9
2574,4695,732,237.05,11
2575,4697,732,280.04,2
2576,4699,732,402.83,4
2577,4700,732,231.67,9
2578,4706,733,314.5,7
2579,4707,733,543.09,9
2580,4708,734,340.88,8
2581,4710,734,464.7,6
2582,4711,734,212.15,9
2583,4712,734,138.04,11
2584,4713,734,175.18,3
2585,4714,734,417.52,7
2586,4716,735,299.02,9
2587,4717,735,290.49,3
2588,4718,735,475.05,3
2589,4719,735,417.95,9
2590,4722,735,361.97,3
2591,4725,735,427.86,10
2592,4728,735,306.21,3
2593,4729,735,351.39,4
2594,4730,736,210.94,8
2595,4731,736,251.22,3
2596,4732,736,295.99,5
2597,4733,736,317.65,1
2598,4739,737,408.82,9
2599,4740,737,431.44,12
2600,4743,737,577.34,3
2601,4744,737,527.06,5
2602,4745,737,423.01,8
2603,4746,737,186.08,11
2604,4747,737,448.88,11
2605,4750,738,490.22,7
2606,4752,738,332.6,8
2607,4753,738,167.43,10
2608,4756,739,338.58,10
2609,4759,739,400.48,10
2610,4760,739,342.14,11
2611,4761,739,283.52,8
2612,4764,740,313.23,4
2613,4765,740,436.26,2
2614,4768,740,362.74,5
2615,4770,740,452.58,8
2616,4772,741,418.0,7
2617,4777,743,302.56,6
2618,4778,743,395.6,5
2619,4779,743,455.33,12
2620,4781,744,333.56,11
2621,4784,744,380.57,2
2622,4786,744,183.2,5
2623,4788,744,280.26,4
2624,4790,744,306.73,6
2625,4796,745,227.93,12
2626,4799,745,331.84,8
2627,4800,745,472.66,10
2628,4801,746,347.85,12
2629,4802,746,440.36,10
2630,4804,746,383.83,5
2631,4807,748,474.85,10
2632,4810,748,314.42,5
2633,4811,748,259.77,12
2634,4814,748,390.47,11
2635,4815,748,178.91,10
2636,4816,748,373.73,11
2637,4819,749,121.32,10
2638,4822,750,241.49,10
2639,4823,750,351.54,2
2640,4826,750,205.42,12
2641,4828,750,283.13,8
2642,4831,751,201.84,4
2643,4832,751,384.03,2
2644,4833,751,422.23,4
2645,4834,751,320.29,2
2646,4835,751,517.74,2
2647,4836,752,298.92,4
2648,4837,752,199.92,1
2649,4838,752,191.44,9
2650,4839,752,306.91,8
2651,4841,753,349.11,8
2652,4842,753,544.81,4
2653,4843,753,223.72,10
2654,4846,753,263.13,8
2655,4849,753,363.0,11
2656,4851,754,328.76,9
2657,4852,754,265.81,5
2658,4853,754,316.11,9
2659,4856,754,217.96,9
2660,4858,754,279.8,9
2661,4859,755,220.03,11
2662,4860,755,413.85,1
2663,4862,755,386.75,6
2664,4865,755,315.31,10
2665,4869,756,321.43,1
2666,4870,756,340.13,7
2667,4871,756,279.02,1
2668,4872,756,167.98,3
2669,4875,758,289.37,10
2670,4878,759,363.91,2
2671,4880,759,405.71,9
2672,4882,759,326.46,4
2673,4885,760,265.72,4
2674,4887,760,370.44,11
2675,4888,760,335.66,9
2676,4889,760,226.29,8
2677,4890,761,158.03,2
2678,4891,761,271.55,8
2679,4892,761,457.21,3
2680,4896,761,370.01,1
2681,4897,761,453.58,3
2682,4898,761,316.92,2
2683,4900,762,316.56,6
2684,4903,763,77.52,9
2685,4905,763,147.77,10
2686,4906,763,361.45,11
2687,4907,763,337.23,7
2688,4908,764,115.94,8
2689,4911,765,331.88,2
2690,4912,765,410.49,10
2691,4914,765,348.29,5
2692,4917,765,272.07,4
2693,4921,766,95.9,1
2694,4923,766,356.42,8
2695,4926,767,239.91,4
2696,4927,767,366.0,6
2697,4928,768,382.84,9
2698,4929,768,402.87,12
2699,4934,769,354.3,2
2700,4937,769,288.85,12
2701,4938,769,372.73,9
2702,4939,770,228.7,12
2703,4941,770,438.85,6
2704,4942,770,258.58,10
2705,4943,770,483.06,5
2706,4944,770,297.59,6
2707,4945,770,364.52,10
2708,4946,770,331.32,2
2709,4948,771,157.9,10
2710,4950,772,368.27,11
2711,4952,773,250.77,4
2712,4953,773,309.18,6
2713,4954,773,324.25,6
2714,4956,773,227.36,11
2715,4959,774,265.6,6
2716,4963,774,433.04,10
2717,4965,774,201.48,9
2718,4966,775,373.19,7
2719,4967,775,285.93,9
2720,4968,775,409.96,2
2721,4969,775,383.54,4
2722,4972,775,257.48,5
2723,4973,776,381.63,8
2724,4974,776,268.74,12
2725,4984,777,473.96,10
2726,4986,777,330.84,1
2727,4987,777,289.54,1
2728,4988,777,282.2,3
2729,4992,778,288.0,1
2730,4994,778,293.6,2
2731,4998,779,384.64,3
2732,5001,779,275.3,5
2733,5002,780,244.45,11
2734,5004,780,416.62,5
2735,5007,780,442.48,8
2736,5009,780,249.85,12
2737,5011,781,293.73,8
2738,5012,781,431.92,8
2739,5013,782,361.32,7
2740,5015,783,463.88,11
2741,5016,783,382.86,5
2742,5019,783,363.62,12
2743,5020,783,287.4,7
2744,5021,784,232.08,5
2745,5025,785,211.4,4
2746,5028,785,317.34,3
2747,5029,785,446.78,4
2748,5032,785,225.7,1
2749,5033,786,308.89,8
2750,5042,787,170.63,1
2751,5043,787,444.59,9
2752,5044,787,247.15,6
2753,5045,788,524.15,2
2754,5046,788,361.55,5
2755,5048,789,458.9,3
2756,5049,789,163.76,12
2757,5051,789,97.04,1
2758,5052,789,285.42,6
2759,5055,790,323.72,3
2760,5056,790,376.26,2
2761,5057,790,458.62,3
2762,5058,790,292.17,6
2763,5059,790,281.72,3
2764,5060,790,299.53,10
2765,5062,791,352.94,10
2766,5063,791,208.19,11
2767,5065,792,158.33,10
2768,5066,792,349.29,12
2769,5067,792,198.37,12
2770,5069,792,422.81,11
2771,5071,792,121.2,11
2772,5073,792,249.33,2
2773,5074,792,198.3,5
2774,5077,792,259.41,7
2775,5079,792,240.83,8
2776,5080,792,421.27,9
2777,5082,794,572.82,5
2778,5088,794,209.67,2
2779,5090,794,257.62,12
2780,5091,795,306.98,1
2781,5092,795,224.64,4
2782,5093,795,370.29,11
2783,5094,795,195.29,12
2784,5095,795,374.9,6
2785,5096,795,328.02,3
2786,5097,795,387.93,4
2787,5098,795,318.97,11
2788,5102,795,385.94,11
2789,5103,795,367.83,9
2790,5107,796,303.76,3
2791,5114,798,370.24,4
2792,5115,798,448.19,2
2793,5116,798,159.21,6
2794,5117,798,137.37,12
2795,5118,798,436.85,11
2796,5119,799,400.95,8
2797,5120,800,448.66,11
2798,5124,800,310.25,3
2799,5128,801,477.84,8
2800,5129,802,580.4,9
2801,5130,802,423.78,12
2802,5131,802,372.36,1
2803,5134,803,386.1,5
2804,5135,803,335.17,1
2805,5137,803,348.94,6
2806,5138,804,360.39,2
2807,5139,804,524.53,10
2808,5142,804,251.54,7
2809,5144,805,299.98,11
2810,5146,805,320.27,3
2811,5147,805,376.44,6
2812,5148,805,342.12,6
2813,5149,805,204.17,10
2814,5150,805,326.64,5
2815,5152,805,310.54,1
2816,5157,807,319.23,11
2817,5168,809,395.6,3
2818,5170,809,427.63,12
2819,5173,810,244.43,8
2820,5175,810,493.58,5
2821,5176,810,185.29,5
2822,5180,811,256.01,9
2823,5182,812,300.02,2
2824,5184,812,383.35,3
2825,5185,812,164.37,11
2826,5186,812,519.4,7
2827,5188,812,158.29,1
2828,5192,813,459.49,12
2829,5193,813,282.71,3
2830,5195,813,328.51,5
2831,5198,813,120.09,9
2832,5199,813,386.85,4
2833,5201,814,306.12,1
2834,5205,814,425.58,2
2835,5211,815,194.8,10
2836,5212,815,448.69,5
2837,5215,815,165.54,4
2838,5216,815,342.75,10
2839,5217,815,188.65,2
2840,5218,815,496.46,7
2841,5220,816,405.57,10
2842,5221,816,463.54,12
2843,5222,817,296.25,5
2844,5223,817,291.9,4
2845,5226,817,316.34,12
2846,5227,817,307.71,12
2847,5231,818,284.51,12
2848,5232,818,300.71,5
2849,5234,818,425.77,8
2850,5235,819,407.23,2
2851,5236,819,214.52,2
2852,5243,821,384.13,12
2853,5244,821,194.17,5
2854,5245,821,454.26,3
2855,5246,821,234.18,2
2856,5247,821,391.5,1
2857,5248,821,377.33,11
2858,5249,821,292.55,4
2859,5254,821,285.52,11
2860,5257,821,299.28,11
2861,5258,822,363.99,2
2862,5260,822,395.93,5
2863,5266,822,519.09,10
2864,5269,823,476.5,3
2865,5270,823,372.17,6
2866,5272,823,343.86,1
2867,5273,823,271.61,2
2868,5274,823,378.5,9
2869,5279,825,443.73,4
2870,5280,825,423.77,10
2871,5283,827,345.56,1
2872,5285,827,266.15,4
2873,5289,828,332.54,1
2874,5291,828,385.4,9
2875,5293,828,426.88,12
2876,5295,828,341.35,6
2877,5296,828,405.96,6
2878,5298,828,415.66,4
2879,5300,828,293.86,2
2880,5301,829,268.17,6
2881,5302,829,472.58,7
2882,5303,830,384.33,7
2883,5304,830,370.45,10
2884,5305,830,271.28,9
2885,5307,830,135.19,3
2886,5308,830,363.19,4
2887,5309,830,363.74,10
2888,5312,831,381.79,4
2889,5317,831,320.13,10
2890,5319,832,269.5,3
2891,5320,832,344.28,12
2892,5321,832,433.29,9
2893,5322,832,369.47,3
2894,5325,832,199.12,3
2895,5327,833,303.71,10
2896,5328,833,261.69,5
2897,5330,833,463.62,11
2898,5333,833,300.49,1
2899,5335,833,454.78,9
2900,5337,834,340.05,2
2901,5339,834,283.09,11
2902,5341,834,233.64,11
2903,5343,834,288.26,2
2904,5347,835,321.15,1
2905,5348,835,219.39,9
2906,5349,835,377.61,1
2907,5350,835,243.69,8
2908,5351,835,188.78,9
2909,5352,836,201.17,12
2910,5354,836,276.77,9
2911,5355,836,369.31,11
2912,5358,836,467.6,1
2913,5361,836,298.4,8
2914,5362,836,349.93,10
2915,5363,836,313.65,1
2916,5364,836,128.27,10
2917,5365,836,353.99,1
2918,5367,836,318.04,7
2919,5368,836,178.1,6
2920,5369,837,472.1,12
2921,5370,837,374.0,11
2922,5372,837,170.05,2
2923,5373,837,367.12,8
2924,5376,838,592.36,7
2925,5378,839,320.59,1
2926,5383,839,382.15,5
2927,5384,839,268.87,5
2928,5387,840,279.58,12
2929,5389,840,460.76,9
2930,5392,840,377.22,3
2931,5394,840,416.28,9
2932,5395,840,298.84,5
2933,5396,841,360.7,6
2934,5397,841,313.11,4
2935,5399,841,375.3,6
2936,5404,842,309.79,6
2937,5407,842,480.04,8
2938,5409,842,298.74,12
2939,5412,843,358.31,6
2940,5415,843,157.95,7
2941,5416,843,427.19,7
2942,5417,843,214.31,9
2943,5418,843,261.83,1
2944,5419,843,208.58,12
2945,5420,843,191.77,8
2946,5421,843,407.49,2
2947,5422,844,248.86,12
2948,5423,844,188.67,3
2949,5425,844,183.23,6
2950,5426,844,419.75,2
2951,5434,844,287.33,5
2952,5435,844,315.53,2
2953,5436,844,402.98,7
2954,5438,845,373.23,9
2955,5439,845,337.33,4
2956,5441,845,434.37,7
2957,5443,845,204.19,6
2958,5444,845,292.31,11
2959,5445,845,401.66,4
2960,5446,845,486.04,10
2961,5447,845,495.96,9
2962,5449,846,212.34,2
2963,5450,846,326.7,9
2964,5456,848,364.32,7
2965,5457,848,305.28,7
2966,5458,848,382.55,6
2967,5459,849,523.36,11
2968,5460,850,239.01,3
2969,5462,850,207.08,5
2970,5464,850,377.33,2
2971,5465,850,278.19,11
2972,5468,850,380.84,11
2973,5469,851,337.49,11
2974,5470,851,303.23,10
2975,5472,851,257.85,10
2976,5473,851,328.67,3
2977,5475,852,284.81,9
2978,5476,852,420.47,7
2979,5477,852,329.41,11
2980,5479,852,205.29,10
2981,5480,852,445.96,8
2982,5481,852,307.62,7
2983,5483,853,507.67,10
2984,5484,853,295.72,3
2985,5488,855,248.11,7
2986,5490,855,293.11,3
2987,5492,855,310.91,11
2988,5495,855,296.88,8
2989,5497,856,263.06,4
2990,5498,856,278.99,6
2991,5500,857,468.52,7
2992,5502,857,297.33,7
2993,5504,858,513.11,11
2994,5506,858,414.01,3
2995,5507,858,314.33,8
2996,5509,859,379.23,12
2997,5511,859,272.28,11
2998,5513,859,415.97,7
2999,5516,859,439.66,12
3000,5517,859,373.69,7
3001,5520,860,274.48,9
3002,5524,862,373.56,2
3003,5526,863,257.38,4
3004,5527,863,195.31,3
3005,5528,863,343.48,1
3006,5531,864,173.3,8
3007,5533,864,282.62,3
3008,5535,864,353.12,2
3009,5536,864,460.77,6
3010,5539,865,262.46,10
3011,5540,865,228.89,2
3012,5542,865,391.02,12
3013,5548,866,339.57,7
3014,5549,866,326.73,10
3015,5550,866,186.12,1
3016,5553,867,417.78,10
3017,5554,867,130.11,2
3018,5556,867,337.56,7
3019,5558,867,430.34,9
3020,5559,867,330.29,3
3021,5561,868,297.81,8
3022,5563,868,226.65,5
3023,5568,869,268.55,12
3024,5569,869,517.38,10
3025,5570,869,270.68,12
3026,5571,870,361.01,1
3027,5572,870,244.97,4
3028,5574,870,292.77,5
3029,5580,871,173.41,1
3030,5582,871,315.54,11
3031,5584,872,287.43,11
3032,5585,873,441.49,10
3033,5586,873,243.95,11
3034,5588,873,281.43,3
3035,5590,873,401.41,2
3036,5591,874,316.99,2
3037,5593,874,305.27,11
3038,5594,874,304.4,12
3039,5596,875,230.87,2
3040,5598,875,281.01,8
3041,5599,876,327.21,5
3042,5604,878,215.38,6
3043,5607,878,224.34,3
3044,5609,878,429.43,9
3045,5610,879,365.06,2
3046,5614,879,347.18,7
3047,5615,879,271.06,5
3048,5618,879,339.88,6
3049,5619,879,103.71,5
3050,5620,879,211.36,2
3051,5621,879,376.27,12
3052,5622,879,259.26,7
3053,5625,880,301.11,9
3054,5626,880,352.27,10
3055,5627,880,252.29,11
3056,5628,880,264.23,10
3057,5631,880,287.68,12
3058,5632,881,333.62,1
3059,5633,881,173.29,5
3060,5634,881,347.15,8
3061,5640,882,317.88,5
3062,5641,882,329.85,12
3063,5642,882,253.35,1
3064,5644,882,315.42,12
3065,5646,882,406.06,1
3066,5647,882,381.29,10
3067,5648,883,430.43,4
3068,5650,883,238.97,10
3069,5651,883,381.46,1
3070,5654,884,263.85,2
3071,5656,884,115.81,4
3072,5663,886,403.9,5
3073,5664,886,389.51,5
3074,5665,886,453.63,10
3075,5671,887,188.31,9
3076,5672,887,334.77,2
3077,5681,889,299.92,6
3078,5682,889,422.95,5
3079,5683,889,194.97,6
3080,5690,890,297.2,11
3081,5694,891,328.45,12
3082,5695,891,386.74,11
3083,5696,891,357.32,6
3084,5700,891,317.09,1
3085,5701,891,292.02,1
3086,5702,891,311.99,12
3087,5703,891,387.68,8
3088,5704,892,245.69,11
3089,5705,892,298.92,4
3090,5706,892,298.94,7
3091,5709,892,132.22,1
3092,5710,892,143.95,5
3093,5711,892,185.78,1
3094,5712,892,300.81,3
3095,5714,893,365.08,6
3096,5715,893,264.45,2
3097,5718,893,173.77,7
3098,5720,893,404.95,9
3099,5722,894,345.23,5
3100,5723,894,299.76,10
3101,5725,894,341.91,9
3102,5729,894,225.06,6
3103,5731,895,412.89,12
3104,5732,895,348.69,2
3105,5733,895,306.71,12
3106,5734,895,289.38,2
3107,5735,895,326.42,7
3108,5736,895,363.43,1
3109,5738,895,163.16,3
3110,5739,895,249.57,6
3111,5740,895,290.21,6
3112,5741,896,286.6,9
3113,5742,896,255.92,9
3114,5743,896,389.98,5
3115,5750,897,257.86,3
3116,5753,897,223.75,1
3117,5755,897,277.87,2
3118,5758,897,455.57,12
3119,5760,897,321.2,2
3120,5761,897,276.6,6
3121,5762,897,290.27,4
3122,5763,898,162.29,8
3123,5768,901,303.13,11
3124,5771,901,341.33,3
3125,5775,902,359.41,2
3126,5776,902,305.71,11
3127,5780,903,252.77,1
3128,5782,903,401.4,2
3129,5783,903,286.31,8
3130,5785,904,231.7,3
3131,5786,904,250.78,8
3132,5788,905,289.68,12
3133,5790,906,293.43,9
3134,5791,906,271.27,11
3135,5793,906,348.04,2
3136,5794,906,312.12,10
3137,5795,906,399.52,7
3138,5796,906,327.07,5
3139,5797,907,287.93,9
3140,5800,907,274.44,6
3141,5801,908,284.09,3
3142,5803,908,223.09,11
3143,5804,908,298.72,6
3144,5805,908,363.13,4
3145,5806,909,390.0,3
3146,5808,909,336.1,1
3147,5809,909,624.54,10
3148,5810,909,349.14,3
3149,5815,910,163.95,8
3150,5818,911,357.3,4
3151,5820,912,421.75,4
3152,5821,912,296.1,10
3153,5823,912,188.21,9
3154,5824,912,157.1,9
3155,5827,912,311.33,7
3156,5829,912,228.72,5
3157,5831,913,301.13,3
3158,5832,913,286.21,6
3159,5834,913,452.09,3
3160,5835,913,395.3,8
3161,5836,913,269.23,12
3162,5837,913,282.58,2
3163,5838,914,403.74,10
3164,5840,914,330.73,5
3165,5842,914,348.51,11
3166,5844,914,426.28,11
3167,5845,914,250.55,12
3168,5850,916,405.67,4
3169,5851,916,284.54,12
3170,5852,916,117.99,1
3171,5854,916,214.88,9
3172,5856,916,236.49,3
3173,5857,916,440.64,4
3174,5858,917,308.74,2
3175,5861,917,292.62,3
3176,5864,918,454.59,5
3177,5867,918,249.96,4
3178,5870,919,284.46,3
3179,5871,919,322.71,10
3180,5872,919,315.27,4
3181,5873,919,350.36,3
3182,5874,920,369.31,5
3183,5877,920,245.38,2
3184,5879,921,151.56,3
3185,5881,921,355.7,6
3186,5882,921,153.32,11
3187,5883,922,349.01,10
3188,5887,922,386.0,12
3189,5893,924,421.3,10
3190,5895,925,308.28,11
3191,5897,925,500.7,11
3192,5899,925,194.82,3
3193,5900,926,451.0,7
3194,5901,926,250.99,7
3195,5906,926,323.24,11
3196,5907,926,334.12,12
3197,5908,926,441.32,8
3198,5911,927,221.22,6
3199,5912,928,512.23,6
3200,5914,928,127.08,10
3201,5915,929,312.81,11
3202,5917,929,371.65,6
3203,5919,929,412.99,2
3204,5921,929,191.44,10
3205,5924,930,142.73,10
3206,5925,930,438.01,5
3207,5926,930,341.9,11
3208,5928,930,148.55,6
3209,5929,930,274.15,7
3210,5930,930,253.52,2
3211,5932,930,422.09,4
3212,5933,931,287.4,7
3213,5934,931,303.55,3
3214,5936,931,296.99,8
3215,5938,931,470.41,8
3216,5939,931,401.68,11
3217,5942,932,382.21,5
3218,5943,932,338.22,3
3219,5945,932,337.31,9
3220,5946,932,238.15,8
3221,5948,932,398.39,5
3222,5954,934,286.17,2
3223,5957,934,204.72,9
3224,5958,934,306.76,4
3225,5959,935,321.2,12
3226,5962,935,441.13,1
3227,5966,936,397.09,3
3228,5967,936,231.09,12
3229,5968,937,413.47,2
3230,5969,937,86.35,1
3231,5970,937,357.49,5
3232,5971,937,258.07,2
3233,5972,937,193.63,9
3234,5973,938,213.84,2
3235,5975,938,451.86,2
3236,5976,938,360.66,7
3237,5977,938,354.0,10
3238,5979,938,407.29,5
3239,5981,938,298.89,11
3240,5983,939,444.01,5
3241,5984,939,300.01,6
3242,5987,939,50.0,5
3243,5989,939,464.7,7
3244,5992,939,54.56,9
3245,5994,939,296.0,9
3246,5997,940,387.76,7
3247,5999,940,108.47,7
3248,6001,941,306.91,10
3249,6002,941,305.36,10
3250,6003,941,402.58,5
3251,6004,941,363.47,2
3252,6006,941,199.38,10
3253,6007,941,261.6,7
3254,6008,942,223.49,9
3255,6009,942,152.89,8
3256,6010,942,261.42,1
3257,6011,942,453.5,3
3258,6012,942,360.03,12
3259,6013,942,358.38,1
3260,6015,942,211.08,9
3261,6016,942,144.46,6
3262,6018,942,371.15,2
3263,6020,943,410.84,11
3264,6021,943,334.68,12
3265,6023,944,388.37,3
3266,6026,944,289.91,4
3267,6027,944,325.01,12
3268,6029,945,255.06,4
3269,6032,945,354.74,1
3270,6034,945,303.28,7
3271,6036,946,374.5,10
3272,6039,946,390.41,11
3273,6040,946,288.21,6
3274,6041,946,366.24,8
3275,6046,946,257.36,6
3276,6048,946,481.63,12
3277,6049,946,447.05,10
3278,6051,947,346.52,12
3279,6052,947,251.66,10
3280,6054,948,342.02,6
3281,6055,948,210.86,2
3282,6056,948,356.83,7
3283,6057,948,128.19,2
3284,6058,948,222.97,6
3285,6059,948,353.13,7
3286,6060,948,445.35,1
3287,6062,948,353.03,2
3288,6063,948,291.26,5
3289,6064,949,233.2,11
3290,6066,950,273.95,7
3291,6067,950,160.95,12
3292,6071,951,284.27,6
3293,6072,951,518.23,1
3294,6073,952,331.45,5
3295,6075,952,357.55,7
3296,6076,952,152.63,2
3297,6079,953,446.47,9
3298,6083,954,456.9,7
3299,6088,954,339.35,7
3300,6089,954,375.29,7
3301,6092,955,259.81,10
3302,6095,956,295.15,12
3303,6096,956,562.42,11
3304,6100,956,277.9,10
3305,6102,957,484.72,8
3306,6105,957,504.85,4
3307,6106,957,359.81,9
3308,6107,957,309.16,2
3309,6108,957,200.76,4
3310,6109,957,368.5,12
3311,6110,957,321.36,12
3312,6113,958,310.44,3
3313,6114,958,277.04,2
3314,6116,958,347.1,6
3315,6119,958,362.06,4
3316,6122,959,317.0,12
3317,6124,959,425.94,8
3318,6125,959,318.29,9
3319,6127,959,306.49,5
3320,6137,961,218.85,10
3321,6139,962,301.11,12
3322,6140,962,314.13,6
3323,6141,962,98.82,11
3324,6144,962,366.15,6
3325,6146,964,402.41,9
3326,6149,964,517.96,9
3327,6150,964,236.31,1
3328,6151,964,310.24,6
3329,6152,964,360.84,5
3330,6156,965,315.03,7
3331,6158,966,252.62,1
3332,6160,966,187.77,2
3333,6165,967,326.5,9
3334,6170,968,430.71,2
3335,6172,968,320.44,11
3336,6175,968,314.44,10
3337,6177,968,354.73,4
3338,6179,968,387.87,12
3339,6182,969,349.56,9
3340,6183,969,208.65,7
3341,6185,969,361.32,4
3342,6186,969,263.54,8
3343,6187,969,255.23,2
3344,6188,969,222.8,6
3345,6190,970,312.21,8
3346,6191,971,271.59,10
3347,6192,971,293.62,7
3348,6193,971,230.22,12
3349,6195,971,400.57,3
3350,6196,971,284.79,1
3351,6197,971,254.63,9
3352,6198,972,167.94,12
3353,6200,972,471.4,6
3354,6202,972,180.1,2
3355,6203,972,345.83,6
3356,6205,973,379.57,1
3357,6207,973,285.12,7
3358,6208,973,357.73,7
3359,6209,973,364.61,9
3360,6212,974,395.66,1
3361,6213,974,374.33,12
3362,6214,975,291.82,9
3363,6215,975,283.98,3
3364,6216,975,504.42,9
3365,6217,975,418.43,5
3366,6218,975,257.18,12
3367,6221,975,349.71,3
3368,6222,975,355.53,11
3369,6224,976,318.35,1
3370,6225,976,478.07,7
3371,6228,977,310.7,5
3372,6229,977,312.58,3
3373,6230,977,394.03,7
3374,6231,977,234.96,12
3375,6233,978,272.54,12
3376,6235,978,452.26,12
3377,6239,979,317.35,1
3378,6240,979,247.61,12
3379,6242,979,335.74,10
3380,6244,980,332.89,8
3381,6245,980,440.29,5
3382,6247,980,417.9,12
3383,6248,980,338.43,1
3384,6249,980,469.21,5
3385,6252,980,434.84,11
3386,6253,980,352.18,12
3387,6254,980,243.81,3
3388,6255,981,481.19,4
3389,6256,981,434.14,4
3390,6261,981,210.99,12
3391,6263,981,266.48,2
3392,6264,982,199.97,6
3393,6266,982,223.37,7
3394,6267,982,434.18,2
3395,6268,982,328.1,3
3396,6273,982,260.18,9
3397,6274,982,388.03,11
3398,6275,982,395.67,9
3399,6277,982,440.25,3
3400,6278,983,374.89,5
3401,6279,983,377.64,9
3402,6280,983,245.93,2
3403,6281,983,328.79,9
3404,6287,983,317.2,5
3405,6289,983,108.76,7
3406,6291,983,352.21,4
3407,6292,984,166.27,9
3408,6293,984,384.87,11
3409,6294,984,285.28,7
3410,6296,984,286.82,6
3411,6297,984,274.89,10
3412,6298,984,265.12,6
3413,6299,984,299.42,12
3414,6302,986,403.46,1
3415,6305,986,222.42,10
3416,6306,986,321.01,3
3417,6308,987,510.02,10
3418,6309,987,259.56,5
3419,6312,987,318.55,3
3420,6314,987,395.74,11
3421,6316,987,516.61,6
3422,6317,987,459.67,12
3423,6319,987,307.37,11
3424,6325,989,355.35,5
3425,6327,989,301.28,6
3426,6328,989,418.32,11
3427,6330,989,309.26,10
3428,6332,989,473.21,2
3429,6333,989,146.26,11
3430,6335,990,375.2,9
3431,6336,990,387.31,7
3432,6338,990,93.33,1
3433,6341,990,172.88,9
3434,6342,990,438.31,10
3435,6343,990,366.72,5
3436,6344,991,391.28,11
3437,6347,991,471.08,10
3438,6348,991,288.83,9
3439,6350,991,470.39,6
3440,6351,991,583.31,1
3441,6354,991,433.9,7
3442,6355,991,358.99,1
3443,6357,992,314.99,2
3444,6358,992,338.9,10
3445,6359,992,335.77,8
3446,6360,992,322.47,12
3447,6364,993,220.82,12
3448,6365,993,358.38,10
3449,6366,994,340.93,7
3450,6367,994,442.92,1
3451,6368,994,371.37,9
3452,6369,994,254.18,10
3453,6370,994,221.33,12
3454,6372,994,319.49,2
3455,6380,994,241.85,2
3456,6382,995,333.05,12
3457,6385,996,259.1,2
3458,6388,998,434.99,6
3459,6389,998,372.71,7
3460,6390,998,409.34,10
3461,6391,998,305.18,3
3462,6392,998,337.85,5
3463,6397,998,402.59,2
3464,6398,999,352.93,11
3465,6399,999,383.75,5
3466,6400,1000,258.73,6
3467,6401,1000,397.2,7
3468,6405,1001,267.35,4
3469,6406,1001,507.74,4
3470,6407,1002,337.54,3
3471,6408,1002,419.42,8
3472,6410,1003,280.23,6
3473,6411,1003,300.7,11
3474,6412,1003,296.28,1
3475,6415,1003,161.58,11
3476,6417,1004,82.71,6
3477,6418,1004,294.06,4
3478,6419,1004,150.05,3
3479,6423,1004,345.75,2
3480,6425,1005,305.68,2
3481,6426,1005,66.34,7
3482,6427,1005,272.09,11
3483,6428,1005,317.75,1
3484,6429,1005,447.01,12
3485,6430,1005,278.89,1
3486,6431,1005,172.26,12
3487,6432,1005,160.74,12
3488,6434,1005,273.07,2
3489,6436,1006,231.34,8
3490,6437,1007,301.42,12
3491,6439,1007,335.36,4
3492,6442,1008,368.3,5
3493,6443,1008,370.95,2
3494,6445,1008,265.99,3
3495,6447,1009,376.65,8
3496,6454,1010,182.51,11
3497,6455,1010,332.29,12
3498,6456,1010,339.19,9
3499,6461,1010,331.3,7
3500,6465,1010,226.72,10
3501,6467,1011,236.51,10
3502,6468,1011,378.19,5
3503,6469,1011,282.37,10
3504,6472,1011,373.07,4
3505,6473,1011,265.2,1
3506,6474,1012,576.78,5
3507,6476,1012,294.85,12
3508,6477,1012,427.45,8
3509,6479,1012,533.89,7
3510,6482,1013,419.95,5
3511,6483,1013,288.21,6
3512,6484,1013,311.22,3
3513,6485,1013,50.0,8
3514,6489,1014,109.32,7
3515,6490,1014,318.43,9
3516,6491,1014,267.61,2
3517,6494,1014,219.38,3
3518,6500,1015,323.07,12
3519,6504,1016,266.97,1
3520,6505,1016,232.61,4
3521,6506,1016,410.37,10
3522,6507,1016,203.96,11
3523,6508,1016,382.75,7
3524,6510,1016,341.58,4
3525,6511,1017,442.94,4
3526,6512,1017,277.33,5
3527,6517,1017,198.85,11
3528,6519,1017,262.87,8
3529,6520,1017,316.29,8
3530,6528,1021,408.89,6
3531,6529,1021,392.49,6
3532,6536,1022,300.43,9
3533,6539,1023,313.06,10
3534,6540,1023,382.77,6
3535,6542,1023,414.98,4
3536,6544,1024,349.42,7
3537,6545,1024,345.93,9
3538,6547,1024,341.42,7
3539,6548,1024,344.23,5
3540,6550,1024,344.33,4
3541,6551,1024,230.27,1
3542,6552,1025,174.36,7
3543,6553,1025,241.07,8
3544,6554,1026,278.2,12
3545,6555,1026,379.15,2
3546,6556,1026,295.62,8
3547,6559,1026,338.26,8
3548,6562,1026,326.34,7
3549,6565,1026,364.67,10
3550,6566,1026,281.47,7
3551,6569,1026,254.68,9
3552,6572,1027,171.74,11
3553,6574,1027,349.91,8
3554,6575,1027,50.61,6
3555,6576,1027,334.72,9
3556,6578,1028,399.98,9
3557,6579,1028,306.55,9
3558,6580,1028,352.87,2
3559,6581,1028,281.23,7
3560,6583,1028,319.48,10
3561,6588,1028,305.45,3
3562,6590,1029,382.53,11
3563,6593,1029,294.4,8
3564,6596,1029,213.05,10
3565,6597,1030,349.39,3
3566,6598,1030,308.55,7
3567,6599,1030,257.25,5
3568,6600,1030,378.16,12
3569,6601,1030,499.69,10
3570,6603,1030,362.41,7
3571,6604,1030,391.7,7
3572,6610,1031,333.65,8
3573,6612,1031,448.68,11
3574,6615,1032,378.71,9
3575,6616,1032,269.89,3
3576,6621,1032,373.68,11
3577,6622,1032,358.85,5
3578,6623,1033,284.44,4
3579,6624,1033,431.87,3
3580,6625,1033,206.17,12
3581,6626,1033,353.49,2
3582,6627,1033,281.15,7
3583,6628,1033,175.42,4
3584,6629,1033,330.54,11
3585,6630,1033,282.77,5
3586,6632,1034,267.44,8
3587,6633,1034,224.62,2
3588,6636,1036,500.92,2
3589,6637,1036,98.59,12
3590,6640,1036,125.43,5
3591,6641,1036,367.05,5
3592,6643,1036,361.67,4
3593,6645,1036,194.95,10
3594,6646,1036,266.17,2
3595,6648,1037,376.42,1
3596,6652,1037,295.2,6
3597,6655,1038,391.65,5
3598,6657,1038,315.9,4
3599,6658,1038,273.01,7
3600,6660,1038,188.8,11
3601,6661,1038,314.11,6
3602,6665,1039,262.29,2
3603,6666,1039,409.59,10
3604,6667,1039,405.98,8
3605,6669,1039,297.91,9
3606,6670,1039,316.73,7
3607,6671,1039,286.6,8
3608,6677,1039,272.22,11
3609,6678,1040,223.66,12
3610,6680,1040,326.08,6
3611,6681,1040,293.89,4
3612,6686,1040,454.1,7
3613,6688,1040,288.27,1
3614,6694,1042,536.52,11
3615,6697,1043,482.67,5
3616,6699,1043,255.23,1
3617,6700,1044,313.22,11
3618,6704,1044,180.22,2
3619,6705,1044,282.2,12
3620,6707,1044,353.69,3
3621,6708,1044,338.5,3
3622,6711,1045,247.28,1
3623,6712,1045,313.12,11
3624,6713,1045,365.05,9
3625,6714,1045,308.52,7
3626,6715,1045,441.38,4
3627,6716,1045,311.96,3
3628,6717,1045,177.13,9
3629,6718,1045,175.93,7
3630,6720,1045,286.19,10
3631,6723,1046,212.93,3
3632,6724,1046,174.27,6
3633,6726,1046,281.58,2
3634,6730,1047,391.71,3
3635,6731,1047,278.29,11
3636,6732,1047,349.74,1
3637,6734,1047,449.35,10
3638,6735,1048,354.48,9
3639,6736,1048,236.06,12
3640,6737,1048,317.78,1
3641,6741,1049,280.6,12
3642,6743,1049,365.26,10
3643,6746,1049,336.79,3
3644,6747,1049,294.55,2
3645,6748,1049,327.19,4
3646,6749,1049,291.18,3
3647,6751,1050,176.2,5
3648,6753,1050,145.47,3
3649,6756,1051,398.66,11
3650,6757,1051,412.5,8
3651,6758,1051,336.82,6
3652,6760,1051,404.85,5
3653,6761,1051,474.37,10
3654,6765,1051,279.35,8
3655,6767,1052,254.14,11
3656,6768,1052,386.15,8
3657,6769,1052,445.77,10
3658,6770,1052,259.45,2
3659,6772,1053,452.72,6
3660,6773,1053,285.97,2
3661,6774,1054,340.23,2
3662,6775,1054,287.33,4
3663,6778,1054,342.48,4
3664,6779,1054,225.49,9
3665,6780,1054,412.61,7
3666,6781,1054,172.83,5
3667,6782,1055,235.92,8
3668,6783,1055,436.71,9
3669,6785,1056,523.67,4
3670,6786,1056,272.45,2
3671,6788,1057,458.06,3
3672,6789,1057,436.39,2
3673,6792,1057,356.7,2
3674,6794,1058,276.81,11
3675,6797,1059,446.29,9
3676,6798,1059,303.06,8
3677,6799,1059,361.85,2
3678,6800,1059,125.43,6
3679,6801,1059,283.74,8
3680,6803,1059,265.04,3
3681,6807,1060,331.35,4
3682,6811,1060,291.77,3
3683,6812,1060,274.27,10
3684,6813,1061,319.65,4
3685,6814,1061,250.27,10
3686,6815,1061,170.95,9
3687,6816,1061,279.77,10
3688,6819,1061,299.61,4
3689,6822,1062,387.56,12
3690,6823,1062,301.5,6
3691,6829,1062,355.11,9
3692,6830,1062,254.88,9
3693,6831,1063,318.4,1
3694,6833,1063,164.24,3
3695,6835,1064,263.47,11
3696,6837,1064,75.02,10
3697,6839,1065,212.84,10
3698,6841,1066,205.38,2
3699,6842,1066,375.38,5
3700,6844,1067,351.69,5
3701,6845,1067,416.14,11
3702,6847,1068,201.23,11
3703,6849,1068,393.94,4
3704,6850,1068,268.08,5
3705,6852,1068,481.48,6
3706,6853,1068,303.92,5
3707,6854,1069,464.48,12
3708,6855,1069,578.88,10
3709,6856,1069,358.1,10
3710,6861,1070,480.36,6
3711,6862,1070,290.21,10
3712,6864,1070,438.03,11
3713,6866,1070,314.26,3
3714,6867,1071,371.03,5
3715,6868,1071,365.42,12
3716,6869,1071,304.09,4
3717,6870,1071,186.53,4
3718,6871,1071,197.91,5
3719,6872,1071,424.44,2
3720,6875,1072,336.85,6
3721,6876,1072,407.5,3
3722,6878,1072,274.88,12
3723,6880,1073,288.74,1
3724,6881,1073,287.82,5
3725,6884,1073,169.74,7
3726,6885,1073,288.85,1
3727,6887,1074,291.7,4
3728,6888,1074,319.09,8
3729,6889,1074,297.39,10
3730,6890,1074,442.61,12
3731,6891,1074,267.71,7
3732,6892,1074,395.34,11
3733,6894,1074,347.06,8
3734,6895,1075,322.79,12
3735,6896,1075,387.65,11
3736,6904,1077,289.55,6
3737,6905,1077,272.84,4
3738,6906,1077,287.49,5
3739,6907,1077,338.57,6
3740,6908,1078,154.91,4
3741,6913,1079,304.94,2
3742,6914,1079,382.34,10
3743,6915,1079,317.81,9
3744,6916,1079,330.62,10
3745,6918,1079,361.48,8
3746,6920,1080,327.95,10
3747,6921,1080,173.89,9
3748,6922,1080,451.24,6
3749,6924,1080,555.25,10
3750,6928,1081,457.24,9
3751,6931,1082,300.76,9
3752,6932,1082,240.29,4
3753,6938,1082,456.25,9
3754,6939,1082,332.86,7
3755,6940,1083,403.69,2
3756,6941,1083,230.72,11
3757,6943,1083,366.03,8
3758,6944,1083,354.86,9
3759,6945,1083,444.64,4
3760,6946,1083,393.63,10
3761,6953,1086,335.06,7
3762,6954,1086,490.27,10
3763,6955,1086,295.83,8
3764,6956,1087,458.06,5
3765,6957,1087,370.88,3
3766,6960,1087,386.77,11
3767,6961,1087,587.61,4
3768,6963,1087,127.28,11
3769,6965,1088,194.96,10
3770,6966,1088,425.71,4
3771,6967,1088,402.38,5
3772,6970,1088,331.55,9
3773,6972,1088,420.77,10
3774,6978,1089,219.47,4
3775,6979,1089,495.98,6
3776,6981,1089,444.8,6
3777,6983,1089,471.69,2
3778,6985,1090,178.38,3
3779,6986,1090,416.05,11
3780,6987,1091,320.14,8
3781,6989,1091,534.91,5
3782,6991,1092,343.52,1
3783,6992,1093,240.1,5
3784,6994,1093,372.54,11
3785,6996,1093,167.65,1
3786,6997,1093,415.18,9
3787,6998,1094,281.73,4
3788,7000,1094,303.93,3
3789,7002,1094,342.42,11
3790,7005,1095,291.81,12
3791,7007,1095,466.47,12
3792,7010,1095,294.59,6
3793,7012,1095,366.56,6
3794,7013,1095,370.41,2
3795,7017,1095,323.76,4
3796,7018,1095,249.03,7
3797,7023,1096,114.89,9
3798,7024,1096,419.6,7
3799,7026,1096,226.7,8
3800,7027,1096,500.91,11
3801,7028,1097,264.3,6
3802,7030,1097,434.25,12
3803,7032,1097,331.7,11
3804,7033,1097,462.47,2
3805,7034,1097,354.15,3
3806,7035,1098,363.24,7
3807,7038,1098,215.92,4
3808,7040,1098,388.41,8
3809,7041,1098,403.6,5
3810,7043,1099,335.68,3
3811,7044,1099,419.0,8
3812,7045,1099,356.99,10
3813,7046,1099,429.32,4
3814,7047,1099,330.73,7
3815,7048,1100,419.92,3
3816,7049,1100,343.77,6
3817,7050,1100,505.18,6
3818,7052,1100,289.78,11
3819,7053,1100,311.62,6
3820,7055,1101,260.33,6
3821,7057,1101,285.13,5
3822,7059,1101,273.38,10
3823,7060,1102,505.35,9
3824,7063,1102,508.3,6
3825,7066,1103,309.33,1
3826,7067,1103,448.03,3
3827,7068,1103,305.51,11
3828,7069,1104,359.01,1
3829,7070,1104,458.24,4
3830,7073,1104,299.05,2
3831,7075,1105,230.01,6
3832,7078,1105,362.43,8
3833,7079,1105,247.32,9
3834,7080,1105,323.25,10
3835,7081,1105,349.54,3
3836,7083,1105,381.32,10
3837,7084,1106,382.4,11
3838,7086,1106,347.66,5
3839,7087,1106,397.39,4
3840,7088,1106,460.6,3
3841,7089,1107,396.77,10
3842,7090,1107,415.19,5
3843,7091,1107,240.02,11
3844,7092,1107,340.55,4
3845,7096,1108,357.86,7
3846,7097,1108,529.61,2
3847,7098,1109,122.86,12
3848,7100,1109,400.25,7
3849,7103,1110,369.97,2
3850,7105,1111,386.63,11
3851,7108,1111,197.75,5
3852,7109,1111,338.11,6
3853,7111,1111,489.12,10
3854,7115,1112,216.66,4
3855,7116,1112,384.75,12
3856,7118,1112,267.66,4
3857,7120,1113,471.29,8
3858,7121,1113,395.75,7
3859,7122,1113,362.9,5
3860,7123,1113,253.25,9
3861,7124,1113,307.02,12
3862,7126,1113,287.6,10
3863,7127,1113,241.35,12
3864,7129,1114,306.51,7
3865,7130,1114,144.66,8
3866,7135,1114,385.28,5
3867,7136,1115,282.71,4
3868,7139,1116,256.61,3
3869,7142,1117,190.93,8
3870,7143,1117,357.71,11
3871,7145,1118,493.65,12
3872,7147,1118,292.89,11
3873,7149,1118,443.74,9
3874,7150,1118,372.17,6
3875,7154,1118,305.75,5
3876,7155,1118,495.23,10
3877,7156,1118,164.63,8
3878,7157,1119,333.0,11
3879,7158,1119,288.22,2
3880,7159,1119,348.65,9
3881,7160,1119,215.94,12
3882,7162,1119,392.47,10
3883,7165,1121,173.54,6
3884,7168,1121,377.96,10
3885,7170,1122,274.69,3
3886,7173,1122,361.57,11
3887,7176,1122,256.5,1
3888,7177,1122,243.34,5
3889,7181,1123,462.94,3
3890,7182,1123,473.21,1
3891,7185,1124,217.0,11
3892,7188,1124,334.31,7
3893,7190,1124,389.64,7
3894,7193,1125,314.06,8
3895,7195,1125,317.1,9
3896,7196,1125,385.05,7
3897,7205,1126,369.2,6
3898,7206,1127,279.59,1
3899,7207,1127,367.4,5
3900,7209,1127,296.26,3
3901,7212,1128,288.04,8
3902,7213,1128,253.71,10
3903,7214,1128,253.98,6
3904,7215,1128,343.29,11
3905,7216,1128,182.29,9
3906,7217,1128,179.76,10
3907,7219,1129,304.88,7
3908,7221,1129,320.34,6
3909,7222,1129,225.55,4
3910,7225,1129,477.62,8
3911,7228,1129,252.89,11
3912,7230,1129,261.08,10
3913,7231,1129,253.59,12
3914,7233,1130,405.47,5
3915,7234,1130,472.64,7
3916,7235,1130,233.06,5
3917,7238,1130,395.64,9
3918,7240,1130,343.95,9
3919,7241,1131,251.39,2
3920,7243,1131,343.71,4
3921,7245,1131,201.27,6
3922,7246,1131,297.48,2
3923,7247,1131,229.88,9
3924,7248,1132,289.75,4
3925,7250,1132,326.19,8
3926,7253,1133,454.53,9
3927,7255,1133,324.79,2
3928,7259,1133,230.4,11
3929,7265,1134,321.48,2
3930,7266,1134,133.35,6
3931,7267,1135,396.96,7
3932,7268,1135,247.02,8
3933,7270,1135,491.0,4
3934,7271,1135,402.27,4
3935,7272,1136,329.72,1
3936,7274,1136,293.22,8
3937,7276,1137,281.31,7
3938,7278,1138,287.24,2
3939,7280,1138,319.37,11
3940,7282,1138,283.59,1
3941,7286,1139,370.02,9
3942,7289,1139,452.23,1
3943,7290,1139,329.28,11
3944,7291,1139,419.51,3
3945,7293,1140,200.89,11
3946,7294,1140,352.09,7
3947,7295,1141,327.71,11
3948,7296,1141,194.47,12
3949,7297,1141,297.02,8
3950,7298,1141,397.01,5
3951,7302,1141,77.85,3
3952,7304,1142,302.01,9
3953,7306,1142,279.24,8
3954,7308,1142,344.23,9
3955,7312,1143,401.56,1
3956,7313,1143,382.91,2
3957,7314,1143,407.46,4
3958,7315,1144,426.28,1
3959,7317,1145,287.3,7
3960,7318,1146,101.53,9
3961,7319,1147,380.52,4
3962,7320,1147,229.28,1
3963,7322,1147,345.41,11
3964,7325,1147,192.46,6
3965,7327,1147,253.3,9
3966,7328,1147,372.2,4
3967,7331,1148,280.04,9
3968,7332,1148,169.74,12
3969,7334,1149,198.09,7
3970,7336,1150,421.48,10
3971,7337,1150,288.22,7
3972,7338,1150,290.27,7
3973,7341,1150,265.02,11
3974,7342,1150,183.24,1
3975,7343,1151,295.9,10
3976,7344,1151,431.33,11
3977,7346,1151,249.97,2
3978,7348,1151,150.05,9
3979,7349,1151,389.69,5
3980,7350,1151,327.58,11
3981,7351,1151,337.09,4
3982,7355,1152,354.07,3
3983,7356,1152,162.99,9
3984,7357,1152,309.8,6
3985,7359,1153,341.81,6
3986,7361,1153,316.13,4
3987,7363,1153,315.48,8
3988,7364,1153,424.14,6
3989,7365,1153,359.59,1
3990,7367,1153,376.56,4
3991,7369,1153,305.88,7
3992,7371,1154,89.67,9
3993,7372,1154,290.7,5
3994,7373,1154,317.8,8
3995,7374,1154,302.55,9
3996,7375,1154,313.24,9
3997,7376,1154,339.22,1
3998,7378,1154,405.48,1
3999,7382,1155,242.83,12
4000,7388,1156,301.51,10
4001,7390,1157,458.34,1
4002,7392,1157,174.1,10
4003,7393,1157,295.06,8
4004,7395,1157,123.6,8
4005,7396,1157,296.77,6
4006,7397,1158,329.16,10
4007,7398,1158,156.47,5
4008,7400,1158,338.88,5
4009,7404,1159,258.98,10
4010,7406,1160,417.18,10
4011,7408,1160,362.77,7
4012,7409,1160,271.21,9
4013,7411,1160,301.27,3
4014,7412,1160,459.54,11
4015,7413,1160,309.63,3
4016,7414,1161,198.89,3
4017,7415,1161,217.2,8
4018,7416,1161,303.06,7
4019,7417,1161,421.24,12
4020,7418,1162,275.89,7
4021,7419,1162,221.5,9
4022,7420,1162,320.8,6
4023,7421,1162,349.47,6
4024,7422,1162,366.44,7
4025,7424,1163,166.9,7
4026,7425,1163,348.43,7
4027,7427,1163,343.41,5
4028,7428,1164,280.36,1
4029,7429,1165,422.24,1
4030,7430,1165,360.72,7
4031,7431,1166,242.86,11
4032,7433,1167,362.22,5
4033,7435,1167,150.13,3
4034,7436,1167,277.02,10
4035,7437,1167,283.15,9
4036,7438,1167,379.5,3
4037,7439,1167,593.58,4
4038,7440,1167,293.6,10
4039,7441,1167,451.84,8
4040,7442,1168,442.2,3
4041,7443,1168,200.32,10
4042,7445,1169,440.52,6
4043,7446,1169,256.57,2
4044,7447,1169,320.83,12
4045,7449,1170,526.69,1
4046,7453,1170,366.5,7
4047,7456,1170,262.14,5
4048,7458,1170,360.09,4
4049,7459,1170,182.37,9
4050,7462,1172,415.59,9
4051,7463,1172,262.07,2
4052,7466,1172,98.69,6
4053,7467,1172,287.58,8
4054,7468,1172,273.73,4
4055,7471,1173,364.89,7
4056,7473,1173,216.2,1
4057,7480,1174,351.38,5
4058,7481,1174,258.75,2
4059,7483,1176,313.67,12
4060,7485,1176,415.98,11
4061,7489,1176,418.91,9
4062,7490,1176,434.8,7
4063,7492,1176,251.45,9
4064,7493,1177,346.75,12
4065,7494,1177,350.62,8
4066,7495,1177,432.71,8
4067,7498,1177,290.49,10
4068,7499,1177,185.99,10
4069,7501,1177,396.4,1
4070,7503,1177,440.69,10
4071,7504,1177,348.55,7
4072,7505,1177,221.64,8
4073,7506,1177,514.9,10
4074,7507,1177,330.82,11
4075,7508,1178,260.62,6
4076,7509,1178,418.77,6
4077,7511,1178,469.83,8
4078,7514,1179,175.4,8
4079,7515,1179,368.38,10
4080,7516,1180,436.76,12
4081,7517,1180,310.64,8
4082,7518,1181,333.31,9
4083,7520,1181,308.34,4
4084,7522,1181,458.17,3
4085,7523,1181,220.67,1
4086,7524,1181,296.81,5
4087,7525,1181,513.4,4
4088,7527,1181,264.15,7
4089,7528,1181,181.28,7
4090,7532,1182,319.05,11
4091,7533,1182,417.21,7
4092,7534,1182,316.61,2
4093,7536,1183,276.28,9
4094,7537,1183,365.07,10
4095,7538,1183,544.12,6
4096,7539,1183,296.93,8
4097,7542,1184,506.49,12
4098,7543,1184,357.2,2
4099,7544,1184,242.18,10
4100,7545,1184,469.66,7
4101,7546,1184,288.62,8
4102,7547,1184,179.82,7
4103,7548,1185,346.45,10
4104,7549,1185,278.09,1
4105,7551,1185,483.35,11
4106,7554,1185,356.5,8
4107,7559,1186,271.89,8
4108,7561,1186,398.22,5
4109,7564,1187,320.26,4
4110,7567,1187,349.28,12
4111,7569,1187,105.44,1
4112,7570,1187,216.34,12
4113,7571,1187,340.81,3
4114,7572,1187,204.65,3
4115,7576,1189,266.5,12
4116,7577,1189,403.43,11
4117,7578,1189,366.48,10
4118,7580,1189,425.02,3
4119,7581,1189,321.21,10
4120,7582,1189,258.6,5
4121,7583,1189,447.07,8
4122,7587,1189,324.17,12
4123,7588,1189,223.7,4
4124,7589,1190,467.06,8
4125,7591,1190,326.09,7
4126,7594,1190,408.15,10
4127,7597,1191,346.6,8
4128,7600,1191,407.91,2
4129,7603,1191,378.04,2
4130,7605,1191,292.77,2
4131,7608,1192,287.32,11
4132,7610,1192,384.18,4
4133,7611,1192,330.39,1
4134,7613,1192,319.45,6
4135,7615,1192,280.99,9
4136,7616,1192,295.9,9
4137,7619,1193,184.18,11
4138,7620,1193,365.86,11
4139,7621,1193,262.45,4
4140,7623,1193,329.83,1
4141,7624,1193,314.23,8
4142,7625,1193,337.79,10
4143,7626,1193,323.0,10
4144,7628,1194,361.01,5
4145,7629,1194,240.96,8
4146,7631,1194,313.5,11
4147,7633,1194,322.55,4
4148,7636,1194,242.57,9
4149,7641,1195,231.67,12
4150,7645,1195,268.87,5
4151,7647,1195,335.73,10
4152,7651,1196,222.19,10
4153,7652,1196,404.75,7
4154,7653,1197,264.93,8
4155,7655,1197,319.3,3
4156,7656,1198,380.34,1
4157,7657,1198,187.27,4
4158,7658,1198,442.84,12
4159,7659,1198,240.59,3
4160,7661,1199,439.51,8
4161,7663,1200,366.87,2
4162,7666,1200,157.56,10
4163,7670,1202,306.35,2
4164,7672,1202,249.52,1
4165,7677,1204,467.69,6
4166,7679,1205,338.88,3
4167,7683,1205,145.59,12
4168,7686,1205,433.62,10
4169,7688,1205,369.45,1
4170,7689,1206,357.39,9
4171,7692,1208,322.05,7
4172,7693,1208,192.17,10
4173,7694,1208,462.31,2
4174,7695,1208,298.39,7
4175,7696,1208,449.54,5
4176,7697,1209,321.3,1
4177,7701,1209,302.87,2
4178,7702,1210,164.41,3
4179,7703,1210,256.3,1
4180,7705,1210,438.99,5
4181,7706,1210,384.91,11
4182,7707,1210,367.23,3
4183,7708,1210,373.26,3
4184,7709,1210,320.3,5
4185,7710,1211,277.74,9
4186,7712,1211,248.08,12
4187,7714,1211,278.78,11
4188,7720,1212,332.74,11
4189,7721,1212,250.59,11
4190,7727,1213,321.51,2
4191,7729,1213,327.11,7
4192,7730,1213,303.63,4
4193,7731,1214,172.05,11
4194,7732,1214,225.41,11
4195,7733,1214,305.43,6
4196,7734,1214,127.77,4
4197,7737,1214,412.28,10
4198,7739,1215,436.98,3
4199,7742,1215,396.66,1
4200,7744,1215,345.39,6
4201,7751,1216,209.03,8
4202,7752,1216,347.61,7
4203,7753,1216,446.44,5
4204,7755,1217,218.03,10
4205,7756,1217,549.88,11
4206,7758,1217,393.6,4
4207,7759,1217,224.55,11
4208,7761,1218,229.1,8
4209,7762,1218,274.53,3
4210,7763,1218,315.16,11
4211,7765,1218,286.11,10
4212,7767,1218,67.92,6
4213,7769,1218,202.79,5
4214,7770,1218,319.38,1
4215,7771,1219,337.09,7
4216,7773,1219,401.19,3
4217,7776,1219,260.08,10
4218,7778,1220,333.46,7
4219,7779,1220,320.85,6
4220,7780,1220,244.68,7
4221,7781,1220,375.89,1
4222,7783,1221,363.32,9
4223,7784,1221,528.58,9
4224,7786,1221,416.07,3
4225,7787,1222,180.92,7
4226,7789,1222,403.94,9
4227,7791,1222,191.16,11
4228,7793,1222,452.68,10
4229,7794,1222,293.47,6
4230,7795,1222,348.56,1
4231,7796,1222,438.29,5
4232,7797,1222,362.37,1
4233,7798,1222,393.13,1
4234,7799,1223,261.64,10
4235,7801,1224,236.14,5
4236,7803,1226,322.5,12
4237,7805,1226,379.34,9
4238,7807,1226,310.87,3
4239,7811,1227,467.76,11
4240,7814,1227,371.13,5
4241,7815,1227,292.65,11
4242,7816,1227,306.03,3
4243,7817,1227,270.45,6
4244,7820,1228,362.74,8
4245,7822,1228,284.74,8
4246,7826,1229,337.97,12
4247,7828,1229,457.82,8
4248,7830,1230,361.0,6
4249,7831,1230,315.39,6
4250,7832,1230,300.14,9
4251,7835,1230,438.87,5
4252,7837,1230,355.22,6
4253,7838,1230,388.21,7
4254,7839,1230,267.8,9
4255,7840,1230,200.36,2
4256,7841,1230,435.48,2
4257,7842,1231,415.92,6
4258,7846,1232,224.82,5
4259,7847,1232,395.35,8
4260,7849,1232,443.2,12
4261,7852,1233,285.01,8
4262,7854,1233,315.91,8
4263,7855,1233,492.22,9
4264,7859,1235,433.61,12
4265,7860,1235,254.03,8
4266,7861,1235,262.26,5
4267,7862,1236,299.24,4
4268,7864,1236,343.62,12
4269,7866,1236,367.67,5
4270,7869,1237,207.38,11
4271,7870,1237,265.25,4
4272,7872,1237,151.73,2
4273,7876,1237,388.62,6
4274,7882,1238,324.79,11
4275,7884,1238,300.21,8
4276,7885,1238,281.45,12
4277,7887,1239,305.67,12
4278,7891,1239,356.73,12
4279,7892,1239,212.87,12
4280,7895,1239,253.79,10
4281,7896,1239,228.4,9
4282,7901,1240,88.57,7
4283,7902,1240,480.26,6
4284,7903,1241,381.13,7
4285,7904,1241,246.91,7
4286,7906,1241,341.47,2
4287,7907,1242,215.16,6
4288,7909,1242,365.08,11
4289,7910,1242,536.16,8
4290,7913,1243,405.79,8
4291,7914,1243,141.73,4
4292,7915,1243,181.88,6
4293,7916,1243,186.2,9
4294,7919,1244,282.3,1
4295,7920,1244,314.02,6
4296,7922,1244,447.03,10
4297,7923,1244,197.84,3
4298,7924,1244,322.0,7
4299,7925,1244,82.58,12
4300,7926,1244,227.38,11
4301,7928,1245,199.31,6
4302,7933,1245,127.36,11
4303,7934,1246,388.28,6
4304,7935,1246,261.21,1
4305,7938,1247,336.06,10
4306,7939,1247,195.44,8
4307,7941,1248,425.83,5
4308,7942,1248,234.19,11
4309,7945,1248,420.05,9
4310,7946,1248,416.46,6
4311,7948,1248,343.12,4
4312,7951,1248,351.73,8
4313,7952,1249,228.95,4
4314,7953,1249,174.2,6
4315,7955,1249,337.2,6
4316,7959,1250,339.52,3
4317,7961,1250,286.14,4
4318,7963,1251,246.06,8
4319,7964,1251,242.33,3
4320,7965,1251,186.86,3
4321,7968,1252,405.99,2
4322,7969,1252,257.31,11
4323,7973,1252,234.88,3
4324,7975,1252,376.75,8
4325,7976,1253,272.62,3
4326,7977,1254,266.2,6
4327,7978,1254,421.81,6
4328,7979,1254,216.37,6
4329,7981,1254,221.54,4
4330,7983,1254,149.68,9
4331,7984,1254,317.7,12
4332,7986,1255,266.98,5
4333,7989,1255,487.5,9
4334,7990,1255,266.71,7
4335,7991,1255,378.47,5
4336,7992,1255,241.64,10
4337,7995,1256,393.46,11
4338,7996,1256,450.7,5
4339,7997,1256,272.87,9
4340,7998,1256,304.84,10
4341,8002,1257,300.6,9
4342,8003,1257,344.3,5
4343,8004,1257,408.99,5
4344,8005,1257,263.9,3
4345,8006,1257,414.49,9
4346,8007,1257,338.23,4
4347,8008,1257,461.92,8
4348,8011,1258,350.44,2
4349,8012,1258,193.56,4
4350,8013,1258,384.16,2
4351,8014,1258,320.84,3
4352,8019,1259,294.58,3
4353,8021,1259,366.77,2
4354,8022,1259,249.98,6
4355,8023,1259,302.88,11
4356,8024,1259,273.26,8
4357,8025,1259,381.32,3
4358,8026,1260,290.79,2
4359,8027,1260,332.84,12
4360,8028,1260,334.83,11
4361,8030,1260,364.35,9
4362,8037,1262,277.19,11
4363,8041,1263,428.42,6
4364,8042,1263,413.36,12
4365,8043,1263,489.03,5
4366,8046,1264,238.79,4
4367,8050,1264,336.43,10
4368,8051,1264,177.23,10
4369,8052,1265,218.91,12
4370,8053,1265,387.01,1
4371,8056,1265,309.44,12
4372,8058,1265,233.03,7
4373,8060,1265,390.0,11
4374,8062,1265,350.27,3
4375,8064,1266,104.62,12
4376,8065,1266,419.44,8
4377,8066,1266,325.49,2
4378,8068,1266,270.83,4
4379,8071,1268,199.05,6
4380,8073,1268,361.57,11
4381,8075,1268,276.62,11
4382,8076,1268,306.65,12
4383,8079,1268,324.86,11
4384,8082,1269,367.22,1
4385,8083,1269,345.82,2
4386,8085,1269,456.27,10
4387,8086,1269,160.11,2
4388,8089,1270,268.42,11
4389,8091,1270,417.37,10
4390,8092,1270,505.51,5
4391,8093,1270,424.92,4
4392,8094,1271,365.54,9
4393,8095,1271,398.93,3
4394,8096,1271,396.1,3
4395,8097,1271,268.16,2
4396,8101,1271,374.96,11
4397,8103,1272,233.06,7
4398,8105,1272,332.35,10
4399,8107,1272,276.23,5
4400,8108,1272,362.98,7
4401,8109,1272,272.46,5
4402,8110,1272,326.76,8
4403,8112,1272,229.63,6
4404,8115,1273,286.9,7
4405,8116,1273,424.73,8
4406,8119,1273,152.91,2
4407,8124,1273,325.51,3
4408,8129,1274,446.45,5
4409,8133,1274,400.33,3
4410,8134,1274,327.67,7
4411,8138,1275,387.51,2
4412,8139,1275,253.79,9
4413,8141,1275,386.09,2
4414,8143,1276,430.77,12
4415,8145,1276,341.24,9
4416,8146,1277,410.36,9
4417,8148,1277,228.63,8
4418,8149,1277,215.68,8
4419,8151,1277,390.33,5
4420,8154,1278,542.51,9
4421,8155,1278,328.19,4
4422,8156,1278,399.69,6
4423,8158,1279,55.71,1
4424,8159,1279,375.07,3
4425,8160,1280,275.78,5
4426,8165,1281,500.14,12
4427,8166,1281,389.73,10
4428,8167,1281,327.55,12
4429,8168,1281,270.85,7
4430,8172,1284,435.46,6
4431,8175,1285,437.59,10
4432,8176,1285,247.33,12
4433,8177,1285,425.49,8
4434,8178,1285,411.41,2
4435,8179,1285,344.85,7
4436,8181,1286,394.64,6
4437,8184,1286,371.03,6
4438,8186,1286,226.57,9
4439,8187,1286,352.3,3
4440,8191,1287,308.52,3
4441,8192,1287,222.2,9
4442,8194,1287,249.47,11
4443,8195,1287,170.73,8
4444,8196,1288,163.45,2
4445,8197,1288,268.1,12
4446,8199,1288,419.71,12
4447,8200,1288,203.85,12
4448,8201,1288,211.9,8
4449,8202,1288,492.46,10
4450,8203,1289,234.42,6
4451,8205,1289,322.72,6
4452,8206,1289,365.15,12
4453,8207,1289,302.25,8
4454,8208,1289,315.93,8
4455,8209,1289,247.62,3
4456,8211,1290,261.69,2
4457,8212,1290,349.08,12
4458,8215,1290,211.81,5
4459,8219,1291,448.76,7
4460,8223,1291,158.84,8
4461,8226,1291,339.28,5
4462,8229,1292,224.32,12
4463,8231,1293,362.48,2
4464,8239,1294,232.63,3
4465,8243,1294,373.19,7
4466,8247,1295,393.37,2
4467,8250,1295,401.24,12
4468,8252,1295,276.13,9
4469,8256,1296,455.58,8
4470,8259,1296,324.94,2
4471,8260,1296,316.26,4
4472,8261,1296,369.64,2
4473,8264,1296,172.95,3
4474,8267,1298,299.51,9
4475,8269,1298,352.72,7
4476,8270,1298,267.52,10
4477,8271,1298,316.55,12
4478,8272,1299,470.57,2
4479,8273,1299,247.99,12
4480,8274,1299,392.15,2
4481,8276,1299,263.73,2
4482,8277,1299,327.32,11
4483,8278,1299,368.14,8
4484,8279,1299,394.21,5
4485,8283,1299,353.66,6
4486,8284,1300,387.01,6
4487,8287,1301,304.07,12
4488,8288,1301,281.23,6
4489,8289,1302,413.1,12
4490,8290,1302,154.39,1
4491,8291,1302,283.69,12
4492,8292,1302,297.64,8
4493,8294,1302,336.09,9
4494,8297,1303,401.14,11
4495,8301,1304,338.57,2
4496,8302,1305,300.42,12
4497,8303,1305,395.21,1
4498,8304,1305,345.57,7
4499,8306,1305,331.64,11
4500,8307,1305,464.15,5
4501,8308,1305,407.21,1
4502,8309,1306,558.9,1
4503,8310,1306,144.17,11
4504,8312,1306,436.51,1
4505,8314,1306,453.69,1
4506,8315,1306,258.62,12
4507,8316,1306,309.55,12
4508,8322,1307,327.78,5
4509,8325,1307,279.61,5
4510,8326,1307,289.34,9
4511,8328,1308,617.55,10
4512,8329,1308,320.19,3
4513,8332,1309,373.09,11
4514,8335,1310,353.71,8
4515,8336,1310,328.41,9
4516,8337,1310,218.84,9
4517,8338,1310,406.83,2
4518,8339,1310,315.74,10
4519,8340,1311,179.88,3
4520,8343,1311,334.55,5
4521,8344,1311,347.71,7
4522,8346,1312,424.43,6
4523,8348,1312,198.67,9
4524,8349,1312,309.56,5
4525,8350,1312,258.72,11
4526,8351,1312,245.06,4
4527,8352,1313,340.25,1
4528,8353,1313,279.94,1
4529,8354,1313,365.34,10
4530,8356,1313,239.64,6
4531,8357,1313,307.24,12
4532,8359,1313,345.8,3
4533,8362,1313,357.66,8
4534,8363,1314,336.88,2
4535,8364,1314,316.2,11
4536,8366,1314,267.99,1
4537,8368,1314,462.93,7
4538,8370,1315,339.27,6
4539,8371,1315,217.89,1
4540,8373,1315,143.23,1
4541,8376,1315,427.72,4
4542,8377,1315,204.02,9
4543,8378,1315,336.73,12
4544,8380,1315,212.51,6
4545,8381,1316,332.91,4
4546,8382,1316,348.09,2
4547,8384,1316,392.06,2
4548,8387,1316,311.77,9
4549,8390,1317,312.11,2
4550,8391,1317,223.91,8
4551,8394,1318,297.07,8
4552,8395,1318,323.43,4
4553,8396,1318,323.71,5
4554,8397,1318,304.87,5
4555,8399,1318,223.3,12
4556,8402,1319,203.39,9
4557,8403,1319,455.68,7
4558,8404,1319,372.97,10
4559,8405,1319,532.29,9
4560,8406,1319,356.12,2
4561,8407,1319,379.93,7
4562,8408,1319,238.51,9
4563,8409,1319,452.18,4
4564,8410,1320,153.79,4
4565,8411,1320,378.1,5
4566,8413,1320,330.01,10
4567,8414,1320,451.32,9
4568,8415,1320,308.23,2
4569,8416,1320,323.46,6
4570,8417,1320,146.13,7
4571,8418,1320,149.66,3
4572,8420,1321,353.24,9
4573,8421,1321,422.49,12
4574,8422,1322,346.08,4
4575,8423,1322,307.84,5
4576,8424,1322,347.72,8
4577,8431,1323,337.85,6
4578,8433,1323,379.61,5
4579,8434,1323,233.4,10
4580,8438,1324,343.03,10
4581,8439,1324,228.95,9
4582,8440,1324,419.3,10
4583,8443,1324,221.49,5
4584,8445,1325,299.78,8
4585,8446,1325,373.76,6
4586,8448,1325,201.16,9
4587,8449,1325,246.7,11
4588,8452,1325,521.15,3
4589,8454,1326,404.66,12
4590,8459,1328,350.12,9
4591,8460,1328,378.07,2
4592,8461,1328,166.61,6
4593,8462,1328,376.56,11
4594,8467,1329,495.93,12
4595,8471,1329,275.55,2
4596,8472,1330,484.12,11
4597,8473,1330,278.37,10
4598,8475,1330,330.93,8
4599,8478,1330,199.46,10
4600,8481,1331,359.22,12
4601,8483,1331,333.42,7
4602,8484,1331,299.97,4
4603,8485,1332,242.52,5
4604,8486,1332,340.27,2
4605,8487,1332,263.51,2
4606,8488,1332,419.58,4
4607,8490,1332,343.34,7
4608,8491,1332,276.28,3
4609,8495,1332,410.04,8
4610,8496,1333,281.22,7
4611,8499,1334,407.53,7
4612,8500,1334,330.6,1
4613,8503,1334,148.29,11
4614,8504,1334,372.92,10
4615,8505,1334,315.22,9
4616,8506,1334,369.94,12
4617,8510,1336,339.41,4
4618,8514,1337,340.0,7
4619,8515,1337,323.84,2
4620,8516,1337,579.44,5
4621,8517,1337,367.33,11
4622,8518,1337,160.86,4
4623,8523,1339,184.29,2
4624,8524,1339,359.0,8
4625,8528,1340,268.48,10
4626,8529,1341,416.61,7
4627,8530,1341,349.06,5
4628,8531,1341,353.91,2
4629,8532,1341,237.17,12
4630,8534,1341,371.71,4
4631,8535,1341,335.5,3
4632,8538,1342,235.72,11
4633,8540,1342,236.08,6
4634,8543,1342,469.05,9
4635,8545,1342,371.12,2
4636,8547,1342,285.58,3
4637,8549,1343,270.88,2
4638,8550,1344,320.94,12
4639,8551,1344,345.96,11
4640,8552,1344,198.7,8
4641,8553,1344,308.76,10
4642,8554,1344,135.59,4
4643,8556,1345,317.78,4
4644,8558,1345,451.15,4
4645,8559,1345,202.89,3
4646,8560,1345,307.41,9
4647,8563,1345,300.45,7
4648,8564,1346,218.81,12
4649,8565,1346,279.23,11
4650,8566,1346,201.08,2
4651,8567,1346,232.9,10
4652,8568,1347,334.73,7
4653,8570,1347,354.87,11
4654,8571,1347,290.37,7
4655,8573,1347,440.77,6
4656,8575,1347,385.84,10
4657,8580,1347,497.11,12
4658,8583,1348,309.34,4
4659,8584,1348,225.6,10
4660,8585,1348,303.0,11
4661,8590,1350,501.42,8
4662,8591,1350,229.78,1
4663,8594,1350,396.44,5
4664,8595,1350,227.35,8
4665,8597,1351,287.03,7
4666,8600,1351,274.97,12
4667,8603,1352,237.44,11
4668,8604,1352,390.17,5
4669,8605,1352,449.57,1
4670,8607,1353,401.21,6
4671,8609,1353,322.4,9
4672,8610,1353,186.2,7
4673,8611,1353,331.69,9
4674,8614,1353,376.28,11
4675,8619,1355,311.73,1
4676,8623,1356,439.54,11
4677,8624,1356,302.3,9
4678,8626,1356,266.05,5
4679,8628,1356,408.84,3
4680,8629,1357,398.01,9
4681,8632,1357,454.83,8
4682,8637,1358,367.03,3
4683,8638,1358,247.58,9
4684,8639,1358,86.8,6
4685,8642,1359,164.96,2
4686,8643,1359,267.74,9
4687,8644,1359,439.39,8
4688,8645,1359,430.13,10
4689,8647,1360,283.6,7
4690,8648,1361,393.22,7
4691,8649,1361,196.14,8
4692,8651,1361,431.72,12
4693,8654,1361,294.74,6
4694,8655,1361,378.25,8
4695,8656,1361,368.43,6
4696,8658,1362,361.87,7
4697,8659,1362,211.98,6
4698,8663,1362,267.16,9
4699,8664,1363,414.92,5
4700,8665,1364,365.69,12
4701,8666,1364,222.71,7
4702,8669,1365,353.85,11
4703,8670,1365,225.83,7
4704,8673,1365,206.17,5
4705,8675,1365,264.15,10
4706,8679,1366,311.33,9
4707,8682,1366,211.8,1
4708,8684,1366,400.23,8
4709,8686,1367,256.16,3
4710,8688,1367,317.11,1
4711,8691,1367,360.34,5
4712,8693,1367,486.16,5
4713,8694,1367,373.41,5
4714,8695,1367,292.59,10
4715,8696,1368,231.18,1
4716,8697,1368,207.33,6
4717,8698,1368,231.65,11
4718,8699,1368,306.55,9
4719,8701,1368,428.52,3
4720,8702,1368,308.42,4
4721,8703,1368,269.59,6
4722,8704,1368,330.26,2
4723,8706,1369,468.35,2
4724,8707,1369,252.07,10
4725,8708,1369,361.23,11
4726,8710,1369,287.36,4
4727,8712,1370,338.09,3
4728,8713,1370,377.48,10
4729,8714,1371,443.67,4
4730,8715,1372,315.02,12
4731,8717,1372,422.06,11
4732,8718,1372,356.48,9
4733,8719,1372,203.32,11
4734,8720,1373,302.38,6
4735,8721,1373,529.2,5
4736,8722,1373,309.71,2
4737,8727,1373,291.68,7
4738,8728,1373,291.46,9
4739,8730,1373,278.1,8
4740,8731,1373,196.13,8
4741,8732,1373,113.17,5
4742,8736,1373,250.38,7
4743,8737,1374,288.37,2
4744,8738,1375,369.55,6
4745,8741,1375,286.7,6
4746,8742,1375,331.41,5
4747,8743,1375,213.64,5
4748,8744,1375,165.67,11
4749,8746,1376,351.29,11
4750,8747,1376,378.59,9
4751,8750,1376,408.38,12
4752,8752,1376,428.39,8
4753,8754,1376,438.67,1
4754,8756,1377,381.84,10
4755,8759,1378,268.65,2
4756,8763,1379,345.46,11
4757,8765,1379,291.04,4
4758,8766,1379,299.31,1
4759,8767,1379,355.26,5
4760,8769,1380,433.92,9
4761,8770,1380,388.45,2
4762,8771,1381,319.26,6
4763,8772,1381,328.87,9
4764,8773,1381,352.43,5
4765,8776,1382,426.05,6
4766,8777,1382,487.06,6
4767,8779,1382,331.69,12
4768,8781,1382,301.69,2
4769,8783,1382,334.2,11
4770,8784,1382,412.84,4
4771,8787,1383,366.89,1
4772,8788,1383,274.0,10
4773,8789,1383,321.12,2
4774,8793,1384,321.44,4
4775,8794,1384,261.79,5
4776,8795,1384,260.73,3
4777,8796,1385,211.19,11
4778,8798,1385,306.72,4
4779,8800,1385,421.8,1
4780,8802,1385,411.7,5
4781,8803,1385,317.64,3
4782,8804,1385,480.52,2
4783,8805,1385,315.08,8
4784,8812,1387,289.33,6
4785,8813,1387,142.04,1
4786,8815,1387,337.93,11
4787,8817,1388,239.39,6
4788,8818,1388,450.69,10
4789,8819,1388,208.1,2
4790,8820,1388,435.84,2
4791,8822,1389,338.43,3
4792,8823,1389,216.59,2
4793,8825,1389,170.49,10
4794,8826,1390,353.32,4
4795,8829,1390,237.12,7
4796,8830,1390,142.61,12
4797,8833,1391,498.15,4
4798,8834,1391,398.15,12
4799,8838,1391,216.98,11
4800,8839,1392,156.44,10
4801,8840,1392,426.28,7
4802,8841,1392,198.11,8
4803,8842,1392,328.93,5
4804,8843,1392,359.39,6
4805,8845,1392,273.7,6
4806,8847,1392,232.07,8
4807,8848,1392,148.83,4
4808,8849,1392,361.31,11
4809,8850,1393,534.25,6
4810,8854,1394,216.73,3
4811,8855,1394,230.29,1
4812,8856,1395,389.75,9
4813,8860,1395,100.6,1
4814,8861,1396,248.93,7
4815,8863,1396,338.81,9
4816,8864,1396,245.49,6
4817,8866,1396,366.65,11
4818,8867,1396,357.2,9
4819,8868,1397,330.34,3
4820,8869,1398,251.69,3
4821,8871,1398,283.08,7
4822,8873,1398,327.05,7
4823,8875,1398,338.96,11
4824,8876,1398,448.44,12
4825,8877,1398,385.63,12
4826,8878,1398,286.11,9
4827,8879,1399,370.83,10
4828,8880,1399,376.94,3
4829,8881,1399,260.97,8
4830,8882,1399,372.37,6
4831,8886,1399,298.8,8
4832,8887,1399,346.27,2
4833,8888,1399,410.83,12
4834,8890,1400,412.34,6
4835,8897,1402,241.75,6
4836,8899,1402,219.8,5
4837,8900,1402,480.01,11
4838,8902,1402,480.44,3
4839,8903,1402,385.93,4
4840,8904,1403,293.33,8
4841,8905,1403,293.6,11
4842,8906,1403,231.84,5
4843,8910,1403,339.56,9
4844,8911,1403,308.99,10
4845,8916,1405,311.53,6
4846,8918,1405,216.47,9
4847,8920,1405,405.84,5
4848,8922,1405,360.38,10
4849,8923,1405,361.08,11
4850,8924,1406,159.26,3
4851,8926,1406,183.43,6
4852,8927,1406,221.07,2
4853,8929,1406,389.61,4
4854,8931,1406,275.97,5
4855,8939,1407,226.9,12
4856,8940,1408,378.86,8
4857,8942,1408,290.83,6
4858,8943,1408,353.57,11
4859,8947,1408,228.37,12
4860,8948,1408,317.57,8
4861,8949,1408,440.18,12
4862,8951,1408,431.59,7
4863,8954,1408,248.63,8
4864,8955,1409,295.18,6
4865,8960,1410,393.08,2
4866,8961,1410,327.97,3
4867,8964,1410,351.76,1
4868,8965,1411,444.54,11
4869,8967,1412,339.6,7
4870,8969,1412,266.56,7
4871,8973,1413,433.04,6
4872,8976,1413,245.96,2
4873,8977,1413,317.96,6
4874,8978,1413,267.91,6
4875,8981,1413,212.65,4
4876,8982,1414,310.83,9
4877,8984,1414,325.44,1
4878,8985,1415,297.41,11
4879,8986,1415,410.04,2
4880,8987,1416,251.61,12
4881,8989,1416,352.54,9
4882,8990,1416,210.88,10
4883,8993,1416,535.83,9
4884,8995,1416,260.99,11
4885,8996,1416,174.21,4
4886,8997,1416,299.02,9
4887,8999,1418,340.4,2
4888,9000,1418,399.45,12
4889,9008,1420,416.59,11
4890,9010,1420,376.05,12
4891,9011,1420,395.68,7
4892,9013,1420,419.33,8
4893,9014,1420,342.27,5
4894,9019,1420,251.37,2
4895,9020,1420,328.02,8
4896,9021,1420,255.55,7
4897,9022,1420,414.43,9
4898,9026,1420,428.18,2
4899,9027,1421,433.64,1
4900,9029,1421,216.46,3
4901,9030,1421,415.56,11
4902,9031,1421,268.4,9
4903,9032,1422,353.2,6
4904,9033,1422,394.47,11
4905,9034,1422,190.64,3
4906,9035,1422,397.61,11
4907,9036,1422,180.72,3
4908,9039,1422,302.07,6
4909,9040,1423,407.88,8
4910,9042,1423,439.43,5
4911,9044,1423,392.77,10
4912,9046,1423,269.19,11
4913,9053,1424,266.0,9
4914,9056,1425,307.17,4
4915,9057,1425,324.85,7
4916,9058,1425,398.78,9
4917,9062,1427,314.22,12
4918,9063,1427,278.45,5
4919,9064,1427,287.72,4
4920,9065,1427,422.22,10
4921,9067,1427,325.06,1
4922,9068,1427,457.15,2
4923,9070,1427,405.57,5
4924,9071,1427,272.91,6
4925,9074,1427,279.58,11
4926,9075,1427,310.27,7
4927,9077,1427,307.69,3
4928,9078,1427,424.04,1
4929,9081,1428,271.36,7
4930,9082,1428,330.06,3
4931,9083,1428,350.17,1
4932,9085,1428,383.5,10
4933,9087,1429,362.52,12
4934,9089,1430,355.61,7
4935,9090,1431,277.01,10
4936,9094,1431,285.86,1
4937,9095,1431,342.31,5
4938,9097,1432,303.0,12
4939,9100,1432,236.08,10
4940,9101,1432,280.44,2
4941,9102,1432,335.42,10
4942,9103,1432,426.93,12
4943,9105,1432,235.27,4
4944,9106,1433,220.92,5
4945,9108,1433,388.44,11
4946,9110,1433,283.22,7
4947,9111,1433,243.75,12
4948,9113,1433,318.33,6
4949,9114,1433,239.07,5
4950,9117,1434,518.37,5
4951,9119,1434,250.33,3
4952,9120,1434,337.13,7
4953,9121,1434,366.61,11
4954,9122,1434,405.32,9
4955,9124,1435,222.94,5
4956,9125,1435,360.85,10
4957,9126,1435,172.22,4
4958,9127,1435,347.82,6
4959,9128,1436,314.8,1
4960,9129,1436,387.65,9
4961,9133,1436,343.44,10
4962,9135,1437,309.99,10
4963,9136,1437,316.85,4
4964,9138,1437,189.03,4
4965,9142,1437,246.71,1
4966,9143,1437,456.9,2
4967,9144,1438,338.41,7
4968,9145,1438,381.37,11
4969,9147,1438,264.44,9
4970,9148,1438,398.37,6
4971,9149,1438,294.87,9
4972,9151,1438,190.68,6
4973,9152,1439,312.58,11
4974,9153,1439,436.59,12
4975,9155,1440,134.01,12
4976,9159,1441,386.22,11
4977,9160,1442,334.18,3
4978,9161,1442,553.35,2
4979,9162,1442,526.53,5
4980,9163,1443,161.23,2
4981,9164,1443,444.33,9
4982,9165,1443,284.87,3
4983,9166,1443,302.5,2
4984,9167,1443,268.17,6
4985,9168,1443,257.07,5
4986,9171,1444,438.59,1
4987,9173,1444,108.12,4
4988,9176,1444,260.14,8
4989,9178,1445,380.87,11
4990,9179,1445,136.51,3
4991,9180,1445,299.27,12
4992,9182,1445,211.24,5
4993,9183,1445,341.06,5
4994,9184,1446,324.49,9
4995,9185,1446,403.98,9
4996,9188,1446,111.28,10
4997,9190,1447,358.73,11
4998,9192,1447,252.5,9
4999,9193,1448,450.56,9
5000,9196,1448,280.14,5
5001,9199,1449,246.45,12
5002,9200,1450,270.5,5
5003,9202,1451,370.95,1
5004,9203,1451,382.68,6
5005,9204,1451,317.72,12
5006,9205,1451,231.95,7
5007,9207,1451,213.39,10
5008,9209,1452,380.97,2
5009,9210,1452,367.15,8
5010,9211,1452,356.97,6
5011,9214,1452,462.46,1
5012,9217,1453,248.62,4
5013,9218,1453,497.99,12
5014,9221,1454,350.36,11
5015,9222,1454,274.55,10
5016,9223,1454,315.12,2
5017,9227,1456,212.68,7
5018,9230,1456,228.13,10
5019,9233,1457,309.85,9
5020,9234,1457,389.9,5
5021,9236,1457,256.61,11
5022,9237,1457,513.44,5
5023,9238,1457,316.16,2
5024,9239,1458,265.81,1
5025,9240,1458,204.43,3
5026,9241,1458,273.19,6
5027,9243,1458,449.82,10
5028,9246,1458,475.16,11
5029,9247,1458,375.28,12
5030,9248,1458,325.06,7
5031,9249,1458,190.82,4
5032,9250,1459,88.57,5
5033,9252,1459,336.98,4
5034,9255,1459,284.17,11
5035,9256,1459,270.74,8
5036,9258,1461,355.75,5
5037,9261,1461,199.6,10
5038,9263,1461,451.54,2
5039,9265,1461,487.63,2
5040,9266,1461,382.1,11
5041,9267,1462,292.88,6
5042,9268,1462,265.6,12
5043,9271,1462,292.25,3
5044,9272,1462,348.76,11
5045,9273,1463,410.8,5
5046,9275,1463,360.52,11
5047,9279,1464,433.48,3
5048,9280,1464,369.68,10
5049,9281,1464,412.99,2
5050,9282,1464,317.33,3
5051,9287,1465,216.59,1
5052,9292,1465,435.81,4
5053,9294,1465,516.66,12
5054,9296,1466,346.58,4
5055,9298,1466,270.9,5
5056,9299,1466,362.61,10
5057,9300,1466,288.28,4
5058,9301,1467,322.86,4
5059,9303,1467,327.62,5
5060,9305,1468,251.85,5
5061,9306,1468,255.31,7
5062,9307,1469,313.55,8
5063,9308,1469,302.19,3
5064,9309,1469,371.3,5
5065,9312,1469,344.36,3
5066,9313,1469,374.56,4
5067,9316,1469,307.3,2
5068,9317,1469,247.39,12
5069,9319,1470,226.1,8
5070,9320,1470,409.05,12
5071,9321,1470,276.31,5
5072,9324,1470,263.09,1
5073,9326,1471,435.13,10
5074,9327,1471,284.59,12
5075,9328,1471,123.82,11
5076,9330,1471,339.84,12
5077,9331,1472,270.58,1
5078,9334,1472,254.96,8
5079,9335,1472,307.48,6
5080,9336,1472,135.71,1
5081,9337,1472,152.67,9
5082,9339,1472,278.59,2
5083,9341,1474,370.5,6
5084,9343,1474,296.32,8
5085,9344,1474,292.41,9
5086,9346,1474,319.84,3
5087,9347,1474,400.11,12
5088,9350,1475,323.52,6
5089,9351,1475,315.43,6
5090,9354,1475,269.93,8
5091,9355,1476,284.95,3
5092,9359,1476,336.12,7
5093,9362,1476,438.37,7
5094,9363,1477,341.39,2
5095,9365,1477,246.72,9
5096,9367,1477,292.95,11
5097,9368,1477,419.7,9
5098,9370,1478,327.03,1
5099,9374,1479,195.51,9
5100,9378,1480,359.04,2
5101,9380,1480,262.06,12
5102,9381,1480,216.59,1
5103,9383,1480,327.62,7
5104,9385,1480,244.28,6
5105,9386,1480,393.14,6
5106,9388,1481,328.1,6
5107,9390,1482,440.95,1
5108,9391,1482,351.24,2
5109,9392,1482,275.24,4
5110,9394,1482,274.08,11
5111,9395,1482,287.47,2
5112,9396,1482,364.43,7
5113,9401,1483,190.25,3
5114,9402,1483,344.59,11
5115,9406,1484,237.25,2
5116,9407,1484,521.61,2
5117,9408,1484,369.74,12
5118,9410,1484,378.59,4
5119,9411,1484,326.57,7
5120,9412,1485,176.44,7
5121,9414,1485,321.67,12
5122,9416,1485,355.18,4
5123,9418,1485,268.64,7
5124,9419,1485,313.08,5
5125,9421,1486,376.81,3
5126,9423,1486,330.04,4
5127,9424,1487,344.47,10
5128,9425,1487,367.26,4
5129,9426,1487,431.17,5
5130,9427,1487,244.98,8
5131,9428,1487,494.56,9
5132,9429,1487,494.35,3
5133,9431,1487,270.18,1
5134,9434,1488,380.51,10
5135,9436,1488,483.96,2
5136,9437,1488,449.65,5
5137,9438,1488,165.42,10
5138,9439,1489,306.18,8
5139,9442,1491,274.72,12
5140,9443,1491,397.05,1
5141,9445,1491,405.11,5
5142,9446,1492,213.65,9
5143,9447,1492,256.35,4
5144,9448,1492,178.29,2
5145,9449,1492,312.04,2
5146,9452,1492,294.1,11
5147,9453,1492,361.82,3
5148,9454,1492,482.41,7
5149,9455,1493,344.09,10
5150,9456,1493,293.08,6
5151,9458,1493,392.36,2
5152,9459,1493,288.4,12
5153,9460,1493,303.82,11
5154,9461,1493,335.65,6
5155,9462,1493,212.81,4
5156,9463,1494,292.24,4
5157,9466,1494,248.13,5
5158,9469,1494,392.63,6
5159,9470,1494,227.34,5
5160,9471,1494,235.44,3
5161,9472,1494,256.08,6
5162,9473,1494,249.55,10
5163,9475,1495,470.63,3
5164,9477,1495,417.61,4
5165,9479,1495,364.09,11
5166,9481,1495,283.41,12
5167,9484,1496,314.26,3
5168,9489,1496,462.15,9
5169,9490,1497,292.14,5
5170,9492,1497,223.32,7
5171,9494,1497,393.5,1
5172,9495,1497,298.81,4
5173,9496,1497,304.39,5
5174,9499,1498,299.76,7
5175,9506,1498,306.07,10
5176,9508,1499,364.73,10
5177,9510,1500,292.57,3
5178,9512,1500,347.75,8
5179,9514,1500,413.95,8
5180,9516,1501,453.01,10
5181,9517,1501,238.77,2
5182,9518,1501,411.87,12
5183,9520,1501,421.99,11
5184,9522,1501,433.52,4
5185,9524,1502,324.43,7
5186,9525,1502,298.47,9
5187,9526,1502,180.97,12
5188,9527,1502,328.94,9
5189,9528,1502,480.4,4
5190,9529,1502,348.29,1
5191,9531,1502,300.58,10
5192,9533,1502,372.22,4
5193,9534,1502,213.22,8
5194,9537,1503,295.44,4
5195,9539,1503,393.34,11
5196,9543,1504,370.3,9
5197,9545,1504,274.98,7
5198,9547,1504,480.53,1
5199,9548,1505,188.63,10
5200,9549,1505,348.19,7
5201,9551,1506,396.21,11
5202,9553,1507,431.18,6
5203,9557,1507,330.97,5
5204,9560,1507,388.92,2
5205,9562,1507,320.38,3
5206,9563,1507,470.16,11
5207,9565,1507,349.06,11
5208,9566,1508,424.4,10
5209,9567,1508,215.99,9
5210,9568,1508,309.75,1
5211,9569,1508,368.55,3
5212,9570,1509,367.75,5
5213,9571,1509,268.85,1
5214,9575,1509,152.53,10
5215,9579,1510,161.59,5
5216,9580,1510,234.74,2
5217,9584,1510,570.87,7
5218,9587,1511,50.0,9
5219,9588,1511,304.92,3
5220,9590,1511,293.54,1
5221,9591,1511,323.79,12
5222,9592,1511,312.58,6
5223,9593,1512,231.76,1
5224,9594,1512,411.7,9
5225,9595,1513,173.16,8
5226,9597,1513,488.29,1
5227,9600,1514,360.66,10
5228,9601,1514,237.97,1
5229,9603,1514,257.85,1
5230,9606,1515,422.96,6
5231,9607,1515,199.19,2
5232,9610,1515,324.46,4
5233,9611,1515,317.2,10
5234,9615,1515,314.8,5
5235,9616,1515,369.07,6
5236,9618,1516,378.02,5
5237,9621,1516,357.18,10
5238,9622,1516,420.88,2
5239,9624,1517,343.18,6
5240,9625,1517,274.86,3
5241,9626,1518,218.18,5
5242,9627,1518,325.57,8
5243,9628,1518,355.09,4
5244,9630,1519,160.94,10
5245,9632,1519,359.91,8
5246,9634,1519,241.54,3
5247,9638,1520,238.91,9
5248,9639,1520,333.55,7
5249,9643,1520,131.07,7
5250,9644,1521,450.23,6
5251,9645,1521,402.05,5
5252,9646,1521,212.96,9
5253,9648,1521,303.03,10
5254,9649,1521,333.74,11
5255,9651,1522,252.61,8
5256,9653,1522,275.26,1
5257,9654,1522,308.96,9
5258,9655,1522,318.98,3
5259,9656,1522,308.05,8
5260,9657,1522,325.08,6
5261,9658,1522,353.73,3
5262,9660,1522,289.78,3
5263,9664,1523,359.0,7
5264,9665,1523,425.25,7
5265,9668,1523,360.69,8
5266,9672,1524,476.71,11
5267,9673,1525,193.77,4
5268,9674,1526,267.54,6
5269,9677,1526,352.74,6
5270,9678,1526,341.83,6
5271,9679,1526,285.25,2
5272,9680,1526,375.15,10
5273,9683,1527,338.74,3
5274,9684,1528,425.85,1
5275,9685,1528,224.61,4
5276,9687,1528,325.01,8
5277,9691,1529,279.97,12
5278,9693,1529,397.16,11
5279,9694,1530,369.15,3
5280,9695,1530,276.67,3
5281,9696,1530,410.07,1
5282,9698,1530,318.03,8
5283,9699,1530,208.11,5
5284,9702,1531,297.15,6
5285,9705,1532,528.64,12
5286,9706,1532,302.92,5
5287,9707,1532,341.31,10
5288,9708,1532,345.92,8
5289,9711,1533,316.12,3
5290,9712,1534,457.9,8
5291,9715,1534,385.98,2
5292,9718,1535,378.75,4
5293,9721,1535,295.79,7
5294,9723,1535,382.58,1
5295,9724,1535,292.27,5
5296,9725,1536,358.46,2
5297,9726,1536,505.81,6
5298,9727,1536,460.55,8
5299,9729,1536,309.5,8
5300,9731,1536,340.13,1
5301,9732,1536,221.17,3
5302,9733,1536,298.16,5
5303,9734,1536,119.85,5
5304,9735,1536,402.23,5
5305,9736,1536,252.64,1
5306,9737,1537,311.34,8
5307,9739,1537,279.2,8
5308,9740,1538,412.71,7
5309,9742,1538,443.2,8
5310,9743,1538,447.03,7
5311,9744,1538,205.07,9
5312,9746,1538,378.89,4
5313,9748,1538,241.55,3
5314,9749,1538,333.38,10
5315,9751,1538,406.7,10
5316,9753,1538,296.51,10
5317,9754,1538,339.86,8
5318,9755,1539,264.3,12
5319,9758,1540,418.25,8
5320,9759,1540,300.48,5
5321,9762,1540,271.92,12
5322,9763,1540,350.62,8
5323,9766,1540,402.83,5
5324,9767,1540,194.46,1
5325,9772,1541,361.21,2
5326,9778,1542,275.15,6
5327,9779,1542,380.04,2
5328,9787,1543,273.37,7
5329,9789,1543,242.3,9
5330,9790,1543,256.1,8
5331,9791,1543,334.9,7
5332,9796,1545,368.2,8
5333,9797,1545,263.78,11
5334,9799,1546,324.96,1
5335,9803,1546,261.95,7
5336,9805,1546,286.31,11
5337,9806,1546,275.58,5
5338,9809,1547,256.31,2
5339,9810,1547,210.22,2
5340,9811,1547,313.35,4
5341,9812,1547,421.95,2
5342,9813,1547,327.66,12
5343,9814,1547,293.18,6
5344,9815,1547,392.52,2
5345,9816,1547,275.7,12
5346,9817,1548,337.36,4
5347,9819,1548,179.99,1
5348,9820,1548,319.63,11
5349,9821,1548,290.03,8
5350,9822,1548,152.39,5
5351,9824,1548,279.69,9
5352,9825,1548,108.57,9
5353,9827,1548,266.87,3
5354,9828,1548,364.43,5
5355,9832,1549,238.36,9
5356,9833,1549,256.05,2
5357,9835,1550,183.19,10
5358,9836,1550,345.97,4
5359,9838,1550,280.15,12
5360,9839,1550,316.34,5
5361,9842,1551,423.42,10
5362,9843,1551,230.0,11
5363,9844,1551,433.79,9
5364,9845,1551,297.03,3
5365,9846,1552,414.61,9
5366,9848,1552,309.87,12
5367,9849,1552,172.89,10
5368,9850,1552,208.26,3
5369,9851,1552,296.52,2
5370,9852,1552,170.31,4
5371,9853,1552,367.69,5
5372,9855,1553,393.79,2
5373,9858,1554,186.52,2
5374,9860,1555,294.36,8
5375,9861,1555,311.62,8
5376,9863,1555,381.99,12
5377,9866,1557,356.9,12
5378,9867,1557,282.76,1
5379,9868,1558,192.7,9
5380,9874,1558,320.13,12
5381,9876,1558,308.35,11
5382,9878,1558,246.18,6
5383,9881,1559,510.6,1
5384,9884,1561,335.56,11
5385,9885,1562,261.51,11
5386,9887,1562,269.61,3
5387,9890,1563,394.91,1
5388,9891,1563,427.01,10
5389,9893,1563,375.53,5
5390,9895,1563,411.48,10
5391,9896,1563,208.55,6
5392,9898,1563,315.91,6
5393,9899,1564,216.42,9
5394,9900,1564,392.33,2
5395,9901,1564,400.75,2
5396,9904,1565,230.91,6
5397,9905,1565,266.05,12
5398,9906,1565,233.27,5
5399,9908,1566,340.29,3
5400,9909,1566,310.93,1
5401,9910,1566,323.44,10
5402,9911,1566,290.6,11
5403,9912,1566,484.95,1
5404,9913,1566,406.38,3
5405,9914,1566,307.07,7
5406,9915,1566,182.29,4
5407,9917,1566,167.46,5
5408,9918,1566,174.38,6
5409,9921,1566,359.43,2
5410,9922,1566,305.24,4
5411,9923,1567,430.87,4
5412,9924,1567,384.51,3
5413,9926,1567,119.33,9
5414,9928,1567,246.08,1
5415,9929,1567,168.95,3
5416,9930,1567,283.82,1
5417,9932,1568,347.94,8
5418,9933,1568,326.78,5
5419,9935,1568,318.41,6
5420,9936,1568,214.39,10
5421,9938,1568,527.95,6
5422,9940,1569,333.73,10
5423,9945,1569,461.48,3
5424,9947,1570,393.54,3
5425,9949,1571,374.86,6
5426,9951,1571,374.95,5
5427,9952,1571,270.04,8
5428,9953,1571,266.89,1
5429,9954,1571,310.98,8
5430,9955,1571,305.35,10
5431,9957,1571,99.31,12
5432,9958,1572,318.59,8
5433,9962,1572,371.39,9
5434,9964,1572,202.78,9
5435,9969,1573,223.75,1
5436,9970,1573,325.86,9
5437,9972,1573,357.0,2
5438,9974,1573,304.96,9
5439,9976,1573,351.1,10
5440,9977,1574,331.97,8
5441,9978,1574,285.38,3
5442,9979,1574,316.81,1
5443,9982,1574,317.19,7
5444,9988,1575,322.03,3
5445,9989,1575,306.58,2
5446,9990,1575,350.68,8
5447,9993,1576,405.31,9
5448,9999,1577,359.13,5
5449,10000,1577,112.21,9
5450,10001,1577,195.2,9
5451,10002,1577,373.29,2
5452,10003,1577,246.67,1
5453,10004,1577,425.66,4
5454,10005,1578,186.98,5
5455,10010,1578,394.26,8
5456,10011,1578,241.29,1
5457,10014,1578,421.04,8
5458,10017,1579,253.52,11
5459,10020,1579,232.97,2
5460,10022,1580,327.25,7
5461,10023,1580,187.94,12
5462,10024,1581,234.68,9
5463,10026,1582,398.15,1
5464,10027,1582,450.66,5
5465,10031,1582,299.57,6
5466,10032,1582,275.41,1
5467,10034,1582,182.89,11
5468,10036,1583,377.11,10
5469,10037,1583,280.22,8
5470,10038,1583,211.06,10
5471,10039,1583,345.0,2
5472,10040,1583,201.3,3
5473,10041,1583,333.71,8
5474,10043,1583,284.72,3
5475,10044,1583,337.28,6
5476,10045,1583,189.24,12
5477,10048,1585,337.84,8
5478,10049,1585,160.08,10
5479,10052,1585,344.41,2
5480,10054,1585,311.95,8
5481,10055,1585,151.38,4
5482,10057,1586,318.79,12
5483,10060,1587,382.85,5
5484,10061,1587,280.05,11
5485,10064,1588,202.9,10
5486,10065,1589,281.37,8
5487,10066,1589,115.98,11
5488,10071,1589,348.46,9
5489,10074,1590,387.67,10
5490,10075,1590,277.77,12
5491,10077,1590,296.76,12
5492,10079,1590,420.16,3
5493,10080,1590,458.43,5
5494,10081,1591,385.76,1
5495,10083,1591,228.72,4
5496,10084,1592,431.3,1
5497,10086,1593,375.52,1
5498,10089,1593,341.4,4
5499,10090,1593,347.92,1
5500,10091,1593,416.08,9
5501,10095,1593,152.58,9
5502,10097,1593,306.34,4
5503,10099,1593,217.53,12
5504,10100,1594,356.95,2
5505,10101,1594,246.5,5
5506,10102,1594,597.77,3
5507,10103,1594,387.69,2
5508,10104,1594,215.18,6
5509,10106,1594,406.26,5
5510,10107,1594,283.17,12
5511,10108,1594,328.28,8
5512,10109,1594,307.23,12
5513,10110,1595,155.58,12
5514,10112,1595,265.62,2
5515,10113,1595,218.54,8
5516,10114,1595,102.79,7
5517,10115,1595,272.26,5
5518,10119,1596,296.48,8
5519,10121,1596,187.73,4
5520,10124,1597,417.07,10
5521,10127,1597,353.48,6
5522,10130,1598,329.23,11
5523,10132,1598,366.3,9
5524,10133,1598,369.17,4
5525,10136,1598,344.06,3
5526,10137,1598,459.04,11
5527,10138,1599,131.44,1
5528,10139,1599,367.9,7
5529,10140,1599,286.34,10
5530,10143,1599,446.01,9
5531,10145,1600,353.15,5
5532,10147,1600,309.77,9
5533,10149,1600,449.76,6
5534,10150,1600,303.53,11
5535,10152,1601,357.7,1
5536,10155,1601,263.33,5
5537,10156,1601,331.85,1
5538,10160,1602,505.88,5
5539,10161,1602,397.43,10
5540,10163,1602,358.36,9
5541,10167,1603,196.37,1
5542,10169,1603,532.2,2
5543,10171,1603,210.12,3
5544,10176,1604,326.4,9
5545,10178,1605,361.54,1
5546,10180,1605,376.82,11
5547,10181,1605,256.45,5
5548,10183,1606,380.35,6
5549,10184,1606,209.53,4
5550,10186,1606,469.22,12
5551,10187,1606,204.43,10
5552,10188,1606,273.31,11
5553,10189,1606,371.4,6
5554,10190,1607,304.64,3
5555,10193,1607,456.43,9
5556,10195,1607,433.28,3
5557,10196,1608,364.43,4
5558,10198,1608,255.3,9
5559,10199,1608,308.71,10
5560,10203,1610,188.55,5
5561,10205,1610,244.25,7
5562,10207,1610,298.1,12
5563,10210,1612,399.13,2
5564,10213,1613,358.23,10
5565,10214,1613,295.72,11
5566,10215,1613,251.71,8
5567,10218,1613,388.8,10
5568,10222,1614,268.01,11
5569,10223,1614,381.24,10
5570,10224,1614,366.58,2
5571,10225,1614,416.04,3
5572,10227,1614,242.99,6
5573,10228,1614,280.08,5
5574,10229,1615,319.8,12
5575,10231,1615,292.28,1
5576,10232,1615,259.37,5
5577,10235,1616,258.58,4
5578,10236,1616,204.83,12
5579,10237,1616,250.48,6
5580,10238,1616,382.89,9
5581,10239,1616,400.23,4
5582,10240,1616,346.5,10
5583,10244,1616,297.89,7
5584,10245,1617,310.41,4
5585,10246,1617,446.92,4
5586,10248,1617,396.92,10
5587,10249,1617,84.87,12
5588,10250,1618,243.31,6
5589,10252,1618,273.27,8
5590,10254,1618,457.81,4
5591,10255,1619,376.91,7
5592,10257,1619,190.47,3
5593,10258,1619,382.53,3
5594,10260,1619,578.52,8
5595,10261,1619,394.13,5
5596,10262,1619,241.76,5
5597,10269,1621,455.16,4
5598,10270,1621,350.15,11
5599,10271,1621,259.38,5
5600,10272,1621,324.39,7
5601,10275,1621,298.22,2
5602,10276,1622,256.94,11
5603,10277,1622,210.42,11
5604,10280,1622,265.84,8
5605,10281,1622,315.48,5
5606,10283,1623,391.57,8
5607,10287,1624,205.17,10
5608,10288,1624,195.85,8
5609,10289,1624,329.45,3
5610,10290,1624,290.38,3
5611,10291,1624,284.57,8
5612,10293,1625,237.27,4
5613,10294,1625,241.66,11
5614,10296,1625,218.98,2
5615,10297,1625,158.75,3
5616,10298,1625,350.36,1
5617,10301,1625,364.52,2
5618,10302,1625,469.72,9
5619,10303,1626,373.08,3
5620,10305,1626,316.82,2
5621,10306,1626,362.66,5
5622,10307,1627,286.39,9
5623,10308,1627,243.27,6
5624,10309,1627,378.33,7
5625,10311,1628,348.26,3
5626,10312,1629,205.09,1
5627,10315,1630,316.58,8
5628,10319,1630,245.12,2
5629,10320,1631,402.81,10
5630,10321,1631,281.55,7
5631,10322,1631,473.69,8
5632,10323,1631,426.13,10
5633,10326,1633,221.8,5
5634,10330,1634,259.99,2
5635,10332,1634,380.47,10
5636,10334,1634,325.02,11
5637,10335,1634,294.8,10
5638,10337,1634,324.98,12
5639,10339,1634,308.78,11
5640,10340,1635,410.66,3
5641,10342,1635,294.36,4
5642,10343,1635,362.18,4
5643,10344,1635,361.75,6
5644,10345,1635,431.91,3
5645,10346,1635,313.65,6
5646,10348,1635,334.11,10
5647,10353,1636,353.67,8
5648,10354,1637,261.59,12
5649,10356,1637,305.77,9
5650,10357,1637,238.23,12
5651,10358,1637,381.85,11
5652,10359,1637,461.01,4
5653,10363,1638,148.18,5
5654,10371,1639,409.82,7
5655,10373,1639,316.03,2
5656,10375,1639,433.62,11
5657,10376,1639,343.43,11
5658,10377,1639,407.4,6
5659,10380,1640,310.57,3
5660,10383,1640,324.31,5
5661,10385,1640,406.68,12
5662,10386,1640,540.77,12
5663,10387,1640,272.53,10
5664,10388,1640,330.4,11
5665,10390,1640,254.79,3
5666,10391,1641,298.5,11
5667,10392,1641,273.81,3
5668,10393,1641,230.22,5
5669,10394,1641,365.7,4
5670,10395,1642,338.32,4
5671,10396,1642,239.47,1
5672,10399,1642,215.18,4
5673,10400,1642,398.09,2
5674,10405,1644,275.5,6
5675,10406,1644,521.88,9
5676,10407,1644,312.4,4
5677,10408,1644,323.94,7
5678,10409,1644,299.59,4
5679,10410,1644,193.08,1
5680,10412,1646,192.85,2
5681,10413,1646,444.85,5
5682,10415,1646,440.4,8
5683,10418,1646,231.42,9
5684,10420,1647,364.82,2
5685,10422,1647,439.93,3
5686,10424,1647,200.7,4
5687,10425,1647,318.98,10
5688,10426,1648,272.74,9
5689,10427,1648,334.86,12
5690,10429,1648,430.94,11
5691,10435,1649,355.82,7
5692,10437,1650,373.08,10
5693,10442,1650,120.3,1
5694,10443,1651,383.0,6
5695,10445,1651,316.77,2
5696,10447,1651,514.33,3
5697,10448,1651,373.94,11
5698,10449,1651,290.6,12
5699,10450,1651,489.81,3
5700,10451,1651,313.54,11
5701,10454,1653,344.79,12
5702,10455,1653,195.53,10
5703,10456,1653,263.2,9
5704,10457,1653,255.31,4
5705,10460,1653,303.57,2
5706,10462,1654,210.28,6
5707,10464,1654,165.14,1
5708,10465,1654,329.59,5
5709,10466,1654,187.88,9
5710,10468,1654,385.51,7
5711,10472,1655,497.34,5
5712,10473,1655,340.45,9
5713,10474,1655,343.68,5
5714,10476,1655,120.12,9
5715,10477,1655,376.2,7
5716,10478,1655,313.23,6
5717,10479,1656,363.1,12
5718,10483,1656,214.62,2
5719,10484,1656,295.91,11
5720,10485,1656,430.79,6
5721,10487,1657,251.41,3
5722,10489,1658,290.84,2
5723,10494,1659,401.2,9
5724,10497,1660,382.66,7
5725,10498,1660,415.11,8
5726,10499,1660,255.73,3
5727,10501,1660,305.96,5
5728,10505,1662,239.18,5
5729,10506,1662,233.71,7
5730,10508,1662,234.21,4
5731,10509,1662,316.34,7
5732,10511,1662,462.84,8
5733,10512,1662,434.23,11
5734,10513,1662,368.58,8
5735,10514,1662,237.91,10
5736,10515,1663,228.19,7
5737,10517,1663,293.99,10
5738,10518,1664,356.81,8
5739,10523,1664,370.22,8
5740,10524,1664,341.58,4
5741,10526,1664,311.62,1
5742,10527,1664,339.25,6
5743,10528,1664,270.44,7
5744,10529,1665,190.2,2
5745,10530,1665,293.96,6
5746,10531,1665,336.48,4
5747,10532,1665,308.49,2
5748,10533,1665,182.79,5
5749,10534,1665,300.88,4
5750,10540,1666,264.82,10
5751,10542,1667,440.26,8
5752,10543,1667,370.55,2
5753,10544,1667,50.0,11
5754,10548,1668,324.56,1
5755,10549,1669,217.69,1
5756,10551,1669,189.25,1
5757,10554,1669,113.93,8
5758,10555,1669,398.9,8
5759,10557,1669,411.18,9
5760,10559,1669,185.01,6
5761,10560,1669,420.71,11
5762,10561,1670,509.24,12
5763,10564,1670,301.41,6
5764,10567,1671,238.7,11
5765,10568,1671,313.44,8
5766,10570,1671,425.18,7
5767,10571,1671,438.44,5
5768,10573,1671,316.83,4
5769,10574,1671,237.3,8
5770,10576,1672,341.87,9
5771,10577,1672,311.22,2
5772,10578,1673,330.72,7
5773,10579,1673,285.19,7
5774,10580,1673,337.26,7
5775,10581,1673,152.24,1
5776,10582,1673,352.3,10
5777,10583,1673,422.28,12
5778,10584,1673,302.88,5
5779,10587,1674,331.32,12
5780,10588,1674,175.49,1
5781,10589,1675,366.83,1
5782,10590,1675,403.43,10
5783,10591,1675,467.68,12
5784,10592,1675,106.28,3
5785,10593,1675,367.57,10
5786,10595,1676,163.41,2
5787,10597,1676,355.2,9
5788,10600,1676,270.11,9
5789,10602,1677,365.05,10
5790,10603,1677,358.79,11
5791,10605,1677,327.47,9
5792,10608,1677,278.92,3
5793,10609,1677,334.57,9
5794,10610,1677,404.47,9
5795,10611,1677,344.07,6
5796,10612,1677,391.15,10
5797,10613,1677,195.01,10
5798,10614,1677,325.78,7
5799,10618,1678,276.42,7
5800,10621,1679,389.97,3
5801,10625,1679,367.79,6
5802,10626,1679,273.77,2
5803,10627,1679,333.83,2
5804,10628,1679,307.36,2
5805,10630,1679,355.3,4
5806,10631,1679,351.37,1
5807,10634,1680,326.15,3
5808,10635,1680,199.59,7
5809,10637,1680,453.64,10
5810,10638,1680,415.0,3
5811,10639,1681,328.05,3
5812,10640,1681,366.69,3
5813,10641,1682,374.1,9
5814,10643,1682,257.85,5
5815,10645,1683,431.79,11
5816,10646,1683,137.13,8
5817,10648,1683,166.61,4
5818,10649,1683,255.68,8
5819,10652,1683,350.22,5
5820,10653,1683,331.99,5
5821,10654,1684,326.55,1
5822,10655,1684,313.57,7
5823,10658,1685,291.13,12
5824,10659,1685,205.22,9
5825,10660,1685,196.09,1
5826,10664,1685,204.43,11
5827,10668,1686,221.63,2
5828,10669,1686,192.68,6
5829,10670,1686,190.76,11
5830,10671,1686,295.35,11
5831,10673,1687,415.03,6
5832,10674,1687,359.63,4
5833,10675,1687,236.65,4
5834,10677,1687,257.9,12
5835,10679,1688,490.72,5
5836,10681,1688,275.09,4
5837,10682,1688,222.17,3
5838,10683,1688,294.06,10
5839,10685,1688,268.76,10
5840,10686,1688,242.92,2
5841,10688,1688,323.12,5
5842,10689,1688,434.01,5
5843,10690,1689,201.17,10
5844,10692,1690,354.94,12
5845,10695,1690,408.92,8
5846,10697,1690,360.55,1
5847,10698,1690,413.13,3
5848,10699,1690,368.36,9
5849,10700,1690,257.23,9
5850,10701,1691,481.63,9
5851,10703,1691,366.8,9
5852,10704,1692,525.6,1
5853,10706,1692,152.45,8
5854,10707,1692,535.12,12
5855,10708,1693,397.72,12
5856,10710,1693,362.34,4
5857,10714,1694,237.02,4
5858,10715,1694,386.72,3
5859,10716,1694,427.82,6
5860,10718,1695,161.84,10
5861,10720,1695,371.31,11
5862,10722,1695,261.83,1
5863,10724,1696,372.0,7
5864,10725,1696,227.28,12
5865,10726,1696,434.41,3
5866,10727,1696,312.81,11
5867,10728,1696,387.48,6
5868,10729,1696,406.97,4
5869,10731,1696,346.92,8
5870,10732,1696,241.8,1
5871,10736,1697,376.97,8
5872,10738,1698,311.38,11
5873,10740,1698,337.1,3
5874,10741,1698,287.15,10
5875,10745,1698,158.91,9
5876,10746,1698,325.27,6
5877,10747,1698,266.16,9
5878,10748,1698,347.0,4
5879,10750,1699,316.77,6
5880,10751,1699,272.62,9
5881,10752,1699,512.01,1
5882,10753,1699,291.88,11
5883,10754,1699,327.2,1
5884,10755,1699,489.06,6
5885,10757,1699,229.24,11
5886,10759,1699,395.6,6
5887,10760,1699,252.74,3
5888,10764,1700,299.21,11
5889,10765,1700,355.67,10
5890,10766,1701,423.18,10
5891,10767,1702,227.96,5
5892,10768,1703,343.03,7
5893,10769,1703,253.15,7
5894,10770,1703,378.06,5
5895,10771,1703,407.26,3
5896,10774,1703,380.11,2
5897,10781,1705,247.55,6
5898,10784,1705,220.74,4
5899,10787,1706,304.53,6
5900,10791,1706,209.53,12
5901,10792,1706,366.27,11
5902,10793,1707,447.19,12
5903,10795,1707,249.15,4
5904,10800,1708,367.08,10
5905,10805,1709,248.68,6
5906,10806,1709,433.07,11
5907,10807,1709,411.06,5
5908,10808,1709,312.8,5
5909,10809,1709,388.86,5
5910,10810,1709,395.35,9
5911,10811,1709,212.7,10
5912,10813,1709,364.55,11
5913,10814,1710,264.01,1
5914,10817,1711,331.17,11
5915,10819,1712,289.02,3
5916,10823,1713,322.6,2
5917,10824,1713,402.84,12
5918,10825,1713,217.08,12
5919,10828,1714,162.58,1
5920,10829,1714,279.71,2
5921,10832,1714,419.49,1
5922,10834,1714,239.14,11
5923,10835,1714,273.59,6
5924,10837,1714,425.03,2
5925,10839,1715,444.61,3
5926,10840,1715,382.33,1
5927,10844,1715,356.73,8
5928,10846,1715,410.1,7
5929,10848,1716,282.62,12
5930,10849,1716,382.34,4
5931,10850,1716,248.23,6
5932,10852,1716,465.65,6
5933,10853,1716,413.88,8
5934,10854,1716,379.26,11
5935,10859,1717,289.21,8
5936,10860,1717,382.41,11
5937,10863,1717,318.33,1
5938,10865,1717,269.94,7
5939,10866,1717,372.65,11
5940,10870,1718,148.79,8
5941,10874,1719,399.81,6
5942,10875,1719,227.29,3
5943,10877,1719,385.96,5
5944,10880,1719,185.88,10
5945,10881,1719,282.77,5
5946,10885,1720,360.86,4
5947,10887,1720,398.36,8
5948,10888,1720,257.81,10
5949,10889,1720,236.73,12
5950,10892,1720,411.97,9
5951,10893,1720,491.11,3
5952,10894,1720,238.11,3
5953,10895,1720,84.69,11
5954,10901,1721,456.87,5
5955,10902,1721,306.75,3
5956,10903,1721,238.51,5
5957,10905,1721,325.24,12
5958,10910,1721,495.02,8
5959,10911,1721,379.18,9
5960,10912,1721,390.25,8
5961,10913,1722,334.56,3
5962,10915,1722,362.93,1
5963,10916,1722,472.76,2
5964,10918,1722,238.77,2
5965,10919,1722,388.41,9
5966,10920,1722,316.88,2
5967,10921,1722,314.33,9
5968,10925,1723,217.01,3
5969,10926,1723,357.87,10
5970,10927,1723,372.4,1
5971,10929,1723,303.19,5
5972,10930,1723,450.25,4
5973,10931,1723,327.5,3
5974,10934,1724,128.9,8
5975,10935,1724,369.48,3
5976,10936,1724,215.36,2
5977,10938,1725,448.56,10
5978,10939,1725,488.85,7
5979,10940,1725,410.65,1
5980,10941,1725,319.95,12
5981,10946,1726,374.09,9
5982,10948,1726,252.7,6
5983,10949,1726,375.14,10
5984,10950,1726,248.46,3
5985,10951,1726,489.16,5
5986,10954,1727,231.28,11
5987,10955,1727,172.55,6
5988,10958,1727,305.18,1
5989,10959,1727,373.31,3
5990,10960,1728,528.58,8
5991,10962,1729,254.88,9
5992,10965,1729,325.63,3
5993,10968,1730,319.92,3
5994,10970,1730,225.23,5
5995,10971,1730,229.9,7
5996,10973,1730,150.27,12
5997,10974,1730,457.47,3
5998,10976,1730,248.5,2
5999,10978,1731,132.28,10
6000,10984,1732,285.2,12
6001,10986,1732,429.67,12
6002,10988,1733,366.4,8
6003,10989,1733,365.98,6
6004,10990,1733,465.69,11
6005,10991,1733,413.78,8
6006,10993,1734,84.48,1
6007,10996,1734,277.04,8
6008,10998,1736,359.11,9
6009,10999,1736,337.04,12
6010,11000,1736,370.02,6
6011,11003,1736,561.51,7
6012,11004,1736,232.72,1
6013,11005,1736,117.53,1
6014,11008,1737,101.01,1
6015,11010,1737,402.94,2
6016,11011,1737,305.59,12
6017,11017,1737,186.0,12
6018,11019,1738,298.86,8
6019,11022,1738,276.79,8
6020,11024,1739,288.18,6
6021,11026,1739,147.81,9
6022,11027,1739,373.35,7
6023,11028,1739,384.6,1
6024,11029,1740,331.6,7
6025,11031,1740,313.14,1
6026,11034,1740,336.1,4
6027,11036,1740,324.43,7
6028,11037,1741,160.2,10
6029,11042,1741,244.59,9
6030,11046,1741,339.26,3
6031,11048,1741,253.83,2
6032,11052,1742,399.53,10
6033,11054,1742,198.36,1
6034,11055,1742,531.37,8
6035,11058,1743,506.64,2
6036,11059,1743,294.5,10
6037,11061,1743,185.26,10
6038,11062,1743,271.75,10
6039,11063,1743,429.24,12
6040,11064,1743,289.48,11
6041,11065,1743,355.47,2
6042,11068,1744,324.62,5
6043,11069,1745,371.49,8
6044,11070,1745,365.07,7
6045,11071,1745,293.31,8
6046,11072,1745,450.79,10
6047,11073,1745,365.82,6
6048,11075,1745,426.34,7
6049,11077,1745,297.97,9
6050,11080,1746,305.08,1
6051,11081,1746,561.25,11
6052,11082,1746,316.66,10
6053,11083,1746,432.81,12
6054,11084,1746,188.96,5
6055,11085,1746,352.19,9
6056,11086,1746,283.3,11
6057,11087,1746,458.49,6
6058,11089,1747,259.18,10
6059,11095,1747,281.41,9
6060,11096,1747,372.17,12
6061,11097,1747,225.38,9
6062,11098,1748,331.46,7
6063,11099,1748,265.83,12
6064,11100,1748,332.62,2
6065,11102,1749,311.78,1
6066,11104,1749,485.21,11
6067,11105,1749,361.64,5
6068,11107,1749,202.45,7
6069,11109,1750,237.28,12
6070,11111,1750,280.65,3
6071,11112,1750,257.01,1
6072,11113,1750,447.74,3
6073,11117,1750,269.77,10
6074,11118,1750,316.64,11
6075,11122,1751,374.12,8
6076,11125,1751,571.16,2
6077,11126,1751,306.85,10
6078,11129,1751,469.52,1
6079,11131,1752,281.19,10
6080,11132,1752,407.86,2
6081,11134,1753,244.67,5
6082,11135,1753,392.09,11
6083,11136,1753,286.52,10
6084,11140,1753,402.11,8
6085,11143,1753,392.56,4
6086,11144,1753,376.38,3
6087,11145,1754,358.52,2
6088,11146,1754,277.05,10
6089,11149,1754,385.22,7
6090,11150,1754,175.86,10
6091,11152,1754,549.81,7
6092,11156,1756,378.0,8
6093,11157,1756,368.8,6
6094,11160,1757,362.5,4
6095,11162,1757,253.06,4
6096,11163,1757,266.32,1
6097,11164,1757,341.68,4
6098,11165,1757,276.2,12
6099,11168,1758,213.36,7
6100,11170,1758,312.76,4
6101,11173,1758,351.56,9
6102,11174,1759,318.91,9
6103,11175,1759,414.72,8
6104,11177,1759,334.7,8
6105,11179,1759,462.7,11
6106,11181,1760,527.58,11
6107,11182,1760,308.05,7
6108,11183,1760,219.65,12
6109,11185,1761,217.08,4
6110,11186,1761,315.58,1
6111,11189,1762,392.19,5
6112,11191,1762,288.67,3
6113,11194,1764,322.37,12
6114,11200,1764,273.2,7
6115,11201,1765,291.45,4
6116,11202,1765,329.82,11
6117,11203,1765,407.81,10
6118,11205,1765,403.97,4
6119,11208,1766,118.79,11
6120,11209,1766,381.13,8
6121,11210,1766,378.34,8
6122,11212,1766,312.09,7
6123,11213,1766,289.65,9
6124,11215,1766,374.46,12
6125,11216,1766,331.85,7
6126,11217,1766,299.4,2
6127,11218,1766,515.44,1
6128,11226,1768,365.98,5
6129,11228,1769,272.17,5
6130,11229,1769,387.19,3
6131,11230,1769,359.41,7
6132,11231,1769,354.21,8
6133,11232,1769,398.22,10
6134,11236,1771,277.47,12
6135,11237,1771,343.73,12
6136,11238,1771,243.81,7
6137,11239,1771,392.46,12
6138,11240,1771,321.57,8
6139,11241,1771,246.99,9
6140,11242,1771,315.56,11
6141,11243,1771,341.11,11
6142,11244,1772,401.24,11
6143,11246,1773,429.86,11
6144,11247,1773,404.04,8
6145,11248,1773,368.5,9
6146,11249,1774,386.58,10
6147,11250,1774,296.28,6
6148,11254,1774,221.76,10
6149,11256,1774,260.12,9
6150,11257,1774,324.35,6
6151,11259,1775,301.72,7
6152,11262,1775,297.94,4
6153,11263,1775,344.45,4
6154,11265,1776,409.26,1
6155,11269,1777,345.43,1
6156,11270,1777,276.4,8
6157,11272,1777,210.67,1
6158,11273,1777,305.98,3
6159,11274,1777,136.03,4
6160,11276,1778,418.1,4
6161,11277,1778,328.74,9
6162,11280,1779,479.3,5
6163,11281,1779,440.47,9
6164,11285,1779,369.57,7
6165,11286,1780,274.96,5
6166,11291,1780,286.65,1
6167,11292,1780,460.25,1
6168,11293,1781,363.39,9
6169,11295,1781,201.77,9
6170,11296,1781,290.01,4
6171,11297,1781,447.0,10
6172,11299,1781,419.21,1
6173,11300,1782,356.68,6
6174,11302,1782,442.75,5
6175,11303,1782,208.15,9
6176,11304,1782,266.61,10
6177,11307,1783,310.21,4
6178,11309,1783,274.85,8
6179,11310,1783,387.47,2
6180,11314,1784,392.09,7
6181,11315,1784,365.77,1
6182,11316,1785,228.2,9
6183,11317,1785,479.26,6
6184,11318,1785,350.51,5
6185,11320,1785,176.65,4
6186,11322,1785,211.66,12
6187,11324,1785,251.67,12
6188,11325,1786,468.7,1
6189,11326,1786,241.43,3
6190,11329,1786,224.6,1
6191,11330,1786,418.53,6
6192,11331,1786,400.56,1
6193,11333,1786,269.73,12
6194,11334,1786,365.74,5
6195,11336,1787,297.27,7
6196,11338,1787,375.77,12
6197,11341,1788,292.52,5
6198,11346,1788,367.6,6
6199,11347,1788,322.1,4
6200,11348,1788,266.88,7
6201,11351,1789,403.8,1
6202,11352,1789,326.33,1
6203,11354,1789,408.39,12
6204,11356,1789,366.06,10
6205,11358,1789,316.34,9
6206,11360,1790,426.04,5
6207,11362,1790,343.11,4
6208,11363,1790,362.17,3
6209,11365,1790,293.52,9
6210,11367,1790,278.73,3
6211,11368,1791,336.91,6
6212,11369,1791,239.61,11
6213,11371,1791,333.92,10
6214,11374,1791,338.56,5
6215,11375,1792,227.61,7
6216,11377,1792,436.11,8
6217,11378,1792,451.08,11
6218,11380,1792,443.24,9
6219,11381,1792,304.73,7
6220,11384,1793,336.15,9
6221,11387,1794,289.52,4
6222,11388,1794,386.91,11
6223,11390,1794,304.91,7
6224,11393,1794,339.89,10
6225,11395,1794,353.39,2
6226,11401,1796,221.96,12
6227,11404,1796,317.29,5
6228,11407,1797,403.03,5
6229,11409,1797,664.68,11
6230,11410,1797,161.33,4
6231,11411,1797,263.13,7
6232,11412,1797,266.41,5
6233,11413,1797,208.43,1
6234,11415,1797,496.68,3
6235,11417,1798,316.94,12
6236,11418,1798,305.48,4
6237,11420,1798,376.97,4
6238,11422,1798,267.59,9
6239,11427,1799,386.48,7
6240,11428,1799,268.32,1
6241,11429,1799,445.25,1
6242,11431,1799,332.64,9
6243,11434,1799,445.2,8
6244,11435,1799,375.76,1
6245,11439,1800,110.09,7
6246,11440,1800,210.94,2
6247,11443,1800,468.35,6
6248,11447,1801,292.15,1
6249,11448,1801,161.08,1
6250,11450,1801,276.0,7
6251,11451,1801,288.43,8
6252,11453,1802,435.12,8
6253,11454,1802,245.98,3
6254,11458,1805,310.62,6
6255,11459,1805,419.69,1
6256,11460,1805,278.73,1
6257,11462,1805,244.69,4
6258,11464,1805,354.32,11
6259,11465,1805,391.53,11
6260,11468,1806,314.8,6
6261,11471,1807,377.15,11
6262,11473,1807,272.72,8
6263,11477,1807,143.2,2
6264,11478,1807,399.31,6
6265,11479,1807,229.88,12
6266,11481,1807,266.04,1
6267,11482,1808,341.16,12
6268,11483,1808,407.55,7
6269,11484,1808,312.99,5
6270,11488,1809,275.0,7
6271,11489,1809,453.81,7
6272,11492,1811,292.64,8
6273,11493,1811,297.18,4
6274,11495,1811,178.41,11
6275,11496,1811,330.51,10
6276,11497,1812,450.36,12
6277,11498,1812,189.19,10
6278,11499,1812,256.22,11
6279,11505,1812,316.67,10
6280,11506,1812,368.58,4
6281,11507,1812,347.21,4
6282,11508,1813,323.57,10
6283,11509,1814,260.51,11
6284,11511,1814,443.06,10
6285,11515,1814,130.18,6
6286,11516,1814,422.35,9
6287,11517,1815,502.25,11
6288,11518,1815,386.69,6
6289,11519,1815,266.88,6
6290,11520,1815,345.96,10
6291,11521,1815,215.56,1
6292,11522,1815,233.95,3
6293,11523,1815,368.59,3
6294,11524,1816,372.45,11
6295,11525,1817,353.13,3
6296,11526,1817,212.55,4
6297,11527,1817,531.53,12
6298,11528,1817,371.42,7
6299,11529,1817,309.43,6
6300,11532,1818,327.48,3
6301,11533,1818,265.11,11
6302,11535,1818,242.49,10
6303,11536,1818,542.5,7
6304,11538,1819,243.66,6
6305,11540,1820,260.49,11
6306,11546,1821,290.3,4
6307,11547,1821,255.99,10
6308,11551,1821,321.06,6
6309,11555,1822,281.6,4
6310,11556,1822,308.51,8
6311,11562,1824,291.02,9
6312,11563,1824,299.1,6
6313,11564,1824,181.53,9
6314,11565,1824,291.93,2
6315,11566,1824,308.86,7
6316,11567,1824,295.43,2
6317,11568,1824,296.56,10
6318,11569,1824,402.78,7
6319,11571,1825,273.96,5
6320,11572,1825,411.11,6
6321,11573,1825,501.1,9
6322,11574,1825,261.51,7
6323,11576,1825,353.82,5
6324,11578,1825,341.79,3
6325,11580,1826,324.71,1
6326,11581,1826,174.47,8
6327,11584,1826,399.91,5
6328,11586,1827,286.22,2
6329,11587,1828,424.65,7
6330,11588,1828,318.62,4
6331,11589,1829,422.16,6
6332,11591,1829,366.19,8
6333,11593,1829,388.74,9
6334,11594,1829,376.36,12
6335,11595,1829,307.57,6
6336,11601,1830,287.41,3
6337,11603,1830,360.47,10
6338,11609,1831,382.85,1
6339,11611,1831,319.38,6
6340,11613,1831,390.05,10
6341,11615,1831,253.54,11
6342,11616,1831,342.95,5
6343,11617,1832,423.03,3
6344,11621,1833,342.86,10
6345,11622,1833,309.95,8
6346,11623,1833,401.79,2
6347,11627,1833,461.93,9
6348,11629,1833,373.66,4
6349,11630,1833,177.76,7
6350,11633,1834,250.85,9
6351,11634,1834,411.87,4
6352,11636,1834,277.28,3
6353,11638,1834,327.91,4
6354,11639,1834,273.87,2
6355,11642,1835,398.27,4
6356,11643,1835,367.71,4
6357,11644,1835,262.98,5
6358,11645,1836,397.27,4
6359,11647,1836,402.31,4
6360,11649,1837,374.1,6
6361,11651,1837,341.87,10
6362,11654,1838,653.47,10
6363,11655,1838,193.08,6
6364,11656,1839,294.45,11
6365,11657,1839,320.77,11
6366,11658,1839,434.54,1
6367,11659,1839,296.83,9
6368,11660,1839,423.49,6
6369,11662,1839,269.46,2
6370,11663,1839,362.67,10
6371,11667,1840,399.69,7
6372,11669,1840,266.31,12
6373,11671,1841,391.34,5
6374,11672,1841,451.16,4
6375,11673,1841,313.28,9
6376,11675,1842,233.64,11
6377,11676,1842,294.52,9
6378,11678,1843,314.37,2
6379,11679,1843,408.84,7
6380,11680,1843,241.69,3
6381,11681,1843,380.25,5
6382,11682,1843,372.82,11
6383,11683,1843,365.28,4
6384,11684,1843,431.13,11
6385,11685,1843,346.29,4
6386,11687,1844,272.1,3
6387,11689,1844,316.86,11
6388,11692,1845,326.36,12
6389,11695,1846,277.12,12
6390,11696,1846,190.88,4
6391,11698,1846,331.92,5
6392,11701,1846,343.17,9
6393,11702,1847,316.66,10
6394,11703,1847,324.87,11
6395,11708,1849,239.66,12
6396,11709,1849,104.43,2
6397,11711,1849,297.14,8
6398,11712,1849,199.82,6
6399,11714,1849,352.97,5
6400,11715,1849,223.79,12
6401,11718,1850,316.07,8
6402,11719,1851,293.5,2
6403,11720,1851,253.65,7
6404,11721,1851,410.23,10
6405,11722,1851,217.78,9
6406,11723,1851,108.12,3
6407,11724,1851,210.25,9
6408,11726,1851,457.46,5
6409,11727,1851,295.79,12
6410,11728,1851,417.66,3
6411,11730,1852,318.65,10
6412,11731,1852,428.3,4
6413,11733,1852,245.99,2
6414,11734,1852,345.62,6
6415,11735,1853,391.67,10
6416,11737,1853,206.04,5
6417,11738,1853,227.35,6
6418,11739,1853,297.45,6
6419,11741,1853,362.94,6
6420,11742,1853,248.57,2
6421,11743,1854,422.52,3
6422,11745,1854,405.77,10
6423,11746,1854,314.36,10
6424,11749,1855,360.19,10
6425,11751,1855,385.72,2
6426,11754,1855,396.69,5
6427,11756,1856,365.17,3
6428,11757,1856,267.57,6
6429,11758,1856,171.73,5
6430,11759,1856,334.33,3
6431,11761,1856,432.28,8
6432,11762,1857,439.75,2
6433,11764,1857,348.69,11
6434,11765,1858,278.97,7
6435,11766,1858,403.04,7
6436,11767,1859,221.17,11
6437,11769,1859,264.48,6
6438,11770,1859,191.17,3
6439,11771,1860,409.81,9
6440,11772,1860,172.73,10
6441,11774,1861,356.75,11
6442,11776,1861,529.33,11
6443,11778,1862,356.14,8
6444,11779,1862,232.79,6
6445,11781,1863,282.37,7
6446,11784,1863,184.14,9
6447,11785,1864,239.46,9
6448,11788,1865,255.68,11
6449,11789,1865,245.0,12
6450,11790,1865,332.33,2
6451,11795,1866,69.73,2
6452,11797,1866,208.16,3
6453,11798,1866,371.65,11
6454,11799,1866,508.94,10
6455,11804,1867,358.77,1
6456,11807,1867,244.55,11
6457,11809,1867,396.46,9
6458,11811,1868,418.43,5
6459,11812,1868,252.29,6
6460,11813,1868,242.6,9
6461,11814,1868,465.15,9
6462,11815,1868,222.8,4
6463,11821,1869,477.76,8
6464,11822,1869,370.6,2
6465,11823,1869,435.59,4
6466,11825,1870,411.23,4
6467,11826,1870,414.16,8
6468,11828,1870,216.94,2
6469,11829,1870,385.16,8
6470,11830,1870,434.25,11
6471,11835,1871,298.4,3
6472,11837,1872,141.07,1
6473,11838,1872,202.0,7
6474,11840,1872,178.08,2
6475,11842,1873,285.53,3
6476,11846,1873,194.04,7
6477,11848,1874,263.49,6
6478,11852,1874,502.21,12
6479,11853,1874,395.87,7
6480,11854,1874,375.58,6
6481,11855,1875,422.03,2
6482,11857,1875,204.31,10
6483,11859,1875,235.14,10
6484,11860,1875,329.29,5
6485,11862,1875,259.95,1
6486,11865,1876,286.55,12
6487,11869,1877,375.87,5
6488,11872,1877,404.93,9
6489,11873,1877,368.29,5
6490,11874,1877,423.43,2
6491,11877,1878,80.41,11
6492,11878,1879,501.45,2
6493,11882,1879,393.52,5
6494,11884,1880,287.92,8
6495,11888,1880,187.1,6
6496,11889,1880,304.2,11
6497,11890,1880,248.29,1
6498,11891,1880,428.99,5
6499,11892,1881,381.13,10
6500,11893,1881,261.92,8
6501,11895,1883,193.98,5
6502,11898,1883,297.71,6
6503,11901,1883,410.32,11
6504,11902,1883,369.13,8
6505,11904,1884,193.71,12
6506,11907,1884,272.71,1
6507,11908,1884,408.2,4
6508,11909,1884,308.14,12
6509,11910,1884,315.34,11
6510,11911,1885,490.06,6
6511,11913,1886,223.89,11
6512,11915,1886,421.14,11
6513,11916,1886,281.88,6
6514,11917,1886,286.97,10
6515,11918,1887,336.69,12
6516,11919,1887,348.5,3
6517,11920,1887,375.06,5
6518,11923,1887,305.69,8
6519,11925,1887,380.83,2
6520,11926,1887,332.31,12
6521,11927,1888,270.56,3
6522,11928,1888,208.14,4
6523,11931,1888,377.02,5
6524,11932,1888,347.49,1
6525,11934,1888,260.33,3
6526,11935,1888,192.49,12
6527,11936,1888,267.25,8
6528,11937,1888,144.02,9
6529,11938,1888,407.77,11
6530,11940,1888,310.08,7
6531,11941,1889,343.71,6
6532,11944,1889,283.59,1
6533,11947,1890,479.34,10
6534,11948,1890,383.09,11
6535,11953,1892,286.65,11
6536,11955,1892,289.18,10
6537,11959,1892,263.75,11
6538,11960,1892,306.65,6
6539,11961,1892,354.66,6
6540,11962,1893,351.42,3
6541,11965,1894,295.73,4
6542,11966,1894,450.52,10
6543,11967,1894,139.12,1
6544,11968,1894,267.2,8
6545,11970,1894,382.0,4
6546,11972,1895,446.7,1
6547,11973,1895,337.7,11
6548,11974,1895,454.74,2
6549,11975,1896,474.03,1
6550,11977,1896,287.9,6
6551,11979,1897,244.12,11
6552,11980,1897,242.3,1
6553,11981,1897,191.62,3
6554,11983,1897,209.42,2
6555,11984,1897,234.73,11
6556,11986,1897,215.03,4
6557,11988,1897,412.29,11
6558,11991,1898,279.83,12
6559,11992,1898,195.04,7
6560,11993,1898,285.02,1
6561,11994,1898,342.54,8
6562,11995,1898,296.5,11
6563,11996,1898,300.46,11
6564,12000,1900,155.42,10
6565,12003,1900,401.9,10
6566,12005,1901,288.35,6
6567,12006,1901,202.94,5
6568,12007,1901,310.38,4
6569,12009,1901,275.36,3
6570,12012,1902,331.02,1
6571,12013,1902,550.01,1
6572,12014,1902,252.69,5
6573,12015,1902,387.09,9
6574,12016,1902,290.48,9
6575,12019,1903,284.93,4
6576,12020,1903,433.02,12
6577,12022,1903,336.36,10
6578,12023,1903,465.11,2
6579,12025,1903,315.37,9
6580,12026,1903,442.9,1
6581,12029,1904,289.88,9
6582,12031,1905,258.33,4
6583,12032,1906,359.39,4
6584,12033,1906,330.64,12
6585,12035,1906,199.61,6
6586,12036,1906,337.92,1
6587,12037,1906,251.45,2
6588,12040,1907,393.52,7
6589,12044,1907,260.26,6
6590,12045,1907,287.25,4
6591,12049,1908,227.75,4
6592,12050,1908,410.4,4
6593,12052,1908,358.48,12
6594,12053,1909,524.87,9
6595,12055,1909,433.42,1
6596,12056,1909,280.28,9
6597,12057,1909,180.43,3
6598,12059,1909,263.52,1
6599,12060,1910,305.84,12
6600,12061,1910,157.8,8
6601,12062,1910,243.56,6
6602,12063,1910,411.43,1
6603,12065,1910,242.7,4
6604,12067,1911,241.34,4
6605,12069,1911,366.66,12
6606,12070,1911,271.24,12
6607,12071,1911,321.08,12
6608,12072,1911,355.31,6
6609,12073,1911,264.33,7
6610,12075,1911,389.46,7
6611,12077,1912,382.18,3
6612,12079,1913,349.26,4
6613,12081,1913,456.02,1
6614,12084,1914,399.13,6
6615,12085,1914,295.5,9
6616,12087,1914,251.4,1
6617,12088,1914,333.95,4
6618,12090,1914,313.77,7
6619,12092,1914,314.71,8
6620,12093,1914,269.66,4
6621,12097,1916,323.69,9
6622,12098,1916,460.6,6
6623,12101,1916,381.99,1
6624,12105,1917,332.34,2
6625,12108,1917,431.42,10
6626,12111,1918,385.44,2
6627,12113,1918,290.56,7
6628,12114,1919,315.22,4
6629,12115,1920,401.07,1
6630,12116,1920,341.54,11
6631,12117,1920,358.36,10
6632,12119,1920,207.19,5
6633,12121,1920,272.63,12
6634,12122,1920,314.83,10
6635,12123,1920,421.85,9
6636,12125,1921,490.18,9
6637,12127,1921,238.96,1
6638,12128,1922,264.11,11
6639,12129,1922,360.24,6
6640,12133,1923,511.42,12
6641,12135,1923,230.34,3
6642,12137,1923,143.35,2
6643,12138,1923,334.77,11
6644,12140,1924,198.59,7
6645,12141,1924,371.08,3
6646,12143,1924,390.31,6
6647,12144,1924,300.19,12
6648,12149,1926,279.54,3
6649,12151,1927,255.88,8
6650,12153,1927,325.85,5
6651,12154,1927,201.36,4
6652,12156,1927,278.54,12
6653,12158,1928,254.27,3
6654,12160,1929,344.87,2
6655,12161,1929,351.36,10
6656,12163,1929,446.88,1
6657,12164,1929,231.82,5
6658,12165,1929,288.89,4
6659,12166,1929,404.2,3
6660,12167,1930,362.64,7
6661,12169,1930,260.56,11
6662,12170,1930,200.95,1
6663,12171,1930,486.53,8
6664,12172,1930,176.66,6
6665,12173,1931,207.68,3
6666,12176,1931,336.84,3
6667,12177,1931,406.48,8
6668,12179,1931,241.07,9
6669,12181,1931,381.4,10
6670,12183,1932,229.16,1
6671,12190,1933,392.1,12
6672,12192,1933,393.19,2
6673,12193,1933,241.0,10
6674,12194,1933,399.01,1
6675,12195,1933,231.72,11
6676,12198,1934,96.74,12
6677,12199,1934,306.75,3
6678,12200,1934,354.71,5
6679,12202,1934,388.3,11
6680,12203,1934,416.61,7
6681,12204,1934,226.41,2
6682,12206,1935,319.01,7
6683,12207,1935,280.27,8
6684,12209,1935,318.86,4
6685,12210,1936,527.07,8
6686,12212,1936,302.76,1
6687,12216,1937,231.78,5
6688,12217,1937,296.99,4
6689,12218,1937,396.09,5
6690,12220,1937,363.63,9
6691,12222,1937,413.63,5
6692,12223,1938,486.36,4
6693,12226,1938,482.52,3
6694,12227,1938,247.76,1
6695,12228,1938,387.44,10
6696,12229,1938,162.61,2
6697,12230,1938,418.26,9
6698,12231,1938,180.65,11
6699,12232,1938,181.06,12
6700,12233,1938,302.93,3
6701,12235,1939,403.81,12
6702,12237,1939,235.49,11
6703,12239,1939,272.36,5
6704,12241,1939,244.86,6
6705,12242,1940,333.3,2
6706,12244,1940,402.96,12
6707,12245,1940,321.56,10
6708,12246,1940,264.14,11
6709,12247,1941,458.05,5
6710,12249,1941,411.64,5
6711,12250,1941,249.51,9
6712,12251,1941,239.6,6
6713,12253,1941,283.45,1
6714,12256,1941,408.23,7
6715,12257,1941,86.81,2
6716,12258,1941,437.86,8
6717,12260,1942,287.78,2
6718,12266,1943,209.81,10
6719,12267,1944,332.76,7
6720,12271,1944,345.32,8
6721,12274,1945,398.38,1
6722,12275,1945,423.2,2
6723,12277,1946,351.13,5
6724,12278,1946,365.52,3
6725,12279,1946,325.79,5
6726,12280,1946,379.85,3
6727,12283,1947,265.07,8
6728,12284,1947,284.73,6
6729,12285,1947,178.96,4
6730,12286,1947,468.61,1
6731,12287,1947,263.18,4
6732,12290,1947,416.8,5
6733,12291,1947,433.29,3
6734,12292,1948,180.9,7
6735,12293,1948,332.29,10
6736,12296,1948,379.08,11
6737,12297,1948,270.37,1
6738,12298,1948,196.94,11
6739,12299,1948,453.52,1
6740,12300,1948,378.34,3
6741,12301,1949,323.72,9
6742,12302,1949,225.86,8
6743,12303,1949,228.67,8
6744,12310,1949,335.07,8
6745,12311,1950,278.13,6
6746,12312,1950,339.72,6
6747,12314,1950,353.57,8
6748,12315,1950,279.39,9
6749,12316,1950,472.42,1
6750,12317,1950,252.03,4
6751,12320,1950,234.6,8
6752,12322,1950,357.78,11
6753,12324,1951,363.35,6
6754,12325,1951,229.86,12
6755,12328,1951,289.11,2
6756,12329,1951,181.36,6
6757,12330,1951,269.15,7
6758,12331,1952,392.26,3
6759,12332,1952,203.55,7
6760,12334,1953,221.77,5
6761,12335,1953,245.39,1
6762,12336,1953,422.67,12
6763,12337,1953,409.96,7
6764,12338,1953,131.22,2
6765,12339,1953,159.18,1
6766,12341,1953,327.95,2
6767,12343,1954,175.3,5
6768,12344,1954,428.64,1
6769,12347,1955,122.05,10
6770,12348,1955,252.33,9
6771,12351,1956,338.71,2
6772,12353,1956,452.61,5
6773,12354,1956,319.62,5
6774,12355,1957,348.48,5
6775,12356,1957,335.97,11
6776,12357,1957,404.66,2
6777,12358,1957,347.71,7
6778,12360,1957,386.4,3
6779,12362,1958,388.18,1
6780,12364,1958,418.06,11
6781,12366,1958,124.4,3
6782,12367,1958,183.09,3
6783,12368,1959,380.9,4
6784,12370,1959,496.73,12
6785,12371,1959,349.27,10
6786,12373,1960,296.8,6
6787,12375,1960,408.68,3
6788,12376,1960,438.93,3
6789,12377,1960,380.62,11
6790,12379,1961,316.79,10
6791,12381,1961,324.45,2
6792,12382,1961,343.67,8
6793,12383,1962,439.28,2
6794,12387,1963,357.87,5
6795,12388,1964,359.05,6
6796,12391,1964,406.02,3
6797,12393,1964,315.55,2
6798,12394,1964,343.19,4
6799,12398,1966,496.82,11
6800,12399,1967,262.78,5
6801,12402,1968,268.68,9
6802,12403,1968,242.67,6
6803,12406,1969,348.42,5
6804,12407,1969,353.8,2
6805,12408,1969,147.48,3
6806,12411,1970,406.78,7
6807,12416,1971,222.62,10
6808,12417,1971,360.51,10
6809,12418,1971,331.45,1
6810,12419,1971,64.99,8
6811,12420,1971,106.96,4
6812,12422,1971,219.06,7
6813,12423,1971,426.01,8
6814,12424,1972,151.35,6
6815,12426,1972,420.07,9
6816,12428,1972,161.04,6
6817,12431,1972,123.27,4
6818,12436,1973,346.7,8
6819,12439,1974,316.87,12
6820,12442,1975,161.63,5
6821,12443,1975,211.82,11
6822,12444,1975,347.45,4
6823,12447,1976,286.6,7
6824,12448,1976,375.86,2
6825,12449,1976,289.74,11
6826,12450,1976,408.83,12
6827,12452,1976,216.8,2
6828,12453,1977,372.88,1
6829,12455,1977,205.89,3
6830,12457,1978,347.68,7
6831,12459,1978,377.56,10
6832,12460,1978,224.34,9
6833,12462,1978,354.02,5
6834,12463,1978,370.73,1
6835,12466,1978,364.98,10
6836,12467,1979,252.82,12
6837,12468,1979,287.27,5
6838,12469,1979,473.83,6
6839,12471,1979,240.36,2
6840,12472,1979,332.62,12
6841,12474,1979,301.4,3
6842,12475,1979,350.38,1
6843,12476,1979,446.4,7
6844,12478,1980,266.75,8
6845,12479,1980,352.88,11
6846,12487,1982,383.79,5
6847,12489,1983,290.15,5
6848,12496,1983,243.61,1
6849,12497,1983,329.08,4
6850,12501,1984,322.05,12
6851,12502,1985,172.59,3
6852,12503,1985,249.21,2
6853,12504,1985,385.35,2
6854,12505,1985,279.46,8
6855,12506,1985,361.53,4
6856,12507,1985,225.45,1
6857,12509,1985,331.28,1
6858,12510,1985,331.12,11
6859,12511,1985,346.92,6
6860,12512,1985,286.05,3
6861,12513,1986,334.29,12
6862,12514,1986,490.57,4
6863,12515,1986,357.75,8
6864,12518,1986,452.51,4
6865,12519,1986,304.43,1
6866,12520,1986,86.85,12
6867,12521,1986,387.62,11
6868,12523,1986,496.87,9
6869,12524,1987,332.42,2
6870,12525,1987,268.64,7
6871,12526,1987,328.0,4
6872,12528,1987,424.98,1
6873,12531,1987,332.28,6
6874,12532,1988,259.26,10
6875,12540,1989,231.16,5
6876,12541,1989,384.31,9
6877,12545,1990,601.84,12
6878,12547,1990,214.72,4
6879,12548,1990,376.37,6
6880,12552,1990,381.9,1
6881,12553,1990,219.08,12
6882,12555,1991,392.5,11
6883,12557,1991,503.24,9
6884,12559,1991,405.96,8
6885,12560,1992,287.01,12
6886,12561,1993,197.47,11
6887,12563,1993,360.3,6
6888,12565,1993,306.92,10
6889,12567,1993,379.18,8
6890,12569,1993,293.05,4
6891,12572,1994,237.68,2
6892,12576,1994,326.54,5
6893,12580,1995,424.82,7
6894,12583,1995,393.23,1
6895,12584,1995,294.65,5
6896,12586,1996,213.88,2
6897,12588,1996,293.88,1
6898,12589,1997,291.55,10
6899,12592,1997,315.46,11
6900,12595,1998,498.16,8
6901,12598,1998,292.08,4
6902,12599,1998,331.9,6
6903,12601,1998,389.95,8
6904,12603,1999,365.64,10
6905,12604,1999,451.91,9
6906,12606,1999,271.07,3
6907,12607,1999,260.34,11
6908,12611,2000,286.9,8
6909,12612,2001,236.32,1
6910,12614,2001,324.89,3
6911,12615,2001,334.06,7
6912,12616,2001,290.04,5
6913,12620,2001,369.23,3
6914,12629,2004,371.82,2
6915,12630,2004,254.29,3
6916,12632,2005,371.71,6
6917,12633,2005,216.17,8
6918,12636,2006,236.51,9
6919,12637,2006,448.77,12
6920,12639,2006,299.55,11
6921,12640,2006,301.78,7
6922,12641,2006,470.03,2
6923,12642,2006,335.78,5
6924,12643,2006,296.71,5
6925,12644,2007,239.03,6
6926,12645,2008,361.88,1
6927,12649,2009,450.45,2
6928,12652,2009,313.96,12
6929,12653,2009,435.98,5
6930,12654,2010,306.95,2
6931,12656,2011,252.03,10
6932,12659,2011,276.26,12
6933,12660,2012,252.96,10
6934,12661,2012,443.96,1
6935,12667,2012,421.8,5
6936,12668,2012,355.09,6
6937,12670,2012,106.63,3
6938,12671,2012,453.0,7
6939,12673,2013,285.68,12
6940,12674,2013,264.03,4
6941,12676,2013,290.03,10
6942,12677,2013,323.59,5
6943,12678,2013,358.74,7
6944,12679,2013,417.89,12
6945,12682,2015,367.55,2
6946,12683,2015,322.59,11
6947,12685,2015,286.55,1
6948,12686,2015,240.98,12
6949,12687,2015,354.2,12
6950,12688,2015,367.66,5
6951,12689,2015,251.28,6
6952,12690,2016,225.13,2
6953,12693,2016,390.53,5
6954,12694,2017,282.02,6
6955,12695,2017,214.9,11
6956,12696,2017,234.79,6
6957,12698,2017,366.46,2
6958,12699,2017,461.45,5
6959,12701,2017,411.4,1
6960,12703,2017,150.97,10
6961,12705,2018,311.34,2
6962,12706,2018,393.44,2
6963,12707,2018,187.18,4
6964,12708,2018,465.69,11
6965,12710,2018,157.86,7
6966,12712,2018,374.43,5
6967,12713,2018,288.45,9
6968,12714,2018,339.64,3
6969,12718,2019,327.73,9
6970,12720,2019,241.22,10
6971,12721,2019,368.22,6
6972,12724,2019,299.6,1
6973,12725,2019,372.48,9
6974,12726,2019,261.46,7
6975,12728,2019,298.03,12
6976,12729,2020,370.09,9
6977,12730,2020,254.92,4
6978,12733,2020,425.42,7
6979,12734,2021,346.58,1
6980,12736,2021,498.46,10
6981,12737,2021,305.23,11
6982,12739,2022,344.58,1
6983,12740,2022,299.7,4
6984,12741,2022,320.51,4
6985,12742,2022,370.0,5
6986,12743,2022,465.66,5
6987,12744,2022,448.79,7
6988,12745,2022,390.29,11
6989,12747,2023,223.93,11
6990,12749,2023,286.84,4
6991,12751,2023,372.6,8
6992,12752,2024,248.37,11
6993,12753,2024,318.52,8
6994,12754,2024,334.44,6
6995,12756,2024,483.83,4
6996,12758,2024,305.85,9
6997,12759,2024,178.41,9
6998,12761,2025,389.36,12
6999,12762,2025,414.04,4
7000,12763,2025,525.08,4
7001,12764,2025,280.38,11
7002,12766,2026,196.45,4
7003,12768,2026,351.73,10
7004,12769,2026,367.19,12
7005,12771,2026,372.06,6
7006,12772,2027,283.69,10
7007,12776,2027,358.54,1
7008,12777,2027,329.6,12
7009,12779,2028,269.31,11
7010,12780,2029,221.28,1
7011,12785,2030,290.88,8
7012,12786,2030,313.92,8
7013,12787,2030,381.82,6
7014,12788,2030,317.17,4
7015,12789,2030,273.92,10
7016,12794,2031,368.31,5
7017,12795,2031,313.47,11
7018,12796,2032,257.46,3
7019,12797,2032,350.67,12
7020,12798,2032,380.13,9
7021,12800,2033,311.99,9
7022,12801,2034,468.5,6
7023,12805,2034,431.2,6
7024,12806,2034,366.92,12
7025,12807,2034,287.15,11
7026,12809,2034,156.19,11
7027,12811,2034,210.51,12
7028,12812,2034,400.12,12
7029,12814,2034,236.86,11
7030,12815,2035,356.91,3
7031,12818,2035,239.55,8
7032,12819,2035,303.73,2
7033,12820,2035,276.76,4
7034,12822,2036,395.28,8
7035,12825,2036,401.59,8
7036,12826,2036,174.45,12
7037,12827,2036,441.45,10
7038,12829,2036,296.44,6
7039,12831,2036,417.73,10
7040,12834,2037,438.38,8
7041,12835,2037,269.26,11
7042,12836,2037,465.8,6
7043,12837,2038,159.04,11
7044,12838,2038,226.79,3
7045,12841,2038,282.35,1
7046,12842,2038,227.03,8
7047,12844,2039,189.82,7
7048,12848,2040,412.35,11
7049,12849,2040,279.73,11
7050,12851,2040,327.05,2
7051,12852,2040,380.89,12
7052,12853,2040,418.14,1
7053,12855,2041,459.64,11
7054,12860,2042,241.44,11
7055,12861,2042,459.25,12
7056,12863,2042,334.55,8
7057,12864,2042,335.14,10
7058,12865,2042,294.93,10
7059,12866,2042,347.79,4
7060,12869,2043,458.93,11
7061,12872,2044,379.17,7
7062,12873,2044,418.89,9
7063,12875,2044,241.7,1
7064,12876,2044,281.11,11
7065,12878,2045,327.43,6
7066,12880,2045,365.39,5
7067,12885,2047,351.12,9
7068,12886,2047,481.81,7
7069,12888,2047,260.07,9
7070,12889,2047,361.97,8
7071,12891,2047,365.84,2
7072,12893,2047,283.92,6
7073,12897,2048,314.15,10
7074,12899,2048,260.32,3
7075,12900,2048,346.59,6
7076,12901,2049,201.33,2
7077,12902,2049,472.24,7
7078,12904,2050,298.04,12
7079,12905,2050,255.79,7
7080,12910,2051,163.63,9
7081,12911,2051,288.1,2
7082,12913,2051,298.67,2
7083,12914,2051,347.52,8
7084,12915,2052,301.13,6
7085,12918,2053,580.68,9
7086,12921,2053,205.68,3
7087,12922,2053,375.26,1
7088,12923,2053,356.54,5
7089,12924,2053,198.7,1
7090,12925,2053,290.69,9
7091,12926,2053,531.42,7
7092,12927,2053,272.91,7
7093,12929,2054,501.85,1
7094,12932,2055,310.04,10
7095,12933,2055,322.92,11
7096,12940,2056,286.29,11
7097,12941,2056,230.65,1
7098,12942,2056,210.76,9
7099,12944,2056,265.4,8
7100,12947,2058,387.74,1
7101,12949,2058,368.71,7
7102,12950,2058,286.64,10
7103,12952,2059,489.14,8
7104,12954,2059,244.13,1
7105,12955,2060,361.2,7
7106,12959,2060,202.26,6
7107,12963,2061,347.18,3
7108,12966,2061,366.35,6
7109,12971,2061,302.31,12
7110,12972,2061,324.02,2
7111,12973,2062,277.09,11
7112,12980,2062,403.75,9
7113,12981,2062,398.75,5
7114,12982,2062,359.45,1
7115,12983,2062,383.03,4
7116,12985,2063,369.75,1
7117,12986,2063,283.06,12
7118,12987,2063,352.03,2
7119,12988,2063,387.85,2
7120,12989,2063,301.6,10
7121,12990,2063,371.3,2
7122,12991,2063,201.06,2
7123,12993,2064,213.33,1
7124,12995,2064,327.47,1
7125,12997,2064,291.88,5
7126,12998,2065,419.05,1
7127,12999,2065,303.41,12
7128,13001,2066,423.38,10
7129,13002,2066,317.65,11
7130,13003,2066,351.6,9
7131,13004,2067,282.09,8
7132,13009,2067,309.18,8
7133,13010,2067,254.26,11
7134,13011,2067,224.58,8
7135,13016,2068,403.71,6
7136,13019,2068,416.76,11
7137,13020,2069,403.78,2
7138,13022,2069,419.77,4
7139,13023,2070,339.44,1
7140,13024,2070,280.44,11
7141,13026,2070,257.09,1
7142,13028,2070,162.02,8
7143,13031,2072,368.21,6
7144,13033,2072,331.53,11
7145,13036,2072,353.96,2
7146,13037,2073,374.2,10
7147,13038,2073,444.87,7
7148,13042,2073,290.44,7
7149,13045,2073,362.98,1
7150,13046,2073,275.27,12
7151,13047,2074,166.49,8
7152,13051,2074,304.07,1
7153,13053,2075,451.41,8
7154,13055,2075,303.46,8
7155,13056,2075,240.12,1
7156,13057,2075,354.64,2
7157,13059,2076,400.1,11
7158,13060,2076,366.05,5
7159,13064,2076,441.98,5
7160,13065,2077,235.81,8
7161,13066,2077,445.01,4
7162,13068,2077,135.23,12
7163,13069,2077,137.25,7
7164,13071,2078,188.33,1
7165,13075,2079,363.22,4
7166,13076,2079,184.21,4
7167,13077,2079,262.55,7
7168,13078,2079,281.89,1
7169,13079,2079,387.17,5
7170,13081,2079,435.03,11
7171,13084,2080,401.19,2
7172,13088,2080,191.23,3
7173,13089,2080,336.08,8
7174,13090,2081,286.66,8
7175,13094,2082,305.27,1
7176,13095,2082,314.09,8
7177,13098,2082,278.23,4
7178,13099,2082,254.68,2
7179,13100,2082,279.65,4
7180,13104,2083,257.78,10
7181,13107,2083,411.46,5
7182,13108,2083,314.24,6
7183,13109,2083,410.93,5
7184,13110,2083,418.37,7
7185,13112,2083,444.71,7
7186,13116,2085,206.79,1
7187,13117,2086,343.65,11
7188,13118,2086,208.3,3
7189,13119,2086,485.32,6
7190,13120,2086,373.0,4
7191,13121,2086,277.75,5
7192,13122,2086,291.63,8
7193,13123,2086,395.54,5
7194,13124,2086,286.85,1
7195,13129,2086,197.85,4
7196,13132,2087,360.47,7
7197,13134,2087,430.96,5
7198,13135,2087,313.42,2
7199,13137,2087,387.51,9
7200,13138,2087,266.76,11
7201,13140,2087,331.33,4
7202,13143,2088,328.99,11
7203,13144,2088,288.47,10
7204,13145,2088,234.99,9
7205,13147,2088,254.33,12
7206,13148,2088,258.33,10
7207,13149,2088,278.64,3
7208,13150,2088,307.69,8
7209,13151,2089,333.0,11
7210,13152,2089,332.86,8
7211,13153,2089,310.77,10
7212,13156,2089,321.33,4
7213,13158,2089,242.9,5
7214,13161,2090,337.19,2
7215,13163,2090,179.06,3
7216,13166,2091,228.97,4
7217,13171,2091,226.36,11
7218,13172,2091,268.61,5
7219,13173,2092,346.03,3
7220,13174,2092,335.7,2
7221,13180,2093,344.59,12
7222,13181,2093,392.81,2
7223,13182,2093,336.25,12
7224,13183,2093,229.37,1
7225,13185,2094,322.68,8
7226,13186,2094,236.03,5
7227,13187,2094,289.87,2
7228,13188,2094,355.81,3
7229,13190,2094,304.8,8
7230,13192,2094,377.85,5
7231,13195,2095,320.75,7
7232,13198,2095,183.72,10
7233,13199,2095,284.47,8
7234,13201,2095,377.18,10
7235,13202,2096,361.09,6
7236,13203,2096,223.55,11
7237,13206,2096,278.57,5
7238,13208,2096,338.61,5
7239,13211,2096,273.0,10
7240,13214,2096,289.48,11
7241,13216,2097,342.4,8
7242,13217,2097,484.94,10
7243,13219,2097,347.9,3
7244,13220,2097,382.39,5
7245,13221,2097,240.17,10
7246,13222,2097,207.96,12
7247,13223,2097,241.21,12
7248,13224,2098,304.21,7
7249,13225,2098,340.42,11
7250,13226,2098,363.24,2
7251,13227,2098,400.22,8
7252,13228,2098,433.19,2
7253,13231,2099,132.81,10
7254,13232,2100,231.71,3
7255,13234,2100,469.7,1
7256,13235,2100,351.42,3
7257,13237,2100,310.39,7
7258,13238,2100,119.45,6
7259,13239,2100,203.42,4
7260,13240,2100,399.63,11
7261,13241,2100,277.84,11
7262,13245,2102,369.03,4
7263,13250,2103,283.96,6
7264,13254,2103,516.37,10
7265,13256,2103,316.03,7
7266,13259,2103,185.91,1
7267,13260,2103,372.24,3
7268,13262,2104,326.74,2
7269,13263,2104,263.97,1
7270,13265,2104,338.05,7
7271,13267,2104,414.14,3
7272,13270,2104,298.44,5
7273,13271,2105,234.05,5
7274,13274,2106,338.62,3
7275,13275,2106,262.22,8
7276,13278,2106,349.49,7
7277,13279,2106,434.03,7
7278,13280,2106,217.2,10
7279,13283,2107,153.86,3
7280,13285,2108,526.33,4
7281,13286,2108,331.96,1
7282,13287,2108,207.82,12
7283,13289,2108,229.88,9
7284,13291,2109,277.26,4
7285,13292,2109,347.19,5
7286,13294,2109,102.5,9
7287,13295,2109,382.89,4
7288,13297,2109,258.16,6
7289,13299,2109,453.49,1
7290,13302,2111,354.75,10
7291,13303,2111,400.5,9
7292,13304,2111,298.93,10
7293,13305,2111,342.07,7
7294,13306,2111,444.58,12
7295,13307,2111,243.31,1
7296,13311,2112,359.79,7
7297,13313,2112,368.24,2
7298,13317,2113,442.62,8
7299,13319,2113,262.32,9
7300,13321,2114,243.64,9
7301,13322,2114,427.03,3
7302,13323,2114,299.74,9
7303,13324,2114,239.1,8
7304,13325,2114,275.41,8
7305,13327,2115,195.29,4
7306,13328,2115,317.49,3
7307,13329,2115,60.71,11
7308,13331,2116,343.93,1
7309,13336,2117,181.23,9
7310,13337,2117,434.18,7
7311,13340,2117,256.49,11
7312,13341,2117,245.47,3
7313,13345,2118,323.79,2
7314,13346,2119,355.41,2
7315,13347,2119,323.18,6
7316,13349,2120,174.1,3
7317,13350,2120,330.58,6
7318,13351,2120,312.9,5
7319,13355,2121,309.47,7
7320,13356,2121,372.1,11
7321,13357,2121,250.39,9
7322,13358,2121,218.06,9
7323,13360,2122,375.33,3
7324,13361,2122,144.58,1
7325,13362,2122,345.48,1
7326,13363,2122,210.9,2
7327,13365,2122,446.22,10
7328,13367,2123,189.05,1
7329,13368,2123,190.97,7
7330,13369,2123,529.68,11
7331,13370,2123,433.64,4
7332,13371,2123,247.38,5
7333,13372,2123,208.74,1
7334,13373,2124,236.62,1
7335,13374,2124,352.42,5
7336,13377,2125,345.59,12
7337,13379,2125,284.1,8
7338,13380,2126,474.41,12
7339,13381,2126,249.25,11
7340,13382,2126,149.87,3
7341,13385,2127,560.27,5
7342,13386,2127,402.33,1
7343,13387,2127,301.55,11
7344,13388,2127,338.77,6
7345,13392,2127,330.87,10
7346,13395,2128,173.95,1
7347,13396,2128,318.49,7
7348,13397,2128,358.89,3
7349,13399,2128,354.51,11
7350,13402,2128,105.44,10
7351,13403,2128,336.94,11
7352,13406,2128,361.84,8
7353,13408,2129,315.44,2
7354,13409,2129,210.69,2
7355,13412,2129,438.02,8
7356,13414,2129,316.99,2
7357,13415,2129,300.75,5
7358,13417,2129,305.97,8
7359,13419,2130,188.12,11
7360,13420,2130,495.96,10
7361,13421,2130,421.67,3
7362,13424,2130,257.89,10
7363,13426,2130,146.86,11
7364,13427,2131,367.43,5
7365,13429,2131,387.34,11
7366,13431,2131,325.88,6
7367,13432,2132,289.76,6
7368,13433,2132,170.06,4
7369,13434,2132,373.87,6
7370,13440,2133,168.55,4
7371,13441,2134,344.82,4
7372,13443,2135,385.4,4
7373,13444,2135,292.3,11
7374,13445,2135,297.18,11
7375,13446,2135,93.09,12
7376,13447,2135,236.56,6
7377,13448,2135,276.93,8
7378,13453,2136,174.67,1
7379,13454,2136,435.46,8
7380,13456,2137,250.08,3
7381,13457,2137,278.13,10
7382,13459,2137,480.51,2
7383,13461,2137,411.94,11
7384,13462,2137,478.24,8
7385,13463,2137,434.78,11
7386,13465,2138,382.41,7
7387,13466,2138,247.79,2
7388,13468,2138,187.43,6
7389,13470,2139,391.79,5
7390,13472,2139,270.92,2
7391,13476,2140,108.75,8
7392,13477,2140,359.33,8
7393,13480,2140,340.86,4
7394,13487,2141,202.86,1
7395,13491,2141,445.69,1
7396,13493,2141,241.64,8
7397,13495,2141,520.51,5
7398,13496,2142,438.28,11
7399,13498,2142,410.96,2
7400,13499,2143,265.35,1
7401,13500,2143,335.59,11
7402,13501,2143,344.16,4
7403,13502,2143,293.9,3
7404,13505,2144,321.46,9
7405,13506,2144,475.95,3
7406,13507,2144,257.12,9
7407,13508,2144,361.12,10
7408,13509,2144,269.22,3
7409,13510,2144,178.33,6
7410,13513,2144,415.52,5
7411,13514,2145,356.37,8
7412,13517,2145,408.58,11
7413,13519,2145,233.8,4
7414,13524,2146,264.04,2
7415,13525,2146,355.49,12
7416,13528,2147,389.6,7
7417,13529,2147,427.39,6
7418,13531,2147,310.93,12
7419,13532,2147,365.32,8
7420,13533,2147,480.88,4
7421,13535,2148,285.54,9
7422,13538,2150,345.33,3
7423,13539,2150,306.9,5
7424,13540,2150,338.91,1
7425,13541,2150,444.74,11
7426,13542,2150,266.44,2
7427,13543,2150,244.18,1
7428,13547,2150,398.87,3
7429,13548,2150,455.87,2
7430,13551,2150,188.8,1
7431,13552,2151,289.55,10
7432,13553,2151,348.33,1
7433,13555,2151,324.01,5
7434,13556,2151,332.54,11
7435,13560,2151,326.13,8
7436,13564,2152,253.92,12
7437,13565,2152,89.47,2
7438,13566,2152,317.68,5
7439,13569,2152,299.53,9
7440,13571,2152,185.47,8
7441,13572,2152,258.82,4
7442,13573,2152,400.18,9
7443,13574,2152,302.33,9
7444,13575,2153,336.81,5
7445,13577,2153,223.7,4
7446,13578,2153,373.42,7
7447,13580,2154,520.19,5
7448,13581,2154,367.11,7
7449,13585,2154,359.43,10
7450,13587,2155,342.64,3
7451,13591,2155,260.59,7
7452,13592,2156,406.39,9
7453,13594,2156,309.04,10
7454,13597,2156,475.13,10
7455,13599,2156,480.8,12
7456,13600,2156,271.58,3
7457,13601,2156,388.96,12
7458,13604,2157,267.1,5
7459,13605,2157,424.7,6
7460,13606,2157,240.69,2
7461,13609,2158,341.32,5
7462,13610,2158,366.73,6
7463,13611,2159,389.32,11
7464,13612,2159,228.06,3
7465,13615,2160,361.07,5
7466,13617,2161,339.36,5
7467,13618,2161,217.88,10
7468,13619,2161,424.08,11
7469,13620,2161,464.61,8
7470,13621,2161,325.39,7
7471,13622,2161,308.04,1
7472,13623,2161,286.94,3
7473,13624,2161,548.03,4
7474,13625,2161,404.51,10
7475,13627,2162,255.65,8
7476,13628,2162,176.73,7
7477,13632,2163,281.59,2
7478,13633,2163,282.18,10
7479,13634,2163,342.98,9
7480,13636,2163,324.01,9
7481,13638,2163,423.02,9
7482,13640,2164,76.24,6
7483,13641,2164,368.4,5
7484,13645,2164,400.45,2
7485,13647,2164,158.28,11
7486,13652,2165,241.93,7
7487,13653,2165,276.45,1
7488,13655,2165,365.57,6
7489,13656,2165,282.78,11
7490,13657,2165,316.91,10
7491,13658,2165,249.04,8
7492,13662,2167,325.73,7
7493,13663,2167,263.17,7
7494,13664,2167,241.01,5
7495,13665,2167,332.65,8
7496,13667,2167,397.78,2
7497,13668,2167,343.6,9
7498,13669,2167,299.74,12
7499,13670,2167,410.8,8
7500,13672,2167,278.73,9
7501,13675,2169,312.82,10
7502,13676,2169,425.3,7
7503,13679,2169,281.24,11
7504,13683,2169,271.31,8
7505,13685,2169,386.93,4
7506,13686,2169,230.17,9
7507,13687,2170,428.13,7
7508,13688,2170,145.62,3
7509,13690,2170,326.72,6
7510,13691,2170,261.41,8
7511,13693,2171,350.56,2
7512,13694,2171,451.78,8
7513,13695,2171,215.85,8
7514,13696,2171,193.56,10
7515,13698,2172,423.53,2
7516,13699,2172,299.27,1
7517,13700,2172,312.56,12
7518,13702,2172,296.07,9
7519,13704,2173,287.37,6
7520,13705,2173,237.89,4
7521,13706,2173,298.17,5
7522,13708,2173,244.14,6
7523,13709,2173,410.11,3
7524,13710,2173,270.23,12
7525,13711,2173,437.98,11
7526,13713,2174,380.21,6
7527,13714,2174,229.82,11
7528,13716,2174,224.3,4
7529,13718,2174,300.15,11
7530,13719,2174,254.08,11
7531,13722,2174,253.46,8
7532,13723,2174,395.58,3
7533,13726,2175,344.7,5
7534,13727,2175,430.72,4
7535,13731,2175,223.53,6
7536,13732,2176,155.03,8
7537,13733,2176,254.25,5
7538,13735,2176,416.92,12
7539,13736,2176,263.56,5
7540,13739,2177,467.31,1
7541,13740,2177,272.01,1
7542,13741,2177,372.58,12
7543,13746,2178,317.67,8
7544,13747,2178,143.59,12
7545,13749,2179,260.59,2
7546,13750,2179,363.19,10
7547,13751,2179,315.75,9
7548,13753,2179,280.6,3
7549,13754,2179,304.82,4
7550,13756,2180,333.55,5
7551,13759,2181,75.04,10
7552,13760,2181,269.78,3
7553,13761,2181,247.2,2
7554,13762,2181,382.28,1
7555,13763,2181,388.21,1
7556,13764,2181,335.28,7
7557,13765,2181,330.2,1
7558,13766,2181,138.9,11
7559,13767,2181,238.21,9
7560,13768,2181,288.19,3
7561,13771,2182,310.16,4
7562,13772,2182,319.54,3
7563,13775,2182,144.66,2
7564,13776,2182,407.76,12
7565,13783,2183,227.9,4
7566,13785,2184,115.98,11
7567,13787,2184,390.51,4
7568,13789,2184,237.88,9
7569,13790,2184,382.29,4
7570,13791,2185,163.07,7
7571,13793,2185,283.54,3
7572,13797,2186,233.24,9
7573,13799,2186,355.36,5
7574,13801,2187,239.86,12
7575,13803,2187,355.38,2
7576,13804,2187,281.9,7
7577,13805,2187,260.82,6
7578,13807,2188,400.94,7
7579,13808,2188,495.83,3
7580,13810,2188,287.16,1
7581,13811,2188,250.38,4
7582,13812,2188,307.51,2
7583,13815,2188,329.7,10
7584,13816,2188,158.53,5
7585,13817,2189,228.72,5
7586,13818,2189,184.45,3
7587,13822,2189,216.3,6
7588,13823,2190,450.71,11
7589,13824,2190,114.2,5
7590,13826,2190,353.53,4
7591,13828,2190,286.67,7
7592,13830,2190,341.91,4
7593,13831,2191,214.83,3
7594,13832,2191,278.58,10
7595,13833,2191,430.14,2
7596,13834,2191,279.1,12
7597,13837,2191,446.89,10
7598,13839,2192,74.73,6
7599,13841,2192,368.52,11
7600,13843,2192,323.76,7
7601,13844,2192,190.56,5
7602,13845,2192,402.44,5
7603,13848,2193,252.61,8
7604,13849,2193,340.82,10
7605,13850,2193,231.18,5
7606,13852,2194,274.08,7
7607,13854,2195,383.49,4
7608,13855,2195,531.71,8
7609,13856,2195,239.19,11
7610,13858,2196,432.45,12
7611,13859,2196,440.6,5
7612,13862,2196,377.39,4
7613,13863,2196,389.06,8
7614,13866,2198,256.35,9
7615,13867,2199,232.75,12
7616,13868,2199,277.43,2
7617,13869,2200,344.0,2
7618,13870,2200,292.88,9
7619,13871,2200,252.77,12
7620,13876,2200,256.76,3
7621,13879,2201,292.63,12
7622,13880,2201,397.42,7
7623,13882,2202,222.91,8
7624,13886,2202,370.95,11
7625,13889,2203,367.25,9
7626,13892,2203,272.98,1
7627,13893,2203,346.63,12
7628,13894,2203,426.77,7
7629,13895,2203,290.82,3
7630,13897,2203,250.49,3
7631,13898,2203,233.4,1
7632,13902,2205,243.95,2
7633,13903,2205,391.17,8
7634,13904,2205,314.86,3
7635,13905,2206,175.81,12
7636,13910,2207,432.93,6
7637,13911,2207,303.75,12
7638,13912,2208,363.21,5
7639,13914,2208,374.14,2
7640,13917,2210,244.93,2
7641,13919,2210,209.26,9
7642,13920,2210,232.98,2
7643,13922,2211,302.44,1
7644,13924,2211,359.38,7
7645,13926,2211,487.71,3
7646,13927,2211,400.8,12
7647,13929,2211,143.17,8
7648,13930,2211,306.27,12
7649,13931,2212,115.28,4
7650,13932,2212,406.44,6
7651,13933,2212,302.07,2
7652,13934,2212,323.18,1
7653,13935,2212,298.74,12
7654,13937,2212,326.8,7
7655,13938,2213,258.29,10
7656,13939,2213,328.84,3
7657,13940,2213,234.49,9
7658,13941,2213,346.19,7
7659,13943,2214,344.35,3
7660,13944,2214,363.06,3
7661,13945,2214,311.09,7
7662,13949,2215,413.52,10
7663,13952,2215,483.67,3
7664,13953,2215,181.94,9
7665,13954,2215,205.98,7
7666,13955,2215,304.62,11
7667,13956,2216,279.32,9
7668,13958,2216,362.75,12
7669,13961,2216,362.79,6
7670,13963,2216,346.98,6
7671,13964,2216,170.61,9
7672,13965,2217,337.66,8
7673,13968,2217,486.67,3
7674,13970,2217,366.47,7
7675,13974,2218,314.02,7
7676,13975,2218,375.63,3
7677,13976,2218,242.16,12
7678,13977,2218,357.58,3
7679,13979,2219,318.1,7
7680,13980,2219,217.07,7
7681,13983,2219,342.11,8
7682,13984,2219,323.96,2
7683,13985,2219,392.66,7
7684,13987,2220,331.98,7
7685,13989,2221,338.57,12
7686,13990,2221,333.38,8
7687,13991,2221,332.03,10
7688,13992,2221,422.54,10
7689,13993,2221,384.45,11
7690,13994,2221,235.58,12
7691,13995,2221,308.7,6
7692,13996,2221,193.26,1
7693,13998,2221,454.21,3
7694,13999,2221,257.3,6
7695,14001,2221,251.55,5
7696,14002,2222,484.29,9
7697,14003,2222,266.35,9
7698,14004,2222,234.51,7
7699,14005,2222,379.27,12
7700,14006,2222,319.2,7
7701,14007,2222,239.53,10
7702,14010,2222,350.3,9
7703,14011,2222,376.45,11
7704,14015,2223,397.68,1
7705,14016,2223,342.86,11
7706,14017,2223,399.85,5
7707,14018,2223,396.2,1
7708,14022,2224,278.33,2
7709,14024,2224,473.68,4
7710,14027,2225,378.6,7
7711,14028,2225,445.52,7
7712,14029,2225,307.53,2
7713,14030,2225,396.22,10
7714,14033,2226,344.51,11
7715,14034,2226,407.3,6
7716,14037,2227,282.3,8
7717,14038,2227,269.97,2
7718,14040,2227,430.94,1
7719,14041,2227,341.87,3
7720,14043,2228,408.43,8
7721,14044,2228,192.98,5
7722,14045,2228,247.48,2
7723,14048,2228,272.94,2
7724,14049,2228,436.82,10
7725,14052,2229,433.38,10
7726,14055,2230,327.88,4
7727,14056,2230,363.29,11
7728,14061,2231,335.14,6
7729,14064,2231,230.24,5
7730,14065,2231,325.37,7
7731,14066,2231,238.7,6
7732,14069,2232,285.71,3
7733,14073,2233,299.79,10
7734,14074,2233,468.57,2
7735,14076,2233,334.2,7
7736,14077,2233,283.34,9
7737,14080,2233,375.23,10
7738,14081,2233,260.54,6
7739,14083,2234,559.17,2
7740,14084,2234,358.71,1
7741,14086,2234,97.48,1
7742,14088,2235,247.62,4
7743,14089,2235,482.11,9
7744,14090,2235,333.33,8
7745,14091,2235,277.43,2
7746,14094,2236,356.5,9
7747,14096,2236,176.95,3
7748,14098,2236,232.55,5
7749,14100,2237,193.34,4
7750,14101,2237,286.9,3
7751,14105,2237,464.83,11
7752,14106,2238,373.77,1
7753,14108,2238,363.09,11
7754,14110,2238,260.61,2
7755,14112,2239,390.17,5
7756,14113,2239,250.15,8
7757,14115,2239,301.6,4
7758,14116,2239,387.91,9
7759,14117,2239,312.7,2
7760,14118,2239,402.32,8
7761,14119,2239,301.95,3
7762,14122,2240,442.21,12
7763,14124,2240,357.57,8
7764,14125,2240,240.64,5
7765,14126,2240,271.09,1
7766,14127,2241,299.92,9
7767,14128,2241,406.15,3
7768,14129,2241,485.36,4
7769,14130,2241,186.18,10
7770,14132,2241,285.24,5
7771,14134,2241,430.37,10
7772,14138,2242,314.98,3
7773,14142,2242,306.0,11
7774,14143,2243,371.71,11
7775,14144,2243,198.81,5
7776,14145,2243,374.61,2
7777,14146,2243,347.57,3
7778,14149,2243,337.76,4
7779,14153,2244,417.25,5
7780,14157,2244,313.8,10
7781,14158,2244,323.63,9
7782,14159,2244,336.25,5
7783,14160,2244,135.7,8
7784,14162,2244,414.31,6
7785,14163,2244,373.43,11
7786,14166,2245,368.61,5
7787,14170,2245,350.64,8
7788,14171,2245,442.27,3
7789,14173,2245,339.18,8
7790,14174,2245,300.71,6
7791,14175,2245,163.92,5
7792,14176,2245,205.7,6
7793,14178,2246,292.58,2
7794,14179,2246,328.99,12
7795,14180,2246,266.87,10
7796,14181,2246,299.32,8
7797,14182,2246,238.6,9
7798,14184,2246,404.98,10
7799,14187,2246,294.36,12
7800,14188,2247,426.09,3
7801,14189,2247,296.4,7
7802,14192,2247,352.59,12
7803,14194,2247,362.14,4
7804,14196,2247,334.45,12
7805,14197,2248,220.63,4
7806,14198,2248,289.24,4
7807,14199,2248,133.09,7
7808,14200,2248,467.83,9
7809,14201,2248,50.0,1
7810,14203,2249,395.78,2
7811,14212,2251,329.77,11
7812,14213,2251,163.71,12
7813,14215,2251,343.45,8
7814,14218,2252,220.4,6
7815,14219,2253,358.92,3
7816,14220,2254,314.82,8
7817,14221,2254,340.65,8
7818,14223,2254,286.79,11
7819,14224,2254,439.69,2
7820,14225,2254,228.58,2
7821,14226,2255,259.3,6
7822,14227,2255,304.59,5
7823,14228,2255,310.79,10
7824,14229,2255,218.15,6
7825,14230,2255,140.42,3
7826,14232,2255,352.0,4
7827,14233,2256,349.48,3
7828,14235,2256,473.26,7
7829,14237,2256,432.67,2
7830,14240,2257,325.96,6
7831,14245,2258,259.23,2
7832,14246,2258,421.55,4
7833,14247,2258,243.63,4
7834,14249,2258,400.36,11
7835,14250,2258,190.87,2
7836,14253,2258,496.93,1
7837,14254,2258,223.86,3
7838,14255,2258,230.9,7
7839,14256,2259,148.41,8
7840,14260,2259,284.24,12
7841,14261,2259,359.24,5
7842,14262,2259,266.2,8
7843,14263,2259,240.02,8
7844,14264,2259,189.58,11
7845,14265,2260,345.19,4
7846,14267,2260,382.58,5
7847,14268,2261,334.72,12
7848,14272,2261,382.3,2
7849,14273,2261,210.63,2
7850,14275,2261,263.04,3
7851,14279,2262,301.97,8
7852,14280,2262,434.98,8
7853,14281,2262,434.46,10
7854,14283,2262,391.39,9
7855,14284,2262,389.18,7
7856,14287,2263,248.99,7
7857,14288,2263,329.3,10
7858,14289,2263,169.99,11
7859,14290,2263,389.17,3
7860,14293,2264,297.55,1
7861,14296,2264,503.75,11
7862,14297,2264,343.5,4
7863,14298,2264,252.03,4
7864,14299,2264,295.38,11
7865,14300,2264,263.2,1
7866,14302,2264,267.66,12
7867,14305,2265,317.99,4
7868,14306,2265,231.19,4
7869,14307,2265,314.76,5
7870,14308,2266,142.33,2
7871,14310,2267,334.45,2
7872,14314,2268,251.64,9
7873,14315,2268,198.64,6
7874,14320,2269,385.17,9
7875,14322,2269,160.79,9
7876,14324,2269,376.23,9
7877,14326,2270,362.2,9
7878,14327,2271,239.73,5
7879,14328,2271,295.29,6
7880,14329,2271,343.91,3
7881,14330,2271,340.88,10
7882,14333,2272,402.24,7
7883,14334,2272,385.88,1
7884,14335,2273,413.15,11
7885,14337,2273,423.52,11
7886,14340,2274,330.26,10
7887,14341,2274,293.84,11
7888,14345,2274,309.09,12
7889,14348,2275,289.26,8
7890,14349,2275,450.3,9
7891,14350,2275,251.77,10
7892,14354,2275,422.09,11
7893,14357,2275,276.64,8
7894,14358,2275,419.43,4
7895,14359,2275,385.43,8
7896,14360,2276,316.47,10
7897,14361,2276,343.32,4
7898,14362,2277,220.13,9
7899,14365,2277,371.97,7
7900,14366,2277,405.26,3
7901,14367,2277,440.41,4
7902,14371,2277,290.76,10
7903,14372,2277,518.01,1
7904,14373,2277,291.41,3
7905,14376,2278,279.5,2
7906,14377,2278,304.97,10
7907,14378,2278,305.8,5
7908,14381,2278,190.96,7
7909,14382,2279,218.18,9
7910,14384,2279,210.04,3
7911,14385,2279,341.16,1
7912,14387,2279,454.68,7
7913,14388,2279,259.85,9
7914,14390,2279,308.44,4
7915,14394,2280,247.3,3
7916,14395,2280,379.42,10
7917,14396,2280,344.05,10
7918,14397,2280,403.06,3
7919,14398,2281,229.48,2
7920,14399,2281,316.64,7
7921,14402,2282,298.95,1
7922,14403,2283,304.68,4
7923,14405,2283,409.55,10
7924,14407,2283,268.63,4
7925,14408,2283,279.56,1
7926,14409,2284,248.76,3
7927,14410,2285,514.18,7
7928,14412,2285,234.25,12
7929,14413,2285,373.49,10
7930,14417,2285,196.71,8
7931,14423,2286,361.64,9
7932,14424,2286,216.66,6
7933,14426,2286,333.67,5
7934,14427,2287,348.02,10
7935,14429,2287,313.27,5
7936,14430,2288,383.55,4
7937,14431,2288,361.86,12
7938,14432,2288,258.53,9
7939,14433,2289,364.29,12
7940,14434,2289,340.44,4
7941,14437,2290,406.14,2
7942,14440,2290,189.34,12
7943,14442,2290,330.11,8
7944,14443,2291,328.6,5
7945,14444,2291,286.54,11
7946,14446,2291,415.33,1
7947,14447,2291,256.06,9
7948,14451,2292,384.11,4
7949,14453,2292,254.83,9
7950,14454,2293,439.35,6
7951,14455,2293,356.5,3
7952,14456,2293,179.84,8
7953,14457,2293,422.31,9
7954,14458,2294,370.6,6
7955,14459,2294,328.22,4
7956,14460,2294,262.42,6
7957,14461,2294,243.14,7
7958,14464,2295,365.49,3
7959,14465,2295,181.28,9
7960,14466,2295,259.1,11
7961,14470,2295,382.8,5
7962,14473,2296,193.4,12
7963,14476,2296,197.49,7
7964,14483,2298,366.92,11
7965,14486,2300,296.03,8
7966,14488,2300,469.83,9
7967,14489,2301,292.53,1
7968,14490,2301,180.41,7
7969,14491,2301,421.99,9
7970,14493,2301,200.33,7
7971,14496,2301,229.11,5
7972,14497,2301,289.78,7
7973,14498,2301,334.64,4
7974,14499,2301,354.28,2
7975,14500,2301,406.46,7
7976,14501,2302,88.21,8
7977,14502,2302,235.27,5
7978,14503,2302,415.25,8
7979,14504,2302,239.49,8
7980,14505,2302,315.41,9
7981,14506,2302,441.24,4
7982,14508,2303,304.6,2
7983,14509,2303,296.41,10
7984,14510,2303,305.59,8
7985,14512,2303,435.91,3
7986,14513,2303,175.75,3
7987,14518,2305,480.87,1
7988,14519,2305,299.63,11
7989,14520,2305,289.29,7
7990,14521,2305,246.98,2
7991,14522,2305,217.85,7
7992,14523,2305,109.52,5
7993,14524,2305,429.59,12
7994,14525,2305,120.57,7
7995,14527,2305,315.37,9
7996,14528,2306,280.21,1
7997,14530,2307,346.35,4
7998,14532,2307,140.37,3
7999,14533,2307,245.67,11
8000,14534,2308,362.72,1
8001,14537,2309,336.6,10
8002,14538,2309,260.28,4
8003,14539,2309,329.29,11
8004,14541,2309,475.05,9
8005,14542,2309,418.02,9
8006,14545,2310,407.47,6
8007,14547,2311,369.48,4
8008,14550,2311,336.33,6
8009,14551,2311,258.47,5
8010,14554,2311,325.01,5
8011,14556,2311,497.01,4
8012,14557,2312,402.76,2
8013,14561,2312,287.75,3
8014,14563,2312,131.4,11
8015,14566,2313,388.17,9
8016,14567,2313,404.26,4
8017,14570,2313,271.14,5
8018,14571,2313,259.89,7
8019,14572,2314,144.6,9
8020,14573,2314,433.03,9
8021,14574,2314,282.65,4
8022,14575,2314,343.46,7
8023,14576,2314,221.12,10
8024,14577,2314,189.7,10
8025,14578,2314,454.6,2
8026,14579,2314,284.95,9
8027,14583,2315,252.46,11
8028,14585,2315,581.22,7
8029,14588,2315,408.67,7
8030,14589,2316,255.07,10
8031,14590,2316,386.34,12
8032,14591,2316,175.54,2
8033,14596,2317,291.28,7
8034,14599,2318,244.59,5
8035,14600,2318,357.66,10
8036,14601,2318,469.1,1
8037,14603,2318,167.54,12
8038,14604,2318,487.14,2
8039,14606,2318,387.47,9
8040,14607,2318,230.07,12
8041,14608,2319,231.78,10
8042,14611,2319,255.68,9
8043,14613,2319,242.03,9
8044,14614,2319,244.85,6
8045,14616,2320,156.73,3
8046,14617,2320,302.43,9
8047,14619,2320,387.2,3
8048,14621,2320,268.32,12
8049,14623,2321,346.76,2
8050,14625,2321,421.28,4
8051,14626,2322,185.44,8
8052,14627,2322,259.91,11
8053,14628,2322,184.49,2
8054,14630,2322,193.87,3
8055,14631,2323,442.52,9
8056,14633,2323,274.6,5
8057,14636,2323,361.66,1
8058,14640,2323,334.89,5
8059,14641,2324,383.75,8
8060,14642,2324,333.29,8
8061,14645,2324,329.61,12
8062,14647,2325,186.55,5
8063,14650,2326,323.15,8
8064,14651,2326,322.13,6
8065,14656,2327,235.24,10
8066,14657,2327,133.82,2
8067,14658,2327,342.04,4
8068,14659,2327,430.18,3
8069,14662,2327,160.74,9
8070,14663,2327,304.85,7
8071,14668,2329,118.99,7
8072,14670,2329,378.49,6
8073,14671,2329,426.58,12
8074,14674,2330,311.21,11
8075,14677,2330,376.23,5
8076,14679,2330,325.72,11
8077,14680,2330,232.65,2
8078,14682,2331,307.9,4
8079,14684,2331,317.54,9
8080,14686,2331,306.92,5
8081,14688,2332,353.43,8
8082,14690,2332,331.93,6
8083,14691,2332,302.52,2
8084,14692,2332,262.28,1
8085,14693,2332,364.97,3
8086,14694,2332,358.72,1
8087,14696,2332,335.93,7
8088,14697,2333,245.35,11
8089,14699,2333,218.2,5
8090,14701,2333,380.82,8
8091,14702,2333,239.73,5
8092,14704,2334,289.62,5
8093,14705,2334,180.0,6
8094,14706,2334,359.88,11
8095,14707,2334,208.43,3
8096,14708,2334,203.78,4
8097,14710,2334,230.97,3
8098,14713,2335,358.61,7
8099,14714,2335,300.55,11
8100,14715,2335,262.96,11
8101,14716,2335,468.74,4
8102,14719,2335,367.0,9
8103,14721,2336,140.76,1
8104,14722,2336,241.4,12
8105,14723,2336,141.98,6
8106,14724,2336,276.98,2
8107,14725,2336,413.27,10
8108,14728,2338,342.39,9
8109,14730,2339,298.97,2
8110,14732,2339,277.54,9
8111,14736,2339,348.8,9
8112,14739,2340,167.52,4
8113,14740,2340,309.16,10
8114,14743,2340,335.17,3
8115,14744,2341,205.35,12
8116,14746,2341,240.11,11
8117,14747,2341,497.06,7
8118,14748,2341,367.49,3
8119,14750,2342,166.58,10
8120,14751,2342,252.47,4
8121,14752,2342,317.39,10
8122,14754,2343,527.75,6
8123,14758,2343,400.1,9
8124,14761,2343,418.1,3
8125,14762,2343,355.81,9
8126,14765,2344,231.39,2
8127,14767,2344,463.55,6
8128,14768,2345,396.9,8
8129,14769,2345,434.78,8
8130,14771,2345,473.09,12
8131,14772,2346,460.01,10
8132,14774,2346,318.54,7
8133,14775,2346,344.59,9
8134,14779,2346,337.36,3
8135,14781,2346,403.57,1
8136,14782,2346,349.88,2
8137,14783,2346,333.06,11
8138,14784,2347,310.49,12
8139,14787,2347,306.63,1
8140,14788,2347,347.09,10
8141,14790,2347,436.86,11
8142,14791,2347,234.32,4
8143,14795,2348,326.55,5
8144,14797,2348,351.07,10
8145,14798,2348,469.06,7
8146,14799,2348,281.1,5
8147,14800,2349,249.82,12
8148,14801,2349,455.88,12
8149,14804,2350,365.87,2
8150,14805,2350,281.96,10
8151,14806,2350,415.0,3
8152,14810,2350,151.11,7
8153,14812,2352,315.18,8
8154,14813,2352,346.47,10
8155,14815,2352,373.08,2
8156,14816,2352,245.66,10
8157,14818,2352,244.14,12
8158,14820,2353,458.63,2
8159,14821,2353,321.45,11
8160,14822,2353,334.34,4
8161,14824,2353,254.43,2
8162,14826,2353,237.45,6
8163,14831,2355,268.92,10
8164,14834,2355,427.6,5
8165,14835,2355,264.01,12
8166,14838,2356,298.72,10
8167,14840,2356,465.13,7
8168,14841,2356,512.29,3
8169,14844,2356,188.0,11
8170,14847,2357,128.7,5
8171,14848,2357,255.87,1
8172,14854,2358,231.98,9
8173,14855,2358,362.94,7
8174,14859,2359,318.78,9
8175,14862,2359,308.37,4
8176,14863,2359,398.96,9
8177,14864,2359,128.49,5
8178,14865,2359,264.37,5
8179,14869,2360,309.52,10
8180,14870,2360,412.89,2
8181,14871,2360,314.72,6
8182,14873,2360,357.01,1
8183,14875,2361,290.7,6
8184,14881,2362,316.12,3
8185,14883,2363,293.63,6
8186,14886,2364,299.3,8
8187,14887,2364,326.8,3
8188,14892,2364,450.17,12
8189,14895,2365,357.28,7
8190,14896,2366,301.5,10
8191,14897,2366,369.0,10
8192,14898,2366,336.4,5
8193,14899,2366,372.86,3
8194,14900,2366,284.55,7
8195,14905,2368,364.27,6
8196,14907,2368,365.9,7
8197,14908,2369,192.25,1
8198,14909,2369,285.34,6
8199,14915,2370,304.6,8
8200,14916,2370,290.69,11
8201,14917,2370,227.42,11
8202,14920,2371,97.55,6
8203,14921,2371,412.53,12
8204,14923,2371,125.03,3
8205,14925,2372,498.07,2
8206,14926,2372,298.72,10
8207,14928,2372,259.94,6
8208,14930,2372,180.49,11
8209,14931,2372,170.61,1
8210,14933,2373,239.75,11
8211,14934,2373,337.16,2
8212,14937,2375,447.1,11
8213,14938,2375,180.57,3
8214,14939,2375,352.31,9
8215,14940,2375,153.42,9
8216,14942,2375,238.47,12
8217,14944,2375,365.22,10
8218,14949,2375,228.47,7
8219,14951,2376,458.92,1
8220,14952,2376,387.93,10
8221,14954,2376,364.61,6
8222,14961,2377,269.78,11
8223,14962,2377,242.01,6
8224,14963,2377,278.89,10
8225,14964,2377,342.49,9
8226,14965,2377,342.44,11
8227,14966,2377,246.3,12
8228,14967,2377,254.64,3
8229,14969,2377,180.71,5
8230,14970,2378,525.16,6
8231,14971,2378,239.22,7
8232,14972,2378,168.4,3
8233,14973,2378,96.11,7
8234,14974,2378,259.56,6
8235,14976,2378,356.54,6
8236,14979,2379,310.57,3
8237,14981,2379,302.99,5
8238,14982,2379,385.67,10
8239,14983,2379,372.52,12
8240,14984,2380,239.14,9
8241,14985,2380,343.45,11
8242,14986,2380,326.24,12
8243,14987,2380,266.68,1
8244,14991,2380,448.63,2
8245,14992,2380,250.06,8
8246,14994,2380,268.09,7
8247,14997,2380,277.17,4
8248,14999,2381,403.4,5
8249,15003,2381,417.86,10
8250,15005,2381,441.54,10
8251,15007,2383,389.68,10
8252,15008,2383,311.01,6
8253,15012,2383,406.53,7
8254,15013,2383,353.77,2
8255,15014,2383,308.86,3
8256,15020,2385,278.23,11
8257,15021,2385,304.54,1
8258,15022,2385,277.1,11
8259,15023,2385,357.37,5
8260,15024,2386,300.86,7
8261,15025,2386,363.96,11
8262,15026,2386,365.65,6
8263,15027,2386,320.67,5
8264,15028,2386,279.39,3
8265,15033,2387,238.27,12
8266,15038,2388,310.29,7
8267,15039,2388,346.41,8
8268,15044,2390,197.16,1
8269,15045,2390,160.0,2
8270,15046,2390,308.98,8
8271,15047,2390,239.44,2
8272,15050,2392,410.83,12
8273,15052,2393,437.44,7
8274,15056,2393,228.99,12
8275,15057,2393,166.76,6
8276,15058,2393,371.81,2
8277,15059,2393,338.34,4
8278,15060,2394,355.43,12
8279,15063,2394,389.06,9
8280,15064,2394,282.34,1
8281,15068,2394,302.27,11
8282,15069,2394,393.12,12
8283,15070,2395,360.15,9
8284,15077,2396,504.22,10
8285,15080,2396,346.42,12
8286,15081,2396,343.1,8
8287,15083,2396,399.32,9
8288,15084,2396,505.93,12
8289,15085,2396,384.33,9
8290,15088,2397,294.17,5
8291,15091,2398,260.5,10
8292,15092,2399,334.6,2
8293,15095,2399,221.01,7
8294,15096,2399,378.11,2
8295,15097,2399,346.79,2
8296,15099,2400,366.64,1
8297,15104,2401,160.01,3
8298,15106,2402,441.23,5
8299,15107,2402,219.12,8
8300,15108,2403,206.73,2
8301,15109,2403,138.42,10
8302,15110,2403,265.55,5
8303,15112,2403,333.81,1
8304,15113,2403,310.78,8
8305,15114,2403,382.65,11
8306,15115,2403,434.84,11
8307,15116,2404,442.44,11
8308,15117,2404,296.95,5
8309,15125,2405,306.85,3
8310,15129,2406,307.64,10
8311,15130,2406,282.83,1
8312,15131,2407,502.21,12
8313,15132,2407,348.11,12
8314,15134,2407,365.68,11
8315,15135,2407,381.23,6
8316,15136,2407,429.25,11
8317,15138,2408,299.35,4
8318,15139,2408,366.09,10
8319,15141,2409,372.93,6
8320,15147,2409,179.63,10
8321,15148,2409,276.12,3
8322,15149,2409,305.22,11
8323,15150,2409,409.07,11
8324,15151,2409,634.25,1
8325,15153,2410,280.69,2
8326,15154,2410,276.89,1
8327,15156,2410,359.81,9
8328,15158,2411,164.69,4
8329,15159,2411,159.37,1
8330,15162,2412,307.63,11
8331,15166,2412,271.25,2
8332,15168,2413,420.54,7
8333,15171,2414,286.46,3
8334,15172,2414,202.43,3
8335,15176,2415,228.39,10
8336,15181,2415,426.96,9
8337,15183,2415,254.33,1
8338,15185,2416,288.99,5
8339,15187,2416,292.76,12
8340,15188,2416,267.59,11
8341,15190,2416,347.48,3
8342,15192,2416,479.47,9
8343,15193,2416,369.66,5
8344,15195,2416,393.92,7
8345,15198,2418,233.23,2
8346,15199,2418,353.44,6
8347,15200,2418,443.14,6
8348,15201,2419,299.11,4
8349,15202,2419,319.63,8
8350,15203,2419,388.73,6
8351,15205,2419,457.7,9
8352,15206,2419,426.82,11
8353,15208,2420,205.91,11
8354,15209,2420,350.29,1
8355,15210,2421,265.43,9
8356,15212,2421,291.09,9
8357,15213,2422,202.7,1
8358,15217,2423,296.03,11
8359,15220,2423,243.44,5
8360,15221,2423,305.57,11
8361,15224,2423,364.33,4
8362,15226,2423,345.43,5
8363,15231,2424,399.67,12
8364,15232,2425,276.17,10
8365,15234,2426,167.95,12
8366,15238,2426,463.7,10
8367,15240,2426,369.31,8
8368,15242,2426,373.49,7
8369,15247,2429,368.54,9
8370,15248,2429,343.2,9
8371,15249,2429,409.24,6
8372,15250,2429,260.93,1
8373,15251,2429,391.02,4
8374,15252,2429,352.05,11
8375,15256,2430,331.84,4
8376,15257,2430,275.87,5
8377,15258,2430,342.58,11
8378,15262,2431,301.27,12
8379,15263,2431,397.05,11
8380,15267,2431,278.4,12
8381,15269,2432,227.25,12
8382,15270,2432,370.85,1
8383,15271,2432,509.65,5
8384,15272,2433,343.06,10
8385,15273,2433,306.96,6
8386,15274,2433,480.97,3
8387,15276,2433,361.36,2
8388,15279,2434,306.65,11
8389,15282,2435,474.42,11
8390,15287,2436,253.62,4
8391,15291,2438,290.01,11
8392,15292,2438,350.53,10
8393,15293,2438,574.3,9
8394,15294,2438,236.69,12
8395,15295,2438,217.93,11
8396,15298,2438,340.38,6
8397,15299,2438,454.06,2
8398,15301,2439,401.3,1
8399,15302,2439,259.42,4
8400,15303,2439,216.61,3
8401,15305,2439,261.02,4
8402,15307,2439,329.39,12
8403,15316,2440,348.23,8
8404,15319,2440,298.24,3
8405,15320,2440,296.01,4
8406,15322,2441,295.29,1
8407,15323,2441,374.43,2
8408,15328,2441,351.38,9
8409,15329,2441,376.01,4
8410,15330,2441,350.79,8
8411,15333,2441,151.72,5
8412,15334,2441,320.97,5
8413,15335,2441,259.71,6
8414,15336,2442,462.36,3
8415,15337,2443,216.78,9
8416,15342,2443,147.91,3
8417,15343,2443,391.14,11
8418,15344,2443,342.12,1
8419,15345,2443,332.44,6
8420,15346,2443,356.44,6
8421,15347,2444,311.73,2
8422,15349,2444,278.55,11
8423,15350,2444,335.02,5
8424,15351,2444,224.51,2
8425,15355,2444,453.42,11
8426,15356,2444,261.3,12
8427,15365,2445,210.61,11
8428,15370,2445,354.88,1
8429,15371,2445,245.6,8
8430,15372,2446,427.53,1
8431,15373,2446,140.48,7
8432,15374,2446,171.5,11
8433,15375,2446,286.51,8
8434,15376,2446,331.73,11
8435,15379,2447,253.46,5
8436,15380,2447,296.05,7
8437,15382,2447,475.64,7
8438,15383,2447,256.9,3
8439,15388,2449,175.1,7
8440,15389,2450,299.02,9
8441,15390,2450,218.08,6
8442,15391,2450,371.73,9
8443,15392,2450,364.73,1
8444,15394,2450,307.99,10
8445,15395,2450,354.01,7
8446,15398,2450,223.75,1
8447,15401,2451,405.0,2
8448,15402,2451,268.95,4
8449,15403,2452,471.1,12
8450,15404,2452,290.93,7
8451,15405,2452,279.46,4
8452,15406,2453,302.31,2
8453,15407,2453,372.7,8
8454,15408,2453,450.15,4
8455,15415,2455,352.18,12
8456,15416,2455,512.31,9
8457,15417,2455,246.03,2
8458,15418,2455,301.61,6
8459,15420,2455,220.28,5
8460,15422,2455,274.65,12
8461,15423,2455,260.59,2
8462,15425,2456,187.98,1
8463,15426,2456,404.17,10
8464,15430,2456,373.24,5
8465,15432,2457,284.01,8
8466,15434,2457,348.89,10
8467,15435,2458,282.8,12
8468,15436,2458,299.82,11
8469,15437,2458,365.52,8
8470,15439,2458,318.48,2
8471,15440,2458,321.53,2
8472,15441,2458,147.93,4
8473,15442,2458,393.88,7
8474,15445,2459,437.31,3
8475,15446,2459,412.37,11
8476,15448,2459,271.99,7
8477,15449,2459,407.93,12
8478,15451,2460,358.91,10
8479,15452,2460,242.12,8
8480,15454,2460,292.8,8
8481,15455,2460,311.0,8
8482,15456,2461,110.19,8
8483,15462,2461,337.51,9
8484,15467,2462,218.91,12
8485,15469,2462,224.98,2
8486,15472,2462,334.04,12
8487,15474,2463,288.99,7
8488,15475,2463,230.01,11
8489,15477,2463,333.68,4
8490,15478,2464,242.74,8
8491,15479,2464,242.51,5
8492,15480,2464,425.89,9
8493,15482,2464,334.42,7
8494,15486,2465,349.75,8
8495,15487,2465,461.08,8
8496,15488,2465,299.07,8
8497,15490,2466,262.94,6
8498,15492,2467,264.34,2
8499,15493,2467,486.55,10
8500,15494,2467,311.42,2
8501,15497,2467,236.25,3
8502,15498,2468,332.0,1
8503,15499,2468,264.0,4
8504,15506,2469,283.1,3
8505,15507,2469,466.61,1
8506,15509,2470,331.36,7
8507,15510,2470,204.89,8
8508,15511,2470,280.37,5
8509,15514,2471,153.38,1
8510,15515,2471,251.72,12
8511,15516,2471,410.24,1
8512,15517,2471,254.93,8
8513,15520,2472,557.82,1
8514,15521,2472,84.83,11
8515,15522,2472,280.1,5
8516,15523,2472,330.16,6
8517,15526,2472,325.47,10
8518,15530,2472,370.68,11
8519,15531,2472,295.29,7
8520,15533,2472,432.78,5
8521,15536,2473,209.33,5
8522,15538,2473,298.59,12
8523,15539,2473,219.71,7
8524,15544,2475,275.45,11
8525,15546,2475,296.86,10
8526,15550,2475,375.67,12
8527,15551,2476,228.8,10
8528,15552,2477,294.95,3
8529,15553,2477,321.88,12
8530,15554,2477,332.98,5
8531,15555,2477,219.99,1
8532,15556,2477,341.02,11
8533,15557,2477,425.04,2
8534,15559,2477,423.96,10
8535,15560,2477,294.97,4
8536,15561,2478,366.76,10
8537,15562,2478,305.4,5
8538,15563,2478,415.87,7
8539,15566,2479,381.05,10
8540,15571,2479,215.61,12
8541,15574,2479,306.22,3
8542,15575,2479,260.89,10
8543,15577,2480,311.44,10
8544,15578,2480,216.26,6
8545,15579,2480,309.32,5
8546,15580,2480,306.12,2
8547,15582,2480,308.6,3
8548,15586,2482,342.83,5
8549,15587,2482,181.22,8
8550,15590,2482,390.25,8
8551,15594,2483,395.56,8
8552,15596,2484,446.52,11
8553,15601,2484,311.28,9
8554,15603,2484,343.42,7
8555,15605,2484,414.13,6
8556,15606,2484,256.8,4
8557,15607,2485,364.25,4
8558,15610,2485,253.69,2
8559,15611,2485,366.54,12
8560,15615,2485,355.34,12
8561,15616,2485,239.37,10
8562,15617,2486,365.97,8
8563,15618,2486,280.57,11
8564,15621,2486,305.44,2
8565,15622,2486,393.31,10
8566,15623,2486,416.95,5
8567,15625,2487,357.35,11
8568,15627,2487,321.16,4
8569,15628,2487,383.46,12
8570,15629,2487,290.71,8
8571,15633,2488,400.58,1
8572,15635,2488,264.43,7
8573,15636,2488,300.41,3
8574,15637,2488,236.39,2
8575,15638,2488,312.43,2
8576,15640,2489,456.44,10
8577,15641,2489,457.12,5
8578,15642,2490,466.55,7
8579,15643,2490,262.31,10
8580,15644,2490,563.69,11
8581,15647,2491,426.49,12
8582,15648,2491,411.7,3
8583,15649,2492,342.45,1
8584,15650,2492,179.41,4
8585,15651,2492,263.62,3
8586,15652,2492,282.43,8
8587,15653,2492,306.6,10
8588,15655,2492,281.55,5
8589,15656,2492,317.49,6
8590,15657,2492,363.04,6
8591,15658,2492,326.81,2
8592,15659,2492,301.98,2
8593,15660,2492,296.55,7
8594,15661,2492,447.57,11
8595,15664,2494,285.23,9
8596,15665,2494,390.09,4
8597,15666,2494,321.95,8
8598,15667,2494,152.12,11
8599,15671,2495,528.81,11
8600,15674,2495,430.91,6
8601,15675,2495,523.76,1
8602,15676,2495,399.53,12
8603,15677,2496,324.93,2
8604,15680,2496,371.73,9
8605,15684,2497,277.03,11
8606,15685,2498,243.38,9
8607,15687,2498,508.58,9
8608,15690,2498,294.34,8
8609,15691,2499,332.54,4
8610,15692,2499,362.39,2
8611,15693,2500,298.91,5
8612,15694,2500,406.73,12
8613,15695,2500,311.04,7
8614,15698,2500,636.86,5
8615,15699,2500,148.48,12
8616,15701,2501,259.89,8
8617,15704,2502,416.92,9
8618,15706,2503,178.67,8
8619,15707,2504,337.69,4
8620,15708,2504,290.11,9
8621,15709,2504,309.48,7
8622,15710,2504,429.01,9
8623,15712,2505,333.12,4
8624,15713,2505,252.43,1
8625,15715,2506,411.69,2
8626,15718,2506,341.02,7
8627,15719,2506,195.75,9
8628,15720,2506,259.8,3
8629,15721,2506,312.44,6
8630,15722,2506,389.18,6
8631,15727,2507,308.45,4
8632,15728,2507,406.04,4
8633,15729,2507,326.39,5
8634,15733,2508,259.01,1
8635,15737,2509,325.14,10
8636,15738,2509,385.66,8
8637,15740,2510,303.41,11
8638,15741,2510,220.83,12
8639,15745,2510,337.71,12
8640,15747,2510,238.25,3
8641,15748,2511,454.92,4
8642,15749,2511,422.5,2
8643,15751,2511,298.96,1
8644,15752,2511,361.12,11
8645,15753,2511,312.05,5
8646,15754,2511,455.32,2
8647,15756,2511,175.1,12
8648,15757,2511,337.54,6
8649,15759,2512,234.27,1
8650,15760,2512,358.06,8
8651,15763,2512,150.51,4
8652,15764,2512,349.6,11
8653,15766,2513,494.5,8
8654,15774,2514,270.88,10
8655,15776,2515,184.31,9
8656,15779,2516,379.39,9
8657,15780,2516,291.54,1
8658,15782,2516,404.92,2
8659,15783,2516,418.93,6
8660,15784,2517,412.86,5
8661,15787,2517,317.69,2
8662,15788,2517,484.15,6
8663,15789,2517,391.5,5
8664,15790,2518,254.89,3
8665,15791,2518,261.48,8
8666,15793,2518,437.39,4
8667,15795,2519,380.2,9
8668,15797,2519,255.09,8
8669,15798,2519,287.82,12
8670,15799,2519,314.25,11
8671,15801,2519,393.83,3
8672,15802,2520,299.93,12
8673,15803,2520,438.33,12
8674,15808,2520,352.57,1
8675,15809,2520,442.68,12
8676,15811,2520,216.81,6
8677,15812,2521,455.02,9
8678,15813,2521,425.28,3
8679,15814,2521,326.75,10
8680,15816,2521,272.74,3
8681,15819,2522,437.21,6
8682,15820,2522,278.74,10
8683,15821,2522,319.52,7
8684,15825,2523,365.47,6
8685,15826,2523,217.8,10
8686,15827,2523,303.56,1
8687,15829,2523,237.05,7
8688,15831,2523,179.94,11
8689,15833,2524,507.56,10
8690,15835,2524,261.05,7
8691,15836,2524,376.15,11
8692,15840,2525,508.5,4
8693,15842,2525,263.0,2
8694,15845,2526,206.57,10
8695,15846,2526,478.58,8
8696,15850,2526,236.16,6
8697,15851,2526,283.02,1
8698,15853,2527,268.69,10
8699,15854,2527,333.93,10
8700,15856,2528,156.1,5
8701,15858,2528,375.99,8
8702,15859,2528,361.87,1
8703,15860,2528,397.87,12
8704,15861,2528,396.05,11
8705,15862,2528,360.85,7
8706,15863,2528,292.49,9
8707,15864,2528,325.28,5
8708,15865,2528,261.34,1
8709,15866,2529,337.43,3
8710,15868,2529,248.89,9
8711,15870,2530,332.33,4
8712,15872,2531,280.39,8
8713,15875,2532,246.42,7
8714,15879,2533,414.52,7
8715,15882,2535,391.38,6
8716,15884,2536,325.12,4
8717,15887,2537,163.14,5
8718,15890,2538,240.89,12
8719,15892,2538,313.08,4
8720,15893,2538,362.57,12
8721,15895,2538,364.06,6
8722,15896,2539,340.86,2
8723,15897,2539,322.75,2
8724,15901,2540,300.61,10
8725,15903,2540,263.45,4
8726,15907,2541,469.0,12
8727,15908,2541,412.93,12
8728,15909,2542,372.45,11
8729,15911,2542,217.92,5
8730,15912,2543,213.56,2
8731,15913,2543,317.1,2
8732,15914,2543,273.79,9
8733,15917,2543,217.45,3
8734,15918,2543,329.39,8
8735,15920,2543,150.47,11
8736,15921,2544,311.78,9
8737,15922,2544,365.85,8
8738,15925,2546,362.93,6
8739,15929,2548,157.52,10
8740,15931,2548,153.27,6
8741,15933,2548,300.87,3
8742,15936,2548,263.19,1
8743,15937,2548,210.46,9
8744,15939,2548,126.29,5
8745,15940,2548,240.6,5
8746,15941,2548,310.83,8
8747,15942,2548,298.74,3
8748,15944,2549,211.71,11
8749,15945,2549,229.75,9
8750,15950,2551,289.3,3
8751,15952,2551,245.37,11
8752,15953,2551,349.01,8
8753,15955,2551,370.34,7
8754,15956,2552,360.8,5
8755,15957,2552,221.56,10
8756,15961,2554,350.02,6
8757,15963,2554,352.32,1
8758,15964,2554,453.76,5
8759,15967,2555,497.7,10
8760,15968,2555,431.62,11
8761,15971,2555,278.81,12
8762,15976,2556,250.54,1
8763,15977,2556,301.92,3
8764,15978,2556,268.54,6
8765,15981,2557,508.46,9
8766,15982,2557,405.99,4
8767,15985,2557,376.07,3
8768,15987,2557,392.29,11
8769,15990,2558,443.4,11
8770,15994,2558,375.64,4
8771,15997,2559,302.8,10
8772,15999,2559,386.79,2
8773,16001,2559,386.03,10
8774,16004,2560,219.45,11
8775,16007,2560,536.07,7
8776,16008,2560,264.78,1
8777,16010,2561,458.81,8
8778,16011,2561,305.55,8
8779,16012,2561,424.29,3
8780,16013,2561,324.84,4
8781,16019,2562,190.1,2
8782,16022,2562,416.23,2
8783,16023,2562,452.6,12
8784,16025,2563,319.36,11
8785,16027,2563,397.22,2
8786,16030,2563,257.63,11
8787,16031,2563,325.67,1
8788,16032,2563,419.79,2
8789,16034,2564,354.4,9
8790,16035,2565,366.07,12
8791,16036,2565,412.41,1
8792,16039,2566,471.84,4
8793,16041,2566,421.85,9
8794,16042,2566,349.86,3
8795,16043,2566,318.68,8
8796,16045,2566,337.29,2
8797,16048,2567,204.45,8
8798,16049,2567,344.12,1
8799,16053,2568,216.96,6
8800,16059,2569,286.33,10
8801,16060,2570,387.52,8
8802,16061,2570,284.58,6
8803,16063,2570,446.81,1
8804,16064,2570,316.37,1
8805,16065,2570,428.37,11
8806,16067,2570,295.14,4
8807,16069,2570,310.33,4
8808,16070,2571,423.8,1
8809,16072,2572,304.06,8
8810,16073,2572,353.72,8
8811,16074,2572,281.75,11
8812,16075,2572,113.55,11
8813,16076,2572,266.27,5
8814,16077,2572,451.59,11
8815,16078,2573,350.19,1
8816,16079,2573,400.43,5
8817,16081,2573,403.68,8
8818,16085,2573,390.12,8
8819,16088,2574,463.57,7
8820,16089,2574,291.34,11
8821,16091,2574,453.67,5
8822,16093,2574,380.37,1
8823,16095,2574,360.09,1
8824,16096,2574,134.96,1
8825,16097,2574,356.16,11
8826,16099,2574,402.58,5
8827,16100,2575,340.96,3
8828,16101,2575,432.55,9
8829,16103,2575,436.6,8
8830,16108,2576,294.92,5
8831,16111,2576,329.85,11
8832,16112,2576,296.11,3
8833,16113,2577,282.04,4
8834,16114,2577,328.95,11
8835,16116,2577,341.1,8
8836,16117,2577,131.86,9
8837,16120,2577,316.46,2
8838,16122,2578,356.45,8
8839,16123,2579,331.68,2
8840,16124,2579,313.64,11
8841,16125,2579,229.02,3
8842,16126,2579,202.43,11
8843,16130,2579,272.11,7
8844,16131,2579,156.89,9
8845,16132,2579,316.12,3
8846,16133,2580,244.24,1
8847,16134,2581,338.15,10
8848,16135,2581,269.51,3
8849,16136,2581,144.97,8
8850,16139,2582,231.68,4
8851,16141,2582,336.77,5
8852,16142,2582,390.17,9
8853,16143,2582,295.4,8
8854,16147,2583,342.65,6
8855,16148,2583,303.49,6
8856,16150,2583,300.55,11
8857,16151,2583,246.99,7
8858,16153,2583,317.15,12
8859,16156,2584,264.83,1
8860,16158,2584,443.98,2
8861,16159,2584,259.23,11
8862,16160,2584,335.86,3
8863,16162,2585,224.03,8
8864,16164,2585,302.05,11
8865,16166,2585,229.09,3
8866,16168,2585,268.72,12
8867,16170,2585,407.77,8
8868,16171,2586,315.93,10
8869,16173,2586,394.57,3
8870,16175,2586,301.03,8
8871,16179,2586,386.13,4
8872,16180,2587,393.64,5
8873,16181,2588,384.14,4
8874,16183,2588,405.58,11
8875,16186,2588,363.91,9
8876,16188,2589,281.49,2
8877,16193,2590,192.55,2
8878,16195,2590,251.49,9
8879,16196,2590,355.25,7
8880,16197,2590,420.14,6
8881,16198,2590,364.03,4
8882,16199,2590,291.95,7
8883,16204,2591,281.65,9
8884,16206,2592,323.13,10
8885,16207,2592,374.63,1
8886,16211,2592,323.22,4
8887,16214,2592,275.0,6
8888,16215,2592,243.58,1
8889,16219,2593,255.56,6
8890,16220,2593,257.44,12
8891,16221,2593,314.22,6
8892,16222,2593,247.18,8
8893,16223,2593,269.63,1
8894,16224,2593,381.71,11
8895,16227,2594,372.82,8
8896,16228,2594,472.67,1
8897,16234,2594,350.65,2
8898,16235,2595,193.34,1
8899,16237,2596,181.34,9
8900,16240,2597,331.41,9
8901,16241,2597,315.66,12
8902,16242,2597,297.49,12
8903,16245,2597,213.74,2
8904,16246,2597,233.47,1
8905,16249,2597,416.8,9
8906,16250,2598,411.8,5
8907,16251,2598,343.83,10
8908,16252,2598,376.11,7
8909,16253,2598,216.76,3
8910,16259,2599,348.49,7
8911,16260,2599,261.53,8
8912,16261,2599,432.01,9
8913,16263,2599,363.53,9
8914,16264,2600,180.71,4
8915,16265,2600,210.04,12
8916,16267,2601,312.62,5
8917,16268,2601,238.24,2
8918,16270,2601,420.44,2
8919,16273,2601,153.11,12
8920,16274,2601,313.69,7
8921,16275,2602,177.33,6
8922,16276,2602,285.97,2
8923,16277,2602,208.34,2
8924,16278,2602,313.69,12
8925,16279,2602,237.67,6
8926,16281,2602,257.64,3
8927,16285,2602,415.74,6
8928,16287,2603,279.67,4
8929,16289,2603,73.52,4
8930,16290,2603,305.03,10
8931,16291,2603,447.26,9
8932,16293,2604,352.37,11
8933,16295,2604,403.12,7
8934,16296,2604,265.02,12
8935,16297,2604,377.31,4
8936,16298,2604,278.75,5
8937,16299,2604,348.74,1
8938,16300,2605,425.51,4
8939,16301,2605,223.26,2
8940,16303,2606,158.25,8
8941,16305,2607,282.12,2
8942,16308,2607,349.63,1
8943,16309,2607,468.25,2
8944,16310,2608,327.89,6
8945,16314,2608,376.39,6
8946,16317,2609,258.24,10
8947,16318,2609,260.76,12
8948,16319,2609,351.19,3
8949,16320,2609,462.91,10
8950,16323,2610,322.17,3
8951,16324,2610,343.92,11
8952,16327,2611,258.64,11
8953,16328,2611,269.21,3
8954,16329,2611,420.89,7
8955,16330,2611,189.01,3
8956,16331,2612,251.39,7
8957,16333,2612,298.47,10
8958,16336,2612,329.8,8
8959,16337,2613,311.91,3
8960,16338,2613,391.16,5
8961,16339,2613,586.06,1
8962,16340,2614,224.87,8
8963,16343,2615,344.53,4
8964,16344,2615,259.54,7
8965,16347,2615,403.59,4
8966,16349,2616,485.72,11
8967,16350,2616,314.98,4
8968,16353,2616,410.33,2
8969,16356,2616,232.94,5
8970,16357,2616,434.05,10
8971,16361,2617,475.24,10
8972,16362,2617,308.22,12
8973,16363,2617,380.36,12
8974,16368,2619,207.78,3
8975,16370,2619,264.2,4
8976,16372,2619,368.98,8
8977,16373,2619,533.61,12
8978,16378,2619,156.25,6
8979,16381,2620,337.45,8
8980,16383,2620,433.72,2
8981,16385,2620,484.71,9
8982,16387,2621,301.98,10
8983,16388,2621,436.61,11
8984,16390,2621,386.64,4
8985,16391,2621,479.91,1
8986,16394,2622,302.2,2
8987,16396,2622,328.8,11
8988,16397,2622,264.29,5
8989,16398,2622,293.5,1
8990,16400,2622,292.98,9
8991,16404,2623,246.69,1
8992,16405,2623,481.7,2
8993,16408,2623,325.7,12
8994,16409,2624,276.78,6
8995,16410,2624,283.93,1
8996,16411,2624,180.77,9
8997,16412,2624,375.02,11
8998,16414,2624,242.25,5
8999,16417,2625,264.84,11
9000,16418,2625,422.37,10
9001,16421,2625,271.71,12
9002,16427,2626,361.38,10
9003,16429,2626,270.39,7
9004,16431,2626,274.18,2
9005,16432,2626,263.35,3
9006,16435,2626,303.56,11
9007,16437,2628,195.0,10
9008,16438,2628,388.62,10
9009,16439,2628,572.82,7
9010,16444,2628,373.58,11
9011,16446,2628,236.97,11
9012,16448,2629,380.81,12
9013,16449,2629,181.06,9
9014,16451,2629,250.83,5
9015,16452,2629,280.57,3
9016,16455,2629,414.07,5
9017,16456,2629,382.84,7
9018,16457,2630,191.51,12
9019,16458,2630,393.29,11
9020,16462,2631,270.02,8
9021,16465,2631,374.73,3
9022,16467,2631,251.68,4
9023,16468,2632,310.47,5
9024,16469,2632,245.75,2
9025,16470,2633,310.76,3
9026,16471,2633,213.22,7
9027,16472,2633,243.19,10
9028,16478,2633,262.79,8
9029,16480,2633,232.66,7
9030,16481,2633,285.9,12
9031,16482,2634,327.54,9
9032,16485,2634,439.4,9
9033,16486,2635,219.25,5
9034,16488,2636,226.61,12
9035,16489,2636,323.01,6
9036,16491,2637,172.79,9
9037,16492,2637,341.99,3
9038,16493,2637,321.4,9
9039,16494,2637,369.04,12
9040,16495,2637,521.38,1
9041,16496,2637,325.27,9
9042,16497,2637,271.37,3
9043,16498,2637,406.6,11
9044,16500,2638,318.89,3
9045,16501,2638,305.24,1
9046,16504,2639,480.85,7
9047,16505,2639,387.56,1
9048,16506,2640,234.36,11
9049,16507,2640,237.04,9
9050,16509,2641,199.82,1
9051,16510,2641,220.96,12
9052,16512,2641,421.55,9
9053,16513,2641,274.26,12
9054,16514,2641,159.29,10
9055,16515,2641,361.18,4
9056,16516,2641,335.24,6
9057,16520,2642,279.65,1
9058,16521,2642,262.71,9
9059,16525,2642,321.59,3
9060,16526,2642,326.59,7
9061,16527,2642,356.15,11
9062,16528,2642,162.61,3
9063,16531,2643,221.14,9
9064,16532,2644,279.7,10
9065,16534,2645,199.95,12
9066,16535,2645,362.96,7
9067,16536,2646,380.76,7
9068,16546,2649,265.4,7
9069,16547,2649,379.69,9
9070,16548,2649,340.42,2
9071,16552,2649,340.97,6
9072,16553,2649,61.0,2
9073,16555,2649,302.46,12
9074,16556,2649,266.13,5
9075,16557,2649,307.28,1
9076,16558,2649,281.7,3
9077,16561,2651,212.11,8
9078,16562,2651,289.88,5
9079,16563,2651,282.68,6
9080,16564,2651,401.17,2
9081,16566,2652,307.34,12
9082,16567,2652,268.59,6
9083,16568,2652,207.79,9
9084,16570,2652,565.43,11
9085,16572,2653,409.54,3
9086,16574,2653,334.84,7
9087,16575,2653,192.29,11
9088,16577,2653,183.38,6
9089,16580,2654,470.39,3
9090,16582,2654,465.02,5
9091,16583,2654,344.75,2
9092,16584,2654,247.11,12
9093,16585,2654,270.6,11
9094,16587,2655,241.79,7
9095,16590,2655,507.01,6
9096,16592,2655,301.63,9
9097,16594,2655,393.08,4
9098,16595,2656,405.79,11
9099,16596,2656,204.37,9
9100,16597,2656,327.1,6
9101,16598,2656,294.71,2
9102,16601,2656,435.92,1
9103,16602,2657,374.29,11
9104,16603,2657,315.13,6
9105,16605,2657,333.27,7
9106,16606,2657,258.27,8
9107,16607,2657,234.58,5
9108,16608,2657,251.92,1
9109,16610,2658,364.57,6
9110,16611,2658,402.67,12
9111,16612,2658,376.86,9
9112,16613,2658,179.02,12
9113,16615,2658,349.13,3
9114,16616,2658,375.21,10
9115,16617,2658,473.39,7
9116,16618,2658,199.75,8
9117,16619,2658,416.62,3
9118,16621,2659,463.44,12
9119,16622,2659,221.42,12
9120,16623,2659,378.5,11
9121,16628,2660,167.5,8
9122,16631,2660,317.7,11
9123,16632,2660,226.52,11
9124,16633,2660,381.39,1
9125,16634,2660,315.52,9
9126,16635,2660,288.56,5
9127,16637,2660,374.93,5
9128,16639,2661,243.25,12
9129,16641,2662,321.79,2
9130,16642,2662,382.6,5
9131,16646,2662,290.11,4
9132,16648,2662,331.81,12
9133,16650,2662,297.07,5
9134,16651,2663,448.75,11
9135,16652,2663,447.09,1
9136,16653,2663,312.6,3
9137,16655,2663,309.49,3
9138,16656,2663,229.05,4
9139,16658,2663,523.12,5
9140,16659,2663,390.44,11
9141,16661,2664,401.1,1
9142,16662,2664,448.38,5
9143,16664,2665,315.67,2
9144,16665,2665,295.88,10
9145,16666,2665,454.22,1
9146,16667,2665,271.27,6
9147,16669,2666,303.68,6
9148,16670,2666,348.02,5
9149,16672,2667,222.56,8
9150,16674,2668,392.14,6
9151,16675,2668,369.48,11
9152,16677,2668,271.31,2
9153,16678,2668,424.84,11
9154,16681,2669,214.45,3
9155,16683,2669,286.71,4
9156,16684,2669,454.47,12
9157,16685,2669,308.11,9
9158,16694,2671,186.51,11
9159,16697,2671,341.83,7
9160,16700,2671,294.68,11
9161,16702,2672,367.16,7
9162,16704,2672,418.7,7
9163,16705,2672,313.97,7
9164,16706,2672,106.5,6
9165,16707,2673,370.31,11
9166,16708,2673,229.11,6
9167,16712,2673,365.89,11
9168,16714,2674,397.91,11
9169,16718,2675,415.64,3
9170,16721,2675,396.37,2
9171,16725,2675,292.22,8
9172,16728,2676,309.45,10
9173,16729,2676,358.46,12
9174,16730,2676,393.33,3
9175,16731,2676,230.96,9
9176,16732,2677,402.91,1
9177,16733,2677,156.59,7
9178,16734,2677,132.2,3
9179,16735,2677,171.35,4
9180,16737,2678,366.85,7
9181,16738,2678,375.98,8
9182,16739,2678,338.17,11
9183,16740,2678,269.26,9
9184,16743,2678,362.6,3
9185,16747,2679,259.64,2
9186,16748,2679,290.68,3
9187,16749,2679,244.71,7
9188,16751,2679,378.23,10
9189,16753,2679,267.74,10
9190,16755,2680,354.86,5
9191,16756,2680,327.93,3
9192,16757,2680,464.07,4
9193,16759,2680,326.25,12
9194,16760,2680,431.94,11
9195,16761,2680,392.77,11
9196,16762,2680,218.92,3
9197,16764,2680,269.9,10
9198,16765,2680,295.48,11
9199,16766,2680,369.05,2
9200,16768,2680,389.83,10
9201,16771,2681,378.82,9
9202,16774,2682,248.44,10
9203,16775,2682,318.34,12
9204,16776,2682,282.36,12
9205,16777,2683,353.2,7
9206,16778,2683,173.59,8
9207,16779,2683,317.83,2
9208,16781,2683,161.33,6
9209,16784,2684,222.39,3
9210,16786,2684,466.9,2
9211,16790,2685,472.46,9
9212,16794,2685,261.44,12
9213,16801,2687,364.35,2
9214,16804,2687,363.36,3
9215,16805,2687,442.91,5
9216,16807,2688,342.15,1
9217,16810,2688,225.67,1
9218,16811,2688,246.2,7
9219,16812,2688,355.67,2
9220,16814,2688,155.53,3
9221,16818,2689,165.61,2
9222,16819,2689,396.09,9
9223,16820,2689,557.8,6
9224,16822,2690,263.85,6
9225,16824,2691,305.51,9
9226,16827,2691,312.72,1
9227,16828,2691,342.0,2
9228,16829,2691,243.02,2
9229,16831,2692,310.75,8
9230,16834,2693,391.82,1
9231,16835,2693,267.96,8
9232,16836,2693,320.96,12
9233,16837,2693,413.17,11
9234,16838,2693,317.1,2
9235,16839,2693,181.71,7
9236,16840,2693,115.35,10
9237,16842,2694,217.23,6
9238,16844,2694,426.47,4
9239,16846,2694,296.55,9
9240,16847,2694,351.25,12
9241,16848,2694,436.69,6
9242,16849,2694,207.85,11
9243,16851,2694,559.75,2
9244,16852,2694,310.59,10
9245,16854,2694,368.22,12
9246,16855,2694,256.52,12
9247,16856,2694,233.09,9
9248,16858,2695,322.27,12
9249,16859,2695,265.09,9
9250,16862,2695,328.23,6
9251,16865,2695,128.35,4
9252,16866,2695,196.34,9
9253,16867,2696,273.45,11
9254,16869,2696,217.57,8
9255,16870,2696,593.58,9
9256,16873,2696,336.43,4
9257,16874,2696,344.03,9
9258,16876,2696,221.71,1
9259,16880,2697,257.25,4
9260,16881,2697,274.68,9
9261,16882,2697,423.24,1
9262,16884,2697,192.35,11
9263,16886,2698,289.17,1
9264,16887,2698,359.73,3
9265,16888,2698,112.0,3
9266,16889,2698,170.42,10
9267,16890,2698,193.65,2
9268,16891,2699,303.35,12
9269,16892,2699,278.98,12
9270,16893,2699,403.7,7
9271,16894,2699,120.22,11
9272,16895,2699,282.68,7
9273,16896,2699,425.79,3
9274,16897,2699,178.32,5
9275,16898,2700,309.58,2
9276,16899,2700,387.56,11
9277,16902,2700,446.67,3
9278,16903,2700,207.15,7
9279,16904,2700,353.51,8
9280,16905,2700,323.68,8
9281,16908,2701,226.55,12
9282,16909,2701,209.1,2
9283,16920,2703,206.17,7
9284,16924,2703,654.15,5
9285,16925,2704,426.16,5
9286,16926,2704,326.17,6
9287,16928,2704,244.02,11
9288,16931,2705,370.55,6
9289,16932,2705,210.47,6
9290,16934,2705,349.28,10
9291,16936,2705,395.3,1
9292,16937,2705,305.51,11
9293,16939,2705,265.99,3
9294,16940,2706,273.64,9
9295,16946,2707,407.24,8
9296,16950,2708,315.7,5
9297,16951,2708,468.93,4
9298,16952,2709,155.56,2
9299,16955,2710,205.87,11
9300,16956,2710,327.52,10
9301,16957,2710,360.67,12
9302,16958,2710,313.94,8
9303,16960,2711,446.2,1
9304,16963,2711,234.98,12
9305,16964,2712,321.49,10
9306,16965,2712,417.56,2
9307,16968,2712,480.37,7
9308,16970,2712,301.6,10
9309,16972,2713,561.62,11
9310,16973,2713,328.3,6
9311,16974,2713,472.77,9
9312,16975,2713,289.0,6
9313,16984,2715,306.13,9
9314,16986,2715,425.4,4
9315,16987,2715,393.68,2
9316,16990,2715,318.44,12
9317,16993,2715,226.1,10
9318,16994,2716,556.33,11
9319,16996,2716,295.4,5
9320,16997,2716,326.38,4
9321,16998,2717,146.69,11
9322,16999,2717,269.64,9
9323,17000,2718,399.98,11
9324,17001,2718,307.02,4
9325,17005,2718,558.68,12
9326,17006,2718,346.2,7
9327,17007,2718,266.73,12
9328,17008,2718,474.04,9
9329,17011,2719,540.85,7
9330,17012,2719,441.3,5
9331,17013,2719,332.15,1
9332,17014,2719,303.49,7
9333,17020,2720,172.36,10
9334,17021,2720,351.98,3
9335,17022,2720,355.63,11
9336,17024,2721,217.39,7
9337,17025,2721,326.97,5
9338,17027,2721,420.83,12
9339,17028,2722,294.62,6
9340,17029,2722,349.27,4
9341,17030,2722,139.18,2
9342,17033,2722,483.98,8
9343,17034,2722,259.74,8
9344,17035,2722,293.32,2
9345,17036,2723,343.36,7
9346,17039,2724,302.32,5
9347,17040,2724,406.48,2
9348,17041,2724,286.7,7
9349,17042,2724,267.84,3
9350,17044,2725,404.0,11
9351,17046,2726,74.16,5
9352,17047,2726,205.21,11
9353,17048,2726,341.84,3
9354,17049,2727,395.42,10
9355,17051,2727,396.21,6
9356,17053,2727,74.92,8
9357,17055,2727,276.43,12
9358,17056,2727,397.44,4
9359,17057,2727,227.57,9
9360,17060,2729,299.0,6
9361,17063,2730,360.59,7
9362,17067,2730,325.88,1
9363,17073,2732,364.02,2
9364,17074,2732,304.44,6
9365,17075,2733,371.26,2
9366,17076,2733,373.38,7
9367,17077,2733,396.86,10
9368,17078,2733,391.74,2
9369,17079,2733,408.66,11
9370,17080,2733,276.52,7
9371,17082,2733,281.55,10
9372,17083,2733,338.18,7
9373,17085,2733,496.31,10
9374,17086,2733,340.53,5
9375,17087,2734,471.0,6
9376,17090,2734,453.23,3
9377,17095,2734,453.85,2
9378,17097,2735,447.12,9
9379,17098,2735,234.63,9
9380,17100,2735,222.91,12
9381,17101,2735,242.53,4
9382,17102,2735,420.68,2
9383,17103,2735,295.12,2
9384,17107,2736,265.89,11
9385,17108,2736,282.45,10
9386,17109,2737,363.05,7
9387,17111,2737,257.31,7
9388,17113,2737,274.93,7
9389,17114,2737,292.61,3
9390,17116,2737,402.58,12
9391,17118,2738,170.7,5
9392,17119,2738,320.8,3
9393,17120,2738,287.86,8
9394,17121,2738,374.71,6
9395,17124,2738,309.72,4
9396,17125,2738,237.39,6
9397,17129,2739,513.44,11
9398,17132,2739,459.02,12
9399,17133,2740,342.12,8
9400,17134,2741,373.29,3
9401,17140,2742,252.95,1
9402,17141,2742,338.79,3
9403,17143,2742,558.98,7
9404,17144,2742,431.6,2
9405,17147,2742,224.96,6
9406,17150,2743,356.4,12
9407,17151,2743,327.36,12
9408,17152,2743,366.86,5
9409,17154,2743,480.38,6
9410,17155,2743,238.13,5
9411,17156,2743,301.83,3
9412,17157,2744,218.87,2
9413,17159,2744,339.33,6
9414,17160,2744,329.7,3
9415,17162,2744,507.48,11
9416,17166,2745,243.39,7
9417,17167,2745,401.54,5
9418,17169,2745,84.11,1
9419,17170,2745,493.96,1
9420,17176,2746,322.6,8
9421,17179,2746,332.54,7
9422,17181,2746,299.95,3
9423,17184,2747,362.62,3
9424,17187,2748,266.48,12
9425,17188,2749,332.95,2
9426,17191,2750,441.37,6
9427,17192,2750,284.9,2
9428,17193,2750,292.7,4
9429,17194,2750,294.72,11
9430,17197,2750,406.22,11
9431,17199,2751,306.34,6
9432,17202,2752,279.92,9
9433,17204,2752,336.15,3
9434,17205,2752,415.68,12
9435,17207,2752,202.67,12
9436,17211,2754,387.31,5
9437,17215,2755,351.75,9
9438,17218,2755,355.7,11
9439,17220,2755,321.69,2
9440,17222,2756,322.83,2
9441,17224,2756,383.36,1
9442,17225,2756,180.54,9
9443,17227,2756,247.26,8
9444,17228,2757,168.06,11
9445,17231,2757,483.06,2
9446,17233,2757,433.34,8
9447,17234,2757,124.52,8
9448,17235,2757,352.58,6
9449,17238,2757,300.26,7
9450,17239,2757,373.49,12
9451,17248,2759,350.11,12
9452,17250,2759,307.2,4
9453,17251,2759,314.48,6
9454,17252,2759,411.59,9
9455,17253,2759,266.46,1
9456,17254,2760,285.42,9
9457,17255,2760,378.25,9
9458,17257,2761,397.02,5
9459,17260,2761,346.38,1
9460,17262,2761,276.72,11
9461,17263,2761,169.61,7
9462,17268,2762,173.28,8
9463,17272,2762,301.65,6
9464,17273,2762,334.94,9
9465,17274,2762,288.25,1
9466,17278,2763,225.39,12
9467,17279,2763,211.45,7
9468,17280,2764,334.63,2
9469,17282,2764,442.12,9
9470,17284,2765,252.94,11
9471,17287,2766,317.78,5
9472,17288,2766,256.03,12
9473,17289,2766,374.16,11
9474,17290,2766,308.72,10
9475,17291,2767,408.92,9
9476,17293,2767,330.59,5
9477,17294,2767,330.79,3
9478,17295,2767,243.22,8
9479,17298,2767,244.76,2
9480,17303,2769,361.39,6
9481,17304,2769,340.69,12
9482,17306,2769,501.25,4
9483,17307,2769,221.28,12
9484,17309,2769,409.2,2
9485,17310,2769,331.72,2
9486,17311,2769,232.34,8
9487,17312,2769,79.26,11
9488,17314,2770,262.8,5
9489,17315,2770,274.15,2
9490,17317,2770,273.96,1
9491,17318,2770,401.16,4
9492,17321,2770,278.77,5
9493,17323,2771,344.56,11
9494,17329,2771,194.55,1
9495,17330,2772,354.99,1
9496,17331,2772,203.05,9
9497,17332,2772,380.84,6
9498,17333,2772,407.02,10
9499,17334,2772,185.05,1
9500,17335,2772,493.09,1
9501,17336,2772,279.08,7
9502,17340,2772,352.6,9
9503,17342,2773,388.82,1
9504,17343,2774,259.34,5
9505,17346,2775,256.92,12
9506,17347,2775,281.85,10
9507,17348,2775,361.19,6
9508,17350,2775,372.56,3
9509,17352,2776,445.6,11
9510,17354,2776,431.89,5
9511,17355,2776,430.78,7
9512,17356,2777,398.67,7
9513,17358,2777,391.76,1
9514,17359,2777,283.69,7
9515,17363,2777,270.15,5
9516,17365,2777,181.13,4
9517,17366,2777,445.89,3
9518,17367,2777,324.29,5
9519,17369,2777,350.05,2
9520,17373,2778,66.85,12
9521,17374,2778,260.74,7
9522,17376,2778,407.62,8
9523,17378,2778,349.75,4
9524,17382,2779,260.46,8
9525,17387,2779,309.44,10
9526,17389,2780,498.1,9
9527,17390,2780,298.8,1
9528,17391,2780,330.9,2
9529,17392,2780,319.4,3
9530,17393,2780,338.71,7
9531,17395,2780,428.37,6
9532,17396,2781,543.4,4
9533,17397,2781,452.9,6
9534,17398,2781,341.0,3
9535,17400,2781,427.35,1
9536,17405,2782,185.52,7
9537,17406,2782,318.38,5
9538,17410,2784,257.0,8
9539,17413,2784,268.75,8
9540,17417,2785,406.46,6
9541,17418,2785,442.99,6
9542,17420,2786,200.23,9
9543,17421,2786,304.15,1
9544,17422,2787,261.36,2
9545,17426,2788,380.11,10
9546,17428,2789,420.05,3
9547,17429,2789,523.96,5
9548,17430,2789,427.75,6
9549,17431,2789,423.11,8
9550,17432,2789,229.88,6
9551,17437,2789,259.2,3
9552,17438,2790,325.03,9
9553,17441,2790,551.12,6
9554,17444,2790,326.88,3
9555,17445,2790,448.82,4
9556,17446,2791,282.3,6
9557,17447,2791,317.88,3
9558,17450,2791,318.09,12
9559,17451,2791,275.62,10
9560,17452,2791,381.85,3
9561,17454,2792,203.54,2
9562,17455,2792,155.51,2
9563,17458,2792,296.4,10
9564,17459,2793,369.54,1
9565,17461,2794,251.59,5
9566,17468,2796,529.33,5
9567,17469,2796,319.79,5
9568,17470,2796,326.94,11
9569,17471,2796,229.83,10
9570,17473,2796,376.61,4
9571,17475,2796,412.29,11
9572,17479,2797,337.88,12
9573,17480,2797,348.23,1
9574,17481,2797,341.87,4
9575,17483,2797,238.77,12
9576,17485,2797,449.72,8
9577,17489,2798,291.94,11
9578,17490,2798,475.43,2
9579,17491,2798,211.4,5
9580,17492,2798,401.61,9
9581,17493,2799,336.77,3
9582,17495,2799,328.27,2
9583,17498,2799,266.8,6
9584,17499,2799,380.31,7
9585,17500,2799,368.24,2
9586,17502,2800,480.8,3
9587,17503,2800,380.25,7
9588,17504,2800,283.25,4
9589,17505,2800,281.25,12
9590,17507,2800,349.15,11
9591,17509,2800,453.72,9
9592,17510,2800,354.87,10
9593,17511,2800,412.05,11
9594,17514,2801,346.64,2
9595,17516,2802,150.99,12
9596,17517,2802,360.9,3
9597,17518,2802,302.66,6
9598,17519,2802,430.6,12
9599,17520,2802,468.68,4
9600,17523,2802,482.32,8
9601,17526,2803,304.51,10
9602,17527,2803,277.5,9
9603,17529,2803,291.22,3
9604,17530,2803,309.5,5
9605,17531,2803,334.9,3
9606,17533,2803,237.07,1
9607,17534,2803,321.89,11
9608,17535,2803,137.04,10
9609,17536,2803,513.62,3
9610,17541,2804,299.27,9
9611,17545,2804,281.68,4
9612,17547,2804,369.06,7
9613,17551,2804,395.48,9
9614,17553,2805,137.35,5
9615,17557,2806,258.24,5
9616,17558,2806,447.96,10
9617,17559,2806,398.69,11
9618,17561,2806,214.59,3
9619,17562,2806,426.8,7
9620,17564,2806,388.13,8
9621,17565,2807,247.22,6
9622,17566,2807,319.58,5
9623,17567,2808,166.93,3
9624,17568,2808,393.01,10
9625,17569,2808,458.68,12
9626,17570,2808,289.38,9
9627,17571,2808,319.48,12
9628,17573,2809,358.02,8
9629,17574,2809,299.59,12
9630,17575,2810,133.98,11
9631,17577,2811,417.02,11
9632,17580,2811,428.53,5
9633,17584,2811,381.71,11
9634,17585,2812,445.72,6
9635,17589,2812,308.14,7
9636,17590,2812,359.88,9
9637,17594,2813,256.96,6
9638,17595,2813,241.23,3
9639,17596,2813,202.78,11
9640,17597,2813,351.02,2
9641,17598,2813,327.91,6
9642,17600,2814,418.88,7
9643,17603,2815,163.32,8
9644,17604,2815,343.73,7
9645,17605,2816,475.36,12
9646,17606,2816,330.63,8
9647,17607,2816,401.08,10
9648,17610,2816,530.92,5
9649,17612,2816,442.84,1
9650,17613,2816,191.7,1
9651,17614,2816,291.93,9
9652,17615,2816,352.4,11
9653,17616,2817,314.2,12
9654,17617,2818,438.18,11
9655,17622,2819,318.23,2
9656,17625,2820,313.66,5
9657,17626,2821,417.62,9
9658,17627,2821,193.22,6
9659,17629,2821,363.97,7
9660,17630,2821,263.14,9
9661,17631,2821,389.81,9
9662,17633,2821,287.09,8
9663,17634,2822,366.16,6
9664,17635,2822,270.84,11
9665,17640,2823,141.83,8
9666,17641,2824,352.48,4
9667,17642,2824,203.11,4
9668,17643,2824,454.7,1
9669,17644,2824,370.73,8
9670,17645,2824,385.29,3
9671,17646,2824,294.54,4
9672,17650,2825,318.28,1
9673,17653,2825,107.05,1
9674,17654,2825,355.36,9
9675,17656,2825,217.24,7
9676,17657,2825,348.44,6
9677,17660,2826,221.35,6
9678,17662,2826,375.36,11
9679,17664,2826,336.38,12
9680,17665,2826,201.67,4
9681,17666,2827,441.59,12
9682,17672,2827,302.34,12
9683,17675,2829,240.65,11
9684,17676,2829,413.24,8
9685,17677,2829,270.5,2
9686,17679,2829,304.73,9
9687,17681,2830,457.76,10
9688,17687,2831,355.81,9
9689,17689,2832,375.63,8
9690,17691,2832,309.89,9
9691,17692,2832,260.36,10
9692,17694,2832,290.29,4
9693,17696,2832,107.26,8
9694,17697,2832,380.45,9
9695,17699,2832,373.27,8
9696,17701,2832,186.19,7
9697,17706,2833,354.1,2
9698,17710,2834,50.77,1
9699,17711,2834,512.2,7
9700,17712,2834,268.54,5
9701,17715,2835,273.67,3
9702,17720,2835,387.05,7
9703,17721,2836,362.0,1
9704,17724,2836,182.26,9
9705,17726,2836,324.2,4
9706,17727,2836,358.44,12
9707,17728,2836,244.79,12
9708,17730,2836,391.05,3
9709,17731,2837,205.35,9
9710,17734,2837,374.08,8
9711,17739,2839,185.54,11
9712,17740,2839,281.81,2
9713,17743,2840,173.37,4
9714,17745,2840,392.09,6
9715,17748,2840,432.51,1
9716,17749,2840,473.55,8
9717,17752,2841,282.8,6
9718,17753,2841,250.45,4
9719,17755,2842,411.27,11
9720,17757,2842,325.48,2
9721,17758,2842,262.46,2
9722,17759,2842,261.41,11
9723,17761,2842,322.63,12
9724,17762,2843,429.93,7
9725,17764,2843,225.03,8
9726,17770,2844,438.61,3
9727,17772,2844,303.77,8
9728,17775,2844,429.49,12
9729,17776,2844,301.37,9
9730,17777,2844,395.41,9
9731,17778,2845,245.28,12
9732,17779,2845,358.11,2
9733,17780,2845,378.67,5
9734,17782,2845,152.64,9
9735,17783,2845,467.3,2
9736,17785,2846,189.24,12
9737,17786,2846,417.5,6
9738,17789,2847,275.53,10
9739,17790,2847,389.17,1
9740,17793,2847,358.27,8
9741,17796,2848,288.87,6
9742,17798,2849,240.3,1
9743,17800,2849,297.9,5
9744,17804,2849,276.75,7
9745,17805,2849,353.13,5
9746,17809,2850,327.71,12
9747,17812,2851,248.39,7
9748,17813,2851,209.53,1
9749,17814,2851,282.8,4
9750,17816,2851,312.7,7
9751,17818,2852,252.23,7
9752,17821,2852,354.18,5
9753,17822,2853,300.08,1
9754,17823,2854,408.48,8
9755,17824,2854,353.68,10
9756,17825,2854,373.69,11
9757,17826,2854,268.56,3
9758,17827,2854,435.49,11
9759,17829,2855,343.07,12
9760,17830,2855,438.54,10
9761,17833,2855,398.78,5
9762,17834,2855,301.59,7
9763,17836,2856,265.5,3
9764,17837,2856,329.21,10
9765,17840,2856,294.23,4
9766,17846,2857,256.6,2
9767,17848,2857,224.73,2
9768,17849,2857,493.21,8
9769,17851,2857,198.13,9
9770,17854,2857,146.76,6
9771,17857,2858,354.7,10
9772,17858,2858,255.02,6
9773,17859,2858,293.19,12
9774,17861,2859,196.69,9
9775,17862,2860,356.64,11
9776,17863,2860,345.49,3
9777,17866,2861,405.58,6
9778,17870,2861,369.65,3
9779,17871,2861,293.94,6
9780,17872,2861,174.94,10
9781,17873,2862,248.24,2
9782,17875,2862,243.51,2
9783,17878,2863,220.76,5
9784,17879,2863,436.53,11
9785,17883,2863,445.15,3
9786,17884,2863,273.84,12
9787,17885,2863,392.81,11
9788,17886,2864,343.32,3
9789,17887,2864,267.48,10
9790,17892,2865,328.58,11
9791,17894,2865,143.32,7
9792,17895,2865,178.51,11
9793,17896,2865,358.05,8
9794,17900,2865,404.81,4
9795,17901,2865,401.46,12
9796,17906,2866,225.22,3
9797,17908,2866,399.38,4
9798,17909,2867,379.58,3
9799,17910,2867,361.25,1
9800,17911,2867,307.33,8
9801,17913,2867,272.87,6
9802,17914,2867,386.08,7
9803,17915,2867,391.76,11
9804,17916,2867,301.25,7
9805,17917,2867,358.56,8
9806,17918,2867,361.75,6
9807,17919,2868,310.72,9
9808,17923,2868,257.58,4
9809,17927,2868,326.33,11
9810,17928,2868,397.91,5
9811,17931,2868,241.99,6
9812,17934,2869,424.25,2
9813,17942,2870,253.78,7
9814,17943,2870,483.61,12
9815,17944,2870,391.94,5
9816,17946,2871,280.28,8
9817,17949,2871,198.18,4
9818,17951,2871,270.54,2
9819,17952,2871,292.51,12
9820,17955,2871,290.29,4
9821,17959,2872,259.52,11
9822,17961,2872,323.04,8
9823,17963,2872,311.9,4
9824,17964,2872,249.04,1
9825,17966,2873,415.15,9
9826,17968,2873,421.05,9
9827,17971,2873,321.32,8
9828,17972,2873,405.23,5
9829,17973,2874,377.72,3
9830,17976,2874,265.84,2
9831,17978,2875,359.05,11
9832,17982,2876,240.72,8
9833,17986,2876,235.45,3
9834,17989,2876,374.82,2
9835,17990,2876,366.19,3
9836,17991,2876,360.54,4
9837,17995,2877,332.76,6
9838,17996,2877,165.82,5
9839,17997,2877,185.17,6
9840,17999,2877,353.71,8
9841,18001,2877,386.18,11
9842,18004,2878,255.99,5
9843,18008,2878,472.64,9
9844,18009,2879,262.44,10
9845,18010,2879,426.76,3
9846,18011,2879,170.6,11
9847,18014,2879,244.9,12
9848,18015,2879,351.24,1
9849,18019,2881,291.51,1
9850,18020,2881,394.37,3
9851,18021,2881,343.7,12
9852,18022,2881,449.86,11
9853,18024,2881,275.06,8
9854,18025,2881,221.58,2
9855,18026,2881,299.74,4
9856,18029,2883,283.23,10
9857,18030,2883,259.64,11
9858,18032,2883,241.85,4
9859,18034,2883,191.05,6
9860,18035,2883,436.36,10
9861,18038,2883,186.37,12
9862,18042,2885,312.45,12
9863,18045,2886,331.65,10
9864,18046,2886,352.28,8
9865,18047,2886,315.85,5
9866,18049,2886,190.7,11
9867,18053,2887,248.69,2
9868,18056,2887,315.14,12
9869,18057,2887,319.34,3
9870,18063,2888,212.14,8
9871,18069,2888,376.5,8
9872,18070,2888,238.79,4
9873,18071,2888,470.55,7
9874,18073,2889,146.58,3
9875,18076,2890,368.01,8
9876,18078,2890,332.66,9
9877,18079,2891,304.09,6
9878,18080,2891,375.58,7
9879,18085,2891,254.57,8
9880,18087,2891,291.02,2
9881,18088,2891,221.73,3
9882,18089,2891,440.17,10
9883,18093,2892,271.19,8
9884,18095,2892,268.08,6
9885,18096,2893,437.66,11
9886,18098,2893,166.25,4
9887,18101,2893,468.85,10
9888,18103,2893,310.57,11
9889,18104,2893,411.26,11
9890,18110,2895,366.66,5
9891,18111,2895,144.49,5
9892,18112,2896,380.2,3
9893,18114,2896,223.69,9
9894,18115,2896,297.97,1
9895,18117,2896,472.73,11
9896,18118,2896,269.41,8
9897,18119,2896,420.7,4
9898,18123,2897,233.22,4
9899,18124,2897,452.52,10
9900,18126,2897,309.36,11
9901,18128,2897,359.66,6
9902,18129,2898,311.39,12
9903,18130,2898,322.11,6
9904,18131,2898,198.02,1
9905,18132,2898,274.01,8
9906,18133,2898,254.81,11
9907,18135,2898,202.22,5
9908,18136,2899,326.99,1
9909,18138,2899,446.24,8
9910,18143,2899,239.74,1
9911,18144,2899,470.64,2
9912,18146,2899,307.46,11
9913,18147,2899,279.19,4
9914,18148,2900,295.76,1
9915,18150,2900,522.22,2
9916,18152,2901,353.67,1
9917,18154,2901,353.84,5
9918,18155,2901,375.11,8
9919,18156,2902,201.35,3
9920,18158,2902,419.25,10
9921,18161,2902,245.35,1
9922,18162,2903,234.49,5
9923,18165,2903,278.01,6
9924,18166,2903,298.26,8
9925,18167,2904,320.16,5
9926,18169,2904,292.44,3
9927,18170,2904,270.46,10
9928,18176,2904,260.93,12
9929,18180,2905,323.22,9
9930,18181,2905,161.14,12
9931,18184,2905,322.32,5
9932,18187,2906,434.48,6
9933,18189,2906,347.77,11
9934,18190,2906,386.64,2
9935,18191,2907,444.15,4
9936,18196,2909,376.32,4
9937,18197,2909,267.78,2
9938,18198,2909,275.27,10
9939,18200,2909,330.18,11
9940,18201,2909,209.06,7
9941,18203,2909,547.38,1
9942,18204,2909,320.47,6
9943,18206,2909,454.9,6
9944,18207,2909,305.19,5
9945,18208,2909,326.34,1
9946,18209,2910,315.94,2
9947,18210,2910,434.84,7
9948,18212,2910,543.72,6
9949,18213,2910,188.47,10
9950,18214,2910,298.09,9
9951,18215,2910,358.19,12
9952,18218,2911,162.89,7
9953,18220,2911,263.4,9
9954,18221,2911,358.12,6
9955,18224,2911,275.56,4
9956,18226,2912,322.14,6
9957,18227,2912,365.03,9
9958,18228,2912,273.03,7
9959,18230,2912,233.83,7
9960,18231,2912,231.22,12
9961,18233,2912,118.31,3
9962,18234,2912,368.57,4
9963,18235,2912,305.31,2
9964,18236,2912,428.93,11
9965,18237,2912,378.04,8
9966,18238,2912,326.95,1
9967,18239,2913,352.19,11
9968,18240,2913,164.18,2
9969,18241,2913,352.38,7
9970,18243,2913,301.3,10
9971,18245,2913,255.31,8
9972,18246,2913,281.73,7
9973,18248,2913,379.73,12
9974,18249,2913,268.78,1
9975,18250,2914,298.24,6
9976,18251,2915,371.51,11
9977,18254,2915,297.02,8
9978,18260,2916,336.01,2
9979,18262,2916,310.52,1
9980,18265,2916,419.46,2
9981,18270,2917,335.41,2
9982,18271,2917,172.48,12
9983,18273,2917,391.68,8
9984,18274,2918,261.59,8
9985,18275,2918,273.68,12
9986,18276,2918,300.66,5
9987,18277,2918,518.25,1
9988,18278,2918,367.15,5
9989,18279,2918,492.83,11
9990,18280,2918,325.36,12
9991,18281,2918,386.04,4
9992,18282,2918,481.34,2
9993,18285,2919,393.84,12
9994,18292,2919,357.12,6
9995,18294,2920,196.76,8
9996,18296,2920,228.74,9
9997,18297,2920,346.81,1
9998,18298,2920,411.09,8
9999,18300,2920,307.8,5
10000,18301,2920,380.71,6
10001,18303,2920,243.91,6
10002,18308,2921,262.78,3
10003,18310,2922,363.24,7
10004,18311,2923,325.23,1
10005,18312,2923,285.8,12
10006,18314,2923,272.02,8
10007,18315,2923,184.96,10
10008,18316,2923,317.89,9
10009,18318,2924,188.81,2
10010,18319,2924,292.23,11
10011,18320,2924,304.85,3
10012,18323,2924,448.66,5
10013,18327,2925,225.33,11
10014,18328,2925,363.13,4
10015,18329,2925,335.58,3
10016,18332,2926,225.01,7
10017,18334,2926,325.64,3
10018,18335,2926,200.89,1
10019,18336,2926,325.53,5
10020,18340,2927,300.43,6
10021,18343,2927,399.89,4
10022,18345,2927,255.73,4
10023,18347,2927,120.0,1
10024,18349,2927,267.99,9
10025,18350,2928,376.0,11
10026,18352,2928,333.26,11
10027,18354,2928,268.43,12
10028,18355,2928,428.93,4
10029,18356,2929,294.82,10
10030,18357,2929,390.58,5
10031,18358,2930,322.16,7
10032,18359,2930,380.54,1
10033,18360,2930,389.22,11
10034,18364,2930,440.61,5
10035,18366,2930,249.73,10
10036,18368,2931,371.38,12
10037,18369,2931,209.19,10
10038,18370,2931,370.36,5
10039,18372,2932,168.19,12
10040,18373,2932,493.41,10
10041,18374,2932,349.99,10
10042,18376,2932,340.3,12
10043,18377,2932,171.97,6
10044,18378,2932,411.07,12
10045,18379,2932,432.14,1
10046,18380,2932,299.43,10
10047,18382,2933,280.78,4
10048,18383,2933,286.17,1
10049,18384,2933,475.45,7
10050,18385,2933,311.18,1
10051,18387,2934,334.87,1
10052,18388,2934,405.52,12
10053,18389,2935,100.52,2
10054,18390,2935,312.64,1
10055,18393,2935,294.62,7
10056,18394,2935,333.65,8
10057,18395,2935,392.63,8
10058,18396,2935,407.69,5
10059,18397,2935,298.8,3
10060,18399,2936,306.95,9
10061,18400,2936,322.2,1
10062,18403,2936,388.19,11
10063,18404,2936,423.32,4
10064,18407,2937,193.54,9
10065,18421,2939,353.78,8
10066,18423,2939,302.02,12
10067,18426,2939,504.4,11
10068,18427,2940,220.81,7
10069,18428,2940,215.61,3
10070,18430,2940,266.57,1
10071,18431,2941,373.39,11
10072,18432,2941,374.35,4
10073,18433,2941,270.71,8
10074,18436,2941,411.5,6
10075,18439,2942,280.84,12
10076,18440,2942,396.65,2
10077,18443,2943,194.63,5
10078,18444,2943,233.2,3
10079,18445,2943,282.66,10
10080,18449,2944,314.53,2
10081,18450,2944,244.52,5
10082,18451,2944,243.09,3
10083,18452,2944,360.61,1
10084,18453,2944,393.62,6
10085,18454,2945,250.08,7
10086,18455,2945,199.23,11
10087,18456,2945,328.73,3
10088,18457,2945,361.78,4
10089,18458,2945,225.53,1
10090,18460,2945,470.69,3
10091,18461,2945,240.99,11
10092,18462,2945,296.18,8
10093,18464,2946,297.6,2
10094,18465,2946,246.81,5
10095,18466,2946,483.33,6
10096,18467,2946,235.96,4
10097,18469,2946,476.3,6
10098,18470,2946,292.93,8
10099,18472,2946,293.09,3
10100,18474,2947,261.61,10
10101,18475,2948,381.34,5
10102,18477,2949,498.49,7
10103,18479,2949,269.21,5
10104,18480,2950,292.83,11
10105,18482,2950,451.64,3
10106,18483,2950,219.41,5
10107,18489,2951,249.68,1
10108,18490,2951,443.25,4
10109,18491,2951,357.96,9
10110,18492,2951,242.15,9
10111,18493,2951,375.96,11
10112,18494,2951,181.32,5
10113,18495,2951,417.67,6
10114,18496,2951,142.93,1
10115,18500,2952,228.03,10
10116,18502,2952,353.72,8
10117,18503,2952,206.4,9
10118,18505,2952,320.95,12
10119,18509,2953,370.97,7
10120,18510,2953,253.52,7
10121,18512,2953,309.29,7
10122,18514,2953,395.45,2
10123,18519,2953,360.36,3
10124,18520,2954,456.63,2
10125,18522,2954,244.44,5
10126,18523,2954,230.36,10
10127,18524,2954,438.45,4
10128,18526,2954,354.19,10
10129,18528,2954,297.31,4
10130,18529,2954,267.43,10
10131,18530,2954,393.27,3
10132,18532,2954,285.23,6
10133,18533,2955,390.12,4
10134,18535,2955,434.0,4
10135,18537,2956,329.35,9
10136,18540,2957,197.82,7
10137,18542,2957,371.17,10
10138,18543,2957,419.66,5
10139,18544,2957,428.0,7
10140,18545,2957,334.83,4
10141,18549,2958,165.56,5
10142,18551,2959,279.12,11
10143,18553,2959,275.3,1
10144,18558,2959,396.82,2
10145,18559,2959,357.11,12
10146,18563,2960,400.92,5
10147,18565,2960,258.76,7
10148,18566,2960,339.15,12
10149,18567,2960,113.53,10
10150,18570,2960,283.17,6
10151,18573,2961,186.48,3
10152,18575,2961,476.51,7
10153,18580,2962,362.05,2
10154,18583,2962,358.35,1
10155,18584,2962,209.75,9
10156,18586,2962,308.39,6
10157,18588,2962,379.43,6
10158,18590,2963,241.57,12
10159,18591,2963,278.88,7
10160,18592,2963,419.56,5
10161,18593,2963,223.51,7
10162,18595,2963,281.14,10
10163,18596,2963,246.4,2
10164,18597,2963,350.51,3
10165,18599,2963,389.77,1
10166,18600,2964,464.56,6
10167,18603,2964,355.61,5
10168,18606,2964,432.27,2
10169,18608,2965,353.02,2
10170,18610,2965,196.99,7
10171,18611,2965,323.58,7
10172,18612,2965,324.96,1
10173,18613,2965,415.93,5
10174,18614,2965,311.52,5
10175,18615,2965,286.58,10
10176,18616,2965,243.36,5
10177,18617,2966,296.49,7
10178,18618,2966,311.97,5
10179,18620,2967,373.67,12
10180,18622,2967,246.61,12
10181,18625,2967,530.63,8
10182,18628,2967,238.62,4
10183,18630,2968,204.89,6
10184,18632,2969,365.9,9
10185,18633,2970,204.95,9
10186,18637,2971,322.3,5
10187,18638,2971,257.67,9
10188,18641,2972,378.72,7
10189,18642,2972,333.95,1
10190,18644,2972,422.81,4
10191,18645,2972,358.14,5
10192,18646,2972,324.29,12
10193,18648,2972,338.41,12
10194,18649,2972,232.81,5
10195,18650,2973,257.06,1
10196,18651,2973,339.73,12
10197,18653,2973,373.52,10
10198,18655,2974,290.72,6
10199,18657,2974,300.86,4
10200,18660,2975,284.53,5
10201,18661,2975,353.87,4
10202,18663,2975,320.35,3
10203,18666,2976,375.71,3
10204,18669,2977,264.42,1
10205,18670,2977,315.11,6
10206,18671,2977,455.98,6
10207,18672,2977,503.3,3
10208,18673,2977,298.79,4
10209,18674,2977,438.42,11
10210,18675,2977,434.1,10
10211,18676,2977,393.78,7
10212,18678,2977,160.13,5
10213,18681,2978,192.21,1
10214,18682,2978,274.42,1
10215,18683,2978,275.05,10
10216,18684,2978,237.81,3
10217,18685,2978,370.05,8
10218,18686,2979,375.06,12
10219,18687,2979,481.23,7
10220,18688,2979,265.39,10
10221,18689,2979,261.41,9
10222,18691,2979,336.82,11
10223,18693,2980,204.08,8
10224,18694,2980,488.27,8
10225,18695,2980,287.81,4
10226,18696,2980,312.85,9
10227,18697,2981,332.25,11
10228,18700,2981,306.69,2
10229,18701,2981,295.2,1
10230,18703,2981,531.96,9
10231,18705,2982,327.78,4
10232,18708,2982,363.4,3
10233,18709,2982,275.55,4
10234,18711,2983,375.4,2
10235,18713,2983,322.82,6
10236,18714,2983,342.43,6
10237,18716,2984,362.98,11
10238,18717,2985,399.43,1
10239,18718,2985,382.97,1
10240,18719,2985,317.92,11
10241,18721,2985,320.52,7
10242,18723,2985,219.88,4
10243,18724,2985,304.26,8
10244,18725,2985,329.71,7
10245,18726,2985,402.51,7
10246,18728,2985,106.88,10
10247,18730,2986,347.83,6
10248,18731,2986,250.43,11
10249,18733,2987,389.88,12
10250,18735,2987,439.62,12
10251,18736,2987,315.66,9
10252,18737,2987,449.12,5
10253,18738,2988,398.12,1
10254,18739,2988,332.51,12
10255,18740,2988,175.72,3
10256,18744,2988,354.64,12
10257,18747,2988,245.43,12
10258,18749,2989,62.66,7
10259,18750,2990,221.0,11
10260,18753,2990,441.36,10
10261,18756,2990,331.63,1
10262,18757,2990,430.47,1
10263,18758,2990,461.74,7
10264,18759,2990,344.94,5
10265,18760,2990,268.04,1
10266,18761,2991,225.06,5
10267,18763,2991,314.32,8
10268,18765,2992,239.7,5
10269,18767,2993,218.01,11
10270,18769,2993,261.87,5
10271,18770,2993,295.89,8
10272,18771,2993,298.36,11
10273,18775,2994,311.95,4
10274,18776,2994,358.29,9
10275,18779,2994,303.71,6
10276,18783,2995,387.85,3
10277,18784,2995,384.23,11
10278,18785,2995,409.94,1
10279,18786,2996,309.44,8
10280,18787,2996,208.42,11
10281,18788,2996,298.35,7
10282,18796,2998,232.86,12
10283,18797,2998,391.73,1
10284,18798,2998,187.0,4
10285,18799,2999,350.67,11
10286,18802,2999,338.14,2
10287,18803,2999,385.98,4
10288,18805,2999,344.54,9
10289,18806,2999,315.77,12
10290,18808,2999,221.62,5
10291,18810,3000,473.55,11
10292,18811,3000,315.36,4
10293,18814,3001,288.34,9
10294,18816,3001,330.37,5
10295,18818,3001,421.6,2
10296,18819,3001,297.37,10
10297,18821,3001,423.57,6
10298,18822,3002,338.49,6
10299,18824,3002,386.11,1
10300,18825,3002,343.16,11
10301,18826,3002,380.61,12
10302,18827,3002,398.95,3
10303,18829,3003,358.95,6
10304,18832,3004,463.57,7
10305,18833,3005,309.55,9
10306,18834,3006,426.56,2
10307,18835,3006,264.06,4
10308,18839,3006,356.54,4
10309,18840,3006,245.45,4
10310,18842,3006,246.87,2
10311,18846,3007,438.31,7
10312,18847,3007,507.94,7
10313,18849,3008,305.48,6
10314,18850,3008,229.43,4
10315,18851,3008,319.01,9
10316,18853,3009,250.63,7
10317,18854,3009,436.8,12
10318,18855,3009,374.26,5
10319,18856,3009,372.4,5
10320,18857,3009,309.72,9
10321,18858,3009,255.34,10
10322,18859,3009,415.05,11
10323,18861,3010,310.11,4
10324,18862,3010,226.74,3
10325,18864,3010,459.65,1
10326,18865,3010,542.39,2
10327,18867,3011,334.16,8
10328,18868,3011,352.07,5
10329,18869,3011,483.1,12
10330,18870,3011,293.22,9
10331,18871,3011,421.26,9
10332,18872,3011,268.51,7
10333,18873,3012,363.28,11
10334,18874,3012,233.16,9
10335,18875,3013,296.98,7
10336,18877,3013,170.78,7
10337,18878,3013,364.23,11
10338,18879,3013,355.98,7
10339,18880,3014,228.15,11
10340,18881,3014,517.59,11
10341,18882,3014,326.88,4
10342,18883,3014,307.35,2
10343,18885,3016,232.0,7
10344,18887,3016,390.3,2
10345,18890,3016,239.25,9
10346,18892,3016,388.84,4
10347,18893,3017,241.18,4
10348,18898,3019,359.12,1
10349,18903,3020,302.55,5
10350,18905,3020,390.59,4
10351,18906,3020,202.91,6
10352,18907,3020,361.1,11
10353,18909,3021,231.72,11
10354,18911,3021,261.79,5
10355,18913,3022,372.19,12
10356,18914,3022,324.19,12
10357,18915,3022,353.6,7
10358,18916,3022,387.67,12
10359,18917,3023,334.92,12
10360,18918,3023,307.64,4
10361,18919,3023,229.93,5
10362,18920,3023,517.65,12
10363,18922,3023,369.26,8
10364,18923,3024,320.06,5
10365,18924,3024,291.18,11
10366,18925,3024,338.67,9
10367,18926,3024,319.55,1
10368,18929,3024,367.58,3
10369,18931,3024,268.36,8
10370,18932,3025,471.18,12
10371,18933,3025,382.09,2
10372,18934,3025,157.36,10
10373,18935,3025,345.91,7
10374,18937,3025,392.49,12
10375,18939,3026,201.22,9
10376,18946,3026,419.13,5
10377,18949,3027,376.72,6
10378,18950,3027,202.22,1
10379,18951,3027,304.45,7
10380,18954,3027,217.16,11
10381,18956,3027,395.31,5
10382,18957,3027,228.4,2
10383,18958,3027,235.9,6
10384,18959,3027,327.4,4
10385,18960,3027,506.36,11
10386,18961,3027,429.9,5
10387,18964,3028,230.97,3
10388,18966,3028,209.78,2
10389,18967,3028,266.77,3
10390,18969,3028,193.82,1
10391,18970,3028,390.83,12
10392,18974,3029,379.28,11
10393,18975,3029,402.24,2
10394,18977,3029,324.41,7
10395,18978,3029,330.81,10
10396,18981,3029,224.08,4
10397,18982,3029,344.75,4
10398,18983,3029,433.78,3
10399,18987,3031,281.27,1
10400,18988,3031,356.6,6
10401,18989,3031,326.1,11
10402,18990,3031,272.0,5
10403,18992,3032,366.35,12
10404,18993,3032,483.56,7
10405,18994,3032,443.76,9
10406,18997,3033,244.27,4
10407,18999,3033,330.7,7
10408,19001,3033,385.82,2
10409,19003,3033,327.47,4
10410,19009,3036,204.35,9
10411,19010,3036,251.9,3
10412,19011,3036,376.47,12
10413,19012,3037,493.57,9
10414,19014,3037,261.75,3
10415,19015,3037,234.27,4
10416,19018,3037,421.55,2
10417,19019,3037,341.1,11
10418,19020,3038,285.0,4
10419,19021,3038,302.61,11
10420,19023,3039,307.25,6
10421,19024,3039,387.61,5
10422,19026,3039,340.49,12
10423,19027,3039,182.27,2
10424,19029,3039,308.55,9
10425,19032,3040,485.22,10
10426,19033,3041,419.84,1
10427,19038,3042,432.87,1
10428,19039,3042,244.82,5
10429,19040,3042,352.52,1
10430,19041,3042,405.45,10
10431,19042,3042,326.68,6
10432,19043,3042,426.48,5
10433,19044,3043,242.91,4
10434,19048,3043,339.19,5
10435,19049,3043,266.59,11
10436,19051,3043,452.92,7
10437,19054,3045,315.04,2
10438,19055,3045,301.05,5
10439,19056,3045,217.73,3
10440,19057,3045,394.54,2
10441,19062,3046,359.77,12
10442,19063,3046,318.36,9
10443,19064,3046,374.28,11
10444,19067,3047,416.43,10
10445,19070,3047,338.18,2
10446,19072,3047,360.01,12
10447,19073,3047,368.75,6
10448,19074,3047,161.49,11
10449,19075,3047,362.43,10
10450,19076,3047,172.65,2
10451,19077,3047,320.67,1
10452,19078,3047,370.7,12
10453,19079,3047,155.61,7
10454,19080,3048,324.66,4
10455,19083,3048,288.17,12
10456,19084,3048,297.62,5
10457,19085,3048,389.91,12
10458,19086,3048,491.03,7
10459,19087,3048,386.17,8
10460,19088,3048,322.27,4
10461,19089,3048,198.82,12
10462,19091,3048,443.09,5
10463,19092,3048,305.31,11
10464,19094,3048,168.24,6
10465,19095,3048,215.96,2
10466,19098,3049,205.77,6
10467,19102,3049,219.73,12
10468,19103,3050,411.26,3
10469,19104,3050,337.85,12
10470,19105,3050,368.68,9
10471,19107,3050,67.9,8
10472,19110,3050,389.09,3
10473,19112,3050,376.68,10
10474,19113,3050,158.78,10
10475,19114,3051,207.96,4
10476,19116,3051,422.42,9
10477,19120,3052,266.34,6
10478,19121,3052,410.85,12
10479,19122,3052,320.91,8
10480,19123,3052,273.84,8
10481,19126,3054,307.41,5
10482,19128,3055,140.79,4
10483,19132,3055,354.27,5
10484,19133,3055,212.06,12
10485,19134,3055,155.33,4
10486,19135,3055,186.66,5
10487,19137,3055,238.2,10
10488,19138,3056,372.66,6
10489,19141,3056,248.09,2
10490,19142,3056,387.72,3
10491,19143,3056,399.67,3
10492,19145,3056,406.82,8
10493,19146,3057,485.38,4
10494,19149,3058,362.4,7
10495,19150,3058,372.33,8
10496,19151,3058,262.12,1
10497,19152,3058,111.87,2
10498,19155,3058,349.08,6
10499,19156,3059,196.87,3
10500,19157,3060,194.17,12
10501,19158,3060,215.19,5
10502,19159,3060,378.36,4
10503,19161,3060,406.96,6
10504,19163,3061,334.48,1
10505,19165,3061,220.26,7
10506,19166,3062,294.52,10
10507,19168,3062,446.96,5
10508,19169,3062,296.12,3
10509,19175,3063,274.83,1
10510,19177,3063,441.71,6
10511,19178,3063,525.27,6
10512,19179,3063,290.45,5
10513,19180,3064,173.37,9
10514,19181,3064,326.97,6
10515,19182,3065,289.64,11
10516,19185,3066,453.21,1
10517,19186,3066,204.67,7
10518,19188,3066,237.39,2
10519,19192,3066,286.69,3
10520,19193,3066,382.41,5
10521,19195,3067,224.76,6
10522,19197,3067,416.55,1
10523,19199,3068,275.79,2
10524,19200,3068,183.75,12
10525,19202,3069,243.81,1
10526,19204,3069,196.98,11
10527,19207,3069,203.75,7
10528,19211,3070,493.41,11
10529,19212,3070,332.44,6
10530,19214,3070,415.59,6
10531,19216,3070,282.98,6
10532,19221,3071,374.83,8
10533,19223,3071,247.48,4
10534,19224,3071,474.08,5
10535,19230,3072,297.22,8
10536,19231,3072,243.93,6
10537,19232,3072,205.14,6
10538,19234,3073,216.87,2
10539,19235,3073,205.37,10
10540,19237,3074,475.37,12
10541,19238,3074,300.44,11
10542,19241,3074,293.79,10
10543,19242,3075,616.3,4
10544,19246,3075,457.3,5
10545,19248,3075,207.23,10
10546,19249,3075,441.17,4
10547,19252,3075,287.9,8
10548,19256,3076,308.31,5
10549,19257,3076,266.67,1
10550,19258,3076,306.43,4
10551,19262,3076,265.71,11
10552,19264,3076,289.46,7
10553,19265,3076,282.29,3
10554,19266,3076,362.23,3
10555,19269,3077,365.24,7
10556,19270,3078,332.23,11
10557,19272,3079,453.35,12
10558,19273,3079,416.07,9
10559,19274,3079,438.61,11
10560,19275,3079,253.06,2
10561,19279,3080,215.86,3
10562,19280,3080,345.13,11
10563,19282,3080,357.4,6
10564,19283,3081,230.15,4
10565,19285,3081,349.86,4
10566,19286,3082,165.16,2
10567,19287,3082,289.27,4
10568,19288,3082,202.86,4
10569,19289,3082,357.44,10
10570,19292,3082,391.18,11
10571,19293,3083,132.4,2
10572,19294,3083,50.0,9
10573,19297,3083,462.57,12
10574,19298,3083,214.5,8
10575,19299,3083,270.54,9
10576,19300,3083,225.34,7
10577,19305,3084,424.71,12
10578,19306,3084,404.75,5
10579,19309,3084,289.07,2
10580,19310,3084,381.2,11
10581,19314,3086,345.23,2
10582,19315,3086,347.46,5
10583,19316,3086,376.61,12
10584,19317,3086,319.23,10
10585,19318,3086,273.46,2
10586,19320,3086,400.2,7
10587,19321,3086,334.42,9
10588,19322,3086,318.87,5
10589,19324,3087,330.0,12
10590,19328,3087,264.04,8
10591,19330,3087,201.29,10
10592,19332,3087,263.01,4
10593,19333,3087,339.98,1
10594,19334,3087,312.17,10
10595,19336,3088,221.71,8
10596,19337,3088,193.06,4
10597,19338,3088,210.45,3
10598,19339,3088,304.27,8
10599,19340,3088,463.76,10
10600,19341,3088,211.44,6
10601,19342,3088,384.18,7
10602,19344,3088,194.28,9
10603,19347,3088,389.12,5
10604,19348,3089,258.46,7
10605,19353,3092,311.96,3
10606,19357,3092,383.29,3
10607,19358,3092,327.73,10
10608,19361,3093,341.8,9
10609,19362,3093,328.92,4
10610,19363,3093,486.52,6
10611,19365,3093,205.02,9
10612,19366,3093,307.24,6
10613,19368,3093,320.89,8
10614,19369,3093,239.98,11
10615,19371,3093,391.88,10
10616,19372,3094,280.76,7
10617,19375,3094,393.23,4
10618,19376,3094,327.62,12
10619,19378,3095,287.12,1
10620,19382,3096,475.03,9
10621,19383,3096,155.11,1
10622,19385,3096,375.78,10
10623,19387,3096,445.95,10
10624,19391,3097,185.84,11
10625,19392,3097,317.47,6
10626,19393,3097,362.65,5
10627,19394,3097,242.08,5
10628,19395,3098,370.75,7
10629,19398,3099,448.24,11
10630,19399,3099,386.04,9
10631,19400,3099,489.14,1
10632,19404,3099,224.9,10
10633,19410,3100,299.59,8
10634,19412,3100,182.73,4
10635,19413,3100,277.52,6
10636,19416,3101,366.05,11
10637,19417,3101,343.71,10
10638,19418,3101,270.39,1
10639,19420,3101,308.63,4
10640,19425,3102,141.78,6
10641,19427,3102,323.43,5
10642,19428,3103,459.94,4
10643,19429,3103,181.02,1
10644,19430,3103,317.74,9
10645,19432,3103,443.01,4
10646,19436,3105,227.98,10
10647,19440,3107,302.13,4
10648,19443,3107,424.88,8
10649,19444,3107,553.82,12
10650,19445,3107,343.61,12
10651,19446,3107,351.13,4
10652,19447,3107,214.55,12
10653,19449,3107,352.79,3
10654,19450,3108,291.6,11
10655,19451,3108,350.41,5
10656,19452,3108,363.44,7
10657,19453,3108,299.36,12
10658,19457,3108,436.72,12
10659,19458,3108,369.27,7
10660,19459,3109,254.95,4
10661,19461,3109,209.17,12
10662,19463,3109,450.49,2
10663,19465,3110,420.21,10
10664,19466,3110,345.18,9
10665,19467,3111,203.14,6
10666,19468,3111,293.06,7
10667,19469,3111,366.97,2
10668,19470,3111,236.64,8
10669,19471,3111,489.54,10
10670,19472,3111,211.54,8
10671,19474,3111,213.99,3
10672,19475,3111,340.1,10
10673,19477,3112,433.45,5
10674,19478,3112,92.13,11
10675,19479,3112,243.93,6
10676,19483,3113,73.88,2
10677,19484,3113,437.87,6
10678,19485,3113,244.25,7
10679,19489,3113,469.77,5
10680,19490,3113,165.96,6
10681,19492,3114,223.89,5
10682,19499,3114,286.75,12
10683,19501,3114,360.92,1
10684,19502,3114,324.56,12
10685,19503,3115,261.24,11
10686,19504,3115,99.73,7
10687,19505,3115,294.73,9
10688,19507,3116,301.99,8
10689,19508,3116,275.8,8
10690,19509,3116,440.21,2
10691,19510,3116,296.23,1
10692,19512,3117,450.13,11
10693,19513,3117,365.32,9
10694,19514,3117,369.64,4
10695,19516,3118,396.88,1
10696,19517,3118,352.74,9
10697,19518,3118,284.56,12
10698,19520,3118,363.38,12
10699,19521,3118,398.08,2
10700,19522,3119,365.96,9
10701,19523,3119,186.62,4
10702,19525,3119,392.87,7
10703,19527,3119,386.8,12
10704,19528,3119,396.05,3
10705,19529,3119,291.64,7
10706,19532,3119,253.23,3
10707,19533,3119,316.46,1
10708,19535,3120,404.52,6
10709,19538,3120,189.8,8
10710,19539,3120,323.02,10
10711,19542,3120,140.77,6
10712,19543,3120,192.72,9
10713,19548,3122,417.82,12
10714,19549,3122,343.86,10
10715,19550,3122,219.02,8
10716,19557,3123,377.65,7
10717,19558,3123,264.67,4
10718,19560,3123,357.65,2
10719,19563,3124,359.45,4
10720,19564,3124,380.37,12
10721,19565,3124,401.29,8
10722,19566,3124,302.05,10
10723,19569,3124,299.41,9
10724,19570,3124,440.92,2
10725,19573,3124,241.04,2
10726,19574,3125,366.15,4
10727,19576,3126,260.34,10
10728,19578,3127,324.59,7
10729,19579,3128,479.46,11
10730,19581,3128,209.09,9
10731,19582,3128,190.92,4
10732,19583,3128,446.95,3
10733,19584,3128,341.7,11
10734,19587,3129,256.61,4
10735,19589,3129,308.48,2
10736,19590,3129,301.99,1
10737,19591,3129,294.54,3
10738,19592,3130,441.89,1
10739,19594,3130,238.09,12
10740,19595,3130,300.09,7
10741,19596,3131,223.14,6
10742,19597,3131,301.12,6
10743,19598,3131,261.11,12
10744,19600,3131,348.32,10
10745,19601,3131,306.94,5
10746,19602,3131,372.5,6
10747,19603,3131,440.83,2
10748,19604,3131,214.35,7
10749,19605,3131,333.01,10
10750,19606,3132,177.4,4
10751,19609,3132,324.84,5
10752,19611,3132,369.56,4
10753,19618,3133,290.47,7
10754,19620,3133,355.32,2
10755,19621,3133,348.63,5
10756,19623,3133,372.43,7
10757,19624,3134,211.79,4
10758,19625,3134,417.77,2
10759,19626,3134,291.16,5
10760,19627,3134,171.21,1
10761,19628,3134,237.34,7
10762,19629,3135,206.73,12
10763,19630,3135,271.74,5
10764,19632,3135,242.6,1
10765,19634,3136,182.23,5
10766,19635,3136,169.5,2
10767,19636,3136,317.87,11
10768,19639,3136,447.96,5
10769,19640,3136,332.12,9
10770,19641,3136,266.45,4
10771,19642,3136,224.62,2
10772,19643,3136,204.93,6
10773,19644,3137,296.35,12
10774,19645,3137,302.13,8
10775,19649,3137,369.65,6
10776,19650,3137,287.88,11
10777,19651,3137,444.98,11
10778,19652,3137,203.51,7
10779,19654,3137,218.81,10
10780,19655,3137,356.93,4
10781,19658,3138,275.98,4
10782,19659,3138,269.64,6
10783,19662,3138,249.59,1
10784,19663,3138,195.31,8
10785,19664,3138,130.75,2
10786,19665,3138,259.57,6
10787,19666,3138,217.76,6
10788,19668,3139,346.63,5
10789,19670,3139,315.0,3
10790,19672,3139,261.68,11
10791,19675,3139,273.92,5
10792,19679,3141,418.28,4
10793,19680,3141,246.25,12
10794,19681,3141,404.49,8
10795,19682,3141,441.8,10
10796,19683,3141,346.25,11
10797,19688,3141,285.65,1
10798,19689,3141,302.19,12
10799,19690,3142,389.28,8
10800,19691,3142,289.19,7
10801,19692,3142,535.21,11
10802,19693,3142,248.91,3
10803,19697,3143,382.88,11
10804,19699,3143,404.73,8
10805,19701,3143,172.24,12
10806,19704,3144,338.81,1
10807,19706,3144,292.47,2
10808,19709,3145,291.14,5
10809,19711,3145,409.94,5
10810,19712,3145,300.39,11
10811,19714,3146,449.38,9
10812,19715,3146,206.76,8
10813,19717,3146,214.88,3
10814,19718,3146,292.16,4
10815,19719,3146,263.88,1
10816,19720,3146,245.62,4
10817,19722,3146,113.24,4
10818,19728,3148,413.63,6
10819,19730,3148,352.79,11
10820,19733,3148,366.25,9
10821,19735,3148,250.36,8
10822,19737,3148,369.43,5
10823,19738,3149,515.76,9
10824,19740,3149,372.16,6
10825,19741,3150,320.41,9
10826,19742,3150,329.18,3
10827,19743,3150,430.94,3
10828,19744,3151,216.56,9
10829,19746,3151,310.05,3
10830,19750,3151,323.0,10
10831,19754,3152,353.6,10
10832,19757,3152,254.27,9
10833,19758,3152,140.86,12
10834,19759,3153,325.3,3
10835,19762,3153,532.96,10
10836,19764,3153,358.45,5
10837,19766,3154,215.05,3
10838,19767,3154,275.46,11
10839,19768,3154,295.87,2
10840,19769,3154,462.17,4
10841,19770,3154,308.16,6
10842,19771,3154,418.73,12
10843,19772,3154,337.85,12
10844,19773,3154,327.34,7
10845,19775,3155,229.7,12
10846,19780,3155,391.66,4
10847,19781,3156,271.1,7
10848,19783,3156,421.33,5
10849,19785,3156,322.52,2
10850,19787,3157,311.57,7
10851,19792,3158,253.34,8
10852,19794,3158,277.84,2
10853,19795,3158,278.67,10
10854,19796,3158,324.09,10
10855,19801,3158,462.75,9
10856,19803,3159,190.13,6
10857,19804,3159,331.85,12
10858,19809,3160,479.8,1
10859,19810,3161,213.94,6
10860,19812,3161,282.67,8
10861,19814,3161,397.35,4
10862,19815,3161,211.35,10
10863,19816,3161,456.42,9
10864,19817,3161,433.19,4
10865,19818,3162,344.21,6
10866,19823,3162,53.91,9
10867,19827,3163,276.6,10
10868,19829,3163,409.21,1
10869,19830,3164,286.98,7
10870,19831,3164,320.82,5
10871,19832,3164,502.48,2
10872,19842,3167,348.82,11
10873,19843,3167,340.99,2
10874,19846,3167,286.03,9
10875,19848,3167,461.64,8
10876,19849,3167,412.59,9
10877,19850,3168,277.12,3
10878,19851,3168,254.94,12
10879,19856,3168,246.58,1
10880,19857,3168,278.54,11
10881,19858,3168,250.14,10
10882,19859,3169,330.89,3
10883,19861,3169,396.42,10
10884,19862,3170,248.8,4
10885,19863,3170,256.66,10
10886,19865,3170,265.48,1
10887,19867,3171,349.69,4
10888,19868,3171,229.11,11
10889,19869,3171,186.33,12
10890,19870,3171,298.06,11
10891,19872,3171,326.79,12
10892,19873,3171,307.92,5
10893,19876,3172,310.1,8
10894,19877,3172,395.2,8
10895,19878,3173,425.85,6
10896,19879,3173,314.49,1
10897,19881,3174,331.03,12
10898,19882,3174,485.32,9
10899,19883,3174,297.28,1
10900,19884,3174,282.27,7
10901,19886,3175,198.63,9
10902,19887,3175,381.33,12
10903,19888,3175,190.35,3
10904,19894,3176,262.98,2
10905,19895,3177,228.76,2
10906,19896,3177,204.53,9
10907,19897,3177,456.14,7
10908,19898,3177,332.26,1
10909,19899,3177,176.83,10
10910,19902,3178,348.47,8
10911,19905,3178,410.67,11
10912,19906,3178,362.48,5
10913,19909,3179,421.94,9
10914,19911,3179,370.69,12
10915,19913,3179,390.81,8
10916,19919,3180,311.53,2
10917,19920,3180,455.63,7
10918,19922,3180,393.25,4
10919,19923,3180,345.23,10
10920,19924,3180,243.95,5
10921,19927,3180,414.97,4
10922,19928,3180,427.27,12
10923,19932,3181,513.25,8
10924,19934,3181,315.43,11
10925,19935,3181,356.41,8
10926,19939,3182,354.83,4
10927,19941,3182,144.75,8
10928,19943,3183,397.67,12
10929,19944,3183,363.28,9
10930,19945,3183,280.66,9
10931,19946,3183,246.75,12
10932,19948,3183,217.53,9
10933,19950,3184,377.31,2
10934,19955,3185,258.99,9
10935,19957,3185,367.03,10
10936,19959,3185,313.43,4
10937,19961,3185,345.52,5
10938,19962,3186,438.9,12
10939,19963,3186,367.69,1
10940,19964,3187,359.43,11
10941,19966,3187,272.01,8
10942,19968,3187,365.72,5
10943,19969,3187,317.82,3
10944,19971,3188,203.13,12
10945,19973,3189,306.05,6
10946,19974,3189,429.91,6
10947,19976,3189,240.5,5
10948,19977,3189,351.6,4
10949,19978,3189,310.74,8
10950,19984,3189,321.83,5
10951,19985,3189,302.27,8
10952,19986,3189,344.93,5
10953,19987,3190,228.75,6
10954,19988,3190,370.39,5
10955,19989,3190,280.61,1
10956,19990,3190,336.41,7
10957,19991,3190,341.4,9
10958,19992,3190,343.66,6
10959,19993,3190,299.38,1
10960,19996,3190,207.36,7
10961,19999,3191,270.96,11
10962,20000,3191,288.02,5
10963,20003,3191,164.84,4
10964,20004,3191,271.85,9
10965,20005,3191,419.62,1
10966,20006,3191,227.14,10
10967,20007,3192,388.59,2
10968,20012,3193,270.75,3
10969,20013,3193,267.4,12
10970,20015,3193,302.85,12
10971,20016,3193,348.12,3
10972,20018,3194,280.73,9
10973,20019,3194,272.78,11
10974,20020,3194,444.33,1
10975,20023,3194,331.27,5
10976,20024,3194,193.93,9
10977,20028,3195,130.34,9
10978,20029,3195,449.96,1
10979,20030,3195,403.13,5
10980,20031,3196,336.11,5
10981,20035,3196,333.03,2
10982,20036,3196,319.08,6
10983,20038,3196,328.74,12
10984,20039,3196,339.05,1
10985,20041,3196,413.92,8
10986,20042,3196,405.2,4
10987,20043,3196,337.71,2
10988,20044,3197,339.39,10
10989,20045,3197,395.7,4
10990,20047,3197,372.58,11
10991,20048,3197,312.24,9
10992,20050,3197,67.63,5
10993,20054,3198,382.41,7
10994,20057,3198,420.4,8
10995,20058,3199,296.45,3
10996,20059,3199,220.02,5
10997,20060,3199,404.3,9
10998,20061,3200,405.72,9
10999,20063,3200,243.0,10
11000,20067,3200,362.75,3
11001,20068,3200,278.99,10
11002,20069,3200,350.94,11
11003,20071,3201,445.58,2
11004,20072,3201,362.47,8
11005,20073,3201,263.9,9
11006,20076,3201,271.51,9
11007,20078,3201,498.25,6
11008,20082,3202,435.02,6
11009,20083,3202,280.76,11
11010,20084,3202,310.61,2
11011,20086,3203,289.13,2
11012,20087,3203,336.96,1
11013,20090,3203,391.24,8
11014,20091,3203,366.66,4
11015,20092,3203,383.25,2
11016,20093,3203,256.62,4
11017,20094,3203,330.67,11
11018,20095,3204,396.41,11
11019,20096,3204,456.64,8
11020,20098,3205,127.09,9
11021,20099,3205,361.81,3
11022,20100,3205,429.61,4
11023,20102,3206,139.11,4
11024,20103,3206,442.96,9
11025,20106,3206,518.83,3
11026,20107,3206,336.57,9
11027,20108,3206,368.73,2
11028,20109,3207,232.76,2
11029,20110,3207,504.25,7
11030,20111,3207,345.49,8
11031,20112,3207,89.73,2
11032,20114,3207,406.96,1
11033,20117,3207,238.39,9
11034,20119,3208,274.63,5
11035,20120,3208,346.04,7
11036,20121,3208,322.32,4
11037,20122,3208,349.93,7
11038,20123,3208,360.22,11
11039,20125,3209,441.11,12
11040,20130,3209,198.25,9
11041,20131,3209,368.24,7
11042,20132,3209,335.01,1
11043,20133,3209,299.64,7
11044,20136,3210,206.73,4
11045,20138,3210,355.69,8
11046,20140,3210,234.29,8
11047,20141,3210,168.14,9
11048,20143,3211,302.57,1
11049,20144,3211,373.34,7
11050,20145,3211,255.09,9
11051,20146,3211,153.07,6
11052,20147,3211,317.7,9
11053,20148,3211,427.94,4
11054,20149,3212,255.06,9
11055,20151,3212,196.88,1
11056,20153,3213,175.86,6
11057,20154,3213,255.83,2
11058,20157,3214,322.32,2
11059,20161,3214,277.63,11
11060,20168,3215,342.8,9
11061,20169,3215,329.69,1
11062,20170,3215,409.88,2
11063,20172,3215,307.69,11
11064,20177,3216,375.72,7
11065,20179,3216,323.7,7
11066,20181,3217,336.3,7
11067,20182,3217,335.36,6
11068,20184,3217,227.78,1
11069,20186,3217,312.39,7
11070,20187,3217,263.11,4
11071,20188,3218,244.97,10
11072,20189,3218,355.57,4
11073,20190,3218,364.32,1
11074,20191,3218,263.26,5
11075,20192,3218,382.71,9
11076,20194,3218,279.67,5
11077,20196,3218,400.59,9
11078,20198,3218,517.04,5
11079,20201,3220,363.07,1
11080,20204,3220,310.14,1
11081,20206,3221,258.16,4
11082,20208,3221,338.25,10
11083,20212,3223,232.0,9
11084,20213,3223,298.6,3
11085,20214,3223,239.38,6
11086,20215,3223,395.66,12
11087,20218,3224,272.28,1
11088,20221,3224,317.13,4
11089,20225,3225,165.03,4
11090,20226,3225,289.19,4
11091,20227,3225,286.73,3
11092,20228,3225,237.35,11
11093,20229,3226,293.54,5
11094,20233,3226,96.0,6
11095,20234,3226,216.18,6
11096,20235,3226,169.59,6
11097,20237,3226,388.45,1
11098,20238,3226,317.59,2
11099,20239,3226,88.43,1
11100,20241,3227,409.28,6
11101,20244,3228,358.34,8
11102,20250,3229,310.33,1
11103,20252,3229,350.68,12
11104,20253,3230,308.34,5
11105,20254,3230,288.14,3
11106,20255,3230,327.39,1
11107,20256,3230,325.2,10
11108,20258,3230,246.51,5
11109,20260,3231,386.94,2
11110,20261,3231,248.49,2
11111,20264,3233,292.71,7
11112,20266,3233,396.35,1
11113,20269,3234,417.63,11
11114,20270,3234,404.94,7
11115,20271,3234,167.54,7
11116,20272,3234,303.11,4
11117,20274,3235,215.61,7
11118,20276,3235,225.85,3
11119,20277,3235,262.39,12
11120,20279,3236,293.92,5
11121,20282,3236,269.95,5
11122,20284,3236,82.27,4
11123,20285,3236,343.05,11
11124,20286,3237,311.65,8
11125,20288,3237,430.9,5
11126,20289,3237,312.03,4
11127,20290,3237,149.94,7
11128,20292,3237,197.39,6
11129,20294,3237,167.01,12
11130,20295,3237,295.71,3
11131,20297,3238,462.64,3
11132,20298,3238,364.93,11
11133,20299,3238,332.64,3
11134,20300,3238,221.22,4
11135,20304,3238,358.5,7
11136,20305,3238,293.77,6
11137,20306,3238,343.9,10
11138,20311,3240,366.19,1
11139,20312,3240,277.88,1
11140,20315,3240,345.39,12
11141,20316,3241,486.19,1
11142,20317,3241,433.51,3
11143,20320,3241,401.79,4
11144,20321,3241,534.27,10
11145,20323,3241,496.19,6
11146,20325,3242,456.93,3
11147,20326,3242,226.11,8
11148,20327,3242,213.14,3
11149,20329,3242,206.03,7
11150,20331,3243,396.94,6
11151,20332,3243,387.91,3
11152,20333,3243,360.97,11
11153,20338,3244,224.41,5
11154,20341,3245,406.84,7
11155,20342,3245,293.32,1
11156,20344,3245,300.85,11
11157,20345,3245,384.42,10
11158,20349,3245,305.18,2
11159,20350,3245,311.69,12
11160,20351,3246,192.11,9
11161,20352,3246,183.64,5
11162,20353,3246,412.2,9
11163,20355,3248,348.99,12
11164,20357,3249,237.13,2
11165,20358,3249,351.33,11
11166,20360,3249,322.37,12
11167,20361,3249,210.04,8
11168,20362,3249,310.13,7
11169,20365,3250,344.31,7
11170,20366,3250,168.48,2
11171,20369,3251,400.03,8
11172,20371,3252,338.86,2
11173,20372,3252,473.22,8
11174,20374,3253,434.36,1
11175,20375,3253,465.19,8
11176,20376,3253,256.59,9
11177,20378,3253,373.28,7
11178,20379,3253,326.57,8
11179,20385,3254,459.12,9
11180,20387,3254,443.26,2
11181,20388,3254,471.5,4
11182,20389,3254,298.28,2
11183,20390,3254,209.42,12
11184,20393,3255,239.1,10
11185,20394,3255,357.5,11
11186,20395,3255,210.15,9
11187,20396,3256,338.93,11
11188,20397,3256,301.78,11
11189,20398,3256,114.68,10
11190,20401,3257,343.28,10
11191,20404,3259,381.2,3
11192,20405,3259,428.43,7
11193,20409,3259,270.96,4
11194,20410,3259,225.34,6
11195,20413,3259,284.91,4
11196,20414,3259,211.47,11
11197,20417,3261,369.34,4
11198,20418,3262,329.96,4
11199,20420,3262,212.19,8
11200,20422,3263,281.91,5
11201,20423,3263,460.49,6
11202,20424,3263,314.46,10
11203,20427,3264,254.74,10
11204,20429,3264,272.57,9
11205,20430,3264,335.74,12
11206,20431,3264,483.99,8
11207,20432,3264,225.49,4
11208,20434,3265,448.56,5
11209,20439,3265,292.22,10
11210,20440,3265,435.81,3
11211,20446,3266,215.99,9
11212,20448,3266,459.67,7
11213,20449,3266,480.27,1
11214,20450,3266,487.81,12
11215,20452,3267,319.65,2
11216,20453,3267,320.26,3
11217,20455,3268,253.51,9
11218,20456,3268,232.13,11
11219,20460,3269,400.97,9
11220,20463,3270,321.42,2
11221,20468,3270,363.23,9
11222,20471,3271,358.26,6
11223,20472,3272,203.61,10
11224,20474,3272,210.48,3
11225,20477,3272,390.75,6
11226,20479,3273,358.85,3
11227,20484,3274,309.26,8
11228,20485,3274,355.91,11
11229,20486,3274,450.47,9
11230,20490,3275,403.11,7
11231,20491,3275,343.69,10
11232,20494,3276,360.28,4
11233,20497,3276,452.68,8
11234,20498,3276,282.98,1
11235,20499,3276,340.73,11
11236,20500,3276,317.85,6
11237,20502,3276,262.82,1
11238,20506,3278,301.94,5
11239,20507,3278,228.45,4
11240,20508,3278,415.63,6
11241,20510,3278,280.75,8
11242,20511,3278,339.06,5
11243,20512,3278,414.17,5
11244,20515,3279,444.21,9
11245,20516,3280,325.34,7
11246,20517,3280,311.44,6
11247,20519,3280,383.44,1
11248,20523,3280,357.12,12
11249,20524,3280,216.95,1
11250,20525,3280,468.21,1
11251,20527,3280,341.41,9
11252,20529,3281,393.54,2
11253,20531,3282,351.92,5
11254,20534,3282,366.22,6
11255,20535,3282,305.17,12
11256,20538,3282,382.71,10
11257,20541,3283,381.0,5
11258,20543,3283,396.74,3
11259,20544,3283,196.86,9
11260,20545,3283,210.4,6
11261,20546,3283,331.07,6
11262,20547,3284,283.96,5
11263,20549,3284,431.37,7
11264,20552,3284,241.19,7
11265,20554,3284,400.3,12
11266,20559,3285,169.87,10
11267,20561,3285,183.36,2
11268,20562,3285,317.92,9
11269,20565,3285,351.82,1
11270,20566,3285,378.02,2
11271,20567,3285,407.84,1
11272,20569,3286,348.86,6
11273,20570,3286,312.36,3
11274,20571,3286,248.4,9
11275,20572,3287,160.64,10
11276,20574,3287,381.71,6
11277,20575,3287,240.56,7
11278,20577,3287,332.98,2
11279,20578,3287,398.06,1
11280,20579,3288,591.1,10
11281,20580,3288,313.26,10
11282,20581,3288,219.96,5
11283,20586,3288,333.79,8
11284,20589,3289,156.24,8
11285,20590,3290,305.07,1
11286,20591,3290,321.93,6
11287,20592,3290,333.91,7
11288,20593,3290,428.76,1
11289,20594,3290,384.39,5
11290,20597,3290,257.72,12
11291,20599,3290,441.18,3
11292,20600,3291,434.92,12
11293,20602,3291,243.91,7
11294,20603,3291,172.02,2
11295,20604,3291,121.4,12
11296,20606,3293,375.14,5
11297,20607,3293,411.84,1
11298,20609,3293,283.61,8
11299,20610,3294,317.97,2
11300,20614,3295,369.44,8
11301,20617,3295,347.49,11
11302,20618,3295,353.46,8
11303,20619,3296,510.27,11
11304,20620,3296,305.69,7
11305,20621,3296,336.76,5
11306,20623,3297,269.01,2
11307,20624,3297,418.77,9
11308,20627,3297,457.44,8
11309,20629,3297,341.33,5
11310,20631,3297,355.02,9
11311,20632,3297,444.24,3
11312,20637,3297,284.83,7
11313,20638,3298,348.24,1
11314,20642,3299,174.98,5
11315,20644,3300,332.18,9
11316,20645,3300,301.54,6
11317,20646,3300,428.18,11
11318,20647,3300,304.64,7
11319,20648,3300,291.69,12
11320,20649,3300,464.63,1
11321,20651,3301,302.05,11
11322,20653,3301,377.76,2
11323,20654,3301,447.92,8
11324,20655,3301,267.57,11
11325,20657,3301,397.78,4
11326,20658,3301,253.23,5
11327,20659,3302,378.53,9
11328,20660,3302,398.0,1
11329,20662,3302,270.53,4
11330,20663,3302,115.85,12
11331,20665,3302,224.84,9
11332,20666,3302,333.99,5
11333,20668,3303,224.08,2
11334,20672,3304,282.99,2
11335,20675,3304,366.01,11
11336,20676,3304,294.35,12
11337,20678,3305,327.27,11
11338,20679,3305,260.15,12
11339,20681,3306,489.36,11
11340,20682,3306,255.03,8
11341,20683,3306,315.63,3
11342,20684,3306,368.64,11
11343,20685,3306,225.92,3
11344,20686,3306,321.34,6
11345,20687,3307,301.19,7
11346,20688,3307,389.49,9
11347,20690,3307,323.43,3
11348,20691,3308,267.34,7
11349,20695,3308,346.71,8
11350,20697,3308,421.22,10
11351,20698,3309,293.16,10
11352,20699,3309,325.53,3
11353,20702,3309,312.85,7
11354,20703,3309,355.75,1
11355,20705,3310,251.72,12
11356,20706,3310,487.8,6
11357,20708,3310,442.92,6
11358,20712,3311,289.35,2
11359,20714,3311,510.39,1
11360,20716,3312,101.2,9
11361,20718,3312,398.11,10
11362,20723,3312,652.51,4
11363,20726,3312,297.94,2
11364,20729,3313,399.92,1
11365,20731,3313,400.12,9
11366,20733,3313,300.31,5
11367,20734,3314,370.94,10
11368,20735,3314,473.5,5
11369,20736,3314,242.93,6
11370,20737,3314,366.76,6
11371,20738,3314,407.26,6
11372,20740,3314,259.75,9
11373,20741,3314,331.63,12
11374,20742,3314,367.3,12
11375,20743,3314,259.12,3
11376,20746,3316,455.1,11
11377,20747,3316,347.69,7
11378,20753,3317,259.74,4
11379,20755,3317,220.85,4
11380,20760,3318,298.92,4
11381,20762,3319,295.39,7
11382,20764,3319,359.31,2
11383,20766,3319,216.34,3
11384,20768,3319,266.0,1
11385,20770,3319,459.72,8
11386,20772,3320,184.31,3
11387,20773,3320,268.77,7
11388,20774,3320,213.58,7
11389,20776,3320,342.26,10
11390,20779,3320,386.93,12
11391,20783,3321,643.49,9
11392,20787,3321,410.22,8
11393,20788,3321,212.97,4
11394,20791,3321,372.55,5
11395,20793,3322,312.21,5
11396,20794,3322,279.61,9
11397,20795,3322,322.1,9
11398,20796,3322,400.52,7
11399,20799,3322,395.18,11
11400,20800,3322,198.56,7
11401,20803,3322,323.95,5
11402,20804,3322,230.39,1
11403,20805,3323,334.6,4
11404,20806,3323,280.42,7
11405,20807,3323,393.79,10
11406,20808,3323,295.33,4
11407,20809,3323,257.03,8
11408,20810,3324,325.41,11
11409,20811,3324,318.24,3
11410,20817,3324,305.74,8
11411,20820,3324,279.85,11
11412,20821,3325,98.43,2
11413,20824,3325,494.95,2
11414,20826,3325,199.12,10
11415,20829,3326,341.69,4
11416,20830,3326,353.96,3
11417,20832,3326,516.03,2
11418,20837,3326,528.17,3
11419,20838,3326,356.68,7
11420,20840,3326,227.78,12
11421,20841,3326,230.57,3
11422,20842,3326,264.02,4
11423,20843,3326,317.39,3
11424,20844,3326,278.18,8
11425,20845,3326,232.72,7
11426,20847,3327,328.01,1
11427,20853,3328,244.19,3
11428,20854,3328,444.48,5
11429,20856,3328,244.93,8
11430,20858,3328,258.41,10
11431,20859,3328,330.11,8
11432,20860,3328,202.43,6
11433,20862,3328,286.59,8
11434,20863,3328,184.7,7
11435,20865,3329,314.63,10
11436,20866,3330,245.46,5
11437,20868,3330,275.48,11
11438,20872,3331,332.51,1
11439,20875,3331,283.9,7
11440,20876,3331,386.03,10
11441,20878,3331,230.97,3
11442,20881,3332,277.47,3
11443,20883,3332,290.76,7
11444,20884,3332,392.7,9
11445,20888,3333,415.0,9
11446,20889,3333,232.48,12
11447,20891,3333,283.68,8
11448,20892,3333,145.92,1
11449,20893,3333,319.92,10
11450,20897,3334,324.07,7
11451,20898,3334,447.49,5
11452,20901,3334,304.28,11
11453,20904,3336,309.08,7
11454,20905,3336,279.85,4
11455,20906,3336,367.59,10
11456,20909,3337,343.14,4
11457,20910,3338,358.71,2
11458,20911,3338,512.72,4
11459,20913,3339,186.04,7
11460,20914,3339,73.71,3
11461,20915,3340,384.13,7
11462,20916,3340,315.81,8
11463,20922,3342,268.39,12
11464,20926,3342,411.13,10
11465,20927,3343,335.32,2
11466,20929,3343,283.4,4
11467,20930,3344,400.39,12
11468,20933,3344,387.65,12
11469,20934,3344,378.6,9
11470,20938,3345,205.49,2
11471,20939,3345,246.01,2
11472,20941,3345,346.48,1
11473,20943,3345,362.5,7
11474,20944,3346,446.38,7
11475,20945,3347,268.22,12
11476,20946,3347,319.73,9
11477,20947,3347,425.4,12
11478,20948,3347,307.49,4
11479,20950,3347,334.9,1
11480,20951,3347,316.03,3
11481,20952,3347,371.28,9
11482,20958,3348,365.46,1
11483,20959,3348,175.39,1
11484,20965,3348,378.16,5
11485,20968,3348,470.93,11
11486,20971,3349,195.18,8
11487,20974,3350,350.6,12
11488,20977,3350,371.99,10
11489,20979,3351,201.18,8
11490,20980,3352,251.39,5
11491,20982,3352,258.65,6
11492,20984,3352,339.56,7
11493,20985,3352,197.21,3
11494,20987,3353,258.25,6
11495,20988,3353,352.72,9
11496,20990,3353,397.52,9
11497,20993,3353,322.78,8
11498,20994,3354,225.38,7
11499,20996,3354,295.4,1
11500,20997,3354,338.24,1
11501,20998,3355,457.0,11
11502,21000,3355,358.24,11
11503,21001,3355,507.75,9
11504,21002,3355,394.47,2
11505,21005,3355,429.35,9
11506,21007,3355,261.37,12
11507,21009,3356,388.49,10
11508,21010,3357,336.18,12
11509,21011,3357,540.43,10
11510,21012,3357,288.75,1
11511,21013,3357,480.26,5
11512,21015,3358,474.59,7
11513,21016,3358,268.36,1
11514,21019,3358,348.02,11
11515,21020,3358,191.11,10
11516,21022,3359,483.14,4
11517,21024,3359,126.72,3
11518,21025,3359,174.91,7
11519,21027,3359,306.1,3
11520,21028,3360,235.33,1
11521,21030,3360,230.2,7
11522,21032,3362,289.32,4
11523,21034,3362,406.17,5
11524,21036,3363,409.78,1
11525,21038,3363,361.3,12
11526,21039,3364,364.86,9
11527,21040,3364,323.5,6
11528,21042,3364,413.32,7
11529,21044,3364,331.16,11
11530,21047,3365,249.38,12
11531,21048,3365,295.46,2
11532,21049,3365,341.69,12
11533,21051,3366,397.15,1
11534,21052,3366,349.6,7
11535,21053,3366,209.56,12
11536,21055,3367,396.0,11
11537,21057,3368,286.93,4
11538,21058,3368,367.19,4
11539,21060,3368,178.31,12
11540,21061,3368,372.05,8
11541,21062,3368,407.31,10
11542,21063,3368,273.97,11
11543,21064,3369,356.27,3
11544,21065,3369,337.91,7
11545,21066,3369,256.36,8
11546,21067,3369,405.79,4
11547,21071,3370,300.94,8
11548,21074,3370,284.84,6
11549,21076,3371,373.94,5
11550,21077,3371,338.34,10
11551,21084,3372,380.6,2
11552,21086,3372,334.06,1
11553,21089,3372,357.48,8
11554,21090,3373,314.0,2
11555,21093,3373,260.46,8
11556,21098,3373,255.73,6
11557,21099,3373,259.95,1
11558,21101,3373,273.82,12
11559,21102,3374,596.8,10
11560,21103,3374,369.42,4
11561,21104,3374,255.94,1
11562,21105,3374,411.6,4
11563,21106,3375,489.2,11
11564,21110,3376,273.4,12
11565,21113,3376,278.79,5
11566,21116,3376,158.19,6
11567,21117,3376,294.76,11
11568,21119,3376,392.19,5
11569,21122,3376,289.74,11
11570,21124,3376,226.75,10
11571,21125,3376,186.07,8
11572,21126,3377,348.0,9
11573,21127,3377,263.92,4
11574,21128,3378,502.45,11
11575,21132,3378,324.8,2
11576,21133,3378,249.98,4
11577,21134,3378,399.33,12
11578,21136,3378,503.66,3
11579,21137,3378,482.62,5
11580,21138,3379,237.22,9
11581,21139,3379,206.15,11
11582,21140,3379,203.49,5
11583,21141,3379,382.93,8
11584,21144,3379,293.75,4
11585,21145,3379,258.34,2
11586,21146,3379,394.24,11
11587,21147,3379,240.82,8
11588,21148,3380,411.46,1
11589,21149,3380,229.65,8
11590,21150,3380,288.72,10
11591,21151,3381,444.84,5
11592,21152,3381,331.22,2
11593,21153,3381,227.08,1
11594,21154,3381,456.34,5
11595,21155,3381,422.14,7
11596,21157,3382,449.48,11
11597,21158,3383,166.23,4
11598,21159,3383,346.94,7
11599,21160,3383,256.67,10
11600,21161,3383,265.52,8
11601,21162,3383,377.83,3
11602,21163,3383,162.49,11
11603,21164,3383,334.25,6
11604,21166,3384,457.99,1
11605,21167,3384,333.06,10
11606,21168,3384,418.43,1
11607,21171,3385,330.84,5
11608,21172,3385,243.27,1
11609,21173,3385,493.69,5
11610,21174,3385,302.7,12
11611,21177,3386,206.64,11
11612,21180,3386,195.13,1
11613,21183,3387,303.28,1
11614,21184,3387,398.67,7
11615,21185,3387,319.02,6
11616,21186,3388,185.24,12
11617,21188,3389,327.53,5
11618,21191,3389,418.18,10
11619,21192,3389,308.53,7
11620,21194,3390,451.1,3
11621,21195,3390,244.76,5
11622,21198,3391,400.79,12
11623,21199,3391,363.57,11
11624,21200,3391,367.54,11
11625,21201,3391,360.08,6
11626,21202,3392,290.4,1
11627,21203,3393,347.02,2
11628,21204,3393,281.58,7
11629,21205,3393,344.68,2
11630,21208,3393,346.28,1
11631,21209,3393,299.02,9
11632,21211,3394,307.19,4
11633,21214,3395,191.43,1
11634,21215,3395,324.71,8
11635,21216,3395,373.17,4
11636,21218,3395,341.74,6
11637,21221,3395,332.85,5
11638,21225,3395,190.74,3
11639,21228,3396,354.41,1
11640,21229,3396,209.33,12
11641,21230,3396,252.38,9
11642,21232,3398,216.18,5
11643,21233,3398,227.24,8
11644,21234,3398,332.84,9
11645,21237,3399,198.16,11
11646,21239,3400,209.09,11
11647,21241,3400,462.4,8
11648,21244,3400,487.99,9
11649,21245,3401,409.53,11
11650,21246,3401,293.06,12
11651,21247,3401,422.59,11
11652,21248,3401,368.13,8
11653,21249,3402,144.64,1
11654,21253,3402,424.4,9
11655,21254,3402,207.37,4
11656,21256,3403,273.82,10
11657,21260,3403,347.23,9
11658,21261,3403,346.48,7
11659,21263,3403,354.5,9
11660,21264,3404,427.75,10
11661,21269,3404,344.34,10
11662,21271,3404,334.24,1
11663,21272,3404,458.01,10
11664,21273,3405,312.84,4
11665,21274,3405,309.61,10
11666,21275,3405,360.34,10
11667,21276,3405,500.03,1
11668,21279,3407,258.06,10
11669,21280,3407,165.54,10
11670,21281,3407,319.09,8
11671,21283,3407,445.73,4
11672,21286,3407,372.63,9
11673,21288,3408,273.66,6
11674,21290,3409,320.6,8
11675,21291,3409,231.52,8
11676,21292,3409,159.57,11
11677,21295,3410,294.41,10
11678,21296,3410,230.4,6
11679,21297,3410,291.83,12
11680,21299,3410,186.1,1
11681,21300,3410,474.98,8
11682,21303,3410,405.33,6
11683,21304,3410,272.05,6
11684,21307,3411,324.16,12
11685,21309,3411,415.56,1
11686,21311,3411,347.69,6
11687,21315,3412,288.75,9
11688,21317,3412,362.42,4
11689,21319,3412,296.29,12
11690,21320,3412,307.09,4
11691,21321,3412,477.27,2
11692,21322,3412,358.46,3
11693,21323,3413,312.92,2
11694,21325,3413,230.41,7
11695,21326,3413,368.7,7
11696,21327,3413,413.24,3
11697,21329,3413,423.87,3
11698,21330,3413,550.86,4
11699,21333,3414,231.78,2
11700,21335,3414,139.77,12
11701,21337,3415,409.88,11
11702,21339,3415,212.04,2
11703,21340,3415,215.84,7
11704,21342,3415,370.14,8
11705,21343,3415,348.21,4
11706,21344,3416,262.35,2
11707,21346,3416,246.02,4
11708,21347,3416,322.88,12
11709,21348,3417,276.82,9
11710,21350,3417,331.14,7
11711,21352,3417,230.04,7
11712,21353,3418,240.95,4
11713,21355,3418,180.78,2
11714,21356,3418,352.96,5
11715,21358,3419,261.71,4
11716,21360,3419,385.58,5
11717,21363,3419,121.89,12
11718,21365,3420,195.25,3
11719,21366,3420,304.3,10
11720,21369,3420,259.06,12
11721,21370,3420,222.73,1
11722,21373,3420,294.78,1
11723,21375,3422,294.24,2
11724,21376,3422,398.36,9
11725,21377,3422,343.94,10
11726,21378,3423,421.36,1
11727,21379,3424,458.16,7
11728,21380,3424,262.95,11
11729,21382,3424,419.21,7
11730,21384,3425,398.66,7
11731,21386,3426,316.29,7
11732,21390,3426,367.29,7
11733,21391,3426,337.37,1
11734,21392,3426,314.76,8
11735,21393,3426,343.29,5
11736,21395,3426,349.36,3
11737,21397,3427,411.88,10
11738,21399,3427,226.08,7
11739,21400,3427,388.59,5
11740,21401,3427,216.38,12
11741,21402,3427,312.45,1
11742,21403,3427,343.51,1
11743,21404,3427,93.92,7
11744,21406,3428,293.77,9
11745,21408,3429,360.11,2
11746,21411,3429,310.16,8
11747,21415,3430,237.41,6
11748,21416,3430,385.23,1
11749,21417,3430,248.77,8
11750,21418,3430,338.71,9
11751,21420,3431,310.06,12
11752,21421,3431,312.32,5
11753,21423,3431,335.2,10
11754,21424,3431,264.26,6
11755,21428,3433,401.56,8
11756,21429,3433,246.89,11
11757,21431,3433,395.4,4
11758,21432,3433,286.58,4
11759,21434,3434,141.04,8
11760,21436,3435,249.67,8
11761,21437,3435,437.78,11
11762,21439,3435,424.2,6
11763,21441,3435,144.11,5
11764,21444,3435,253.4,6
11765,21445,3436,145.21,12
11766,21448,3437,329.0,7
11767,21449,3437,259.01,11
11768,21451,3438,351.91,7
11769,21456,3439,380.68,11
11770,21457,3440,456.1,3
11771,21458,3440,475.23,7
11772,21460,3440,493.1,1
11773,21464,3442,403.65,5
11774,21465,3442,306.76,5
11775,21466,3442,156.26,4
11776,21467,3442,248.53,9
11777,21468,3442,197.84,3
11778,21473,3443,361.34,7
11779,21476,3443,507.55,12
11780,21477,3443,239.61,1
11781,21481,3444,186.5,5
11782,21482,3444,227.39,9
11783,21483,3444,478.79,11
11784,21485,3445,433.56,1
11785,21487,3445,416.25,9
11786,21489,3446,198.88,9
11787,21492,3446,403.22,2
11788,21493,3446,325.03,12
11789,21495,3446,397.12,9
11790,21496,3446,224.25,1
11791,21498,3447,317.75,12
11792,21499,3447,267.04,1
11793,21501,3447,382.11,3
11794,21504,3447,518.21,2
11795,21505,3447,202.81,2
11796,21509,3448,301.04,6
11797,21511,3448,413.42,6
11798,21512,3448,283.1,11
11799,21516,3448,245.92,1
11800,21517,3449,328.65,9
11801,21521,3450,283.75,12
11802,21523,3450,477.61,9
11803,21529,3452,348.77,4
11804,21531,3452,365.02,3
11805,21534,3452,242.13,1
11806,21535,3452,332.33,7
11807,21537,3453,314.13,5
11808,21538,3454,381.77,4
11809,21539,3454,379.84,7
11810,21540,3454,269.37,12
11811,21542,3454,331.61,1
11812,21544,3454,407.65,2
11813,21545,3454,264.21,1
11814,21546,3454,491.48,10
11815,21549,3455,214.44,8
11816,21551,3455,296.85,8
11817,21555,3455,239.16,6
11818,21556,3455,365.86,8
11819,21557,3455,321.04,3
11820,21558,3455,198.95,12
11821,21560,3455,507.48,7
11822,21562,3456,267.51,11
11823,21565,3456,142.32,11
11824,21566,3456,341.33,10
11825,21570,3456,331.39,4
11826,21571,3456,263.3,4
11827,21572,3456,244.49,3
11828,21573,3456,318.0,5
11829,21574,3457,225.28,7
11830,21575,3457,396.92,6
11831,21576,3458,389.5,8
11832,21578,3458,326.44,2
11833,21579,3458,215.86,6
11834,21580,3458,218.74,5
11835,21583,3459,352.32,4
11836,21584,3459,357.97,11
11837,21586,3460,322.11,7
11838,21587,3460,367.67,11
11839,21589,3460,367.66,2
11840,21590,3460,321.92,2
11841,21591,3460,327.21,1
11842,21593,3460,173.59,7
11843,21595,3461,322.93,7
11844,21597,3462,305.88,4
11845,21598,3462,247.07,4
11846,21599,3462,372.99,12
11847,21600,3462,314.3,8
11848,21603,3462,346.28,3
11849,21607,3462,141.75,11
11850,21608,3462,304.06,7
11851,21609,3463,377.84,10
11852,21610,3464,285.76,10
11853,21612,3464,304.25,5
11854,21613,3464,341.26,8
11855,21614,3464,319.25,12
11856,21617,3464,438.22,6
11857,21619,3464,368.27,7
11858,21621,3464,361.84,4
11859,21623,3464,349.1,4
11860,21625,3464,432.37,10
11861,21627,3465,359.12,8
11862,21630,3465,222.09,4
11863,21631,3465,413.33,7
11864,21633,3466,250.59,5
11865,21635,3466,371.58,7
11866,21636,3466,215.84,7
11867,21637,3467,170.46,3
11868,21639,3467,295.4,8
11869,21641,3467,469.82,6
11870,21642,3468,230.12,11
11871,21644,3468,221.91,3
11872,21646,3468,255.96,4
11873,21647,3468,145.8,12
11874,21649,3468,439.23,5
11875,21654,3469,488.65,8
11876,21658,3470,304.44,2
11877,21660,3470,251.51,10
11878,21662,3471,276.91,10
11879,21667,3472,228.76,8
11880,21668,3472,328.92,7
11881,21673,3473,399.74,12
11882,21675,3473,473.72,10
11883,21676,3473,250.03,11
11884,21677,3473,239.41,10
11885,21678,3473,373.95,9
11886,21679,3473,296.14,1
11887,21681,3474,314.24,5
11888,21682,3475,294.38,1
11889,21683,3475,344.76,5
11890,21684,3475,366.3,2
11891,21687,3476,319.26,7
11892,21688,3476,255.34,5
11893,21689,3476,413.49,2
11894,21690,3476,306.0,2
11895,21691,3476,448.09,1
11896,21693,3476,225.82,3
11897,21696,3476,275.5,2
11898,21697,3476,194.54,4
11899,21700,3476,383.78,10
11900,21703,3477,357.43,1
11901,21704,3478,370.0,4
11902,21705,3478,287.1,9
11903,21706,3478,389.66,5
11904,21708,3478,370.01,4
11905,21709,3478,271.1,9
11906,21710,3478,492.43,6
11907,21711,3478,322.92,5
11908,21719,3480,337.76,11
11909,21721,3480,399.47,3
11910,21722,3480,251.93,1
11911,21723,3481,318.85,12
11912,21724,3481,258.35,5
11913,21725,3481,210.24,7
11914,21727,3481,368.53,8
11915,21729,3481,84.92,10
11916,21731,3481,181.74,11
11917,21732,3482,387.64,3
11918,21735,3482,183.37,4
11919,21736,3482,265.63,5
11920,21738,3482,343.34,6
11921,21743,3484,365.44,10
11922,21744,3484,365.97,10
11923,21746,3484,380.91,11
11924,21747,3484,224.33,5
11925,21750,3484,365.72,12
11926,21756,3485,277.42,4
11927,21757,3485,79.02,8
11928,21758,3485,467.8,3
11929,21760,3485,279.8,10
11930,21762,3485,320.07,2
11931,21766,3486,247.45,3
11932,21767,3486,367.15,2
11933,21770,3486,282.4,4
11934,21771,3486,251.4,9
11935,21773,3486,546.84,3
11936,21774,3486,65.86,2
11937,21775,3486,272.31,6
11938,21777,3487,337.25,5
11939,21780,3487,212.03,2
11940,21781,3488,251.75,12
11941,21784,3488,341.58,10
11942,21785,3488,90.85,6
11943,21786,3489,452.68,1
11944,21787,3489,336.17,4
11945,21789,3489,332.89,9
11946,21792,3490,317.46,8
11947,21794,3490,266.38,4
11948,21795,3490,291.99,11
11949,21797,3490,329.15,8
11950,21798,3491,269.59,1
11951,21799,3491,285.18,1
11952,21800,3491,356.75,9
11953,21801,3491,191.25,8
11954,21802,3492,370.33,4
11955,21804,3492,531.69,1
11956,21805,3492,501.29,6
11957,21807,3492,346.53,6
11958,21809,3492,207.56,7
11959,21811,3493,444.48,9
11960,21812,3493,302.86,8
11961,21813,3493,448.04,2
11962,21815,3493,251.28,2
11963,21816,3493,267.12,4
11964,21820,3494,363.32,3
11965,21823,3494,258.2,5
11966,21824,3494,488.95,2
11967,21825,3495,370.73,7
11968,21827,3496,479.6,9
11969,21828,3496,217.79,1
11970,21830,3497,241.44,9
11971,21833,3497,565.17,6
11972,21834,3497,175.33,12
11973,21835,3498,442.34,6
11974,21837,3498,338.02,12
11975,21838,3498,281.78,2
11976,21843,3498,409.61,7
11977,21844,3498,466.42,12
11978,21849,3499,326.46,1
11979,21850,3499,345.54,8
11980,21852,3499,335.05,10
11981,21853,3499,313.32,5
11982,21854,3500,170.0,9
11983,21856,3500,241.68,6
11984,21857,3500,431.97,6
11985,21859,3500,272.89,11
11986,21862,3502,227.17,6
11987,21864,3502,288.04,3
11988,21872,3503,297.77,5
11989,21873,3503,191.21,3
11990,21874,3503,305.2,9
11991,21875,3503,328.35,8
11992,21876,3503,255.33,2
11993,21877,3503,348.79,9
11994,21878,3504,570.88,2
11995,21881,3504,292.02,12
11996,21885,3505,209.34,7
11997,21887,3506,414.78,12
11998,21888,3506,407.31,8
11999,21889,3506,423.65,11
12000,21890,3506,351.55,1
12001,21892,3506,267.32,2
12002,21896,3506,334.01,6
12003,21897,3506,268.61,7
12004,21901,3508,441.03,7
12005,21903,3508,410.07,6
12006,21904,3508,177.63,8
12007,21905,3509,280.09,8
12008,21906,3509,395.29,12
12009,21907,3509,209.67,10
12010,21908,3509,322.41,6
12011,21914,3510,161.71,5
12012,21917,3510,283.82,5
12013,21918,3510,317.06,10
12014,21919,3511,214.36,9
12015,21921,3511,331.63,7
12016,21923,3511,367.29,8
12017,21924,3511,236.7,8
12018,21926,3511,384.99,9
12019,21927,3511,412.48,7
12020,21928,3512,302.15,12
12021,21929,3512,159.56,4
12022,21930,3512,262.26,11
12023,21931,3512,344.9,8
12024,21932,3512,216.06,10
12025,21933,3512,305.54,8
12026,21934,3512,242.83,11
12027,21935,3512,318.48,2
12028,21936,3512,299.83,11
12029,21938,3512,315.84,3
12030,21940,3513,363.61,12
12031,21941,3513,295.21,8
12032,21942,3513,469.26,6
12033,21943,3513,446.77,9
12034,21944,3513,359.98,11
12035,21945,3513,363.25,10
12036,21946,3513,270.21,1
12037,21949,3513,353.38,2
12038,21951,3513,368.6,7
12039,21952,3514,370.29,7
12040,21954,3514,414.25,3
12041,21955,3514,356.34,5
12042,21956,3514,348.77,12
12043,21958,3514,434.54,4
12044,21959,3514,328.97,7
12045,21960,3515,265.9,8
12046,21962,3515,371.37,1
12047,21965,3516,379.42,7
12048,21966,3517,286.5,12
12049,21967,3517,286.44,5
12050,21968,3517,331.83,6
12051,21970,3518,434.87,12
12052,21973,3518,275.39,1
12053,21975,3518,195.09,1
12054,21977,3518,187.72,11
12055,21978,3518,203.24,2
12056,21980,3518,213.37,4
12057,21982,3518,272.55,11
12058,21983,3518,273.24,9
12059,21984,3519,364.6,4
12060,21986,3519,433.5,10
12061,21987,3519,399.68,6
12062,21989,3519,256.1,10
12063,21993,3519,266.3,12
12064,21994,3519,543.17,11
12065,21995,3519,183.8,8
12066,21996,3519,402.29,9
12067,21997,3520,243.03,1
12068,21998,3520,390.37,10
12069,21999,3520,426.6,12
12070,22001,3520,337.57,4
12071,22002,3520,416.82,3
12072,22006,3521,618.59,9
12073,22007,3521,198.48,12
12074,22009,3521,416.58,9
12075,22012,3521,425.57,9
12076,22013,3521,191.03,1
12077,22015,3522,353.19,7
12078,22016,3523,306.44,12
12079,22018,3523,378.75,5
12080,22019,3523,341.38,6
12081,22020,3523,397.18,8
12082,22024,3523,241.82,4
12083,22026,3524,515.7,6
12084,22027,3524,339.63,12
12085,22029,3525,468.0,3
12086,22030,3525,362.4,11
12087,22032,3525,440.06,9
12088,22033,3525,323.87,4
12089,22034,3526,431.25,11
12090,22036,3526,231.41,11
12091,22037,3526,413.26,5
12092,22039,3526,255.55,12
12093,22040,3526,305.33,6
12094,22041,3526,223.56,6
12095,22045,3527,261.6,8
12096,22047,3527,293.7,4
12097,22048,3527,375.27,10
12098,22049,3527,352.95,4
12099,22050,3528,286.51,12
12100,22051,3529,373.69,7
12101,22054,3530,363.66,12
12102,22055,3530,289.77,7
12103,22056,3530,285.25,7
12104,22057,3530,289.5,5
12105,22058,3530,503.3,12
12106,22059,3530,263.19,2
12107,22061,3531,419.44,3
12108,22063,3531,252.58,7
12109,22065,3531,281.57,1
12110,22068,3531,363.31,4
12111,22069,3531,381.45,10
12112,22070,3531,350.67,3
12113,22072,3532,383.89,5
12114,22073,3532,378.36,6
12115,22074,3532,376.64,4
12116,22076,3532,273.12,8
12117,22077,3533,292.09,2
12118,22078,3533,320.46,7
12119,22079,3533,421.68,6
12120,22080,3533,381.85,11
12121,22084,3534,329.65,1
12122,22093,3536,336.4,10
12123,22094,3536,224.14,11
12124,22096,3536,298.02,7
12125,22097,3536,275.36,3
12126,22102,3536,399.57,11
12127,22104,3537,338.97,12
12128,22105,3537,430.66,9
12129,22106,3537,529.0,12
12130,22110,3538,395.19,12
12131,22111,3538,235.87,3
12132,22112,3538,302.68,7
12133,22116,3539,173.36,9
12134,22117,3539,480.54,12
12135,22118,3539,526.2,1
12136,22119,3539,236.04,9
12137,22122,3539,283.07,5
12138,22123,3540,269.26,7
12139,22127,3540,244.09,10
12140,22130,3541,188.58,12
12141,22134,3541,396.67,9
12142,22136,3542,223.55,10
12143,22137,3542,319.84,2
12144,22140,3542,249.75,8
12145,22142,3542,166.3,7
12146,22143,3542,264.02,12
12147,22144,3542,191.37,4
12148,22148,3544,320.3,7
12149,22152,3545,374.23,3
12150,22158,3546,372.16,2
12151,22162,3547,342.83,9
12152,22163,3547,378.39,3
12153,22164,3548,235.62,9
12154,22166,3548,291.8,9
12155,22168,3548,291.85,7
12156,22170,3548,189.0,1
12157,22173,3550,246.53,4
12158,22175,3550,220.37,9
12159,22176,3550,306.83,7
12160,22178,3550,371.3,8
12161,22179,3551,281.67,3
12162,22181,3551,233.63,11
12163,22182,3551,329.72,10
12164,22184,3552,281.52,9
12165,22185,3552,258.32,11
12166,22186,3552,460.94,11
12167,22187,3552,414.6,8
12168,22188,3552,332.96,3
12169,22189,3553,274.36,10
12170,22191,3554,279.94,4
12171,22192,3554,245.16,4
12172,22193,3554,255.64,5
12173,22194,3554,310.64,9
12174,22195,3555,97.19,5
12175,22196,3555,446.38,6
12176,22198,3555,355.84,6
12177,22199,3555,242.19,11
12178,22201,3556,449.38,5
12179,22202,3556,376.87,12
12180,22204,3556,389.6,7
12181,22205,3556,288.99,9
12182,22206,3556,367.35,10
12183,22209,3556,169.38,3
12184,22210,3556,348.31,9
12185,22211,3556,288.44,1
12186,22212,3557,405.9,2
12187,22213,3558,285.8,7
12188,22214,3558,269.83,9
12189,22215,3558,426.21,2
12190,22216,3558,420.48,9
12191,22217,3559,390.36,5
12192,22218,3559,359.99,1
12193,22219,3559,381.72,2
12194,22220,3560,298.05,2
12195,22223,3560,241.95,4
12196,22224,3560,349.34,8
12197,22228,3560,164.71,9
12198,22230,3561,439.63,7
12199,22231,3561,311.33,12
12200,22233,3561,305.38,12
12201,22234,3561,235.85,3
12202,22235,3562,437.9,5
12203,22237,3562,383.87,8
12204,22239,3562,342.72,6
12205,22240,3562,369.56,1
12206,22241,3562,329.88,3
12207,22243,3563,395.11,5
12208,22245,3563,288.72,7
12209,22247,3563,321.92,11
12210,22248,3563,369.32,12
12211,22252,3564,193.55,10
12212,22253,3564,204.35,1
12213,22254,3564,485.56,5
12214,22255,3565,241.95,9
12215,22259,3565,457.6,11
12216,22260,3565,287.89,7
12217,22261,3565,221.12,12
12218,22262,3565,427.69,10
12219,22263,3566,374.8,1
12220,22265,3566,384.98,7
12221,22266,3566,213.26,3
12222,22268,3566,360.23,2
12223,22269,3566,50.0,12
12224,22270,3566,355.78,5
12225,22271,3567,239.55,5
12226,22272,3568,448.73,6
12227,22273,3568,404.27,1
12228,22274,3568,336.62,11
12229,22275,3569,417.17,11
12230,22277,3569,535.63,4
12231,22278,3569,315.47,3
12232,22281,3569,351.02,7
12233,22283,3569,207.89,10
12234,22285,3570,242.07,6
12235,22287,3571,237.6,10
12236,22288,3572,324.73,10
12237,22290,3573,353.86,2
12238,22291,3573,259.09,4
12239,22293,3573,345.66,7
12240,22294,3573,409.95,6
12241,22296,3573,336.26,3
12242,22306,3575,418.25,10
12243,22307,3575,162.19,3
12244,22308,3575,177.73,9
12245,22310,3576,377.15,8
12246,22311,3577,342.16,12
12247,22312,3577,327.31,7
12248,22314,3577,330.46,9
12249,22316,3577,218.05,6
12250,22320,3578,166.51,2
12251,22321,3578,403.86,2
12252,22322,3578,418.82,5
12253,22323,3579,258.49,7
12254,22324,3579,129.58,11
12255,22325,3579,307.73,2
12256,22326,3579,259.05,9
12257,22328,3579,394.79,12
12258,22329,3579,233.87,9
12259,22330,3579,384.29,5
12260,22331,3579,329.62,4
12261,22332,3580,437.38,1
12262,22335,3580,370.26,12
12263,22339,3581,284.75,6
12264,22340,3581,353.64,6
12265,22344,3582,320.85,5
12266,22347,3582,182.85,1
12267,22352,3584,375.09,11
12268,22356,3584,315.88,10
12269,22357,3584,128.41,2
12270,22358,3584,190.34,9
12271,22360,3585,269.27,10
12272,22361,3585,398.86,7
12273,22363,3586,262.67,3
12274,22364,3586,387.36,4
12275,22365,3586,391.24,11
12276,22367,3586,303.66,5
12277,22368,3586,388.8,7
12278,22369,3586,315.66,6
12279,22372,3587,253.03,12
12280,22373,3587,300.19,6
12281,22374,3587,249.88,3
12282,22375,3587,393.22,7
12283,22377,3587,362.65,11
12284,22378,3587,459.18,8
12285,22379,3587,314.44,2
12286,22384,3588,355.6,3
12287,22385,3588,347.64,5
12288,22389,3588,368.76,7
12289,22390,3588,360.29,4
12290,22391,3589,252.65,8
12291,22392,3589,332.75,9
12292,22396,3589,323.67,9
12293,22397,3589,519.53,8
12294,22398,3590,165.61,5
12295,22399,3590,391.53,3
12296,22401,3590,458.7,7
12297,22403,3590,238.34,11
12298,22404,3590,515.49,5
12299,22406,3590,337.26,8
12300,22407,3590,303.19,4
12301,22408,3590,330.61,3
12302,22409,3591,339.15,9
12303,22410,3591,344.17,12
12304,22411,3591,216.09,4
12305,22416,3591,363.02,12
12306,22419,3592,166.74,10
12307,22421,3593,283.88,3
12308,22423,3593,290.62,12
12309,22424,3593,326.74,3
12310,22425,3593,314.73,8
12311,22431,3594,345.8,3
12312,22432,3594,201.07,11
12313,22433,3594,323.75,5
12314,22434,3594,240.55,8
12315,22435,3594,348.92,5
12316,22437,3595,478.85,8
12317,22438,3595,330.51,3
12318,22439,3595,461.91,1
12319,22440,3595,343.99,2
12320,22442,3596,262.03,6
12321,22444,3596,341.29,8
12322,22446,3596,136.13,7
12323,22447,3596,342.99,9
12324,22449,3596,434.81,6
12325,22451,3597,230.52,12
12326,22453,3597,418.13,2
12327,22456,3598,239.02,5
12328,22458,3598,307.96,12
12329,22461,3599,225.05,9
12330,22462,3599,321.46,9
12331,22463,3599,588.27,4
12332,22466,3599,267.78,1
12333,22467,3599,306.07,8
12334,22468,3599,322.18,3
12335,22469,3599,307.96,4
12336,22471,3599,423.0,1
12337,22474,3600,264.18,4
12338,22475,3600,349.72,12
12339,22477,3600,285.33,7
12340,22478,3600,464.91,1
12341,22479,3600,343.37,2
12342,22481,3600,333.22,5
12343,22483,3600,385.24,6
12344,22487,3601,451.13,12
12345,22488,3601,412.2,3
12346,22489,3601,399.3,12
12347,22492,3602,433.56,1
12348,22494,3602,320.68,7
12349,22496,3603,506.02,9
12350,22497,3603,396.47,4
12351,22498,3603,371.67,3
12352,22499,3603,311.27,12
12353,22500,3603,186.15,9
12354,22501,3604,327.03,7
12355,22504,3604,242.82,9
12356,22508,3604,280.23,4
12357,22511,3604,332.03,8
12358,22514,3604,442.19,12
12359,22515,3604,309.53,3
12360,22519,3605,232.44,9
12361,22522,3605,190.89,2
12362,22524,3605,223.55,9
12363,22526,3605,513.56,1
12364,22527,3605,269.29,5
12365,22530,3606,159.7,1
12366,22534,3607,347.01,4
12367,22535,3607,265.93,7
12368,22537,3608,318.49,9
12369,22538,3608,399.55,1
12370,22540,3608,431.09,6
12371,22541,3608,311.49,11
12372,22542,3609,350.79,1
12373,22543,3609,438.74,5
12374,22548,3609,250.27,12
12375,22549,3609,206.45,1
12376,22550,3609,364.47,8
12377,22551,3610,227.67,5
12378,22553,3610,280.97,3
12379,22554,3610,320.54,12
12380,22556,3610,338.56,7
12381,22557,3610,294.11,12
12382,22558,3610,409.6,1
12383,22560,3610,313.07,2
12384,22563,3611,172.97,1
12385,22564,3612,340.62,1
12386,22565,3613,333.55,5
12387,22567,3613,293.76,9
12388,22568,3613,298.35,3
12389,22572,3613,275.4,10
12390,22575,3614,243.1,5
12391,22576,3614,455.47,4
12392,22578,3615,376.28,11
12393,22581,3615,381.08,10
12394,22582,3615,300.27,6
12395,22584,3615,239.77,12
12396,22587,3615,50.0,4
12397,22589,3616,422.91,8
12398,22590,3616,505.79,5
12399,22592,3616,198.18,2
12400,22593,3616,142.95,7
12401,22594,3617,378.93,12
12402,22595,3617,481.29,9
12403,22596,3617,252.25,11
12404,22598,3617,496.11,10
12405,22602,3618,364.32,1
12406,22604,3618,95.52,9
12407,22606,3618,423.81,11
12408,22607,3618,297.72,8
12409,22610,3619,308.32,6
12410,22611,3619,295.62,2
12411,22612,3620,327.41,3
12412,22613,3620,243.05,7
12413,22614,3620,214.86,8
12414,22616,3620,374.37,11
12415,22617,3620,210.09,5
12416,22618,3620,223.62,11
12417,22623,3621,141.68,12
12418,22628,3622,404.36,9
12419,22630,3622,533.84,1
12420,22631,3622,199.57,4
12421,22632,3622,254.24,6
12422,22634,3622,318.88,6
12423,22635,3622,393.97,9
12424,22636,3622,313.45,12
12425,22640,3623,468.1,8
12426,22641,3623,252.64,1
12427,22644,3624,320.36,4
12428,22645,3624,323.39,8
12429,22646,3624,162.17,12
12430,22647,3624,308.66,9
12431,22652,3625,347.93,8
12432,22653,3625,184.27,9
12433,22658,3626,252.96,1
12434,22659,3626,483.69,1
12435,22662,3626,252.59,6
12436,22665,3626,331.31,11
12437,22666,3626,292.62,10
12438,22667,3626,264.18,7
12439,22669,3627,212.18,12
12440,22670,3627,352.69,7
12441,22671,3627,236.08,3
12442,22673,3628,282.96,2
12443,22674,3628,430.77,6
12444,22675,3628,240.28,6
12445,22676,3628,423.16,5
12446,22677,3628,278.91,4
12447,22679,3628,301.25,2
12448,22681,3628,361.58,7
12449,22682,3628,193.04,11
12450,22683,3628,385.01,3
12451,22686,3629,230.31,5
12452,22688,3630,336.23,10
12453,22689,3630,214.52,10
12454,22690,3630,352.98,2
12455,22691,3630,194.47,1
12456,22698,3632,269.28,1
12457,22699,3633,270.51,7
12458,22705,3634,365.95,6
12459,22706,3634,449.8,7
12460,22708,3635,278.3,1
12461,22709,3635,288.46,6
12462,22711,3635,254.93,2
12463,22712,3635,460.52,12
12464,22713,3635,294.72,10
12465,22714,3635,361.9,9
12466,22715,3636,353.86,12
12467,22716,3636,246.97,6
12468,22717,3636,369.03,8
12469,22721,3637,431.5,5
12470,22723,3637,279.79,9
12471,22724,3637,406.27,7
12472,22725,3637,345.51,6
12473,22726,3637,213.0,11
12474,22729,3638,459.34,5
12475,22730,3638,387.91,1
12476,22731,3638,205.02,8
12477,22732,3638,235.57,2
12478,22733,3638,436.03,12
12479,22735,3638,231.41,8
12480,22741,3640,199.31,6
12481,22744,3641,178.71,9
12482,22748,3641,259.8,9
12483,22749,3641,383.5,1
12484,22752,3642,342.76,8
12485,22755,3642,206.04,7
12486,22756,3642,294.17,12
12487,22758,3643,376.31,3
12488,22759,3643,242.65,1
12489,22761,3643,304.04,2
12490,22762,3643,475.4,1
12491,22765,3644,326.0,11
12492,22766,3644,465.04,10
12493,22768,3645,249.42,4
12494,22770,3645,281.81,7
12495,22771,3646,433.19,5
12496,22775,3647,325.44,2
12497,22777,3647,209.56,3
12498,22779,3647,502.94,9
12499,22780,3647,345.11,2
12500,22782,3648,488.99,9
12501,22787,3648,259.2,12
12502,22789,3648,304.36,2
12503,22791,3649,380.66,3
12504,22792,3649,446.39,5
12505,22793,3649,413.5,12
12506,22798,3649,103.12,1
12507,22800,3650,256.49,4
12508,22801,3650,333.43,5
12509,22802,3650,388.69,3
12510,22803,3650,287.9,2
12511,22806,3651,284.45,2
12512,22809,3651,340.06,9
12513,22810,3651,241.99,3
12514,22811,3651,261.35,4
12515,22813,3652,334.44,1
12516,22816,3652,316.46,1
12517,22818,3652,215.37,6
12518,22820,3653,343.58,2
12519,22821,3653,357.42,12
12520,22824,3653,443.95,11
12521,22826,3653,316.14,3
12522,22829,3653,422.17,1
12523,22830,3653,137.55,1
12524,22831,3654,314.92,1
12525,22832,3654,275.03,5
12526,22834,3654,275.52,8
12527,22835,3654,358.48,11
12528,22837,3655,155.64,8
12529,22840,3656,167.95,6
12530,22841,3656,373.22,11
12531,22842,3657,337.01,2
12532,22843,3657,254.24,12
12533,22846,3657,436.91,7
12534,22847,3657,412.13,11
12535,22849,3658,351.16,10
12536,22850,3658,194.48,6
12537,22852,3658,440.53,2
12538,22859,3659,149.3,1
12539,22860,3659,219.6,11
12540,22863,3659,392.96,12
12541,22867,3660,185.45,7
12542,22868,3660,444.0,10
12543,22870,3660,493.42,4
12544,22871,3660,377.33,11
12545,22873,3660,253.57,10
12546,22875,3660,203.21,11
12547,22878,3661,182.93,11
12548,22883,3662,347.1,4
12549,22884,3662,329.25,11
12550,22886,3662,338.19,11
12551,22887,3662,445.96,7
12552,22890,3663,390.55,6
12553,22893,3664,347.35,12
12554,22894,3664,328.67,11
12555,22896,3664,228.22,12
12556,22897,3664,364.69,8
12557,22898,3664,341.51,1
12558,22899,3664,417.68,4
12559,22900,3664,344.32,1
12560,22901,3664,534.72,1
12561,22904,3665,427.37,3
12562,22906,3665,153.64,9
12563,22909,3665,341.56,6
12564,22910,3665,434.55,7
12565,22914,3666,264.69,9
12566,22915,3666,261.97,1
12567,22917,3666,471.42,1
12568,22918,3666,231.68,1
12569,22919,3666,373.3,10
12570,22921,3666,310.61,3
12571,22931,3668,382.78,6
12572,22935,3670,268.21,2
12573,22936,3670,260.1,8
12574,22940,3670,419.96,7
12575,22941,3670,463.28,1
12576,22944,3671,303.94,1
12577,22947,3671,359.28,12
12578,22950,3672,396.24,3
12579,22951,3672,337.77,9
12580,22954,3672,382.46,6
12581,22955,3672,474.76,9
12582,22957,3672,201.6,2
12583,22958,3673,410.2,3
12584,22960,3673,512.69,10
12585,22962,3674,416.29,2
12586,22965,3674,208.5,6
12587,22966,3674,468.85,8
12588,22968,3675,318.53,6
12589,22972,3675,374.0,3
12590,22974,3675,413.69,6
12591,22976,3676,451.63,12
12592,22977,3676,246.3,9
12593,22978,3676,325.77,10
12594,22979,3676,345.86,12
12595,22981,3677,241.85,1
12596,22983,3677,390.73,4
12597,22984,3677,296.83,12
12598,22988,3678,327.7,7
12599,22989,3678,275.86,12
12600,22991,3678,372.31,10
12601,22995,3679,267.25,2
12602,23001,3679,316.53,11
12603,23002,3680,321.06,11
12604,23004,3680,271.7,5
12605,23006,3680,156.04,2
12606,23007,3680,381.72,2
12607,23009,3681,317.37,11
12608,23010,3681,288.55,11
12609,23011,3681,317.17,3
12610,23012,3681,395.63,5
12611,23013,3682,514.01,6
12612,23014,3682,165.41,7
12613,23016,3682,358.36,9
12614,23018,3682,277.55,12
12615,23019,3682,448.71,1
12616,23021,3682,201.65,2
12617,23022,3682,328.79,7
12618,23023,3683,305.93,5
12619,23024,3683,219.29,8
12620,23026,3683,261.51,5
12621,23027,3683,292.4,7
12622,23029,3684,333.61,6
12623,23032,3684,105.0,5
12624,23033,3684,294.59,3
12625,23036,3685,388.75,7
12626,23037,3685,439.34,7
12627,23039,3685,348.49,9
12628,23041,3685,369.21,7
12629,23042,3685,206.25,9
12630,23043,3685,289.53,5
12631,23045,3685,208.07,5
12632,23046,3686,303.23,3
12633,23048,3686,526.61,4
12634,23051,3686,451.55,4
12635,23053,3687,391.26,3
12636,23054,3687,348.61,7
12637,23055,3687,297.39,2
12638,23057,3687,378.65,3
12639,23060,3687,265.8,4
12640,23063,3688,514.92,2
12641,23064,3688,394.73,11
12642,23065,3689,407.24,9
12643,23066,3689,275.61,12
12644,23068,3689,278.53,1
12645,23071,3690,253.45,10
12646,23075,3690,207.54,1
12647,23079,3692,445.22,8
12648,23081,3692,381.57,1
12649,23082,3692,282.78,12
12650,23083,3692,265.74,4
12651,23084,3692,451.56,12
12652,23085,3692,366.72,1
12653,23088,3693,281.98,6
12654,23090,3694,424.6,11
12655,23091,3694,491.32,11
12656,23094,3694,267.99,4
12657,23097,3694,282.38,9
12658,23098,3695,300.01,9
12659,23100,3695,346.73,9
12660,23102,3695,316.87,7
12661,23103,3695,188.62,9
12662,23105,3695,237.62,4
12663,23107,3696,331.46,2
12664,23109,3697,455.86,1
12665,23113,3697,339.32,11
12666,23116,3697,403.47,6
12667,23117,3697,350.77,5
12668,23118,3697,305.58,1
12669,23119,3697,241.21,4
12670,23120,3698,353.73,9
12671,23122,3698,430.86,6
12672,23126,3699,205.99,2
12673,23127,3699,371.47,1
12674,23129,3699,269.85,12
12675,23130,3699,351.71,7
12676,23131,3699,253.32,10
12677,23132,3699,333.07,10
12678,23133,3699,234.81,3
12679,23134,3699,407.3,1
12680,23135,3700,324.98,3
12681,23136,3700,480.99,1
12682,23138,3701,347.46,8
12683,23139,3701,230.1,9
12684,23140,3701,176.96,3
12685,23141,3701,447.86,2
12686,23144,3701,266.2,6
12687,23151,3702,231.25,6
12688,23152,3703,441.0,11
12689,23153,3703,280.85,2
12690,23156,3704,402.15,12
12691,23157,3704,351.74,1
12692,23158,3704,147.64,6
12693,23160,3704,377.62,5
12694,23161,3704,232.45,6
12695,23163,3704,209.0,3
12696,23164,3704,120.5,2
12697,23165,3704,216.02,5
12698,23166,3705,287.84,3
12699,23167,3705,327.14,12
12700,23168,3705,333.56,10
12701,23170,3705,399.47,1
12702,23174,3705,166.9,10
12703,23176,3706,132.7,2
12704,23179,3706,543.37,10
12705,23181,3706,314.86,12
12706,23182,3706,368.1,3
12707,23185,3707,190.48,9
12708,23186,3707,381.37,6
12709,23189,3707,414.36,10
12710,23190,3707,148.15,8
12711,23192,3707,363.93,3
12712,23195,3708,362.31,7
12713,23196,3708,95.56,6
12714,23197,3708,336.42,6
12715,23198,3709,261.28,8
12716,23199,3709,361.46,11
12717,23200,3710,382.87,9
12718,23201,3710,362.18,10
12719,23202,3710,292.4,9
12720,23203,3710,281.03,9
12721,23205,3710,339.05,9
12722,23206,3710,296.73,9
12723,23207,3711,186.91,11
12724,23208,3711,337.47,4
12725,23209,3711,303.58,8
12726,23211,3711,303.43,4
12727,23214,3711,287.87,8
12728,23215,3711,302.18,8
12729,23220,3711,261.42,8
12730,23222,3711,397.11,6
12731,23223,3711,280.76,2
12732,23226,3712,327.2,2
12733,23227,3712,256.35,12
12734,23228,3712,221.48,9
12735,23235,3713,309.76,5
12736,23236,3713,380.89,3
12737,23237,3713,413.31,10
12738,23238,3713,384.37,9
12739,23239,3713,235.0,2
12740,23242,3714,324.99,1
12741,23244,3715,312.45,8
12742,23245,3715,385.47,12
12743,23250,3716,365.81,7
12744,23251,3716,263.71,12
12745,23261,3718,351.29,8
12746,23262,3719,371.42,9
12747,23263,3719,349.59,6
12748,23268,3721,316.71,6
12749,23269,3721,260.88,4
12750,23271,3721,283.82,7
12751,23272,3722,514.79,4
12752,23273,3722,213.42,7
12753,23274,3722,489.38,1
12754,23275,3722,488.71,1
12755,23277,3722,202.96,2
12756,23278,3723,263.99,7
12757,23280,3723,292.3,9
12758,23282,3724,264.6,5
12759,23285,3724,265.48,1
12760,23286,3724,382.72,6
12761,23288,3724,343.02,2
12762,23289,3725,369.5,1
12763,23292,3726,306.16,7
12764,23293,3726,299.9,2
12765,23294,3726,252.59,12
12766,23295,3726,363.13,9
12767,23297,3727,411.71,4
12768,23299,3727,216.73,4
12769,23300,3727,390.7,9
12770,23304,3728,344.71,1
12771,23306,3728,215.9,6
12772,23311,3728,190.14,11
12773,23312,3729,295.11,8
12774,23313,3729,273.48,3
12775,23315,3729,413.84,10
12776,23317,3729,284.77,7
12777,23319,3730,271.22,8
12778,23321,3731,280.21,12
12779,23322,3731,298.84,11
12780,23323,3731,345.14,9
12781,23324,3731,415.92,2
12782,23325,3731,209.01,9
12783,23326,3731,355.68,10
12784,23328,3731,199.57,6
12785,23330,3732,414.11,12
12786,23331,3732,180.06,3
12787,23332,3732,430.16,8
12788,23334,3732,404.92,12
12789,23336,3732,249.38,4
12790,23337,3732,271.93,8
12791,23342,3733,149.37,3
12792,23343,3733,161.51,11
12793,23345,3733,293.05,2
12794,23347,3734,337.23,9
12795,23348,3734,413.6,6
12796,23349,3734,294.63,12
12797,23351,3736,307.86,1
12798,23352,3736,206.86,9
12799,23354,3736,306.77,2
12800,23355,3736,328.73,10
12801,23356,3736,372.87,2
12802,23360,3737,315.77,2
12803,23364,3737,404.52,3
12804,23365,3737,321.92,1
12805,23368,3738,307.83,6
12806,23369,3738,391.96,6
12807,23371,3738,392.61,9
12808,23372,3739,291.01,5
12809,23373,3739,482.12,6
12810,23375,3740,343.59,11
12811,23378,3740,330.21,10
12812,23379,3740,291.75,9
12813,23383,3740,360.29,4
12814,23386,3742,398.43,5
12815,23390,3742,328.4,11
12816,23393,3742,339.59,1
12817,23399,3743,219.39,1
12818,23400,3743,244.64,11
12819,23402,3744,250.56,11
12820,23403,3744,342.24,2
12821,23404,3744,218.14,9
12822,23407,3745,139.0,4
12823,23408,3745,194.23,10
12824,23410,3745,367.95,3
12825,23412,3746,470.84,1
12826,23413,3746,405.41,7
12827,23416,3746,222.63,3
12828,23418,3746,242.87,6
12829,23420,3746,263.31,8
12830,23424,3747,180.68,10
12831,23426,3747,301.72,10
12832,23427,3747,360.99,7
12833,23428,3747,231.34,6
12834,23429,3747,212.23,7
12835,23431,3747,390.07,4
12836,23432,3747,238.39,9
12837,23433,3747,248.74,9
12838,23434,3748,104.4,12
12839,23436,3749,402.71,5
12840,23437,3749,438.43,11
12841,23438,3749,290.57,11
12842,23441,3749,314.11,6
12843,23442,3749,363.13,12
12844,23444,3749,379.4,12
12845,23445,3749,312.75,11
12846,23446,3749,267.17,11
12847,23447,3750,305.58,4
12848,23449,3750,285.12,7
12849,23450,3750,341.31,2
12850,23453,3750,222.52,3
12851,23454,3750,425.02,1
12852,23455,3751,497.39,9
12853,23456,3751,254.88,4
12854,23457,3751,249.39,3
12855,23462,3751,243.37,8
12856,23464,3752,277.24,3
12857,23466,3753,476.88,1
12858,23467,3753,268.18,10
12859,23468,3753,331.51,3
12860,23469,3753,277.77,2
12861,23470,3753,135.36,9
12862,23473,3754,269.97,8
12863,23474,3754,315.73,7
12864,23475,3754,456.91,2
12865,23476,3754,162.5,9
12866,23479,3755,404.97,12
12867,23485,3755,340.29,12
12868,23486,3755,310.83,5
12869,23489,3755,225.87,1
12870,23490,3756,430.3,9
12871,23492,3756,349.8,6
12872,23495,3756,315.65,2
12873,23499,3758,310.34,6
12874,23500,3758,403.3,11
12875,23501,3758,242.33,11
12876,23503,3758,448.06,8
12877,23505,3758,517.07,12
12878,23508,3760,292.03,3
12879,23512,3761,435.99,3
12880,23520,3762,266.81,9
12881,23523,3762,217.46,4
12882,23525,3762,267.03,3
12883,23526,3763,356.43,12
12884,23528,3763,297.82,8
12885,23529,3763,355.75,12
12886,23531,3764,342.8,3
12887,23532,3764,280.84,11
12888,23533,3764,208.94,8
12889,23535,3764,316.46,8
12890,23536,3764,195.5,4
12891,23538,3765,325.59,11
12892,23539,3765,349.45,5
12893,23540,3765,109.7,2
12894,23543,3767,433.52,10
12895,23546,3768,288.89,8
12896,23547,3768,365.29,4
12897,23548,3768,260.67,6
12898,23549,3768,282.72,1
12899,23550,3769,463.98,8
12900,23554,3769,197.65,10
12901,23556,3770,273.5,6
12902,23557,3770,324.05,10
12903,23558,3770,97.28,4
12904,23563,3770,235.97,12
12905,23564,3770,392.73,4
12906,23565,3770,204.13,12
12907,23566,3770,333.74,1
12908,23568,3771,350.15,11
12909,23571,3771,365.18,11
12910,23572,3771,224.51,11
12911,23573,3771,334.12,7
12912,23576,3772,214.21,10
12913,23578,3772,293.04,9
12914,23580,3773,397.84,3
12915,23582,3773,243.25,5
12916,23584,3773,367.65,8
12917,23587,3775,312.89,8
12918,23589,3775,388.14,6
12919,23590,3775,142.65,5
12920,23592,3775,425.84,11
12921,23595,3775,157.56,2
12922,23597,3776,209.37,9
12923,23598,3776,422.84,12
12924,23599,3776,313.15,3
12925,23600,3776,280.06,10
12926,23601,3777,404.7,1
12927,23602,3777,308.36,3
12928,23606,3777,230.69,2
12929,23608,3777,432.21,5
12930,23610,3777,343.63,8
12931,23611,3777,204.8,1
12932,23612,3778,250.62,3
12933,23616,3778,229.61,11
12934,23621,3779,213.46,8
12935,23622,3779,307.78,12
12936,23623,3779,313.13,3
12937,23624,3779,358.16,11
12938,23625,3779,370.36,10
12939,23628,3779,396.1,8
12940,23629,3779,411.71,3
12941,23630,3779,363.79,10
12942,23631,3780,352.07,1
12943,23633,3780,407.1,1
12944,23635,3781,357.17,3
12945,23636,3781,234.25,7
12946,23637,3781,194.63,2
12947,23638,3781,227.69,7
12948,23639,3781,348.37,4
12949,23640,3781,292.48,2
12950,23643,3781,340.43,9
12951,23644,3781,296.8,2
12952,23645,3781,237.26,3
12953,23646,3781,86.63,6
12954,23648,3782,210.2,7
12955,23649,3782,477.26,11
12956,23650,3782,406.66,5
12957,23654,3782,252.6,11
12958,23655,3783,271.85,12
12959,23657,3783,274.8,11
12960,23658,3783,418.13,5
12961,23659,3783,401.81,10
12962,23662,3785,406.73,10
12963,23664,3786,228.84,11
12964,23665,3786,480.72,7
12965,23666,3786,293.84,9
12966,23667,3786,395.39,1
12967,23668,3786,346.3,3
12968,23669,3786,166.06,3
12969,23672,3786,273.65,3
12970,23673,3786,316.38,10
12971,23676,3787,245.8,7
12972,23679,3787,186.75,12
12973,23680,3787,278.66,10
12974,23684,3787,437.68,9
12975,23685,3787,369.67,10
12976,23687,3788,270.04,1
12977,23690,3789,339.76,12
12978,23691,3789,197.45,12
12979,23693,3789,317.9,7
12980,23694,3789,144.85,11
12981,23695,3789,212.74,7
12982,23697,3789,391.43,7
12983,23700,3790,265.38,11
12984,23701,3790,277.96,3
12985,23705,3790,309.88,7
12986,23706,3790,457.59,7
12987,23707,3791,50.0,2
12988,23708,3791,234.77,4
12989,23712,3791,532.2,2
12990,23713,3791,422.34,10
12991,23714,3791,364.6,3
12992,23715,3791,341.2,1
12993,23716,3791,295.07,12
12994,23717,3792,193.86,11
12995,23718,3792,279.51,1
12996,23719,3793,306.38,5
12997,23720,3793,420.42,12
12998,23725,3793,348.79,12
12999,23726,3793,323.2,11
13000,23727,3793,258.43,10
13001,23730,3793,274.94,2
13002,23731,3793,160.24,10
13003,23732,3794,337.94,10
13004,23733,3794,205.62,9
13005,23734,3794,285.93,2
13006,23735,3794,409.56,2
13007,23737,3794,341.04,11
13008,23739,3794,347.41,9
13009,23741,3794,427.7,5
13010,23742,3795,378.91,10
13011,23744,3795,305.4,3
13012,23745,3795,137.69,10
13013,23747,3795,279.86,5
13014,23748,3796,309.94,2
13015,23749,3796,318.17,3
13016,23751,3796,172.14,11
13017,23752,3796,334.59,8
13018,23754,3796,383.97,8
13019,23757,3797,284.22,10
13020,23758,3797,357.93,9
13021,23759,3797,257.3,5
13022,23761,3797,339.08,10
13023,23763,3797,486.24,2
13024,23767,3798,280.14,6
13025,23768,3798,214.03,10
13026,23770,3798,384.13,9
13027,23772,3798,292.93,5
13028,23774,3799,247.14,2
13029,23775,3799,249.92,12
13030,23776,3799,338.86,12
13031,23779,3800,321.3,5
13032,23780,3801,432.99,3
13033,23782,3801,354.95,5
13034,23783,3802,403.86,11
13035,23788,3802,319.26,2
13036,23789,3802,361.43,10
13037,23790,3802,312.97,2
13038,23791,3803,480.3,5
13039,23792,3803,359.52,1
13040,23793,3803,186.77,3
13041,23796,3804,300.53,9
13042,23797,3804,338.1,1
13043,23798,3804,316.34,9
13044,23803,3805,392.62,6
13045,23804,3806,274.3,9
13046,23806,3806,320.41,4
13047,23807,3806,400.29,12
13048,23808,3807,192.45,8
13049,23809,3807,232.45,8
13050,23811,3807,491.69,6
13051,23812,3807,285.92,6
13052,23814,3807,395.21,11
13053,23815,3807,416.45,6
13054,23817,3808,203.21,11
13055,23818,3808,242.58,5
13056,23821,3808,320.82,3
13057,23823,3808,259.18,11
13058,23824,3808,356.19,6
13059,23825,3808,367.44,3
13060,23828,3809,338.41,7
13061,23830,3809,315.52,4
13062,23832,3809,371.82,9
13063,23834,3809,427.39,6
13064,23835,3810,437.16,1
13065,23836,3810,344.26,4
13066,23840,3810,241.1,7
13067,23842,3810,304.21,10
13068,23843,3811,380.92,4
13069,23844,3811,418.89,12
13070,23846,3811,415.98,5
13071,23848,3811,304.13,12
13072,23850,3812,340.28,5
13073,23853,3813,366.79,6
13074,23854,3813,451.49,2
13075,23855,3813,252.01,8
13076,23856,3813,361.39,5
13077,23862,3814,273.7,1
13078,23865,3814,425.16,12
13079,23866,3814,317.06,10
13080,23867,3815,341.45,7
13081,23868,3815,244.6,5
13082,23869,3815,281.49,7
13083,23870,3815,498.62,11
13084,23871,3815,375.37,10
13085,23872,3815,336.82,12
13086,23873,3815,443.42,10
13087,23874,3815,455.8,6
13088,23875,3815,316.4,12
13089,23876,3815,251.28,1
13090,23877,3815,306.29,9
13091,23879,3815,287.52,8
13092,23882,3816,329.13,5
13093,23883,3816,344.5,8
13094,23885,3816,547.03,2
13095,23886,3816,226.5,6
13096,23888,3817,202.26,2
13097,23890,3817,267.06,7
13098,23891,3817,50.0,4
13099,23892,3818,149.71,12
13100,23895,3819,200.68,5
13101,23898,3819,422.0,9
13102,23899,3819,198.35,7
13103,23901,3821,167.26,5
13104,23902,3821,244.03,3
13105,23904,3821,355.97,6
13106,23905,3821,273.87,6
13107,23906,3821,289.26,10
13108,23909,3821,268.34,1
13109,23912,3823,200.83,10
13110,23916,3823,236.83,2
13111,23917,3823,246.41,12
13112,23919,3823,377.05,2
13113,23920,3823,219.19,8
13114,23922,3824,411.82,7
13115,23924,3824,381.52,2
13116,23926,3824,179.22,4
13117,23927,3824,354.73,4
13118,23928,3824,325.0,4
13119,23930,3825,442.46,2
13120,23931,3825,246.42,9
13121,23932,3825,378.87,1
13122,23936,3825,391.65,3
13123,23938,3825,162.94,5
13124,23939,3825,437.83,2
13125,23941,3826,253.9,8
13126,23942,3826,362.22,6
13127,23944,3827,300.14,9
13128,23947,3827,302.77,7
13129,23948,3827,247.51,4
13130,23950,3828,266.6,8
13131,23951,3828,360.46,11
13132,23953,3828,447.57,10
13133,23955,3828,210.41,2
13134,23958,3829,272.17,6
13135,23959,3829,343.53,7
13136,23960,3829,338.76,1
13137,23961,3829,365.09,11
13138,23964,3830,424.53,8
13139,23965,3830,165.67,1
13140,23967,3830,268.61,10
13141,23970,3830,413.99,10
13142,23972,3831,303.89,11
13143,23978,3832,216.49,7
13144,23980,3832,206.12,11
13145,23984,3834,318.87,1
13146,23985,3834,282.78,9
13147,23990,3834,514.14,4
13148,23993,3835,305.88,5
13149,23994,3836,251.26,10
13150,23996,3836,432.37,6
13151,23997,3836,312.88,9
13152,23998,3836,389.74,3
13153,24003,3837,489.39,10
13154,24004,3837,453.01,5
13155,24006,3837,353.54,5
13156,24007,3837,385.46,3
13157,24008,3837,441.21,2
13158,24009,3837,233.93,6
13159,24010,3837,202.5,9
13160,24014,3838,501.24,12
13161,24015,3838,207.38,3
13162,24016,3838,524.15,2
13163,24017,3838,257.47,2
13164,24020,3838,238.74,7
13165,24021,3838,391.43,9
13166,24024,3839,175.48,12
13167,24027,3839,551.45,8
13168,24028,3839,493.16,11
13169,24030,3839,458.6,3
13170,24031,3839,182.71,7
13171,24033,3840,436.54,7
13172,24034,3840,427.04,10
13173,24035,3840,334.96,7
13174,24036,3841,395.71,4
13175,24039,3841,375.57,1
13176,24040,3841,210.98,9
13177,24041,3841,280.67,2
13178,24042,3841,292.86,2
13179,24043,3841,183.47,8
13180,24044,3841,387.83,7
13181,24045,3841,421.65,5
13182,24046,3841,360.76,9
13183,24047,3841,488.63,1
13184,24048,3841,351.35,5
13185,24051,3842,321.88,3
13186,24052,3842,270.31,7
13187,24053,3842,344.87,12
13188,24054,3842,77.44,3
13189,24055,3842,478.71,1
13190,24057,3842,355.3,1
13191,24058,3842,422.03,8
13192,24062,3843,423.16,7
13193,24063,3843,386.28,6
13194,24065,3843,228.1,7
13195,24067,3843,50.0,3
13196,24068,3843,516.46,8
13197,24069,3843,321.64,9
13198,24070,3844,289.58,5
13199,24071,3844,296.26,3
13200,24073,3845,278.45,7
13201,24074,3845,318.63,8
13202,24076,3845,313.24,9
13203,24078,3845,330.52,5
13204,24079,3845,298.13,1
13205,24080,3845,399.98,2
13206,24081,3846,385.39,9
13207,24082,3846,271.89,8
13208,24083,3846,337.46,3
13209,24087,3846,215.22,11
13210,24090,3847,376.13,9
13211,24093,3847,472.07,8
13212,24094,3847,399.51,3
13213,24096,3847,312.66,2
13214,24101,3849,233.02,4
13215,24102,3849,381.62,4
13216,24105,3849,266.51,2
13217,24111,3851,322.58,2
13218,24112,3851,389.0,11
13219,24113,3851,247.74,8
13220,24116,3851,329.42,10
13221,24117,3851,226.59,6
13222,24121,3852,290.88,4
13223,24122,3852,279.77,1
13224,24126,3853,430.32,12
13225,24127,3854,339.53,4
13226,24130,3854,260.45,4
13227,24131,3854,283.13,4
13228,24132,3854,412.46,3
13229,24133,3854,179.6,5
13230,24134,3854,247.75,6
13231,24136,3855,226.53,9
13232,24137,3855,335.87,7
13233,24140,3855,332.16,6
13234,24144,3855,307.38,6
13235,24145,3856,313.71,7
13236,24148,3856,200.04,9
13237,24149,3856,236.67,10
13238,24151,3857,373.32,1
13239,24152,3857,189.31,10
13240,24154,3857,296.75,1
13241,24155,3857,407.01,3
13242,24156,3857,339.84,1
13243,24158,3857,259.17,7
13244,24164,3858,385.27,9
13245,24165,3858,255.61,8
13246,24166,3858,325.5,1
13247,24169,3859,250.6,3
13248,24171,3859,186.79,7
13249,24173,3859,309.69,12
13250,24174,3860,429.22,5
13251,24176,3860,423.06,2
13252,24179,3860,386.51,6
13253,24180,3860,384.88,12
13254,24183,3860,388.66,10
13255,24184,3860,302.05,3
13256,24185,3860,208.19,8
13257,24186,3861,335.21,12
13258,24187,3861,404.76,11
13259,24188,3861,397.81,3
13260,24190,3861,341.27,2
13261,24191,3861,350.61,2
13262,24196,3862,194.16,2
13263,24197,3862,460.42,8
13264,24198,3862,309.78,5
13265,24200,3862,130.32,7
13266,24201,3863,307.69,7
13267,24202,3863,327.19,3
13268,24203,3863,368.32,11
13269,24204,3864,313.49,2
13270,24205,3864,268.06,5
13271,24207,3864,272.35,12
13272,24210,3864,320.16,9
13273,24211,3864,303.56,7
13274,24215,3864,499.39,2
13275,24216,3865,290.55,3
13276,24218,3865,250.8,9
13277,24219,3865,417.7,7
13278,24220,3865,320.18,5
13279,24226,3866,401.96,2
13280,24227,3866,312.15,11
13281,24228,3867,384.51,10
13282,24229,3867,433.63,7
13283,24230,3867,448.41,10
13284,24231,3867,388.53,2
13285,24232,3867,133.22,10
13286,24233,3868,183.78,2
13287,24234,3868,347.14,12
13288,24239,3868,188.74,12
13289,24240,3868,222.38,6
13290,24243,3868,400.92,8
13291,24244,3868,260.25,2
13292,24246,3869,268.84,9
13293,24247,3869,284.42,1
13294,24248,3869,429.2,4
13295,24253,3871,433.64,5
13296,24254,3872,530.32,2
13297,24255,3873,397.05,6
13298,24257,3873,462.0,8
13299,24258,3873,256.58,5
13300,24259,3873,193.23,7
13301,24265,3874,374.5,2
13302,24269,3875,302.72,7
13303,24271,3875,470.16,8
13304,24272,3875,285.5,7
13305,24273,3875,264.86,1
13306,24274,3875,293.36,6
13307,24275,3875,316.2,9
13308,24276,3875,322.93,10
13309,24278,3875,333.53,4
13310,24279,3875,441.2,5
13311,24282,3876,216.38,5
13312,24284,3876,399.66,12
13313,24285,3876,382.93,7
13314,24286,3876,348.69,5
13315,24287,3876,360.37,10
13316,24288,3876,279.67,4
13317,24289,3876,194.69,10
13318,24295,3877,354.4,6
13319,24297,3877,277.15,6
13320,24299,3877,372.27,2
13321,24302,3878,291.22,10
13322,24305,3878,396.85,3
13323,24306,3878,415.46,5
13324,24307,3878,403.1,9
13325,24308,3878,432.77,9
13326,24309,3878,318.77,8
13327,24313,3879,410.1,1
13328,24314,3879,286.74,3
13329,24321,3882,270.96,8
13330,24322,3882,327.47,2
13331,24324,3882,438.1,2
13332,24325,3882,301.76,12
13333,24326,3882,401.31,7
13334,24327,3882,229.92,5
13335,24329,3883,151.26,10
13336,24330,3883,276.44,11
13337,24331,3883,315.38,2
13338,24333,3883,409.63,2
13339,24334,3883,299.2,7
13340,24335,3883,465.34,10
13341,24336,3883,365.14,4
13342,24338,3884,299.05,7
13343,24339,3884,340.97,9
13344,24346,3885,225.08,2
13345,24349,3886,299.62,2
13346,24350,3886,303.94,4
13347,24351,3886,337.39,9
13348,24354,3886,293.68,8
13349,24355,3887,361.96,10
13350,24356,3887,175.32,1
13351,24357,3887,419.42,7
13352,24358,3888,318.03,6
13353,24361,3889,388.73,7
13354,24362,3889,413.71,4
13355,24363,3889,336.61,3
13356,24365,3889,398.04,6
13357,24368,3890,352.35,2
13358,24372,3891,348.59,3
13359,24373,3891,276.01,4
13360,24374,3891,428.73,1
13361,24375,3891,329.84,9
13362,24376,3891,445.55,3
13363,24378,3892,219.56,11
13364,24381,3893,266.58,9
13365,24382,3893,220.78,6
13366,24384,3893,417.87,9
13367,24385,3893,373.73,11
13368,24386,3893,181.62,11
13369,24387,3893,244.05,4
13370,24388,3893,217.96,7
13371,24391,3894,412.49,9
13372,24394,3894,428.7,9
13373,24395,3894,277.84,7
13374,24397,3895,133.8,1
13375,24398,3895,141.72,10
13376,24399,3895,437.96,12
13377,24402,3895,431.19,11
13378,24404,3895,460.2,12
13379,24405,3895,308.77,4
13380,24407,3896,134.9,4
13381,24409,3897,364.16,2
13382,24410,3897,276.07,3
13383,24411,3897,479.4,7
13384,24412,3897,381.73,8
13385,24414,3897,337.96,10
13386,24415,3897,284.36,11
13387,24420,3898,440.84,4
13388,24423,3900,255.58,7
13389,24425,3900,195.21,10
13390,24426,3901,327.29,8
13391,24428,3902,417.98,3
13392,24429,3902,467.74,1
13393,24430,3902,178.25,11
13394,24431,3902,434.45,4
13395,24432,3903,314.39,1
13396,24433,3903,392.77,2
13397,24434,3903,191.49,10
13398,24435,3904,285.43,5
13399,24436,3904,378.3,10
13400,24437,3904,320.05,8
13401,24438,3904,309.1,4
13402,24439,3904,289.51,1
13403,24442,3904,320.51,12
13404,24444,3904,322.03,7
13405,24445,3904,218.19,8
13406,24448,3905,269.87,11
13407,24449,3905,373.47,3
13408,24450,3905,308.14,6
13409,24451,3906,364.48,5
13410,24452,3906,305.07,12
13411,24453,3906,268.58,12
13412,24454,3906,412.09,7
13413,24455,3907,377.9,2
13414,24456,3907,310.26,12
13415,24458,3907,389.8,2
13416,24459,3907,375.89,5
13417,24464,3907,268.53,10
13418,24465,3907,334.89,2
13419,24467,3908,353.94,9
13420,24469,3908,363.95,1
13421,24470,3908,478.37,3
13422,24472,3908,378.03,8
13423,24475,3909,379.17,7
13424,24476,3909,222.27,2
13425,24478,3909,558.84,10
13426,24482,3909,204.1,2
13427,24483,3909,270.28,5
13428,24484,3909,274.13,8
13429,24486,3910,291.68,5
13430,24487,3910,241.07,7
13431,24488,3910,174.17,5
13432,24491,3911,426.17,3
13433,24492,3911,273.61,1
13434,24493,3911,129.24,6
13435,24494,3911,294.29,8
13436,24496,3911,360.02,9
13437,24497,3911,176.39,2
13438,24498,3911,375.67,7
13439,24499,3911,348.39,9
13440,24500,3912,241.67,1
13441,24501,3912,345.72,7
13442,24502,3912,466.3,8
13443,24506,3912,325.06,3
13444,24507,3912,275.13,1
13445,24508,3912,245.94,4
13446,24509,3913,483.3,9
13447,24513,3913,301.22,1
13448,24514,3913,298.59,3
13449,24518,3913,399.23,1
13450,24520,3913,371.45,2
13451,24521,3913,195.95,11
13452,24524,3915,338.34,4
13453,24525,3915,276.02,4
13454,24526,3915,426.06,3
13455,24528,3916,216.4,12
13456,24529,3916,391.45,2
13457,24531,3916,143.49,2
13458,24533,3916,378.35,10
13459,24534,3916,389.7,11
13460,24535,3916,238.98,12
13461,24537,3916,397.94,7
13462,24540,3917,308.7,10
13463,24541,3917,123.12,6
13464,24544,3917,346.79,9
13465,24545,3917,247.55,5
13466,24548,3917,403.76,2
13467,24550,3917,437.94,10
13468,24553,3918,282.87,9
13469,24556,3918,221.98,2
13470,24557,3918,317.68,7
13471,24558,3918,385.94,9
13472,24561,3919,265.21,5
13473,24562,3919,361.2,2
13474,24569,3920,400.65,8
13475,24573,3920,421.18,10
13476,24574,3920,354.37,10
13477,24575,3920,164.88,1
13478,24578,3921,293.39,8
13479,24579,3921,301.1,11
13480,24580,3922,327.92,8
13481,24583,3922,88.27,4
13482,24584,3923,248.15,9
13483,24585,3923,303.59,3
13484,24586,3923,359.73,1
13485,24591,3924,523.25,9
13486,24594,3924,379.31,1
13487,24599,3925,230.28,8
13488,24600,3926,245.22,4
13489,24601,3926,258.73,9
13490,24602,3926,284.77,3
13491,24603,3926,340.35,8
13492,24604,3926,235.06,6
13493,24605,3926,300.31,5
13494,24609,3928,302.05,3
13495,24610,3928,350.43,6
13496,24613,3928,283.33,4
13497,24615,3930,251.05,6
13498,24617,3931,256.63,1
13499,24620,3932,355.29,10
13500,24622,3932,254.71,4
13501,24623,3932,382.94,2
13502,24624,3932,352.98,8
13503,24625,3932,221.97,1
13504,24626,3932,431.48,4
13505,24629,3933,327.18,5
13506,24637,3937,260.05,2
13507,24639,3937,484.68,9
13508,24643,3938,318.92,6
13509,24644,3938,352.23,7
13510,24646,3938,321.4,11
13511,24647,3938,449.75,6
13512,24649,3938,480.24,9
13513,24650,3939,343.29,6
13514,24652,3939,326.42,7
13515,24654,3939,404.11,2
13516,24657,3940,276.51,9
13517,24658,3940,342.25,9
13518,24659,3940,261.34,5
13519,24660,3940,490.33,11
13520,24661,3941,417.74,3
13521,24663,3941,480.45,11
13522,24664,3941,275.83,6
13523,24665,3941,401.75,3
13524,24668,3941,358.1,8
13525,24669,3941,347.51,5
13526,24672,3942,469.0,12
13527,24673,3942,237.89,1
13528,24675,3943,265.5,3
13529,24676,3943,271.95,3
13530,24679,3943,190.08,3
13531,24682,3943,140.7,7
13532,24683,3943,304.72,4
13533,24687,3944,387.0,11
13534,24688,3944,299.95,9
13535,24690,3944,246.42,11
13536,24692,3944,429.27,5
13537,24693,3944,217.88,10
13538,24701,3945,153.63,2
13539,24703,3946,182.88,9
13540,24705,3946,460.7,10
13541,24706,3946,301.72,2
13542,24708,3946,434.49,9
13543,24709,3946,429.8,4
13544,24710,3947,146.07,9
13545,24711,3947,325.58,3
13546,24713,3947,389.55,11
13547,24714,3947,223.23,2
13548,24719,3947,204.03,2
13549,24724,3948,365.3,11
13550,24727,3948,212.36,3
13551,24728,3948,345.85,10
13552,24731,3948,387.78,2
13553,24732,3948,399.96,2
13554,24737,3949,392.63,6
13555,24741,3950,435.36,6
13556,24742,3950,229.36,6
13557,24743,3950,471.95,5
13558,24745,3950,273.84,2
13559,24746,3950,222.77,8
13560,24747,3950,416.73,4
13561,24749,3950,375.88,1
13562,24750,3951,166.62,4
13563,24752,3952,398.65,11
13564,24753,3952,345.56,10
13565,24759,3953,322.99,10
13566,24760,3953,277.23,10
13567,24761,3953,437.83,5
13568,24764,3953,462.49,1
13569,24766,3953,378.33,9
13570,24768,3953,207.68,6
13571,24770,3954,209.92,5
13572,24772,3954,245.66,4
13573,24773,3954,406.67,12
13574,24774,3954,290.88,4
13575,24776,3954,375.88,9
13576,24777,3954,266.5,12
13577,24779,3955,446.08,3
13578,24780,3955,216.16,1
13579,24782,3955,300.05,10
13580,24783,3955,298.69,11
13581,24784,3955,381.7,9
13582,24785,3956,352.44,1
13583,24789,3956,453.36,5
13584,24791,3956,436.74,9
13585,24794,3956,257.0,1
13586,24795,3956,323.93,10
13587,24797,3957,319.31,6
13588,24799,3958,271.33,3
13589,24801,3958,181.33,8
13590,24808,3960,318.2,11
13591,24810,3960,398.63,7
13592,24812,3960,337.36,12
13593,24813,3960,350.41,8
13594,24814,3960,449.09,5
13595,24822,3961,241.41,1
13596,24823,3961,248.45,7
13597,24825,3961,281.4,8
13598,24826,3961,417.04,10
13599,24828,3962,400.62,3
13600,24829,3963,343.83,3
13601,24830,3963,448.63,4
13602,24831,3963,236.59,8
13603,24832,3963,281.97,5
13604,24833,3963,352.7,9
13605,24837,3964,301.64,5
13606,24843,3966,396.27,3
13607,24846,3966,475.54,1
13608,24849,3968,311.72,2
13609,24853,3969,356.89,8
13610,24854,3969,403.51,10
13611,24861,3969,388.85,8
13612,24862,3969,479.35,5
13613,24863,3970,357.5,6
13614,24864,3970,324.82,2
13615,24865,3970,232.62,4
13616,24866,3970,351.54,8
13617,24869,3970,237.38,3
13618,24871,3970,233.74,6
13619,24874,3971,357.25,8
13620,24875,3971,290.23,5
13621,24879,3972,102.17,4
13622,24880,3972,528.93,6
13623,24881,3972,189.2,8
13624,24883,3972,297.09,8
13625,24885,3973,213.13,2
13626,24886,3973,297.03,4
13627,24887,3974,280.41,12
13628,24889,3974,259.43,9
13629,24890,3974,311.31,10
13630,24891,3974,224.39,11
13631,24892,3974,368.31,11
13632,24893,3974,359.16,10
13633,24894,3974,325.93,3
13634,24896,3974,368.68,6
13635,24900,3975,413.06,11
13636,24901,3976,193.43,1
13637,24902,3976,464.73,4
13638,24904,3976,470.51,3
13639,24905,3976,397.29,12
13640,24908,3977,290.62,11
13641,24911,3978,511.45,6
13642,24912,3978,420.74,7
13643,24914,3978,185.38,9
13644,24915,3978,286.16,9
13645,24916,3979,374.43,6
13646,24923,3979,205.89,10
13647,24925,3979,419.26,10
13648,24928,3980,302.36,1
13649,24929,3980,231.2,7
13650,24931,3981,304.16,3
13651,24933,3981,270.11,11
13652,24935,3982,165.15,9
13653,24936,3982,316.35,2
13654,24937,3982,282.33,8
13655,24938,3982,330.42,11
13656,24939,3982,222.84,9
13657,24940,3982,334.51,7
13658,24941,3982,537.32,7
13659,24942,3982,207.55,7
13660,24943,3982,325.86,9
13661,24946,3983,348.76,6
13662,24948,3984,325.95,4
13663,24949,3984,317.77,11
13664,24950,3984,327.03,1
13665,24951,3984,281.33,3
13666,24952,3985,471.19,9
13667,24955,3985,357.22,9
13668,24958,3985,263.91,5
13669,24960,3986,428.99,4
13670,24961,3986,254.85,1
13671,24962,3986,217.87,12
13672,24966,3986,282.09,10
13673,24967,3986,449.11,11
13674,24973,3987,219.41,2
13675,24974,3988,294.24,4
13676,24975,3989,267.42,4
13677,24977,3990,397.1,6
13678,24978,3990,223.23,12
13679,24979,3990,376.74,12
13680,24980,3990,199.95,8
13681,24981,3990,418.38,7
13682,24982,3990,370.22,10
13683,24984,3990,386.04,8
13684,24986,3992,336.22,8
13685,24987,3992,224.05,12
13686,24989,3992,391.56,5
13687,24990,3993,372.92,12
13688,24991,3993,251.41,6
13689,24992,3993,208.6,2
13690,24994,3993,326.23,1
13691,24995,3993,333.33,4
13692,24998,3994,385.75,9
13693,25000,3994,263.71,6
13694,25004,3994,354.68,9
13695,25008,3995,408.27,6
13696,25016,3995,132.91,3
13697,25017,3996,110.37,11
13698,25018,3996,336.04,8
13699,25019,3996,345.65,4
13700,25020,3997,263.3,1
13701,25022,3997,186.85,7
13702,25023,3997,483.99,8
13703,25024,3998,326.01,8
13704,25025,3998,330.02,7
13705,25026,3998,275.11,2
13706,25029,3999,306.43,11
13707,25030,3999,295.37,1
13708,25033,3999,443.58,4
13709,25036,4000,543.44,2
13710,25037,4001,248.98,8
13711,25038,4001,418.25,7
13712,25039,4001,465.12,2
13713,25041,4001,245.49,6
13714,25044,4002,269.43,12
13715,25045,4002,212.41,10
13716,25047,4002,266.63,1
13717,25049,4002,241.95,3
13718,25051,4002,300.2,9
13719,25052,4002,205.18,10
13720,25053,4002,374.16,2
13721,25054,4002,395.8,7
13722,25055,4003,281.06,8
13723,25057,4003,223.68,5
13724,25061,4004,338.23,6
13725,25063,4005,344.34,3
13726,25069,4006,256.14,7
13727,25070,4006,282.44,2
13728,25072,4006,278.21,10
13729,25073,4006,391.44,10
13730,25075,4007,337.71,7
13731,25079,4008,155.58,5
13732,25080,4008,534.96,6
13733,25081,4008,280.95,2
13734,25082,4008,387.83,9
13735,25083,4008,325.6,10
13736,25085,4008,274.79,2
13737,25086,4008,406.01,10
13738,25087,4008,482.51,8
13739,25089,4009,219.26,9
13740,25090,4009,249.51,12
13741,25093,4009,459.21,12
13742,25096,4010,506.21,12
13743,25097,4010,353.66,8
13744,25098,4010,441.46,7
13745,25099,4010,277.45,6
13746,25100,4010,169.98,9
13747,25102,4010,313.86,2
13748,25103,4010,448.62,3
13749,25104,4010,255.12,3
13750,25105,4011,465.85,5
13751,25107,4011,432.38,7
13752,25108,4011,335.65,7
13753,25109,4012,578.5,8
13754,25110,4012,306.3,4
13755,25111,4012,202.97,1
13756,25112,4012,290.55,7
13757,25113,4012,353.95,4
13758,25117,4013,260.02,8
13759,25118,4013,258.23,5
13760,25126,4014,363.27,12
13761,25128,4015,396.9,10
13762,25129,4015,346.74,3
13763,25130,4015,316.26,7
13764,25132,4015,268.74,7
13765,25133,4015,255.73,4
13766,25134,4016,296.63,7
13767,25135,4016,206.94,7
13768,25136,4016,266.42,3
13769,25137,4016,347.75,9
13770,25138,4016,216.09,10
13771,25139,4016,133.92,6
13772,25140,4016,278.39,9
13773,25141,4016,212.25,5
13774,25142,4016,272.29,12
13775,25145,4018,396.34,6
13776,25146,4018,395.64,3
13777,25149,4019,314.89,10
13778,25151,4019,372.02,9
13779,25152,4019,497.16,10
13780,25153,4019,297.13,1
13781,25154,4019,232.74,1
13782,25155,4019,380.27,11
13783,25156,4019,274.67,5
13784,25158,4019,222.43,11
13785,25159,4019,297.61,3
13786,25162,4020,355.44,4
13787,25163,4020,352.65,7
13788,25165,4020,195.43,11
13789,25166,4020,358.87,5
13790,25167,4021,188.56,3
13791,25170,4022,203.77,3
13792,25171,4022,440.59,2
13793,25172,4022,165.11,1
13794,25173,4022,103.54,5
13795,25174,4022,359.5,5
13796,25176,4022,265.98,6
13797,25177,4022,284.75,10
13798,25178,4022,453.76,6
13799,25181,4023,415.96,3
13800,25184,4024,404.13,7
13801,25185,4025,322.54,8
13802,25186,4025,366.17,12
13803,25188,4026,276.42,9
13804,25191,4026,265.26,8
13805,25193,4027,319.5,2
13806,25196,4027,374.64,11
13807,25198,4027,459.66,9
13808,25201,4027,416.53,4
13809,25206,4028,380.44,8
13810,25208,4028,309.57,12
13811,25211,4028,296.44,10
13812,25215,4029,340.56,4
13813,25217,4030,335.92,6
13814,25218,4030,223.67,6
13815,25219,4030,286.14,4
13816,25220,4030,322.53,2
13817,25221,4030,377.9,3
13818,25222,4030,314.25,11
13819,25223,4030,493.21,3
13820,25226,4030,265.04,12
13821,25227,4031,341.97,2
13822,25234,4032,308.91,5
13823,25235,4033,357.31,8
13824,25236,4033,320.8,9
13825,25238,4034,292.19,12
13826,25239,4034,370.06,1
13827,25242,4035,246.37,8
13828,25243,4035,201.72,11
13829,25245,4035,406.39,4
13830,25247,4035,321.96,5
13831,25248,4035,455.61,11
13832,25249,4035,320.67,1
13833,25250,4036,189.33,10
13834,25251,4036,358.04,9
13835,25261,4037,158.65,2
13836,25263,4037,175.33,12
13837,25266,4037,321.85,3
13838,25267,4037,338.25,8
13839,25270,4038,332.04,4
13840,25271,4038,251.58,10
13841,25273,4039,248.55,4
13842,25277,4039,562.76,12
13843,25280,4040,218.39,1
13844,25281,4040,247.69,10
13845,25282,4040,450.69,1
13846,25284,4040,247.61,3
13847,25285,4040,296.61,11
13848,25288,4040,323.84,1
13849,25289,4040,289.03,5
13850,25291,4040,423.43,10
13851,25294,4041,411.14,6
13852,25295,4041,390.03,12
13853,25296,4042,451.04,12
13854,25298,4042,309.49,5
13855,25301,4043,434.32,6
13856,25303,4043,362.31,1
13857,25304,4043,238.35,1
13858,25305,4043,364.46,12
13859,25306,4043,280.58,8
13860,25308,4043,184.27,5
13861,25309,4043,184.32,1
13862,25310,4043,233.28,11
13863,25312,4044,460.61,2
13864,25314,4044,75.05,9
13865,25316,4044,296.11,7
13866,25318,4044,368.99,3
13867,25324,4045,306.91,3
13868,25325,4045,288.81,10
13869,25327,4046,247.34,12
13870,25328,4046,452.84,6
13871,25330,4046,279.33,5
13872,25331,4046,209.51,2
13873,25332,4046,275.57,12
13874,25333,4046,344.05,7
13875,25334,4046,250.91,4
13876,25338,4047,357.1,9
13877,25339,4047,316.15,9
13878,25341,4047,353.12,7
13879,25342,4047,446.32,6
13880,25343,4048,159.42,5
13881,25347,4048,282.39,7
13882,25348,4048,240.09,6
13883,25349,4048,254.78,9
13884,25352,4049,330.88,12
13885,25354,4050,318.34,11
13886,25356,4050,167.27,3
13887,25357,4050,211.71,6
13888,25358,4050,419.81,1
13889,25365,4051,196.97,11
13890,25367,4052,381.94,8
13891,25368,4052,146.27,8
13892,25369,4053,173.47,5
13893,25370,4053,366.17,6
13894,25371,4053,454.4,1
13895,25372,4053,406.74,9
13896,25374,4054,272.94,4
13897,25377,4054,252.36,6
13898,25379,4054,358.32,6
13899,25380,4054,173.17,1
13900,25381,4054,359.85,5
13901,25382,4055,269.86,1
13902,25384,4055,466.23,5
13903,25385,4055,346.69,12
13904,25389,4055,304.29,1
13905,25391,4055,340.43,9
13906,25392,4056,287.63,11
13907,25397,4057,364.58,6
13908,25398,4057,240.47,5
13909,25399,4057,416.67,5
13910,25400,4057,287.38,11
13911,25402,4057,394.84,11
13912,25406,4058,388.82,6
13913,25407,4058,333.65,9
13914,25409,4059,382.23,9
13915,25414,4060,280.03,3
13916,25417,4060,377.95,2
13917,25419,4060,175.77,11
13918,25423,4061,225.03,11
13919,25425,4061,303.79,4
13920,25426,4061,149.69,10
13921,25429,4061,327.9,12
13922,25431,4062,510.86,9
13923,25435,4062,255.94,12
13924,25436,4062,324.02,4
13925,25437,4062,233.71,6
13926,25439,4063,417.19,11
13927,25440,4063,299.94,5
13928,25441,4064,318.78,10
13929,25442,4064,300.98,3
13930,25444,4064,296.71,6
13931,25445,4064,209.31,8
13932,25446,4064,336.22,8
13933,25450,4065,296.63,5
13934,25452,4065,186.12,3
13935,25453,4066,154.51,11
13936,25454,4066,304.94,7
13937,25456,4066,292.77,9
13938,25457,4067,201.39,12
13939,25458,4067,394.48,10
13940,25459,4067,273.04,7
13941,25460,4067,370.16,5
13942,25463,4068,244.42,3
13943,25464,4068,286.15,1
13944,25465,4069,265.44,4
13945,25466,4069,285.53,1
13946,25467,4069,340.12,8
13947,25468,4069,295.36,4
13948,25470,4070,376.24,12
13949,25471,4070,215.62,4
13950,25477,4071,254.73,3
13951,25479,4071,350.49,9
13952,25482,4071,400.94,4
13953,25483,4072,327.81,8
13954,25484,4072,387.0,1
13955,25485,4072,239.78,11
13956,25487,4072,276.24,2
13957,25489,4073,371.52,10
13958,25491,4074,287.32,12
13959,25493,4074,278.79,5
13960,25494,4074,285.5,11
13961,25495,4074,211.16,9
13962,25496,4074,225.34,2
13963,25497,4074,257.91,10
13964,25499,4075,448.57,11
13965,25500,4075,281.81,12
13966,25502,4076,288.19,1
13967,25505,4076,379.85,10
13968,25506,4076,319.43,12
13969,25507,4076,276.73,7
13970,25508,4076,312.03,9
13971,25513,4077,238.24,9
13972,25514,4077,212.14,10
13973,25515,4077,406.84,8
13974,25518,4078,348.21,3
13975,25520,4079,145.66,10
13976,25521,4079,391.91,1
13977,25523,4079,300.99,11
13978,25525,4080,296.46,3
13979,25526,4080,403.09,6
13980,25527,4080,231.48,6
13981,25530,4082,324.89,6
13982,25531,4082,448.87,5
13983,25533,4082,293.53,1
13984,25534,4082,282.04,5
13985,25535,4082,467.98,8
13986,25536,4082,271.06,1
13987,25541,4082,382.14,11
13988,25544,4083,204.66,5
13989,25545,4083,391.41,4
13990,25547,4083,270.19,8
13991,25549,4083,402.13,12
13992,25550,4083,270.53,3
13993,25552,4083,367.17,2
13994,25555,4084,146.73,8
13995,25558,4084,310.07,4
13996,25560,4085,327.16,5
13997,25561,4085,231.12,6
13998,25562,4086,323.17,1
13999,25563,4086,560.5,12
14000,25564,4086,228.39,11
14001,25567,4086,360.76,6
14002,25569,4087,266.79,11
14003,25570,4087,428.47,11
14004,25572,4088,343.81,7
14005,25574,4089,275.0,12
14006,25575,4089,331.37,8
14007,25577,4089,472.36,10
14008,25579,4089,276.98,6
14009,25581,4089,400.25,2
14010,25584,4089,223.45,7
14011,25585,4090,357.3,12
14012,25587,4091,311.52,10
14013,25588,4091,427.36,4
14014,25589,4091,315.11,11
14015,25591,4092,434.58,7
14016,25592,4092,247.65,3
14017,25593,4092,212.2,5
14018,25594,4092,233.07,7
14019,25595,4092,362.09,9
14020,25597,4092,222.78,3
14021,25598,4092,119.75,12
14022,25600,4093,289.49,4
14023,25601,4093,334.52,8
14024,25602,4093,279.48,5
14025,25603,4094,218.24,8
14026,25604,4094,424.98,2
14027,25605,4094,392.93,5
14028,25606,4094,350.58,8
14029,25608,4094,437.07,7
14030,25610,4094,238.87,1
14031,25611,4094,301.02,1
14032,25612,4094,425.32,9
14033,25613,4094,334.53,10
14034,25616,4095,473.13,11
14035,25617,4095,162.49,10
14036,25618,4095,156.39,3
14037,25620,4095,275.34,1
14038,25623,4096,372.51,5
14039,25624,4096,383.99,12
14040,25625,4096,298.52,6
14041,25628,4096,412.82,4
14042,25633,4097,357.41,8
14043,25634,4098,325.92,8
14044,25637,4099,439.74,8
14045,25638,4100,325.88,8
14046,25639,4100,254.57,7
14047,25642,4101,300.39,5
14048,25643,4101,228.16,8
14049,25644,4101,302.22,11
14050,25645,4101,246.36,5
14051,25647,4101,200.05,12
14052,25649,4101,276.94,11
14053,25650,4101,184.58,6
14054,25652,4101,387.4,9
14055,25654,4102,377.3,9
14056,25655,4102,411.48,7
14057,25658,4102,272.16,3
14058,25659,4102,360.78,9
14059,25665,4103,217.28,9
14060,25666,4104,268.63,11
14061,25667,4104,412.26,1
14062,25668,4104,425.71,3
14063,25670,4105,331.11,7
14064,25671,4105,381.07,1
14065,25672,4105,299.07,8
14066,25679,4107,410.52,7
14067,25680,4107,238.06,8
14068,25681,4107,330.82,1
14069,25682,4107,426.56,3
14070,25683,4107,274.47,2
14071,25685,4107,318.76,8
14072,25686,4107,358.93,10
14073,25688,4108,404.55,5
14074,25689,4108,253.29,5
14075,25691,4108,353.82,11
14076,25693,4108,408.13,4
14077,25695,4109,407.84,7
14078,25699,4112,316.11,5
14079,25700,4112,288.65,6
14080,25702,4112,318.88,8
14081,25706,4112,256.35,8
14082,25708,4113,368.24,6
14083,25710,4113,332.1,9
14084,25711,4113,100.23,9
14085,25712,4113,352.72,5
14086,25714,4113,276.01,6
14087,25715,4113,334.76,11
14088,25717,4113,456.58,8
14089,25719,4114,238.04,8
14090,25724,4115,284.44,3
14091,25725,4115,299.11,9
14092,25726,4115,202.76,7
14093,25727,4115,329.03,2
14094,25728,4115,359.03,7
14095,25729,4116,285.37,1
14096,25730,4116,369.61,12
14097,25732,4117,453.99,12
14098,25735,4117,257.89,8
14099,25736,4117,306.26,9
14100,25737,4117,293.57,11
14101,25738,4118,479.67,7
14102,25739,4118,371.54,11
14103,25740,4118,416.36,7
14104,25741,4118,303.13,6
14105,25742,4118,481.84,2
14106,25743,4118,410.31,6
14107,25745,4118,239.46,12
14108,25747,4118,212.67,1
14109,25748,4119,325.14,10
14110,25750,4119,367.15,6
14111,25752,4119,287.09,6
14112,25753,4119,253.99,8
14113,25755,4119,407.15,10
14114,25756,4120,352.66,4
14115,25758,4120,313.01,9
14116,25760,4120,254.11,3
14117,25761,4121,314.04,1
14118,25762,4121,252.04,7
14119,25763,4121,402.69,12
14120,25764,4121,387.11,8
14121,25765,4121,234.88,3
14122,25766,4121,237.5,12
14123,25767,4122,437.64,11
14124,25771,4123,392.32,2
14125,25774,4123,382.44,10
14126,25776,4124,422.81,10
14127,25778,4124,232.84,9
14128,25781,4125,300.66,10
14129,25785,4125,490.68,8
14130,25786,4126,456.7,8
14131,25789,4126,372.76,2
14132,25791,4127,338.81,6
14133,25795,4127,369.74,3
14134,25799,4128,313.39,7
14135,25800,4128,257.37,8
14136,25802,4128,247.24,8
14137,25803,4128,516.57,7
14138,25809,4129,267.33,12
14139,25810,4129,414.14,3
14140,25812,4129,126.05,11
14141,25813,4129,273.08,2
14142,25814,4130,309.84,9
14143,25815,4130,270.68,11
14144,25818,4130,250.74,5
14145,25821,4131,404.53,1
14146,25822,4132,351.23,8
14147,25823,4132,270.88,2
14148,25826,4132,262.92,9
14149,25827,4133,197.97,10
14150,25828,4133,220.24,12
14151,25831,4134,224.06,10
14152,25832,4134,279.67,2
14153,25836,4134,596.02,12
14154,25838,4134,270.68,2
14155,25839,4134,279.67,6
14156,25840,4135,269.95,8
14157,25842,4135,360.77,10
14158,25843,4135,205.16,7
14159,25845,4135,229.35,7
14160,25846,4135,418.66,11
14161,25848,4135,343.83,11
14162,25850,4136,335.46,8
14163,25852,4136,400.06,6
14164,25853,4137,323.58,7
14165,25855,4137,212.69,11
14166,25857,4137,364.53,11
14167,25858,4137,370.73,1
14168,25859,4137,183.26,10
14169,25860,4138,347.51,5
14170,25862,4138,378.6,12
14171,25865,4138,382.62,8
14172,25866,4138,395.32,7
14173,25867,4138,357.1,3
14174,25869,4139,409.71,9
14175,25880,4141,230.2,8
14176,25882,4141,459.26,6
14177,25883,4141,150.07,1
14178,25885,4142,397.3,2
14179,25889,4143,234.09,3
14180,25891,4143,432.17,11
14181,25892,4143,384.92,5
14182,25895,4144,270.43,11
14183,25896,4144,295.55,10
14184,25897,4145,279.94,12
14185,25899,4145,385.84,3
14186,25900,4145,193.27,11
14187,25901,4145,298.87,3
14188,25904,4145,363.52,6
14189,25909,4146,148.68,4
14190,25910,4146,203.55,8
14191,25911,4147,428.59,1
14192,25913,4147,149.67,7
14193,25915,4148,232.81,2
14194,25916,4148,468.02,9
14195,25918,4148,353.3,10
14196,25919,4148,436.02,9
14197,25923,4149,249.03,6
14198,25924,4149,193.85,7
14199,25926,4149,328.82,6
14200,25927,4149,359.87,9
14201,25929,4149,171.4,1
14202,25930,4149,320.43,4
14203,25932,4149,244.94,3
14204,25934,4149,325.93,8
14205,25935,4150,411.05,7
14206,25936,4150,295.18,12
14207,25937,4150,426.02,11
14208,25938,4150,298.88,9
14209,25942,4150,401.42,1
14210,25943,4150,397.8,10
14211,25944,4151,377.57,10
14212,25945,4151,339.94,11
14213,25946,4151,478.14,4
14214,25947,4151,339.45,11
14215,25952,4154,386.02,8
14216,25954,4154,188.03,9
14217,25958,4155,386.11,12
14218,25959,4155,411.52,5
14219,25960,4155,284.47,7
14220,25963,4156,433.24,8
14221,25968,4157,231.32,8
14222,25970,4157,234.14,12
14223,25973,4157,355.87,2
14224,25974,4157,350.79,9
14225,25975,4158,271.42,12
14226,25977,4159,209.37,12
14227,25978,4159,425.88,7
14228,25980,4159,178.2,8
14229,25983,4159,359.84,6
14230,25986,4159,244.15,1
14231,25992,4160,344.28,10
14232,25993,4160,308.62,11
14233,25994,4161,468.25,5
14234,25996,4161,445.42,8
14235,25998,4161,304.55,6
14236,25999,4161,424.99,9
14237,26000,4161,152.84,11
14238,26002,4162,307.82,11
14239,26005,4162,295.54,9
14240,26008,4163,135.88,10
14241,26010,4163,279.61,7
14242,26011,4163,424.53,12
14243,26012,4163,336.43,10
14244,26013,4163,367.8,10
14245,26014,4164,221.44,1
14246,26017,4164,239.02,3
14247,26018,4164,308.87,4
14248,26019,4164,351.49,2
14249,26021,4164,374.76,1
14250,26022,4164,323.16,7
14251,26023,4165,269.5,9
14252,26025,4165,273.39,1
14253,26026,4165,258.37,6
14254,26029,4165,253.67,8
14255,26031,4165,242.54,5
14256,26032,4165,368.48,2
14257,26033,4166,324.69,3
14258,26035,4166,367.75,10
14259,26037,4166,293.67,10
14260,26038,4166,312.34,3
14261,26040,4167,154.41,11
14262,26042,4167,387.92,4
14263,26047,4168,354.86,7
14264,26048,4168,331.47,1
14265,26049,4168,402.46,12
14266,26051,4168,473.14,3
14267,26052,4168,249.46,1
14268,26053,4169,447.42,6
14269,26054,4169,433.71,6
14270,26056,4169,282.76,3
14271,26058,4170,221.76,2
14272,26062,4170,345.31,3
14273,26063,4170,421.82,10
14274,26069,4170,206.66,11
14275,26070,4171,207.76,6
14276,26071,4171,372.71,3
14277,26072,4171,332.44,8
14278,26075,4171,396.92,12
14279,26076,4171,346.24,8
14280,26077,4171,353.23,10
14281,26079,4172,334.54,10
14282,26083,4172,323.59,11
14283,26084,4172,379.09,10
14284,26085,4172,198.31,9
14285,26086,4172,315.89,6
14286,26087,4172,280.37,2
14287,26088,4172,275.21,2
14288,26089,4172,376.4,10
14289,26090,4172,393.43,9
14290,26091,4172,390.71,3
14291,26092,4173,393.1,9
14292,26093,4173,345.02,1
14293,26094,4173,191.43,3
14294,26096,4173,297.62,2
14295,26097,4173,359.74,7
14296,26098,4173,333.42,8
14297,26101,4174,400.24,11
14298,26102,4174,347.57,12
14299,26103,4174,328.85,11
14300,26105,4175,248.41,12
14301,26108,4175,289.84,1
14302,26114,4176,412.12,10
14303,26115,4177,292.58,5
14304,26120,4177,392.14,5
14305,26123,4179,162.02,9
14306,26124,4179,245.48,6
14307,26125,4179,174.81,6
14308,26128,4179,115.03,2
14309,26131,4181,155.37,8
14310,26132,4181,305.2,7
14311,26133,4181,450.83,1
14312,26134,4181,175.74,10
14313,26137,4182,321.96,10
14314,26139,4182,299.68,3
14315,26144,4182,324.48,2
14316,26145,4183,299.91,5
14317,26146,4183,259.15,1
14318,26151,4183,118.19,3
14319,26152,4183,371.13,5
14320,26155,4184,412.12,1
14321,26162,4186,317.25,10
14322,26163,4186,324.65,9
14323,26164,4186,197.79,3
14324,26165,4186,274.88,12
14325,26167,4187,367.7,9
14326,26168,4187,228.81,9
14327,26169,4187,310.01,12
14328,26170,4187,513.25,12
14329,26171,4187,339.29,8
14330,26176,4188,218.57,5
14331,26178,4188,570.79,8
14332,26181,4189,353.52,9
14333,26183,4189,246.04,8
14334,26185,4190,310.94,5
14335,26186,4190,166.92,11
14336,26187,4190,246.15,9
14337,26188,4190,398.55,1
14338,26189,4190,208.74,6
14339,26190,4190,192.73,6
14340,26193,4191,404.7,10
14341,26194,4191,517.68,9
14342,26195,4191,369.57,2
14343,26196,4192,479.18,8
14344,26197,4192,216.7,2
14345,26200,4192,361.73,5
14346,26201,4192,421.65,11
14347,26202,4193,274.21,6
14348,26203,4193,234.39,10
14349,26205,4193,310.55,5
14350,26206,4193,351.68,2
14351,26207,4193,299.56,5
14352,26210,4194,338.76,5
14353,26212,4195,207.28,5
14354,26214,4196,346.89,2
14355,26215,4196,388.23,4
14356,26216,4196,344.85,1
14357,26217,4197,249.83,7
14358,26220,4197,174.83,3
14359,26222,4197,328.59,6
14360,26224,4197,268.55,1
14361,26226,4197,465.8,9
14362,26227,4197,447.69,9
14363,26229,4198,151.96,1
14364,26230,4198,296.2,11
14365,26232,4198,251.74,1
14366,26235,4198,213.14,5
14367,26236,4199,304.78,4
14368,26237,4199,248.88,8
14369,26238,4199,237.79,7
14370,26239,4199,228.42,2
14371,26240,4199,439.42,6
14372,26242,4199,302.16,6
14373,26243,4199,314.38,2
14374,26246,4200,433.5,7
14375,26248,4200,291.53,6
14376,26249,4200,348.8,1
14377,26250,4201,254.88,6
14378,26251,4201,275.31,1
14379,26253,4201,330.98,12
14380,26254,4201,338.01,4
14381,26255,4202,387.1,12
14382,26260,4202,416.4,3
14383,26261,4202,315.19,10
14384,26262,4202,417.22,10
14385,26263,4202,245.95,3
14386,26264,4202,383.57,2
14387,26265,4202,253.84,8
14388,26270,4204,256.96,2
14389,26271,4205,412.81,8
14390,26275,4206,119.05,2
14391,26276,4206,379.63,12
14392,26277,4206,337.85,11
14393,26285,4207,335.14,4
14394,26286,4207,465.64,3
14395,26288,4207,223.42,11
14396,26289,4207,214.08,8
14397,26291,4207,419.88,7
14398,26293,4207,301.02,10
14399,26294,4208,429.18,7
14400,26296,4208,379.29,6
14401,26297,4208,349.74,7
14402,26300,4209,301.26,10
14403,26301,4209,297.27,2
14404,26303,4209,498.77,3
14405,26306,4209,264.93,8
14406,26307,4209,413.64,2
14407,26310,4210,236.95,11
14408,26312,4210,239.7,8
14409,26313,4211,336.44,7
14410,26314,4212,306.26,6
14411,26317,4213,406.48,12
14412,26318,4213,295.03,8
14413,26319,4213,273.31,7
14414,26320,4214,205.54,11
14415,26324,4215,530.33,4
14416,26325,4215,186.68,2
14417,26326,4215,600.46,1
14418,26327,4216,380.34,12
14419,26329,4216,360.51,1
14420,26330,4217,184.38,10
14421,26335,4218,369.17,9
14422,26338,4220,180.32,3
14423,26339,4220,305.16,1
14424,26341,4220,418.88,3
14425,26342,4221,190.17,3
14426,26343,4221,378.89,8
14427,26344,4221,287.4,11
14428,26345,4221,370.76,2
14429,26347,4222,199.16,4
14430,26348,4222,439.37,5
14431,26353,4222,382.46,4
14432,26354,4222,244.29,7
14433,26355,4222,250.06,10
14434,26356,4222,434.31,8
14435,26357,4222,281.57,1
14436,26359,4223,244.2,5
14437,26364,4223,366.95,7
14438,26369,4224,377.95,8
14439,26370,4224,270.0,11
14440,26371,4224,448.89,1
14441,26372,4224,319.84,10
14442,26375,4224,402.14,11
14443,26380,4225,401.84,8
14444,26384,4225,200.87,8
14445,26385,4225,424.22,7
14446,26386,4225,412.05,2
14447,26388,4225,350.15,6
14448,26390,4225,102.96,3
14449,26392,4225,341.09,8
14450,26396,4226,238.18,5
14451,26398,4226,197.15,5
14452,26399,4226,305.89,3
14453,26401,4227,123.81,1
14454,26402,4227,310.65,8
14455,26403,4227,418.31,8
14456,26404,4227,369.42,7
14457,26405,4227,425.5,11
14458,26407,4227,291.38,1
14459,26410,4228,360.78,9
14460,26412,4229,222.04,2
14461,26415,4229,144.88,9
14462,26416,4229,220.0,10
14463,26417,4230,253.44,1
14464,26419,4231,249.81,7
14465,26420,4231,430.52,4
14466,26424,4231,306.37,12
14467,26425,4231,512.83,11
14468,26426,4231,457.25,5
14469,26427,4231,229.21,12
14470,26428,4231,412.35,11
14471,26429,4231,414.21,6
14472,26432,4232,287.63,4
14473,26434,4232,321.78,11
14474,26437,4232,260.67,1
14475,26439,4233,534.52,8
14476,26441,4234,465.47,6
14477,26442,4234,293.81,10
14478,26446,4234,460.61,9
14479,26450,4235,279.94,11
14480,26452,4236,405.58,11
14481,26453,4236,343.04,12
14482,26454,4237,312.03,7
14483,26456,4237,228.28,4
14484,26457,4237,267.7,7
14485,26459,4238,374.82,2
14486,26460,4238,326.28,3
14487,26462,4238,290.06,11
14488,26463,4238,450.97,9
14489,26464,4238,331.64,2
14490,26465,4238,320.14,10
14491,26466,4239,271.57,3
14492,26468,4239,346.57,10
14493,26469,4239,373.37,11
14494,26472,4239,333.26,1
14495,26473,4239,372.96,3
14496,26475,4239,260.59,7
14497,26477,4240,222.49,5
14498,26479,4240,296.74,4
14499,26480,4240,358.33,10
14500,26482,4240,412.95,10
14501,26483,4240,521.21,12
14502,26485,4241,378.03,1
14503,26489,4242,137.33,10
14504,26491,4242,425.47,10
14505,26492,4243,357.47,5
14506,26495,4243,257.69,8
14507,26496,4243,394.15,7
14508,26497,4243,357.97,10
14509,26498,4243,276.52,6
14510,26499,4244,330.94,8
14511,26500,4244,239.41,3
14512,26502,4244,302.09,10
14513,26503,4244,202.49,3
14514,26505,4244,358.31,9
14515,26506,4244,353.34,9
14516,26507,4245,422.07,10
14517,26510,4247,410.29,11
14518,26511,4247,260.64,1
14519,26513,4247,354.8,10
14520,26514,4247,357.9,6
14521,26515,4247,248.03,6
14522,26518,4247,401.64,3
14523,26520,4248,291.53,4
14524,26522,4248,261.83,12
14525,26525,4248,304.87,10
14526,26528,4249,168.29,3
14527,26529,4249,160.67,10
14528,26530,4249,372.45,9
14529,26531,4249,260.36,5
14530,26532,4249,209.94,11
14531,26533,4249,173.65,8
14532,26536,4250,205.62,1
14533,26538,4252,250.8,3
14534,26542,4252,140.63,12
14535,26543,4252,379.16,6
14536,26544,4252,357.35,12
14537,26546,4253,248.31,9
14538,26548,4253,437.54,10
14539,26549,4253,255.85,7
14540,26551,4253,316.58,3
14541,26553,4254,439.83,4
14542,26554,4254,288.8,5
14543,26557,4254,391.99,2
14544,26558,4254,382.68,4
14545,26559,4254,276.16,10
14546,26560,4254,294.94,11
14547,26561,4254,197.05,11
14548,26563,4255,68.28,5
14549,26564,4255,250.32,9
14550,26567,4256,341.36,11
14551,26569,4256,210.11,5
14552,26572,4256,375.24,9
14553,26573,4256,279.89,3
14554,26574,4256,409.29,5
14555,26575,4257,223.34,9
14556,26578,4257,314.78,7
14557,26582,4257,211.31,10
14558,26583,4257,148.2,6
14559,26584,4257,296.36,8
14560,26585,4258,212.04,9
14561,26586,4258,314.66,2
14562,26587,4258,357.82,2
14563,26589,4259,189.06,6
14564,26590,4259,394.71,5
14565,26591,4259,211.63,3
14566,26592,4259,255.69,8
14567,26594,4260,260.09,9
14568,26595,4260,339.38,5
14569,26596,4260,371.04,8
14570,26597,4260,366.88,7
14571,26598,4260,257.38,12
14572,26599,4260,367.77,4
14573,26602,4261,397.04,11
14574,26604,4261,266.33,3
14575,26606,4261,179.45,10
14576,26607,4261,289.26,10
14577,26608,4262,422.79,10
14578,26610,4262,476.09,4
14579,26612,4262,127.88,2
14580,26614,4262,343.89,2
14581,26615,4262,353.09,2
14582,26618,4263,451.59,9
14583,26620,4263,335.02,4
14584,26622,4264,336.65,2
14585,26623,4264,288.05,7
14586,26627,4264,234.13,3
14587,26628,4264,269.01,12
14588,26629,4264,355.29,7
14589,26631,4264,214.53,9
14590,26633,4265,428.69,2
14591,26638,4265,343.87,5
14592,26644,4266,179.82,10
14593,26646,4266,344.03,6
14594,26652,4267,269.18,5
14595,26655,4267,469.34,11
14596,26657,4267,177.82,11
14597,26659,4267,308.72,1
14598,26660,4267,244.32,7
14599,26662,4267,382.83,3
14600,26663,4267,405.29,9
14601,26664,4267,196.55,11
14602,26665,4268,335.36,11
14603,26666,4268,474.39,6
14604,26667,4268,398.34,3
14605,26668,4269,460.75,5
14606,26669,4269,352.74,7
14607,26670,4269,196.85,8
14608,26672,4269,174.42,10
14609,26673,4269,269.31,7
14610,26674,4269,256.53,5
14611,26676,4269,474.17,3
14612,26679,4269,499.33,3
14613,26681,4270,381.1,6
14614,26682,4270,376.38,3
14615,26685,4270,240.05,12
14616,26686,4270,365.95,6
14617,26689,4270,191.77,4
14618,26690,4270,219.61,9
14619,26691,4271,455.42,6
14620,26693,4271,347.34,11
14621,26695,4271,384.04,9
14622,26696,4271,98.44,1
14623,26700,4272,279.07,1
14624,26703,4272,273.18,10
14625,26704,4273,417.85,3
14626,26705,4273,405.31,12
14627,26707,4273,399.61,5
14628,26709,4273,331.42,7
14629,26710,4273,446.96,6
14630,26711,4273,248.27,8
14631,26712,4273,294.18,8
14632,26718,4274,477.32,6
14633,26720,4275,329.05,7
14634,26723,4276,435.91,6
14635,26724,4277,279.3,8
14636,26727,4277,331.25,10
14637,26728,4277,415.08,1
14638,26729,4277,439.75,1
14639,26733,4278,312.42,8
14640,26734,4278,195.97,3
14641,26738,4279,237.91,8
14642,26741,4279,285.15,7
14643,26744,4280,362.72,9
14644,26747,4280,251.09,10
14645,26749,4281,361.56,5
14646,26750,4281,346.38,3
14647,26751,4281,278.47,7
14648,26752,4281,150.44,8
14649,26753,4281,365.15,2
14650,26754,4281,167.78,3
14651,26755,4281,396.14,12
14652,26756,4281,514.36,1
14653,26757,4281,322.05,1
14654,26758,4281,273.82,9
14655,26760,4281,456.64,2
14656,26762,4282,295.43,7
14657,26763,4282,344.03,3
14658,26767,4283,379.92,4
14659,26768,4283,247.74,4
14660,26769,4283,456.61,12
14661,26771,4284,422.28,3
14662,26772,4284,521.95,10
14663,26773,4284,372.17,6
14664,26776,4284,289.91,12
14665,26777,4284,210.23,1
14666,26781,4286,331.66,9
14667,26784,4286,329.25,11
14668,26785,4286,433.64,11
14669,26789,4286,303.1,1
14670,26790,4286,254.81,1
14671,26792,4287,158.69,4
14672,26794,4288,311.06,5
14673,26795,4288,255.98,6
14674,26797,4289,284.24,5
14675,26799,4290,301.71,1
14676,26801,4291,328.62,5
14677,26804,4291,238.07,10
14678,26805,4291,258.23,11
14679,26806,4291,450.57,9
14680,26807,4291,296.53,2
14681,26808,4291,384.42,12
14682,26809,4291,285.26,5
14683,26810,4291,296.84,4
14684,26813,4293,412.08,1
14685,26815,4293,272.23,10
14686,26817,4293,398.45,11
14687,26820,4293,373.26,2
14688,26821,4293,285.2,1
14689,26822,4293,216.94,6
14690,26824,4293,390.07,12
14691,26825,4294,264.01,2
14692,26827,4294,293.79,4
14693,26830,4294,271.29,7
14694,26831,4295,165.2,10
14695,26832,4295,321.72,8
14696,26834,4295,131.34,2
14697,26838,4295,375.97,1
14698,26839,4296,378.47,12
14699,26840,4296,309.91,12
14700,26842,4298,209.04,6
14701,26843,4298,369.16,5
14702,26844,4298,50.0,9
14703,26845,4298,319.01,5
14704,26846,4298,436.25,11
14705,26848,4299,347.26,12
14706,26852,4300,262.76,8
14707,26853,4300,212.41,3
14708,26855,4300,542.6,4
14709,26856,4300,282.65,4
14710,26857,4300,301.24,11
14711,26858,4300,273.05,7
14712,26859,4300,234.14,8
14713,26860,4300,95.27,2
14714,26861,4301,266.2,4
14715,26862,4301,311.24,3
14716,26863,4301,226.35,4
14717,26864,4301,86.61,2
14718,26867,4301,342.38,11
14719,26868,4301,317.21,1
14720,26869,4302,453.66,8
14721,26870,4302,307.77,1
14722,26872,4302,145.65,5
14723,26874,4302,434.79,5
14724,26875,4302,438.09,11
14725,26876,4302,195.58,11
14726,26877,4302,367.07,9
14727,26878,4302,448.33,3
14728,26879,4302,467.9,5
14729,26882,4303,440.22,7
14730,26886,4303,347.11,8
14731,26888,4303,314.9,5
14732,26889,4303,265.98,5
14733,26890,4304,261.94,9
14734,26891,4304,204.68,2
14735,26892,4304,361.87,11
14736,26894,4305,303.52,3
14737,26897,4305,282.65,9
14738,26898,4305,306.59,4
14739,26900,4305,419.38,4
14740,26906,4307,382.89,4
14741,26908,4307,140.96,7
14742,26909,4307,539.76,1
14743,26910,4308,421.32,3
14744,26916,4308,275.39,11
14745,26917,4308,320.31,10
14746,26918,4308,310.04,3
14747,26923,4308,226.48,4
14748,26928,4309,285.86,2
14749,26929,4309,229.36,1
14750,26930,4310,402.8,2
14751,26932,4310,170.53,12
14752,26934,4311,261.47,2
14753,26936,4312,230.96,7
14754,26937,4312,479.63,12
14755,26939,4312,391.49,10
14756,26940,4312,365.19,7
14757,26941,4312,418.93,8
14758,26942,4312,323.82,4
14759,26943,4312,306.43,8
14760,26944,4312,308.57,11
14761,26945,4312,277.87,2
14762,26949,4313,382.51,5
14763,26950,4313,406.41,4
14764,26952,4313,381.32,2
14765,26953,4313,279.94,7
14766,26954,4313,269.13,4
14767,26955,4314,521.35,7
14768,26956,4314,287.29,5
14769,26959,4314,446.45,4
14770,26962,4315,284.58,1
14771,26963,4315,286.87,1
14772,26968,4315,359.03,8
14773,26969,4315,457.68,6
14774,26970,4316,354.83,10
14775,26974,4317,266.36,4
14776,26976,4317,536.39,8
14777,26980,4318,341.0,7
14778,26982,4318,298.99,9
14779,26983,4318,375.91,3
14780,26984,4318,226.5,7
14781,26986,4318,393.0,7
14782,26988,4318,226.16,7
14783,26989,4318,379.41,3
14784,26990,4318,463.45,3
14785,26993,4319,240.63,10
14786,26994,4319,330.95,3
14787,26995,4319,351.93,2
14788,26996,4319,405.89,12
14789,26997,4319,366.5,8
14790,26998,4319,327.87,8
14791,26999,4319,442.02,7
14792,27000,4319,340.35,10
14793,27001,4319,260.99,9
14794,27003,4320,221.26,6
14795,27004,4320,426.64,11
14796,27005,4320,451.52,4
14797,27006,4320,335.67,6
14798,27008,4320,187.4,6
14799,27011,4320,270.74,7
14800,27012,4320,441.15,2
14801,27014,4321,369.47,2
14802,27016,4321,185.09,12
14803,27018,4321,365.26,1
14804,27019,4321,315.42,10
14805,27020,4322,399.74,12
14806,27022,4322,280.56,8
14807,27023,4322,439.63,4
14808,27024,4323,297.65,6
14809,27025,4323,53.68,1
14810,27026,4323,264.1,12
14811,27027,4323,342.64,6
14812,27028,4323,332.22,1
14813,27029,4323,276.42,6
14814,27030,4324,179.87,10
14815,27031,4324,423.7,2
14816,27032,4324,466.78,3
14817,27034,4325,234.82,5
14818,27036,4326,398.42,3
14819,27039,4326,375.99,11
14820,27043,4326,207.42,4
14821,27044,4326,353.58,9
14822,27046,4327,576.15,4
14823,27047,4327,200.84,11
14824,27048,4327,441.66,4
14825,27049,4327,316.38,10
14826,27052,4328,294.9,2
14827,27054,4328,434.49,4
14828,27055,4328,263.9,10
14829,27056,4328,328.06,3
14830,27057,4328,308.25,2
14831,27058,4328,232.27,6
14832,27060,4328,431.65,4
14833,27061,4328,362.69,4
14834,27063,4328,524.36,6
14835,27064,4329,333.71,9
14836,27065,4329,310.26,9
14837,27066,4330,290.17,2
14838,27069,4330,294.43,5
14839,27070,4330,456.81,5
14840,27071,4330,269.26,7
14841,27075,4331,361.1,1
14842,27077,4331,288.77,4
14843,27079,4331,203.14,9
14844,27080,4332,349.3,10
14845,27081,4332,180.81,10
14846,27082,4332,342.24,12
14847,27084,4332,279.0,6
14848,27087,4333,284.79,9
14849,27088,4333,308.66,4
14850,27089,4333,322.04,8
14851,27090,4333,301.55,5
14852,27091,4334,367.21,11
14853,27092,4334,320.64,8
14854,27097,4335,572.35,11
14855,27099,4335,220.89,6
14856,27102,4337,218.72,8
14857,27104,4337,285.31,9
14858,27105,4338,242.2,9
14859,27106,4338,427.95,12
14860,27107,4338,477.42,6
14861,27109,4339,283.89,9
14862,27110,4339,366.34,12
14863,27111,4339,356.88,3
14864,27113,4339,279.0,8
14865,27114,4339,375.59,1
14866,27115,4340,394.67,1
14867,27116,4340,169.84,7
14868,27117,4340,213.78,6
14869,27118,4341,293.71,11
14870,27119,4341,291.13,2
14871,27122,4341,327.02,4
14872,27127,4341,237.3,3
14873,27130,4341,226.4,1
14874,27131,4342,287.48,8
14875,27132,4342,214.94,4
14876,27133,4342,427.6,7
14877,27136,4342,413.64,3
14878,27137,4343,374.93,1
14879,27139,4343,411.77,8
14880,27142,4343,281.41,5
14881,27143,4343,280.52,8
14882,27144,4343,356.17,10
14883,27145,4343,389.81,8
14884,27147,4344,352.53,1
14885,27149,4346,346.35,7
14886,27150,4346,351.58,7
14887,27154,4347,407.57,7
14888,27155,4347,418.17,2
14889,27156,4348,298.96,7
14890,27158,4348,376.4,6
14891,27160,4348,129.36,6
14892,27162,4348,170.72,11
14893,27163,4348,288.41,11
14894,27164,4349,262.68,10
14895,27165,4349,477.76,12
14896,27170,4349,293.35,11
14897,27173,4350,353.45,9
14898,27176,4350,338.97,3
14899,27177,4350,193.5,1
14900,27178,4350,346.1,5
14901,27183,4351,322.99,6
14902,27184,4351,460.85,7
14903,27188,4351,270.17,1
14904,27189,4351,376.01,2
14905,27191,4352,372.18,6
14906,27192,4352,243.9,9
14907,27193,4353,108.82,11
14908,27194,4353,323.25,9
14909,27195,4353,432.28,12
14910,27196,4353,347.93,12
14911,27198,4353,402.27,2
14912,27199,4353,263.01,4
14913,27200,4353,389.32,4
14914,27205,4354,157.91,6
14915,27206,4354,372.05,7
14916,27208,4354,170.7,12
14917,27209,4355,373.77,7
14918,27210,4355,269.65,10
14919,27211,4355,396.25,8
14920,27214,4355,316.46,4
14921,27215,4355,418.85,2
14922,27219,4356,359.17,1
14923,27221,4357,328.01,10
14924,27223,4357,426.67,1
14925,27224,4357,360.29,9
14926,27225,4357,476.48,7
14927,27226,4357,317.01,2
14928,27228,4358,301.11,2
14929,27230,4358,239.16,4
14930,27231,4358,269.9,10
14931,27233,4358,298.53,12
14932,27236,4359,257.82,6
14933,27237,4359,377.49,9
14934,27238,4359,206.96,4
14935,27240,4360,242.04,4
14936,27242,4360,128.05,3
14937,27243,4360,257.87,3
14938,27244,4361,429.57,1
14939,27245,4361,273.66,2
14940,27246,4361,244.46,11
14941,27250,4361,252.89,7
14942,27254,4361,351.53,3
14943,27255,4361,434.98,4
14944,27258,4362,398.66,1
14945,27263,4362,200.89,2
14946,27266,4363,445.44,2
14947,27269,4363,411.57,3
14948,27270,4363,362.45,8
14949,27272,4363,218.1,7
14950,27273,4363,238.67,6
14951,27277,4364,250.96,8
14952,27278,4364,271.76,1
14953,27280,4364,337.32,5
14954,27281,4365,74.43,8
14955,27282,4365,204.52,9
14956,27283,4366,299.31,2
14957,27284,4366,408.69,3
14958,27285,4366,292.43,2
14959,27286,4366,336.83,8
14960,27287,4366,418.89,6
14961,27288,4366,248.29,12
14962,27289,4367,229.2,2
14963,27291,4367,220.52,10
14964,27292,4367,295.01,8
14965,27295,4367,261.36,1
14966,27296,4367,469.52,5
14967,27298,4367,341.9,8
14968,27300,4368,380.66,11
14969,27303,4368,243.09,8
14970,27305,4369,315.57,9
14971,27307,4369,292.35,9
14972,27308,4369,337.19,4
14973,27309,4370,354.37,8
14974,27310,4370,288.16,11
14975,27312,4370,301.25,5
14976,27313,4370,421.58,2
14977,27314,4370,237.51,6
14978,27316,4370,384.83,2
14979,27317,4371,346.16,3
14980,27319,4371,387.39,9
14981,27322,4371,291.9,7
14982,27323,4371,412.98,12
14983,27325,4371,262.64,4
14984,27332,4373,365.08,8
14985,27333,4373,364.78,8
14986,27334,4373,334.08,2
14987,27335,4373,412.35,5
14988,27336,4373,419.44,5
14989,27339,4374,381.55,7
14990,27342,4375,479.84,4
14991,27344,4376,283.94,12
14992,27349,4378,295.94,3
14993,27350,4378,345.72,7
14994,27351,4378,304.22,3
14995,27352,4378,287.19,9
14996,27353,4378,188.08,1
14997,27354,4378,390.06,9
14998,27355,4378,310.24,9
14999,27356,4378,314.89,8
15000,27357,4378,228.38,9
15001,27359,4379,284.79,2
15002,27360,4379,341.31,1
15003,27364,4380,211.55,1
15004,27366,4380,304.89,12
15005,27368,4380,280.87,3
15006,27370,4380,310.68,11
15007,27371,4380,303.81,6
15008,27373,4381,198.86,10
15009,27374,4381,396.38,6
15010,27376,4381,98.17,3
15011,27377,4381,339.27,6
15012,27378,4381,413.59,6
15013,27379,4381,312.44,11
15014,27381,4381,195.98,2
15015,27382,4381,391.01,2
15016,27384,4381,174.79,3
15017,27389,4382,289.68,9
15018,27390,4382,422.39,2
15019,27391,4382,310.0,8
15020,27392,4382,321.89,2
15021,27393,4382,430.86,3
15022,27394,4382,183.27,5
15023,27397,4382,324.4,10
15024,27398,4383,320.56,10
15025,27399,4383,250.64,3
15026,27400,4383,263.96,12
15027,27403,4383,410.28,9
15028,27404,4383,152.74,1
15029,27407,4383,303.37,5
15030,27408,4383,256.61,4
15031,27409,4384,337.25,4
15032,27410,4384,272.51,12
15033,27412,4385,335.68,5
15034,27413,4386,314.8,5
15035,27414,4386,323.13,2
15036,27416,4386,310.42,11
15037,27417,4386,328.59,9
15038,27421,4387,338.56,7
15039,27423,4387,325.73,11
15040,27425,4388,302.9,11
15041,27426,4389,410.87,2
15042,27429,4390,236.3,2
15043,27430,4391,514.89,10
15044,27432,4391,241.12,8
15045,27433,4391,276.55,10
15046,27434,4391,155.64,2
15047,27436,4392,292.75,1
15048,27444,4392,399.29,1
15049,27445,4392,233.52,6
15050,27446,4392,442.95,7
15051,27447,4393,304.22,1
15052,27448,4393,192.87,8
15053,27450,4393,244.94,7
15054,27452,4393,362.26,11
15055,27453,4393,272.06,11
15056,27454,4393,464.81,1
15057,27461,4394,257.55,3
15058,27462,4394,309.93,11
15059,27463,4395,262.89,11
15060,27465,4395,402.63,11
15061,27469,4395,185.56,12
15062,27472,4396,134.44,6
15063,27475,4397,271.55,4
15064,27477,4397,300.52,9
15065,27478,4397,167.49,5
15066,27481,4397,358.64,6
15067,27483,4397,383.68,8
15068,27484,4397,288.17,8
15069,27486,4398,258.63,1
15070,27487,4398,451.62,11
15071,27489,4398,219.85,3
15072,27490,4398,367.8,2
15073,27491,4399,277.0,12
15074,27493,4399,336.46,5
15075,27495,4399,390.99,2
15076,27496,4399,348.76,4
15077,27499,4399,157.01,5
15078,27501,4400,402.22,12
15079,27502,4400,147.39,11
15080,27503,4400,379.67,9
15081,27505,4400,360.64,6
15082,27506,4400,294.39,6
15083,27508,4400,361.67,3
15084,27512,4401,219.72,12
15085,27513,4401,199.95,1
15086,27515,4402,369.73,1
15087,27516,4402,289.97,11
15088,27517,4402,454.41,8
15089,27520,4402,287.36,3
15090,27523,4403,227.93,8
15091,27525,4403,557.73,9
15092,27526,4403,191.85,12
15093,27529,4404,333.5,12
15094,27532,4404,329.67,6
15095,27539,4407,384.22,5
15096,27541,4408,289.67,1
15097,27542,4408,295.38,12
15098,27543,4408,306.57,2
15099,27544,4408,482.06,10
15100,27547,4408,397.89,2
15101,27548,4408,243.19,10
15102,27550,4408,272.43,10
15103,27551,4409,308.19,8
15104,27555,4409,239.39,3
15105,27557,4410,175.36,10
15106,27558,4411,258.74,7
15107,27560,4411,238.0,2
15108,27561,4411,461.88,8
15109,27562,4412,327.59,8
15110,27563,4413,185.07,9
15111,27565,4413,292.26,1
15112,27568,4414,359.47,9
15113,27571,4416,385.91,12
15114,27575,4416,337.87,12
15115,27577,4416,367.49,8
15116,27581,4417,307.4,3
15117,27582,4417,307.63,2
15118,27583,4417,616.4,12
15119,27584,4417,265.84,4
15120,27587,4417,206.67,2
15121,27588,4418,280.6,4
15122,27589,4418,310.23,3
15123,27596,4419,179.03,2
15124,27598,4420,365.13,12
15125,27599,4420,265.12,3
15126,27600,4421,111.82,11
15127,27604,4421,318.14,10
15128,27605,4421,246.9,11
15129,27606,4421,411.27,11
15130,27607,4421,229.07,7
15131,27608,4421,271.28,4
15132,27614,4422,351.05,10
15133,27615,4422,286.78,5
15134,27616,4422,234.98,2
15135,27618,4422,234.71,6
15136,27619,4422,428.01,5
15137,27622,4423,271.88,4
15138,27623,4423,211.82,11
15139,27626,4423,297.33,7
15140,27628,4424,306.87,6
15141,27631,4424,371.71,5
15142,27634,4424,204.42,2
15143,27635,4425,472.95,8
15144,27636,4426,271.25,12
15145,27637,4426,475.42,6
15146,27638,4426,338.27,6
15147,27639,4426,371.05,12
15148,27640,4426,394.36,7
15149,27641,4427,282.7,11
15150,27643,4427,197.91,7
15151,27647,4427,384.56,3
15152,27648,4427,515.27,3
15153,27650,4428,320.96,6
15154,27651,4428,325.1,5
15155,27655,4429,349.98,12
15156,27657,4429,188.58,11
15157,27659,4430,425.89,11
15158,27662,4430,208.26,5
15159,27664,4430,454.61,10
15160,27665,4430,343.51,2
15161,27666,4430,435.18,10
15162,27667,4431,159.41,11
15163,27668,4431,399.09,9
15164,27669,4431,337.0,4
15165,27670,4431,297.5,2
15166,27671,4431,423.2,10
15167,27672,4431,390.0,5
15168,27673,4431,336.0,8
15169,27675,4431,125.16,2
15170,27676,4432,291.15,4
15171,27677,4432,401.56,11
15172,27678,4432,263.63,5
15173,27680,4432,347.33,3
15174,27681,4433,378.6,1
15175,27682,4433,433.22,11
15176,27684,4433,339.97,3
15177,27685,4433,237.06,3
15178,27686,4433,431.36,9
15179,27690,4434,298.35,7
15180,27692,4434,366.35,5
15181,27693,4434,262.45,1
15182,27696,4435,203.08,8
15183,27697,4435,207.57,3
15184,27698,4435,447.91,5
15185,27699,4435,316.43,9
15186,27705,4436,385.41,3
15187,27706,4436,505.6,2
15188,27707,4436,404.25,1
15189,27708,4436,490.93,2
15190,27709,4437,225.33,5
15191,27710,4437,320.4,8
15192,27714,4438,240.01,10
15193,27716,4438,223.96,4
15194,27717,4438,265.28,9
15195,27720,4439,252.8,5
15196,27727,4442,267.17,6
15197,27729,4443,327.89,9
15198,27730,4443,349.09,11
15199,27731,4443,407.76,9
15200,27732,4443,370.86,11
15201,27735,4444,495.93,8
15202,27736,4444,510.15,8
15203,27737,4444,275.59,2
15204,27738,4444,342.81,1
15205,27739,4444,321.83,9
15206,27741,4444,228.36,1
15207,27743,4445,402.51,8
15208,27744,4445,394.34,5
15209,27747,4446,383.38,10
15210,27749,4446,404.43,1
15211,27750,4446,264.0,7
15212,27752,4446,438.04,11
15213,27753,4446,433.47,5
15214,27754,4446,126.55,5
15215,27757,4447,280.83,12
15216,27758,4447,364.96,8
15217,27759,4447,578.06,1
15218,27760,4447,343.73,9
15219,27761,4447,350.58,6
15220,27762,4447,297.22,1
15221,27763,4447,313.1,6
15222,27765,4447,458.79,4
15223,27766,4447,330.06,6
15224,27768,4448,454.58,3
15225,27770,4449,300.92,5
15226,27771,4449,357.49,11
15227,27773,4449,157.68,6
15228,27776,4449,268.5,9
15229,27778,4450,292.75,2
15230,27781,4450,316.05,1
15231,27782,4450,310.52,7
15232,27783,4450,306.47,7
15233,27784,4450,433.1,12
15234,27785,4450,279.6,12
15235,27786,4450,378.81,8
15236,27787,4450,324.09,10
15237,27791,4451,292.24,12
15238,27793,4451,512.94,6
15239,27795,4451,376.17,6
15240,27798,4452,309.35,3
15241,27799,4452,376.45,7
15242,27801,4452,372.94,7
15243,27802,4452,311.94,9
15244,27803,4453,231.95,2
15245,27804,4453,285.82,11
15246,27806,4453,50.0,3
15247,27808,4453,264.04,1
15248,27814,4454,379.3,4
15249,27817,4454,346.77,10
15250,27818,4454,296.02,1
15251,27820,4454,363.17,2
15252,27821,4454,406.96,12
15253,27822,4455,331.68,3
15254,27825,4455,296.77,12
15255,27826,4455,299.04,1
15256,27827,4456,240.3,12
15257,27828,4456,392.96,12
15258,27829,4456,507.03,11
15259,27830,4456,206.49,12
15260,27831,4456,271.29,11
15261,27835,4457,347.94,2
15262,27837,4457,292.53,7
15263,27839,4458,376.58,11
15264,27841,4458,242.31,11
15265,27842,4458,134.18,7
15266,27843,4458,404.67,2
15267,27844,4459,389.26,6
15268,27846,4459,397.18,3
15269,27848,4459,496.66,2
15270,27851,4459,276.93,8
15271,27852,4459,486.93,6
15272,27855,4460,456.92,10
15273,27856,4460,293.44,3
15274,27859,4461,215.21,4
15275,27860,4461,231.86,1
15276,27861,4461,381.56,12
15277,27862,4461,225.3,11
15278,27864,4462,340.86,5
15279,27866,4462,300.47,2
15280,27867,4462,343.4,11
15281,27869,4462,402.52,1
15282,27872,4462,356.55,5
15283,27875,4463,398.32,1
15284,27876,4463,493.01,8
15285,27877,4463,147.56,10
15286,27878,4463,344.99,2
15287,27879,4463,316.12,4
15288,27882,4463,321.02,3
15289,27887,4465,135.45,10
15290,27889,4465,339.5,7
15291,27891,4465,274.52,4
15292,27892,4465,383.38,6
15293,27895,4466,551.2,1
15294,27900,4467,220.96,8
15295,27901,4468,352.82,9
15296,27905,4468,158.97,12
15297,27909,4468,333.33,10
15298,27912,4469,405.46,6
15299,27913,4469,363.54,4
15300,27914,4469,442.68,4
15301,27915,4469,380.25,2
15302,27917,4469,162.82,4
15303,27918,4469,489.16,11
15304,27919,4469,186.67,4
15305,27920,4469,486.35,2
15306,27921,4469,381.12,7
15307,27922,4469,352.87,1
15308,27923,4470,475.14,9
15309,27924,4470,372.49,11
15310,27925,4471,407.78,3
15311,27926,4471,337.47,5
15312,27927,4471,263.67,1
15313,27930,4471,226.09,8
15314,27931,4472,509.78,6
15315,27933,4472,457.27,5
15316,27935,4472,308.74,12
15317,27938,4473,264.22,12
15318,27939,4473,464.62,7
15319,27941,4473,405.3,9
15320,27944,4473,417.42,8
15321,27945,4473,439.29,4
15322,27946,4473,428.46,2
15323,27947,4473,496.65,5
15324,27948,4474,396.55,11
15325,27949,4474,201.3,8
15326,27952,4474,289.85,3
15327,27957,4474,365.46,8
15328,27958,4474,350.37,7
15329,27959,4474,392.93,3
15330,27960,4474,323.92,10
15331,27962,4475,189.6,11
15332,27963,4475,346.84,10
15333,27965,4475,157.87,4
15334,27969,4476,166.9,11
15335,27970,4476,367.97,5
15336,27971,4476,236.73,3
15337,27973,4476,281.87,7
15338,27974,4476,364.84,4
15339,27975,4476,270.59,8
15340,27976,4476,357.37,8
15341,27977,4477,427.94,12
15342,27980,4477,244.33,8
15343,27981,4477,269.86,9
15344,27982,4477,377.19,10
15345,27983,4478,280.83,12
15346,27985,4479,376.63,5
15347,27987,4479,366.36,3
15348,27991,4479,290.39,6
15349,27992,4479,439.52,3
15350,27993,4479,212.05,12
15351,27994,4479,374.99,12
15352,27995,4479,129.63,2
15353,27996,4480,328.42,2
15354,27997,4480,325.45,2
15355,28000,4480,211.53,9
15356,28003,4481,458.09,2
15357,28004,4481,221.35,4
15358,28009,4481,289.61,7
15359,28012,4481,426.24,1
15360,28013,4481,340.33,4
15361,28014,4482,285.17,2
15362,28015,4482,266.1,11
15363,28017,4483,321.9,5
15364,28018,4483,284.95,1
15365,28019,4483,330.43,9
15366,28020,4483,261.8,11
15367,28025,4483,399.81,11
15368,28026,4484,263.12,7
15369,28027,4484,185.83,3
15370,28028,4484,573.55,3
15371,28029,4484,410.16,4
15372,28031,4484,259.43,2
15373,28032,4485,240.41,6
15374,28033,4485,381.86,9
15375,28037,4486,261.87,7
15376,28038,4486,413.52,12
15377,28039,4486,366.7,3
15378,28041,4486,346.12,8
15379,28043,4487,337.07,9
15380,28047,4488,451.52,1
15381,28048,4488,301.97,8
15382,28049,4488,332.69,7
15383,28050,4488,251.88,5
15384,28051,4489,374.45,4
15385,28055,4489,242.28,8
15386,28057,4490,429.9,9
15387,28058,4490,438.65,8
15388,28060,4491,170.47,11
15389,28061,4491,412.37,7
15390,28062,4491,208.22,12
15391,28065,4492,281.12,6
15392,28066,4492,317.98,4
15393,28069,4492,279.39,1
15394,28070,4492,287.94,12
15395,28072,4492,392.88,5
15396,28073,4492,416.33,3
15397,28074,4492,309.72,5
15398,28075,4492,319.77,9
15399,28077,4493,376.81,3
15400,28079,4493,225.25,11
15401,28082,4493,323.42,5
15402,28083,4494,299.88,4
15403,28086,4494,345.39,10
15404,28087,4494,215.02,5
15405,28091,4494,352.84,6
15406,28092,4494,345.53,4
15407,28093,4494,498.15,5
15408,28094,4494,203.59,4
15409,28096,4494,528.33,8
15410,28097,4494,493.12,5
15411,28100,4495,435.5,6
15412,28101,4495,274.54,2
15413,28104,4495,408.57,12
15414,28105,4495,164.57,5
15415,28106,4495,136.68,3
15416,28108,4495,268.14,2
15417,28109,4496,232.48,10
15418,28111,4496,143.16,4
15419,28115,4497,465.82,12
15420,28119,4497,255.6,9
15421,28120,4497,361.87,9
15422,28122,4498,573.25,2
15423,28123,4498,309.91,5
15424,28124,4498,204.34,9
15425,28125,4498,488.01,6
15426,28127,4498,306.8,9
15427,28128,4498,396.38,6
15428,28129,4498,75.18,9
15429,28131,4498,346.72,7
15430,28133,4498,314.46,3
15431,28134,4499,286.96,9
15432,28135,4499,407.14,9
15433,28138,4499,259.37,8
15434,28140,4499,294.94,6
15435,28141,4499,329.38,1
15436,28142,4499,398.03,9
15437,28143,4500,297.69,3
15438,28144,4500,305.83,6
15439,28145,4500,305.09,12
15440,28146,4500,304.58,1
15441,28148,4500,201.4,7
15442,28153,4501,388.24,3
15443,28154,4501,394.34,4
15444,28155,4501,173.72,4
15445,28156,4501,279.31,5
15446,28158,4501,439.05,10
15447,28159,4501,329.55,3
15448,28160,4502,291.12,5
15449,28162,4502,219.68,1
15450,28163,4502,433.27,6
15451,28164,4502,256.89,8
15452,28165,4502,381.82,1
15453,28166,4502,492.91,4
15454,28168,4502,331.09,6
15455,28172,4504,448.01,5
15456,28173,4504,362.04,6
15457,28174,4504,410.93,5
15458,28175,4504,297.43,4
15459,28176,4504,240.81,12
15460,28177,4504,278.42,1
15461,28183,4505,288.07,12
15462,28184,4505,344.24,5
15463,28185,4505,384.18,2
15464,28188,4506,180.49,10
15465,28193,4506,334.5,4
15466,28195,4507,348.4,4
15467,28198,4508,324.72,5
15468,28199,4509,226.09,8
15469,28200,4509,357.14,2
15470,28201,4509,353.66,9
15471,28202,4509,394.44,3
15472,28203,4509,300.16,11
15473,28205,4509,347.16,2
15474,28212,4509,370.63,8
15475,28213,4509,324.27,4
15476,28216,4510,199.71,7
15477,28217,4510,116.0,2
15478,28218,4510,246.93,2
15479,28219,4510,166.51,5
15480,28221,4510,342.71,6
15481,28226,4511,228.12,10
15482,28227,4511,261.0,5
15483,28228,4511,479.41,9
15484,28230,4511,284.5,7
15485,28231,4512,426.82,11
15486,28234,4513,323.54,7
15487,28237,4513,190.64,5
15488,28238,4513,316.28,7
15489,28240,4513,111.35,3
15490,28242,4513,339.81,1
15491,28243,4513,235.86,9
15492,28245,4515,318.27,9
15493,28246,4515,260.98,8
15494,28249,4515,426.58,2
15495,28250,4515,323.87,12
15496,28251,4515,291.77,3
15497,28254,4515,275.59,1
15498,28255,4515,339.1,2
15499,28258,4516,286.1,7
15500,28259,4516,111.82,12
15501,28261,4516,271.01,8
15502,28262,4516,320.29,6
15503,28264,4516,252.08,8
15504,28265,4517,342.22,9
15505,28267,4517,329.67,7
15506,28268,4517,122.53,7
15507,28269,4518,256.09,5
15508,28270,4518,439.05,4
15509,28275,4519,368.15,7
15510,28276,4519,376.64,10
15511,28277,4519,407.68,3
15512,28278,4519,297.94,8
15513,28279,4519,269.36,3
15514,28281,4519,396.04,2
15515,28283,4520,420.28,3
15516,28284,4520,431.1,2
15517,28288,4522,262.51,11
15518,28290,4524,379.13,10
15519,28299,4524,309.66,3
15520,28300,4524,383.61,2
15521,28302,4524,311.75,7
15522,28304,4524,317.64,2
15523,28307,4525,391.87,10
15524,28308,4525,290.39,10
15525,28310,4525,286.42,11
15526,28312,4526,415.56,9
15527,28313,4526,357.0,7
15528,28314,4526,231.28,5
15529,28316,4526,424.56,2
15530,28317,4526,451.21,10
15531,28319,4527,346.76,1
15532,28320,4527,291.18,10
15533,28327,4531,465.15,11
15534,28330,4531,459.18,8
15535,28331,4531,240.33,5
15536,28332,4531,296.24,9
15537,28336,4531,315.15,1
15538,28338,4531,467.64,2
15539,28339,4532,400.26,1
15540,28341,4532,291.01,9
15541,28344,4532,319.58,3
15542,28347,4532,310.21,9
15543,28348,4532,251.39,5
15544,28349,4532,366.76,6
15545,28352,4533,360.8,8
15546,28354,4533,373.29,3
15547,28355,4533,340.08,7
15548,28357,4533,222.28,7
15549,28358,4533,262.87,7
15550,28360,4534,325.71,9
15551,28361,4534,400.97,11
15552,28362,4534,345.33,5
15553,28365,4534,209.26,5
15554,28366,4534,137.98,5
15555,28367,4534,316.6,3
15556,28368,4534,356.87,1
15557,28372,4534,391.27,11
15558,28377,4536,477.75,11
15559,28379,4536,421.14,4
15560,28380,4536,375.49,3
15561,28381,4536,271.59,1
15562,28382,4536,449.91,5
15563,28383,4536,222.53,2
15564,28385,4537,418.55,12
15565,28386,4537,489.62,4
15566,28389,4538,445.99,8
15567,28390,4538,284.98,4
15568,28391,4538,171.99,2
15569,28392,4538,252.62,10
15570,28394,4538,324.13,5
15571,28395,4538,294.9,4
15572,28396,4539,341.69,5
15573,28397,4539,156.84,11
15574,28398,4539,391.43,10
15575,28399,4539,263.94,8
15576,28400,4539,319.93,9
15577,28405,4539,277.01,11
15578,28407,4540,387.44,6
15579,28408,4540,269.03,6
15580,28409,4540,165.74,11
15581,28411,4540,370.42,12
15582,28412,4540,176.79,5
15583,28413,4541,304.29,1
15584,28414,4541,418.08,11
15585,28416,4541,371.76,3
15586,28418,4541,322.54,10
15587,28419,4541,326.17,6
15588,28420,4542,225.49,2
15589,28422,4542,356.85,9
15590,28423,4542,364.39,6
15591,28424,4542,339.04,11
15592,28425,4542,320.89,4
15593,28426,4542,307.15,2
15594,28427,4543,391.16,4
15595,28428,4543,264.77,12
15596,28432,4544,199.18,2
15597,28434,4545,401.43,2
15598,28435,4545,201.2,9
15599,28436,4545,253.26,6
15600,28437,4545,358.2,5
15601,28439,4545,349.89,7
15602,28441,4545,305.38,10
15603,28445,4545,446.69,4
15604,28446,4546,407.77,5
15605,28447,4546,310.43,1
15606,28449,4547,269.45,10
15607,28450,4547,343.93,5
15608,28452,4547,336.98,9
15609,28453,4547,426.89,1
15610,28454,4547,302.19,4
15611,28456,4547,412.33,3
15612,28457,4548,200.1,6
15613,28458,4548,351.66,2
15614,28459,4548,256.22,2
15615,28462,4548,320.55,5
15616,28463,4548,300.24,12
15617,28465,4548,220.09,8
15618,28467,4549,253.84,9
15619,28469,4550,278.33,12
15620,28472,4551,477.06,6
15621,28473,4551,271.98,4
15622,28474,4551,149.34,12
15623,28475,4551,253.34,11
15624,28480,4551,161.37,4
15625,28483,4552,226.02,3
15626,28484,4552,100.62,9
15627,28485,4552,264.07,1
15628,28486,4552,353.59,10
15629,28487,4552,282.83,12
15630,28488,4552,287.61,2
15631,28489,4552,549.75,5
15632,28491,4552,265.78,7
15633,28494,4553,339.66,10
15634,28497,4553,329.52,10
15635,28500,4554,342.86,5
15636,28501,4554,265.25,12
15637,28502,4554,388.98,11
15638,28503,4555,426.89,6
15639,28506,4555,325.98,8
15640,28508,4555,424.92,8
15641,28509,4556,368.61,4
15642,28514,4556,335.08,4
15643,28515,4556,226.8,10
15644,28517,4556,308.91,3
15645,28519,4557,409.58,9
15646,28521,4558,285.14,11
15647,28524,4558,327.08,5
15648,28526,4558,223.18,2
15649,28528,4559,353.44,5
15650,28529,4559,361.73,4
15651,28530,4559,530.94,4
15652,28532,4559,340.96,6
15653,28535,4559,347.17,4
15654,28536,4560,306.18,12
15655,28538,4560,312.22,9
15656,28539,4560,292.87,8
15657,28540,4560,442.35,5
15658,28542,4561,273.59,11
15659,28543,4561,423.39,12
15660,28545,4561,312.18,11
15661,28547,4561,244.68,4
15662,28548,4561,269.6,4
15663,28549,4561,257.82,2
15664,28550,4561,271.9,8
15665,28551,4561,211.32,9
15666,28553,4562,252.78,8
15667,28554,4562,96.86,11
15668,28555,4562,329.52,12
15669,28556,4562,269.6,12
15670,28559,4563,300.08,5
15671,28560,4563,245.88,4
15672,28561,4563,442.29,9
15673,28563,4563,150.54,11
15674,28566,4564,404.16,10
15675,28568,4564,178.57,5
15676,28570,4565,253.13,3
15677,28571,4565,352.87,3
15678,28572,4565,495.49,10
15679,28573,4565,390.11,8
15680,28576,4565,87.64,4
15681,28579,4565,351.29,12
15682,28581,4566,247.26,3
15683,28584,4566,535.81,5
15684,28586,4566,347.95,4
15685,28587,4566,405.77,12
15686,28588,4566,241.51,7
15687,28590,4566,235.98,3
15688,28591,4566,315.53,1
15689,28592,4566,252.37,9
15690,28594,4566,349.6,5
15691,28595,4567,279.73,11
15692,28596,4567,317.56,10
15693,28597,4567,407.14,6
15694,28599,4568,322.83,8
15695,28601,4568,295.89,1
15696,28604,4568,256.19,9
15697,28605,4568,272.64,8
15698,28606,4568,383.64,11
15699,28607,4568,307.55,9
15700,28608,4569,233.74,4
15701,28609,4570,284.13,3
15702,28610,4570,394.7,7
15703,28611,4570,291.22,6
15704,28612,4570,88.72,11
15705,28614,4570,401.45,9
15706,28615,4570,297.93,6
15707,28618,4570,391.49,10
15708,28619,4571,283.21,8
15709,28620,4571,363.13,11
15710,28621,4571,371.5,7
15711,28622,4571,253.62,2
15712,28624,4572,200.1,10
15713,28625,4572,216.95,4
15714,28627,4572,338.3,3
15715,28628,4572,306.31,12
15716,28629,4572,318.22,11
15717,28630,4572,358.43,8
15718,28631,4572,290.84,3
15719,28632,4572,279.2,10
15720,28634,4572,245.79,6
15721,28637,4573,353.67,7
15722,28641,4573,472.97,1
15723,28643,4574,274.77,1
15724,28644,4574,360.22,3
15725,28646,4574,438.81,4
15726,28648,4574,259.15,10
15727,28650,4574,477.95,12
15728,28651,4574,236.18,6
15729,28652,4575,369.91,10
15730,28653,4575,220.03,10
15731,28654,4575,367.31,6
15732,28655,4575,260.94,6
15733,28656,4575,112.5,1
15734,28657,4575,445.54,4
15735,28658,4575,338.62,5
15736,28659,4575,271.55,12
15737,28661,4576,298.95,11
15738,28662,4576,302.75,1
15739,28664,4576,287.87,10
15740,28666,4577,284.95,11
15741,28667,4577,307.47,1
15742,28669,4577,498.98,2
15743,28670,4578,114.85,7
15744,28671,4578,138.8,9
15745,28674,4579,360.4,11
15746,28676,4579,87.46,8
15747,28677,4579,274.97,6
15748,28678,4579,249.38,4
15749,28680,4579,316.5,4
15750,28681,4580,263.62,9
15751,28685,4580,306.66,2
15752,28687,4581,249.83,2
15753,28688,4581,206.82,12
15754,28690,4581,296.05,4
15755,28692,4582,365.98,12
15756,28694,4582,376.7,11
15757,28697,4582,336.23,11
15758,28699,4583,434.77,4
15759,28703,4583,327.72,6
15760,28708,4584,394.04,6
15761,28710,4584,296.24,1
15762,28711,4584,361.14,2
15763,28712,4584,496.33,9
15764,28715,4585,336.0,2
15765,28717,4586,427.75,5
15766,28719,4586,320.9,4
15767,28721,4586,207.13,12
15768,28722,4587,334.23,3
15769,28723,4588,368.09,4
15770,28724,4588,396.43,4
15771,28727,4589,258.68,2
15772,28728,4589,658.96,1
15773,28730,4589,417.18,10
15774,28731,4589,433.09,6
15775,28735,4590,399.17,10
15776,28737,4591,244.35,5
15777,28738,4591,282.33,6
15778,28739,4591,370.65,4
15779,28740,4591,153.93,3
15780,28742,4591,277.28,5
15781,28744,4592,274.62,3
15782,28745,4592,374.56,12
15783,28749,4593,230.6,3
15784,28750,4593,500.95,4
15785,28751,4593,610.28,1
15786,28752,4593,358.99,6
15787,28753,4594,431.96,11
15788,28754,4594,364.67,8
15789,28756,4594,271.36,12
15790,28757,4594,235.61,12
15791,28758,4594,350.85,7
15792,28760,4595,259.27,6
15793,28762,4595,411.21,5
15794,28764,4595,262.12,1
15795,28765,4595,339.85,5
15796,28766,4595,242.84,9
15797,28768,4596,236.71,3
15798,28769,4596,449.98,10
15799,28772,4597,278.48,5
15800,28773,4597,283.47,3
15801,28774,4597,261.81,7
15802,28775,4597,274.78,5
15803,28776,4597,310.36,7
15804,28779,4598,137.82,7
15805,28780,4598,393.18,9
15806,28782,4599,355.5,12
15807,28784,4599,398.94,2
15808,28786,4599,436.56,9
15809,28788,4599,333.13,6
15810,28790,4600,329.34,5
15811,28791,4600,373.72,7
15812,28792,4600,201.54,12
15813,28793,4600,287.76,7
15814,28794,4600,408.1,8
15815,28797,4601,397.74,8
15816,28800,4601,517.91,1
15817,28802,4601,313.13,5
15818,28803,4601,429.5,2
15819,28806,4602,314.69,5
15820,28807,4602,220.96,10
15821,28808,4602,335.91,4
15822,28810,4602,300.26,12
15823,28811,4602,282.1,7
15824,28813,4602,223.31,3
15825,28817,4604,296.72,1
15826,28821,4605,244.46,11
15827,28823,4605,498.59,10
15828,28824,4605,401.64,3
15829,28825,4605,214.84,7
15830,28826,4605,266.28,3
15831,28827,4605,284.45,12
15832,28829,4605,301.25,2
15833,28830,4606,244.61,2
15834,28834,4606,310.04,10
15835,28835,4606,411.36,10
15836,28836,4606,286.8,7
15837,28838,4607,212.72,4
15838,28839,4607,138.46,8
15839,28840,4608,143.62,9
15840,28841,4608,345.61,3
15841,28843,4609,331.39,6
15842,28844,4609,301.81,1
15843,28845,4609,267.62,8
15844,28848,4609,281.77,3
15845,28849,4609,343.33,8
15846,28850,4609,266.61,7
15847,28851,4610,324.4,2
15848,28854,4611,297.25,11
15849,28858,4611,328.86,7
15850,28860,4611,123.64,3
15851,28865,4612,392.87,2
15852,28866,4612,345.02,12
15853,28867,4612,277.29,3
15854,28869,4613,291.54,12
15855,28873,4613,367.44,2
15856,28874,4613,308.38,6
15857,28875,4613,374.48,7
15858,28877,4613,330.19,10
15859,28878,4614,403.74,7
15860,28880,4614,233.08,2
15861,28881,4614,331.39,7
15862,28882,4614,159.72,2
15863,28883,4614,233.14,11
15864,28884,4614,198.14,1
15865,28885,4614,305.74,4
15866,28886,4615,289.69,6
15867,28887,4615,265.01,9
15868,28888,4615,199.75,4
15869,28889,4615,169.88,2
15870,28893,4617,217.64,7
15871,28895,4617,398.41,1
15872,28896,4617,322.58,10
15873,28897,4617,236.51,12
15874,28901,4618,311.22,11
15875,28902,4618,343.25,5
15876,28903,4618,329.28,8
15877,28905,4618,271.16,9
15878,28906,4618,271.47,5
15879,28907,4618,277.71,1
15880,28908,4618,428.78,6
15881,28914,4619,373.32,11
15882,28915,4620,436.07,4
15883,28918,4620,330.49,6
15884,28919,4620,231.12,11
15885,28920,4620,436.53,7
15886,28921,4620,290.32,10
15887,28922,4620,219.74,10
15888,28923,4621,233.0,8
15889,28924,4621,382.06,3
15890,28925,4621,332.4,3
15891,28926,4621,254.59,12
15892,28927,4621,253.9,9
15893,28928,4621,563.1,6
15894,28930,4621,360.35,7
15895,28931,4622,303.58,10
15896,28933,4622,360.55,9
15897,28934,4622,148.67,2
15898,28936,4622,233.42,8
15899,28937,4622,246.82,4
15900,28938,4622,438.59,9
15901,28939,4622,141.79,4
15902,28940,4622,234.84,9
15903,28942,4622,323.69,6
15904,28943,4622,278.53,3
15905,28944,4623,231.67,10
15906,28945,4623,294.78,1
15907,28947,4623,466.24,12
15908,28950,4623,397.74,2
15909,28951,4623,171.06,7
15910,28954,4623,326.99,9
15911,28961,4624,160.92,8
15912,28963,4624,344.22,3
15913,28965,4626,402.79,7
15914,28967,4626,196.73,11
15915,28969,4626,353.86,10
15916,28972,4627,456.41,5
15917,28973,4627,123.43,1
15918,28974,4627,329.0,5
15919,28975,4628,332.99,11
15920,28978,4629,310.39,5
15921,28980,4631,224.94,2
15922,28982,4631,346.43,4
15923,28990,4631,283.71,9
15924,28994,4632,341.96,8
15925,28995,4632,255.14,7
15926,28996,4632,322.9,5
15927,28997,4632,558.76,2
15928,28998,4632,180.89,9
15929,29001,4633,59.12,7
15930,29002,4633,331.87,12
15931,29004,4634,290.86,4
15932,29006,4634,301.73,11
15933,29007,4634,226.38,12
15934,29009,4635,354.25,9
15935,29011,4636,448.23,8
15936,29012,4636,255.16,6
15937,29014,4636,407.24,7
15938,29016,4636,344.92,7
15939,29017,4636,357.35,9
15940,29021,4636,335.36,10
15941,29023,4636,279.62,4
15942,29024,4637,380.01,1
15943,29025,4637,269.72,7
15944,29027,4637,408.14,3
15945,29030,4638,422.42,8
15946,29031,4638,301.9,1
15947,29032,4639,224.44,8
15948,29033,4639,318.13,1
15949,29034,4639,420.62,6
15950,29036,4639,275.06,7
15951,29037,4640,331.79,4
15952,29038,4640,298.79,11
15953,29042,4641,285.2,10
15954,29043,4641,468.56,8
15955,29044,4641,402.74,8
15956,29046,4641,248.88,8
15957,29047,4641,137.13,2
15958,29049,4641,361.91,3
15959,29053,4642,243.89,10
15960,29055,4643,342.34,4
15961,29056,4643,299.27,1
15962,29057,4643,434.8,10
15963,29058,4643,305.01,4
15964,29062,4644,339.3,9
15965,29063,4644,516.71,9
15966,29064,4645,426.07,2
15967,29068,4646,159.97,8
15968,29069,4646,294.46,11
15969,29070,4646,270.85,2
15970,29072,4647,372.0,4
15971,29076,4648,269.04,12
15972,29078,4648,180.95,2
15973,29079,4648,329.69,4
15974,29081,4648,406.05,12
15975,29082,4648,306.41,11
15976,29083,4649,300.14,11
15977,29088,4650,311.86,2
15978,29091,4651,251.4,1
15979,29096,4652,299.23,6
15980,29097,4652,293.2,8
15981,29098,4652,374.17,6
15982,29099,4652,427.11,12
15983,29101,4654,386.96,7
15984,29102,4654,281.49,12
15985,29103,4654,151.99,6
15986,29104,4654,299.4,5
15987,29106,4654,377.58,2
15988,29107,4654,407.52,3
15989,29108,4654,298.8,9
15990,29112,4655,267.76,7
15991,29113,4655,211.5,3
15992,29115,4655,393.32,12
15993,29116,4655,182.4,3
15994,29118,4656,400.08,5
15995,29122,4657,267.73,1
15996,29128,4657,214.89,7
15997,29130,4658,445.47,10
15998,29133,4658,208.13,4
15999,29134,4658,190.64,8
16000,29135,4659,497.82,5
16001,29136,4659,373.52,12
16002,29140,4659,356.42,9
16003,29141,4659,340.18,8
16004,29142,4659,258.79,8
16005,29143,4659,274.78,3
16006,29144,4659,476.06,11
16007,29145,4660,311.81,11
16008,29146,4660,260.56,4
16009,29147,4660,440.37,2
16010,29148,4660,252.82,11
16011,29149,4660,362.24,1
16012,29151,4660,444.38,9
16013,29152,4660,303.5,5
16014,29155,4661,123.78,9
16015,29157,4661,399.45,2
16016,29159,4661,435.06,7
16017,29160,4661,321.89,3
16018,29164,4662,300.34,5
16019,29165,4662,318.47,2
16020,29166,4662,328.31,11
16021,29167,4662,288.93,6
16022,29173,4663,478.33,11
16023,29174,4663,338.08,11
16024,29175,4663,321.72,2
16025,29176,4663,390.17,3
16026,29177,4663,282.25,6
16027,29182,4665,298.06,7
16028,29183,4665,365.11,9
16029,29185,4665,316.51,7
16030,29186,4665,387.61,4
16031,29187,4665,292.07,1
16032,29189,4666,357.48,4
16033,29190,4666,392.63,3
16034,29193,4666,411.74,6
16035,29195,4666,141.58,4
16036,29197,4666,347.05,8
16037,29198,4667,396.03,3
16038,29199,4667,233.33,8
16039,29201,4667,416.88,5
16040,29204,4668,338.94,9
16041,29206,4668,281.08,1
16042,29207,4668,358.47,6
16043,29208,4668,394.1,11
16044,29209,4669,126.15,7
16045,29210,4669,465.73,11
16046,29211,4669,144.58,5
16047,29212,4669,220.64,8
16048,29214,4669,448.34,5
16049,29217,4669,403.19,10
16050,29219,4670,279.44,4
16051,29222,4670,412.61,9
16052,29223,4670,350.84,9
16053,29224,4670,341.14,9
16054,29226,4671,60.11,11
16055,29229,4671,227.36,2
16056,29230,4671,286.94,7
16057,29231,4672,108.12,2
16058,29233,4672,389.71,12
16059,29234,4672,314.67,11
16060,29235,4672,438.81,4
16061,29239,4672,273.7,8
16062,29240,4672,192.99,5
16063,29242,4673,230.97,8
16064,29243,4673,347.55,5
16065,29244,4673,419.34,12
16066,29245,4673,322.29,5
16067,29247,4674,409.27,1
16068,29248,4674,319.3,5
16069,29251,4675,376.8,9
16070,29255,4675,474.71,10
16071,29256,4676,369.22,2
16072,29258,4676,254.1,9
16073,29259,4676,343.92,2
16074,29261,4677,329.11,5
16075,29262,4677,287.59,1
16076,29264,4678,248.17,9
16077,29265,4678,520.93,6
16078,29266,4678,296.28,9
16079,29267,4678,109.41,12
16080,29270,4678,262.82,2
16081,29274,4678,250.77,6
16082,29276,4679,297.66,8
16083,29277,4680,185.13,1
16084,29279,4680,270.65,4
16085,29281,4680,342.64,6
16086,29283,4680,199.44,2
16087,29285,4681,425.55,1
16088,29287,4681,323.83,7
16089,29288,4681,335.35,8
16090,29291,4681,284.04,10
16091,29292,4681,340.08,5
16092,29294,4682,389.05,5
16093,29296,4682,341.48,1
16094,29297,4682,421.9,8
16095,29299,4683,332.65,1
16096,29300,4683,395.4,6
16097,29304,4683,358.26,4
16098,29305,4683,132.46,1
16099,29306,4683,240.59,5
16100,29307,4683,245.71,1
16101,29308,4683,248.05,1
16102,29310,4683,223.02,6
16103,29311,4683,421.85,1
16104,29312,4684,456.19,4
16105,29313,4684,172.27,6
16106,29317,4684,391.24,1
16107,29319,4684,373.7,4
16108,29321,4685,520.14,2
16109,29322,4685,313.05,12
16110,29323,4685,180.84,3
16111,29325,4685,180.47,8
16112,29326,4685,420.58,2
16113,29329,4687,243.59,6
16114,29331,4687,384.81,1
16115,29333,4687,317.53,6
16116,29334,4687,399.92,11
16117,29335,4687,180.67,5
16118,29336,4687,326.14,11
16119,29337,4687,390.89,1
16120,29339,4688,382.18,6
16121,29340,4688,406.65,8
16122,29341,4688,168.63,1
16123,29342,4689,309.59,7
16124,29343,4689,317.52,10
16125,29344,4689,452.02,6
16126,29345,4689,567.04,10
16127,29347,4689,449.38,5
16128,29348,4689,400.66,11
16129,29349,4690,360.31,1
16130,29350,4691,322.96,12
16131,29352,4692,433.76,11
16132,29353,4692,338.04,3
16133,29355,4692,277.42,1
16134,29357,4692,314.44,3
16135,29358,4692,257.22,11
16136,29359,4692,152.75,7
16137,29360,4692,165.98,7
16138,29361,4692,323.9,8
16139,29363,4693,135.63,9
16140,29364,4693,216.05,8
16141,29365,4693,362.13,12
16142,29366,4693,252.49,9
16143,29367,4693,209.26,10
16144,29368,4693,219.51,10
16145,29369,4693,427.45,7
16146,29378,4695,394.49,1
16147,29381,4696,244.93,6
16148,29382,4696,364.22,11
16149,29383,4696,329.52,7
16150,29387,4696,393.97,2
16151,29388,4696,435.02,9
16152,29389,4696,164.64,1
16153,29390,4696,357.85,5
16154,29391,4697,323.42,10
16155,29392,4697,418.66,11
16156,29393,4697,165.27,7
16157,29394,4697,204.41,6
16158,29395,4697,328.61,4
16159,29399,4699,295.24,12
16160,29402,4699,351.69,7
16161,29405,4699,172.37,4
16162,29406,4699,427.47,2
16163,29407,4700,336.34,2
16164,29408,4700,336.27,5
16165,29411,4701,306.75,10
16166,29412,4701,216.61,11
16167,29413,4701,250.09,4
16168,29414,4702,467.64,11
16169,29415,4702,326.75,7
16170,29419,4704,320.74,10
16171,29422,4704,396.86,8
16172,29424,4704,249.09,8
16173,29426,4705,358.7,7
16174,29430,4705,333.75,10
16175,29433,4705,294.61,12
16176,29434,4705,276.23,6
16177,29435,4705,379.68,1
16178,29436,4705,369.93,2
16179,29438,4705,251.75,4
16180,29439,4706,362.34,8
16181,29441,4706,218.8,1
16182,29442,4706,257.67,8
16183,29445,4706,354.13,4
16184,29446,4707,342.97,7
16185,29447,4707,222.72,2
16186,29449,4708,351.93,7
16187,29450,4708,303.35,7
16188,29451,4708,415.59,4
16189,29453,4709,357.79,5
16190,29454,4709,217.97,3
16191,29456,4710,336.47,8
16192,29459,4710,250.9,7
16193,29460,4710,326.94,4
16194,29461,4710,355.0,7
16195,29462,4710,364.1,6
16196,29464,4710,233.66,11
16197,29466,4711,265.1,6
16198,29467,4711,324.12,6
16199,29468,4711,280.41,5
16200,29472,4712,282.24,12
16201,29473,4712,223.8,11
16202,29476,4712,353.73,5
16203,29477,4713,261.43,9
16204,29482,4713,290.77,6
16205,29484,4713,323.71,5
16206,29485,4714,94.4,7
16207,29486,4714,175.97,12
16208,29488,4714,462.82,11
16209,29490,4714,179.8,4
16210,29491,4714,402.82,5
16211,29492,4715,399.86,11
16212,29493,4715,318.36,6
16213,29494,4715,454.26,1
16214,29495,4715,393.97,6
16215,29498,4716,337.74,3
16216,29499,4716,355.01,7
16217,29502,4718,405.82,8
16218,29504,4718,355.75,8
16219,29512,4722,396.76,7
16220,29513,4722,464.8,12
16221,29514,4722,432.93,6
16222,29516,4722,292.02,6
16223,29517,4722,243.3,11
16224,29519,4722,324.25,12
16225,29520,4722,506.78,12
16226,29521,4722,214.02,5
16227,29523,4723,300.74,4
16228,29525,4724,307.83,1
16229,29526,4724,243.65,1
16230,29527,4724,330.72,3
16231,29528,4724,268.48,10
16232,29531,4724,315.32,3
16233,29533,4725,304.9,2
16234,29536,4725,323.01,1
16235,29537,4725,233.34,1
16236,29538,4725,274.25,8
16237,29539,4726,305.76,6
16238,29542,4726,316.93,9
16239,29543,4726,320.72,12
16240,29544,4726,373.21,1
16241,29545,4726,221.2,10
16242,29547,4726,295.95,8
16243,29548,4727,236.37,3
16244,29549,4728,227.1,3
16245,29551,4728,351.44,12
16246,29552,4728,327.23,1
16247,29553,4728,271.21,3
16248,29555,4728,266.65,12
16249,29556,4728,202.21,10
16250,29559,4729,414.66,12
16251,29561,4729,307.64,7
16252,29562,4729,174.46,10
16253,29563,4729,326.29,6
16254,29568,4729,251.46,12
16255,29569,4730,265.65,6
16256,29571,4730,408.94,2
16257,29572,4731,298.39,12
16258,29573,4732,469.56,12
16259,29577,4733,590.23,9
16260,29578,4733,443.65,5
16261,29581,4733,224.78,2
16262,29582,4733,446.44,4
16263,29585,4733,268.39,5
16264,29587,4734,364.95,10
16265,29588,4734,444.45,4
16266,29590,4734,219.13,11
16267,29592,4734,330.89,3
16268,29594,4735,330.58,12
16269,29595,4735,241.56,1
16270,29597,4735,156.74,1
16271,29599,4735,384.5,2
16272,29601,4735,192.69,1
16273,29602,4735,378.6,2
16274,29603,4735,302.75,12
16275,29604,4736,440.58,9
16276,29605,4736,218.23,9
16277,29607,4736,313.2,11
16278,29610,4737,508.57,6
16279,29616,4738,256.17,5
16280,29617,4738,467.54,6
16281,29621,4738,249.46,8
16282,29624,4738,334.46,7
16283,29626,4739,243.25,8
16284,29629,4739,366.78,8
16285,29633,4739,206.32,2
16286,29636,4740,271.67,4
16287,29638,4740,274.43,10
16288,29639,4740,255.77,3
16289,29641,4741,452.23,2
16290,29643,4742,250.61,7
16291,29644,4742,331.0,9
16292,29645,4742,487.09,10
16293,29646,4742,342.45,2
16294,29647,4742,96.28,9
16295,29649,4743,502.52,8
16296,29650,4743,420.43,3
16297,29651,4743,435.96,7
16298,29653,4743,441.01,2
16299,29656,4743,311.48,7
16300,29657,4743,187.54,4
16301,29658,4743,408.76,3
16302,29659,4743,166.7,7
16303,29663,4745,191.29,11
16304,29664,4745,319.29,2
16305,29665,4745,413.37,7
16306,29666,4745,258.8,9
16307,29667,4745,265.27,8
16308,29668,4745,549.8,4
16309,29669,4745,403.58,5
16310,29671,4745,360.42,5
16311,29676,4747,453.31,6
16312,29678,4747,374.43,9
16313,29679,4747,219.34,2
16314,29681,4747,211.53,2
16315,29682,4748,306.41,5
16316,29683,4748,294.71,2
16317,29684,4748,509.6,2
16318,29686,4748,309.7,10
16319,29687,4748,477.35,4
16320,29688,4749,354.1,11
16321,29689,4749,394.59,2
16322,29691,4749,54.79,5
16323,29692,4749,533.17,7
16324,29696,4751,252.02,2
16325,29701,4751,420.07,5
16326,29705,4752,177.88,4
16327,29708,4752,469.46,6
16328,29710,4752,179.28,4
16329,29711,4752,231.35,8
16330,29713,4752,278.65,1
16331,29714,4753,285.03,1
16332,29715,4753,289.97,10
16333,29716,4753,353.89,6
16334,29718,4753,223.27,10
16335,29719,4753,349.44,1
16336,29720,4753,474.52,6
16337,29723,4753,223.87,12
16338,29724,4753,310.4,1
16339,29725,4753,396.4,9
16340,29728,4754,165.66,2
16341,29729,4754,203.38,7
16342,29731,4754,368.22,10
16343,29732,4755,289.25,10
16344,29734,4756,339.74,2
16345,29735,4756,357.29,5
16346,29736,4756,169.51,3
16347,29740,4757,476.81,2
16348,29746,4759,310.48,11
16349,29747,4759,313.72,6
16350,29748,4759,302.82,11
16351,29749,4759,369.87,5
16352,29751,4759,387.97,9
16353,29752,4759,56.96,4
16354,29753,4760,392.19,8
16355,29754,4760,205.64,4
16356,29755,4760,272.17,5
16357,29758,4761,222.91,5
16358,29759,4761,269.73,4
16359,29761,4761,287.52,11
16360,29762,4761,299.33,6
16361,29764,4761,169.96,4
16362,29766,4761,320.56,8
16363,29767,4762,361.27,9
16364,29769,4762,311.42,7
16365,29771,4762,267.69,9
16366,29773,4762,234.58,3
16367,29775,4762,76.87,2
16368,29776,4763,364.29,2
16369,29778,4763,343.28,6
16370,29781,4763,281.85,4
16371,29782,4763,168.23,3
16372,29783,4763,301.37,1
16373,29787,4765,267.73,3
16374,29788,4765,440.05,1
16375,29789,4765,420.58,4
16376,29790,4765,247.78,10
16377,29792,4765,385.82,4
16378,29795,4766,219.49,10
16379,29796,4766,434.12,11
16380,29799,4766,336.32,2
16381,29801,4766,506.89,4
16382,29805,4767,256.66,9
16383,29806,4767,432.06,7
16384,29807,4767,451.64,4
16385,29808,4767,277.89,9
16386,29809,4767,196.41,6
16387,29810,4767,387.51,11
16388,29813,4767,230.54,7
16389,29816,4768,288.12,5
16390,29819,4768,246.26,12
16391,29823,4768,491.13,5
16392,29824,4769,324.22,8
16393,29825,4769,350.92,5
16394,29827,4769,319.75,1
16395,29828,4769,250.69,5
16396,29831,4769,373.24,5
16397,29832,4769,402.91,2
16398,29838,4770,263.56,6
16399,29840,4770,327.76,12
16400,29844,4770,414.21,2
16401,29845,4770,213.91,6
16402,29847,4771,304.9,6
16403,29848,4771,393.87,6
16404,29849,4771,228.03,4
16405,29850,4771,331.34,9
16406,29854,4772,271.49,9
16407,29856,4772,256.01,9
16408,29857,4772,257.06,3
16409,29858,4773,199.14,11
16410,29860,4774,119.63,7
16411,29861,4774,233.54,2
16412,29863,4774,356.78,7
16413,29865,4775,231.45,7
16414,29867,4775,279.14,11
16415,29869,4775,195.8,4
16416,29870,4775,332.25,11
16417,29871,4775,476.13,3
16418,29872,4775,370.58,6
16419,29873,4775,296.46,2
16420,29874,4775,356.77,7
16421,29875,4775,426.11,1
16422,29880,4776,410.06,11
16423,29882,4776,421.23,7
16424,29883,4776,341.67,11
16425,29884,4776,480.44,4
16426,29887,4777,288.0,12
16427,29891,4777,450.1,6
16428,29892,4778,383.82,3
16429,29895,4778,261.3,11
16430,29896,4778,164.34,10
16431,29897,4778,338.32,11
16432,29898,4778,174.21,10
16433,29900,4779,339.44,6
16434,29902,4779,232.4,7
16435,29904,4779,392.12,11
16436,29905,4779,200.23,2
16437,29906,4779,492.03,3
16438,29907,4779,344.31,5
16439,29908,4779,164.88,12
16440,29909,4780,389.43,12
16441,29910,4780,175.17,6
16442,29912,4780,372.71,11
16443,29913,4780,246.3,3
16444,29916,4781,523.83,5
16445,29917,4781,313.65,5
16446,29920,4782,125.63,7
16447,29921,4782,303.45,9
16448,29922,4782,230.5,3
16449,29927,4782,450.85,8
16450,29929,4782,348.46,6
16451,29930,4782,281.51,11
16452,29931,4782,357.64,3
16453,29932,4782,397.65,3
16454,29935,4782,391.07,2
16455,29937,4783,118.63,6
16456,29939,4784,442.81,7
16457,29942,4784,155.68,7
16458,29943,4784,418.0,2
16459,29944,4784,266.04,3
16460,29946,4785,289.26,6
16461,29947,4785,294.26,9
16462,29951,4785,329.02,5
16463,29952,4785,433.71,3
16464,29954,4786,436.91,11
16465,29955,4786,337.06,1
16466,29956,4786,395.03,12
16467,29957,4787,299.5,5
16468,29958,4787,288.39,1
16469,29962,4789,397.81,9
16470,29963,4789,413.59,11
16471,29967,4791,266.81,1
16472,29968,4791,466.68,5
16473,29969,4791,438.99,12
16474,29971,4791,160.95,8
16475,29974,4793,244.04,9
16476,29975,4793,262.84,7
16477,29976,4793,287.05,6
16478,29977,4793,222.14,4
16479,29978,4793,305.81,4
16480,29979,4793,338.83,9
16481,29980,4793,475.45,6
16482,29983,4794,416.84,7
16483,29984,4794,533.6,4
16484,29988,4794,203.31,11
16485,29989,4794,331.73,7
16486,29992,4795,307.21,2
16487,29993,4795,308.67,12
16488,29995,4795,268.23,5
16489,29996,4796,280.0,10
16490,29998,4796,284.21,3
16491,29999,4796,385.97,8
16492,30001,4797,349.58,9
16493,30002,4797,259.12,8
16494,30004,4797,404.53,9
16495,30005,4797,180.17,9
16496,30006,4797,393.16,9
16497,30007,4797,364.74,2
16498,30012,4798,229.08,10
16499,30014,4798,339.68,12
16500,30015,4798,224.9,7
16501,30018,4800,361.02,1
16502,30019,4800,176.49,4
16503,30020,4801,362.17,10
16504,30021,4801,130.83,12
16505,30023,4801,362.31,2
16506,30027,4802,211.25,4
16507,30029,4802,338.08,4
16508,30033,4803,407.81,1
16509,30034,4803,212.71,12
16510,30035,4803,84.82,5
16511,30037,4804,191.56,10
16512,30038,4804,273.61,5
16513,30039,4804,210.04,1
16514,30040,4804,151.53,5
16515,30041,4804,219.7,10
16516,30043,4804,424.31,4
16517,30045,4804,450.55,8
16518,30048,4805,189.13,12
16519,30049,4805,365.51,4
16520,30052,4805,358.56,4
16521,30053,4805,232.1,2
16522,30054,4805,525.73,5
16523,30056,4805,304.81,9
16524,30057,4805,325.22,12
16525,30060,4807,156.42,10
16526,30062,4807,371.76,8
16527,30063,4807,153.37,9
16528,30065,4808,335.08,12
16529,30066,4808,269.57,1
16530,30069,4808,257.49,6
16531,30071,4808,256.16,1
16532,30072,4809,444.48,5
16533,30074,4809,404.15,8
16534,30080,4809,395.23,7
16535,30082,4810,313.99,9
16536,30083,4810,235.62,12
16537,30084,4810,266.56,10
16538,30087,4811,258.13,8
16539,30088,4811,349.36,10
16540,30091,4812,348.42,3
16541,30092,4812,321.11,3
16542,30093,4812,404.73,5
16543,30095,4812,295.41,12
16544,30099,4813,362.86,5
16545,30101,4814,206.56,8
16546,30102,4814,494.4,5
16547,30105,4814,407.76,9
16548,30108,4815,249.09,11
16549,30111,4815,400.36,10
16550,30113,4815,396.02,2
16551,30116,4815,168.59,4
16552,30117,4815,411.47,3
16553,30119,4816,224.85,2
16554,30120,4816,374.71,12
16555,30122,4816,479.58,12
16556,30124,4817,352.51,6
16557,30125,4817,595.19,3
16558,30128,4817,393.26,11
16559,30131,4818,310.02,2
16560,30132,4818,306.04,2
16561,30134,4818,355.91,1
16562,30135,4818,316.17,2
16563,30137,4819,166.22,7
16564,30140,4820,286.11,9
16565,30141,4821,247.76,10
16566,30150,4822,393.35,9
16567,30153,4823,253.5,8
16568,30154,4823,358.3,11
16569,30155,4823,331.02,5
16570,30156,4823,292.41,12
16571,30157,4823,261.97,7
16572,30158,4823,328.0,8
16573,30160,4824,326.29,11
16574,30161,4824,250.95,5
16575,30163,4824,296.76,8
16576,30164,4824,293.88,3
16577,30165,4824,363.6,4
16578,30167,4824,322.25,4
16579,30169,4825,339.98,6
16580,30171,4826,328.61,12
16581,30174,4827,286.92,11
16582,30176,4828,272.79,12
16583,30177,4828,433.71,9
16584,30179,4828,248.51,5
16585,30181,4828,470.5,6
16586,30183,4828,472.88,2
16587,30184,4828,260.34,6
16588,30187,4829,371.76,10
16589,30189,4830,370.14,12
16590,30190,4830,387.86,3
16591,30191,4830,358.6,5
16592,30192,4830,233.02,5
16593,30193,4830,451.71,8
16594,30194,4830,471.33,11
16595,30195,4830,272.16,6
16596,30196,4830,253.35,6
16597,30198,4830,137.64,9
16598,30202,4831,363.59,4
16599,30203,4832,298.24,4
16600,30204,4832,214.28,12
16601,30205,4832,334.63,11
16602,30207,4832,245.29,12
16603,30208,4833,359.86,10
16604,30210,4833,258.05,7
16605,30214,4834,247.34,8
16606,30215,4835,328.12,8
16607,30217,4835,286.72,4
16608,30219,4835,189.69,7
16609,30220,4835,425.42,12
16610,30221,4835,285.83,6
16611,30222,4836,397.4,7
16612,30224,4836,345.57,12
16613,30225,4836,150.44,7
16614,30226,4836,366.95,9
16615,30227,4836,285.29,11
16616,30229,4838,299.4,5
16617,30230,4838,517.83,10
16618,30232,4838,363.11,11
16619,30234,4838,306.86,5
16620,30236,4839,281.83,8
16621,30240,4839,496.08,12
16622,30242,4840,319.22,9
16623,30243,4840,412.1,10
16624,30246,4841,350.94,9
16625,30249,4842,334.48,1
16626,30250,4842,412.02,3
16627,30251,4842,341.99,7
16628,30252,4842,318.31,1
16629,30254,4842,366.72,7
16630,30255,4843,217.12,10
16631,30257,4843,361.48,8
16632,30258,4843,330.9,2
16633,30260,4843,275.15,1
16634,30261,4843,351.94,7
16635,30265,4843,263.66,2
16636,30269,4844,243.56,1
16637,30273,4845,423.0,5
16638,30274,4845,393.4,7
16639,30275,4845,393.73,6
16640,30278,4845,434.58,3
16641,30279,4845,382.69,12
16642,30280,4846,181.19,2
16643,30281,4846,407.2,12
16644,30283,4846,283.4,5
16645,30286,4846,272.95,10
16646,30287,4846,373.56,5
16647,30289,4846,410.34,8
16648,30292,4847,363.51,2
16649,30293,4847,305.39,12
16650,30294,4848,400.56,1
16651,30295,4848,341.52,12
16652,30299,4848,356.4,4
16653,30300,4848,229.97,4
16654,30301,4848,204.49,6
16655,30304,4849,290.18,9
16656,30305,4849,230.92,6
16657,30306,4849,441.43,9
16658,30307,4849,187.27,6
16659,30308,4849,256.26,9
16660,30309,4849,164.3,3
16661,30310,4849,355.7,7
16662,30311,4850,263.13,5
16663,30313,4850,470.3,9
16664,30314,4850,354.39,5
16665,30315,4850,294.15,3
16666,30316,4850,342.39,6
16667,30319,4851,359.71,12
16668,30321,4852,391.01,7
16669,30322,4852,409.86,12
16670,30326,4852,285.23,2
16671,30328,4852,243.21,5
16672,30333,4854,354.12,3
16673,30335,4854,474.75,2
16674,30336,4854,434.45,1
16675,30337,4854,491.56,3
16676,30341,4855,466.04,1
16677,30342,4855,216.84,5
16678,30343,4855,316.44,7
16679,30344,4855,309.57,12
16680,30347,4856,330.33,12
16681,30348,4856,336.35,11
16682,30349,4856,418.55,6
16683,30351,4856,166.08,6
16684,30353,4857,391.71,2
16685,30355,4857,373.48,8
16686,30356,4857,374.01,8
16687,30358,4857,266.27,7
16688,30363,4858,374.65,10
16689,30367,4860,273.83,1
16690,30369,4860,343.86,3
16691,30370,4860,305.64,2
16692,30371,4860,253.3,11
16693,30374,4861,171.56,10
16694,30376,4861,397.26,12
16695,30378,4861,277.66,7
16696,30379,4861,300.61,8
16697,30380,4861,360.48,2
16698,30382,4861,208.27,12
16699,30385,4861,375.62,4
16700,30387,4862,344.72,7
16701,30390,4863,200.69,11
16702,30393,4863,263.3,11
16703,30394,4863,405.15,12
16704,30395,4864,427.65,2
16705,30399,4865,402.37,6
16706,30401,4866,251.17,2
16707,30402,4866,268.47,1
16708,30403,4866,218.69,3
16709,30404,4866,386.06,4
16710,30407,4867,207.34,3
16711,30408,4867,476.7,6
16712,30409,4867,314.44,8
16713,30411,4867,293.24,1
16714,30413,4867,276.83,6
16715,30415,4868,257.71,4
16716,30418,4868,317.91,9
16717,30419,4868,236.89,3
16718,30420,4868,408.19,12
16719,30422,4868,395.43,6
16720,30423,4868,339.51,10
16721,30424,4868,396.32,12
16722,30427,4868,243.68,6
16723,30428,4868,219.59,12
16724,30430,4869,361.84,1
16725,30431,4869,307.73,3
16726,30432,4869,326.53,11
16727,30433,4869,226.54,2
16728,30434,4869,324.62,3
16729,30438,4870,217.81,11
16730,30439,4870,417.31,1
16731,30440,4870,315.67,7
16732,30442,4870,446.03,1
16733,30443,4871,335.81,7
16734,30444,4871,252.33,3
16735,30445,4871,390.38,5
16736,30448,4872,217.98,9
16737,30449,4872,293.37,10
16738,30451,4873,304.62,8
16739,30452,4873,115.38,9
16740,30453,4873,451.24,2
16741,30456,4873,368.6,4
16742,30457,4873,191.59,8
16743,30458,4874,348.84,6
16744,30459,4875,218.97,3
16745,30460,4875,348.12,9
16746,30461,4875,237.35,10
16747,30463,4875,326.26,4
16748,30466,4875,356.2,2
16749,30467,4876,342.96,2
16750,30468,4877,291.33,1
16751,30469,4877,260.18,4
16752,30475,4878,295.28,10
16753,30477,4879,411.18,11
16754,30481,4879,362.96,5
16755,30482,4879,388.78,10
16756,30486,4879,317.25,8
16757,30489,4880,411.98,10
16758,30490,4880,454.03,11
16759,30491,4880,197.7,4
16760,30495,4880,224.78,7
16761,30496,4881,417.18,9
16762,30497,4881,475.28,4
16763,30498,4881,220.34,12
16764,30499,4881,197.54,10
16765,30504,4882,251.85,8
16766,30505,4882,276.15,5
16767,30509,4884,333.67,7
16768,30512,4884,389.67,7
16769,30513,4884,303.42,8
16770,30515,4884,475.73,3
16771,30516,4884,315.8,4
16772,30517,4884,258.14,12
16773,30518,4885,234.15,2
16774,30522,4886,281.01,2
16775,30523,4886,337.03,1
16776,30524,4887,308.69,4
16777,30525,4887,284.68,8
16778,30527,4887,291.82,5
16779,30528,4887,249.0,11
16780,30530,4887,340.52,9
16781,30531,4887,499.44,12
16782,30533,4888,291.88,7
16783,30536,4888,353.78,7
16784,30539,4889,276.45,3
16785,30541,4889,473.15,5
16786,30545,4890,268.45,6
16787,30547,4890,283.3,6
16788,30548,4890,176.7,10
16789,30549,4890,151.45,8
16790,30552,4891,300.53,9
16791,30553,4891,269.9,2
16792,30555,4891,365.25,1
16793,30557,4891,367.24,2
16794,30558,4891,337.83,5
16795,30560,4892,363.48,3
16796,30561,4892,375.6,10
16797,30562,4892,357.38,10
16798,30563,4892,268.42,7
16799,30564,4892,246.39,11
16800,30567,4893,296.73,12
16801,30568,4893,284.43,2
16802,30569,4893,336.21,9
16803,30570,4893,410.04,3
16804,30571,4893,290.3,3
16805,30573,4893,336.43,12
16806,30576,4894,497.58,1
16807,30578,4894,349.62,10
16808,30586,4896,365.41,1
16809,30587,4896,469.2,12
16810,30588,4896,301.75,7
16811,30589,4896,378.01,6
16812,30590,4897,243.03,5
16813,30597,4898,287.6,9
16814,30598,4898,287.97,4
16815,30599,4898,362.52,11
16816,30600,4898,507.25,7
16817,30604,4899,249.3,4
16818,30607,4899,420.23,11
16819,30608,4900,396.75,1
16820,30609,4900,340.98,9
16821,30614,4901,344.51,6
16822,30616,4902,384.58,4
16823,30617,4902,322.3,11
16824,30619,4902,281.46,3
16825,30620,4903,420.76,5
16826,30622,4903,307.77,11
16827,30623,4903,332.26,6
16828,30627,4903,229.94,1
16829,30628,4903,313.88,5
16830,30629,4903,191.77,4
16831,30630,4903,333.06,8
16832,30632,4903,191.69,8
16833,30633,4903,163.16,3
16834,30634,4903,189.33,10
16835,30637,4904,361.03,9
16836,30638,4904,232.79,5
16837,30640,4904,308.48,3
16838,30641,4904,262.57,6
16839,30642,4904,358.5,8
16840,30644,4904,161.23,1
16841,30647,4905,315.25,2
16842,30649,4905,283.01,11
16843,30650,4905,386.14,10
16844,30651,4905,374.62,8
16845,30652,4905,127.2,2
16846,30655,4906,425.68,5
16847,30656,4906,413.03,8
16848,30658,4907,361.31,4
16849,30659,4907,194.77,11
16850,30662,4907,365.98,7
16851,30663,4907,382.97,2
16852,30665,4907,291.33,7
16853,30666,4907,404.96,11
16854,30668,4907,471.75,3
16855,30669,4908,284.67,11
16856,30670,4908,239.65,7
16857,30672,4908,301.33,9
16858,30673,4908,367.61,1
16859,30674,4908,318.69,9
16860,30676,4908,233.73,12
16861,30678,4909,424.75,9
16862,30680,4909,304.65,12
16863,30682,4909,374.44,9
16864,30683,4909,377.96,3
16865,30685,4909,303.74,10
16866,30686,4910,376.04,4
16867,30688,4910,475.86,8
16868,30689,4910,402.26,8
16869,30693,4910,174.29,3
16870,30694,4910,304.17,8
16871,30696,4910,257.73,2
16872,30700,4911,428.34,5
16873,30701,4911,319.76,2
16874,30704,4911,306.59,1
16875,30706,4911,185.05,2
16876,30709,4912,595.5,4
16877,30712,4913,329.74,8
16878,30715,4913,306.35,9
16879,30717,4913,183.87,11
16880,30718,4913,335.73,3
16881,30721,4914,314.99,6
16882,30722,4914,331.55,9
16883,30723,4914,194.74,5
16884,30724,4914,169.99,6
16885,30728,4915,472.39,7
16886,30729,4915,214.75,8
16887,30733,4915,367.21,7
16888,30734,4915,294.71,1
16889,30736,4915,409.56,1
16890,30738,4916,337.16,2
16891,30739,4916,328.28,6
16892,30740,4916,332.87,10
16893,30741,4916,250.62,7
16894,30742,4916,215.54,12
16895,30743,4916,298.06,3
16896,30744,4916,182.23,12
16897,30745,4916,129.24,4
16898,30748,4916,333.0,1
16899,30753,4917,295.37,10
16900,30756,4918,407.81,12
16901,30757,4918,395.98,11
16902,30758,4918,366.49,3
16903,30760,4919,365.17,3
16904,30761,4920,248.75,10
16905,30762,4920,362.62,7
16906,30765,4920,265.02,9
16907,30766,4920,372.37,2
16908,30774,4921,567.99,2
16909,30775,4921,103.66,7
16910,30776,4921,386.22,8
16911,30779,4922,326.54,9
16912,30780,4922,264.1,7
16913,30782,4922,387.41,10
16914,30783,4922,206.4,5
16915,30785,4922,504.89,8
16916,30786,4923,415.48,2
16917,30787,4923,270.09,3
16918,30789,4923,146.49,9
16919,30794,4923,263.72,9
16920,30797,4924,448.79,4
16921,30798,4924,492.85,3
16922,30799,4924,298.65,2
16923,30800,4924,384.05,5
16924,30802,4924,283.01,6
16925,30803,4924,294.05,6
16926,30804,4924,241.3,6
16927,30806,4925,445.88,1
16928,30809,4925,256.28,8
16929,30811,4925,355.61,12
16930,30812,4925,335.66,7
16931,30814,4925,555.69,6
16932,30815,4926,322.91,3
16933,30816,4926,274.59,3
16934,30819,4926,254.27,10
16935,30820,4926,402.26,1
16936,30821,4927,502.05,3
16937,30822,4927,482.81,8
16938,30823,4928,275.87,9
16939,30825,4928,393.08,9
16940,30827,4928,226.44,2
16941,30828,4928,317.91,2
16942,30830,4929,196.47,10
16943,30831,4929,324.06,7
16944,30834,4929,228.93,7
16945,30835,4929,313.94,2
16946,30836,4929,439.36,3
16947,30837,4929,243.57,12
16948,30838,4929,283.68,1
16949,30839,4930,406.1,9
16950,30842,4930,285.94,10
16951,30843,4931,211.69,3
16952,30845,4931,282.57,6
16953,30849,4932,322.3,7
16954,30850,4932,375.64,6
16955,30851,4932,158.45,10
16956,30854,4932,371.15,3
16957,30858,4934,337.7,12
16958,30863,4936,130.7,9
16959,30865,4936,295.88,9
16960,30869,4936,329.84,12
16961,30872,4937,241.68,12
16962,30873,4938,225.27,6
16963,30874,4938,315.22,12
16964,30875,4938,317.65,10
16965,30878,4939,128.24,3
16966,30879,4939,257.37,12
16967,30881,4939,246.79,8
16968,30883,4939,199.35,3
16969,30884,4939,397.12,1
16970,30885,4939,404.79,10
16971,30886,4940,188.97,3
16972,30887,4940,303.87,2
16973,30888,4940,358.91,9
16974,30893,4940,409.19,10
16975,30894,4940,398.51,9
16976,30895,4940,288.0,2
16977,30896,4940,327.85,9
16978,30898,4941,418.42,8
16979,30900,4941,282.81,12
16980,30902,4941,237.2,11
16981,30905,4942,421.45,6
16982,30910,4942,225.86,7
16983,30911,4943,164.76,6
16984,30914,4943,346.06,5
16985,30917,4943,384.5,4
16986,30918,4943,429.61,12
16987,30919,4943,379.78,8
16988,30920,4943,390.94,12
16989,30921,4944,219.35,11
16990,30922,4944,354.23,9
16991,30924,4944,371.74,10
16992,30926,4946,265.0,1
16993,30931,4947,320.65,8
16994,30935,4947,424.85,11
16995,30936,4948,399.2,7
16996,30938,4948,428.12,9
16997,30940,4949,273.06,11
16998,30943,4949,457.59,2
16999,30946,4949,271.14,5
17000,30947,4949,188.69,4
17001,30948,4950,309.04,4
17002,30950,4950,311.24,2
17003,30951,4951,243.46,6
17004,30952,4951,354.95,9
17005,30953,4951,539.37,8
17006,30954,4951,365.16,9
17007,30956,4951,397.57,10
17008,30957,4951,386.37,3
17009,30958,4951,266.3,10
17010,30959,4951,225.96,12
17011,30961,4951,306.75,11
17012,30962,4951,321.16,1
17013,30963,4952,437.02,9
17014,30964,4952,251.99,8
17015,30965,4952,322.73,3
17016,30966,4952,319.85,12
17017,30968,4952,293.95,2
17018,30969,4952,369.01,7
17019,30970,4952,341.38,4
17020,30971,4953,443.83,3
17021,30973,4953,333.71,8
17022,30976,4954,145.89,9
17023,30977,4954,228.57,1
17024,30978,4954,272.29,1
17025,30983,4955,97.59,2
17026,30987,4956,224.1,7
17027,30990,4957,408.08,9
17028,30992,4957,182.8,4
17029,30996,4958,365.48,4
17030,30997,4958,203.78,2
17031,31000,4958,318.04,5
17032,31004,4959,319.61,3
17033,31005,4959,343.14,7
17034,31006,4960,190.02,8
17035,31008,4960,410.67,3
17036,31009,4960,279.33,3
17037,31011,4960,237.6,8
17038,31013,4960,361.51,12
17039,31014,4960,317.95,1
17040,31015,4960,255.38,8
17041,31018,4961,283.08,9
17042,31020,4961,63.39,7
17043,31024,4961,301.99,9
17044,31027,4962,282.09,5
17045,31029,4962,278.94,9
17046,31031,4962,251.73,1
17047,31032,4962,375.3,8
17048,31033,4963,358.18,7
17049,31034,4963,345.34,10
17050,31035,4963,225.66,2
17051,31037,4963,261.1,1
17052,31039,4964,67.32,6
17053,31042,4964,358.06,8
17054,31043,4964,439.63,8
17055,31044,4964,132.89,1
17056,31046,4964,409.21,8
17057,31047,4964,425.22,11
17058,31049,4964,238.77,2
17059,31050,4964,556.81,5
17060,31052,4965,235.57,3
17061,31053,4965,277.2,12
17062,31054,4965,297.52,8
17063,31055,4965,367.3,5
17064,31056,4965,244.29,10
17065,31057,4966,275.92,8
17066,31064,4969,198.9,7
17067,31065,4969,330.12,2
17068,31066,4969,440.89,11
17069,31067,4969,301.21,11
17070,31068,4969,381.57,10
17071,31069,4969,287.77,7
17072,31070,4969,455.78,8
17073,31071,4969,326.41,12
17074,31072,4969,224.54,2
17075,31073,4969,328.58,3
17076,31077,4970,300.67,6
17077,31079,4970,298.65,4
17078,31083,4972,355.5,8
17079,31084,4972,179.92,5
17080,31085,4972,303.09,2
17081,31086,4973,416.92,2
17082,31090,4974,437.49,11
17083,31091,4974,254.34,8
17084,31092,4974,172.06,2
17085,31093,4974,455.34,11
17086,31094,4975,238.07,12
17087,31095,4975,281.86,12
17088,31100,4975,245.98,3
17089,31101,4975,312.82,1
17090,31104,4976,266.55,3
17091,31105,4976,395.65,9
17092,31106,4977,383.17,7
17093,31107,4977,202.4,5
17094,31108,4977,182.32,3
17095,31109,4977,216.67,12
17096,31112,4978,260.89,5
17097,31113,4978,372.24,9
17098,31114,4978,348.48,8
17099,31117,4979,462.25,12
17100,31118,4979,259.73,4
17101,31119,4980,222.11,10
17102,31121,4981,317.11,11
17103,31124,4981,163.0,1
17104,31126,4981,327.96,12
17105,31128,4982,267.21,7
17106,31132,4982,495.83,12
17107,31134,4982,300.77,8
17108,31135,4982,501.83,11
17109,31136,4982,358.59,6
17110,31137,4982,387.09,9
17111,31138,4983,357.97,2
17112,31141,4983,181.26,5
17113,31142,4983,443.28,11
17114,31143,4983,390.75,7
17115,31147,4984,326.93,11
17116,31148,4985,194.4,3
17117,31149,4986,167.79,4
17118,31152,4986,295.92,9
17119,31153,4986,399.38,7
17120,31154,4986,327.56,3
17121,31155,4987,349.25,5
17122,31156,4988,455.97,1
17123,31158,4988,397.63,12
17124,31163,4989,381.73,10
17125,31165,4989,382.17,8
17126,31166,4989,358.44,3
17127,31167,4989,373.75,9
17128,31170,4990,365.43,9
17129,31171,4990,370.84,6
17130,31174,4990,640.56,4
17131,31175,4990,310.39,10
17132,31176,4990,118.27,6
17133,31178,4990,223.13,6
17134,31181,4991,421.07,3
17135,31182,4991,355.63,6
17136,31183,4991,294.12,4
17137,31184,4991,358.0,9
17138,31186,4991,403.93,1
17139,31189,4992,369.42,1
17140,31190,4992,448.66,2
17141,31192,4992,489.83,5
17142,31193,4992,403.27,1
17143,31197,4993,314.75,5
17144,31198,4993,441.59,1
17145,31201,4993,253.87,9
17146,31203,4993,215.02,3
17147,31204,4993,214.32,2
17148,31205,4994,297.41,2
17149,31207,4994,223.37,8
17150,31208,4994,349.99,7
17151,31209,4995,377.6,7
17152,31210,4995,485.35,12
17153,31212,4995,288.9,2
17154,31213,4995,422.48,7
17155,31214,4995,343.94,4
17156,31215,4995,383.52,9
17157,31218,4995,487.71,6
17158,31219,4996,394.06,12
17159,31221,4996,252.05,3
17160,31222,4997,219.88,9
17161,31223,4997,188.98,2
17162,31224,4997,161.53,12
17163,31227,4997,280.96,2
17164,31228,4998,339.05,3
17165,31229,4998,322.51,2
17166,31230,4998,264.59,6
17167,31231,4998,152.15,10
17168,31232,4998,437.12,7
17169,31234,4999,257.05,2
17170,31236,4999,366.87,9
17171,31237,4999,227.63,12
17172,31240,4999,174.18,1
17173,31241,4999,278.04,6
17174,31242,4999,370.51,8
17175,31244,4999,167.61,8
17176,31247,5000,291.52,12
17177,31248,5000,308.98,3
17178,31249,5000,282.03,10
17179,31250,5001,207.56,7
17180,31252,5001,306.57,1
17181,31256,5002,256.79,6
17182,31258,5002,188.92,2
17183,31259,5002,425.73,11
17184,31260,5002,408.31,1
17185,31261,5002,262.6,3
17186,31262,5002,266.53,1
17187,31263,5002,311.12,7
17188,31264,5002,396.65,8
17189,31265,5002,438.31,2
17190,31267,5003,187.74,7
17191,31268,5003,405.58,2
17192,31269,5003,330.61,6
17193,31271,5004,304.57,5
17194,31272,5004,211.42,4
17195,31274,5004,305.72,10
17196,31275,5004,309.09,11
17197,31276,5004,288.54,2
17198,31277,5004,304.6,12
17199,31278,5004,416.43,12
17200,31280,5004,348.13,5
17201,31285,5005,406.41,9
17202,31286,5005,191.37,1
17203,31287,5005,287.96,10
17204,31289,5005,275.27,2
17205,31290,5006,371.09,11
17206,31291,5006,341.42,8
17207,31292,5006,388.87,7
17208,31297,5006,464.55,8
17209,31298,5006,340.53,10
17210,31299,5006,316.95,5
17211,31302,5008,296.79,5
17212,31303,5008,162.96,6
17213,31304,5008,207.49,1
17214,31305,5008,174.05,3
17215,31307,5009,271.53,2
17216,31312,5010,284.62,2
17217,31313,5010,475.51,4
17218,31314,5010,329.01,12
17219,31318,5011,333.75,3
17220,31321,5012,252.39,11
17221,31323,5013,307.24,5
17222,31331,5015,121.41,6
17223,31332,5015,377.64,3
17224,31333,5015,282.91,7
17225,31338,5016,210.49,3
17226,31339,5016,304.63,9
17227,31341,5016,379.99,12
17228,31342,5016,389.51,9
17229,31346,5017,481.74,3
17230,31347,5017,308.99,5
17231,31348,5017,217.31,12
17232,31349,5017,351.27,11
17233,31351,5017,408.01,9
17234,31353,5019,364.24,8
17235,31356,5019,332.0,8
17236,31357,5019,386.02,9
17237,31358,5020,288.75,7
17238,31362,5020,325.8,4
17239,31364,5021,344.37,5
17240,31365,5021,82.07,2
17241,31367,5022,260.02,10
17242,31368,5022,206.48,2
17243,31371,5022,194.85,6
17244,31372,5022,193.39,4
17245,31374,5022,329.26,10
17246,31375,5022,368.24,5
17247,31376,5022,217.64,6
17248,31377,5022,222.46,8
17249,31379,5023,356.57,8
17250,31384,5023,409.49,6
17251,31385,5023,355.83,3
17252,31387,5024,407.56,10
17253,31388,5024,303.49,7
17254,31389,5024,390.07,1
17255,31393,5025,290.03,1
17256,31395,5025,351.67,3
17257,31398,5026,217.08,2
17258,31399,5026,448.02,2
17259,31400,5026,474.29,10
17260,31402,5026,336.29,12
17261,31403,5026,468.97,12
17262,31405,5026,361.75,4
17263,31406,5026,311.23,6
17264,31410,5027,279.48,11
17265,31411,5027,487.43,10
17266,31412,5027,306.43,12
17267,31413,5027,319.25,3
17268,31414,5027,403.55,10
17269,31416,5027,354.44,12
17270,31419,5027,293.35,10
17271,31422,5027,404.56,7
17272,31423,5027,177.78,11
17273,31424,5028,311.95,1
17274,31425,5028,322.74,11
17275,31429,5029,306.78,9
17276,31430,5029,394.78,1
17277,31431,5029,244.88,12
17278,31432,5029,309.35,2
17279,31433,5029,545.8,9
17280,31435,5029,384.74,7
17281,31436,5029,409.16,9
17282,31437,5029,310.12,11
17283,31439,5029,444.51,6
17284,31443,5029,177.67,10
17285,31444,5030,421.24,2
17286,31445,5030,298.07,12
17287,31446,5031,259.05,8
17288,31449,5033,252.68,7
17289,31450,5033,312.84,12
17290,31451,5033,408.06,6
17291,31454,5033,209.88,12
17292,31456,5033,454.72,6
17293,31457,5033,229.51,11
17294,31459,5034,288.23,10
17295,31460,5034,269.92,11
17296,31461,5034,323.89,5
17297,31463,5034,261.38,5
17298,31465,5034,267.76,8
17299,31466,5035,210.65,3
17300,31467,5035,331.79,4
17301,31469,5035,199.55,11
17302,31470,5035,293.44,10
17303,31475,5036,230.09,3
17304,31477,5036,223.22,1
17305,31478,5036,252.67,5
17306,31484,5039,242.51,8
17307,31486,5039,359.65,1
17308,31488,5039,269.82,6
17309,31490,5039,438.18,2
17310,31491,5039,258.45,10
17311,31492,5039,303.7,3
17312,31495,5040,271.33,10
17313,31496,5040,308.95,2
17314,31500,5040,317.66,1
17315,31502,5040,315.48,1
17316,31505,5041,377.31,11
17317,31506,5041,325.22,10
17318,31507,5041,342.07,5
17319,31511,5041,427.21,8
17320,31512,5041,292.99,7
17321,31514,5041,435.34,2
17322,31515,5041,334.73,3
17323,31518,5042,78.3,8
17324,31519,5042,337.19,12
17325,31522,5042,446.96,9
17326,31523,5042,373.57,12
17327,31525,5042,309.57,8
17328,31527,5043,271.31,1
17329,31528,5043,466.98,8
17330,31530,5043,327.47,11
17331,31532,5043,214.3,7
17332,31533,5043,330.75,8
17333,31536,5044,243.35,3
17334,31537,5044,108.59,5
17335,31540,5044,321.04,10
17336,31543,5045,325.03,8
17337,31544,5046,288.98,5
17338,31545,5046,289.52,6
17339,31547,5047,332.29,6
17340,31548,5047,259.09,9
17341,31549,5047,219.11,9
17342,31550,5047,203.65,5
17343,31551,5047,284.48,8
17344,31552,5047,343.5,11
17345,31553,5047,117.68,12
17346,31555,5048,364.07,6
17347,31556,5048,292.9,5
17348,31560,5048,266.61,2
17349,31562,5049,452.31,11
17350,31564,5049,424.51,9
17351,31565,5049,368.02,6
17352,31566,5049,226.82,5
17353,31567,5049,427.87,3
17354,31568,5049,227.12,4
17355,31569,5049,292.49,6
17356,31571,5050,341.56,10
17357,31572,5050,130.77,5
17358,31574,5050,342.12,2
17359,31575,5050,244.7,4
17360,31577,5051,278.23,5
17361,31579,5051,213.08,10
17362,31580,5051,415.71,1
17363,31586,5053,288.48,6
17364,31593,5054,320.36,1
17365,31595,5054,466.24,2
17366,31596,5054,406.04,9
17367,31599,5056,324.82,4
17368,31600,5056,255.18,10
17369,31602,5056,254.43,11
17370,31603,5057,359.2,6
17371,31608,5057,236.04,5
17372,31609,5057,150.39,10
17373,31613,5057,249.81,3
17374,31614,5057,356.3,6
17375,31616,5058,263.82,9
17376,31617,5058,412.8,8
17377,31619,5058,261.24,9
17378,31623,5059,302.84,2
17379,31624,5060,250.81,10
17380,31625,5060,307.36,8
17381,31626,5060,218.51,8
17382,31627,5060,436.8,3
17383,31628,5060,407.71,1
17384,31630,5060,199.56,12
17385,31634,5062,413.17,11
17386,31635,5062,446.31,2
17387,31636,5062,371.93,1
17388,31637,5062,428.4,10
17389,31638,5062,328.6,2
17390,31639,5062,377.79,1
17391,31640,5062,363.89,4
17392,31641,5062,236.51,2
17393,31643,5062,397.82,11
17394,31644,5062,352.89,8
17395,31647,5062,224.61,6
17396,31649,5063,173.37,12
17397,31650,5063,344.1,3
17398,31651,5063,306.87,3
17399,31652,5063,207.54,12
17400,31653,5063,429.55,9
17401,31656,5064,361.46,7
17402,31657,5064,361.59,3
17403,31658,5064,333.67,7
17404,31659,5064,209.49,4
17405,31660,5064,223.7,5
17406,31662,5064,430.18,7
17407,31663,5064,340.04,7
17408,31664,5064,225.15,6
17409,31665,5064,311.65,12
17410,31667,5065,364.27,10
17411,31669,5065,272.56,2
17412,31671,5065,338.61,12
17413,31672,5065,412.98,10
17414,31674,5065,477.1,3
17415,31675,5066,157.92,11
17416,31676,5066,401.65,11
17417,31677,5067,364.82,11
17418,31678,5067,349.32,8
17419,31683,5067,240.91,4
17420,31684,5067,359.27,9
17421,31685,5067,273.19,11
17422,31686,5068,358.78,10
17423,31689,5068,360.87,6
17424,31692,5069,433.7,6
17425,31693,5069,392.73,9
17426,31695,5069,148.19,7
17427,31697,5070,324.29,7
17428,31699,5070,438.67,1
17429,31700,5070,187.04,10
17430,31703,5071,309.15,10
17431,31704,5072,350.04,7
17432,31705,5072,116.58,10
17433,31707,5072,350.95,10
17434,31709,5072,263.81,4
17435,31711,5072,335.03,12
17436,31712,5073,340.44,8
17437,31713,5073,297.06,5
17438,31714,5073,319.36,3
17439,31715,5073,225.79,2
17440,31716,5073,309.03,8
17441,31718,5073,268.28,9
17442,31719,5073,353.55,1
17443,31724,5074,323.3,5
17444,31725,5074,224.43,3
17445,31727,5075,248.95,7
17446,31728,5075,248.82,6
17447,31733,5075,312.91,8
17448,31734,5076,331.12,11
17449,31735,5076,311.2,9
17450,31736,5077,331.82,1
17451,31740,5078,270.41,9
17452,31741,5078,247.47,8
17453,31742,5078,196.44,12
17454,31743,5079,286.78,1
17455,31745,5079,263.43,9
17456,31751,5081,527.06,8
17457,31752,5081,502.36,12
17458,31755,5081,363.06,4
17459,31760,5082,238.88,6
17460,31762,5082,312.39,1
17461,31763,5082,343.99,1
17462,31764,5083,122.65,1
17463,31765,5083,317.3,1
17464,31771,5085,200.27,3
17465,31774,5085,289.79,7
17466,31775,5085,242.91,7
17467,31777,5085,311.22,3
17468,31785,5089,279.65,6
17469,31788,5089,338.59,10
17470,31790,5090,387.34,10
17471,31791,5090,370.46,4
17472,31793,5090,486.96,4
17473,31794,5091,277.75,3
17474,31795,5091,445.85,7
17475,31799,5091,228.89,8
17476,31800,5091,161.89,7
17477,31801,5092,367.76,1
17478,31805,5092,455.34,3
17479,31806,5092,247.09,2
17480,31807,5092,367.42,9
17481,31809,5092,248.88,10
17482,31812,5093,418.31,12
17483,31813,5093,414.38,11
17484,31815,5093,352.55,9
17485,31818,5093,217.9,12
17486,31819,5093,355.85,4
17487,31820,5093,168.8,10
17488,31821,5094,320.04,3
17489,31822,5094,247.62,6
17490,31825,5094,329.08,7
17491,31826,5094,323.26,2
17492,31827,5094,333.06,5
17493,31828,5094,181.19,10
17494,31830,5094,214.08,11
17495,31831,5094,480.14,12
17496,31834,5095,395.31,5
17497,31835,5095,346.59,11
17498,31836,5095,181.42,9
17499,31837,5095,347.9,7
17500,31843,5096,352.08,4
17501,31844,5096,280.67,5
17502,31845,5097,213.74,2
17503,31850,5097,260.5,4
17504,31851,5097,410.65,6
17505,31852,5097,388.5,1
17506,31854,5097,407.98,6
17507,31855,5098,371.29,8
17508,31857,5098,237.35,9
17509,31860,5098,169.68,11
17510,31861,5099,314.13,3
17511,31862,5099,406.89,2
17512,31867,5099,410.55,11
17513,31869,5100,227.28,11
17514,31870,5100,349.81,4
17515,31871,5101,254.39,12
17516,31873,5102,295.39,1
17517,31874,5103,205.21,1
17518,31875,5104,383.49,12
17519,31877,5105,365.5,3
17520,31878,5105,213.45,2
17521,31879,5105,291.63,11
17522,31880,5105,180.28,1
17523,31881,5105,167.41,1
17524,31882,5105,201.7,1
17525,31883,5106,321.39,5
17526,31885,5106,273.66,3
17527,31886,5107,323.83,5
17528,31887,5107,271.35,1
17529,31890,5107,390.28,6
17530,31893,5107,287.69,3
17531,31894,5107,418.53,12
17532,31898,5107,276.55,3
17533,31901,5108,372.67,2
17534,31904,5108,313.34,6
17535,31906,5108,208.76,5
17536,31908,5108,459.11,2
17537,31909,5109,478.24,5
17538,31911,5109,313.07,2
17539,31914,5110,299.4,7
17540,31916,5110,404.28,10
17541,31918,5111,316.95,9
17542,31920,5111,382.28,11
17543,31921,5111,342.22,11
17544,31923,5113,334.74,10
17545,31924,5113,261.39,4
17546,31929,5113,265.11,5
17547,31931,5114,414.58,11
17548,31932,5114,450.19,6
17549,31934,5114,334.48,9
17550,31935,5114,434.69,8
17551,31938,5116,250.02,10
17552,31939,5116,368.06,9
17553,31940,5117,297.05,4
17554,31943,5117,322.12,9
17555,31946,5117,298.38,1
17556,31947,5117,300.69,5
17557,31949,5118,84.7,5
17558,31951,5118,203.99,3
17559,31952,5118,161.45,6
17560,31953,5118,276.74,10
17561,31955,5118,224.31,8
17562,31956,5118,163.82,6
17563,31957,5118,227.91,1
17564,31961,5118,300.55,5
17565,31962,5118,587.83,2
17566,31963,5118,306.8,6
17567,31964,5118,286.24,5
17568,31967,5119,194.4,6
17569,31968,5120,221.63,7
17570,31970,5121,398.06,5
17571,31971,5121,447.98,2
17572,31973,5121,236.73,6
17573,31975,5122,334.68,5
17574,31976,5122,550.05,6
17575,31980,5123,490.18,2
17576,31981,5123,342.22,5
17577,31985,5123,233.93,5
17578,31986,5123,229.27,8
17579,31989,5124,127.38,12
17580,31990,5124,318.27,12
17581,31994,5125,477.61,10
17582,31996,5126,257.18,8
17583,31997,5126,294.44,9
17584,31999,5127,313.13,11
17585,32001,5127,321.15,2
17586,32003,5127,238.28,9
17587,32008,5128,306.19,1
17588,32010,5128,348.0,11
17589,32011,5128,361.93,7
17590,32013,5129,350.72,2
17591,32014,5129,248.01,7
17592,32015,5129,314.26,3
17593,32020,5131,348.14,3
17594,32022,5131,413.9,11
17595,32023,5131,367.3,3
17596,32024,5131,225.59,8
17597,32025,5131,326.11,3
17598,32026,5132,356.39,9
17599,32027,5132,363.2,9
17600,32030,5132,374.91,8
17601,32031,5132,369.1,8
17602,32035,5133,179.31,12
17603,32036,5134,228.91,2
17604,32038,5134,426.26,1
17605,32041,5134,232.62,1
17606,32047,5135,346.11,4
17607,32050,5135,263.99,8
17608,32052,5136,409.04,10
17609,32053,5136,417.55,1
17610,32056,5136,237.0,2
17611,32057,5137,383.26,7
17612,32061,5137,398.23,2
17613,32066,5138,372.79,11
17614,32068,5138,298.99,6
17615,32070,5139,165.04,9
17616,32074,5139,424.89,2
17617,32075,5139,264.05,2
17618,32077,5139,299.62,6
17619,32078,5139,362.02,8
17620,32079,5139,228.91,12
17621,32080,5139,219.51,6
17622,32081,5140,243.03,7
17623,32085,5140,236.63,1
17624,32087,5141,221.35,11
17625,32088,5141,319.18,10
17626,32089,5141,339.04,12
17627,32092,5141,257.36,5
17628,32096,5141,325.24,3
17629,32097,5141,73.13,6
17630,32098,5141,346.37,3
17631,32100,5141,326.07,8
17632,32104,5143,418.21,8
17633,32105,5143,353.68,2
17634,32106,5143,368.8,6
17635,32107,5144,256.91,3
17636,32110,5144,161.9,6
17637,32113,5146,318.6,3
17638,32114,5146,181.56,3
17639,32115,5147,325.16,6
17640,32116,5147,363.53,6
17641,32119,5147,310.39,8
17642,32120,5147,231.87,7
17643,32123,5147,475.82,10
17644,32124,5147,293.87,1
17645,32125,5148,410.16,7
17646,32130,5149,459.09,12
17647,32132,5149,436.13,2
17648,32133,5149,380.88,6
17649,32135,5150,477.03,9
17650,32141,5150,352.35,1
17651,32145,5151,410.67,5
17652,32147,5151,339.05,10
17653,32150,5152,243.4,11
17654,32153,5152,336.53,11
17655,32154,5152,191.25,7
17656,32156,5152,329.33,4
17657,32157,5152,286.43,9
17658,32158,5152,399.65,2
17659,32159,5152,441.99,5
17660,32160,5152,223.18,1
17661,32162,5153,355.8,3
17662,32165,5153,357.18,6
17663,32166,5153,439.35,1
17664,32168,5154,400.95,9
17665,32169,5154,420.89,5
17666,32170,5155,355.22,5
17667,32172,5155,211.0,1
17668,32173,5156,255.35,5
17669,32175,5156,358.79,2
17670,32176,5157,206.42,2
17671,32177,5157,274.38,5
17672,32179,5157,287.58,12
17673,32181,5157,310.82,4
17674,32182,5157,354.96,7
17675,32185,5158,348.58,3
17676,32189,5160,375.09,10
17677,32191,5161,236.81,8
17678,32192,5161,284.77,11
17679,32195,5163,361.59,6
17680,32196,5163,217.3,11
17681,32197,5164,387.59,12
17682,32200,5165,329.92,9
17683,32205,5165,202.18,8
17684,32206,5166,395.87,8
17685,32208,5166,341.14,4
17686,32209,5166,482.87,10
17687,32211,5166,422.91,2
17688,32212,5166,174.05,2
17689,32213,5166,295.76,4
17690,32214,5166,333.87,6
17691,32215,5167,344.76,9
17692,32216,5167,236.4,5
17693,32220,5167,327.63,11
17694,32221,5167,294.93,6
17695,32223,5167,243.6,7
17696,32226,5168,275.37,1
17697,32228,5168,277.26,7
17698,32229,5168,485.8,2
17699,32231,5168,425.4,8
17700,32233,5168,346.15,1
17701,32235,5169,168.4,9
17702,32236,5169,446.79,12
17703,32237,5169,137.7,12
17704,32239,5169,204.22,9
17705,32241,5170,183.26,2
17706,32242,5170,235.58,12
17707,32246,5170,471.31,12
17708,32248,5170,390.26,7
17709,32250,5171,343.18,7
17710,32251,5171,320.82,6
17711,32254,5171,235.65,11
17712,32255,5171,393.86,9
17713,32257,5172,451.18,5
17714,32259,5172,400.95,12
17715,32262,5172,375.91,4
17716,32265,5172,410.86,4
17717,32267,5173,326.1,10
17718,32268,5173,141.12,12
17719,32270,5173,422.62,9
17720,32272,5173,225.95,11
17721,32273,5173,322.57,5
17722,32274,5174,483.4,5
17723,32275,5174,317.87,3
17724,32276,5174,467.37,5
17725,32277,5174,333.77,4
17726,32278,5174,244.7,8
17727,32279,5174,313.01,7
17728,32280,5174,271.88,3
17729,32282,5174,418.06,2
17730,32283,5174,303.77,8
17731,32284,5175,384.64,11
17732,32287,5175,355.14,5
17733,32290,5176,154.43,5
17734,32293,5176,253.25,10
17735,32299,5177,324.23,12
17736,32303,5178,287.99,7
17737,32306,5179,334.34,9
17738,32309,5179,370.55,6
17739,32310,5179,417.41,7
17740,32312,5179,349.79,3
17741,32313,5179,330.8,5
17742,32319,5180,373.94,7
17743,32320,5181,264.66,8
17744,32321,5181,341.11,3
17745,32323,5181,357.85,12
17746,32325,5181,329.11,5
17747,32327,5181,318.45,4
17748,32331,5182,381.61,6
17749,32335,5182,231.36,12
17750,32336,5182,244.77,4
17751,32338,5182,301.29,1
17752,32340,5182,416.68,7
17753,32341,5183,192.17,6
17754,32342,5183,411.25,12
17755,32343,5184,447.43,6
17756,32345,5184,339.38,7
17757,32346,5184,225.59,8
17758,32348,5184,170.81,2
17759,32350,5184,509.87,5
17760,32351,5185,211.17,8
17761,32353,5185,274.35,11
17762,32354,5185,155.38,4
17763,32358,5185,133.98,8
17764,32359,5185,381.24,12
17765,32360,5185,267.47,8
17766,32362,5186,396.65,11
17767,32364,5186,289.05,8
17768,32365,5186,429.65,5
17769,32367,5186,290.64,7
17770,32368,5186,406.31,12
17771,32369,5187,230.53,11
17772,32370,5187,249.21,10
17773,32371,5187,233.84,3
17774,32374,5187,263.64,10
17775,32375,5187,171.67,12
17776,32376,5187,228.59,6
17777,32377,5187,231.91,8
17778,32378,5187,494.25,12
17779,32379,5187,307.56,7
17780,32382,5188,283.87,10
17781,32384,5188,386.95,3
17782,32386,5188,278.69,9
17783,32387,5188,347.01,8
17784,32388,5188,379.29,12
17785,32389,5188,374.39,3
17786,32392,5189,316.94,12
17787,32393,5189,329.41,11
17788,32394,5189,352.02,2
17789,32397,5189,367.54,8
17790,32398,5189,350.66,4
17791,32399,5190,334.06,8
17792,32404,5190,235.28,11
17793,32405,5190,370.36,6
17794,32406,5190,210.97,12
17795,32407,5190,322.33,3
17796,32409,5191,333.05,1
17797,32410,5191,188.15,9
17798,32411,5191,254.06,3
17799,32412,5192,435.41,1
17800,32416,5192,246.19,7
17801,32417,5192,372.23,9
17802,32419,5192,212.63,11
17803,32421,5192,194.78,11
17804,32428,5194,387.36,12
17805,32429,5194,420.32,9
17806,32431,5194,321.17,8
17807,32434,5195,355.14,8
17808,32436,5195,440.44,9
17809,32437,5195,301.58,10
17810,32440,5195,326.62,2
17811,32441,5196,299.52,4
17812,32443,5196,252.82,4
17813,32444,5196,183.76,1
17814,32445,5196,241.59,7
17815,32446,5196,424.02,10
17816,32447,5197,466.43,10
17817,32449,5197,223.0,12
17818,32450,5197,386.55,5
17819,32451,5197,298.37,10
17820,32452,5197,457.08,1
17821,32454,5197,316.95,10
17822,32455,5197,260.2,11
17823,32457,5198,338.21,9
17824,32459,5198,186.47,4
17825,32460,5198,333.12,6
17826,32462,5199,292.74,5
17827,32465,5199,292.89,6
17828,32467,5199,263.19,4
17829,32469,5199,248.75,7
17830,32470,5200,346.36,2
17831,32471,5200,327.0,12
17832,32476,5201,300.74,11
17833,32477,5202,353.29,5
17834,32481,5202,311.56,12
17835,32487,5204,298.19,9
17836,32488,5204,257.9,10
17837,32489,5205,416.9,12
17838,32490,5205,524.2,8
17839,32493,5206,104.03,2
17840,32494,5206,297.85,1
17841,32498,5206,304.27,11
17842,32499,5206,334.54,10
17843,32500,5206,570.12,12
17844,32503,5206,324.97,1
17845,32504,5207,288.89,4
17846,32505,5207,375.02,2
17847,32507,5208,394.82,11
17848,32508,5208,265.38,3
17849,32510,5208,312.15,4
17850,32513,5208,316.07,9
17851,32514,5209,465.02,11
17852,32515,5209,332.5,11
17853,32518,5210,360.7,2
17854,32521,5210,266.17,6
17855,32522,5210,361.47,1
17856,32525,5211,306.55,6
17857,32529,5211,296.76,3
17858,32530,5211,268.03,7
17859,32532,5211,339.07,5
17860,32535,5211,306.07,2
17861,32537,5212,233.07,1
17862,32540,5213,238.12,10
17863,32545,5214,338.68,1
17864,32548,5214,328.51,2
17865,32550,5214,376.62,12
17866,32553,5215,331.56,10
17867,32555,5215,221.51,5
17868,32559,5215,371.39,9
17869,32563,5215,242.58,3
17870,32565,5215,413.01,10
17871,32566,5215,406.53,11
17872,32568,5217,266.43,11
17873,32571,5217,245.24,2
17874,32573,5217,211.84,2
17875,32574,5217,203.1,3
17876,32576,5217,466.55,5
17877,32577,5217,247.53,10
17878,32578,5217,284.4,8
17879,32579,5217,543.14,7
17880,32580,5218,423.84,7
17881,32581,5218,412.23,10
17882,32582,5219,380.18,7
17883,32588,5219,413.7,4
17884,32590,5219,108.16,12
17885,32592,5219,308.25,6
17886,32594,5220,258.27,12
17887,32596,5220,178.64,7
17888,32599,5220,188.35,6
17889,32600,5221,305.37,2
17890,32603,5221,193.46,11
17891,32605,5221,299.86,2
17892,32607,5221,279.31,10
17893,32611,5222,465.57,10
17894,32615,5222,378.31,2
17895,32617,5222,397.94,7
17896,32618,5222,222.39,4
17897,32621,5223,435.28,11
17898,32623,5223,373.5,1
17899,32624,5223,311.51,9
17900,32625,5223,189.61,11
17901,32626,5224,355.26,2
17902,32627,5224,292.5,12
17903,32630,5224,259.0,7
17904,32634,5224,341.39,9
17905,32636,5225,285.74,1
17906,32637,5225,310.05,2
17907,32638,5225,209.67,12
17908,32639,5225,179.74,11
17909,32641,5225,451.02,8
17910,32642,5226,211.44,9
17911,32643,5226,215.61,3
17912,32644,5226,264.89,11
17913,32645,5226,395.68,6
17914,32646,5226,260.61,7
17915,32648,5227,305.52,4
17916,32649,5227,237.77,3
17917,32656,5228,423.49,8
17918,32657,5228,130.62,8
17919,32658,5228,340.56,11
17920,32662,5229,492.97,8
17921,32664,5229,294.74,6
17922,32665,5229,236.72,12
17923,32666,5229,124.38,8
17924,32667,5229,351.93,1
17925,32670,5229,402.6,10
17926,32672,5229,421.26,1
17927,32674,5230,452.78,12
17928,32675,5230,389.19,9
17929,32676,5230,173.83,9
17930,32677,5230,428.59,3
17931,32678,5230,243.93,6
17932,32679,5230,283.42,3
17933,32682,5232,384.9,1
17934,32685,5232,350.72,10
17935,32686,5232,243.1,4
17936,32688,5232,353.26,9
17937,32690,5233,75.22,9
17938,32691,5233,399.33,1
17939,32693,5233,276.9,10
17940,32694,5233,498.48,6
17941,32697,5234,289.88,10
17942,32699,5234,430.31,6
17943,32700,5234,402.28,10
17944,32701,5234,391.02,5
17945,32705,5235,392.07,11
17946,32707,5235,364.64,12
17947,32709,5236,378.21,10
17948,32710,5236,386.77,12
17949,32713,5236,296.44,9
17950,32714,5236,262.05,6
17951,32715,5236,276.01,3
17952,32716,5236,292.05,8
17953,32717,5237,338.19,12
17954,32718,5237,388.4,12
17955,32722,5237,326.98,4
17956,32723,5237,405.57,9
17957,32724,5237,321.27,11
17958,32725,5237,516.18,4
17959,32727,5238,326.81,4
17960,32728,5238,315.42,11
17961,32729,5238,259.99,3
17962,32730,5238,422.03,2
17963,32731,5238,415.08,2
17964,32732,5239,463.21,8
17965,32733,5239,437.67,9
17966,32734,5239,324.13,9
17967,32735,5239,214.37,3
17968,32736,5240,336.96,9
17969,32737,5240,414.19,12
17970,32738,5240,313.46,1
17971,32739,5240,281.43,4
17972,32742,5241,292.57,5
17973,32744,5241,434.91,7
17974,32745,5241,288.4,11
17975,32747,5241,381.97,2
17976,32748,5242,401.81,7
17977,32749,5242,372.99,1
17978,32750,5243,262.44,11
17979,32753,5243,295.29,5
17980,32755,5243,177.08,3
17981,32757,5243,285.86,7
17982,32758,5243,164.14,10
17983,32759,5244,412.77,11
17984,32762,5245,204.55,8
17985,32764,5245,223.77,2
17986,32767,5247,293.56,1
17987,32770,5247,271.85,11
17988,32771,5248,495.37,9
17989,32773,5248,426.29,12
17990,32774,5249,298.48,1
17991,32776,5249,460.48,11
17992,32779,5249,359.91,9
17993,32783,5250,317.15,12
17994,32785,5251,237.55,4
17995,32787,5251,265.83,4
17996,32789,5252,516.64,2
17997,32792,5252,362.45,5
17998,32793,5252,298.61,5
17999,32794,5253,326.97,5
18000,32796,5253,332.43,9
18001,32798,5253,315.35,2
18002,32799,5253,98.7,9
18003,32800,5253,396.35,7
18004,32801,5254,480.4,9
18005,32802,5254,345.81,3
18006,32806,5255,360.54,5
18007,32808,5256,245.85,6
18008,32809,5256,285.6,2
18009,32814,5256,354.15,7
18010,32816,5256,335.91,7
18011,32817,5256,304.26,3
18012,32818,5256,414.72,11
18013,32820,5256,336.06,1
18014,32823,5257,371.13,9
18015,32824,5257,272.57,1
18016,32829,5258,397.99,11
18017,32830,5258,226.85,9
18018,32831,5258,320.0,4
18019,32833,5258,353.34,6
18020,32835,5258,282.47,10
18021,32836,5258,323.83,7
18022,32837,5259,381.45,3
18023,32839,5259,382.92,9
18024,32841,5259,317.98,6
18025,32842,5259,283.43,4
18026,32843,5259,358.18,10
18027,32844,5260,509.43,12
18028,32846,5260,372.23,3
18029,32848,5260,472.66,5
18030,32849,5260,339.77,1
18031,32852,5261,348.92,5
18032,32853,5261,117.68,12
18033,32854,5261,305.07,8
18034,32855,5261,409.0,3
18035,32857,5261,344.89,11
18036,32858,5261,312.52,12
18037,32859,5261,324.75,8
18038,32860,5262,477.65,11
18039,32861,5262,263.21,5
18040,32863,5262,412.85,3
18041,32865,5263,466.54,1
18042,32868,5263,382.04,1
18043,32869,5263,240.57,9
18044,32872,5263,376.39,5
18045,32875,5265,368.83,12
18046,32878,5265,458.15,10
18047,32879,5266,306.06,2
18048,32880,5266,127.09,8
18049,32881,5266,233.04,4
18050,32882,5266,303.27,11
18051,32883,5266,321.31,4
18052,32884,5266,392.64,2
18053,32887,5266,311.45,10
18054,32889,5267,271.49,12
18055,32891,5267,246.66,1
18056,32892,5267,305.91,12
18057,32893,5268,335.93,1
18058,32894,5268,343.22,12
18059,32895,5269,381.42,9
18060,32899,5270,345.88,5
18061,32900,5270,184.66,8
18062,32902,5270,200.17,9
18063,32903,5270,284.72,3
18064,32905,5270,288.06,1
18065,32906,5271,448.73,10
18066,32907,5271,241.59,6
18067,32908,5271,368.52,1
18068,32909,5271,464.89,1
18069,32911,5271,382.12,3
18070,32912,5271,407.14,1
18071,32913,5271,452.13,12
18072,32914,5271,359.42,3
18073,32915,5272,394.04,3
18074,32918,5273,328.0,3
18075,32920,5273,490.3,1
18076,32923,5274,354.38,2
18077,32924,5274,256.35,5
18078,32928,5274,245.67,11
18079,32930,5274,275.94,11
18080,32935,5275,181.52,2
18081,32936,5275,453.49,4
18082,32938,5276,453.58,7
18083,32940,5276,403.41,6
18084,32941,5276,325.74,12
18085,32942,5276,226.58,1
18086,32943,5276,269.32,6
18087,32946,5276,366.33,6
18088,32947,5276,285.11,1
18089,32949,5277,319.84,7
18090,32950,5277,204.11,3
18091,32954,5278,231.4,10
18092,32955,5278,270.12,1
18093,32956,5278,420.06,9
18094,32958,5278,340.33,8
18095,32964,5279,252.5,3
18096,32965,5279,287.98,10
18097,32966,5279,445.92,11
18098,32968,5279,384.59,12
18099,32969,5279,229.99,8
18100,32970,5280,333.9,8
18101,32971,5280,332.64,7
18102,32972,5280,388.89,9
18103,32973,5280,216.85,5
18104,32974,5280,278.61,10
18105,32975,5280,412.42,8
18106,32976,5281,389.58,11
18107,32977,5281,267.07,7
18108,32978,5281,362.01,10
18109,32980,5281,279.37,11
18110,32981,5281,354.54,12
18111,32982,5281,390.39,7
18112,32984,5281,255.38,5
18113,32985,5281,287.52,3
18114,32986,5282,329.02,10
18115,32987,5283,275.86,1
18116,32988,5283,265.15,1
18117,32989,5283,352.29,7
18118,32991,5283,417.2,2
18119,32993,5283,267.73,2
18120,32997,5283,252.59,3
18121,33006,5285,244.61,12
18122,33007,5285,311.83,2
18123,33008,5285,440.96,7
18124,33014,5286,284.12,1
18125,33015,5286,439.13,4
18126,33016,5286,276.43,7
18127,33017,5286,202.06,2
18128,33018,5286,473.65,10
18129,33019,5286,307.33,8
18130,33020,5286,405.19,5
18131,33021,5286,394.0,6
18132,33024,5287,378.03,4
18133,33025,5287,299.5,10
18134,33027,5287,358.34,7
18135,33028,5287,298.23,5
18136,33029,5288,194.63,6
18137,33030,5288,287.26,12
18138,33032,5288,392.04,4
18139,33034,5288,415.83,2
18140,33036,5288,416.18,6
18141,33038,5288,318.58,5
18142,33039,5288,434.14,3
18143,33040,5289,232.07,11
18144,33043,5289,559.38,1
18145,33046,5290,317.39,8
18146,33048,5290,328.43,7
18147,33049,5290,211.95,10
18148,33050,5290,277.7,4
18149,33051,5290,383.91,4
18150,33054,5291,366.56,8
18151,33055,5291,191.12,12
18152,33058,5291,348.01,6
18153,33059,5291,169.73,1
18154,33060,5291,430.68,8
18155,33064,5292,431.92,4
18156,33065,5292,227.18,7
18157,33066,5292,339.24,1
18158,33068,5292,192.93,9
18159,33070,5292,279.86,6
18160,33071,5293,342.64,6
18161,33072,5293,329.4,8
18162,33074,5294,347.99,8
18163,33075,5294,336.27,9
18164,33079,5294,352.77,11
18165,33080,5294,263.92,6
18166,33081,5295,303.87,4
18167,33083,5296,323.61,3
18168,33084,5296,304.1,1
18169,33085,5296,563.58,4
18170,33087,5296,328.35,10
18171,33089,5296,195.84,5
18172,33091,5296,222.12,11
18173,33093,5296,342.17,6
18174,33097,5298,309.13,4
18175,33098,5298,304.21,7
18176,33101,5298,179.56,9
18177,33104,5298,196.85,7
18178,33105,5298,219.24,1
18179,33106,5298,231.78,5
18180,33109,5299,199.7,4
18181,33111,5299,382.94,5
18182,33112,5299,335.65,11
18183,33113,5299,396.91,9
18184,33114,5299,440.63,3
18185,33115,5299,341.56,8
18186,33120,5300,249.51,9
18187,33122,5300,391.92,9
18188,33123,5300,199.45,3
18189,33124,5300,270.13,7
18190,33125,5300,299.67,9
18191,33126,5300,336.93,5
18192,33127,5300,426.63,9
18193,33128,5300,240.79,7
18194,33130,5302,198.52,8
18195,33131,5302,458.29,12
18196,33132,5302,410.88,9
18197,33133,5302,590.5,11
18198,33135,5302,181.73,1
18199,33136,5302,333.75,7
18200,33137,5303,188.49,6
18201,33139,5303,468.08,6
18202,33140,5303,152.63,5
18203,33145,5304,234.01,5
18204,33148,5304,346.63,3
18205,33149,5304,332.49,4
18206,33150,5304,316.63,11
18207,33151,5305,360.66,4
18208,33152,5305,414.79,11
18209,33157,5306,358.5,11
18210,33159,5306,283.62,1
18211,33160,5306,245.13,4
18212,33161,5306,347.03,10
18213,33162,5306,360.5,7
18214,33164,5306,374.37,5
18215,33168,5308,292.83,8
18216,33170,5308,165.59,7
18217,33171,5308,376.29,5
18218,33174,5308,273.69,4
18219,33175,5308,333.72,4
18220,33176,5308,326.29,9
18221,33177,5308,198.92,6
18222,33182,5309,317.69,12
18223,33184,5309,350.52,1
18224,33186,5309,392.83,11
18225,33188,5310,150.52,10
18226,33191,5311,181.09,5
18227,33192,5311,268.88,4
18228,33195,5312,291.71,7
18229,33196,5312,169.41,9
18230,33197,5312,261.38,12
18231,33198,5312,203.51,6
18232,33199,5312,216.62,6
18233,33201,5312,324.01,10
18234,33202,5313,268.81,2
18235,33204,5313,211.97,11
18236,33205,5313,388.8,5
18237,33206,5313,251.01,4
18238,33207,5313,441.65,10
18239,33211,5313,154.8,2
18240,33212,5313,377.81,10
18241,33214,5313,316.66,8
18242,33218,5314,292.41,4
18243,33221,5314,298.77,12
18244,33222,5314,315.76,10
18245,33225,5314,333.31,6
18246,33227,5315,434.71,9
18247,33228,5315,306.38,1
18248,33230,5315,429.56,7
18249,33231,5315,291.74,7
18250,33232,5316,327.16,7
18251,33233,5316,298.87,12
18252,33235,5316,162.49,6
18253,33237,5317,247.63,3
18254,33238,5317,461.06,2
18255,33241,5317,242.25,10
18256,33242,5317,391.48,5
18257,33243,5317,124.69,2
18258,33249,5318,283.57,10
18259,33250,5318,358.45,12
18260,33251,5318,314.73,8
18261,33252,5319,353.29,8
18262,33253,5319,95.41,7
18263,33254,5319,227.29,7
18264,33255,5319,263.2,7
18265,33257,5320,228.31,7
18266,33259,5320,308.46,11
18267,33260,5320,156.41,12
18268,33264,5321,289.03,8
18269,33265,5321,494.34,6
18270,33266,5321,286.7,4
18271,33267,5321,172.03,9
18272,33269,5322,410.32,12
18273,33270,5322,266.19,11
18274,33271,5322,180.11,2
18275,33272,5322,301.63,4
18276,33273,5322,270.16,11
18277,33275,5323,330.3,3
18278,33276,5323,322.06,10
18279,33277,5323,365.93,4
18280,33280,5323,333.59,6
18281,33285,5324,523.54,8
18282,33286,5324,257.96,5
18283,33287,5324,196.52,4
18284,33291,5324,235.06,5
18285,33294,5325,421.02,10
18286,33296,5325,167.64,2
18287,33297,5325,404.95,5
18288,33298,5325,511.77,4
18289,33301,5326,443.05,9
18290,33302,5326,279.56,11
18291,33303,5326,378.98,11
18292,33304,5326,398.99,11
18293,33308,5326,280.45,5
18294,33309,5327,221.34,10
18295,33310,5327,313.59,12
18296,33313,5327,399.13,10
18297,33315,5327,439.34,12
18298,33318,5328,328.25,12
18299,33319,5328,300.64,11
18300,33320,5328,308.9,1
18301,33321,5329,492.35,4
18302,33322,5329,336.79,5
18303,33323,5329,384.28,7
18304,33324,5329,423.94,12
18305,33325,5329,296.69,7
18306,33326,5329,262.11,3
18307,33328,5330,336.98,11
18308,33329,5330,250.37,11
18309,33330,5330,274.2,4
18310,33331,5330,133.97,10
18311,33335,5330,411.88,3
18312,33336,5330,240.19,9
18313,33337,5330,429.99,1
18314,33338,5330,233.9,12
18315,33339,5331,197.3,3
18316,33340,5331,163.96,9
18317,33341,5331,119.66,10
18318,33342,5331,459.93,1
18319,33343,5331,389.53,10
18320,33344,5332,335.15,4
18321,33347,5332,444.68,7
18322,33349,5333,237.98,12
18323,33354,5334,229.36,5
18324,33357,5336,333.8,6
18325,33358,5337,269.99,11
18326,33359,5337,431.51,11
18327,33360,5337,597.21,9
18328,33361,5337,419.01,6
18329,33363,5337,349.02,6
18330,33365,5338,325.05,8
18331,33368,5338,469.55,10
18332,33369,5338,327.03,1
18333,33372,5338,371.61,12
18334,33374,5339,230.17,5
18335,33375,5339,274.45,4
18336,33376,5339,364.95,3
18337,33378,5339,426.92,11
18338,33379,5339,303.04,9
18339,33380,5339,363.47,7
18340,33381,5339,228.05,6
18341,33383,5339,358.14,11
18342,33384,5339,419.12,4
18343,33385,5340,324.43,5
18344,33386,5341,306.51,9
18345,33388,5341,278.77,5
18346,33389,5341,279.15,12
18347,33391,5342,442.05,5
18348,33392,5342,271.4,1
18349,33393,5342,317.22,11
18350,33394,5342,236.35,3
18351,33397,5343,315.94,8
18352,33398,5344,409.83,11
18353,33399,5344,219.1,3
18354,33401,5345,234.16,12
18355,33402,5345,455.33,9
18356,33403,5345,272.14,12
18357,33404,5346,396.37,11
18358,33405,5346,277.21,6
18359,33409,5347,251.59,2
18360,33413,5348,522.44,9
18361,33420,5348,302.32,8
18362,33421,5348,380.0,11
18363,33422,5348,309.23,8
18364,33423,5349,303.31,12
18365,33424,5349,433.3,7
18366,33425,5349,286.31,6
18367,33427,5349,233.5,11
18368,33428,5349,294.66,8
18369,33429,5349,325.22,12
18370,33431,5350,277.54,1
18371,33434,5350,261.38,10
18372,33435,5350,206.68,8
18373,33436,5351,272.11,4
18374,33437,5351,189.24,5
18375,33438,5351,232.69,6
18376,33440,5351,390.58,2
18377,33442,5351,415.47,6
18378,33444,5351,323.72,9
18379,33445,5351,184.38,1
18380,33447,5351,276.71,9
18381,33451,5352,422.97,2
18382,33452,5352,360.8,8
18383,33456,5353,213.74,2
18384,33457,5353,392.74,10
18385,33462,5353,286.01,12
18386,33463,5353,263.72,10
18387,33465,5353,349.4,12
18388,33466,5353,311.7,9
18389,33467,5353,477.65,4
18390,33468,5354,383.22,5
18391,33470,5354,313.37,12
18392,33471,5354,376.73,7
18393,33472,5354,238.9,6
18394,33474,5354,460.09,5
18395,33475,5354,354.9,6
18396,33477,5354,524.68,7
18397,33478,5354,254.42,9
18398,33479,5355,134.98,9
18399,33481,5355,299.16,9
18400,33487,5356,126.93,7
18401,33490,5357,527.37,11
18402,33494,5357,314.34,3
18403,33497,5357,202.59,2
18404,33498,5357,266.34,4
18405,33501,5359,173.29,5
18406,33502,5359,235.21,1
18407,33503,5359,469.14,2
18408,33504,5359,364.92,7
18409,33505,5360,372.34,4
18410,33509,5360,349.0,10
18411,33510,5360,321.47,12
18412,33511,5361,189.09,3
18413,33514,5361,346.18,5
18414,33515,5362,530.14,12
18415,33517,5362,406.06,8
18416,33518,5362,353.88,3
18417,33523,5363,298.78,9
18418,33524,5364,251.94,9
18419,33526,5364,625.94,9
18420,33527,5364,390.64,7
18421,33528,5364,323.14,3
18422,33530,5364,300.12,2
18423,33531,5364,241.0,2
18424,33535,5365,460.21,11
18425,33536,5365,343.13,2
18426,33540,5365,373.0,2
18427,33541,5365,210.89,5
18428,33543,5366,368.22,10
18429,33544,5366,317.53,3
18430,33545,5366,354.01,7
18431,33547,5366,292.67,3
18432,33548,5366,310.23,12
18433,33551,5367,365.4,7
18434,33552,5367,235.39,10
18435,33553,5367,231.21,5
18436,33555,5367,161.42,6
18437,33557,5368,332.33,12
18438,33558,5368,358.35,11
18439,33560,5369,232.12,3
18440,33563,5369,205.1,7
18441,33564,5369,312.87,11
18442,33568,5369,378.74,5
18443,33569,5369,168.78,2
18444,33571,5370,277.91,1
18445,33573,5370,420.72,9
18446,33574,5370,250.11,5
18447,33575,5370,267.46,1
18448,33577,5371,384.1,4
18449,33578,5371,304.4,7
18450,33579,5371,357.6,12
18451,33580,5371,395.59,4
18452,33581,5371,453.77,7
18453,33585,5372,421.25,7
18454,33586,5372,487.44,10
18455,33587,5372,496.74,6
18456,33590,5372,375.85,10
18457,33592,5373,333.05,1
18458,33593,5373,298.83,11
18459,33594,5373,257.32,9
18460,33595,5373,164.4,7
18461,33596,5373,274.55,11
18462,33597,5373,424.59,2
18463,33600,5373,249.15,1
18464,33604,5374,446.99,11
18465,33605,5374,317.39,2
18466,33607,5375,419.44,9
18467,33608,5375,415.36,8
18468,33609,5375,261.32,9
18469,33612,5376,478.31,5
18470,33615,5376,490.68,1
18471,33617,5376,372.02,5
18472,33619,5376,119.4,4
18473,33622,5376,244.14,7
18474,33623,5376,182.02,7
18475,33624,5377,306.71,7
18476,33625,5377,262.62,7
18477,33626,5377,359.87,11
18478,33628,5377,208.22,11
18479,33629,5377,107.5,3
18480,33630,5377,407.6,4
18481,33632,5378,414.41,3
18482,33633,5378,112.23,4
18483,33634,5378,271.39,3
18484,33639,5378,283.3,1
18485,33641,5378,266.02,4
18486,33643,5379,435.33,12
18487,33644,5379,333.62,4
18488,33645,5379,159.92,3
18489,33646,5379,384.58,4
18490,33648,5379,331.43,3
18491,33649,5379,326.04,5
18492,33653,5380,379.39,7
18493,33658,5380,146.39,1
18494,33662,5380,317.92,8
18495,33665,5381,365.99,5
18496,33666,5381,267.57,11
18497,33668,5381,279.06,8
18498,33669,5382,279.59,5
18499,33671,5383,399.51,2
18500,33674,5383,221.62,10
18501,33675,5383,301.56,9
18502,33676,5383,276.01,7
18503,33678,5383,449.14,8
18504,33684,5384,330.84,5
18505,33687,5385,317.81,12
18506,33689,5385,131.24,5
18507,33690,5386,197.35,10
18508,33692,5386,385.05,4
18509,33696,5387,302.42,5
18510,33697,5387,374.69,8
18511,33699,5388,392.35,10
18512,33700,5389,427.08,11
18513,33701,5389,218.18,2
18514,33704,5389,477.55,11
18515,33708,5389,350.69,7
18516,33709,5390,359.53,9
18517,33710,5390,155.87,5
18518,33711,5390,376.12,2
18519,33714,5391,244.3,8
18520,33716,5392,330.82,10
18521,33719,5392,486.93,10
18522,33721,5392,354.97,7
18523,33723,5393,339.01,9
18524,33724,5394,356.71,8
18525,33725,5395,252.85,8
18526,33726,5395,180.21,4
18527,33727,5395,375.41,12
18528,33728,5395,330.63,2
18529,33731,5396,437.18,7
18530,33734,5398,237.88,1
18531,33735,5398,204.66,10
18532,33736,5398,384.0,5
18533,33737,5399,260.78,4
18534,33738,5399,180.42,2
18535,33742,5400,267.63,5
18536,33748,5401,226.06,9
18537,33749,5401,182.18,10
18538,33753,5402,358.27,4
18539,33758,5402,371.64,3
18540,33761,5402,292.24,8
18541,33764,5403,486.01,1
18542,33766,5403,297.5,10
18543,33768,5403,377.62,6
18544,33769,5404,181.52,1
18545,33770,5404,216.34,1
18546,33771,5404,416.69,2
18547,33775,5405,426.44,8
18548,33777,5405,300.62,3
18549,33780,5405,375.3,5
18550,33782,5405,348.61,5
18551,33784,5406,369.83,10
18552,33786,5406,229.35,7
18553,33787,5406,551.64,7
18554,33790,5406,613.38,8
18555,33791,5406,264.4,8
18556,33793,5406,308.24,8
18557,33794,5406,391.2,4
18558,33796,5407,406.03,3
18559,33798,5407,274.75,9
18560,33802,5407,385.67,5
18561,33803,5407,305.37,1
18562,33805,5407,216.96,6
18563,33807,5408,292.04,2
18564,33810,5408,347.24,6
18565,33811,5408,357.32,11
18566,33815,5408,246.34,12
18567,33816,5408,295.27,3
18568,33817,5409,395.25,5
18569,33820,5410,373.57,1
18570,33821,5410,319.12,11
18571,33822,5410,313.36,5
18572,33823,5410,428.63,6
18573,33824,5411,426.39,1
18574,33825,5412,281.3,1
18575,33829,5413,57.99,7
18576,33830,5413,169.77,2
18577,33831,5413,187.48,8
18578,33832,5413,308.96,2
18579,33833,5413,373.22,12
18580,33838,5413,385.46,1
18581,33842,5414,238.39,9
18582,33847,5414,268.15,9
18583,33848,5414,309.64,11
18584,33849,5415,309.02,7
18585,33851,5415,275.92,12
18586,33852,5415,550.07,4
18587,33853,5415,348.25,4
18588,33858,5418,221.73,12
18589,33859,5418,319.44,10
18590,33862,5418,281.07,4
18591,33863,5418,294.99,8
18592,33866,5419,239.91,6
18593,33868,5419,244.11,3
18594,33875,5420,146.07,4
18595,33877,5420,298.38,8
18596,33878,5420,322.31,6
18597,33880,5421,268.06,2
18598,33883,5421,401.0,1
18599,33885,5422,316.09,8
18600,33886,5422,323.77,12
18601,33889,5423,341.46,6
18602,33892,5423,316.96,2
18603,33893,5423,324.87,9
18604,33895,5423,194.58,12
18605,33897,5423,420.66,3
18606,33898,5423,198.23,3
18607,33904,5424,402.63,9
18608,33907,5425,350.85,3
18609,33908,5425,271.03,1
18610,33909,5425,355.12,7
18611,33910,5426,293.89,1
18612,33912,5426,408.58,8
18613,33913,5426,255.44,12
18614,33914,5426,318.6,1
18615,33915,5426,253.08,11
18616,33917,5426,232.62,12
18617,33919,5427,309.73,10
18618,33920,5427,445.62,4
18619,33921,5427,363.73,2
18620,33922,5427,306.74,12
18621,33923,5427,310.02,5
18622,33924,5427,176.26,10
18623,33927,5428,243.28,12
18624,33928,5428,250.38,10
18625,33931,5430,334.31,2
18626,33932,5430,407.96,1
18627,33934,5430,305.82,11
18628,33936,5430,338.95,9
18629,33938,5430,323.36,4
18630,33939,5430,333.12,11
18631,33940,5430,321.18,11
18632,33943,5431,355.2,11
18633,33945,5431,256.3,2
18634,33946,5431,399.83,8
18635,33947,5431,224.02,7
18636,33949,5432,178.68,8
18637,33950,5432,337.11,11
18638,33951,5432,313.32,3
18639,33953,5432,290.6,11
18640,33954,5432,284.47,11
18641,33955,5432,379.23,4
18642,33957,5433,244.43,12
18643,33958,5433,229.77,5
18644,33959,5433,366.72,6
18645,33960,5433,392.07,10
18646,33961,5433,247.66,6
18647,33963,5434,434.06,7
18648,33964,5434,295.99,4
18649,33965,5434,287.96,10
18650,33966,5434,336.35,11
18651,33970,5434,327.37,5
18652,33971,5434,392.96,4
18653,33972,5434,533.61,12
18654,33973,5434,228.04,7
18655,33974,5434,286.95,3
18656,33975,5435,288.65,7
18657,33976,5435,493.58,10
18658,33977,5435,169.47,2
18659,33978,5435,304.54,1
18660,33987,5436,367.54,3
18661,33989,5436,417.66,2
18662,33990,5436,290.71,8
18663,33991,5436,434.24,3
18664,33992,5437,244.94,2
18665,33993,5437,278.44,5
18666,33994,5438,160.26,5
18667,33996,5438,394.27,4
18668,33997,5438,239.2,9
18669,34000,5439,301.58,1
18670,34003,5439,451.75,7
18671,34004,5439,232.78,5
18672,34007,5439,425.15,5
18673,34008,5439,414.65,12
18674,34009,5439,309.81,7
18675,34011,5440,314.79,11
18676,34013,5440,265.24,9
18677,34014,5440,311.2,5
18678,34016,5440,262.16,10
18679,34020,5441,466.54,12
18680,34021,5442,332.11,1
18681,34024,5442,411.25,6
18682,34025,5442,257.24,5
18683,34028,5442,442.24,6
18684,34031,5443,398.71,4
18685,34037,5443,362.07,9
18686,34039,5444,374.73,11
18687,34040,5444,324.69,5
18688,34042,5445,386.87,3
18689,34050,5447,388.91,9
18690,34051,5447,373.71,5
18691,34052,5447,375.23,8
18692,34054,5447,337.26,7
18693,34058,5448,181.97,1
18694,34059,5448,306.52,4
18695,34063,5449,248.18,7
18696,34065,5449,200.4,11
18697,34070,5450,355.57,11
18698,34071,5451,468.59,3
18699,34074,5451,116.45,11
18700,34076,5451,236.84,1
18701,34077,5451,318.25,9
18702,34078,5451,364.1,2
18703,34080,5452,291.41,7
18704,34084,5452,368.41,7
18705,34086,5452,430.66,8
18706,34087,5452,344.74,11
18707,34089,5452,356.21,4
18708,34090,5452,178.73,8
18709,34091,5452,118.16,2
18710,34092,5453,266.56,2
18711,34095,5453,325.59,6
18712,34096,5453,341.68,6
18713,34097,5453,340.23,7
18714,34098,5453,268.28,2
18715,34099,5454,351.32,6
18716,34100,5454,314.98,9
18717,34101,5454,329.56,11
18718,34102,5454,334.18,3
18719,34103,5454,268.47,2
18720,34104,5454,283.93,3
18721,34106,5454,491.99,6
18722,34107,5454,389.05,7
18723,34108,5454,297.98,6
18724,34109,5455,329.65,7
18725,34111,5455,290.38,8
18726,34112,5455,335.26,1
18727,34114,5456,335.97,10
18728,34117,5456,263.4,10
18729,34118,5456,352.99,5
18730,34119,5456,337.32,7
18731,34120,5456,270.6,2
18732,34121,5456,393.67,9
18733,34122,5457,263.26,11
18734,34123,5457,232.51,5
18735,34124,5457,392.61,2
18736,34126,5457,234.7,12
18737,34127,5457,368.75,2
18738,34128,5458,481.59,11
18739,34129,5458,417.59,12
18740,34130,5459,273.4,6
18741,34131,5459,261.79,5
18742,34133,5459,405.14,5
18743,34134,5459,340.5,8
18744,34136,5460,173.37,12
18745,34137,5461,379.13,7
18746,34138,5461,299.97,1
18747,34139,5461,330.84,12
18748,34142,5461,336.45,6
18749,34143,5461,349.56,8
18750,34145,5461,511.08,6
18751,34148,5461,459.93,11
18752,34149,5462,188.3,3
18753,34151,5462,363.83,5
18754,34153,5462,179.13,1
18755,34154,5462,439.78,5
18756,34155,5462,422.44,6
18757,34156,5463,255.21,10
18758,34157,5463,308.08,1
18759,34160,5464,398.73,8
18760,34162,5464,303.96,2
18761,34163,5464,269.82,9
18762,34164,5464,324.03,9
18763,34166,5464,446.07,5
18764,34169,5464,182.73,6
18765,34171,5464,243.58,2
18766,34172,5464,266.22,1
18767,34174,5464,487.78,8
18768,34175,5465,441.65,11
18769,34177,5465,240.0,5
18770,34179,5465,311.96,4
18771,34180,5465,398.65,1
18772,34181,5465,393.38,12
18773,34183,5466,332.51,1
18774,34184,5466,323.6,1
18775,34185,5466,497.53,5
18776,34187,5466,307.59,7
18777,34189,5466,176.86,11
18778,34190,5466,334.93,7
18779,34192,5467,347.1,8
18780,34193,5467,310.6,8
18781,34195,5467,207.52,3
18782,34197,5467,354.32,6
18783,34198,5467,232.6,5
18784,34203,5470,320.13,12
18785,34204,5471,277.35,1
18786,34205,5471,410.02,2
18787,34206,5471,179.59,8
18788,34211,5471,215.46,5
18789,34212,5471,326.11,12
18790,34216,5471,320.43,12
18791,34218,5471,299.02,9
18792,34219,5471,351.03,2
18793,34223,5473,336.66,5
18794,34224,5473,400.47,11
18795,34225,5473,333.99,8
18796,34235,5474,477.04,8
18797,34236,5475,222.24,6
18798,34238,5475,465.36,5
18799,34239,5475,322.52,12
18800,34240,5475,156.0,4
18801,34241,5475,102.74,11
18802,34242,5475,268.92,9
18803,34243,5475,381.6,4
18804,34247,5476,401.91,5
18805,34251,5477,239.23,4
18806,34253,5478,263.19,10
18807,34257,5478,428.09,11
18808,34259,5478,177.31,3
18809,34262,5479,249.42,2
18810,34265,5479,379.42,5
18811,34266,5479,251.29,8
18812,34267,5479,349.82,11
18813,34268,5479,294.02,10
18814,34270,5480,266.82,6
18815,34272,5480,232.76,5
18816,34273,5480,271.03,2
18817,34275,5480,526.04,7
18818,34278,5481,262.89,3
18819,34279,5481,338.51,10
18820,34280,5481,359.06,4
18821,34281,5481,561.34,3
18822,34284,5482,459.39,7
18823,34285,5482,168.15,8
18824,34290,5484,373.29,1
18825,34291,5484,390.74,5
18826,34292,5484,432.88,3
18827,34293,5484,185.77,10
18828,34296,5484,314.64,2
18829,34297,5484,287.14,5
18830,34298,5484,358.09,3
18831,34299,5484,283.34,5
18832,34300,5484,288.63,9
18833,34301,5484,193.23,9
18834,34303,5485,387.35,4
18835,34305,5486,306.3,3
18836,34308,5486,293.82,4
18837,34310,5486,292.5,6
18838,34312,5487,283.11,7
18839,34313,5487,401.37,1
18840,34320,5488,365.74,7
18841,34321,5488,138.71,2
18842,34322,5488,185.01,8
18843,34323,5488,152.96,11
18844,34325,5488,100.58,1
18845,34326,5488,421.97,10
18846,34327,5488,382.69,11
18847,34328,5488,459.15,1
18848,34330,5489,289.23,2
18849,34332,5489,404.21,12
18850,34333,5489,367.21,1
18851,34336,5489,143.42,3
18852,34337,5489,420.86,4
18853,34339,5489,277.09,1
18854,34341,5489,358.85,9
18855,34342,5489,276.05,10
18856,34345,5490,182.03,7
18857,34346,5490,349.09,3
18858,34347,5490,464.76,5
18859,34348,5490,210.2,6
18860,34350,5490,339.07,1
18861,34351,5490,433.08,1
18862,34355,5491,92.29,12
18863,34357,5491,229.54,2
18864,34359,5491,319.62,3
18865,34360,5491,278.69,8
18866,34362,5491,262.03,3
18867,34365,5492,208.47,5
18868,34366,5492,327.08,2
18869,34367,5492,238.33,8
18870,34368,5492,205.64,3
18871,34369,5492,211.11,2
18872,34371,5492,430.66,2
18873,34372,5492,246.45,3
18874,34373,5492,361.65,1
18875,34376,5493,266.81,8
18876,34378,5494,170.37,2
18877,34379,5494,249.25,10
18878,34381,5494,267.51,4
18879,34382,5494,323.98,4
18880,34387,5495,332.02,1
18881,34388,5495,209.18,1
18882,34389,5495,441.84,9
18883,34390,5495,448.65,8
18884,34391,5495,324.02,7
18885,34394,5495,347.77,9
18886,34395,5495,244.43,12
18887,34401,5497,180.68,7
18888,34403,5498,314.82,4
18889,34405,5498,284.0,4
18890,34407,5498,463.7,12
18891,34409,5498,537.51,9
18892,34410,5499,244.59,4
18893,34414,5499,331.23,8
18894,34417,5499,396.26,1
18895,34418,5499,360.53,10
18896,34419,5499,355.9,8
18897,34420,5499,435.97,6
18898,34421,5500,445.03,3
18899,34424,5500,351.26,8
18900,34425,5500,521.49,2
18901,34426,5500,397.22,6
18902,34428,5500,255.8,11
18903,34430,5500,408.63,11
18904,34434,5500,255.59,12
18905,34435,5500,333.07,4
18906,34436,5501,394.66,11
18907,34437,5501,263.51,11
18908,34442,5503,391.67,1
18909,34447,5503,340.67,10
18910,34453,5504,214.55,4
18911,34454,5504,159.41,1
18912,34459,5505,163.48,2
18913,34460,5505,290.84,3
18914,34461,5505,265.2,3
18915,34462,5505,471.21,1
18916,34464,5505,302.78,1
18917,34465,5506,262.12,8
18918,34467,5506,337.31,8
18919,34468,5506,328.01,2
18920,34469,5506,268.75,7
18921,34472,5506,322.95,3
18922,34476,5507,297.27,2
18923,34477,5508,276.68,3
18924,34478,5508,275.57,12
18925,34479,5508,368.1,12
18926,34480,5508,263.81,7
18927,34481,5508,186.72,8
18928,34482,5508,307.88,1
18929,34484,5508,311.88,6
18930,34487,5509,256.47,9
18931,34488,5509,539.76,7
18932,34490,5509,387.95,1
18933,34491,5509,299.9,6
18934,34494,5509,253.97,11
18935,34495,5509,202.92,9
18936,34499,5510,213.35,5
18937,34500,5510,293.62,2
18938,34501,5511,394.6,5
18939,34502,5511,397.2,10
18940,34503,5511,347.74,11
18941,34507,5512,382.04,10
18942,34508,5512,342.8,9
18943,34509,5512,372.21,7
18944,34510,5512,314.81,11
18945,34511,5512,253.56,5
18946,34512,5512,314.67,2
18947,34513,5513,265.76,7
18948,34514,5513,348.04,12
18949,34519,5513,225.09,12
18950,34520,5513,320.85,5
18951,34521,5513,464.48,6
18952,34522,5514,502.27,12
18953,34524,5514,406.38,5
18954,34525,5514,431.42,12
18955,34526,5514,241.61,2
18956,34528,5514,268.17,6
18957,34529,5514,357.4,3
18958,34531,5516,498.13,7
18959,34532,5516,455.53,11
18960,34533,5517,231.55,6
18961,34534,5517,338.53,12
18962,34535,5517,399.69,10
18963,34537,5517,447.53,9
18964,34540,5517,298.75,10
18965,34543,5517,309.35,10
18966,34544,5518,345.07,4
18967,34546,5518,217.82,1
18968,34547,5518,311.6,6
18969,34549,5519,378.27,6
18970,34550,5519,288.5,4
18971,34551,5519,480.19,4
18972,34552,5519,366.17,10
18973,34553,5520,195.44,6
18974,34554,5520,269.82,3
18975,34556,5520,146.34,8
18976,34558,5520,304.24,3
18977,34561,5521,235.08,8
18978,34563,5521,324.27,9
18979,34565,5521,300.48,4
18980,34566,5521,356.07,5
18981,34568,5521,447.61,3
18982,34574,5523,435.96,11
18983,34575,5523,467.25,6
18984,34579,5523,310.55,5
18985,34580,5524,293.45,12
18986,34582,5524,251.23,1
18987,34584,5524,264.01,7
18988,34586,5524,358.05,11
18989,34587,5524,202.77,1
18990,34589,5524,286.59,8
18991,34590,5524,205.7,12
18992,34591,5525,322.73,1
18993,34592,5526,227.82,2
18994,34594,5526,195.69,12
18995,34595,5526,308.8,6
18996,34598,5527,180.55,10
18997,34599,5527,343.12,11
18998,34602,5529,274.04,10
18999,34603,5529,329.16,11
19000,34605,5529,151.98,10
19001,34606,5529,439.94,2
19002,34607,5529,215.52,6
19003,34608,5529,481.01,11
19004,34609,5530,280.99,11
19005,34611,5530,437.13,2
19006,34615,5531,405.85,11
19007,34617,5532,279.42,2
19008,34618,5532,382.17,8
19009,34621,5532,291.21,3
19010,34624,5533,299.19,11
19011,34625,5533,386.84,10
19012,34627,5534,180.04,3
19013,34631,5535,266.81,11
19014,34632,5535,361.21,2
19015,34636,5535,401.77,11
19016,34638,5535,335.48,9
19017,34639,5535,259.31,5
19018,34641,5535,362.76,4
19019,34644,5536,290.19,11
19020,34645,5536,518.27,6
19021,34646,5536,336.46,4
19022,34647,5536,171.43,9
19023,34648,5536,276.16,3
19024,34650,5536,239.17,11
19025,34651,5536,195.09,4
19026,34652,5536,212.79,1
19027,34655,5537,304.43,11
19028,34656,5538,244.99,6
19029,34658,5538,344.43,10
19030,34659,5538,344.72,12
19031,34660,5538,300.13,12
19032,34661,5538,316.77,6
19033,34662,5538,483.04,7
19034,34664,5538,455.72,10
19035,34666,5539,336.4,6
19036,34667,5539,337.28,5
19037,34670,5540,366.1,7
19038,34674,5542,355.52,10
19039,34675,5542,357.6,6
19040,34676,5542,179.39,7
19041,34678,5542,324.74,6
19042,34680,5543,387.0,3
19043,34681,5543,300.97,1
19044,34684,5544,242.44,3
19045,34691,5545,309.65,9
19046,34693,5545,326.07,6
19047,34694,5545,194.55,12
19048,34696,5546,270.54,8
19049,34701,5546,384.53,1
19050,34702,5546,355.98,12
19051,34703,5546,345.57,2
19052,34704,5546,458.08,12
19053,34707,5547,333.56,1
19054,34708,5547,333.09,12
19055,34711,5548,425.36,5
19056,34712,5548,318.73,6
19057,34713,5548,364.08,9
19058,34715,5549,157.25,7
19059,34716,5549,365.97,12
19060,34718,5549,288.72,5
19061,34720,5550,312.71,1
19062,34721,5550,453.2,10
19063,34726,5550,354.1,3
19064,34728,5551,356.22,2
19065,34729,5551,276.64,8
19066,34731,5551,303.01,7
19067,34735,5552,442.43,5
19068,34739,5552,359.56,1
19069,34740,5552,469.8,5
19070,34743,5552,241.79,1
19071,34747,5554,184.1,5
19072,34751,5555,299.25,11
19073,34752,5555,407.29,9
19074,34754,5555,341.88,6
19075,34755,5555,207.44,1
19076,34757,5555,276.28,9
19077,34758,5555,374.08,1
19078,34759,5555,408.09,12
19079,34760,5556,256.7,6
19080,34761,5556,437.89,2
19081,34762,5556,382.77,6
19082,34763,5557,257.63,4
19083,34764,5557,487.11,8
19084,34771,5558,271.42,8
19085,34772,5558,287.86,12
19086,34775,5559,396.91,2
19087,34776,5559,295.7,6
19088,34777,5559,458.39,11
19089,34779,5559,421.62,6
19090,34780,5559,356.55,11
19091,34782,5560,395.57,6
19092,34784,5560,275.05,4
19093,34785,5560,287.8,7
19094,34786,5560,197.43,4
19095,34787,5560,353.72,8
19096,34789,5561,515.55,6
19097,34791,5562,267.71,12
19098,34792,5562,150.75,7
19099,34793,5562,385.12,10
19100,34794,5562,349.4,12
19101,34795,5562,369.32,4
19102,34796,5562,288.75,1
19103,34797,5562,163.36,4
19104,34798,5562,235.29,6
19105,34799,5562,146.3,12
19106,34800,5563,402.75,10
19107,34801,5563,371.04,8
19108,34803,5563,293.3,8
19109,34805,5563,220.94,2
19110,34807,5563,293.06,11
19111,34809,5564,165.31,10
19112,34810,5564,270.37,4
19113,34814,5564,520.51,3
19114,34815,5565,337.48,3
19115,34816,5565,534.29,12
19116,34820,5566,155.95,7
19117,34822,5567,302.98,11
19118,34827,5569,221.79,5
19119,34829,5569,267.37,6
19120,34830,5569,319.11,9
19121,34831,5569,279.18,3
19122,34832,5569,220.44,8
19123,34834,5569,271.2,10
19124,34835,5569,232.87,5
19125,34836,5570,346.81,5
19126,34837,5570,401.43,4
19127,34838,5570,427.18,7
19128,34841,5570,335.4,4
19129,34842,5570,316.28,8
19130,34843,5570,183.28,3
19131,34844,5570,312.62,12
19132,34845,5570,340.58,10
19133,34846,5571,290.65,6
19134,34848,5571,214.63,12
19135,34849,5571,388.84,5
19136,34850,5571,245.98,12
19137,34851,5571,399.56,6
19138,34852,5571,392.6,1
19139,34853,5571,128.94,3
19140,34855,5571,395.36,8
19141,34858,5572,302.32,1
19142,34863,5573,171.03,4
19143,34864,5573,265.37,11
19144,34866,5573,408.16,12
19145,34867,5573,320.37,9
19146,34872,5575,261.78,6
19147,34876,5575,329.05,3
19148,34877,5575,307.26,11
19149,34878,5576,211.38,11
19150,34880,5576,209.28,6
19151,34883,5577,338.77,11
19152,34884,5577,376.74,3
19153,34885,5577,283.41,5
19154,34892,5577,341.78,7
19155,34893,5577,249.74,6
19156,34894,5577,488.43,4
19157,34899,5580,318.37,4
19158,34900,5580,154.86,6
19159,34901,5580,227.44,9
19160,34902,5580,292.21,8
19161,34903,5580,413.1,2
19162,34905,5580,378.68,8
19163,34906,5580,260.56,9
19164,34907,5581,178.07,1
19165,34908,5581,299.25,7
19166,34909,5581,258.54,2
19167,34910,5581,301.53,7
19168,34912,5582,314.01,10
19169,34913,5582,344.13,6
19170,34914,5582,306.68,1
19171,34915,5582,125.35,6
19172,34919,5582,343.02,3
19173,34920,5582,358.76,9
19174,34921,5582,267.35,4
19175,34923,5582,194.19,5
19176,34924,5583,367.92,12
19177,34926,5583,294.74,8
19178,34928,5583,246.0,2
19179,34929,5583,329.77,6
19180,34930,5584,414.4,8
19181,34933,5585,274.12,3
19182,34938,5585,296.74,1
19183,34939,5585,290.74,5
19184,34940,5585,207.56,5
19185,34941,5586,311.54,12
19186,34942,5586,466.23,4
19187,34943,5586,159.92,10
19188,34944,5586,299.09,8
19189,34946,5587,392.11,7
19190,34947,5587,215.12,5
19191,34948,5587,336.95,8
19192,34949,5587,399.07,9
19193,34952,5587,184.01,8
19194,34962,5589,459.22,4
19195,34965,5590,309.08,3
19196,34968,5590,280.91,8
19197,34969,5591,182.69,10
19198,34970,5591,261.16,4
19199,34971,5591,162.65,6
19200,34976,5592,130.69,3
19201,34978,5592,334.96,2
19202,34979,5592,330.09,4
19203,34982,5593,168.73,12
19204,34983,5593,337.28,3
19205,34984,5593,202.19,4
19206,34985,5593,333.11,6
19207,34986,5593,364.91,4
19208,34987,5593,129.32,10
19209,34988,5594,316.11,12
19210,34992,5595,376.54,3
19211,34995,5595,215.61,11
19212,34996,5595,288.08,3
19213,34999,5596,391.91,2
19214,35000,5597,285.75,2
19215,35001,5597,412.18,12
19216,35002,5597,447.79,1
19217,35003,5597,443.01,2
19218,35005,5597,271.59,4
19219,35008,5597,223.37,4
19220,35009,5597,374.4,1
19221,35012,5598,306.42,10
19222,35014,5599,309.87,12
19223,35018,5600,492.98,12
19224,35019,5600,304.89,6
19225,35020,5600,254.89,4
19226,35025,5601,50.0,8
19227,35026,5602,221.02,1
19228,35027,5602,291.89,12
19229,35029,5602,400.58,7
19230,35031,5602,444.68,6
19231,35032,5602,328.18,3
19232,35033,5602,282.87,5
19233,35036,5603,272.32,11
19234,35039,5603,352.23,7
19235,35041,5603,249.2,10
19236,35042,5603,397.46,9
19237,35043,5604,424.71,9
19238,35045,5605,430.0,12
19239,35046,5605,188.66,2
19240,35049,5605,351.12,8
19241,35050,5605,300.95,3
19242,35051,5605,161.42,12
19243,35054,5606,313.82,9
19244,35055,5606,284.91,2
19245,35057,5606,278.28,9
19246,35059,5606,464.54,11
19247,35061,5607,182.37,12
19248,35062,5608,313.51,4
19249,35063,5608,336.43,5
19250,35064,5608,81.86,9
19251,35065,5609,325.0,2
19252,35066,5609,340.03,3
19253,35067,5609,394.96,2
19254,35068,5609,69.32,2
19255,35069,5609,315.06,9
19256,35070,5609,275.54,12
19257,35071,5609,351.34,12
19258,35072,5610,350.37,1
19259,35074,5610,343.08,10
19260,35077,5611,331.3,12
19261,35078,5611,313.55,5
19262,35080,5611,331.0,4
19263,35081,5611,153.37,11
19264,35083,5612,594.89,4
19265,35085,5612,378.71,5
19266,35087,5612,469.95,10
19267,35088,5612,320.49,7
19268,35089,5612,369.19,7
19269,35092,5612,175.06,4
19270,35093,5612,470.12,2
19271,35094,5612,441.13,9
19272,35096,5612,234.69,9
19273,35098,5613,265.58,4
19274,35100,5613,304.04,10
19275,35102,5613,356.08,9
19276,35103,5613,300.49,9
19277,35107,5613,382.38,10
19278,35110,5614,341.96,2
19279,35111,5614,344.74,11
19280,35113,5614,322.91,4
19281,35114,5614,444.28,9
19282,35115,5614,396.24,12
19283,35118,5614,286.86,6
19284,35119,5615,402.78,3
19285,35122,5615,242.0,11
19286,35123,5615,271.41,6
19287,35124,5615,399.3,11
19288,35125,5615,371.38,11
19289,35126,5615,343.27,9
19290,35128,5615,362.48,2
19291,35129,5615,467.66,11
19292,35131,5615,315.09,11
19293,35133,5615,320.14,5
19294,35134,5615,443.7,1
19295,35138,5616,225.16,1
19296,35139,5616,278.31,7
19297,35143,5617,380.98,10
19298,35146,5617,263.33,5
19299,35150,5617,324.59,2
19300,35153,5618,214.24,5
19301,35155,5619,343.68,7
19302,35157,5619,176.94,1
19303,35158,5619,201.27,3
19304,35159,5619,347.32,6
19305,35160,5619,399.09,2
19306,35161,5619,323.67,9
19307,35164,5620,444.49,8
19308,35165,5620,356.66,2
19309,35169,5621,270.02,4
19310,35170,5621,439.84,6
19311,35173,5621,369.71,1
19312,35174,5621,363.56,5
19313,35176,5622,445.91,3
19314,35180,5622,286.67,1
19315,35181,5622,379.8,4
19316,35185,5622,275.6,2
19317,35186,5622,320.1,6
19318,35187,5623,225.72,3
19319,35190,5623,345.41,2
19320,35191,5623,388.25,3
19321,35192,5624,312.84,9
19322,35194,5624,351.52,10
19323,35195,5624,120.05,5
19324,35196,5624,360.71,2
19325,35197,5624,201.86,6
19326,35198,5624,412.82,1
19327,35199,5624,403.54,1
19328,35200,5624,240.14,6
19329,35202,5624,271.35,6
19330,35205,5624,443.85,9
19331,35206,5625,440.68,10
19332,35208,5625,360.02,1
19333,35210,5625,273.62,1
19334,35211,5626,155.43,6
19335,35212,5626,386.6,2
19336,35213,5626,266.83,8
19337,35214,5626,377.95,5
19338,35217,5626,394.33,8
19339,35218,5626,300.8,1
19340,35219,5627,339.28,7
19341,35220,5627,438.39,1
19342,35222,5627,299.73,7
19343,35223,5627,268.72,11
19344,35226,5627,356.83,8
19345,35228,5628,301.0,3
19346,35229,5628,330.81,2
19347,35230,5628,412.75,7
19348,35234,5628,216.02,5
19349,35236,5628,371.79,2
19350,35237,5628,264.27,4
19351,35238,5628,290.53,7
19352,35239,5629,324.28,12
19353,35242,5629,309.25,8
19354,35243,5629,169.15,4
19355,35244,5629,444.36,1
19356,35245,5629,422.1,8
19357,35246,5629,306.83,2
19358,35247,5629,404.1,10
19359,35248,5629,284.21,9
19360,35251,5631,231.6,5
19361,35253,5632,324.9,9
19362,35254,5632,214.8,4
19363,35259,5632,374.81,9
19364,35262,5633,256.77,12
19365,35264,5633,176.0,9
19366,35266,5633,50.0,1
19367,35267,5633,308.56,4
19368,35269,5634,348.86,12
19369,35271,5635,440.4,10
19370,35276,5637,163.85,3
19371,35278,5637,410.83,10
19372,35279,5637,276.16,6
19373,35282,5638,314.45,8
19374,35283,5638,320.52,10
19375,35284,5638,319.06,11
19376,35285,5638,137.03,10
19377,35286,5639,384.43,10
19378,35288,5639,395.11,10
19379,35289,5639,406.1,8
19380,35290,5639,363.87,4
19381,35292,5639,301.36,3
19382,35294,5640,187.88,3
19383,35296,5640,360.37,6
19384,35297,5640,323.47,2
19385,35298,5640,319.78,12
19386,35306,5642,359.66,3
19387,35307,5643,315.94,3
19388,35310,5643,280.04,10
19389,35312,5644,213.8,1
19390,35313,5644,319.47,4
19391,35315,5645,452.6,9
19392,35318,5646,220.76,3
19393,35319,5646,410.28,9
19394,35322,5646,384.31,8
19395,35324,5646,165.91,8
19396,35326,5647,374.77,8
19397,35327,5647,321.63,9
19398,35329,5647,312.49,2
19399,35331,5648,499.66,1
19400,35332,5648,404.72,1
19401,35333,5648,236.47,8
19402,35338,5649,377.58,4
19403,35344,5652,237.48,4
19404,35346,5653,241.27,11
19405,35347,5654,334.44,11
19406,35348,5654,425.63,5
19407,35350,5655,186.15,4
19408,35351,5656,274.66,11
19409,35352,5656,425.83,7
19410,35353,5656,235.33,11
19411,35354,5656,322.83,10
19412,35355,5656,292.04,10
19413,35357,5656,434.89,6
19414,35358,5657,348.7,12
19415,35359,5657,293.12,3
19416,35365,5657,244.71,4
19417,35366,5658,509.46,5
19418,35368,5658,313.18,4
19419,35370,5658,299.63,1
19420,35375,5658,364.94,11
19421,35376,5658,384.7,4
19422,35378,5659,193.99,11
19423,35383,5659,302.9,10
19424,35385,5660,223.49,10
19425,35386,5660,269.19,12
19426,35387,5660,434.61,3
19427,35389,5660,423.81,8
19428,35390,5660,372.99,4
19429,35392,5660,193.53,9
19430,35393,5660,336.8,8
19431,35394,5660,268.2,2
19432,35398,5661,409.27,6
19433,35401,5661,269.3,3
19434,35402,5661,245.48,10
19435,35404,5661,352.46,6
19436,35405,5661,429.22,5
19437,35407,5661,416.11,8
19438,35409,5663,436.93,9
19439,35410,5663,437.76,7
19440,35412,5663,466.94,10
19441,35416,5664,336.26,10
19442,35417,5664,279.98,7
19443,35418,5665,245.7,9
19444,35420,5665,427.52,2
19445,35423,5666,304.47,7
19446,35424,5667,238.11,2
19447,35425,5667,367.04,11
19448,35427,5667,189.73,2
19449,35428,5667,222.79,9
19450,35429,5667,339.56,11
19451,35430,5667,399.38,10
19452,35432,5667,290.22,7
19453,35436,5668,299.07,6
19454,35437,5668,390.8,9
19455,35438,5668,394.61,3
19456,35444,5670,133.27,3
19457,35445,5670,453.48,1
19458,35450,5670,290.56,4
19459,35451,5670,252.81,4
19460,35452,5670,277.84,7
19461,35457,5671,197.18,12
19462,35459,5672,549.24,2
19463,35463,5672,202.53,1
19464,35466,5673,185.12,1
19465,35471,5675,296.46,10
19466,35475,5676,195.81,7
19467,35477,5676,330.98,3
19468,35478,5676,467.75,8
19469,35480,5677,334.87,2
19470,35483,5678,350.49,11
19471,35484,5678,293.81,11
19472,35487,5679,226.31,9
19473,35489,5679,293.69,8
19474,35490,5679,414.92,12
19475,35491,5679,442.18,7
19476,35492,5679,323.75,1
19477,35493,5679,398.97,9
19478,35494,5679,250.27,8
19479,35497,5679,264.63,8
19480,35498,5679,176.0,2
19481,35500,5679,419.82,6
19482,35501,5680,268.16,2
19483,35502,5680,200.48,9
19484,35503,5680,365.13,9
19485,35507,5680,440.9,11
19486,35508,5680,286.59,7
19487,35510,5681,160.6,6
19488,35516,5681,290.85,11
19489,35519,5682,341.52,3
19490,35522,5682,373.59,7
19491,35523,5682,389.91,5
19492,35524,5682,326.83,2
19493,35529,5683,296.72,9
19494,35530,5683,381.71,6
19495,35531,5683,200.92,7
19496,35532,5683,232.81,11
19497,35533,5683,254.55,2
19498,35534,5683,280.24,7
19499,35535,5683,195.54,3
19500,35539,5683,407.49,11
19501,35541,5683,210.91,9
19502,35542,5684,78.05,1
19503,35544,5684,408.79,12
19504,35545,5684,366.4,7
19505,35546,5684,314.54,8
19506,35547,5684,362.15,12
19507,35548,5684,329.78,8
19508,35550,5685,424.73,2
19509,35551,5685,250.85,5
19510,35552,5685,476.16,7
19511,35553,5685,405.29,12
19512,35554,5685,265.42,4
19513,35557,5685,251.06,4
19514,35559,5686,333.18,5
19515,35560,5686,218.87,9
19516,35561,5687,301.51,1
19517,35562,5687,441.14,9
19518,35563,5687,336.42,1
19519,35564,5687,508.49,1
19520,35565,5687,250.71,4
19521,35567,5687,360.71,12
19522,35569,5688,272.09,10
19523,35570,5688,301.37,3
19524,35571,5688,365.03,5
19525,35575,5689,253.97,1
19526,35576,5689,242.41,7
19527,35578,5689,278.07,6
19528,35579,5689,271.58,4
19529,35581,5689,229.12,9
19530,35585,5690,450.02,5
19531,35587,5691,292.66,9
19532,35589,5691,394.71,12
19533,35591,5691,388.26,11
19534,35592,5691,412.24,12
19535,35594,5692,199.77,1
19536,35595,5692,288.55,5
19537,35597,5692,381.81,7
19538,35599,5692,264.62,12
19539,35601,5693,453.91,12
19540,35602,5693,209.46,8
19541,35603,5693,393.84,4
19542,35604,5693,279.82,8
19543,35605,5693,414.56,11
19544,35613,5694,344.26,2
19545,35614,5694,243.91,2
19546,35615,5695,393.79,7
19547,35616,5695,164.45,1
19548,35617,5695,288.69,10
19549,35620,5695,278.98,12
19550,35623,5695,358.9,3
19551,35626,5695,78.12,8
19552,35627,5695,340.99,9
19553,35629,5696,353.54,9
19554,35635,5697,248.52,4
19555,35636,5697,292.65,4
19556,35637,5697,323.16,1
19557,35638,5697,405.16,6
19558,35639,5697,125.16,11
19559,35640,5698,314.85,6
19560,35646,5699,363.18,7
19561,35647,5699,376.3,4
19562,35648,5699,300.33,7
19563,35650,5699,371.64,1
19564,35651,5699,313.38,6
19565,35652,5699,421.41,8
19566,35653,5699,244.84,6
19567,35654,5699,260.35,6
19568,35655,5699,361.54,7
19569,35656,5699,378.17,10
19570,35657,5699,365.21,5
19571,35659,5699,281.69,11
19572,35663,5700,283.1,3
19573,35666,5700,318.91,1
19574,35667,5700,220.84,9
19575,35668,5701,246.51,7
19576,35671,5701,451.53,1
19577,35672,5701,305.02,10
19578,35673,5701,272.83,2
19579,35674,5701,267.86,10
19580,35675,5701,346.18,8
19581,35676,5701,509.72,11
19582,35678,5702,423.53,6
19583,35680,5702,202.12,3
19584,35681,5702,435.49,1
19585,35682,5702,244.94,9
19586,35683,5702,261.69,3
19587,35684,5703,278.02,4
19588,35686,5703,214.29,5
19589,35687,5703,435.72,7
19590,35688,5703,267.82,6
19591,35690,5703,131.16,9
19592,35692,5704,243.74,12
19593,35693,5704,337.78,11
19594,35698,5704,165.18,3
19595,35699,5705,344.28,5
19596,35701,5705,240.05,12
19597,35702,5705,420.45,11
19598,35704,5705,360.97,12
19599,35705,5705,327.22,12
19600,35707,5705,180.59,4
19601,35709,5706,203.93,7
19602,35712,5706,267.95,12
19603,35713,5706,299.41,10
19604,35714,5706,457.59,6
19605,35715,5706,346.66,5
19606,35716,5706,285.52,8
19607,35717,5706,452.76,12
19608,35723,5708,311.88,4
19609,35724,5708,359.1,10
19610,35725,5708,459.83,9
19611,35726,5708,384.49,10
19612,35727,5709,359.82,8
19613,35729,5709,372.31,9
19614,35730,5709,314.13,8
19615,35731,5709,323.74,8
19616,35732,5709,177.39,11
19617,35734,5710,256.21,11
19618,35735,5710,315.63,2
19619,35737,5710,361.71,6
19620,35738,5710,280.93,8
19621,35740,5710,535.04,3
19622,35741,5711,390.75,8
19623,35742,5711,342.23,7
19624,35745,5711,189.94,10
19625,35746,5711,314.83,1
19626,35747,5712,365.99,6
19627,35750,5712,311.6,7
19628,35751,5712,307.99,9
19629,35752,5713,305.84,12
19630,35753,5713,256.73,12
19631,35754,5713,207.48,6
19632,35755,5713,516.59,5
19633,35756,5713,229.75,12
19634,35758,5713,277.93,2
19635,35764,5714,342.82,10
19636,35767,5714,134.97,5
19637,35769,5715,459.81,3
19638,35770,5715,425.27,5
19639,35771,5715,184.69,12
19640,35777,5716,290.91,4
19641,35778,5716,406.06,11
19642,35780,5716,317.96,9
19643,35781,5716,409.97,6
19644,35783,5717,457.46,6
19645,35785,5717,245.36,4
19646,35787,5717,362.06,10
19647,35789,5718,211.66,6
19648,35791,5718,278.19,3
19649,35793,5718,326.22,8
19650,35794,5718,333.17,3
19651,35795,5718,243.54,12
19652,35796,5719,373.66,6
19653,35797,5719,187.85,12
19654,35800,5719,240.69,5
19655,35801,5719,416.51,5
19656,35802,5719,248.11,12
19657,35804,5719,344.45,2
19658,35805,5719,467.12,6
19659,35808,5720,318.37,5
19660,35809,5720,440.94,7
19661,35813,5721,198.1,1
19662,35814,5721,266.91,7
19663,35815,5721,339.89,8
19664,35816,5721,227.17,12
19665,35818,5721,278.34,4
19666,35819,5721,333.0,8
19667,35820,5721,335.09,8
19668,35822,5722,291.81,7
19669,35824,5722,155.13,2
19670,35825,5722,261.8,6
19671,35830,5722,193.82,10
19672,35833,5722,313.21,3
19673,35835,5722,316.34,4
19674,35836,5722,308.59,4
19675,35837,5722,235.1,8
19676,35840,5722,169.4,2
19677,35845,5723,448.59,7
19678,35846,5723,321.75,11
19679,35847,5723,291.84,2
19680,35848,5723,313.95,9
19681,35855,5724,199.29,8
19682,35856,5724,435.95,5
19683,35858,5725,255.66,2
19684,35859,5725,309.84,8
19685,35860,5725,363.72,5
19686,35861,5725,384.56,9
19687,35862,5725,317.87,11
19688,35864,5726,227.22,7
19689,35870,5726,373.87,10
19690,35872,5726,396.5,6
19691,35873,5726,425.55,12
19692,35876,5726,368.85,4
19693,35880,5727,508.57,2
19694,35881,5727,333.39,1
19695,35884,5727,337.98,9
19696,35885,5727,430.65,10
19697,35886,5727,464.99,4
19698,35887,5728,444.97,3
19699,35891,5729,312.78,4
19700,35894,5729,388.7,5
19701,35895,5730,415.65,8
19702,35896,5730,325.54,12
19703,35900,5731,243.65,11
19704,35902,5732,229.72,12
19705,35903,5732,353.92,11
19706,35906,5734,398.89,3
19707,35907,5734,278.77,10
19708,35910,5734,251.13,8
19709,35911,5735,273.6,1
19710,35913,5735,333.49,5
19711,35914,5735,390.14,8
19712,35917,5735,353.55,1
19713,35918,5736,320.59,12
19714,35919,5736,445.09,2
19715,35921,5736,565.09,5
19716,35923,5737,321.06,6
19717,35925,5737,464.66,7
19718,35929,5738,258.15,2
19719,35931,5738,422.88,11
19720,35932,5738,245.97,5
19721,35936,5739,288.13,2
19722,35938,5739,316.37,3
19723,35939,5739,146.96,9
19724,35941,5740,155.97,2
19725,35942,5740,243.44,7
19726,35944,5740,439.14,11
19727,35946,5740,298.45,9
19728,35949,5741,402.38,9
19729,35953,5741,171.96,3
19730,35954,5741,352.39,7
19731,35955,5741,359.6,4
19732,35958,5741,233.61,7
19733,35961,5742,487.57,8
19734,35962,5742,206.9,11
19735,35964,5742,298.14,4
19736,35966,5742,540.97,11
19737,35967,5742,234.37,12
19738,35969,5743,264.08,1
19739,35971,5743,334.0,7
19740,35972,5743,200.52,3
19741,35973,5744,366.5,4
19742,35976,5744,159.74,2
19743,35977,5744,320.09,6
19744,35979,5744,450.19,11
19745,35980,5744,377.65,1
19746,35981,5744,316.31,4
19747,35982,5744,291.05,11
19748,35983,5745,312.36,4
19749,35984,5745,294.15,8
19750,35985,5745,355.81,6
19751,35986,5745,378.03,11
19752,35989,5745,332.92,12
19753,35990,5745,383.08,6
19754,35992,5745,366.25,12
19755,35993,5746,207.85,5
19756,35994,5747,109.81,9
19757,35995,5747,335.52,1
19758,35999,5747,279.48,5
19759,36001,5748,338.25,6
19760,36002,5748,470.47,10
19761,36003,5748,295.87,8
19762,36005,5749,347.97,12
19763,36006,5749,243.91,10
19764,36008,5749,364.26,8
19765,36009,5749,249.68,10
19766,36010,5749,410.07,9
19767,36011,5749,331.06,4
19768,36012,5749,306.88,12
19769,36014,5749,172.61,6
19770,36015,5749,196.43,12
19771,36017,5750,372.2,12
19772,36021,5750,424.68,7
19773,36022,5750,341.73,6
19774,36023,5750,299.5,1
19775,36024,5750,324.35,6
19776,36026,5750,307.11,1
19777,36030,5751,256.7,4
19778,36031,5751,198.4,1
19779,36032,5751,199.27,4
19780,36034,5751,258.15,1
19781,36035,5751,328.32,2
19782,36036,5751,200.42,1
19783,36037,5752,313.41,8
19784,36038,5752,252.4,5
19785,36039,5752,169.58,9
19786,36041,5753,262.19,12
19787,36042,5753,341.3,11
19788,36043,5753,263.22,4
19789,36047,5753,452.97,8
19790,36049,5753,376.13,9
19791,36053,5754,414.9,7
19792,36055,5754,599.58,7
19793,36057,5755,268.51,11
19794,36059,5755,191.0,12
19795,36062,5756,249.36,10
19796,36063,5756,325.98,12
19797,36066,5756,355.3,7
19798,36068,5757,336.68,5
19799,36071,5757,279.74,8
19800,36072,5757,357.2,9
19801,36074,5757,422.77,10
19802,36076,5757,252.26,9
19803,36077,5758,236.29,4
19804,36082,5758,496.78,11
19805,36083,5758,218.7,2
19806,36084,5758,396.22,3
19807,36085,5758,302.3,3
19808,36086,5759,453.73,1
19809,36087,5759,293.95,2
19810,36091,5760,355.78,7
19811,36092,5760,201.79,6
19812,36093,5760,258.97,2
19813,36094,5761,342.17,9
19814,36096,5761,260.03,3
19815,36097,5761,204.27,2
19816,36098,5762,511.19,6
19817,36099,5762,318.18,9
19818,36100,5762,423.14,11
19819,36101,5762,491.61,8
19820,36104,5763,272.96,11
19821,36106,5763,312.32,4
19822,36108,5763,326.92,6
19823,36111,5763,362.42,5
19824,36112,5763,420.53,8
19825,36113,5764,407.84,3
19826,36117,5764,384.76,1
19827,36118,5764,291.08,6
19828,36119,5764,319.28,12
19829,36126,5765,207.21,9
19830,36128,5765,384.13,5
19831,36133,5765,528.0,3
19832,36135,5767,343.6,7
19833,36140,5768,445.73,9
19834,36141,5768,395.44,1
19835,36143,5768,270.96,12
19836,36144,5768,240.36,6
19837,36145,5768,217.58,9
19838,36146,5768,330.88,5
19839,36147,5769,370.08,3
19840,36148,5769,374.79,7
19841,36149,5769,217.75,7
19842,36151,5769,430.99,7
19843,36152,5769,270.11,8
19844,36154,5769,331.08,7
19845,36155,5769,262.17,7
19846,36156,5769,213.53,7
19847,36158,5770,206.55,3
19848,36159,5770,383.98,4
19849,36160,5770,319.04,6
19850,36161,5770,221.0,1
19851,36163,5771,264.13,3
19852,36164,5771,448.09,6
19853,36166,5771,399.36,7
19854,36167,5772,375.24,7
19855,36168,5772,509.92,9
19856,36170,5772,455.26,11
19857,36172,5772,323.25,2
19858,36173,5772,271.15,9
19859,36174,5772,552.66,7
19860,36176,5772,428.52,12
19861,36177,5773,270.95,11
19862,36178,5773,200.18,9
19863,36180,5773,117.81,10
19864,36183,5773,204.84,10
19865,36184,5773,276.69,4
19866,36189,5774,440.51,6
19867,36190,5774,409.07,10
19868,36191,5774,344.16,5
19869,36193,5775,375.38,2
19870,36194,5775,249.68,4
19871,36195,5775,202.31,12
19872,36198,5775,299.19,7
19873,36202,5776,408.88,6
19874,36206,5776,324.08,11
19875,36208,5777,383.83,6
19876,36210,5777,323.31,11
19877,36211,5777,203.18,6
19878,36212,5777,345.91,8
19879,36214,5777,285.42,2
19880,36218,5778,417.61,1
19881,36220,5778,177.75,6
19882,36222,5779,457.91,7
19883,36223,5779,209.07,7
19884,36224,5779,294.52,2
19885,36225,5779,186.4,10
19886,36226,5780,411.3,1
19887,36227,5780,219.7,5
19888,36230,5780,271.04,5
19889,36234,5780,413.5,11
19890,36236,5780,274.2,8
19891,36237,5780,313.02,11
19892,36238,5781,372.58,4
19893,36240,5782,351.69,10
19894,36242,5782,339.26,5
19895,36245,5782,267.42,9
19896,36246,5782,284.61,4
19897,36251,5784,359.18,2
19898,36253,5784,294.24,5
19899,36254,5784,342.94,12
19900,36255,5784,147.17,1
19901,36256,5784,317.54,12
19902,36260,5785,368.0,6
19903,36261,5785,379.66,1
19904,36262,5785,301.11,5
19905,36263,5785,348.73,1
19906,36265,5786,265.66,6
19907,36266,5786,447.25,1
19908,36273,5787,289.33,9
19909,36274,5787,434.77,10
19910,36278,5788,310.1,4
19911,36280,5789,215.32,5
19912,36281,5789,298.99,6
19913,36285,5789,230.22,4
19914,36287,5789,295.39,9
19915,36288,5789,227.43,6
19916,36289,5790,299.47,3
19917,36292,5790,408.53,10
19918,36293,5790,448.84,3
19919,36296,5790,264.72,3
19920,36297,5790,385.19,2
19921,36298,5791,456.75,1
19922,36299,5791,215.28,1
19923,36300,5791,165.84,5
19924,36302,5792,195.62,11
19925,36303,5793,315.71,5
19926,36304,5793,124.24,4
19927,36305,5793,423.3,4
19928,36306,5793,118.97,7
19929,36307,5793,319.14,6
19930,36308,5793,348.85,11
19931,36309,5793,382.26,9
19932,36310,5793,421.63,12
19933,36311,5793,467.67,5
19934,36312,5793,355.33,11
19935,36313,5793,266.56,4
19936,36315,5793,336.97,3
19937,36319,5794,355.7,3
19938,36320,5795,341.65,9
19939,36324,5795,277.02,12
19940,36327,5796,428.72,10
19941,36329,5796,285.03,11
19942,36330,5796,309.29,9
19943,36331,5796,244.34,7
19944,36337,5797,403.47,8
19945,36340,5798,517.51,11
19946,36342,5798,428.04,9
19947,36346,5799,223.38,6
19948,36347,5799,247.28,1
19949,36349,5799,179.52,8
19950,36353,5800,347.47,4
19951,36355,5800,363.32,11
19952,36358,5800,259.24,5
19953,36359,5801,270.23,4
19954,36360,5801,148.78,9
19955,36361,5801,309.89,3
19956,36363,5801,257.31,7
19957,36364,5801,258.13,6
19958,36365,5801,525.99,3
19959,36368,5802,380.09,3
19960,36369,5802,317.44,9
19961,36370,5802,340.14,7
19962,36372,5802,274.66,7
19963,36378,5803,407.2,9
19964,36381,5803,295.4,3
19965,36384,5803,222.27,5
19966,36386,5804,466.76,9
19967,36387,5805,249.16,1
19968,36388,5805,504.65,4
19969,36389,5805,401.66,10
19970,36390,5805,381.19,5
19971,36392,5805,233.54,9
19972,36393,5805,452.36,4
19973,36395,5806,535.23,10
19974,36396,5806,228.73,6
19975,36397,5807,312.65,1
19976,36398,5807,239.29,12
19977,36402,5807,288.98,8
19978,36403,5808,304.64,7
19979,36405,5808,436.56,12
19980,36408,5808,191.83,10
19981,36409,5808,384.77,6
19982,36410,5808,388.33,10
19983,36411,5808,237.51,11
19984,36412,5809,322.15,4
19985,36413,5810,268.38,6
19986,36414,5810,331.0,6
19987,36415,5810,486.48,5
19988,36416,5810,241.51,7
19989,36419,5811,346.73,8
19990,36421,5811,237.14,6
19991,36422,5811,385.34,4
19992,36423,5812,348.94,1
19993,36425,5812,373.56,8
19994,36426,5813,272.49,9
19995,36428,5813,217.3,3
19996,36429,5814,176.97,2
19997,36430,5814,320.85,7
19998,36431,5814,368.34,10
19999,36435,5814,355.56,1
20000,36438,5815,386.24,8
20001,36439,5815,271.5,10
20002,36441,5815,311.4,1
20003,36443,5815,108.88,9
20004,36446,5816,307.72,11
20005,36447,5816,476.66,12
20006,36448,5816,336.71,10
20007,36449,5816,500.16,7
20008,36450,5816,359.14,4
20009,36451,5816,409.83,1
20010,36455,5817,384.12,7
20011,36459,5817,395.02,8
20012,36460,5817,349.51,7
20013,36461,5817,396.75,9
20014,36463,5817,274.28,3
20015,36464,5817,440.71,11
20016,36468,5817,460.28,4
20017,36471,5818,355.54,7
20018,36472,5818,287.6,8
20019,36474,5818,211.43,1
20020,36476,5819,354.55,12
20021,36478,5819,318.26,7
20022,36482,5819,261.86,8
20023,36483,5819,231.44,3
20024,36484,5819,225.33,11
20025,36485,5819,325.57,3
20026,36486,5820,363.5,8
20027,36488,5820,367.09,1
20028,36491,5820,608.79,5
20029,36492,5820,385.54,12
20030,36494,5821,420.13,6
20031,36495,5821,320.51,5
20032,36496,5821,194.83,6
20033,36500,5821,282.03,1
20034,36501,5822,481.11,2
20035,36502,5822,245.67,1
20036,36503,5822,327.46,2
20037,36505,5822,324.39,8
20038,36507,5823,459.03,9
20039,36508,5823,369.1,2
20040,36512,5824,374.94,2
20041,36516,5824,306.88,9
20042,36517,5824,118.79,2
20043,36518,5824,284.76,11
20044,36519,5825,318.12,3
20045,36520,5825,335.54,7
20046,36522,5825,258.74,4
20047,36523,5826,193.35,10
20048,36525,5826,389.06,2
20049,36526,5826,291.25,7
20050,36530,5827,319.25,12
20051,36533,5828,164.01,8
20052,36534,5828,298.46,10
20053,36536,5828,384.48,9
20054,36537,5828,348.42,3
20055,36538,5828,283.05,2
20056,36539,5828,271.59,1
20057,36540,5829,303.3,11
20058,36542,5829,352.55,2
20059,36543,5829,351.69,2
20060,36545,5829,370.27,2
20061,36547,5829,393.93,6
20062,36548,5829,330.22,6
20063,36550,5829,475.35,4
20064,36553,5830,379.55,3
20065,36554,5831,253.09,9
20066,36557,5831,350.13,1
20067,36560,5832,368.17,9
20068,36561,5832,388.39,3
20069,36565,5833,281.55,1
20070,36566,5833,144.26,5
20071,36570,5833,450.47,1
20072,36571,5833,311.11,12
20073,36572,5833,131.22,1
20074,36574,5833,295.17,5
20075,36575,5833,386.77,3
20076,36580,5834,223.69,7
20077,36581,5834,222.49,12
20078,36582,5834,297.53,11
20079,36584,5834,329.54,11
20080,36585,5834,267.7,9
20081,36586,5834,286.89,8
20082,36587,5835,393.04,9
20083,36589,5836,321.3,9
20084,36590,5836,186.56,1
20085,36594,5837,426.83,9
20086,36598,5837,303.37,12
20087,36603,5839,238.24,8
20088,36605,5839,303.09,8
20089,36606,5840,200.79,4
20090,36607,5840,320.87,3
20091,36608,5840,369.36,8
20092,36610,5842,268.42,6
20093,36611,5842,292.34,5
20094,36615,5843,266.72,10
20095,36616,5843,385.33,9
20096,36619,5843,298.02,4
20097,36621,5844,267.52,12
20098,36622,5844,333.02,6
20099,36625,5844,294.94,9
20100,36626,5844,307.42,12
20101,36627,5844,247.58,6
20102,36629,5844,375.89,6
20103,36630,5844,283.62,12
20104,36632,5845,293.43,4
20105,36633,5845,336.84,4
20106,36634,5845,496.54,11
20107,36636,5846,395.12,3
20108,36637,5846,259.62,8
20109,36640,5846,207.16,4
20110,36642,5846,349.1,6
20111,36644,5846,267.25,4
20112,36645,5847,299.29,2
20113,36646,5847,303.51,1
20114,36648,5847,310.0,8
20115,36649,5847,300.6,12
20116,36650,5847,276.96,1
20117,36651,5847,127.1,11
20118,36652,5847,336.72,8
20119,36654,5847,375.71,12
20120,36655,5847,235.17,7
20121,36656,5848,384.83,11
20122,36657,5848,347.66,6
20123,36658,5849,330.9,2
20124,36659,5850,336.53,4
20125,36665,5851,386.57,9
20126,36667,5851,368.92,3
20127,36673,5851,177.89,7
20128,36674,5852,436.57,5
20129,36675,5852,369.92,4
20130,36676,5852,230.63,6
20131,36677,5853,159.05,1
20132,36678,5853,211.1,2
20133,36681,5853,432.32,5
20134,36685,5854,309.95,12
20135,36686,5854,390.83,1
20136,36688,5854,502.59,10
20137,36689,5854,216.11,10
20138,36691,5854,212.54,4
20139,36693,5855,318.45,1
20140,36694,5855,346.84,7
20141,36699,5857,388.98,1
20142,36701,5857,236.43,9
20143,36702,5857,260.28,9
20144,36703,5857,444.29,1
20145,36705,5857,356.46,9
20146,36706,5857,348.29,4
20147,36707,5858,279.97,10
20148,36710,5858,438.46,1
20149,36713,5858,415.53,6
20150,36715,5858,317.29,3
20151,36719,5858,170.18,7
20152,36720,5858,404.59,4
20153,36721,5858,368.1,5
20154,36722,5858,328.19,12
20155,36723,5858,425.36,2
20156,36724,5858,360.97,12
20157,36725,5859,293.16,10
20158,36728,5860,410.09,4
20159,36729,5860,339.81,1
20160,36730,5860,402.95,6
20161,36734,5861,332.7,10
20162,36736,5861,370.47,1
20163,36737,5861,453.05,5
20164,36739,5861,445.73,1
20165,36742,5861,271.92,2
20166,36744,5862,403.56,3
20167,36745,5862,265.17,10
20168,36746,5862,391.54,3
20169,36748,5862,308.07,8
20170,36751,5862,184.25,1
20171,36752,5862,346.06,4
20172,36753,5862,414.55,11
20173,36754,5862,374.28,1
20174,36757,5863,242.31,8
20175,36758,5863,344.24,10
20176,36759,5863,308.04,5
20177,36761,5863,393.06,11
20178,36762,5863,413.07,2
20179,36763,5863,203.46,8
20180,36764,5863,328.82,11
20181,36767,5864,238.83,1
20182,36769,5864,337.87,3
20183,36771,5865,195.2,12
20184,36773,5866,314.49,7
20185,36774,5866,345.5,4
20186,36776,5867,114.09,4
20187,36777,5867,295.88,5
20188,36778,5867,185.27,6
20189,36779,5867,394.71,12
20190,36781,5867,145.19,12
20191,36782,5867,288.19,5
20192,36783,5868,438.26,3
20193,36784,5868,225.81,5
20194,36785,5868,253.94,3
20195,36786,5868,313.24,2
20196,36787,5868,324.78,8
20197,36788,5868,110.88,3
20198,36790,5868,296.43,7
20199,36791,5869,382.43,12
20200,36792,5869,513.62,7
20201,36793,5869,251.43,11
20202,36796,5869,293.34,8
20203,36801,5870,356.57,3
20204,36802,5870,246.64,6
20205,36805,5871,453.36,1
20206,36806,5871,316.78,11
20207,36807,5871,339.83,11
20208,36808,5871,368.28,3
20209,36813,5872,166.0,2
20210,36816,5872,344.74,12
20211,36821,5874,263.23,8
20212,36825,5876,241.63,6
20213,36827,5876,361.32,6
20214,36828,5877,421.62,6
20215,36831,5878,319.91,1
20216,36832,5878,458.28,11
20217,36834,5878,298.81,11
20218,36837,5878,165.01,4
20219,36839,5879,215.13,9
20220,36841,5879,457.31,6
20221,36845,5880,480.4,10
20222,36847,5880,352.67,2
20223,36848,5880,264.49,11
20224,36850,5880,292.41,3
20225,36851,5880,316.12,11
20226,36852,5880,321.28,1
20227,36854,5881,370.22,2
20228,36855,5881,350.88,8
20229,36858,5882,212.73,9
20230,36860,5883,218.48,5
20231,36862,5883,368.93,3
20232,36863,5883,284.02,1
20233,36864,5883,312.75,5
20234,36866,5883,321.51,11
20235,36867,5883,271.23,3
20236,36868,5883,331.88,7
20237,36870,5883,382.08,11
20238,36872,5884,308.35,8
20239,36875,5885,443.45,3
20240,36877,5885,460.64,6
20241,36878,5886,243.93,9
20242,36880,5887,356.78,11
20243,36881,5887,298.46,8
20244,36886,5889,251.35,2
20245,36887,5889,316.66,7
20246,36888,5889,127.8,8
20247,36890,5889,390.0,8
20248,36891,5889,398.08,11
20249,36893,5890,340.66,3
20250,36894,5890,406.97,5
20251,36895,5890,257.12,2
20252,36896,5890,69.42,3
20253,36900,5891,276.67,9
20254,36903,5891,210.45,4
20255,36906,5891,320.96,3
20256,36907,5891,449.62,3
20257,36908,5891,346.58,3
20258,36909,5891,296.77,9
20259,36913,5892,419.99,2
20260,36914,5892,472.29,2
20261,36915,5892,359.96,7
20262,36916,5892,261.72,12
20263,36917,5892,331.09,10
20264,36919,5892,334.08,7
20265,36920,5893,303.02,8
20266,36922,5893,436.02,2
20267,36923,5893,396.05,7
20268,36925,5893,216.18,8
20269,36926,5893,206.29,3
20270,36929,5894,271.94,6
20271,36930,5894,230.54,12
20272,36932,5895,277.91,4
20273,36933,5895,319.88,5
20274,36934,5895,303.94,2
20275,36935,5895,335.41,5
20276,36939,5896,289.96,12
20277,36942,5898,194.36,4
20278,36944,5898,233.03,10
20279,36945,5898,225.09,1
20280,36946,5898,248.51,3
20281,36947,5898,356.53,6
20282,36949,5898,284.21,7
20283,36952,5898,236.33,12
20284,36954,5899,311.91,12
20285,36955,5899,346.17,1
20286,36958,5899,343.12,4
20287,36960,5899,536.56,8
20288,36964,5900,266.51,11
20289,36965,5900,353.7,8
20290,36966,5900,416.07,10
20291,36968,5901,460.82,11
20292,36970,5901,297.44,1
20293,36972,5901,158.14,6
20294,36973,5901,292.3,1
20295,36976,5902,351.95,4
20296,36979,5903,557.9,12
20297,36980,5903,195.05,9
20298,36984,5904,315.08,3
20299,36991,5906,258.92,12
20300,36992,5906,402.37,12
20301,36993,5906,264.43,8
20302,36994,5906,182.09,6
20303,36999,5906,134.8,10
20304,37000,5907,343.29,8
20305,37001,5907,327.06,3
20306,37005,5908,366.89,1
20307,37006,5908,332.13,1
20308,37007,5908,347.58,7
20309,37010,5909,361.63,6
20310,37011,5909,245.03,1
20311,37012,5910,320.0,4
20312,37013,5911,365.76,4
20313,37014,5911,234.19,10
20314,37016,5911,161.62,4
20315,37018,5911,351.27,3
20316,37021,5912,303.44,12
20317,37024,5912,440.49,11
20318,37026,5912,379.24,12
20319,37027,5913,291.44,8
20320,37028,5913,198.42,1
20321,37029,5913,441.17,12
20322,37030,5913,390.37,1
20323,37032,5914,435.91,3
20324,37033,5914,406.75,9
20325,37035,5914,210.3,5
20326,37038,5914,361.52,7
20327,37039,5915,405.78,7
20328,37040,5916,329.96,5
20329,37041,5916,290.87,12
20330,37042,5916,278.13,12
20331,37043,5916,251.21,11
20332,37046,5917,310.41,7
20333,37047,5917,207.3,2
20334,37048,5917,155.64,10
20335,37051,5918,270.48,12
20336,37052,5918,267.34,3
20337,37055,5919,521.42,11
20338,37056,5919,442.78,5
20339,37058,5919,301.64,5
20340,37060,5919,317.27,6
20341,37061,5919,414.66,4
20342,37062,5919,318.75,5
20343,37065,5920,303.04,1
20344,37066,5921,297.22,2
20345,37068,5921,306.99,5
20346,37070,5921,219.47,7
20347,37072,5921,423.23,9
20348,37073,5921,296.33,5
20349,37074,5921,433.27,12
20350,37075,5922,417.22,3
20351,37077,5922,362.32,11
20352,37079,5922,431.03,3
20353,37082,5922,301.37,10
20354,37083,5922,269.97,7
20355,37085,5923,261.71,3
20356,37092,5924,326.45,2
20357,37095,5924,382.76,4
20358,37097,5924,354.52,7
20359,37098,5925,492.56,8
20360,37099,5925,365.56,1
20361,37100,5925,270.45,6
20362,37108,5926,334.52,7
20363,37109,5926,401.09,6
20364,37112,5926,277.41,7
20365,37113,5926,263.04,3
20366,37115,5927,423.32,9
20367,37116,5927,389.76,3
20368,37119,5927,323.38,12
20369,37120,5927,273.54,6
20370,37124,5927,294.08,10
20371,37126,5928,346.75,5
20372,37128,5928,385.92,2
20373,37129,5929,413.32,2
20374,37130,5929,335.73,4
20375,37131,5929,211.44,6
20376,37135,5929,450.26,12
20377,37137,5929,426.42,7
20378,37138,5930,407.81,4
20379,37140,5930,443.14,10
20380,37142,5930,393.99,5
20381,37147,5931,330.45,6
20382,37149,5931,221.29,7
20383,37150,5931,250.01,1
20384,37152,5931,285.24,6
20385,37153,5932,390.13,5
20386,37154,5932,462.96,7
20387,37157,5932,444.6,12
20388,37158,5932,279.18,12
20389,37159,5932,308.52,10
20390,37160,5932,198.35,12
20391,37162,5933,470.12,12
20392,37164,5934,189.03,2
20393,37165,5935,304.32,8
20394,37166,5935,444.67,10
20395,37170,5936,355.36,11
20396,37173,5936,370.96,7
20397,37175,5936,342.3,1
20398,37176,5936,163.92,4
20399,37177,5937,360.16,5
20400,37181,5937,375.55,8
20401,37182,5937,269.34,5
20402,37185,5938,387.2,4
20403,37187,5938,278.33,8
20404,37188,5938,443.75,8
20405,37189,5938,316.22,4
20406,37190,5938,370.97,12
20407,37191,5938,346.74,4
20408,37192,5938,385.08,7
20409,37194,5939,329.81,2
20410,37195,5939,384.57,4
20411,37196,5939,383.78,2
20412,37198,5939,209.97,1
20413,37201,5939,378.83,9
20414,37202,5939,279.19,4
20415,37204,5939,305.87,5
20416,37206,5940,297.49,10
20417,37209,5940,283.53,6
20418,37210,5940,445.44,3
20419,37211,5940,196.38,4
20420,37212,5940,74.71,4
20421,37213,5940,269.66,11
20422,37215,5941,302.92,6
20423,37216,5941,247.24,12
20424,37217,5941,234.55,9
20425,37218,5941,382.4,9
20426,37224,5943,330.17,4
20427,37226,5943,547.22,8
20428,37232,5945,249.0,7
20429,37233,5945,354.52,10
20430,37235,5945,370.03,6
20431,37237,5945,294.03,5
20432,37238,5945,223.49,6
20433,37242,5946,311.47,1
20434,37244,5946,369.83,2
20435,37247,5947,260.17,12
20436,37249,5947,298.15,1
20437,37251,5947,308.57,3
20438,37252,5947,248.71,3
20439,37253,5947,436.27,10
20440,37254,5948,334.47,6
20441,37255,5948,301.95,4
20442,37256,5948,393.33,12
20443,37261,5949,333.77,5
20444,37262,5949,428.25,9
20445,37263,5949,241.06,2
20446,37266,5950,374.14,9
20447,37267,5950,317.83,7
20448,37269,5951,440.9,7
20449,37271,5951,406.96,10
20450,37273,5951,346.11,6
20451,37274,5951,346.95,11
20452,37278,5952,312.56,7
20453,37280,5952,421.97,6
20454,37281,5952,271.91,1
20455,37282,5952,314.59,2
20456,37285,5952,377.03,2
20457,37286,5952,253.3,6
20458,37288,5952,228.74,3
20459,37289,5952,401.73,9
20460,37293,5953,190.79,5
20461,37295,5953,403.76,12
20462,37296,5953,289.73,12
20463,37298,5953,211.0,6
20464,37301,5953,442.9,2
20465,37302,5953,158.08,6
20466,37303,5953,420.61,1
20467,37304,5953,579.91,5
20468,37306,5953,473.32,6
20469,37307,5954,292.26,10
20470,37308,5954,458.3,5
20471,37310,5954,422.45,6
20472,37312,5954,245.74,12
20473,37314,5955,232.25,2
20474,37316,5956,342.47,9
20475,37317,5956,369.0,4
20476,37318,5956,413.69,9
20477,37325,5956,409.65,2
20478,37326,5957,340.01,7
20479,37328,5957,274.89,7
20480,37330,5957,402.0,2
20481,37331,5957,421.49,2
20482,37334,5957,332.66,11
20483,37335,5957,302.97,2
20484,37336,5957,276.76,4
20485,37337,5958,186.74,9
20486,37338,5958,254.78,9
20487,37339,5958,450.14,10
20488,37340,5958,323.69,3
20489,37344,5959,266.59,1
20490,37345,5959,317.62,12
20491,37346,5959,287.0,6
20492,37347,5959,359.59,5
20493,37349,5959,288.16,6
20494,37351,5959,315.45,7
20495,37355,5959,136.68,6
20496,37357,5960,231.5,1
20497,37358,5960,347.85,3
20498,37359,5960,306.57,3
20499,37360,5960,372.5,5
20500,37363,5960,342.53,12
20501,37364,5960,446.34,12
20502,37366,5961,58.53,7
20503,37367,5961,314.58,12
20504,37368,5961,377.65,8
20505,37369,5961,327.23,10
20506,37373,5962,296.65,3
20507,37375,5962,280.51,2
20508,37380,5963,262.08,6
20509,37383,5963,280.39,4
20510,37384,5963,237.38,11
20511,37386,5963,296.03,2
20512,37388,5964,244.98,6
20513,37391,5965,418.73,6
20514,37393,5966,242.54,8
20515,37394,5966,461.57,5
20516,37395,5966,405.87,1
20517,37396,5966,426.09,9
20518,37399,5967,317.18,1
20519,37401,5967,217.85,11
20520,37402,5967,166.98,8
20521,37403,5967,395.47,6
20522,37404,5967,311.31,12
20523,37406,5968,279.68,10
20524,37408,5969,379.08,5
20525,37410,5969,557.1,6
20526,37412,5969,323.48,10
20527,37418,5970,419.66,10
20528,37419,5970,305.92,10
20529,37422,5971,406.92,7
20530,37426,5972,329.07,1
20531,37427,5972,401.61,4
20532,37431,5972,375.92,7
20533,37434,5973,262.21,6
20534,37435,5973,195.39,2
20535,37439,5973,117.2,1
20536,37443,5973,357.32,3
20537,37444,5973,441.56,4
20538,37445,5973,372.98,6
20539,37446,5973,444.33,5
20540,37448,5974,470.39,10
20541,37449,5974,365.95,4
20542,37450,5975,119.29,8
20543,37452,5975,214.97,1
20544,37456,5977,259.0,5
20545,37459,5977,195.32,11
20546,37460,5977,171.41,1
20547,37461,5978,316.62,3
20548,37464,5978,215.1,4
20549,37465,5978,248.46,3
20550,37466,5978,344.75,3
20551,37468,5978,241.68,3
20552,37469,5978,325.91,12
20553,37470,5978,295.23,4
20554,37471,5979,416.69,3
20555,37472,5979,261.82,2
20556,37474,5979,198.04,2
20557,37476,5979,291.53,1
20558,37477,5979,513.53,7
20559,37478,5979,458.26,10
20560,37479,5979,468.21,3
20561,37481,5979,357.77,4
20562,37483,5980,337.09,6
20563,37486,5980,229.47,4
20564,37487,5980,361.3,6
20565,37489,5980,197.82,1
20566,37490,5980,302.75,6
20567,37491,5980,356.54,1
20568,37492,5980,265.68,11
20569,37495,5981,358.94,5
20570,37496,5981,272.21,11
20571,37498,5981,85.71,10
20572,37499,5981,389.02,12
20573,37501,5981,376.9,7
20574,37503,5981,266.03,12
20575,37508,5982,312.11,6
20576,37512,5983,544.04,10
20577,37513,5983,384.14,3
20578,37514,5983,264.43,2
20579,37516,5984,351.63,1
20580,37517,5985,372.47,7
20581,37519,5985,291.21,10
20582,37520,5985,304.96,8
20583,37523,5985,163.19,3
20584,37526,5986,305.78,9
20585,37528,5986,204.36,7
20586,37529,5987,212.64,2
20587,37530,5987,281.06,11
20588,37531,5987,362.41,3
20589,37533,5987,142.58,8
20590,37536,5987,289.57,12
20591,37539,5988,188.57,2
20592,37541,5988,511.35,2
20593,37542,5989,187.66,4
20594,37546,5989,311.6,9
20595,37547,5989,209.17,8
20596,37548,5989,353.42,4
20597,37549,5989,114.75,7
20598,37550,5989,447.46,7
20599,37551,5989,539.55,11
20600,37554,5990,422.96,5
20601,37556,5991,330.8,12
20602,37557,5992,283.93,10
20603,37558,5992,228.16,10
20604,37560,5992,205.3,11
20605,37562,5992,263.0,12
20606,37563,5993,368.97,5
20607,37565,5993,272.13,4
20608,37567,5993,302.08,2
20609,37568,5993,343.55,5
20610,37569,5993,406.45,5
20611,37570,5993,488.74,1
20612,37571,5993,173.74,4
20613,37572,5993,497.46,5
20614,37575,5994,443.51,5
20615,37578,5995,390.48,11
20616,37579,5995,290.49,12
20617,37583,5995,280.98,1
20618,37584,5995,414.95,8
20619,37586,5995,287.7,9
20620,37588,5997,143.47,11
20621,37589,5997,306.68,12
20622,37592,5999,265.02,8
20623,37593,6000,415.49,8
20624,37596,6001,196.15,7
20625,37597,6001,539.94,12
20626,37599,6002,314.0,2
20627,37600,6002,166.0,9
20628,37601,6002,323.18,2
20629,37603,6002,359.15,3
20630,37604,6002,432.06,8
20631,37606,6002,326.19,12
20632,37607,6002,334.29,3
20633,37608,6002,327.06,8
20634,37609,6002,211.47,9
20635,37610,6002,322.69,6
20636,37611,6003,317.43,5
20637,37614,6003,257.01,5
20638,37615,6003,149.62,12
20639,37617,6004,285.36,7
20640,37618,6004,374.61,7
20641,37619,6004,452.47,3
20642,37620,6004,301.34,12
20643,37621,6004,306.95,3
20644,37622,6004,294.55,7
20645,37623,6004,347.65,9
20646,37624,6004,276.07,6
20647,37630,6005,370.52,12
20648,37631,6005,112.92,7
20649,37633,6006,369.39,3
20650,37635,6007,280.11,1
20651,37636,6007,308.97,10
20652,37639,6007,175.64,12
20653,37642,6007,317.23,9
20654,37643,6007,367.22,4
20655,37644,6007,421.69,8
20656,37645,6008,321.01,10
20657,37646,6008,349.16,12
20658,37647,6008,375.74,10
20659,37648,6008,251.87,12
20660,37650,6008,436.03,5
20661,37651,6008,197.86,1
20662,37655,6009,393.07,7
20663,37656,6009,218.12,1
20664,37657,6009,195.24,1
20665,37659,6009,244.49,10
20666,37662,6010,373.54,1
20667,37664,6011,226.2,7
20668,37665,6011,397.4,4
20669,37666,6011,323.06,2
20670,37667,6011,215.8,9
20671,37670,6012,297.38,4
20672,37671,6012,389.88,8
20673,37672,6012,436.23,3
20674,37674,6013,386.26,11
20675,37675,6013,406.2,4
20676,37676,6013,320.97,6
20677,37678,6014,281.95,9
20678,37679,6014,301.53,8
20679,37680,6014,448.41,3
20680,37682,6014,243.43,5
20681,37683,6014,324.66,1
20682,37685,6015,355.12,11
20683,37686,6015,299.28,12
20684,37688,6016,438.57,7
20685,37689,6017,353.28,10
20686,37690,6017,338.29,3
20687,37692,6017,338.7,11
20688,37693,6017,422.73,4
20689,37694,6017,284.65,7
20690,37696,6017,259.79,7
20691,37697,6018,362.28,8
20692,37702,6018,374.41,2
20693,37703,6018,369.87,6
20694,37710,6019,110.66,6
20695,37711,6019,318.52,1
20696,37712,6019,326.18,2
20697,37714,6020,382.64,5
20698,37716,6020,222.5,12
20699,37721,6021,375.33,11
20700,37723,6021,264.57,4
20701,37725,6021,313.84,4
20702,37726,6022,445.43,5
20703,37731,6024,338.72,5
20704,37733,6024,337.86,10
20705,37734,6024,371.93,9
20706,37736,6024,383.49,8
20707,37737,6025,74.59,6
20708,37738,6025,398.03,3
20709,37739,6025,433.42,7
20710,37740,6025,331.46,7
20711,37742,6026,157.14,9
20712,37743,6026,256.24,1
20713,37744,6026,214.89,3
20714,37746,6026,324.92,2
20715,37751,6028,332.37,9
20716,37752,6028,421.98,3
20717,37753,6028,446.43,3
20718,37755,6028,548.61,9
20719,37756,6028,257.76,8
20720,37757,6028,320.39,11
20721,37758,6028,318.57,6
20722,37759,6029,259.31,8
20723,37761,6029,345.13,8
20724,37762,6029,387.1,11
20725,37763,6030,527.8,9
20726,37766,6030,376.71,9
20727,37767,6030,223.11,4
20728,37769,6030,199.89,8
20729,37770,6031,246.42,1
20730,37773,6031,380.7,12
20731,37774,6031,326.67,10
20732,37776,6031,203.93,2
20733,37779,6031,241.93,11
20734,37780,6032,417.35,12
20735,37784,6032,435.75,5
20736,37788,6032,121.74,5
20737,37789,6033,345.01,4
20738,37790,6033,397.16,10
20739,37791,6033,290.16,7
20740,37794,6033,413.23,2
20741,37796,6033,479.68,5
20742,37797,6033,412.91,11
20743,37798,6033,358.58,9
20744,37802,6035,240.81,4
20745,37804,6036,475.19,7
20746,37805,6036,236.07,3
20747,37812,6037,370.12,12
20748,37815,6038,264.46,1
20749,37816,6038,227.69,1
20750,37817,6038,440.23,1
20751,37819,6038,445.86,8
20752,37821,6038,222.71,11
20753,37823,6038,363.97,12
20754,37825,6039,307.11,8
20755,37826,6039,214.36,4
20756,37827,6039,240.55,11
20757,37831,6040,285.25,1
20758,37832,6040,342.91,3
20759,37833,6040,501.72,6
20760,37836,6040,412.54,3
20761,37837,6040,343.31,11
20762,37838,6040,310.08,2
20763,37839,6041,174.04,2
20764,37841,6041,264.29,12
20765,37843,6041,422.71,4
20766,37847,6041,405.6,1
20767,37852,6043,205.64,9
20768,37855,6044,293.78,3
20769,37856,6044,200.03,11
20770,37860,6044,382.94,6
20771,37861,6044,356.12,1
20772,37862,6044,191.36,12
20773,37864,6045,374.32,4
20774,37865,6045,399.09,4
20775,37866,6045,388.57,4
20776,37867,6045,298.51,9
20777,37869,6045,373.6,7
20778,37871,6045,406.64,1
20779,37872,6045,127.75,10
20780,37873,6046,377.49,4
20781,37876,6047,151.7,3
20782,37878,6047,275.23,10
20783,37879,6048,298.82,6
20784,37885,6049,371.94,5
20785,37890,6049,311.8,12
20786,37891,6049,383.11,7
20787,37895,6050,275.16,4
20788,37899,6050,380.88,5
20789,37900,6050,364.26,4
20790,37901,6050,341.04,3
20791,37904,6052,288.9,9
20792,37905,6052,301.17,6
20793,37906,6052,315.48,2
20794,37909,6052,253.15,2
20795,37910,6052,314.08,1
20796,37911,6052,346.6,5
20797,37915,6052,324.07,12
20798,37916,6053,225.92,9
20799,37917,6053,296.33,10
20800,37918,6053,326.17,1
20801,37924,6055,281.22,10
20802,37927,6056,338.52,7
20803,37928,6056,274.23,1
20804,37930,6056,335.61,10
20805,37932,6056,380.36,10
20806,37935,6056,288.44,10
20807,37938,6057,353.44,8
20808,37940,6057,427.31,5
20809,37943,6057,305.2,8
20810,37948,6059,377.36,2
20811,37950,6059,269.5,12
20812,37951,6059,342.55,6
20813,37952,6059,289.47,1
20814,37956,6060,150.57,9
20815,37957,6060,451.61,4
20816,37958,6060,287.77,10
20817,37962,6061,363.19,6
20818,37963,6061,298.76,7
20819,37964,6061,225.39,4
20820,37968,6061,433.19,8
20821,37970,6062,379.82,7
20822,37971,6062,242.57,5
20823,37972,6062,394.43,9
20824,37973,6062,465.12,10
20825,37976,6062,345.93,7
20826,37978,6063,405.93,8
20827,37981,6064,441.07,2
20828,37985,6064,249.46,7
20829,37989,6065,373.91,11
20830,37991,6065,197.21,2
20831,37994,6065,312.8,1
20832,37997,6066,274.34,5
20833,37998,6067,278.73,10
20834,37999,6067,246.4,3
20835,38001,6067,240.75,2
20836,38002,6068,218.99,4
20837,38003,6068,170.79,2
20838,38004,6069,284.2,4
20839,38006,6069,192.8,11
20840,38008,6069,252.72,5
20841,38012,6070,234.25,10
20842,38015,6070,189.65,12
20843,38016,6070,347.49,5
20844,38019,6071,327.57,6
20845,38020,6071,341.97,5
20846,38021,6071,324.0,10
20847,38025,6071,376.23,5
20848,38027,6071,299.42,10
20849,38029,6073,461.67,11
20850,38030,6073,197.91,3
20851,38031,6073,186.15,10
20852,38033,6073,128.83,12
20853,38038,6074,151.73,9
20854,38041,6075,278.58,4
20855,38045,6075,296.6,2
20856,38046,6076,406.11,1
20857,38047,6076,293.26,10
20858,38048,6076,458.51,9
20859,38051,6076,342.9,11
20860,38052,6076,366.79,12
20861,38053,6076,399.6,10
20862,38055,6077,285.12,11
20863,38056,6077,471.02,6
20864,38057,6077,355.81,3
20865,38058,6077,469.85,7
20866,38059,6077,413.0,7
20867,38060,6077,370.72,6
20868,38064,6079,287.88,1
20869,38068,6081,312.71,6
20870,38069,6081,350.8,7
20871,38070,6081,217.34,10
20872,38072,6081,117.72,4
20873,38073,6081,284.32,3
20874,38074,6081,290.19,2
20875,38075,6081,366.62,6
20876,38078,6083,441.42,8
20877,38079,6083,318.77,10
20878,38081,6083,212.38,6
20879,38083,6083,320.78,3
20880,38084,6083,334.48,3
20881,38088,6084,299.88,12
20882,38089,6084,237.86,2
20883,38090,6084,498.01,7
20884,38091,6084,391.2,7
20885,38092,6084,376.58,1
20886,38094,6084,158.07,6
20887,38097,6085,209.9,1
20888,38099,6085,182.06,7
20889,38101,6086,293.92,10
20890,38102,6086,425.71,2
20891,38103,6086,302.21,5
20892,38104,6086,290.75,4
20893,38108,6087,170.47,12
20894,38109,6087,347.14,5
20895,38110,6087,276.03,7
20896,38111,6087,419.02,7
20897,38114,6088,248.93,7
20898,38116,6088,303.46,12
20899,38119,6088,266.66,10
20900,38120,6088,287.75,12
20901,38122,6089,383.3,9
20902,38123,6089,213.26,4
20903,38124,6089,302.84,7
20904,38125,6089,315.78,6
20905,38126,6089,375.37,10
20906,38128,6089,285.33,5
20907,38129,6089,413.63,9
20908,38131,6091,138.07,3
20909,38132,6091,361.45,6
20910,38137,6091,318.14,12
20911,38138,6091,407.05,12
20912,38139,6091,227.0,7
20913,38141,6091,472.24,8
20914,38142,6091,442.78,11
20915,38144,6092,278.22,1
20916,38146,6092,358.43,8
20917,38147,6092,221.07,2
20918,38148,6092,375.64,7
20919,38149,6092,244.81,5
20920,38150,6092,347.79,12
20921,38151,6092,229.89,2
20922,38154,6093,426.04,11
20923,38155,6093,371.34,11
20924,38156,6093,498.81,1
20925,38158,6093,335.8,4
20926,38161,6093,182.64,5
20927,38163,6093,345.34,1
20928,38164,6093,549.15,1
20929,38165,6093,298.74,6
20930,38166,6094,364.55,6
20931,38167,6094,376.96,10
20932,38168,6094,206.6,3
20933,38170,6094,343.34,3
20934,38173,6094,383.46,1
20935,38175,6094,385.4,9
20936,38180,6095,284.1,7
20937,38181,6095,236.43,4
20938,38183,6096,253.14,9
20939,38184,6096,297.78,6
20940,38186,6097,330.18,1
20941,38189,6097,199.78,2
20942,38190,6097,414.64,3
20943,38192,6097,398.93,1
20944,38194,6098,544.69,12
20945,38197,6098,346.98,11
20946,38198,6098,303.65,4
20947,38200,6099,183.36,9
20948,38202,6099,183.02,7
20949,38203,6099,226.12,1
20950,38206,6100,204.35,3
20951,38207,6100,276.52,3
20952,38209,6100,252.19,12
20953,38210,6100,419.48,2
20954,38211,6100,367.75,8
20955,38212,6100,377.86,11
20956,38214,6100,175.25,3
20957,38216,6101,323.09,3
20958,38218,6101,172.01,9
20959,38220,6101,373.35,7
20960,38221,6101,253.94,12
20961,38222,6101,200.46,8
20962,38224,6102,280.91,6
20963,38227,6102,262.44,5
20964,38230,6103,385.88,4
20965,38231,6104,270.75,11
20966,38234,6104,322.07,3
20967,38235,6105,237.59,5
20968,38236,6105,272.21,8
20969,38238,6106,229.13,5
20970,38240,6107,286.37,1
20971,38241,6107,366.93,6
20972,38242,6107,349.46,8
20973,38245,6107,438.53,8
20974,38246,6107,199.46,7
20975,38247,6107,307.88,4
20976,38248,6107,269.11,11
20977,38250,6107,327.87,2
20978,38251,6107,330.33,12
20979,38254,6107,238.04,9
20980,38255,6108,345.6,1
20981,38256,6108,307.01,8
20982,38260,6108,441.07,7
20983,38261,6109,190.22,9
20984,38263,6109,267.31,11
20985,38270,6109,437.27,11
20986,38271,6109,338.05,7
20987,38272,6110,237.02,9
20988,38277,6112,314.17,1
20989,38278,6112,148.35,6
20990,38279,6112,376.67,6
20991,38280,6112,242.02,11
20992,38282,6112,323.09,4
20993,38284,6113,334.53,6
20994,38285,6113,293.71,11
20995,38289,6114,88.48,5
20996,38290,6114,291.53,10
20997,38293,6115,94.98,9
20998,38294,6116,460.78,12
20999,38295,6116,291.88,5
21000,38297,6116,238.26,8
21001,38298,6116,131.25,11
21002,38300,6118,372.98,3
21003,38301,6118,357.98,10
21004,38302,6118,302.5,9
21005,38303,6118,313.87,12
21006,38306,6118,244.92,9
21007,38307,6118,248.79,9
21008,38308,6118,429.11,11
21009,38310,6119,285.1,5
21010,38312,6119,350.75,8
21011,38317,6120,284.5,4
21012,38319,6120,302.97,4
21013,38321,6120,508.64,1
21014,38324,6121,442.01,9
21015,38325,6122,382.71,2
21016,38327,6122,311.71,10
21017,38328,6122,391.4,3
21018,38329,6122,160.46,5
21019,38330,6122,313.32,3
21020,38332,6122,252.45,3
21021,38334,6122,382.55,9
21022,38335,6122,392.07,4
21023,38337,6123,423.97,12
21024,38338,6123,313.55,4
21025,38339,6123,311.96,4
21026,38340,6124,374.91,8
21027,38343,6125,434.54,5
21028,38344,6125,191.63,9
21029,38348,6125,305.45,9
21030,38350,6125,113.87,1
21031,38353,6126,408.05,5
21032,38354,6126,256.87,6
21033,38355,6126,357.34,1
21034,38356,6126,199.2,5
21035,38361,6127,312.28,12
21036,38363,6127,273.01,4
21037,38364,6127,250.51,8
21038,38369,6127,406.83,6
21039,38371,6128,239.1,10
21040,38377,6128,427.21,3
21041,38381,6129,461.18,10
21042,38382,6129,273.02,1
21043,38383,6129,472.48,3
21044,38386,6129,402.38,9
21045,38388,6129,524.12,8
21046,38390,6130,482.07,9
21047,38392,6130,337.29,4
21048,38393,6130,415.78,5
21049,38400,6131,299.19,3
21050,38403,6131,441.24,2
21051,38404,6131,216.82,10
21052,38405,6131,281.12,10
21053,38410,6132,258.04,12
21054,38414,6133,286.76,5
21055,38415,6133,290.41,4
21056,38417,6133,319.95,1
21057,38418,6133,379.16,12
21058,38421,6133,331.39,2
21059,38422,6133,361.23,6
21060,38423,6133,231.76,6
21061,38425,6134,261.5,12
21062,38427,6134,280.29,1
21063,38428,6134,310.99,3
21064,38429,6134,431.96,6
21065,38430,6134,326.48,2
21066,38432,6135,253.31,4
21067,38433,6136,375.26,8
21068,38434,6136,326.9,3
21069,38435,6136,298.49,5
21070,38436,6136,443.98,7
21071,38438,6137,390.71,4
21072,38439,6137,315.07,4
21073,38440,6137,309.32,11
21074,38443,6137,291.7,1
21075,38445,6137,195.83,5
21076,38446,6138,294.54,7
21077,38452,6139,320.55,1
21078,38454,6139,200.78,9
21079,38458,6140,220.86,8
21080,38462,6141,529.42,3
21081,38463,6141,466.21,6
21082,38464,6141,253.87,9
21083,38466,6141,253.72,8
21084,38467,6141,369.01,12
21085,38468,6141,282.61,10
21086,38469,6142,327.75,5
21087,38471,6142,315.87,12
21088,38472,6142,275.52,7
21089,38473,6142,185.33,5
21090,38474,6142,245.47,7
21091,38476,6142,284.86,7
21092,38477,6142,262.72,8
21093,38480,6142,207.14,12
21094,38482,6143,469.78,2
21095,38485,6143,364.71,1
21096,38486,6143,300.22,6
21097,38487,6143,377.56,9
21098,38488,6144,296.46,9
21099,38489,6144,533.12,3
21100,38493,6145,581.08,11
21101,38497,6146,472.51,5
21102,38498,6146,410.11,8
21103,38499,6146,285.92,8
21104,38500,6146,146.54,11
21105,38501,6146,440.01,8
21106,38504,6147,275.38,3
21107,38506,6147,322.18,8
21108,38508,6148,358.23,10
21109,38509,6148,373.06,8
21110,38511,6148,351.77,10
21111,38515,6149,250.24,9
21112,38518,6149,305.73,2
21113,38520,6149,291.69,1
21114,38524,6150,416.8,2
21115,38525,6150,290.37,4
21116,38526,6150,295.68,7
21117,38527,6150,328.44,5
21118,38528,6151,293.34,2
21119,38531,6151,319.43,4
21120,38533,6151,224.19,7
21121,38534,6151,218.52,5
21122,38535,6151,267.76,5
21123,38536,6151,349.53,6
21124,38537,6151,240.28,2
21125,38538,6151,343.52,8
21126,38539,6152,407.11,12
21127,38540,6152,186.38,9
21128,38541,6152,234.36,8
21129,38542,6152,196.96,1
21130,38545,6152,193.7,6
21131,38547,6152,113.31,7
21132,38549,6152,336.56,11
21133,38551,6153,239.21,1
21134,38552,6153,337.65,2
21135,38553,6154,405.63,9
21136,38554,6154,233.09,3
21137,38558,6154,389.57,8
21138,38559,6154,421.97,10
21139,38561,6155,259.76,12
21140,38562,6155,141.86,1
21141,38563,6155,211.28,7
21142,38564,6155,540.41,2
21143,38569,6155,297.26,12
21144,38570,6156,411.47,11
21145,38571,6156,321.66,1
21146,38572,6156,162.2,3
21147,38574,6157,365.46,1
21148,38575,6157,264.19,6
21149,38576,6157,496.99,12
21150,38579,6159,253.1,1
21151,38582,6160,473.09,3
21152,38584,6160,471.44,9
21153,38585,6160,189.99,2
21154,38586,6160,382.22,1
21155,38587,6160,287.89,6
21156,38592,6161,424.73,6
21157,38594,6161,356.45,1
21158,38599,6162,336.77,1
21159,38602,6162,281.67,10
21160,38603,6162,372.74,8
21161,38604,6162,193.01,4
21162,38605,6163,405.1,12
21163,38606,6163,395.47,7
21164,38607,6163,366.14,11
21165,38609,6163,235.19,6
21166,38610,6163,232.88,1
21167,38611,6163,260.72,2
21168,38612,6163,238.56,11
21169,38613,6163,347.27,1
21170,38614,6164,273.79,1
21171,38619,6166,285.56,2
21172,38623,6166,277.91,10
21173,38625,6166,215.24,7
21174,38627,6166,271.34,7
21175,38628,6167,419.45,3
21176,38630,6167,395.06,5
21177,38635,6167,363.82,3
21178,38636,6167,454.49,5
21179,38637,6167,272.1,3
21180,38641,6169,288.89,3
21181,38643,6169,410.05,5
21182,38644,6169,317.23,9
21183,38645,6169,237.58,9
21184,38646,6169,212.95,2
21185,38647,6169,236.81,9
21186,38648,6169,434.96,1
21187,38650,6170,339.0,3
21188,38651,6170,348.13,7
21189,38654,6171,324.38,2
21190,38655,6171,256.95,1
21191,38660,6172,82.95,11
21192,38661,6172,171.9,7
21193,38662,6172,431.06,6
21194,38665,6172,388.34,5
21195,38666,6172,464.79,5
21196,38675,6173,343.59,2
21197,38677,6173,383.14,5
21198,38678,6173,204.54,2
21199,38679,6173,177.03,3
21200,38680,6174,416.56,3
21201,38681,6174,346.04,6
21202,38682,6174,320.21,2
21203,38683,6174,274.87,12
21204,38687,6175,482.77,1
21205,38690,6176,244.07,7
21206,38693,6176,454.92,4
21207,38694,6176,322.25,11
21208,38696,6177,139.37,12
21209,38698,6179,375.99,6
21210,38699,6179,313.64,6
21211,38700,6179,281.09,9
21212,38702,6179,329.94,3
21213,38704,6179,87.44,5
21214,38705,6179,337.41,3
21215,38707,6180,328.86,2
21216,38709,6180,487.01,3
21217,38710,6180,530.16,10
21218,38713,6180,294.84,5
21219,38715,6182,408.8,1
21220,38717,6182,440.96,1
21221,38718,6183,328.65,12
21222,38719,6183,342.33,1
21223,38720,6184,286.24,3
21224,38721,6184,202.12,1
21225,38722,6184,420.04,8
21226,38725,6185,231.94,7
21227,38727,6185,296.93,2
21228,38728,6185,414.88,11
21229,38732,6185,195.58,6
21230,38734,6186,293.1,7
21231,38737,6186,448.19,8
21232,38738,6186,192.29,5
21233,38741,6187,280.79,2
21234,38742,6187,204.84,2
21235,38743,6187,408.06,5
21236,38744,6188,494.59,2
21237,38747,6188,428.48,2
21238,38748,6188,353.02,9
21239,38750,6188,303.25,5
21240,38751,6188,389.66,6
21241,38752,6189,378.87,10
21242,38755,6189,207.04,7
21243,38756,6189,220.58,3
21244,38757,6189,179.37,12
21245,38759,6189,341.8,7
21246,38762,6189,295.3,12
21247,38763,6190,374.49,11
21248,38766,6190,430.89,1
21249,38767,6190,350.88,1
21250,38770,6190,312.15,5
21251,38771,6191,435.87,3
21252,38772,6191,182.55,1
21253,38776,6191,325.63,11
21254,38777,6192,300.72,8
21255,38779,6192,306.05,10
21256,38780,6192,272.98,12
21257,38781,6192,437.3,11
21258,38782,6193,163.29,6
21259,38783,6193,380.77,4
21260,38784,6193,229.39,12
21261,38787,6194,136.63,2
21262,38795,6196,359.79,9
21263,38797,6196,366.6,7
21264,38798,6196,443.39,3
21265,38802,6197,324.25,4
21266,38803,6197,405.66,11
21267,38804,6197,399.6,8
21268,38805,6197,333.99,12
21269,38806,6197,204.89,1
21270,38807,6197,384.8,11
21271,38808,6197,400.59,2
21272,38811,6198,239.04,5
21273,38814,6198,287.5,6
21274,38815,6198,161.82,2
21275,38816,6198,403.5,8
21276,38817,6198,232.78,12
21277,38819,6198,376.72,8
21278,38821,6199,394.36,8
21279,38823,6200,376.03,8
21280,38824,6200,329.8,7
21281,38825,6201,409.33,5
21282,38827,6201,311.66,2
21283,38828,6201,413.55,8
21284,38829,6201,281.35,11
21285,38830,6201,431.68,12
21286,38832,6201,341.6,1
21287,38834,6201,317.74,10
21288,38837,6201,322.2,11
21289,38840,6202,428.82,2
21290,38843,6202,280.89,12
21291,38844,6202,344.17,5
21292,38845,6203,231.09,11
21293,38847,6205,277.6,6
21294,38848,6205,367.73,5
21295,38851,6205,264.17,9
21296,38852,6205,407.16,2
21297,38853,6205,451.84,4
21298,38855,6205,268.63,12
21299,38856,6205,270.53,9
21300,38857,6205,400.88,4
21301,38859,6206,347.89,2
21302,38860,6206,188.31,12
21303,38861,6206,245.45,9
21304,38862,6206,333.77,11
21305,38865,6207,496.04,8
21306,38867,6207,407.18,2
21307,38869,6207,547.62,7
21308,38870,6207,322.44,3
21309,38872,6208,106.61,10
21310,38877,6209,544.29,3
21311,38878,6209,234.87,6
21312,38882,6209,192.37,8
21313,38887,6209,399.27,11
21314,38890,6210,447.58,12
21315,38891,6210,432.86,9
21316,38894,6210,359.67,8
21317,38895,6210,151.65,3
21318,38896,6211,351.69,1
21319,38898,6211,444.27,7
21320,38899,6211,361.94,10
21321,38900,6211,318.4,9
21322,38901,6211,413.29,5
21323,38906,6212,408.39,7
21324,38907,6212,283.95,3
21325,38909,6212,363.33,3
21326,38911,6213,312.75,9
21327,38914,6213,343.81,1
21328,38915,6213,316.67,3
21329,38917,6214,294.95,8
21330,38919,6214,255.09,9
21331,38920,6214,358.51,11
21332,38921,6214,377.98,3
21333,38926,6214,268.04,7
21334,38927,6215,221.35,3
21335,38929,6215,310.37,7
21336,38934,6215,297.27,6
21337,38935,6215,410.29,10
21338,38939,6216,410.61,12
21339,38942,6217,207.99,11
21340,38943,6217,301.32,5
21341,38944,6217,348.84,3
21342,38946,6217,287.34,1
21343,38950,6218,446.23,6
21344,38951,6218,185.15,10
21345,38952,6218,259.0,5
21346,38953,6218,325.16,4
21347,38954,6218,253.5,7
21348,38956,6219,283.36,3
21349,38958,6220,155.94,12
21350,38964,6221,429.17,2
21351,38965,6221,372.93,11
21352,38968,6222,138.42,11
21353,38970,6222,409.51,3
21354,38972,6222,299.78,8
21355,38973,6223,285.18,12
21356,38977,6224,332.71,11
21357,38978,6224,283.64,4
21358,38982,6226,317.46,12
21359,38985,6226,228.48,11
21360,38986,6226,286.87,5
21361,38987,6226,255.28,10
21362,38988,6226,362.54,5
21363,38989,6226,309.71,12
21364,38990,6226,313.06,11
21365,38991,6226,232.49,5
21366,38992,6226,381.38,2
21367,38993,6227,360.06,7
21368,38994,6227,425.35,4
21369,38997,6227,350.78,6
21370,39004,6229,312.79,10
21371,39006,6229,375.59,9
21372,39007,6229,255.7,9
21373,39008,6229,281.24,9
21374,39012,6229,271.47,10
21375,39013,6229,432.1,6
21376,39014,6230,311.58,10
21377,39015,6230,330.68,5
21378,39022,6231,263.62,3
21379,39024,6232,345.63,10
21380,39027,6233,317.4,12
21381,39028,6233,443.26,11
21382,39029,6233,309.85,11
21383,39031,6233,379.87,7
21384,39032,6233,233.31,12
21385,39033,6233,327.62,3
21386,39036,6235,352.4,11
21387,39037,6235,235.64,10
21388,39039,6235,341.13,11
21389,39040,6235,220.96,1
21390,39041,6235,121.73,12
21391,39042,6235,336.71,5
21392,39044,6235,410.04,8
21393,39045,6235,130.06,2
21394,39046,6236,387.12,8
21395,39048,6236,419.52,9
21396,39052,6237,137.79,1
21397,39053,6237,309.54,8
21398,39054,6238,207.83,9
21399,39055,6238,498.43,1
21400,39057,6238,327.06,6
21401,39059,6238,167.78,4
21402,39060,6238,403.49,9
21403,39062,6239,285.06,2
21404,39064,6239,322.23,6
21405,39066,6239,223.8,5
21406,39067,6239,387.31,11
21407,39068,6240,367.19,8
21408,39069,6240,390.29,12
21409,39070,6240,277.12,4
21410,39073,6241,238.04,3
21411,39074,6241,396.29,2
21412,39076,6241,412.21,4
21413,39079,6241,154.68,8
21414,39081,6242,350.93,12
21415,39082,6242,342.84,8
21416,39089,6244,321.04,10
21417,39093,6245,377.0,2
21418,39094,6245,98.96,12
21419,39096,6245,473.32,9
21420,39097,6245,531.99,3
21421,39098,6245,342.86,5
21422,39099,6245,365.94,1
21423,39101,6246,252.42,3
21424,39102,6246,386.42,6
21425,39105,6247,317.55,3
21426,39106,6248,300.2,7
21427,39109,6248,302.08,10
21428,39110,6248,237.25,9
21429,39111,6248,437.28,1
21430,39113,6248,466.64,6
21431,39115,6248,247.17,1
21432,39117,6249,358.52,4
21433,39118,6249,392.39,6
21434,39119,6249,225.69,9
21435,39121,6249,271.5,10
21436,39124,6250,266.12,8
21437,39125,6250,426.34,9
21438,39129,6251,401.89,10
21439,39131,6251,382.84,9
21440,39132,6251,284.84,1
21441,39133,6251,350.77,2
21442,39138,6252,423.35,2
21443,39139,6252,450.54,7
21444,39140,6253,249.7,4
21445,39141,6253,132.85,12
21446,39142,6253,217.11,12
21447,39144,6253,273.34,11
21448,39145,6253,343.7,8
21449,39146,6253,367.28,4
21450,39151,6253,314.09,1
21451,39152,6253,353.41,6
21452,39154,6254,378.75,6
21453,39156,6254,265.78,11
21454,39158,6254,282.45,12
21455,39159,6254,369.67,4
21456,39162,6254,356.58,2
21457,39164,6255,201.67,5
21458,39166,6255,389.06,7
21459,39168,6255,331.08,6
21460,39172,6256,226.28,6
21461,39176,6256,300.49,4
21462,39178,6256,299.7,11
21463,39182,6257,239.15,4
21464,39183,6257,331.56,5
21465,39185,6257,345.35,3
21466,39187,6257,431.06,8
21467,39189,6257,172.82,6
21468,39191,6258,331.35,7
21469,39195,6258,278.23,10
21470,39196,6258,289.2,2
21471,39197,6258,503.93,1
21472,39203,6259,413.14,7
21473,39206,6259,424.23,2
21474,39209,6260,344.52,11
21475,39210,6260,331.17,6
21476,39212,6260,216.35,5
21477,39213,6261,474.09,12
21478,39214,6261,233.71,3
21479,39215,6261,358.25,9
21480,39218,6261,285.2,9
21481,39219,6261,288.92,10
21482,39224,6262,191.27,2
21483,39228,6262,345.66,6
21484,39230,6263,155.25,10
21485,39231,6263,98.28,9
21486,39234,6266,268.76,10
21487,39236,6266,359.04,1
21488,39237,6266,215.57,9
21489,39240,6268,142.49,7
21490,39241,6268,484.85,9
21491,39242,6268,503.42,3
21492,39243,6268,380.22,9
21493,39244,6268,285.18,6
21494,39245,6268,366.39,8
21495,39246,6268,378.62,4
21496,39249,6269,370.29,1
21497,39250,6269,386.93,2
21498,39261,6270,371.45,5
21499,39262,6270,288.38,12
21500,39267,6271,325.17,11
21501,39273,6272,389.85,2
21502,39274,6273,357.75,9
21503,39276,6273,400.38,9
21504,39282,6274,242.27,5
21505,39285,6275,347.42,7
21506,39286,6275,247.18,1
21507,39287,6275,326.52,6
21508,39288,6275,259.13,3
21509,39289,6275,293.4,1
21510,39292,6276,402.77,10
21511,39294,6277,371.0,9
21512,39296,6277,230.51,3
21513,39299,6277,277.33,6
21514,39300,6277,394.66,12
21515,39301,6277,487.61,5
21516,39302,6277,396.15,10
21517,39306,6278,261.15,9
21518,39307,6278,305.08,8
21519,39308,6279,350.72,12
21520,39309,6279,350.02,4
21521,39311,6279,337.6,1
21522,39312,6279,240.51,10
21523,39313,6279,280.23,9
21524,39314,6279,342.67,5
21525,39315,6279,282.7,5
21526,39316,6279,408.68,3
21527,39317,6279,160.27,7
21528,39319,6279,434.42,9
21529,39323,6280,508.84,4
21530,39325,6281,353.87,11
21531,39327,6282,252.67,4
21532,39328,6282,463.65,5
21533,39331,6282,291.71,3
21534,39333,6282,249.87,6
21535,39334,6282,348.26,11
21536,39335,6282,425.26,2
21537,39339,6283,494.85,9
21538,39340,6283,266.18,2
21539,39341,6283,331.61,3
21540,39342,6284,329.66,3
21541,39344,6285,278.03,8
21542,39345,6285,342.7,11
21543,39347,6286,370.23,2
21544,39348,6286,348.65,4
21545,39349,6286,235.64,1
21546,39351,6286,326.45,6
21547,39353,6286,218.51,12
21548,39355,6286,177.33,9
21549,39356,6287,317.97,5
21550,39359,6287,360.85,2
21551,39360,6288,322.61,8
21552,39365,6288,292.5,5
21553,39368,6289,347.84,11
21554,39371,6290,474.33,12
21555,39372,6290,340.66,11
21556,39373,6290,517.29,1
21557,39374,6290,304.81,12
21558,39375,6291,309.86,7
21559,39376,6291,342.95,5
21560,39377,6291,101.64,6
21561,39378,6291,332.92,4
21562,39380,6291,229.64,11
21563,39381,6291,384.95,10
21564,39382,6291,268.03,1
21565,39384,6292,261.74,5
21566,39386,6293,332.96,4
21567,39390,6294,258.73,7
21568,39391,6294,254.26,10
21569,39393,6294,315.3,7
21570,39395,6295,447.09,5
21571,39396,6295,302.16,8
21572,39397,6295,519.9,11
21573,39398,6295,428.68,1
21574,39400,6295,288.5,12
21575,39401,6295,352.65,5
21576,39404,6296,350.85,4
21577,39408,6296,309.96,3
21578,39410,6296,347.11,2
21579,39411,6296,230.81,9
21580,39412,6297,433.67,2
21581,39413,6297,326.43,3
21582,39414,6297,407.75,1
21583,39416,6297,274.65,10
21584,39417,6297,496.05,2
21585,39418,6297,299.05,9
21586,39421,6298,248.58,4
21587,39423,6298,133.07,3
21588,39425,6298,334.61,12
21589,39427,6299,388.32,7
21590,39429,6299,398.24,6
21591,39431,6299,323.3,12
21592,39432,6299,227.52,1
21593,39433,6299,465.36,10
21594,39434,6299,296.8,5
21595,39437,6300,139.93,10
21596,39438,6300,306.54,6
21597,39439,6300,141.22,2
21598,39440,6300,95.77,10
21599,39443,6301,275.79,12
21600,39444,6301,221.31,2
21601,39445,6301,264.46,3
21602,39447,6301,309.25,10
21603,39448,6301,209.01,10
21604,39449,6301,369.78,7
21605,39450,6301,227.13,9
21606,39451,6301,273.48,1
21607,39452,6301,352.01,12
21608,39454,6301,466.99,4
21609,39455,6302,269.47,12
21610,39456,6302,269.66,6
21611,39459,6302,389.71,6
21612,39461,6303,315.84,3
21613,39464,6303,320.47,6
21614,39465,6303,343.48,4
21615,39468,6304,257.99,2
21616,39469,6304,336.06,7
21617,39470,6304,510.26,3
21618,39471,6304,307.53,10
21619,39472,6304,506.41,4
21620,39473,6304,182.49,3
21621,39474,6304,296.94,2
21622,39475,6305,319.27,5
21623,39476,6305,194.12,11
21624,39477,6305,292.86,12
21625,39478,6305,254.82,1
21626,39482,6305,253.85,12
21627,39485,6306,324.52,4
21628,39487,6306,465.7,11
21629,39488,6307,375.29,7
21630,39490,6308,394.87,5
21631,39491,6308,346.08,9
21632,39492,6308,237.89,8
21633,39494,6309,304.21,9
21634,39495,6309,322.28,11
21635,39496,6309,298.23,6
21636,39497,6310,293.78,5
21637,39498,6310,368.33,2
21638,39501,6310,407.06,9
21639,39503,6311,443.74,8
21640,39504,6311,313.28,4
21641,39505,6311,441.1,10
21642,39507,6311,310.03,5
21643,39509,6311,331.13,5
21644,39511,6311,356.91,8
21645,39512,6311,406.78,4
21646,39514,6312,498.06,4
21647,39516,6312,205.7,2
21648,39517,6313,296.08,8
21649,39519,6313,369.11,3
21650,39520,6314,221.02,7
21651,39522,6314,182.34,6
21652,39525,6314,303.53,8
21653,39526,6314,232.71,12
21654,39528,6314,373.19,6
21655,39529,6314,257.74,4
21656,39530,6314,366.97,1
21657,39531,6315,452.63,1
21658,39533,6315,495.97,1
21659,39536,6316,348.09,4
21660,39537,6316,252.87,6
21661,39539,6317,443.34,12
21662,39540,6317,343.39,8
21663,39541,6317,344.2,3
21664,39546,6319,367.65,3
21665,39547,6320,224.4,4
21666,39548,6320,211.19,2
21667,39549,6320,391.5,3
21668,39550,6320,283.02,12
21669,39551,6320,372.7,12
21670,39554,6320,318.07,10
21671,39556,6321,419.0,8
21672,39558,6321,469.11,6
21673,39559,6321,337.7,4
21674,39560,6321,398.79,1
21675,39563,6321,319.57,12
21676,39564,6321,439.05,3
21677,39567,6322,185.39,10
21678,39573,6323,375.15,8
21679,39577,6323,286.42,11
21680,39582,6324,376.93,10
21681,39586,6324,310.71,12
21682,39588,6325,357.68,12
21683,39589,6325,288.41,8
21684,39590,6325,65.07,3
21685,39591,6325,430.41,5
21686,39594,6325,148.61,11
21687,39596,6326,226.37,11
21688,39599,6327,362.84,2
21689,39602,6327,363.71,7
21690,39603,6327,409.7,4
21691,39604,6327,360.91,9
21692,39607,6327,428.19,9
21693,39610,6327,392.37,2
21694,39611,6328,173.35,2
21695,39612,6328,334.36,12
21696,39613,6328,267.66,2
21697,39615,6329,480.18,5
21698,39617,6330,263.85,12
21699,39619,6330,392.39,9
21700,39620,6330,187.88,11
21701,39621,6331,306.02,8
21702,39625,6331,330.48,3
21703,39633,6332,180.03,8
21704,39634,6332,291.64,4
21705,39636,6332,362.85,5
21706,39639,6333,411.16,9
21707,39640,6333,401.12,8
21708,39641,6334,331.84,4
21709,39642,6334,360.39,5
21710,39643,6334,220.3,3
21711,39644,6334,167.07,11
21712,39645,6334,319.64,1
21713,39647,6334,199.93,2
21714,39649,6334,119.07,12
21715,39655,6335,293.54,9
21716,39657,6337,291.53,9
21717,39660,6338,247.18,8
21718,39661,6338,353.43,11
21719,39662,6338,367.12,1
21720,39664,6338,358.04,11
21721,39665,6338,298.1,11
21722,39666,6338,281.16,8
21723,39670,6339,209.65,7
21724,39671,6339,311.73,5
21725,39672,6339,385.58,2
21726,39673,6339,307.02,6
21727,39674,6339,329.98,3
21728,39675,6340,341.03,7
21729,39680,6341,308.02,2
21730,39682,6341,258.61,1
21731,39685,6341,317.79,12
21732,39686,6341,344.3,8
21733,39689,6342,369.71,2
21734,39690,6343,511.22,10
21735,39691,6343,329.54,11
21736,39692,6343,360.04,1
21737,39693,6343,256.71,1
21738,39694,6343,328.89,10
21739,39698,6344,228.22,9
21740,39700,6345,194.66,8
21741,39704,6346,224.36,10
21742,39706,6346,320.99,5
21743,39709,6346,167.16,7
21744,39711,6346,343.26,11
21745,39713,6346,325.18,3
21746,39715,6347,202.51,2
21747,39716,6347,289.76,10
21748,39718,6347,290.96,2
21749,39722,6348,387.75,1
21750,39725,6348,247.24,9
21751,39726,6348,436.72,11
21752,39732,6349,291.79,10
21753,39734,6349,287.44,11
21754,39736,6350,138.21,10
21755,39738,6350,50.0,1
21756,39742,6352,280.55,7
21757,39744,6352,169.96,11
21758,39745,6352,218.11,10
21759,39747,6352,293.23,10
21760,39751,6352,420.19,7
21761,39754,6353,296.14,2
21762,39755,6353,291.29,11
21763,39757,6353,267.34,10
21764,39759,6353,342.75,11
21765,39760,6353,534.97,1
21766,39762,6353,365.48,7
21767,39763,6353,212.85,9
21768,39764,6353,342.88,11
21769,39765,6353,247.26,8
21770,39768,6354,399.52,3
21771,39769,6354,310.62,3
21772,39771,6354,355.77,10
21773,39772,6354,405.0,7
21774,39773,6354,498.85,1
21775,39776,6355,259.75,10
21776,39777,6355,133.04,5
21777,39778,6355,168.11,6
21778,39779,6355,284.17,9
21779,39780,6355,365.35,9
21780,39782,6356,303.91,9
21781,39784,6357,317.7,8
21782,39785,6357,203.63,11
21783,39786,6357,336.98,1
21784,39787,6357,345.62,11
21785,39788,6357,141.73,8
21786,39789,6357,498.45,2
21787,39791,6357,392.37,12
21788,39792,6357,342.47,3
21789,39795,6357,515.52,2
21790,39796,6357,274.56,5
21791,39797,6358,345.9,9
21792,39798,6359,183.35,3
21793,39802,6359,476.01,7
21794,39803,6359,379.91,2
21795,39805,6359,256.97,4
21796,39806,6359,263.73,4
21797,39808,6359,407.12,7
21798,39809,6359,459.57,11
21799,39810,6359,269.26,1
21800,39812,6359,391.05,12
21801,39813,6360,237.21,4
21802,39815,6360,373.93,5
21803,39816,6361,323.3,10
21804,39817,6361,171.01,1
21805,39818,6362,273.34,5
21806,39819,6362,395.04,9
21807,39820,6362,362.83,3
21808,39821,6362,210.57,11
21809,39822,6362,225.0,12
21810,39824,6363,167.29,12
21811,39825,6363,246.13,2
21812,39826,6363,336.35,4
21813,39828,6363,387.31,12
21814,39829,6363,165.05,10
21815,39830,6363,332.23,11
21816,39832,6364,219.63,10
21817,39835,6364,320.33,1
21818,39836,6364,484.12,8
21819,39840,6365,210.71,11
21820,39842,6366,321.37,6
21821,39844,6366,53.73,8
21822,39845,6367,369.06,4
21823,39848,6368,278.6,10
21824,39849,6368,425.65,8
21825,39850,6368,302.13,2
21826,39856,6368,367.22,5
21827,39857,6368,492.44,11
21828,39858,6369,376.28,12
21829,39860,6369,381.86,5
21830,39861,6369,428.24,7
21831,39863,6369,353.97,12
21832,39864,6369,252.04,2
21833,39865,6369,91.27,2
21834,39866,6369,264.06,5
21835,39867,6369,378.41,4
21836,39868,6369,281.48,7
21837,39870,6369,303.21,3
21838,39871,6370,299.86,1
21839,39872,6370,270.64,12
21840,39874,6370,379.64,5
21841,39875,6370,370.64,1
21842,39877,6370,309.2,12
21843,39878,6370,383.59,12
21844,39879,6370,324.49,7
21845,39882,6371,332.24,1
21846,39883,6371,288.33,12
21847,39884,6371,282.48,1
21848,39888,6371,277.36,8
21849,39889,6371,307.96,11
21850,39890,6371,366.62,3
21851,39891,6372,274.23,3
21852,39893,6372,324.2,6
21853,39894,6373,421.91,4
21854,39896,6373,418.21,11
21855,39897,6373,227.82,5
21856,39899,6374,534.49,3
21857,39901,6374,377.2,6
21858,39902,6374,275.94,12
21859,39904,6374,151.9,3
21860,39907,6374,398.7,4
21861,39909,6375,357.73,12
21862,39911,6375,236.71,4
21863,39914,6376,329.81,6
21864,39917,6377,194.01,9
21865,39918,6377,196.93,4
21866,39919,6378,293.28,12
21867,39920,6378,299.94,1
21868,39923,6378,454.34,5
21869,39924,6378,320.3,6
21870,39927,6378,278.94,12
21871,39928,6379,254.0,12
21872,39929,6379,344.14,6
21873,39931,6379,95.22,4
21874,39932,6379,330.01,7
21875,39935,6381,475.48,9
21876,39938,6381,410.14,3
21877,39939,6381,509.24,5
21878,39941,6381,257.18,5
21879,39942,6382,361.41,3
21880,39943,6382,305.17,1
21881,39944,6382,429.7,12
21882,39945,6382,311.22,12
21883,39950,6383,416.26,7
21884,39952,6383,232.27,1
21885,39953,6383,306.66,2
21886,39954,6383,292.3,10
21887,39955,6383,429.95,7
21888,39958,6383,230.68,10
21889,39959,6384,277.86,4
21890,39961,6384,302.66,3
21891,39963,6384,151.12,8
21892,39965,6384,292.73,10
21893,39966,6384,327.71,6
21894,39967,6385,460.34,1
21895,39969,6385,291.09,12
21896,39972,6385,307.53,4
21897,39973,6386,268.72,9
21898,39974,6386,276.12,3
21899,39975,6386,292.52,9
21900,39976,6386,311.02,4
21901,39978,6386,349.11,1
21902,39982,6386,374.35,9
21903,39984,6387,284.68,11
21904,39986,6387,338.52,5
21905,39987,6387,278.82,4
21906,39988,6387,254.04,9
21907,39989,6387,428.4,6
21908,39990,6387,320.09,4
21909,39991,6388,269.28,5
21910,39992,6388,343.71,2
21911,39993,6388,417.81,10
21912,39994,6388,268.61,7
21913,39995,6388,353.24,1
21914,39999,6389,369.82,10
21915,40000,6389,335.31,12
21916,40001,6389,319.43,2
21917,40003,6390,483.51,9
21918,40006,6390,289.39,3
21919,40007,6390,314.32,6
21920,40008,6391,282.5,9
21921,40013,6391,354.66,3
21922,40014,6391,176.87,6
21923,40016,6392,417.84,6
21924,40017,6393,201.55,6
21925,40018,6393,358.68,5
21926,40021,6393,267.49,2
21927,40023,6393,465.04,7
21928,40024,6393,346.34,2
21929,40025,6393,106.37,4
21930,40030,6394,299.6,9
21931,40034,6394,359.1,9
21932,40035,6394,293.36,1
21933,40037,6394,228.21,6
21934,40039,6395,82.74,12
21935,40040,6395,494.17,12
21936,40042,6395,559.29,4
21937,40044,6395,226.29,5
21938,40045,6396,342.34,12
21939,40046,6396,277.9,8
21940,40047,6396,410.24,5
21941,40048,6397,293.91,3
21942,40054,6397,292.39,8
21943,40059,6398,200.69,11
21944,40060,6398,251.62,8
21945,40061,6399,399.11,5
21946,40062,6399,373.76,12
21947,40063,6399,308.1,9
21948,40064,6399,443.26,3
21949,40065,6399,206.09,8
21950,40069,6400,217.1,12
21951,40071,6400,304.78,12
21952,40073,6400,409.34,11
21953,40076,6401,466.85,3
21954,40078,6402,104.9,11
21955,40079,6402,261.06,3
21956,40080,6402,434.28,9
21957,40083,6403,198.71,2
21958,40084,6404,123.69,2
21959,40087,6404,294.2,3
21960,40092,6405,425.18,9
21961,40093,6405,338.04,9
21962,40097,6406,431.62,5
21963,40098,6406,471.19,11
21964,40099,6406,429.24,1
21965,40105,6407,450.35,4
21966,40106,6407,177.7,11
21967,40107,6407,271.25,4
21968,40108,6407,234.41,4
21969,40109,6408,285.61,6
21970,40111,6409,408.97,2
21971,40113,6409,394.91,9
21972,40114,6409,299.18,4
21973,40118,6410,431.95,6
21974,40119,6410,199.81,9
21975,40120,6410,526.41,1
21976,40121,6410,388.95,8
21977,40123,6410,461.49,5
21978,40126,6411,282.91,5
21979,40127,6411,248.31,1
21980,40128,6411,451.68,8
21981,40129,6411,333.94,2
21982,40132,6411,270.94,3
21983,40134,6411,328.52,7
21984,40135,6411,291.31,1
21985,40138,6412,348.08,10
21986,40142,6414,435.42,3
21987,40143,6414,323.95,12
21988,40145,6415,131.56,10
21989,40146,6415,246.42,3
21990,40147,6415,293.36,5
21991,40148,6415,307.56,2
21992,40150,6416,140.04,12
21993,40151,6417,278.18,1
21994,40153,6417,312.35,9
21995,40154,6417,254.88,12
21996,40157,6417,316.81,4
21997,40159,6418,435.9,12
21998,40161,6418,270.61,10
21999,40164,6419,162.66,1
22000,40165,6419,512.68,6
22001,40166,6419,265.42,4
22002,40167,6419,296.85,7
22003,40169,6419,322.91,8
22004,40171,6420,196.77,12
22005,40173,6420,341.68,8
22006,40176,6420,276.0,10
22007,40177,6421,341.22,1
22008,40178,6421,369.9,7
22009,40180,6421,426.87,4
22010,40184,6422,477.78,3
22011,40185,6422,300.83,7
22012,40188,6424,269.22,11
22013,40192,6424,209.64,2
22014,40193,6424,370.32,8
22015,40194,6424,320.94,1
22016,40195,6424,304.78,6
22017,40197,6425,208.87,7
22018,40198,6425,259.53,3
22019,40200,6425,374.75,1
22020,40202,6425,403.18,12
22021,40203,6425,342.0,7
22022,40204,6425,326.93,10
22023,40205,6425,434.77,3
22024,40206,6425,397.18,4
22025,40207,6425,396.71,10
22026,40208,6426,249.37,4
22027,40209,6426,518.88,5
22028,40211,6426,459.62,6
22029,40213,6426,358.21,11
22030,40215,6426,261.49,10
22031,40223,6427,237.79,6
22032,40227,6428,359.12,1
22033,40228,6428,344.0,5
22034,40230,6428,298.83,10
22035,40231,6429,225.41,4
22036,40232,6429,352.3,10
22037,40236,6429,305.23,8
22038,40237,6430,186.3,9
22039,40239,6430,321.0,6
22040,40240,6430,404.43,12
22041,40241,6431,351.86,12
22042,40243,6431,290.78,9
22043,40245,6432,473.62,8
22044,40246,6432,254.91,11
22045,40248,6432,353.71,8
22046,40250,6432,273.56,3
22047,40251,6432,327.1,9
22048,40254,6433,281.88,4
22049,40255,6433,434.5,6
22050,40257,6433,348.19,2
22051,40260,6433,342.17,3
22052,40262,6433,286.2,8
22053,40263,6434,306.16,7
22054,40265,6434,384.07,5
22055,40269,6435,385.61,9
22056,40272,6435,342.58,12
22057,40273,6435,385.67,10
22058,40275,6436,444.57,9
22059,40277,6436,371.74,1
22060,40279,6436,153.84,11
22061,40280,6436,340.99,9
22062,40281,6436,499.89,6
22063,40282,6436,407.53,6
22064,40283,6436,320.3,9
22065,40284,6436,386.87,7
22066,40285,6437,293.49,4
22067,40288,6438,370.1,8
22068,40289,6438,387.08,9
22069,40291,6438,454.25,5
22070,40292,6439,175.72,7
22071,40293,6439,216.74,2
22072,40294,6439,284.26,1
22073,40295,6439,385.03,6
22074,40297,6439,410.18,10
22075,40298,6439,329.21,8
22076,40299,6439,147.14,2
22077,40300,6439,434.44,4
22078,40301,6439,356.1,1
22079,40303,6440,359.75,6
22080,40307,6440,109.21,4
22081,40308,6441,451.46,5
22082,40310,6441,304.16,10
22083,40311,6441,429.38,7
22084,40315,6441,392.08,3
22085,40316,6441,262.79,9
22086,40319,6442,356.96,3
22087,40322,6442,419.24,9
22088,40323,6442,164.66,12
22089,40325,6443,408.75,11
22090,40327,6444,202.3,3
22091,40328,6444,241.45,10
22092,40329,6444,217.7,6
22093,40330,6444,525.3,5
22094,40331,6445,337.76,2
22095,40332,6445,144.46,11
22096,40334,6445,255.54,8
22097,40335,6445,257.46,10
22098,40336,6445,329.29,7
22099,40337,6445,253.47,7
22100,40340,6446,187.59,8
22101,40341,6446,445.03,4
22102,40342,6446,311.83,6
22103,40345,6446,304.0,12
22104,40346,6447,466.87,5
22105,40347,6447,491.0,9
22106,40348,6447,313.41,7
22107,40350,6447,220.22,1
22108,40351,6447,320.5,10
22109,40354,6447,527.57,11
22110,40355,6448,241.72,8
22111,40356,6448,228.97,2
22112,40357,6448,341.02,4
22113,40358,6448,312.62,8
22114,40361,6448,346.18,5
22115,40362,6449,339.3,2
22116,40363,6449,308.03,7
22117,40364,6449,273.57,9
22118,40365,6449,285.6,12
22119,40367,6449,222.07,2
22120,40370,6449,299.09,4
22121,40372,6449,308.57,9
22122,40373,6450,290.49,3
22123,40374,6451,360.24,2
22124,40376,6451,300.64,2
22125,40377,6451,334.65,10
22126,40380,6452,317.72,5
22127,40383,6452,327.9,8
22128,40384,6452,225.26,4
22129,40385,6452,233.19,4
22130,40386,6453,420.07,7
22131,40390,6453,350.11,9
22132,40395,6454,227.01,5
22133,40398,6454,158.89,2
22134,40399,6455,400.4,4
22135,40401,6455,379.45,3
22136,40402,6455,279.29,3
22137,40403,6455,327.78,1
22138,40404,6455,337.6,1
22139,40406,6455,239.03,1
22140,40407,6455,320.17,6
22141,40408,6455,311.44,12
22142,40411,6456,233.87,7
22143,40412,6456,338.31,8
22144,40415,6456,347.05,8
22145,40416,6456,222.3,7
22146,40417,6456,398.17,12
22147,40418,6456,268.3,7
22148,40419,6457,259.37,11
22149,40421,6458,386.81,8
22150,40423,6458,383.37,9
22151,40428,6459,245.13,5
22152,40429,6459,359.31,1
22153,40430,6459,358.52,7
22154,40433,6460,284.11,12
22155,40434,6460,372.29,10
22156,40435,6460,149.44,6
22157,40436,6460,264.6,2
22158,40440,6462,397.59,4
22159,40443,6462,276.99,2
22160,40444,6462,224.0,7
22161,40445,6462,79.18,4
22162,40448,6462,412.22,3
22163,40449,6463,257.63,10
22164,40451,6463,181.31,3
22165,40452,6463,352.94,1
22166,40453,6463,463.56,12
22167,40455,6463,326.93,4
22168,40458,6464,142.33,9
22169,40460,6465,250.3,7
22170,40462,6465,409.27,11
22171,40463,6465,339.26,12
22172,40465,6466,200.58,3
22173,40466,6466,548.77,7
22174,40467,6466,268.47,9
22175,40468,6466,298.78,6
22176,40473,6466,290.64,11
22177,40475,6467,399.19,11
22178,40477,6467,299.24,6
22179,40479,6468,151.97,10
22180,40482,6468,152.67,2
22181,40483,6468,266.96,5
22182,40486,6470,338.33,2
22183,40487,6470,273.51,11
22184,40488,6470,374.53,6
22185,40489,6470,449.47,8
22186,40491,6471,207.21,9
22187,40492,6471,338.38,2
22188,40493,6471,274.73,6
22189,40496,6471,250.62,7
22190,40499,6471,271.49,2
22191,40500,6471,383.52,12
22192,40503,6471,327.57,11
22193,40504,6472,273.27,5
22194,40507,6472,491.77,11
22195,40508,6472,287.67,10
22196,40512,6473,351.2,7
22197,40513,6474,311.44,1
22198,40514,6474,181.77,9
22199,40515,6475,292.56,6
22200,40516,6475,267.94,6
22201,40517,6476,280.66,10
22202,40519,6476,500.56,10
22203,40520,6476,264.08,4
22204,40521,6476,327.93,8
22205,40528,6477,393.71,1
22206,40530,6478,251.03,6
22207,40532,6478,229.45,6
22208,40534,6478,345.1,8
22209,40538,6478,322.65,4
22210,40539,6478,365.43,12
22211,40540,6478,171.23,10
22212,40541,6479,466.27,10
22213,40545,6479,325.45,6
22214,40547,6479,412.32,5
22215,40555,6480,537.97,7
22216,40556,6480,307.52,7
22217,40558,6481,241.31,11
22218,40559,6482,286.23,9
22219,40560,6482,304.04,10
22220,40561,6482,335.31,10
22221,40562,6482,435.59,5
22222,40563,6483,320.78,10
22223,40564,6483,434.54,11
22224,40565,6483,425.21,9
22225,40566,6483,333.38,6
22226,40568,6483,179.64,1
22227,40570,6484,400.42,3
22228,40571,6484,382.67,8
22229,40572,6484,299.84,3
22230,40573,6484,226.91,5
22231,40576,6485,314.15,10
22232,40577,6486,364.5,1
22233,40578,6486,210.73,11
22234,40579,6486,212.18,8
22235,40580,6486,600.01,6
22236,40581,6486,217.25,11
22237,40583,6486,256.34,10
22238,40584,6486,465.33,12
22239,40585,6486,232.69,4
22240,40586,6486,227.04,7
22241,40588,6486,404.32,1
22242,40591,6486,153.14,2
22243,40593,6487,273.53,8
22244,40594,6487,379.72,6
22245,40597,6488,456.28,10
22246,40598,6488,365.67,5
22247,40599,6488,362.12,7
22248,40600,6488,333.88,7
22249,40601,6489,437.54,6
22250,40602,6489,437.19,10
22251,40604,6489,359.52,8
22252,40607,6489,335.92,2
22253,40612,6490,232.63,8
22254,40614,6491,249.48,12
22255,40615,6491,147.36,2
22256,40617,6491,302.06,10
22257,40618,6491,218.84,4
22258,40621,6492,247.55,5
22259,40622,6492,427.22,10
22260,40623,6492,398.35,9
22261,40624,6492,263.14,4
22262,40625,6492,284.15,3
22263,40627,6493,520.09,11
22264,40628,6493,244.12,9
22265,40630,6493,383.07,9
22266,40631,6493,459.16,6
22267,40634,6493,340.92,7
22268,40635,6493,356.88,2
22269,40638,6494,167.2,12
22270,40641,6496,283.39,4
22271,40643,6496,336.41,3
22272,40644,6496,449.89,8
22273,40645,6496,270.57,11
22274,40646,6497,333.33,5
22275,40647,6497,432.38,10
22276,40649,6497,417.05,5
22277,40650,6498,356.79,4
22278,40652,6498,265.45,6
22279,40653,6498,368.2,7
22280,40655,6498,333.72,5
22281,40658,6499,211.33,10
22282,40659,6499,301.4,9
22283,40660,6499,369.73,6
22284,40662,6501,456.15,7
22285,40663,6502,251.15,10
22286,40665,6502,397.35,9
22287,40667,6502,266.45,3
22288,40670,6502,314.87,8
22289,40671,6502,283.86,5
22290,40672,6502,494.34,5
22291,40673,6502,378.38,1
22292,40674,6503,392.31,11
22293,40675,6503,256.74,11
22294,40676,6503,367.8,9
22295,40679,6503,212.58,4
22296,40681,6504,91.9,9
22297,40683,6504,279.56,6
22298,40684,6504,442.1,11
22299,40686,6504,283.09,3
22300,40688,6504,379.96,7
22301,40693,6505,556.44,9
22302,40694,6506,312.17,10
22303,40696,6506,479.52,10
22304,40697,6506,130.36,8
22305,40699,6506,267.28,7
22306,40703,6507,364.54,11
22307,40705,6508,307.94,7
22308,40706,6508,370.22,1
22309,40707,6508,231.2,3
22310,40710,6508,505.4,4
22311,40711,6508,458.68,12
22312,40713,6508,381.3,1
22313,40714,6508,229.61,5
22314,40715,6508,321.67,10
22315,40716,6508,415.25,11
22316,40717,6509,267.88,9
22317,40719,6509,457.35,7
22318,40720,6509,357.05,1
22319,40721,6509,306.21,3
22320,40722,6509,407.26,1
22321,40723,6509,247.54,10
22322,40724,6509,292.58,8
22323,40725,6510,270.43,12
22324,40728,6510,175.04,12
22325,40729,6510,132.78,9
22326,40730,6510,239.66,2
22327,40731,6510,254.35,8
22328,40732,6510,379.26,7
22329,40733,6510,287.25,8
22330,40734,6510,377.4,3
22331,40736,6511,173.8,11
22332,40739,6511,350.05,10
22333,40740,6511,188.57,6
22334,40741,6511,275.8,5
22335,40742,6512,406.35,2
22336,40743,6512,289.96,9
22337,40745,6512,224.51,6
22338,40747,6512,432.48,2
22339,40749,6512,400.68,11
22340,40752,6514,450.9,8
22341,40753,6515,208.0,12
22342,40756,6516,159.26,9
22343,40758,6516,455.97,4
22344,40759,6516,203.41,10
22345,40762,6516,319.27,12
22346,40764,6517,309.41,4
22347,40765,6518,260.53,7
22348,40766,6518,209.39,11
22349,40767,6518,287.19,12
22350,40770,6518,403.43,1
22351,40773,6518,268.43,7
22352,40774,6518,209.24,8
22353,40776,6519,327.98,3
22354,40777,6519,138.34,12
22355,40781,6519,346.96,9
22356,40783,6519,374.91,9
22357,40784,6519,278.64,9
22358,40787,6520,392.84,6
22359,40788,6520,312.89,6
22360,40791,6520,295.79,2
22361,40792,6521,227.07,4
22362,40794,6521,405.86,11
22363,40797,6521,277.09,8
22364,40798,6521,296.45,3
22365,40800,6521,380.64,10
22366,40801,6521,244.01,3
22367,40802,6521,251.7,6
22368,40805,6522,321.22,11
22369,40806,6522,175.66,10
22370,40810,6522,353.69,8
22371,40812,6523,317.06,9
22372,40813,6523,169.84,8
22373,40814,6523,125.76,8
22374,40815,6523,270.47,9
22375,40816,6523,283.61,7
22376,40821,6524,432.46,10
22377,40823,6525,509.33,10
22378,40824,6525,243.75,6
22379,40826,6525,243.2,9
22380,40828,6525,448.57,10
22381,40830,6525,353.84,6
22382,40832,6526,639.38,4
22383,40834,6526,300.68,12
22384,40836,6526,408.61,8
22385,40837,6526,532.13,7
22386,40839,6526,209.34,3
22387,40841,6526,233.35,10
22388,40842,6527,357.82,10
22389,40843,6527,315.8,1
22390,40845,6528,334.09,6
22391,40846,6528,251.29,6
22392,40847,6528,317.11,7
22393,40849,6528,287.1,9
22394,40851,6528,368.51,8
22395,40854,6529,404.43,2
22396,40855,6529,184.72,7
22397,40856,6530,434.06,5
22398,40857,6530,322.53,8
22399,40858,6531,405.34,1
22400,40859,6531,304.28,7
22401,40860,6531,417.91,9
22402,40862,6532,398.8,9
22403,40863,6532,357.13,7
22404,40865,6532,324.01,9
22405,40866,6532,366.68,8
22406,40867,6532,493.79,10
22407,40868,6533,419.52,10
22408,40870,6533,379.19,12
22409,40874,6533,270.39,11
22410,40875,6533,264.1,7
22411,40876,6533,253.18,6
22412,40878,6533,208.89,1
22413,40879,6533,396.09,11
22414,40880,6533,332.21,4
22415,40882,6534,351.67,5
22416,40883,6534,174.22,10
22417,40884,6534,251.89,4
22418,40885,6534,308.62,10
22419,40887,6534,213.65,7
22420,40891,6534,214.97,11
22421,40892,6534,233.46,7
22422,40894,6534,365.74,7
22423,40896,6534,92.62,6
22424,40897,6535,304.8,12
22425,40900,6535,456.8,11
22426,40901,6535,415.58,5
22427,40902,6535,421.2,2
22428,40903,6535,288.61,6
22429,40904,6536,495.29,1
22430,40905,6536,268.7,1
22431,40908,6536,360.6,4
22432,40909,6536,367.48,11
22433,40910,6536,221.28,3
22434,40911,6536,143.04,11
22435,40912,6536,399.34,9
22436,40913,6536,237.01,3
22437,40915,6536,311.68,4
22438,40916,6536,355.92,1
22439,40919,6536,318.0,11
22440,40921,6537,380.92,12
22441,40923,6537,361.95,3
22442,40924,6537,368.58,2
22443,40925,6537,353.59,11
22444,40927,6537,189.06,6
22445,40928,6537,322.44,12
22446,40932,6538,363.16,6
22447,40934,6538,526.34,7
22448,40935,6538,356.48,8
22449,40936,6538,304.2,10
22450,40937,6538,380.42,1
22451,40939,6538,259.12,1
22452,40940,6538,447.46,6
22453,40942,6538,312.35,10
22454,40944,6539,299.09,3
22455,40945,6539,190.5,11
22456,40946,6539,277.93,4
22457,40947,6539,312.59,8
22458,40949,6539,475.44,4
22459,40950,6539,284.02,3
22460,40951,6539,313.25,6
22461,40952,6539,382.61,7
22462,40954,6540,245.22,11
22463,40955,6540,276.79,8
22464,40958,6540,436.42,6
22465,40961,6541,184.14,5
22466,40965,6541,257.81,9
22467,40966,6541,353.06,4
22468,40967,6541,355.42,12
22469,40968,6541,556.88,8
22470,40970,6542,335.08,5
22471,40971,6542,266.39,12
22472,40978,6543,281.69,12
22473,40979,6544,421.56,11
22474,40980,6544,258.4,5
22475,40990,6544,302.56,1
22476,40995,6545,402.5,2
22477,40996,6545,292.38,5
22478,40997,6545,373.37,4
22479,40998,6546,182.69,6
22480,40999,6546,230.01,8
22481,41000,6547,270.49,8
22482,41002,6547,190.66,3
22483,41003,6547,218.43,9
22484,41004,6548,261.96,6
22485,41006,6548,510.62,8
22486,41007,6548,355.6,2
22487,41008,6548,394.37,11
22488,41009,6549,380.91,12
22489,41010,6549,115.3,6
22490,41011,6550,331.46,5
22491,41013,6550,272.96,8
22492,41015,6550,177.61,9
22493,41020,6551,361.0,6
22494,41021,6551,154.57,3
22495,41022,6551,318.53,2
22496,41023,6552,292.74,7
22497,41028,6552,240.26,3
22498,41029,6552,406.7,5
22499,41030,6552,302.71,6
22500,41031,6552,340.17,2
22501,41033,6553,381.05,9
22502,41035,6553,393.4,9
22503,41036,6553,330.18,1
22504,41038,6553,239.16,10
22505,41039,6553,311.1,9
22506,41041,6553,388.26,2
22507,41042,6553,265.05,10
22508,41043,6554,362.0,7
22509,41044,6554,261.98,6
22510,41045,6554,393.42,11
22511,41049,6554,312.52,11
22512,41050,6554,224.65,12
22513,41052,6555,554.52,3
22514,41053,6555,332.5,7
22515,41054,6556,93.77,1
22516,41055,6556,236.71,4
22517,41058,6556,442.62,5
22518,41059,6556,394.66,10
22519,41061,6556,429.52,7
22520,41062,6556,289.39,4
22521,41063,6556,391.69,1
22522,41065,6557,295.49,9
22523,41066,6557,351.55,10
22524,41067,6557,204.05,7
22525,41070,6558,295.86,11
22526,41072,6558,89.71,4
22527,41073,6558,310.06,12
22528,41076,6558,241.82,7
22529,41077,6558,337.63,8
22530,41082,6559,219.81,6
22531,41086,6560,311.65,1
22532,41087,6560,601.25,5
22533,41089,6561,302.94,9
22534,41090,6561,265.21,5
22535,41093,6562,330.03,9
22536,41094,6562,50.0,8
22537,41096,6563,284.37,4
22538,41098,6563,314.12,7
22539,41102,6564,337.63,7
22540,41104,6564,415.43,10
22541,41108,6565,355.51,6
22542,41109,6566,216.74,8
22543,41111,6566,150.6,1
22544,41114,6567,410.4,2
22545,41115,6567,264.82,11
22546,41116,6567,346.07,7
22547,41117,6567,455.2,11
22548,41122,6568,344.77,7
22549,41123,6568,180.51,6
22550,41125,6568,349.4,2
22551,41127,6568,297.91,1
22552,41130,6568,193.81,10
22553,41131,6568,407.06,5
22554,41132,6568,351.11,11
22555,41133,6568,491.74,5
22556,41134,6569,322.95,7
22557,41135,6569,255.71,8
22558,41136,6569,352.01,6
22559,41137,6569,294.25,11
22560,41138,6569,436.25,7
22561,41139,6570,329.18,10
22562,41141,6570,261.37,10
22563,41142,6570,338.13,11
22564,41143,6570,348.46,4
22565,41145,6571,340.14,7
22566,41147,6571,294.47,8
22567,41148,6572,328.4,7
22568,41149,6573,269.16,10
22569,41150,6573,342.04,12
22570,41152,6573,237.05,9
22571,41153,6573,249.65,12
22572,41154,6573,496.73,5
22573,41157,6574,273.09,5
22574,41158,6574,355.74,5
22575,41161,6574,173.8,12
22576,41163,6574,288.88,6
22577,41164,6574,400.08,3
22578,41166,6575,355.13,9
22579,41168,6575,172.49,12
22580,41169,6575,261.87,1
22581,41170,6575,404.44,1
22582,41171,6576,216.61,3
22583,41172,6576,365.08,3
22584,41175,6576,342.56,12
22585,41178,6577,172.43,8
22586,41179,6577,384.07,4
22587,41181,6578,389.42,10
22588,41182,6578,311.88,11
22589,41183,6578,344.16,10
22590,41187,6580,254.27,11
22591,41189,6581,296.64,6
22592,41190,6581,338.72,6
22593,41191,6581,413.32,6
22594,41192,6581,361.26,6
22595,41195,6581,284.08,7
22596,41198,6582,291.15,1
22597,41201,6582,331.03,8
22598,41202,6583,299.04,9
22599,41203,6583,318.31,10
22600,41204,6583,81.23,1
22601,41205,6583,241.42,10
22602,41207,6584,476.09,8
22603,41208,6584,359.51,6
22604,41209,6584,366.85,5
22605,41213,6585,360.71,11
22606,41214,6585,352.24,12
22607,41215,6585,333.22,7
22608,41216,6585,426.66,10
22609,41217,6585,366.06,12
22610,41218,6585,164.36,6
22611,41219,6586,257.32,5
22612,41221,6586,266.43,10
22613,41224,6586,532.86,6
22614,41227,6586,330.65,11
22615,41228,6587,442.8,5
22616,41229,6587,300.35,6
22617,41232,6587,350.64,6
22618,41234,6587,325.4,12
22619,41235,6587,273.28,2
22620,41237,6588,237.9,1
22621,41239,6588,319.88,4
22622,41243,6588,249.73,6
22623,41247,6588,333.05,7
22624,41248,6588,281.17,2
22625,41249,6588,394.44,10
22626,41250,6588,247.0,4
22627,41251,6588,310.74,8
22628,41257,6589,293.89,1
22629,41258,6590,287.4,6
22630,41265,6590,392.25,3
22631,41268,6590,163.38,9
22632,41271,6592,150.47,7
22633,41273,6593,291.03,5
22634,41274,6593,493.95,11
22635,41277,6593,351.94,11
22636,41280,6594,451.12,5
22637,41281,6594,416.48,8
22638,41282,6594,193.49,4
22639,41283,6594,318.5,3
22640,41284,6594,241.08,10
22641,41285,6594,226.67,2
22642,41286,6594,167.72,10
22643,41287,6594,236.34,4
22644,41289,6595,363.17,8
22645,41295,6595,377.8,4
22646,41296,6595,351.52,2
22647,41298,6595,240.89,6
22648,41300,6596,280.03,2
22649,41301,6596,228.1,2
22650,41302,6596,441.43,7
22651,41305,6596,377.27,12
22652,41307,6596,179.12,7
22653,41309,6597,345.29,6
22654,41310,6597,223.19,9
22655,41311,6597,354.21,10
22656,41313,6598,387.83,7
22657,41315,6598,56.96,3
22658,41316,6598,521.34,11
22659,41317,6598,419.69,3
22660,41318,6598,250.16,10
22661,41320,6598,316.08,5
22662,41323,6599,386.66,10
22663,41329,6599,138.64,8
22664,41330,6599,357.18,2
22665,41331,6599,362.63,2
22666,41334,6600,400.13,10
22667,41335,6601,235.86,4
22668,41336,6601,346.77,8
22669,41337,6601,406.75,2
22670,41338,6601,234.58,1
22671,41339,6601,377.66,4
22672,41341,6602,233.76,9
22673,41342,6602,271.35,12
22674,41343,6602,163.6,3
22675,41345,6602,100.24,3
22676,41348,6602,395.22,7
22677,41349,6603,416.76,5
22678,41352,6603,357.25,4
22679,41353,6603,226.01,12
22680,41355,6603,390.52,9
22681,41356,6603,341.36,2
22682,41357,6603,365.99,9
22683,41358,6604,357.32,11
22684,41359,6604,260.97,10
22685,41361,6604,328.83,11
22686,41362,6604,287.03,5
22687,41364,6605,332.03,11
22688,41365,6605,388.2,3
22689,41367,6605,265.73,7
22690,41371,6607,386.41,2
22691,41378,6608,324.86,1
22692,41379,6608,307.19,7
22693,41382,6608,307.59,9
22694,41385,6608,387.02,6
22695,41390,6608,304.13,10
22696,41391,6609,309.96,12
22697,41395,6609,464.83,8
22698,41396,6609,394.94,10
22699,41397,6610,426.74,4
22700,41398,6610,467.67,3
22701,41399,6610,342.72,3
22702,41402,6610,532.66,6
22703,41404,6610,363.87,4
22704,41405,6610,201.21,7
22705,41408,6611,273.04,9
22706,41409,6611,175.57,3
22707,41411,6611,424.92,8
22708,41413,6612,339.76,4
22709,41415,6612,275.61,11
22710,41416,6612,336.21,6
22711,41419,6614,303.5,2
22712,41421,6614,241.62,5
22713,41422,6614,517.44,7
22714,41423,6614,333.57,10
22715,41424,6614,327.89,1
22716,41426,6614,311.21,2
22717,41427,6614,214.87,1
22718,41428,6614,163.62,4
22719,41429,6615,433.7,7
22720,41430,6615,278.34,7
22721,41431,6615,119.64,1
22722,41437,6616,187.56,8
22723,41438,6616,373.64,6
22724,41439,6616,382.44,3
22725,41440,6617,278.74,9
22726,41442,6618,421.66,2
22727,41443,6618,194.03,10
22728,41445,6618,464.13,11
22729,41446,6618,170.39,5
22730,41448,6618,368.36,2
22731,41449,6618,342.06,5
22732,41451,6619,394.18,10
22733,41453,6619,161.32,4
22734,41455,6619,295.31,10
22735,41456,6619,414.39,6
22736,41460,6619,222.05,10
22737,41461,6619,449.03,2
22738,41462,6620,140.68,4
22739,41463,6620,166.34,10
22740,41464,6620,242.06,4
22741,41467,6620,377.47,3
22742,41468,6620,446.85,5
22743,41471,6622,259.28,1
22744,41476,6623,339.95,1
22745,41480,6623,432.71,1
22746,41483,6623,374.96,7
22747,41485,6623,511.92,4
22748,41486,6623,262.05,11
22749,41487,6624,435.34,6
22750,41491,6625,251.86,1
22751,41492,6625,351.56,8
22752,41493,6626,327.31,8
22753,41494,6626,351.93,6
22754,41495,6626,220.19,10
22755,41500,6627,271.17,2
22756,41501,6627,235.4,9
22757,41502,6628,262.83,12
22758,41503,6628,311.5,12
22759,41507,6629,230.65,10
22760,41508,6629,253.78,2
22761,41509,6629,372.57,2
22762,41512,6629,349.02,3
22763,41513,6630,473.37,7
22764,41514,6631,332.94,8
22765,41515,6631,478.04,1
22766,41518,6631,183.9,2
22767,41519,6631,151.59,1
22768,41520,6632,287.07,6
22769,41523,6632,279.22,11
22770,41524,6632,250.9,8
22771,41526,6633,281.71,4
22772,41529,6633,386.56,12
22773,41530,6633,280.82,7
22774,41531,6633,382.28,2
22775,41534,6633,431.67,5
22776,41536,6633,387.98,11
22777,41537,6634,300.79,5
22778,41538,6634,281.5,11
22779,41541,6634,437.42,3
22780,41544,6635,470.05,2
22781,41547,6635,348.02,9
22782,41550,6635,392.62,6
22783,41551,6635,375.82,4
22784,41552,6635,261.44,1
22785,41553,6636,330.65,1
22786,41559,6637,352.43,11
22787,41560,6637,443.42,1
22788,41561,6637,306.36,1
22789,41563,6637,213.88,11
22790,41564,6637,306.8,11
22791,41566,6638,303.42,11
22792,41567,6638,252.42,8
22793,41568,6638,411.25,1
22794,41573,6639,418.29,7
22795,41576,6639,95.16,5
22796,41577,6639,434.73,8
22797,41578,6639,347.08,5
22798,41580,6640,329.5,7
22799,41582,6640,365.19,9
22800,41583,6640,163.1,2
22801,41584,6641,277.17,8
22802,41587,6641,381.48,10
22803,41588,6641,368.58,1
22804,41589,6642,289.4,2
22805,41591,6643,324.94,8
22806,41594,6643,332.34,8
22807,41595,6643,355.93,6
22808,41599,6644,515.92,3
22809,41600,6644,184.96,3
22810,41603,6644,244.12,2
22811,41604,6644,320.56,6
22812,41605,6645,362.09,6
22813,41607,6646,323.98,7
22814,41608,6647,233.05,7
22815,41609,6647,363.44,5
22816,41610,6647,349.64,5
22817,41611,6647,341.85,1
22818,41613,6647,268.77,4
22819,41615,6647,362.93,10
22820,41616,6648,426.97,1
22821,41617,6648,395.68,3
22822,41618,6648,217.8,4
22823,41622,6649,233.52,12
22824,41623,6649,387.05,7
22825,41624,6649,265.67,7
22826,41625,6649,208.29,1
22827,41626,6649,267.45,6
22828,41627,6650,258.33,5
22829,41629,6651,295.59,12
22830,41630,6651,302.96,3
22831,41632,6652,160.04,6
22832,41633,6652,340.9,6
22833,41634,6652,362.87,12
22834,41636,6652,332.94,8
22835,41637,6652,370.58,4
22836,41638,6652,367.64,3
22837,41641,6652,208.23,3
22838,41642,6653,317.99,6
22839,41643,6653,348.43,10
22840,41644,6653,347.55,11
22841,41645,6653,447.11,3
22842,41646,6653,356.75,7
22843,41648,6654,326.19,3
22844,41649,6654,397.62,8
22845,41650,6654,401.89,6
22846,41651,6654,325.79,2
22847,41652,6654,438.43,12
22848,41655,6654,336.46,2
22849,41656,6654,274.12,1
22850,41657,6655,403.81,2
22851,41658,6655,256.3,9
22852,41659,6655,450.81,6
22853,41660,6655,277.35,11
22854,41661,6655,230.65,10
22855,41664,6655,251.19,11
22856,41665,6655,390.13,11
22857,41666,6655,261.74,9
22858,41670,6656,250.87,10
22859,41673,6657,287.45,9
22860,41676,6657,81.32,1
22861,41677,6657,432.94,5
22862,41678,6657,189.59,1
22863,41679,6657,422.7,7
22864,41680,6657,425.57,6
22865,41681,6658,373.29,9
22866,41684,6659,322.53,1
22867,41685,6659,312.61,2
22868,41686,6659,466.52,4
22869,41688,6659,525.45,12
22870,41691,6659,144.94,8
22871,41694,6659,385.51,4
22872,41695,6660,294.02,1
22873,41696,6660,517.44,8
22874,41698,6660,344.15,12
22875,41700,6661,255.95,3
22876,41701,6661,242.54,2
22877,41702,6661,314.79,12
22878,41703,6661,127.41,2
22879,41704,6662,216.32,8
22880,41705,6662,189.84,6
22881,41707,6662,82.64,9
22882,41708,6662,377.8,3
22883,41709,6662,385.82,1
22884,41711,6662,401.94,8
22885,41713,6663,224.01,9
22886,41717,6665,362.58,10
22887,41718,6666,317.85,2
22888,41719,6666,226.32,3
22889,41722,6666,283.81,1
22890,41723,6667,199.62,2
22891,41724,6667,161.57,7
22892,41726,6667,243.48,5
22893,41727,6667,264.04,8
22894,41728,6667,395.27,10
22895,41729,6667,256.82,6
22896,41733,6668,411.2,10
22897,41735,6668,422.82,7
22898,41736,6668,335.37,7
22899,41738,6668,279.32,2
22900,41739,6668,229.22,4
22901,41740,6669,240.99,6
22902,41743,6670,381.21,7
22903,41745,6670,394.9,5
22904,41746,6670,289.57,2
22905,41750,6670,334.59,5
22906,41753,6670,184.16,3
22907,41754,6670,270.2,10
22908,41755,6670,354.41,9
22909,41756,6670,261.13,3
22910,41758,6671,209.39,10
22911,41760,6671,238.83,6
22912,41761,6672,189.01,2
22913,41762,6672,225.09,12
22914,41763,6672,392.35,7
22915,41765,6672,447.74,10
22916,41766,6672,472.26,4
22917,41769,6672,301.77,8
22918,41770,6672,308.82,10
22919,41771,6672,388.35,4
22920,41772,6672,206.42,9
22921,41773,6673,247.55,9
22922,41775,6673,258.06,3
22923,41776,6673,442.95,6
22924,41778,6673,275.4,5
22925,41779,6673,428.62,12
22926,41781,6673,257.06,1
22927,41782,6673,224.75,4
22928,41783,6673,472.97,3
22929,41786,6674,337.13,9
22930,41787,6675,257.26,9
22931,41791,6676,165.94,11
22932,41794,6677,267.54,6
22933,41795,6677,484.99,9
22934,41796,6677,287.01,12
22935,41799,6677,92.21,10
22936,41801,6677,282.85,5
22937,41803,6678,391.89,9
22938,41804,6678,295.0,4
22939,41805,6678,370.53,2
22940,41806,6678,356.67,8
22941,41808,6678,296.78,4
22942,41811,6678,252.02,1
22943,41812,6678,271.54,1
22944,41816,6679,277.05,11
22945,41817,6679,176.91,2
22946,41819,6679,362.75,7
22947,41820,6679,257.94,11
22948,41821,6679,420.38,8
22949,41826,6680,435.96,7
22950,41827,6680,282.5,2
22951,41828,6681,316.72,7
22952,41830,6681,271.51,9
22953,41834,6682,181.54,6
22954,41837,6682,267.54,12
22955,41838,6682,319.72,11
22956,41840,6682,369.62,5
22957,41842,6683,482.71,1
22958,41843,6683,263.84,2
22959,41847,6683,242.0,1
22960,41849,6684,399.99,3
22961,41850,6684,72.4,9
22962,41851,6684,229.9,3
22963,41854,6684,420.86,5
22964,41862,6686,234.45,3
22965,41866,6687,271.25,5
22966,41867,6687,319.17,8
22967,41868,6687,380.84,3
22968,41869,6687,315.85,3
22969,41870,6687,314.71,1
22970,41871,6687,288.67,2
22971,41874,6687,294.68,12
22972,41876,6688,244.12,9
22973,41879,6688,226.4,6
22974,41880,6688,432.91,4
22975,41881,6688,259.53,4
22976,41882,6689,300.58,5
22977,41883,6689,406.38,9
22978,41884,6689,133.51,8
22979,41885,6689,184.73,10
22980,41888,6690,316.73,11
22981,41889,6690,319.7,2
22982,41890,6690,178.49,11
22983,41892,6690,153.72,1
22984,41893,6690,184.9,2
22985,41894,6691,346.05,1
22986,41897,6692,389.6,4
22987,41899,6692,336.32,7
22988,41900,6692,156.41,6
22989,41902,6692,204.45,6
22990,41903,6693,300.74,5
22991,41905,6695,318.67,9
22992,41906,6696,266.95,8
22993,41907,6696,286.27,8
22994,41908,6697,346.25,11
22995,41909,6697,501.1,8
22996,41911,6697,411.99,10
22997,41913,6697,286.85,10
22998,41914,6697,304.41,5
22999,41919,6698,309.57,3
23000,41924,6698,268.2,1
23001,41925,6699,434.33,8
23002,41926,6699,431.95,8
23003,41928,6699,339.53,10
23004,41929,6699,455.85,2
23005,41933,6700,270.02,9
23006,41938,6701,365.87,11
23007,41939,6701,432.51,3
23008,41940,6701,374.23,2
23009,41943,6702,469.18,5
23010,41944,6702,367.31,10
23011,41947,6702,304.0,1
23012,41948,6702,219.36,12
23013,41950,6702,279.94,6
23014,41953,6703,397.29,5
23015,41954,6703,411.26,8
23016,41955,6704,138.64,2
23017,41956,6704,270.11,8
23018,41957,6704,361.75,12
23019,41958,6704,337.13,5
23020,41959,6704,250.84,12
23021,41960,6704,456.14,11
23022,41961,6704,400.58,7
23023,41963,6704,517.37,7
23024,41965,6704,288.4,12
23025,41966,6704,179.05,9
23026,41967,6704,332.8,2
23027,41968,6704,501.19,11
23028,41970,6705,337.03,10
23029,41971,6705,374.21,2
23030,41974,6706,363.51,2
23031,41978,6707,202.07,2
23032,41979,6707,234.11,9
23033,41981,6708,269.39,5
23034,41982,6708,295.43,11
23035,41984,6708,408.87,8
23036,41987,6708,250.95,1
23037,41988,6708,99.48,10
23038,41989,6708,241.95,1
23039,41990,6708,278.77,2
23040,41993,6709,440.83,9
23041,41994,6709,246.49,12
23042,41997,6709,50.0,9
23043,41998,6709,234.27,5
23044,41999,6709,321.31,9
23045,42000,6709,109.14,11
23046,42001,6709,372.48,12
23047,42002,6710,360.91,4
23048,42003,6710,321.42,12
23049,42005,6710,364.98,7
23050,42006,6710,278.01,2
23051,42008,6710,260.36,2
23052,42009,6710,263.49,6
23053,42010,6711,290.95,2
23054,42011,6712,501.19,9
23055,42012,6712,251.81,1
23056,42014,6712,388.58,7
23057,42018,6713,232.44,3
23058,42020,6713,317.97,6
23059,42022,6713,313.44,1
23060,42024,6713,50.0,10
23061,42026,6714,330.59,6
23062,42028,6714,256.13,6
23063,42030,6714,163.12,5
23064,42031,6714,340.22,9
23065,42034,6715,415.99,8
23066,42035,6715,321.34,1
23067,42037,6716,412.85,12
23068,42040,6716,512.46,3
23069,42041,6716,315.35,10
23070,42044,6717,340.31,10
23071,42045,6717,348.9,8
23072,42046,6717,395.23,8
23073,42049,6717,255.33,4
23074,42052,6718,414.67,11
23075,42053,6718,415.98,11
23076,42054,6718,350.48,12
23077,42055,6718,454.14,10
23078,42056,6718,415.76,12
23079,42057,6718,222.65,3
23080,42060,6718,322.89,10
23081,42061,6718,394.94,7
23082,42062,6718,415.91,11
23083,42065,6719,89.64,4
23084,42068,6719,310.34,5
23085,42069,6719,431.6,1
23086,42073,6720,413.07,8
23087,42074,6720,182.9,5
23088,42077,6720,236.83,2
23089,42080,6721,357.09,7
23090,42082,6721,309.87,11
23091,42083,6721,299.34,8
23092,42084,6721,323.6,8
23093,42085,6721,298.41,4
23094,42086,6721,289.97,3
23095,42087,6722,373.21,1
23096,42093,6722,391.56,12
23097,42094,6722,327.23,8
23098,42095,6722,437.28,4
23099,42096,6722,267.69,1
23100,42097,6723,327.11,1
23101,42098,6723,301.79,4
23102,42100,6723,187.96,12
23103,42101,6723,370.41,6
23104,42106,6723,423.32,8
23105,42107,6723,395.77,11
23106,42109,6724,343.35,6
23107,42110,6724,182.53,8
23108,42111,6724,381.89,1
23109,42112,6724,485.13,3
23110,42113,6724,310.07,6
23111,42114,6724,330.7,11
23112,42115,6724,434.3,7
23113,42117,6725,328.41,8
23114,42118,6725,304.02,1
23115,42119,6725,320.03,12
23116,42120,6725,391.45,9
23117,42121,6725,403.16,3
23118,42122,6726,128.2,7
23119,42123,6726,380.85,11
23120,42125,6726,334.12,2
23121,42126,6726,248.9,5
23122,42130,6726,448.79,9
23123,42131,6726,378.89,4
23124,42132,6727,202.29,12
23125,42133,6727,386.55,4
23126,42134,6727,425.3,8
23127,42137,6728,250.42,5
23128,42139,6728,339.44,6
23129,42140,6728,312.56,5
23130,42144,6729,321.49,1
23131,42146,6730,291.3,2
23132,42147,6730,280.21,10
23133,42148,6731,375.81,2
23134,42150,6732,330.23,2
23135,42151,6732,389.62,1
23136,42157,6734,416.7,11
23137,42158,6734,464.84,2
23138,42160,6734,251.59,6
23139,42161,6734,437.73,6
23140,42162,6734,361.49,11
23141,42167,6735,336.77,10
23142,42169,6735,349.5,10
23143,42170,6735,308.1,7
23144,42171,6735,176.19,3
23145,42172,6735,394.61,7
23146,42176,6736,372.43,6
23147,42177,6737,347.99,2
23148,42181,6738,187.84,11
23149,42184,6739,335.81,3
23150,42185,6739,360.53,3
23151,42186,6739,487.41,3
23152,42189,6739,354.57,7
23153,42190,6739,162.99,1
23154,42192,6739,366.58,7
23155,42193,6740,425.84,12
23156,42194,6740,290.37,7
23157,42195,6740,181.23,3
23158,42196,6740,488.72,9
23159,42197,6740,330.93,9
23160,42199,6741,271.7,7
23161,42201,6741,391.84,12
23162,42203,6742,236.08,5
23163,42204,6742,235.6,10
23164,42205,6743,285.75,4
23165,42206,6743,341.54,5
23166,42208,6743,265.27,2
23167,42209,6744,370.37,1
23168,42211,6744,382.2,6
23169,42212,6744,317.63,6
23170,42221,6745,302.16,10
23171,42222,6745,396.21,11
23172,42223,6745,373.6,4
23173,42225,6745,223.6,6
23174,42226,6746,429.99,12
23175,42231,6747,389.39,10
23176,42235,6747,271.67,2
23177,42236,6748,172.2,3
23178,42240,6748,346.07,3
23179,42241,6748,340.51,5
23180,42242,6748,343.79,4
23181,42244,6748,444.24,12
23182,42245,6749,317.38,1
23183,42248,6750,354.79,11
23184,42249,6750,370.64,4
23185,42251,6750,279.96,8
23186,42252,6750,389.98,4
23187,42254,6750,442.46,11
23188,42255,6750,282.72,3
23189,42259,6751,155.66,12
23190,42264,6751,248.65,10
23191,42265,6751,325.9,2
23192,42266,6751,178.27,11
23193,42267,6751,273.05,10
23194,42268,6752,322.87,9
23195,42269,6752,377.75,9
23196,42270,6752,408.54,10
23197,42272,6752,351.66,11
23198,42277,6754,304.61,2
23199,42278,6754,283.69,8
23200,42279,6754,315.06,11
23201,42281,6754,392.16,7
23202,42285,6754,367.79,10
23203,42291,6755,322.61,9
23204,42294,6755,438.78,8
23205,42295,6755,290.48,6
23206,42296,6756,418.07,1
23207,42298,6756,280.41,10
23208,42300,6756,220.15,4
23209,42302,6756,326.76,12
23210,42305,6756,157.47,12
23211,42306,6756,293.55,9
23212,42307,6757,392.54,5
23213,42314,6757,391.19,7
23214,42317,6758,440.49,12
23215,42318,6758,256.64,3
23216,42322,6758,223.85,1
23217,42323,6758,378.98,6
23218,42324,6758,252.98,9
23219,42325,6758,339.49,2
23220,42327,6758,227.72,7
23221,42328,6758,279.11,2
23222,42329,6759,275.58,11
23223,42330,6759,318.77,11
23224,42331,6759,309.72,10
23225,42333,6759,339.96,2
23226,42335,6760,340.12,8
23227,42336,6760,362.56,5
23228,42341,6762,289.46,3
23229,42344,6762,363.87,2
23230,42346,6763,412.8,2
23231,42347,6763,215.3,4
23232,42351,6763,230.38,11
23233,42352,6764,383.52,11
23234,42353,6764,391.07,7
23235,42356,6765,290.63,8
23236,42358,6766,374.29,4
23237,42359,6766,285.54,1
23238,42361,6766,318.13,11
23239,42364,6767,318.05,12
23240,42368,6769,330.75,3
23241,42369,6769,444.99,10
23242,42370,6769,543.16,1
23243,42372,6769,196.94,11
23244,42373,6769,268.97,11
23245,42381,6771,257.53,12
23246,42383,6771,444.09,7
23247,42384,6771,427.08,2
23248,42385,6771,400.18,2
23249,42386,6771,284.56,10
23250,42387,6771,339.14,6
23251,42390,6772,177.05,9
23252,42392,6772,385.74,1
23253,42394,6772,355.2,6
23254,42395,6772,278.31,2
23255,42397,6772,390.23,4
23256,42398,6772,301.98,5
23257,42401,6773,153.55,11
23258,42403,6773,435.01,11
23259,42405,6773,476.01,8
23260,42406,6773,197.06,1
23261,42407,6773,344.03,11
23262,42410,6773,454.19,5
23263,42413,6774,200.98,12
23264,42414,6774,129.09,2
23265,42415,6774,298.71,4
23266,42416,6774,328.01,1
23267,42420,6775,435.88,2
23268,42421,6775,525.47,9
23269,42423,6776,380.7,3
23270,42424,6776,162.74,1
23271,42427,6776,360.75,10
23272,42428,6776,307.31,9
23273,42432,6777,406.15,12
23274,42439,6778,149.86,12
23275,42440,6778,403.36,1
23276,42444,6779,462.44,10
23277,42446,6779,339.89,7
23278,42449,6780,425.12,9
23279,42451,6780,390.6,2
23280,42452,6780,125.52,3
23281,42455,6781,334.68,1
23282,42456,6782,350.35,2
23283,42457,6782,224.33,5
23284,42458,6782,348.34,10
23285,42459,6782,171.99,12
23286,42460,6782,322.09,11
23287,42464,6782,360.11,3
23288,42468,6782,539.85,11
23289,42470,6782,238.66,11
23290,42472,6782,386.58,4
23291,42473,6783,210.42,12
23292,42474,6783,423.37,9
23293,42476,6783,315.37,11
23294,42479,6783,371.53,1
23295,42482,6784,238.52,12
23296,42483,6784,368.45,2
23297,42484,6785,266.81,8
23298,42487,6785,308.62,10
23299,42488,6786,220.05,11
23300,42490,6786,288.08,11
23301,42491,6787,344.73,9
23302,42494,6787,318.37,1
23303,42495,6787,431.34,7
23304,42497,6787,268.08,9
23305,42498,6787,463.73,9
23306,42499,6787,289.29,2
23307,42500,6788,466.86,7
23308,42501,6788,349.89,12
23309,42503,6788,505.83,6
23310,42506,6788,334.29,2
23311,42508,6788,179.26,6
23312,42509,6788,298.62,2
23313,42510,6788,319.37,4
23314,42511,6788,466.73,9
23315,42513,6789,161.54,10
23316,42515,6789,238.66,3
23317,42517,6789,339.74,7
23318,42518,6790,348.28,10
23319,42519,6790,432.55,11
23320,42522,6790,143.2,3
23321,42523,6790,255.76,8
23322,42524,6790,395.89,9
23323,42525,6791,314.4,11
23324,42526,6791,383.8,10
23325,42528,6791,308.25,5
23326,42529,6791,413.35,1
23327,42530,6792,260.44,3
23328,42531,6792,297.45,11
23329,42533,6792,315.11,9
23330,42534,6792,254.76,1
23331,42535,6792,330.42,4
23332,42536,6792,280.73,7
23333,42539,6793,348.41,10
23334,42541,6793,343.86,9
23335,42542,6794,253.06,8
23336,42545,6794,369.48,7
23337,42546,6794,341.91,7
23338,42551,6796,266.95,3
23339,42552,6796,398.82,3
23340,42556,6797,330.27,3
23341,42557,6797,416.59,8
23342,42558,6797,447.7,9
23343,42560,6797,221.43,12
23344,42564,6797,471.74,9
23345,42566,6797,369.67,1
23346,42568,6798,347.93,6
23347,42570,6798,258.26,10
23348,42571,6798,350.57,10
23349,42572,6798,120.14,1
23350,42573,6798,220.75,9
23351,42577,6798,152.39,5
23352,42580,6799,307.49,7
23353,42582,6799,442.28,2
23354,42584,6800,343.42,3
23355,42587,6800,373.36,2
23356,42588,6800,299.11,12
23357,42589,6800,321.03,3
23358,42590,6800,158.63,9
23359,42591,6801,414.79,11
23360,42593,6801,365.93,12
23361,42594,6801,390.46,8
23362,42595,6801,350.99,2
23363,42599,6802,278.73,3
23364,42601,6803,366.16,5
23365,42603,6803,293.24,8
23366,42604,6804,312.65,3
23367,42605,6804,422.07,7
23368,42606,6804,410.78,7
23369,42609,6804,277.02,10
23370,42613,6805,353.93,11
23371,42614,6805,416.94,10
23372,42615,6805,187.44,3
23373,42617,6806,330.33,5
23374,42618,6806,330.45,2
23375,42619,6806,168.24,8
23376,42620,6806,233.55,10
23377,42621,6807,209.78,7
23378,42623,6808,308.4,12
23379,42625,6808,339.24,6
23380,42626,6808,192.4,4
23381,42627,6808,255.55,6
23382,42630,6809,302.77,12
23383,42632,6809,485.45,9
23384,42634,6810,269.21,1
23385,42636,6812,314.85,10
23386,42637,6812,348.52,1
23387,42638,6812,476.34,12
23388,42642,6813,333.86,10
23389,42644,6813,480.31,3
23390,42645,6813,183.96,10
23391,42646,6813,385.08,10
23392,42647,6813,247.38,11
23393,42648,6813,297.62,7
23394,42649,6814,279.99,3
23395,42650,6814,223.59,9
23396,42651,6815,419.03,3
23397,42652,6815,230.63,3
23398,42654,6815,261.27,11
23399,42655,6815,298.8,8
23400,42656,6815,259.27,11
23401,42658,6817,346.23,8
23402,42661,6817,149.93,5
23403,42662,6817,238.54,12
23404,42663,6817,251.57,7
23405,42664,6818,241.99,9
23406,42666,6818,443.71,12
23407,42667,6818,280.68,7
23408,42668,6818,276.07,10
23409,42670,6818,335.85,5
23410,42671,6818,411.62,7
23411,42675,6819,261.66,8
23412,42677,6819,342.75,6
23413,42681,6819,204.74,5
23414,42682,6819,348.8,12
23415,42684,6819,316.31,9
23416,42685,6819,225.21,2
23417,42687,6820,165.03,1
23418,42689,6820,427.39,5
23419,42694,6820,402.21,2
23420,42695,6820,367.53,3
23421,42696,6820,436.4,9
23422,42697,6820,368.32,5
23423,42701,6821,235.57,2
23424,42702,6821,337.9,7
23425,42703,6821,457.17,4
23426,42704,6821,271.42,9
23427,42707,6821,293.02,4
23428,42708,6821,354.51,1
23429,42711,6821,456.2,5
23430,42715,6822,380.58,11
23431,42717,6822,243.1,4
23432,42718,6823,329.63,8
23433,42719,6823,329.25,9
23434,42720,6823,378.6,3
23435,42721,6823,196.09,9
23436,42722,6823,198.78,9
23437,42724,6823,310.31,4
23438,42725,6823,318.2,8
23439,42726,6823,243.61,10
23440,42728,6823,326.57,2
23441,42732,6824,322.13,5
23442,42733,6824,485.1,2
23443,42734,6824,284.33,11
23444,42735,6824,215.15,10
23445,42737,6824,451.1,9
23446,42738,6824,270.4,11
23447,42740,6825,357.66,12
23448,42743,6825,421.64,9
23449,42744,6825,472.09,4
23450,42747,6826,333.77,6
23451,42749,6827,215.05,1
23452,42752,6827,356.94,12
23453,42753,6827,309.31,6
23454,42755,6827,224.63,8
23455,42758,6828,405.95,7
23456,42761,6828,397.26,6
23457,42764,6829,443.11,7
23458,42765,6829,339.46,7
23459,42767,6829,170.99,12
23460,42768,6829,488.65,7
23461,42769,6829,193.43,6
23462,42770,6829,239.77,12
23463,42773,6830,272.83,6
23464,42778,6831,373.9,10
23465,42780,6832,292.94,7
23466,42781,6832,376.39,12
23467,42784,6832,218.55,11
23468,42785,6832,298.76,3
23469,42786,6832,401.43,1
23470,42788,6832,420.74,5
23471,42791,6833,391.93,1
23472,42793,6833,361.56,7
23473,42795,6833,260.91,11
23474,42796,6834,247.59,12
23475,42798,6835,389.22,5
23476,42799,6835,327.67,5
23477,42801,6835,240.23,10
23478,42802,6835,399.94,1
23479,42803,6835,267.4,8
23480,42804,6835,446.07,3
23481,42807,6835,276.26,11
23482,42809,6836,261.1,7
23483,42810,6836,266.99,3
23484,42812,6837,292.37,5
23485,42813,6837,375.21,1
23486,42814,6838,307.81,4
23487,42817,6838,465.88,1
23488,42819,6838,312.33,1
23489,42820,6838,227.01,6
23490,42821,6838,339.6,10
23491,42822,6838,502.44,8
23492,42823,6838,318.76,2
23493,42824,6839,164.05,2
23494,42826,6839,242.35,3
23495,42834,6840,349.58,8
23496,42836,6840,150.05,8
23497,42837,6841,465.76,11
23498,42839,6841,283.27,9
23499,42840,6841,58.97,6
23500,42842,6842,541.39,3
23501,42844,6842,452.45,4
23502,42846,6842,266.82,9
23503,42849,6842,239.41,8
23504,42853,6843,311.51,3
23505,42856,6844,467.96,7
23506,42857,6844,321.23,9
23507,42858,6844,192.3,11
23508,42859,6844,436.56,3
23509,42860,6844,365.03,1
23510,42861,6844,194.82,5
23511,42862,6844,257.64,1
23512,42865,6845,304.6,5
23513,42867,6845,305.92,1
23514,42868,6845,403.2,1
23515,42869,6845,419.01,2
23516,42870,6846,353.9,12
23517,42873,6847,417.68,7
23518,42874,6848,362.15,11
23519,42875,6849,228.97,3
23520,42876,6850,324.16,9
23521,42879,6851,273.38,11
23522,42880,6851,424.02,1
23523,42881,6851,258.09,9
23524,42882,6851,350.93,12
23525,42885,6852,262.84,6
23526,42888,6852,174.11,12
23527,42889,6852,327.88,11
23528,42890,6852,346.83,8
23529,42891,6852,412.36,12
23530,42892,6852,384.27,5
23531,42893,6853,210.23,12
23532,42895,6854,317.71,3
23533,42898,6855,223.9,9
23534,42899,6855,246.67,10
23535,42901,6855,346.66,8
23536,42902,6855,366.32,1
23537,42903,6855,178.14,2
23538,42904,6855,349.1,8
23539,42905,6855,346.9,4
23540,42907,6856,218.6,11
23541,42908,6857,307.76,7
23542,42910,6858,223.88,10
23543,42913,6859,155.15,7
23544,42915,6859,413.07,2
23545,42916,6859,401.39,10
23546,42917,6859,304.06,6
23547,42918,6859,359.96,11
23548,42920,6859,219.14,11
23549,42921,6859,397.39,6
23550,42922,6860,335.54,11
23551,42923,6860,207.97,5
23552,42924,6860,348.18,2
23553,42925,6860,353.84,11
23554,42928,6860,274.55,8
23555,42929,6861,183.29,6
23556,42930,6861,276.22,12
23557,42933,6863,421.83,5
23558,42934,6863,382.22,12
23559,42937,6863,348.45,5
23560,42939,6864,257.69,7
23561,42940,6864,267.96,9
23562,42941,6864,238.25,1
23563,42943,6864,335.36,1
23564,42944,6864,339.58,10
23565,42947,6864,422.19,11
23566,42949,6864,185.69,5
23567,42950,6864,299.87,6
23568,42952,6866,260.01,11
23569,42954,6866,324.32,1
23570,42955,6866,379.99,4
23571,42956,6866,258.54,12
23572,42957,6867,384.55,10
23573,42958,6867,371.77,9
23574,42963,6867,291.81,12
23575,42965,6867,404.95,8
23576,42966,6868,363.84,9
23577,42970,6869,258.44,2
23578,42972,6869,251.98,1
23579,42973,6869,397.35,7
23580,42974,6869,270.72,10
23581,42975,6869,379.85,2
23582,42978,6869,220.54,1
23583,42979,6869,409.63,3
23584,42980,6870,177.14,7
23585,42982,6870,177.0,3
23586,42983,6870,277.55,8
23587,42984,6870,433.81,12
23588,42985,6870,415.31,9
23589,42988,6872,381.84,10
23590,42989,6872,369.29,6
23591,42993,6872,255.71,3
23592,42995,6873,187.58,4
23593,42996,6873,439.29,3
23594,43000,6874,422.87,11
23595,43001,6875,232.41,7
23596,43002,6875,338.38,7
23597,43003,6875,302.49,11
23598,43005,6877,227.88,5
23599,43007,6877,193.0,11
23600,43010,6877,344.86,2
23601,43011,6878,305.42,9
23602,43012,6878,279.26,5
23603,43013,6878,310.57,11
23604,43014,6878,313.57,12
23605,43015,6878,348.61,6
23606,43017,6878,429.74,10
23607,43018,6878,404.09,10
23608,43019,6878,391.47,8
23609,43020,6879,278.27,9
23610,43022,6879,256.78,8
23611,43024,6879,258.87,12
23612,43026,6879,399.52,1
23613,43027,6880,388.98,12
23614,43030,6880,166.2,5
23615,43035,6880,410.01,6
23616,43036,6880,343.44,11
23617,43037,6881,321.91,10
23618,43042,6881,419.34,1
23619,43045,6882,345.03,10
23620,43046,6882,240.12,2
23621,43047,6882,251.87,12
23622,43048,6882,339.96,2
23623,43049,6883,336.37,8
23624,43050,6883,375.46,8
23625,43051,6883,527.69,10
23626,43052,6883,432.9,7
23627,43053,6883,239.61,12
23628,43054,6883,325.6,11
23629,43055,6883,293.86,4
23630,43057,6883,343.88,5
23631,43058,6883,230.43,9
23632,43060,6884,190.36,1
23633,43061,6885,198.56,2
23634,43062,6885,97.25,8
23635,43063,6885,253.98,5
23636,43066,6886,510.74,4
23637,43069,6886,278.34,2
23638,43071,6886,347.27,4
23639,43072,6886,221.59,5
23640,43073,6887,247.46,11
23641,43076,6887,230.04,12
23642,43078,6887,263.86,4
23643,43079,6887,317.71,2
23644,43080,6887,418.35,3
23645,43081,6887,442.46,6
23646,43082,6887,379.7,5
23647,43085,6888,386.19,8
23648,43087,6888,285.51,11
23649,43089,6888,506.87,1
23650,43090,6888,251.46,7
23651,43091,6888,314.05,9
23652,43092,6888,283.86,3
23653,43093,6888,410.45,6
23654,43094,6889,280.14,6
23655,43095,6889,335.07,8
23656,43097,6889,404.33,6
23657,43098,6889,224.24,6
23658,43099,6889,374.35,5
23659,43102,6889,350.92,5
23660,43103,6889,246.79,10
23661,43104,6890,269.45,9
23662,43105,6890,309.61,7
23663,43106,6890,339.28,9
23664,43107,6890,449.5,9
23665,43109,6890,481.66,3
23666,43111,6890,252.66,11
23667,43112,6890,549.82,7
23668,43113,6890,278.9,12
23669,43114,6890,485.11,8
23670,43115,6891,449.35,9
23671,43117,6891,229.39,11
23672,43118,6891,193.51,12
23673,43120,6892,330.84,7
23674,43122,6893,401.46,4
23675,43124,6894,322.45,8
23676,43126,6894,324.07,3
23677,43129,6895,359.97,10
23678,43132,6895,179.42,12
23679,43134,6895,330.19,11
23680,43135,6895,247.25,6
23681,43138,6896,287.02,10
23682,43139,6896,205.06,12
23683,43140,6896,202.05,3
23684,43142,6897,349.28,4
23685,43143,6897,307.85,10
23686,43146,6897,467.99,7
23687,43147,6898,285.74,12
23688,43148,6898,387.37,12
23689,43149,6898,426.26,9
23690,43153,6898,336.11,3
23691,43154,6898,342.04,6
23692,43156,6899,430.69,9
23693,43157,6899,439.92,8
23694,43158,6899,374.42,5
23695,43161,6900,445.52,11
23696,43162,6900,337.77,7
23697,43164,6900,222.41,2
23698,43167,6900,348.47,11
23699,43168,6900,260.07,7
23700,43170,6901,432.67,12
23701,43174,6902,295.76,3
23702,43176,6902,401.02,3
23703,43177,6902,247.79,6
23704,43179,6902,225.85,9
23705,43180,6902,300.85,6
23706,43183,6904,202.02,3
23707,43184,6904,390.81,3
23708,43185,6905,429.72,7
23709,43187,6906,372.56,3
23710,43188,6906,445.86,7
23711,43190,6906,382.11,3
23712,43191,6907,282.59,2
23713,43192,6907,330.09,9
23714,43193,6907,331.66,6
23715,43195,6907,427.05,4
23716,43196,6908,327.86,3
23717,43197,6908,221.94,6
23718,43199,6909,200.27,7
23719,43201,6909,303.42,10
23720,43204,6909,325.2,1
23721,43205,6909,200.2,1
23722,43206,6909,420.81,4
23723,43209,6910,302.3,1
23724,43211,6910,400.59,3
23725,43212,6911,243.66,6
23726,43214,6911,403.46,11
23727,43216,6911,228.52,6
23728,43218,6912,270.34,5
23729,43219,6912,282.5,5
23730,43220,6912,295.23,8
23731,43222,6912,417.66,1
23732,43228,6913,353.57,7
23733,43230,6914,231.14,7
23734,43233,6914,223.01,12
23735,43236,6915,334.22,5
23736,43237,6915,298.55,5
23737,43239,6915,338.47,9
23738,43241,6916,171.82,9
23739,43243,6917,520.91,8
23740,43244,6917,166.26,10
23741,43246,6917,300.77,11
23742,43247,6917,253.75,4
23743,43249,6918,208.96,8
23744,43251,6918,376.41,3
23745,43253,6918,301.9,9
23746,43254,6918,216.23,4
23747,43257,6919,278.9,12
23748,43259,6919,379.36,12
23749,43267,6920,407.98,3
23750,43270,6920,462.06,1
23751,43272,6921,349.66,10
23752,43273,6921,274.26,2
23753,43278,6921,263.28,9
23754,43279,6922,366.16,7
23755,43282,6924,438.82,2
23756,43283,6924,142.33,9
23757,43285,6924,318.28,7
23758,43286,6924,206.01,10
23759,43287,6924,326.74,9
23760,43288,6924,475.02,4
23761,43290,6925,160.21,11
23762,43291,6925,170.6,9
23763,43292,6925,456.88,3
23764,43293,6926,349.5,12
23765,43295,6926,318.31,8
23766,43296,6926,401.65,8
23767,43298,6927,478.18,6
23768,43300,6928,344.51,5
23769,43301,6928,319.04,7
23770,43303,6928,150.23,7
23771,43304,6929,239.78,12
23772,43306,6929,152.9,12
23773,43307,6929,322.84,5
23774,43308,6929,447.72,7
23775,43311,6930,282.36,7
23776,43312,6930,360.98,3
23777,43315,6930,398.76,1
23778,43319,6930,355.57,12
23779,43325,6932,312.01,8
23780,43327,6932,197.45,5
23781,43328,6932,384.28,7
23782,43329,6932,427.46,2
23783,43330,6932,322.49,11
23784,43332,6932,289.68,1
23785,43334,6933,393.2,12
23786,43336,6933,351.21,1
23787,43339,6933,465.35,3
23788,43340,6933,278.97,2
23789,43341,6934,387.42,12
23790,43344,6935,358.07,3
23791,43347,6935,324.4,1
23792,43348,6935,266.71,12
23793,43355,6936,388.02,5
23794,43356,6936,463.79,7
23795,43358,6936,140.32,7
23796,43360,6937,334.5,7
23797,43361,6937,372.79,6
23798,43362,6937,243.87,3
23799,43363,6937,360.12,5
23800,43365,6937,352.38,5
23801,43366,6937,385.24,8
23802,43367,6937,289.43,6
23803,43369,6937,201.34,6
23804,43370,6938,322.4,10
23805,43371,6938,437.2,9
23806,43372,6939,399.61,10
23807,43373,6939,202.0,11
23808,43375,6939,305.38,3
23809,43376,6940,310.11,12
23810,43377,6940,373.31,2
23811,43380,6940,310.88,7
23812,43381,6940,305.01,5
23813,43382,6940,267.65,7
23814,43383,6941,537.69,11
23815,43386,6941,160.36,5
23816,43390,6943,322.6,2
23817,43391,6943,331.75,7
23818,43393,6943,378.56,9
23819,43394,6943,283.75,9
23820,43396,6943,281.18,9
23821,43398,6944,367.93,3
23822,43399,6944,286.73,2
23823,43400,6945,259.56,2
23824,43402,6945,419.6,8
23825,43404,6945,228.13,12
23826,43405,6945,255.63,3
23827,43409,6946,351.89,5
23828,43410,6946,385.98,9
23829,43414,6946,298.47,3
23830,43415,6947,362.29,10
23831,43416,6947,338.55,8
23832,43417,6947,293.9,4
23833,43418,6947,232.14,4
23834,43420,6947,408.87,12
23835,43421,6947,230.86,11
23836,43422,6947,561.48,2
23837,43423,6947,273.25,7
23838,43426,6948,464.2,5
23839,43432,6948,418.38,10
23840,43435,6948,293.79,12
23841,43438,6949,413.02,2
23842,43439,6950,407.8,2
23843,43445,6951,289.9,10
23844,43446,6951,165.36,7
23845,43447,6951,183.98,2
23846,43449,6952,373.41,11
23847,43451,6952,318.27,3
23848,43452,6952,336.59,6
23849,43454,6952,410.49,5
23850,43456,6952,286.3,5
23851,43457,6952,387.51,5
23852,43458,6953,263.65,12
23853,43459,6953,328.25,3
23854,43460,6953,336.59,6
23855,43463,6953,223.91,1
23856,43464,6953,319.42,6
23857,43465,6954,396.84,12
23858,43467,6955,366.02,1
23859,43469,6955,451.01,2
23860,43472,6956,277.89,12
23861,43473,6957,456.05,2
23862,43476,6957,339.75,1
23863,43477,6957,277.14,9
23864,43478,6957,334.71,6
23865,43479,6957,255.41,4
23866,43482,6958,347.99,9
23867,43485,6958,172.24,2
23868,43489,6959,431.68,3
23869,43490,6959,262.11,9
23870,43491,6959,323.26,3
23871,43492,6959,427.95,9
23872,43493,6959,263.52,5
23873,43495,6960,380.9,8
23874,43496,6960,424.17,2
23875,43498,6960,332.74,9
23876,43500,6961,355.19,3
23877,43501,6961,437.61,11
23878,43505,6963,215.99,1
23879,43509,6965,427.59,2
23880,43511,6965,171.98,12
23881,43512,6965,273.17,2
23882,43513,6965,498.36,9
23883,43514,6965,406.94,12
23884,43515,6966,321.51,8
23885,43517,6966,505.26,9
23886,43519,6966,221.08,9
23887,43521,6966,367.37,5
23888,43522,6966,310.72,3
23889,43523,6967,322.09,7
23890,43525,6967,387.8,6
23891,43527,6967,377.78,7
23892,43528,6967,329.64,1
23893,43529,6967,388.05,12
23894,43530,6967,443.93,3
23895,43531,6967,350.94,1
23896,43533,6967,394.0,11
23897,43538,6969,339.79,7
23898,43539,6969,277.21,2
23899,43540,6969,324.52,9
23900,43541,6969,382.05,1
23901,43543,6969,161.75,9
23902,43544,6970,347.59,6
23903,43547,6970,382.43,10
23904,43549,6970,328.92,12
23905,43550,6970,233.81,5
23906,43551,6970,383.96,8
23907,43553,6971,262.61,4
23908,43555,6972,473.47,1
23909,43557,6972,415.44,3
23910,43558,6973,342.89,10
23911,43562,6973,296.11,7
23912,43567,6973,189.12,7
23913,43568,6974,484.03,1
23914,43569,6974,266.58,12
23915,43570,6974,469.16,6
23916,43571,6974,121.27,1
23917,43573,6974,313.61,10
23918,43575,6974,268.5,3
23919,43576,6974,232.11,11
23920,43579,6975,349.14,6
23921,43580,6975,467.15,12
23922,43581,6975,284.16,4
23923,43583,6975,339.99,10
23924,43584,6975,251.64,2
23925,43585,6975,237.92,10
23926,43586,6976,125.72,2
23927,43587,6976,258.28,3
23928,43588,6976,299.29,8
23929,43589,6976,190.91,9
23930,43591,6976,489.13,6
23931,43592,6976,364.71,5
23932,43594,6977,385.44,5
23933,43597,6977,186.77,11
23934,43598,6977,360.36,1
23935,43601,6978,457.67,2
23936,43602,6978,312.77,1
23937,43603,6978,351.15,8
23938,43606,6979,297.36,10
23939,43608,6979,359.79,6
23940,43609,6979,320.74,10
23941,43612,6979,294.59,11
23942,43613,6979,356.38,11
23943,43614,6979,319.39,6
23944,43615,6979,350.33,10
23945,43619,6980,313.59,3
23946,43620,6981,418.07,12
23947,43621,6981,489.83,4
23948,43623,6981,343.62,8
23949,43625,6981,367.31,4
23950,43626,6981,283.58,10
23951,43627,6981,377.92,7
23952,43628,6981,179.63,12
23953,43630,6982,367.46,8
23954,43632,6982,236.88,7
23955,43633,6983,443.28,12
23956,43636,6983,395.22,7
23957,43637,6983,307.52,12
23958,43638,6983,375.62,8
23959,43639,6983,491.77,12
23960,43641,6983,311.58,11
23961,43646,6984,349.87,11
23962,43647,6984,364.83,12
23963,43649,6984,371.69,11
23964,43650,6984,292.12,9
23965,43651,6985,395.95,5
23966,43657,6985,321.48,11
23967,43659,6985,337.0,10
23968,43662,6986,269.88,10
23969,43663,6986,416.09,7
23970,43665,6986,240.93,10
23971,43666,6986,187.79,2
23972,43667,6986,132.58,1
23973,43669,6986,393.17,1
23974,43670,6986,276.4,6
23975,43671,6987,265.68,7
23976,43673,6987,322.6,1
23977,43675,6988,210.49,1
23978,43676,6989,353.23,5
23979,43677,6989,524.22,10
23980,43681,6991,385.21,8
23981,43684,6991,356.42,7
23982,43686,6992,401.2,11
23983,43689,6992,542.58,6
23984,43690,6993,284.8,3
23985,43691,6993,285.35,7
23986,43694,6994,270.36,10
23987,43695,6994,186.88,1
23988,43696,6994,333.67,10
23989,43700,6995,322.82,3
23990,43702,6996,348.12,4
23991,43703,6996,227.17,8
23992,43704,6996,149.0,8
23993,43705,6996,143.41,12
23994,43707,6996,348.19,4
23995,43708,6997,352.62,5
23996,43711,6997,476.82,3
23997,43716,6997,425.57,10
23998,43717,6998,200.64,3
23999,43718,6998,221.48,11
24000,43722,6998,366.6,8
24001,43724,6998,323.17,4
24002,43725,6999,408.3,12
24003,43726,6999,443.82,7
24004,43727,6999,354.42,5
24005,43728,6999,325.7,7
24006,43729,6999,228.5,6
24007,43732,7000,231.9,4
24008,43734,7000,378.24,4
24009,43735,7000,209.54,2
24010,43736,7000,286.0,1
24011,43737,7000,216.52,6
24012,43738,7000,230.81,4
24013,43739,7000,303.66,3
24014,43740,7000,294.12,6
24015,43741,7000,373.53,4
24016,43742,7001,432.46,2
24017,43744,7001,298.27,8
24018,43747,7002,211.14,11
24019,43749,7002,289.9,1
24020,43750,7002,406.06,4
24021,43751,7002,231.0,10
24022,43753,7002,224.01,8
24023,43755,7003,191.08,2
24024,43758,7003,446.33,5
24025,43759,7003,115.23,12
24026,43761,7003,222.37,1
24027,43762,7004,220.39,12
24028,43764,7004,285.68,4
24029,43765,7004,262.72,3
24030,43766,7004,331.88,5
24031,43767,7004,271.4,6
24032,43768,7004,230.27,12
24033,43770,7005,277.75,6
24034,43771,7005,209.7,1
24035,43772,7005,412.56,5
24036,43774,7005,441.44,12
24037,43775,7005,154.17,7
24038,43776,7005,361.79,5
24039,43777,7005,328.61,2
24040,43778,7005,328.28,10
24041,43780,7006,274.26,4
24042,43782,7006,256.35,1
24043,43784,7006,404.65,4
24044,43785,7007,406.4,6
24045,43787,7007,330.27,10
24046,43788,7007,176.74,11
24047,43789,7007,325.83,4
24048,43790,7007,283.27,2
24049,43791,7007,314.27,4
24050,43792,7008,331.36,1
24051,43793,7008,309.82,2
24052,43794,7008,408.75,4
24053,43795,7008,260.14,5
24054,43797,7008,407.94,11
24055,43798,7009,288.42,12
24056,43799,7009,392.42,9
24057,43800,7009,401.26,4
24058,43802,7010,357.67,3
24059,43804,7010,267.17,8
24060,43808,7012,156.33,3
24061,43812,7014,362.66,7
24062,43813,7014,281.72,11
24063,43814,7015,328.52,3
24064,43817,7015,407.44,2
24065,43819,7016,257.33,6
24066,43820,7016,331.88,12
24067,43823,7016,173.8,9
24068,43825,7016,353.15,5
24069,43826,7016,264.98,1
24070,43827,7017,113.61,7
24071,43830,7017,358.37,8
24072,43834,7018,556.49,3
24073,43837,7018,316.99,4
24074,43839,7019,224.02,10
24075,43840,7019,377.05,2
24076,43843,7020,286.16,7
24077,43844,7021,360.55,12
24078,43845,7021,230.58,4
24079,43847,7021,181.83,4
24080,43849,7021,349.74,11
24081,43850,7022,268.61,8
24082,43854,7023,258.12,3
24083,43856,7023,406.82,4
24084,43857,7024,277.87,5
24085,43859,7025,359.27,2
24086,43860,7026,269.53,6
24087,43862,7026,428.31,12
24088,43863,7026,477.36,9
24089,43864,7026,381.15,11
24090,43865,7026,234.13,6
24091,43866,7026,393.94,6
24092,43867,7026,319.48,11
24093,43868,7027,359.23,1
24094,43872,7027,289.58,7
24095,43874,7028,283.22,5
24096,43876,7028,342.04,7
24097,43878,7028,490.03,4
24098,43879,7028,346.52,10
24099,43882,7028,300.51,10
24100,43883,7028,258.65,11
24101,43884,7028,288.77,5
24102,43885,7028,459.86,6
24103,43886,7029,275.33,11
24104,43889,7029,282.35,9
24105,43890,7029,217.35,5
24106,43891,7029,386.5,9
24107,43892,7030,372.15,5
24108,43893,7030,441.66,10
24109,43896,7030,387.91,1
24110,43897,7030,308.27,10
24111,43898,7030,455.14,4
24112,43899,7030,438.19,10
24113,43900,7031,331.98,9
24114,43901,7031,355.96,7
24115,43902,7031,172.44,9
24116,43903,7031,346.14,7
24117,43905,7031,329.32,3
24118,43906,7031,313.83,4
24119,43907,7031,362.08,10
24120,43908,7031,236.8,7
24121,43909,7031,528.47,3
24122,43910,7031,388.01,10
24123,43912,7032,383.88,9
24124,43913,7032,383.75,11
24125,43917,7032,409.36,7
24126,43921,7033,331.61,8
24127,43923,7033,268.34,6
24128,43924,7033,180.12,9
24129,43925,7033,416.09,7
24130,43926,7033,371.43,6
24131,43927,7033,209.19,6
24132,43928,7033,203.17,8
24133,43929,7033,156.77,4
24134,43932,7034,293.12,10
24135,43933,7034,424.25,8
24136,43935,7036,187.67,11
24137,43939,7037,327.32,5
24138,43940,7037,183.53,5
24139,43942,7037,189.21,2
24140,43946,7037,258.29,11
24141,43947,7037,482.8,5
24142,43948,7038,247.83,5
24143,43953,7038,193.75,12
24144,43956,7038,270.98,10
24145,43958,7038,272.37,3
24146,43961,7038,297.55,11
24147,43962,7039,259.87,2
24148,43963,7039,269.08,12
24149,43967,7040,356.02,9
24150,43969,7040,317.16,10
24151,43972,7041,229.88,1
24152,43973,7041,371.86,8
24153,43974,7041,519.0,11
24154,43975,7041,357.14,3
24155,43981,7042,426.07,7
24156,43983,7043,270.71,10
24157,43984,7043,327.21,7
24158,43985,7043,219.93,3
24159,43986,7043,104.72,11
24160,43989,7044,254.3,2
24161,43990,7045,281.01,3
24162,43993,7045,216.02,3
24163,43994,7045,300.27,10
24164,43996,7046,208.84,9
24165,43998,7046,489.42,9
24166,44000,7046,205.44,8
24167,44001,7046,242.78,12
24168,44002,7046,262.65,11
24169,44004,7046,403.4,8
24170,44005,7046,382.59,10
24171,44009,7047,322.95,1
24172,44010,7047,261.18,1
24173,44011,7048,75.39,3
24174,44012,7048,241.11,11
24175,44013,7048,323.31,7
24176,44014,7048,282.97,9
24177,44018,7048,418.92,10
24178,44019,7048,362.7,5
24179,44020,7048,257.89,6
24180,44021,7048,380.42,8
24181,44022,7049,185.98,8
24182,44023,7049,344.47,2
24183,44024,7049,408.32,12
24184,44025,7049,371.29,7
24185,44027,7049,266.69,2
24186,44028,7049,391.79,10
24187,44029,7049,162.27,6
24188,44031,7049,215.75,6
24189,44036,7050,234.03,4
24190,44038,7050,155.76,4
24191,44040,7050,414.13,3
24192,44041,7051,453.09,12
24193,44045,7051,300.67,1
24194,44046,7051,429.28,8
24195,44048,7051,228.35,2
24196,44049,7052,279.84,12
24197,44050,7052,285.49,12
24198,44051,7053,218.65,7
24199,44052,7053,363.81,1
24200,44053,7053,311.79,10
24201,44054,7054,275.47,3
24202,44055,7054,327.33,8
24203,44057,7055,399.39,9
24204,44058,7055,284.12,4
24205,44060,7055,521.83,3
24206,44063,7056,382.69,9
24207,44068,7056,347.28,11
24208,44073,7057,326.73,6
24209,44075,7057,488.4,4
24210,44076,7057,348.91,4
24211,44077,7057,309.2,12
24212,44079,7057,238.72,2
24213,44082,7058,349.08,12
24214,44083,7058,371.59,11
24215,44084,7059,474.54,6
24216,44087,7061,301.52,9
24217,44088,7061,340.98,6
24218,44090,7061,294.19,10
24219,44092,7061,372.72,11
24220,44094,7062,377.44,9
24221,44096,7062,272.38,3
24222,44099,7062,324.94,6
24223,44101,7062,329.02,3
24224,44102,7062,349.27,11
24225,44103,7062,413.72,11
24226,44107,7063,456.69,7
24227,44110,7063,191.02,10
24228,44115,7065,404.88,9
24229,44117,7066,235.12,6
24230,44118,7066,371.35,1
24231,44119,7066,347.61,12
24232,44123,7067,263.5,1
24233,44125,7068,457.86,3
24234,44126,7069,278.72,2
24235,44127,7069,408.46,8
24236,44128,7069,323.25,11
24237,44129,7069,172.66,4
24238,44131,7070,308.99,12
24239,44134,7070,380.81,5
24240,44136,7070,292.76,9
24241,44140,7071,236.48,9
24242,44141,7071,374.32,11
24243,44143,7071,296.06,5
24244,44144,7071,312.36,4
24245,44146,7071,201.71,2
24246,44147,7071,451.44,3
24247,44148,7071,461.86,7
24248,44149,7071,281.14,7
24249,44152,7072,256.17,3
24250,44154,7072,535.68,11
24251,44155,7072,344.0,12
24252,44160,7072,246.68,1
24253,44163,7073,343.4,12
24254,44166,7073,322.72,5
24255,44168,7073,426.41,11
24256,44169,7073,527.84,2
24257,44171,7074,317.04,4
24258,44173,7075,383.5,11
24259,44174,7075,279.85,3
24260,44175,7076,206.75,12
24261,44176,7076,325.89,8
24262,44179,7076,152.13,3
24263,44181,7076,548.78,9
24264,44183,7077,414.08,2
24265,44185,7077,348.73,8
24266,44186,7078,160.32,5
24267,44188,7078,329.37,7
24268,44190,7078,192.63,6
24269,44193,7079,389.96,1
24270,44194,7079,428.93,4
24271,44197,7079,324.0,3
24272,44199,7080,172.68,7
24273,44200,7080,181.58,12
24274,44202,7080,172.06,5
24275,44204,7080,248.04,5
24276,44207,7081,212.52,7
24277,44208,7081,264.75,12
24278,44209,7081,452.56,6
24279,44211,7081,264.06,9
24280,44213,7082,259.64,5
24281,44217,7083,330.55,5
24282,44218,7083,378.25,1
24283,44219,7083,419.66,7
24284,44220,7083,487.78,8
24285,44221,7083,256.89,4
24286,44222,7084,302.8,9
24287,44227,7084,139.52,3
24288,44229,7084,212.58,3
24289,44230,7084,295.25,11
24290,44234,7085,252.95,10
24291,44236,7085,244.39,11
24292,44237,7085,232.05,10
24293,44239,7086,396.23,5
24294,44240,7086,190.5,3
24295,44241,7086,454.22,11
24296,44242,7086,220.6,9
24297,44243,7087,458.19,1
24298,44244,7087,195.28,8
24299,44246,7087,204.21,3
24300,44248,7088,338.22,11
24301,44249,7088,316.71,2
24302,44250,7088,391.54,5
24303,44253,7088,233.48,11
24304,44254,7088,286.38,8
24305,44255,7088,316.22,2
24306,44257,7089,368.37,4
24307,44258,7089,360.96,10
24308,44259,7089,391.14,11
24309,44260,7089,434.99,5
24310,44262,7089,308.91,6
24311,44263,7089,452.79,6
24312,44265,7090,306.04,9
24313,44267,7091,331.65,7
24314,44268,7091,352.51,2
24315,44269,7091,325.19,2
24316,44272,7092,386.25,6
24317,44273,7093,351.65,11
24318,44275,7093,186.49,11
24319,44276,7093,169.47,11
24320,44277,7093,349.51,2
24321,44278,7093,241.71,2
24322,44280,7093,362.23,1
24323,44283,7094,171.95,9
24324,44284,7094,312.04,7
24325,44285,7094,254.59,8
24326,44289,7094,363.96,9
24327,44291,7094,215.0,10
24328,44292,7094,368.25,10
24329,44293,7095,415.92,3
24330,44294,7095,360.94,1
24331,44295,7095,347.78,2
24332,44296,7095,406.11,5
24333,44297,7095,394.65,8
24334,44298,7095,152.49,3
24335,44300,7096,416.98,11
24336,44301,7096,458.17,3
24337,44303,7097,372.36,5
24338,44305,7097,195.92,7
24339,44306,7097,208.68,2
24340,44311,7097,118.98,10
24341,44313,7097,414.02,1
24342,44318,7099,436.84,2
24343,44320,7099,359.97,10
24344,44321,7099,391.14,8
24345,44323,7099,292.0,4
24346,44325,7099,367.62,4
24347,44329,7099,316.74,6
24348,44330,7099,343.61,12
24349,44331,7099,340.82,9
24350,44332,7099,380.87,11
24351,44336,7100,238.18,8
24352,44339,7100,209.26,11
24353,44340,7100,449.39,10
24354,44346,7101,416.37,10
24355,44347,7101,377.53,11
24356,44348,7101,326.5,12
24357,44349,7101,229.69,6
24358,44350,7101,361.52,6
24359,44351,7102,237.9,8
24360,44355,7102,413.14,12
24361,44356,7102,206.86,2
24362,44357,7102,320.04,9
24363,44358,7102,378.19,3
24364,44359,7102,357.55,10
24365,44360,7102,406.49,11
24366,44361,7103,236.06,2
24367,44362,7103,374.22,1
24368,44363,7103,291.26,10
24369,44365,7103,333.11,3
24370,44366,7103,151.94,5
24371,44368,7103,414.94,8
24372,44369,7104,230.01,2
24373,44373,7104,348.5,4
24374,44376,7104,441.45,11
24375,44377,7104,518.88,11
24376,44379,7105,389.51,7
24377,44382,7106,370.41,4
24378,44384,7106,398.0,12
24379,44385,7106,276.04,9
24380,44386,7106,320.35,3
24381,44389,7106,397.64,11
24382,44390,7106,300.87,1
24383,44392,7107,150.68,1
24384,44395,7107,431.53,12
24385,44398,7107,384.0,11
24386,44399,7108,216.06,6
24387,44401,7109,214.96,7
24388,44403,7110,349.31,6
24389,44405,7110,643.98,3
24390,44406,7110,325.34,4
24391,44408,7110,268.88,9
24392,44410,7110,157.25,3
24393,44411,7110,352.31,6
24394,44412,7110,380.82,10
24395,44414,7110,288.63,12
24396,44415,7111,305.33,9
24397,44416,7111,293.01,1
24398,44419,7111,229.97,4
24399,44420,7112,233.01,4
24400,44423,7112,72.32,7
24401,44426,7112,223.01,11
24402,44429,7113,355.42,7
24403,44432,7114,235.07,4
24404,44433,7114,357.84,6
24405,44434,7115,165.49,12
24406,44435,7115,353.56,3
24407,44436,7115,264.81,10
24408,44437,7115,260.97,3
24409,44440,7116,437.71,5
24410,44442,7116,109.3,1
24411,44444,7116,369.71,9
24412,44445,7116,391.08,8
24413,44449,7117,291.15,9
24414,44450,7117,192.65,6
24415,44454,7117,326.22,9
24416,44455,7117,278.44,4
24417,44456,7117,413.05,11
24418,44458,7118,398.26,8
24419,44459,7118,320.0,10
24420,44460,7118,223.81,9
24421,44461,7118,309.14,5
24422,44463,7120,333.22,11
24423,44464,7121,307.83,4
24424,44465,7121,298.33,9
24425,44466,7121,265.3,3
24426,44470,7122,206.07,7
24427,44473,7122,298.72,8
24428,44474,7122,332.17,6
24429,44476,7122,326.96,11
24430,44478,7122,316.01,10
24431,44480,7123,148.29,10
24432,44483,7124,248.55,5
24433,44484,7124,427.36,10
24434,44485,7124,383.03,11
24435,44486,7124,305.54,6
24436,44489,7125,326.31,10
24437,44490,7125,219.51,4
24438,44493,7126,223.5,5
24439,44494,7126,257.47,8
24440,44495,7126,291.62,3
24441,44496,7126,271.53,2
24442,44497,7126,332.3,2
24443,44498,7126,324.68,9
24444,44502,7127,338.88,9
24445,44503,7127,146.45,11
24446,44504,7127,550.53,7
24447,44505,7127,346.18,2
24448,44508,7128,287.55,6
24449,44510,7128,283.72,11
24450,44513,7128,319.67,11
24451,44514,7128,277.43,1
24452,44515,7128,250.81,11
24453,44517,7128,312.53,8
24454,44519,7129,396.61,2
24455,44521,7129,311.68,9
24456,44522,7129,336.28,2
24457,44527,7131,408.59,11
24458,44528,7131,393.09,8
24459,44531,7131,472.6,11
24460,44532,7131,183.07,11
24461,44534,7132,237.41,2
24462,44535,7132,242.5,1
24463,44536,7132,162.34,10
24464,44539,7132,249.93,12
24465,44540,7132,379.98,4
24466,44541,7132,443.43,8
24467,44542,7132,354.89,10
24468,44545,7132,489.77,2
24469,44547,7133,245.77,10
24470,44548,7133,391.32,11
24471,44549,7134,380.06,3
24472,44550,7134,337.37,1
24473,44551,7134,310.8,12
24474,44554,7134,295.4,10
24475,44555,7134,394.72,6
24476,44558,7136,363.06,11
24477,44559,7136,349.96,11
24478,44560,7136,368.47,12
24479,44562,7136,313.93,6
24480,44563,7136,391.2,10
24481,44566,7137,258.3,1
24482,44567,7137,329.93,9
24483,44569,7137,316.89,2
24484,44571,7137,301.59,3
24485,44573,7138,327.21,7
24486,44577,7139,267.43,4
24487,44578,7139,551.23,11
24488,44579,7139,426.15,10
24489,44580,7139,425.47,1
24490,44581,7139,376.88,1
24491,44584,7139,406.48,9
24492,44587,7139,405.03,5
24493,44588,7139,296.33,2
24494,44591,7140,294.89,11
24495,44595,7140,249.34,2
24496,44597,7140,383.93,1
24497,44599,7140,167.41,11
24498,44601,7140,355.33,7
24499,44603,7141,290.41,12
24500,44604,7141,172.85,12
24501,44605,7141,345.15,6
24502,44609,7142,295.67,6
24503,44611,7142,356.68,12
24504,44613,7142,273.64,3
24505,44614,7142,190.0,11
24506,44615,7142,306.27,7
24507,44617,7142,241.76,12
24508,44619,7142,152.32,4
24509,44624,7143,396.47,7
24510,44625,7143,265.36,5
24511,44626,7143,307.37,11
24512,44627,7143,121.24,11
24513,44633,7144,281.71,10
24514,44634,7144,383.11,4
24515,44635,7144,136.37,7
24516,44636,7144,307.27,7
24517,44637,7144,256.04,12
24518,44639,7145,386.09,6
24519,44641,7146,276.9,1
24520,44642,7146,362.03,7
24521,44644,7146,376.22,8
24522,44646,7147,289.84,10
24523,44647,7147,364.1,6
24524,44649,7148,297.02,2
24525,44650,7148,350.86,12
24526,44651,7149,234.61,10
24527,44655,7149,235.04,4
24528,44656,7149,215.05,1
24529,44657,7149,343.71,10
24530,44660,7150,428.62,12
24531,44662,7150,406.51,10
24532,44663,7150,298.32,2
24533,44664,7150,305.38,10
24534,44668,7150,393.78,12
24535,44669,7151,438.61,10
24536,44670,7151,125.9,12
24537,44672,7151,274.37,6
24538,44673,7151,334.02,9
24539,44674,7151,316.26,1
24540,44675,7151,313.52,12
24541,44677,7152,491.54,4
24542,44679,7152,244.58,8
24543,44681,7153,264.52,11
24544,44682,7153,233.46,6
24545,44683,7153,177.39,1
24546,44685,7153,260.27,2
24547,44686,7153,234.12,1
24548,44688,7153,293.54,8
24549,44691,7153,398.23,5
24550,44692,7153,258.6,3
24551,44694,7154,395.2,3
24552,44695,7154,403.62,5
24553,44697,7155,311.24,3
24554,44703,7156,364.5,3
24555,44704,7156,394.99,12
24556,44707,7156,287.82,11
24557,44708,7156,300.95,1
24558,44709,7156,352.98,11
24559,44712,7157,361.18,9
24560,44713,7157,314.87,2
24561,44714,7157,387.75,6
24562,44718,7158,303.6,2
24563,44722,7158,369.33,9
24564,44723,7158,354.56,9
24565,44724,7159,263.34,2
24566,44729,7160,443.3,1
24567,44734,7162,404.4,12
24568,44738,7162,225.64,12
24569,44741,7163,380.19,9
24570,44742,7163,291.29,6
24571,44743,7163,389.49,7
24572,44744,7163,417.7,12
24573,44745,7163,369.35,9
24574,44748,7164,426.2,8
24575,44750,7164,371.18,5
24576,44752,7164,282.54,10
24577,44753,7164,130.7,4
24578,44755,7164,215.93,12
24579,44759,7164,265.97,9
24580,44760,7164,363.81,10
24581,44762,7165,205.27,11
24582,44764,7166,195.17,5
24583,44765,7167,280.1,10
24584,44766,7167,290.42,8
24585,44768,7167,326.81,9
24586,44770,7167,432.18,9
24587,44771,7168,272.25,3
24588,44772,7168,304.24,3
24589,44773,7168,396.71,5
24590,44774,7168,235.47,2
24591,44775,7168,421.88,11
24592,44776,7168,228.57,6
24593,44777,7169,279.06,3
24594,44783,7170,253.02,12
24595,44784,7170,458.41,3
24596,44785,7170,328.01,8
24597,44786,7170,301.21,7
24598,44788,7170,210.88,11
24599,44789,7170,422.93,8
24600,44790,7170,391.6,2
24601,44791,7171,257.39,5
24602,44792,7171,320.68,12
24603,44793,7171,353.83,8
24604,44794,7171,348.16,7
24605,44795,7172,275.1,12
24606,44796,7172,455.1,11
24607,44798,7172,298.91,11
24608,44799,7172,301.66,5
24609,44802,7172,406.8,4
24610,44804,7173,384.96,9
24611,44805,7173,401.0,9
24612,44806,7173,489.29,11
24613,44807,7173,259.06,2
24614,44808,7173,332.57,8
24615,44809,7174,247.06,2
24616,44810,7174,271.83,4
24617,44812,7174,247.85,9
24618,44813,7174,312.23,12
24619,44814,7174,392.23,2
24620,44815,7174,287.47,7
24621,44816,7175,333.09,5
24622,44818,7175,239.49,2
24623,44820,7175,252.73,3
24624,44821,7175,196.05,12
24625,44824,7175,288.13,12
24626,44825,7175,305.41,8
24627,44827,7176,315.18,7
24628,44828,7176,251.3,12
24629,44829,7176,347.93,9
24630,44830,7176,300.77,7
24631,44831,7176,243.69,6
24632,44833,7176,329.17,1
24633,44834,7176,325.9,4
24634,44835,7176,307.1,2
24635,44837,7176,418.31,4
24636,44838,7176,353.8,7
24637,44840,7177,556.75,3
24638,44842,7177,280.07,6
24639,44844,7177,326.16,12
24640,44845,7177,215.66,4
24641,44849,7178,275.09,7
24642,44851,7178,149.32,8
24643,44853,7178,363.26,6
24644,44855,7178,404.81,9
24645,44859,7180,294.88,12
24646,44860,7180,170.48,11
24647,44861,7180,512.71,7
24648,44864,7180,280.35,3
24649,44866,7180,276.61,7
24650,44867,7181,388.73,4
24651,44868,7181,231.82,8
24652,44870,7181,254.78,10
24653,44872,7181,381.0,5
24654,44873,7182,436.37,11
24655,44874,7182,296.45,2
24656,44875,7182,191.4,3
24657,44876,7182,404.02,4
24658,44878,7182,108.55,3
24659,44880,7182,363.96,9
24660,44883,7182,199.44,9
24661,44884,7182,287.01,5
24662,44885,7182,347.51,7
24663,44886,7182,232.17,9
24664,44887,7183,278.86,6
24665,44890,7183,280.19,10
24666,44892,7183,309.31,1
24667,44893,7183,334.96,12
24668,44895,7184,319.82,10
24669,44897,7184,322.27,11
24670,44898,7184,416.45,6
24671,44899,7184,449.61,4
24672,44905,7185,362.09,3
24673,44909,7185,345.54,2
24674,44911,7185,182.14,11
24675,44913,7186,105.17,3
24676,44914,7186,288.74,12
24677,44918,7186,458.13,7
24678,44920,7187,297.33,2
24679,44923,7187,384.05,8
24680,44924,7187,301.73,12
24681,44925,7187,334.16,9
24682,44926,7187,262.46,5
24683,44928,7188,387.95,4
24684,44929,7188,322.18,12
24685,44931,7188,249.5,8
24686,44934,7188,177.48,9
24687,44936,7188,388.87,9
24688,44937,7188,353.53,6
24689,44939,7188,338.54,11
24690,44940,7188,241.41,3
24691,44941,7188,388.43,6
24692,44942,7189,255.49,6
24693,44943,7189,401.71,3
24694,44944,7189,235.74,10
24695,44948,7189,208.39,9
24696,44949,7190,318.17,2
24697,44950,7190,379.8,5
24698,44951,7190,390.87,1
24699,44956,7191,337.29,8
24700,44959,7191,423.58,11
24701,44961,7192,344.33,5
24702,44962,7193,328.35,1
24703,44964,7193,109.65,7
24704,44967,7193,226.24,10
24705,44969,7193,415.24,11
24706,44972,7194,235.14,7
24707,44973,7194,294.49,5
24708,44974,7194,283.73,9
24709,44975,7194,226.74,12
24710,44977,7194,263.94,8
24711,44981,7196,315.68,8
24712,44982,7196,214.49,3
24713,44984,7196,287.92,3
24714,44985,7196,256.59,5
24715,44986,7196,329.06,6
24716,44987,7196,399.67,3
24717,44989,7197,443.62,11
24718,44990,7197,327.71,5
24719,44992,7197,229.01,7
24720,44994,7197,447.38,3
24721,44995,7197,355.16,7
24722,44997,7198,269.08,9
24723,44998,7198,289.99,10
24724,44999,7198,259.92,2
24725,45000,7199,385.13,1
24726,45003,7200,408.28,6
24727,45004,7201,349.91,10
24728,45005,7201,418.4,10
24729,45006,7201,314.24,5
24730,45007,7201,531.53,9
24731,45012,7201,308.53,1
24732,45013,7201,145.95,5
24733,45014,7201,402.27,8
24734,45016,7202,283.78,6
24735,45018,7202,416.63,1
24736,45020,7202,346.36,12
24737,45021,7202,258.42,10
24738,45023,7202,311.23,3
24739,45024,7202,188.34,2
24740,45027,7203,251.33,11
24741,45028,7203,349.38,8
24742,45029,7203,388.46,4
24743,45030,7203,391.24,5
24744,45031,7203,264.06,8
24745,45033,7204,416.28,11
24746,45034,7204,322.24,5
24747,45035,7204,373.03,12
24748,45036,7204,416.67,10
24749,45037,7204,342.13,8
24750,45039,7204,236.97,2
24751,45040,7204,426.27,1
24752,45041,7204,359.16,1
24753,45042,7205,357.46,11
24754,45046,7205,212.26,2
24755,45048,7205,427.5,5
24756,45050,7205,358.49,4
24757,45051,7205,198.25,10
24758,45052,7205,300.59,7
24759,45053,7205,312.98,5
24760,45054,7205,324.86,7
24761,45055,7206,301.68,8
24762,45057,7206,321.24,3
24763,45058,7206,405.84,2
24764,45060,7206,313.86,5
24765,45061,7206,270.1,10
24766,45062,7206,333.48,4
24767,45063,7207,418.82,3
24768,45067,7208,386.87,10
24769,45069,7208,111.55,1
24770,45070,7209,202.81,4
24771,45072,7209,158.08,3
24772,45074,7209,358.64,4
24773,45075,7209,418.18,5
24774,45076,7209,315.01,12
24775,45077,7209,331.35,10
24776,45079,7209,231.83,9
24777,45080,7209,418.94,2
24778,45081,7209,250.66,9
24779,45082,7209,418.65,5
24780,45084,7211,265.52,9
24781,45085,7211,466.11,4
24782,45086,7211,193.05,12
24783,45087,7211,225.43,4
24784,45088,7211,425.79,12
24785,45090,7211,423.62,11
24786,45091,7211,295.64,7
24787,45092,7211,197.75,10
24788,45094,7212,95.12,1
24789,45097,7212,445.69,6
24790,45099,7213,357.64,12
24791,45103,7213,334.28,12
24792,45104,7213,257.62,4
24793,45107,7214,285.22,9
24794,45108,7214,397.88,1
24795,45109,7214,218.98,10
24796,45112,7215,396.72,3
24797,45114,7216,378.27,3
24798,45116,7216,462.99,5
24799,45121,7216,368.26,4
24800,45122,7216,398.73,12
24801,45123,7217,192.15,6
24802,45124,7217,298.87,11
24803,45127,7217,311.1,3
24804,45131,7217,353.83,2
24805,45132,7217,330.23,6
24806,45133,7218,410.33,5
24807,45134,7218,332.45,6
24808,45137,7218,241.67,9
24809,45139,7219,228.46,11
24810,45140,7219,456.48,4
24811,45141,7219,345.68,8
24812,45142,7219,331.39,6
24813,45143,7219,343.37,10
24814,45144,7219,337.93,9
24815,45145,7219,292.49,8
24816,45149,7220,374.49,1
24817,45150,7220,411.35,11
24818,45151,7220,396.5,5
24819,45152,7220,316.1,6
24820,45153,7221,225.21,12
24821,45154,7221,203.67,2
24822,45155,7221,406.61,4
24823,45156,7221,276.38,12
24824,45157,7221,333.53,9
24825,45159,7221,241.35,6
24826,45160,7222,337.85,2
24827,45161,7222,420.36,11
24828,45163,7222,436.9,6
24829,45164,7222,194.85,6
24830,45166,7222,383.49,9
24831,45168,7223,239.84,5
24832,45170,7223,478.32,12
24833,45172,7224,494.86,9
24834,45174,7224,354.36,1
24835,45175,7224,328.95,3
24836,45178,7224,302.97,4
24837,45180,7224,453.53,3
24838,45181,7225,334.36,4
24839,45184,7225,346.66,7
24840,45185,7225,299.18,2
24841,45186,7225,323.99,10
24842,45188,7225,367.54,10
24843,45190,7226,359.07,6
24844,45191,7226,400.81,7
24845,45192,7226,341.33,9
24846,45197,7227,306.95,11
24847,45201,7228,349.05,12
24848,45206,7229,340.73,1
24849,45207,7230,255.82,10
24850,45208,7230,130.17,9
24851,45209,7230,232.82,12
24852,45210,7230,207.64,9
24853,45211,7230,400.0,12
24854,45213,7231,235.85,4
24855,45214,7231,448.47,5
24856,45219,7231,252.84,10
24857,45220,7231,374.43,7
24858,45222,7232,492.09,9
24859,45223,7232,374.23,9
24860,45224,7232,493.71,2
24861,45227,7232,234.96,8
24862,45230,7233,427.59,4
24863,45233,7234,256.41,12
24864,45234,7234,408.79,9
24865,45235,7234,314.85,5
24866,45238,7235,341.7,7
24867,45239,7235,318.03,10
24868,45242,7236,292.28,3
24869,45243,7236,331.48,10
24870,45245,7236,359.13,11
24871,45246,7236,184.91,6
24872,45248,7237,294.87,6
24873,45250,7237,378.92,5
24874,45252,7237,334.2,6
24875,45254,7238,407.11,1
24876,45255,7238,187.27,4
24877,45261,7239,347.99,4
24878,45262,7239,388.88,9
24879,45263,7239,294.54,5
24880,45264,7239,285.36,12
24881,45265,7239,441.36,4
24882,45266,7239,57.13,1
24883,45267,7239,275.54,1
24884,45268,7239,269.11,10
24885,45270,7240,375.78,9
24886,45272,7240,411.38,2
24887,45275,7241,416.32,3
24888,45276,7241,264.34,3
24889,45279,7242,343.32,7
24890,45280,7242,272.83,6
24891,45281,7242,413.65,5
24892,45284,7243,344.82,9
24893,45285,7243,314.12,8
24894,45286,7243,337.34,5
24895,45288,7243,403.8,9
24896,45290,7244,349.13,7
24897,45291,7244,293.31,1
24898,45294,7244,302.39,5
24899,45296,7244,385.85,6
24900,45297,7244,227.85,9
24901,45298,7244,405.75,8
24902,45301,7244,145.7,6
24903,45302,7245,326.55,8
24904,45303,7245,260.13,5
24905,45306,7246,576.56,10
24906,45309,7246,110.81,5
24907,45310,7246,290.81,4
24908,45313,7248,258.01,6
24909,45314,7248,395.29,8
24910,45318,7248,432.7,8
24911,45321,7248,310.98,5
24912,45322,7248,80.8,6
24913,45323,7249,492.1,7
24914,45328,7249,409.78,10
24915,45329,7249,483.08,6
24916,45330,7249,306.46,7
24917,45331,7250,350.26,1
24918,45332,7250,272.11,7
24919,45334,7250,126.62,11
24920,45336,7250,283.0,9
24921,45338,7250,239.22,3
24922,45340,7250,311.68,6
24923,45341,7250,177.3,11
24924,45345,7251,377.48,8
24925,45347,7251,350.88,2
24926,45348,7251,128.55,11
24927,45349,7251,100.61,6
24928,45350,7251,243.4,3
24929,45351,7251,393.55,1
24930,45352,7252,512.15,4
24931,45353,7252,227.13,4
24932,45354,7252,269.63,8
24933,45355,7252,205.53,11
24934,45356,7252,300.66,1
24935,45358,7252,302.17,5
24936,45364,7253,407.95,3
24937,45366,7253,187.17,9
24938,45372,7254,409.28,1
24939,45373,7254,388.64,9
24940,45375,7255,267.76,12
24941,45378,7256,251.06,1
24942,45380,7256,297.74,6
24943,45381,7256,251.75,3
24944,45383,7257,288.38,2
24945,45384,7257,155.18,4
24946,45388,7258,290.83,11
24947,45389,7258,283.35,5
24948,45391,7259,333.65,2
24949,45393,7259,433.83,3
24950,45394,7259,303.22,3
24951,45397,7259,231.7,11
24952,45398,7259,164.16,8
24953,45399,7260,370.67,8
24954,45400,7260,340.62,5
24955,45401,7260,310.89,3
24956,45403,7261,334.48,8
24957,45404,7261,395.33,10
24958,45405,7261,347.83,1
24959,45407,7261,347.98,9
24960,45408,7261,448.61,7
24961,45409,7261,324.78,12
24962,45410,7261,258.69,8
24963,45411,7261,437.47,4
24964,45412,7262,268.91,2
24965,45413,7262,210.29,1
24966,45414,7262,357.32,8
24967,45417,7263,378.19,3
24968,45419,7263,248.46,7
24969,45420,7263,395.75,11
24970,45421,7263,319.14,5
24971,45423,7264,277.81,7
24972,45424,7264,322.9,8
24973,45425,7264,264.66,12
24974,45427,7264,318.7,8
24975,45428,7265,470.44,10
24976,45432,7265,290.07,2
24977,45433,7265,286.69,9
24978,45434,7265,242.7,4
24979,45438,7266,279.8,12
24980,45440,7266,206.34,4
24981,45441,7266,278.48,8
24982,45442,7266,256.21,8
24983,45443,7266,297.59,12
24984,45444,7266,226.47,2
24985,45445,7266,542.92,8
24986,45446,7266,247.2,3
24987,45447,7267,283.69,6
24988,45449,7267,343.52,12
24989,45452,7267,355.81,9
24990,45462,7268,386.22,3
24991,45465,7269,296.47,11
24992,45466,7269,243.42,9
24993,45469,7270,453.25,11
24994,45470,7270,240.44,3
24995,45473,7271,300.67,4
24996,45475,7271,324.79,10
24997,45476,7271,375.82,6
24998,45480,7271,359.14,11
24999,45482,7272,267.49,7
25000,45483,7272,338.33,6
25001,45486,7273,180.33,9
25002,45487,7273,517.95,10
25003,45491,7273,247.6,8
25004,45494,7274,401.09,9
25005,45495,7274,232.28,7
25006,45496,7274,377.65,9
25007,45498,7275,228.49,11
25008,45499,7275,400.38,3
25009,45503,7275,491.36,9
25010,45504,7276,326.53,11
25011,45508,7277,370.93,11
25012,45511,7277,407.69,8
25013,45512,7277,267.95,3
25014,45517,7278,405.28,11
25015,45518,7278,279.13,9
25016,45521,7278,514.71,7
25017,45522,7279,210.98,4
25018,45523,7279,334.52,12
25019,45524,7279,227.84,6
25020,45525,7279,427.27,5
25021,45529,7280,544.33,6
25022,45532,7281,345.53,3
25023,45534,7282,493.74,6
25024,45535,7282,394.74,9
25025,45536,7282,470.75,7
25026,45542,7283,393.73,2
25027,45543,7283,478.34,12
25028,45544,7284,465.39,9
25029,45545,7284,276.22,5
25030,45548,7284,278.6,9
25031,45550,7284,301.84,5
25032,45554,7285,264.59,2
25033,45555,7285,370.12,3
25034,45556,7285,452.33,6
25035,45557,7285,367.29,8
25036,45558,7286,291.95,12
25037,45559,7286,341.85,8
25038,45563,7286,143.83,7
25039,45566,7286,218.23,5
25040,45567,7286,292.89,5
25041,45568,7287,366.57,11
25042,45571,7287,297.92,2
25043,45572,7287,338.34,12
25044,45576,7288,298.99,8
25045,45577,7288,284.55,6
25046,45581,7289,217.21,6
25047,45582,7289,359.98,10
25048,45583,7289,279.19,8
25049,45584,7289,332.37,9
25050,45585,7289,263.24,8
25051,45589,7290,373.08,12
25052,45590,7290,329.96,10
25053,45591,7291,344.33,11
25054,45592,7291,251.38,11
25055,45594,7292,246.31,12
25056,45596,7292,348.24,7
25057,45597,7292,192.02,6
25058,45598,7292,398.13,6
25059,45599,7292,310.06,2
25060,45600,7292,232.21,7
25061,45601,7292,184.98,4
25062,45602,7292,410.93,9
25063,45603,7293,117.54,11
25064,45604,7293,362.39,8
25065,45606,7293,332.5,4
25066,45607,7293,377.26,4
25067,45609,7293,222.35,11
25068,45611,7293,259.51,9
25069,45612,7293,349.24,4
25070,45613,7294,324.72,8
25071,45614,7294,398.98,7
25072,45615,7294,315.99,5
25073,45618,7295,445.7,3
25074,45619,7295,332.49,6
25075,45620,7296,466.17,4
25076,45621,7296,474.82,10
25077,45622,7296,477.64,10
25078,45623,7296,253.69,4
25079,45625,7296,429.62,10
25080,45626,7296,318.08,6
25081,45628,7296,318.48,6
25082,45629,7297,393.87,5
25083,45635,7298,288.18,11
25084,45636,7298,170.08,9
25085,45637,7298,322.24,11
25086,45638,7298,490.31,1
25087,45639,7298,288.62,7
25088,45642,7299,313.12,11
25089,45647,7299,355.53,1
25090,45651,7300,287.03,3
25091,45652,7300,302.05,4
25092,45659,7301,331.4,1
25093,45661,7301,282.78,10
25094,45666,7303,437.9,12
25095,45668,7303,510.58,11
25096,45669,7303,361.44,4
25097,45671,7303,276.02,9
25098,45674,7304,365.82,2
25099,45675,7304,217.32,7
25100,45676,7304,195.59,1
25101,45677,7304,312.45,9
25102,45681,7304,433.49,4
25103,45686,7305,446.77,7
25104,45687,7305,355.44,5
25105,45688,7305,383.2,8
25106,45690,7305,340.98,5
25107,45691,7305,311.1,11
25108,45693,7306,211.75,9
25109,45694,7306,427.26,9
25110,45699,7306,281.93,1
25111,45700,7307,394.27,1
25112,45701,7307,316.89,5
25113,45702,7307,233.99,1
25114,45703,7307,245.56,4
25115,45707,7307,268.01,7
25116,45710,7307,329.98,7
25117,45711,7307,426.36,10
25118,45712,7307,383.81,10
25119,45713,7307,248.58,3
25120,45714,7307,201.73,5
25121,45716,7308,380.53,2
25122,45719,7308,494.29,8
25123,45720,7308,406.3,3
25124,45721,7308,503.07,4
25125,45723,7308,275.1,9
25126,45728,7309,319.78,12
25127,45729,7309,439.65,9
25128,45730,7309,172.74,6
25129,45731,7310,354.39,11
25130,45732,7310,348.4,6
25131,45734,7310,445.78,5
25132,45736,7310,232.82,2
25133,45737,7310,299.77,6
25134,45742,7312,258.72,8
25135,45743,7312,310.28,9
25136,45744,7312,209.55,11
25137,45745,7312,367.64,12
25138,45746,7312,335.16,11
25139,45747,7312,295.29,4
25140,45748,7312,345.35,6
25141,45750,7312,359.6,6
25142,45751,7312,453.73,11
25143,45752,7312,311.31,7
25144,45754,7313,439.86,4
25145,45755,7313,246.85,12
25146,45756,7313,264.11,4
25147,45760,7313,464.08,4
25148,45767,7316,429.67,8
25149,45768,7316,167.4,9
25150,45770,7316,122.94,12
25151,45773,7316,455.73,12
25152,45776,7317,308.32,10
25153,45777,7317,263.39,3
25154,45778,7317,343.32,11
25155,45780,7317,267.41,11
25156,45781,7317,320.48,6
25157,45782,7317,293.75,9
25158,45783,7318,286.37,4
25159,45784,7318,146.64,6
25160,45785,7319,227.25,7
25161,45786,7319,419.69,12
25162,45788,7319,389.17,8
25163,45789,7319,338.99,4
25164,45790,7319,392.13,1
25165,45794,7320,326.72,3
25166,45797,7320,166.17,2
25167,45799,7321,219.88,5
25168,45801,7321,364.1,9
25169,45802,7321,163.1,11
25170,45804,7321,247.68,12
25171,45806,7322,255.81,2
25172,45807,7322,342.93,1
25173,45809,7322,301.72,11
25174,45810,7322,336.78,9
25175,45812,7322,362.92,1
25176,45817,7324,352.2,7
25177,45818,7324,397.55,5
25178,45821,7325,334.97,9
25179,45822,7325,230.77,2
25180,45823,7325,207.64,5
25181,45825,7325,356.15,6
25182,45826,7325,310.29,8
25183,45828,7326,318.57,2
25184,45830,7326,260.46,11
25185,45835,7326,313.68,12
25186,45836,7326,183.04,8
25187,45837,7326,193.41,2
25188,45839,7326,583.62,3
25189,45840,7327,125.69,1
25190,45841,7327,225.97,3
25191,45842,7327,214.11,11
25192,45844,7327,214.06,5
25193,45845,7327,277.84,2
25194,45846,7327,201.47,4
25195,45848,7328,382.7,11
25196,45851,7328,326.95,4
25197,45852,7328,360.35,7
25198,45854,7328,342.12,5
25199,45856,7329,256.43,6
25200,45864,7329,248.88,12
25201,45870,7330,438.34,5
25202,45871,7330,330.2,2
25203,45873,7330,330.87,10
25204,45877,7331,328.85,10
25205,45880,7331,327.85,1
25206,45881,7331,189.38,2
25207,45884,7331,353.64,10
25208,45885,7331,550.63,12
25209,45886,7331,326.28,3
25210,45887,7331,475.85,8
25211,45892,7332,333.0,2
25212,45894,7332,347.24,6
25213,45899,7333,349.07,8
25214,45901,7334,145.44,5
25215,45902,7334,183.93,12
25216,45903,7334,303.95,5
25217,45904,7334,475.76,1
25218,45906,7334,278.38,12
25219,45909,7335,366.81,2
25220,45910,7335,235.89,12
25221,45911,7335,405.33,3
25222,45913,7335,187.55,6
25223,45914,7335,417.28,11
25224,45915,7335,316.41,11
25225,45918,7336,303.16,1
25226,45920,7337,382.18,3
25227,45921,7337,441.46,11
25228,45922,7337,179.6,4
25229,45925,7337,381.84,10
25230,45927,7337,170.95,10
25231,45930,7339,259.73,2
25232,45931,7339,93.21,9
25233,45932,7339,295.8,5
25234,45933,7339,338.09,6
25235,45936,7339,406.35,11
25236,45938,7339,348.61,10
25237,45942,7340,324.81,12
25238,45943,7340,403.62,12
25239,45946,7340,441.17,1
25240,45947,7340,414.43,3
25241,45948,7340,507.55,5
25242,45950,7341,271.97,1
25243,45951,7341,435.1,10
25244,45952,7341,187.96,7
25245,45953,7341,207.86,9
25246,45955,7342,318.78,4
25247,45956,7342,276.92,12
25248,45957,7342,383.48,5
25249,45960,7342,361.15,1
25250,45961,7343,461.87,12
25251,45964,7344,368.88,1
25252,45966,7345,362.3,11
25253,45967,7345,217.73,3
25254,45968,7345,297.17,7
25255,45970,7345,403.44,5
25256,45972,7345,584.42,11
25257,45973,7345,244.23,11
25258,45974,7345,425.97,9
25259,45976,7345,321.48,9
25260,45977,7345,330.72,6
25261,45984,7347,246.25,8
25262,45987,7348,276.97,8
25263,45988,7348,311.81,2
25264,45990,7348,399.56,7
25265,45993,7349,455.77,8
25266,45994,7349,276.56,9
25267,45995,7349,270.33,2
25268,45999,7350,387.75,3
25269,46002,7350,297.74,2
25270,46005,7350,416.34,9
25271,46007,7350,377.3,7
25272,46008,7350,266.78,3
25273,46012,7352,403.14,12
25274,46013,7352,364.86,4
25275,46014,7352,299.68,11
25276,46015,7352,361.81,10
25277,46016,7352,230.86,7
25278,46019,7353,283.54,6
25279,46025,7354,390.86,10
25280,46026,7354,295.69,2
25281,46027,7355,360.58,3
25282,46029,7355,189.05,3
25283,46031,7356,314.48,10
25284,46032,7356,341.94,5
25285,46033,7356,264.06,1
25286,46034,7356,330.09,4
25287,46035,7357,340.14,3
25288,46036,7358,227.66,12
25289,46037,7358,64.83,6
25290,46039,7359,238.25,9
25291,46040,7359,130.51,6
25292,46042,7359,385.35,10
25293,46043,7359,421.92,12
25294,46046,7360,214.42,12
25295,46050,7362,224.33,5
25296,46055,7363,286.3,6
25297,46058,7364,259.91,8
25298,46061,7365,252.35,2
25299,46063,7365,165.0,9
25300,46064,7365,315.1,10
25301,46068,7366,237.14,12
25302,46069,7366,178.24,12
25303,46071,7366,275.92,11
25304,46073,7367,331.94,6
25305,46076,7367,299.74,10
25306,46077,7367,365.24,12
25307,46078,7368,494.56,11
25308,46079,7368,315.47,3
25309,46081,7368,446.22,1
25310,46082,7368,192.25,4
25311,46083,7368,50.0,3
25312,46084,7369,243.57,1
25313,46085,7369,283.2,7
25314,46087,7369,211.79,9
25315,46090,7369,375.48,9
25316,46091,7369,264.09,2
25317,46092,7369,304.16,10
25318,46094,7370,316.51,2
25319,46096,7370,429.32,12
25320,46097,7370,264.56,7
25321,46101,7370,275.49,1
25322,46102,7370,430.49,12
25323,46103,7370,452.25,1
25324,46104,7370,451.86,7
25325,46106,7371,447.36,11
25326,46107,7371,109.9,11
25327,46108,7371,231.53,10
25328,46109,7371,504.54,3
25329,46111,7371,370.97,11
25330,46112,7371,478.61,8
25331,46117,7372,400.97,9
25332,46118,7372,366.96,10
25333,46122,7373,370.07,8
25334,46123,7373,306.25,5
25335,46124,7374,323.55,4
25336,46128,7374,218.66,5
25337,46129,7374,270.42,7
25338,46132,7375,280.73,12
25339,46136,7376,353.62,2
25340,46137,7376,385.39,12
25341,46138,7377,404.94,11
25342,46139,7377,491.54,12
25343,46140,7378,405.12,7
25344,46141,7378,391.18,2
25345,46143,7378,200.45,1
25346,46144,7379,174.99,3
25347,46145,7379,352.64,8
25348,46146,7379,292.71,12
25349,46149,7379,333.19,4
25350,46150,7379,221.47,11
25351,46152,7379,320.82,10
25352,46153,7379,275.43,3
25353,46154,7379,361.57,9
25354,46155,7379,374.14,7
25355,46157,7379,348.86,10
25356,46159,7381,218.73,10
25357,46160,7381,307.58,4
25358,46163,7381,472.26,5
25359,46164,7381,274.33,6
25360,46166,7381,259.37,3
25361,46168,7381,389.61,9
25362,46169,7382,269.63,2
25363,46170,7382,239.09,10
25364,46171,7382,258.04,7
25365,46174,7382,407.3,9
25366,46175,7383,302.77,9
25367,46177,7383,392.93,3
25368,46179,7383,426.41,11
25369,46180,7383,280.98,10
25370,46182,7383,305.66,4
25371,46183,7383,298.87,4
25372,46184,7384,248.28,8
25373,46185,7384,410.27,12
25374,46186,7384,281.95,7
25375,46187,7385,226.62,2
25376,46188,7385,473.75,4
25377,46189,7385,299.52,7
25378,46191,7386,314.43,7
25379,46194,7386,268.2,3
25380,46195,7386,216.54,12
25381,46196,7386,185.64,2
25382,46197,7386,397.85,10
25383,46198,7387,269.1,9
25384,46199,7387,130.0,11
25385,46201,7387,246.42,12
25386,46202,7387,294.32,1
25387,46203,7387,253.18,2
25388,46205,7387,364.72,1
25389,46206,7387,282.05,10
25390,46208,7387,397.23,9
25391,46209,7387,397.81,6
25392,46210,7387,229.67,6
25393,46211,7387,254.32,6
25394,46212,7388,415.02,2
25395,46213,7388,345.6,5
25396,46214,7388,382.65,6
25397,46215,7388,382.94,10
25398,46216,7388,258.75,2
25399,46217,7388,544.64,5
25400,46218,7388,408.66,11
25401,46220,7389,281.85,5
25402,46221,7389,413.12,10
25403,46224,7390,309.73,12
25404,46229,7390,330.9,6
25405,46230,7390,264.21,2
25406,46231,7390,240.18,8
25407,46233,7390,389.67,12
25408,46234,7390,257.23,8
25409,46236,7391,250.16,7
25410,46238,7391,291.27,2
25411,46239,7391,223.05,8
25412,46241,7391,324.59,1
25413,46242,7391,273.42,6
25414,46243,7391,409.9,8
25415,46244,7392,412.53,10
25416,46247,7392,318.63,1
25417,46248,7392,244.79,10
25418,46250,7393,301.64,3
25419,46251,7393,286.77,3
25420,46252,7393,462.35,6
25421,46253,7393,289.93,10
25422,46255,7393,340.5,11
25423,46257,7394,378.12,4
25424,46258,7394,450.68,11
25425,46260,7394,288.25,10
25426,46262,7394,187.89,4
25427,46263,7394,331.08,10
25428,46264,7395,422.08,6
25429,46267,7395,354.5,2
25430,46269,7395,270.56,3
25431,46270,7395,289.63,8
25432,46272,7395,242.79,2
25433,46274,7396,299.47,11
25434,46275,7396,241.72,6
25435,46276,7396,355.12,5
25436,46277,7396,365.01,7
25437,46279,7396,327.69,6
25438,46281,7396,398.91,4
25439,46284,7396,430.46,5
25440,46285,7397,449.72,11
25441,46287,7397,331.53,1
25442,46288,7397,271.1,6
25443,46290,7397,122.58,10
25444,46291,7397,279.02,9
25445,46292,7398,205.21,3
25446,46297,7399,322.49,2
25447,46298,7399,393.09,8
25448,46299,7399,386.81,5
25449,46300,7400,394.33,9
25450,46301,7400,185.94,9
25451,46302,7400,187.4,10
25452,46303,7400,435.7,9
25453,46304,7400,137.87,6
25454,46305,7400,382.8,4
25455,46306,7400,302.89,8
25456,46307,7401,289.84,2
25457,46308,7401,337.68,7
25458,46309,7401,482.86,2
25459,46312,7401,248.52,10
25460,46315,7401,283.87,12
25461,46317,7402,421.11,7
25462,46322,7404,240.96,6
25463,46323,7404,396.31,12
25464,46324,7404,315.96,2
25465,46325,7404,118.28,7
25466,46327,7404,330.36,5
25467,46328,7404,328.04,2
25468,46329,7405,339.37,12
25469,46330,7405,382.31,2
25470,46333,7405,373.45,3
25471,46334,7405,320.42,10
25472,46335,7406,422.95,7
25473,46336,7406,286.47,10
25474,46337,7406,346.14,8
25475,46339,7406,241.34,11
25476,46340,7406,134.6,3
25477,46341,7407,249.59,12
25478,46343,7407,328.97,6
25479,46346,7408,175.52,12
25480,46347,7408,239.77,11
25481,46349,7408,475.18,5
25482,46350,7408,294.3,3
25483,46354,7408,360.83,11
25484,46355,7408,241.99,9
25485,46356,7408,196.21,10
25486,46357,7409,228.55,12
25487,46358,7409,415.61,1
25488,46359,7409,293.75,11
25489,46360,7409,331.01,8
25490,46361,7409,256.03,12
25491,46364,7409,386.92,2
25492,46368,7411,446.54,10
25493,46376,7414,522.29,12
25494,46379,7414,378.58,3
25495,46383,7415,232.9,3
25496,46384,7415,151.17,3
25497,46385,7415,438.83,10
25498,46386,7415,153.64,7
25499,46388,7416,313.51,10
25500,46389,7416,411.49,3
25501,46392,7417,471.42,2
25502,46393,7418,239.12,8
25503,46397,7419,334.28,3
25504,46401,7419,309.01,2
25505,46403,7419,254.56,2
25506,46406,7420,431.94,10
25507,46407,7420,371.31,8
25508,46408,7421,212.79,1
25509,46412,7421,302.09,7
25510,46414,7421,285.94,9
25511,46416,7421,359.12,8
25512,46417,7421,491.63,2
25513,46418,7421,350.2,3
25514,46419,7421,294.81,9
25515,46420,7421,311.28,1
25516,46422,7422,356.23,6
25517,46424,7422,164.1,9
25518,46425,7422,420.1,12
25519,46426,7422,335.12,1
25520,46429,7423,308.86,6
25521,46431,7423,283.2,2
25522,46432,7423,313.89,8
25523,46433,7423,234.11,2
25524,46434,7423,173.42,12
25525,46436,7423,367.84,7
25526,46437,7423,252.84,8
25527,46441,7424,340.24,2
25528,46443,7424,302.19,5
25529,46445,7424,436.33,12
25530,46446,7424,362.71,5
25531,46448,7424,419.24,10
25532,46450,7424,388.44,12
25533,46451,7424,478.57,11
25534,46452,7424,179.15,7
25535,46459,7425,452.0,4
25536,46460,7425,248.9,5
25537,46461,7425,221.89,2
25538,46463,7425,207.49,4
25539,46465,7426,282.75,5
25540,46466,7426,358.17,7
25541,46467,7426,444.53,12
25542,46468,7426,148.33,12
25543,46469,7426,347.27,8
25544,46471,7427,231.37,6
25545,46473,7427,207.08,3
25546,46475,7428,270.13,12
25547,46477,7428,328.49,5
25548,46478,7428,260.61,10
25549,46480,7428,208.88,6
25550,46481,7428,282.83,10
25551,46482,7428,372.16,6
25552,46484,7429,355.95,8
25553,46485,7429,273.88,3
25554,46487,7429,303.69,2
25555,46491,7430,250.53,4
25556,46493,7430,340.29,6
25557,46494,7430,397.92,2
25558,46495,7430,248.83,7
25559,46496,7430,274.51,4
25560,46498,7431,370.86,12
25561,46499,7431,547.55,4
25562,46500,7431,381.56,9
25563,46501,7431,303.75,11
25564,46502,7431,226.22,9
25565,46504,7431,415.58,2
25566,46507,7432,246.41,12
25567,46509,7432,301.36,1
25568,46511,7432,285.04,9
25569,46512,7432,312.02,3
25570,46513,7432,234.41,9
25571,46516,7432,405.8,11
25572,46518,7432,359.39,6
25573,46519,7432,292.59,4
25574,46521,7432,298.35,1
25575,46523,7433,289.43,8
25576,46524,7433,330.73,7
25577,46527,7434,249.74,5
25578,46528,7434,225.73,7
25579,46529,7434,299.49,8
25580,46532,7434,377.78,2
25581,46534,7434,458.23,6
25582,46537,7435,336.48,11
25583,46538,7435,393.15,6
25584,46539,7435,393.28,12
25585,46540,7435,348.99,2
25586,46542,7435,361.28,3
25587,46543,7435,284.61,9
25588,46544,7435,254.17,6
25589,46545,7436,233.94,1
25590,46546,7436,302.95,10
25591,46549,7436,343.88,7
25592,46551,7436,288.61,1
25593,46553,7437,315.73,2
25594,46555,7437,186.21,7
25595,46556,7437,523.84,4
25596,46557,7437,464.18,6
25597,46559,7437,304.64,8
25598,46560,7438,346.0,2
25599,46561,7438,469.57,3
25600,46563,7438,391.26,5
25601,46565,7438,268.63,9
25602,46568,7438,366.06,1
25603,46570,7439,196.03,2
25604,46571,7439,344.6,4
25605,46572,7439,346.38,2
25606,46573,7439,151.97,3
25607,46575,7440,412.31,10
25608,46576,7440,359.69,8
25609,46577,7440,290.62,4
25610,46579,7441,295.9,11
25611,46584,7441,395.94,7
25612,46585,7442,266.93,1
25613,46590,7442,263.51,10
25614,46591,7442,253.03,2
25615,46592,7442,390.92,5
25616,46594,7442,377.3,5
25617,46595,7442,217.3,6
25618,46597,7443,333.7,5
25619,46598,7443,346.16,12
25620,46599,7443,426.63,9
25621,46602,7443,283.34,3
25622,46603,7443,272.71,1
25623,46604,7443,367.11,5
25624,46605,7444,272.23,9
25625,46607,7444,379.83,2
25626,46610,7445,340.92,9
25627,46612,7445,164.16,8
25628,46613,7445,297.2,8
25629,46615,7446,339.01,12
25630,46618,7446,383.69,12
25631,46619,7446,274.81,6
25632,46620,7447,246.09,6
25633,46621,7447,243.13,6
25634,46623,7447,337.19,11
25635,46624,7447,322.67,2
25636,46626,7447,257.43,11
25637,46627,7447,360.2,1
25638,46628,7448,338.51,2
25639,46630,7449,267.64,6
25640,46631,7449,267.89,8
25641,46632,7449,476.08,3
25642,46633,7449,126.52,6
25643,46634,7450,182.28,1
25644,46635,7450,301.22,11
25645,46638,7450,408.55,6
25646,46639,7450,241.83,10
25647,46643,7450,372.1,1
25648,46644,7451,161.32,1
25649,46645,7451,296.87,9
25650,46647,7451,347.05,9
25651,46652,7453,397.45,9
25652,46653,7453,374.03,3
25653,46655,7453,150.53,8
25654,46656,7453,320.92,4
25655,46657,7453,255.35,12
25656,46660,7454,310.4,2
25657,46661,7454,291.65,11
25658,46663,7454,382.3,7
25659,46665,7454,317.33,1
25660,46666,7454,341.9,6
25661,46667,7454,325.51,1
25662,46671,7456,120.35,1
25663,46673,7456,323.39,4
25664,46674,7456,316.48,1
25665,46675,7456,363.85,10
25666,46676,7456,361.76,8
25667,46679,7457,157.68,8
25668,46683,7457,222.11,11
25669,46687,7459,327.21,12
25670,46692,7460,368.82,8
25671,46696,7461,291.67,3
25672,46703,7462,365.83,9
25673,46704,7462,496.26,5
25674,46708,7462,365.08,3
25675,46711,7463,445.23,12
25676,46712,7464,295.39,12
25677,46713,7464,375.86,12
25678,46715,7464,412.04,5
25679,46717,7464,413.88,11
25680,46718,7464,136.63,1
25681,46725,7465,268.07,2
25682,46726,7465,397.38,8
25683,46727,7465,188.88,4
25684,46728,7465,246.16,7
25685,46729,7465,372.05,10
25686,46730,7465,253.52,4
25687,46731,7465,216.32,5
25688,46733,7466,443.4,12
25689,46734,7466,275.26,1
25690,46736,7466,219.76,9
25691,46738,7466,220.91,10
25692,46742,7467,432.76,8
25693,46745,7468,349.46,4
25694,46747,7468,438.71,3
25695,46749,7468,297.2,9
25696,46750,7468,328.19,4
25697,46751,7469,238.81,7
25698,46752,7469,402.84,8
25699,46754,7469,227.1,5
25700,46755,7469,485.21,8
25701,46756,7469,219.51,1
25702,46757,7469,199.27,5
25703,46762,7470,351.16,3
25704,46765,7470,251.6,4
25705,46766,7470,274.38,5
25706,46767,7470,414.49,6
25707,46768,7470,454.58,11
25708,46770,7470,327.49,2
25709,46772,7470,292.94,4
25710,46773,7471,289.84,6
25711,46774,7471,358.67,12
25712,46776,7472,110.6,9
25713,46780,7473,311.37,1
25714,46781,7473,223.59,11
25715,46782,7473,343.84,1
25716,46783,7473,300.89,5
25717,46784,7473,328.7,5
25718,46785,7474,336.06,3
25719,46787,7474,357.14,3
25720,46788,7474,248.16,8
25721,46790,7474,426.09,2
25722,46791,7474,331.97,4
25723,46792,7474,337.51,7
25724,46793,7474,315.68,11
25725,46794,7474,268.41,12
25726,46796,7475,372.17,5
25727,46797,7475,340.48,6
25728,46799,7476,505.51,8
25729,46800,7476,253.24,8
25730,46801,7476,446.32,5
25731,46802,7476,318.49,3
25732,46804,7477,313.46,1
25733,46805,7477,241.32,9
25734,46806,7477,354.03,8
25735,46808,7478,303.84,12
25736,46809,7478,363.4,8
25737,46811,7478,236.95,7
25738,46815,7478,339.2,3
25739,46817,7478,321.98,9
25740,46818,7478,279.86,4
25741,46819,7478,329.75,9
25742,46822,7479,319.46,7
25743,46823,7479,369.34,1
25744,46824,7479,398.9,8
25745,46825,7480,365.1,11
25746,46826,7480,334.24,10
25747,46827,7480,226.41,7
25748,46830,7480,259.26,5
25749,46832,7481,399.8,4
25750,46833,7481,358.28,2
25751,46834,7482,285.04,11
25752,46835,7483,399.47,6
25753,46836,7483,261.54,6
25754,46837,7483,243.18,5
25755,46838,7483,410.23,2
25756,46839,7483,441.19,4
25757,46840,7483,275.22,3
25758,46841,7483,385.42,6
25759,46844,7484,398.35,3
25760,46845,7485,332.47,8
25761,46846,7485,302.41,10
25762,46847,7485,265.74,3
25763,46850,7485,333.77,4
25764,46851,7485,296.97,4
25765,46853,7485,415.42,6
25766,46857,7486,418.17,12
25767,46858,7486,315.61,11
25768,46861,7486,367.57,10
25769,46862,7486,357.04,2
25770,46864,7486,460.82,10
25771,46865,7486,320.19,4
25772,46866,7487,355.95,6
25773,46868,7487,308.02,7
25774,46870,7488,376.83,9
25775,46872,7488,278.26,12
25776,46873,7488,214.04,10
25777,46877,7488,499.48,1
25778,46880,7489,259.4,6
25779,46881,7489,213.15,12
25780,46884,7490,359.86,12
25781,46887,7490,324.88,12
25782,46888,7490,223.18,1
25783,46891,7491,333.97,12
25784,46896,7492,267.2,7
25785,46897,7492,207.97,9
25786,46898,7492,362.39,9
25787,46899,7492,329.52,11
25788,46902,7493,377.06,3
25789,46903,7493,247.39,6
25790,46907,7493,396.71,6
25791,46909,7493,232.94,8
25792,46910,7493,324.08,9
25793,46911,7493,279.59,8
25794,46912,7493,242.16,8
25795,46913,7494,373.91,8
25796,46915,7494,366.38,2
25797,46916,7494,299.45,10
25798,46919,7495,302.18,6
25799,46920,7495,323.69,9
25800,46921,7495,327.46,10
25801,46923,7496,240.25,12
25802,46924,7496,296.52,6
25803,46926,7496,242.0,5
25804,46931,7497,371.63,5
25805,46932,7497,113.64,4
25806,46934,7497,309.31,10
25807,46937,7497,379.94,10
25808,46938,7497,337.12,4
25809,46939,7497,257.67,11
25810,46943,7498,87.22,1
25811,46946,7498,350.8,7
25812,46949,7498,404.92,12
25813,46950,7498,308.12,6
25814,46951,7498,395.97,4
25815,46952,7498,339.51,11
25816,46953,7499,318.33,4
25817,46956,7499,361.93,11
25818,46957,7499,321.31,12
25819,46958,7500,433.12,11
25820,46959,7500,377.65,2
25821,46960,7501,324.91,7
25822,46961,7501,482.75,12
25823,46962,7501,272.36,2
25824,46967,7502,364.33,5
25825,46968,7502,368.36,10
25826,46971,7503,412.88,12
25827,46973,7503,352.39,1
25828,46974,7503,300.6,6
25829,46976,7504,316.27,6
25830,46980,7504,363.54,11
25831,46982,7505,517.01,10
25832,46983,7505,185.6,4
25833,46985,7506,409.22,2
25834,46987,7506,415.71,6
25835,46988,7507,395.1,10
25836,46989,7507,325.75,10
25837,46990,7507,281.85,8
25838,46991,7507,277.28,6
25839,46993,7508,406.15,2
25840,46994,7508,399.04,9
25841,46998,7509,178.85,8
25842,47000,7509,245.3,9
25843,47003,7510,308.78,5
25844,47004,7510,275.0,10
25845,47008,7510,380.56,4
25846,47009,7510,274.27,4
25847,47010,7510,572.95,2
25848,47012,7510,279.21,8
25849,47013,7511,242.04,8
25850,47014,7511,413.84,7
25851,47015,7511,298.0,10
25852,47016,7511,400.94,2
25853,47017,7511,439.07,3
25854,47020,7511,416.41,4
25855,47021,7512,281.16,6
25856,47022,7512,181.96,10
25857,47024,7512,468.37,2
25858,47025,7512,201.09,3
25859,47026,7512,503.35,5
25860,47027,7512,308.31,5
25861,47028,7512,296.08,3
25862,47030,7513,273.73,5
25863,47032,7513,326.86,8
25864,47035,7513,262.38,1
25865,47036,7513,360.27,6
25866,47038,7514,313.15,4
25867,47039,7514,222.32,12
25868,47041,7514,234.46,4
25869,47043,7514,293.4,11
25870,47044,7514,122.88,9
25871,47045,7514,177.94,2
25872,47046,7515,432.9,9
25873,47047,7515,429.24,9
25874,47049,7515,404.37,11
25875,47050,7515,380.92,5
25876,47054,7516,362.64,4
25877,47057,7516,361.88,7
25878,47059,7516,261.1,5
25879,47060,7516,413.95,2
25880,47061,7516,235.24,5
25881,47062,7517,547.92,4
25882,47063,7517,274.39,11
25883,47064,7517,235.24,5
25884,47067,7517,615.6,12
25885,47068,7517,224.12,5
25886,47069,7517,392.0,2
25887,47070,7518,351.39,6
25888,47071,7518,378.97,8
25889,47075,7518,424.29,10
25890,47076,7518,392.25,1
25891,47078,7518,182.38,5
25892,47083,7520,350.88,5
25893,47084,7520,348.05,11
25894,47085,7520,389.72,1
25895,47090,7522,319.49,11
25896,47093,7522,245.39,1
25897,47096,7522,239.71,3
25898,47099,7522,309.66,11
25899,47100,7522,211.35,12
25900,47104,7523,270.04,10
25901,47106,7523,277.0,5
25902,47109,7524,296.7,1
25903,47112,7524,533.92,7
25904,47113,7524,233.93,10
25905,47114,7524,73.67,8
25906,47117,7525,350.75,10
25907,47119,7525,245.75,7
25908,47122,7525,422.94,8
25909,47125,7526,305.34,10
25910,47127,7526,328.56,3
25911,47128,7527,199.56,7
25912,47131,7527,325.54,9
25913,47134,7528,435.2,9
25914,47136,7528,399.49,6
25915,47137,7528,336.38,10
25916,47140,7528,209.52,8
25917,47142,7528,364.36,9
25918,47143,7529,354.59,10
25919,47145,7529,435.86,9
25920,47146,7529,347.1,7
25921,47148,7529,371.81,2
25922,47150,7529,286.36,9
25923,47152,7529,269.17,1
25924,47153,7529,362.96,10
25925,47156,7530,343.23,5
25926,47157,7530,344.66,5
25927,47158,7530,332.37,6
25928,47162,7530,134.43,6
25929,47163,7530,373.82,1
25930,47164,7530,381.03,2
25931,47166,7531,266.45,7
25932,47167,7531,381.58,4
25933,47170,7531,305.34,10
25934,47171,7532,330.8,12
25935,47173,7533,258.18,8
25936,47175,7533,317.73,10
25937,47178,7533,176.41,10
25938,47181,7533,293.58,9
25939,47182,7533,485.22,12
25940,47183,7533,334.8,2
25941,47186,7534,291.05,7
25942,47187,7534,287.94,6
25943,47188,7534,258.83,8
25944,47189,7534,331.5,9
25945,47190,7534,230.56,8
25946,47192,7534,389.01,7
25947,47193,7534,397.11,10
25948,47194,7534,382.21,9
25949,47196,7535,407.89,9
25950,47198,7535,405.05,4
25951,47199,7535,349.2,2
25952,47200,7535,440.87,12
25953,47201,7535,363.45,7
25954,47202,7535,267.45,9
25955,47203,7536,314.49,7
25956,47205,7536,400.27,1
25957,47207,7536,362.31,8
25958,47208,7536,272.66,2
25959,47212,7537,324.52,11
25960,47213,7537,251.02,2
25961,47215,7538,393.62,5
25962,47216,7538,440.47,12
25963,47217,7538,178.5,4
25964,47218,7538,357.28,3
25965,47222,7538,223.84,7
25966,47230,7540,194.96,6
25967,47232,7541,437.36,6
25968,47233,7541,421.53,7
25969,47234,7541,339.46,4
25970,47235,7541,274.76,4
25971,47236,7541,294.54,5
25972,47238,7543,265.01,12
25973,47239,7543,498.61,9
25974,47240,7544,495.43,6
25975,47243,7545,394.15,3
25976,47245,7546,326.65,5
25977,47247,7546,209.24,4
25978,47249,7546,301.31,2
25979,47250,7546,321.89,1
25980,47251,7546,259.0,7
25981,47253,7547,443.24,12
25982,47257,7548,487.94,3
25983,47259,7548,306.42,9
25984,47261,7548,412.97,4
25985,47262,7548,347.29,7
25986,47263,7548,252.93,7
25987,47264,7548,425.27,3
25988,47266,7548,462.41,1
25989,47267,7548,370.79,4
25990,47269,7549,281.16,7
25991,47273,7550,394.26,7
25992,47279,7552,298.61,1
25993,47280,7552,401.13,1
25994,47282,7552,453.89,6
25995,47283,7552,262.82,5
25996,47284,7552,374.04,6
25997,47285,7552,295.31,12
25998,47286,7552,426.14,5
25999,47288,7553,324.95,8
26000,47290,7553,457.7,1
26001,47293,7553,544.55,5
26002,47295,7554,249.41,3
26003,47296,7554,350.51,8
26004,47298,7554,429.75,2
26005,47300,7554,303.88,11
26006,47302,7555,379.18,12
26007,47304,7555,287.03,6
26008,47305,7555,181.21,1
26009,47307,7555,387.57,4
26010,47308,7556,388.84,5
26011,47309,7556,249.71,11
26012,47310,7556,289.36,9
26013,47311,7556,305.55,9
26014,47313,7556,383.8,1
26015,47314,7556,410.45,10
26016,47316,7556,367.72,8
26017,47317,7556,222.34,3
26018,47319,7556,293.97,7
26019,47321,7556,303.67,5
26020,47322,7557,296.03,4
26021,47323,7557,408.38,10
26022,47324,7557,438.57,8
26023,47326,7558,408.29,3
26024,47327,7558,447.43,3
26025,47331,7558,327.18,10
26026,47333,7559,276.17,7
26027,47334,7559,216.98,10
26028,47335,7559,293.77,11
26029,47337,7559,247.73,2
26030,47338,7559,486.39,4
26031,47342,7560,398.3,8
26032,47343,7560,237.98,8
26033,47346,7560,304.77,4
26034,47347,7560,270.13,9
26035,47349,7560,263.78,8
26036,47351,7560,286.99,4
26037,47352,7560,291.22,1
26038,47354,7560,282.6,1
26039,47355,7561,325.22,8
26040,47358,7562,294.0,4
26041,47360,7562,424.38,5
26042,47361,7562,323.26,5
26043,47363,7562,320.05,4
26044,47365,7562,281.28,6
26045,47368,7562,309.49,2
26046,47371,7562,205.72,7
26047,47373,7563,297.13,3
26048,47374,7563,430.72,7
26049,47376,7563,256.98,3
26050,47377,7564,350.05,4
26051,47378,7564,430.2,2
26052,47381,7564,345.34,4
26053,47382,7565,290.62,10
26054,47383,7565,378.32,11
26055,47386,7565,317.56,4
26056,47388,7565,399.32,12
26057,47390,7566,348.69,8
26058,47392,7566,176.55,7
26059,47394,7566,271.45,12
26060,47395,7566,341.88,9
26061,47396,7566,415.44,6
26062,47399,7567,391.83,7
26063,47400,7568,402.83,6
26064,47402,7568,305.56,6
26065,47403,7569,262.59,7
26066,47405,7569,268.46,8
26067,47414,7571,256.99,6
26068,47417,7571,517.47,11
26069,47418,7571,485.08,1
26070,47419,7571,212.74,1
26071,47420,7572,357.04,9
26072,47421,7572,309.11,6
26073,47422,7572,293.47,12
26074,47423,7572,376.06,6
26075,47424,7572,275.83,2
26076,47425,7572,277.83,1
26077,47426,7572,365.57,1
26078,47428,7572,441.29,5
26079,47431,7572,505.15,11
26080,47433,7573,368.62,9
26081,47434,7573,243.2,11
26082,47435,7573,386.81,7
26083,47436,7573,286.6,11
26084,47440,7573,322.16,2
26085,47441,7573,462.32,10
26086,47442,7573,447.94,10
26087,47443,7574,402.67,12
26088,47444,7574,471.35,5
26089,47447,7575,111.34,6
26090,47449,7575,259.54,4
26091,47451,7576,380.24,10
26092,47452,7576,318.39,1
26093,47453,7576,424.26,2
26094,47454,7576,215.09,12
26095,47457,7578,430.42,7
26096,47458,7578,369.54,7
26097,47463,7579,333.44,10
26098,47464,7579,174.59,5
26099,47465,7579,521.85,11
26100,47468,7579,215.97,7
26101,47469,7580,197.42,9
26102,47470,7580,378.66,10
26103,47472,7580,422.71,3
26104,47480,7581,311.6,3
26105,47481,7582,245.84,8
26106,47482,7582,280.45,7
26107,47483,7582,359.82,10
26108,47487,7583,269.51,7
26109,47489,7584,432.89,7
26110,47495,7585,249.1,3
26111,47498,7586,178.72,12
26112,47499,7586,463.57,6
26113,47500,7586,259.38,2
26114,47501,7586,365.91,1
26115,47502,7586,369.83,3
26116,47506,7587,262.18,6
26117,47508,7588,376.89,4
26118,47509,7588,282.37,3
26119,47510,7588,258.14,5
26120,47511,7588,316.04,10
26121,47513,7589,478.1,7
26122,47514,7589,348.61,3
26123,47515,7590,403.74,5
26124,47516,7590,327.36,1
26125,47517,7591,273.19,3
26126,47520,7592,351.49,1
26127,47524,7592,308.0,8
26128,47525,7592,280.61,8
26129,47527,7592,389.08,5
26130,47531,7593,359.48,11
26131,47532,7593,264.08,9
26132,47533,7594,400.47,8
26133,47535,7594,319.35,4
26134,47536,7594,395.98,5
26135,47538,7594,260.57,10
26136,47539,7594,242.36,10
26137,47540,7594,278.77,9
26138,47541,7594,322.48,1
26139,47544,7595,303.09,11
26140,47545,7595,434.88,6
26141,47546,7595,248.33,8
26142,47549,7595,142.04,12
26143,47550,7596,319.28,1
26144,47551,7596,365.33,5
26145,47552,7596,288.47,5
26146,47555,7596,339.88,9
26147,47556,7597,250.15,11
26148,47558,7598,236.61,3
26149,47559,7598,371.2,12
26150,47561,7598,375.39,3
26151,47563,7598,372.53,9
26152,47565,7598,369.97,7
26153,47566,7598,357.61,11
26154,47567,7599,307.08,9
26155,47569,7599,382.78,4
26156,47570,7599,245.75,11
26157,47571,7599,432.07,11
26158,47572,7599,400.85,5
26159,47575,7599,186.48,10
26160,47578,7600,393.62,5
26161,47587,7601,393.6,4
26162,47588,7601,536.69,1
26163,47589,7601,226.48,9
26164,47590,7601,200.78,8
26165,47594,7602,411.84,1
26166,47596,7603,360.26,11
26167,47597,7603,198.93,6
26168,47598,7603,503.05,7
26169,47601,7603,287.93,5
26170,47605,7603,283.49,3
26171,47606,7603,390.26,7
26172,47607,7603,523.72,8
26173,47609,7603,276.73,6
26174,47610,7603,373.85,11
26175,47612,7603,230.94,5
26176,47615,7604,316.22,9
26177,47622,7604,477.01,5
26178,47626,7604,453.82,10
26179,47627,7605,280.04,11
26180,47629,7605,401.89,5
26181,47632,7606,335.8,2
26182,47634,7606,312.94,11
26183,47636,7606,159.79,5
26184,47638,7607,282.07,4
26185,47640,7607,226.29,10
26186,47643,7608,347.87,8
26187,47644,7608,247.29,10
26188,47645,7608,118.26,11
26189,47646,7608,351.16,3
26190,47649,7610,372.69,6
26191,47650,7610,253.38,1
26192,47653,7610,111.69,8
26193,47658,7610,291.84,3
26194,47659,7611,243.74,2
26195,47661,7611,192.52,4
26196,47663,7611,304.19,8
26197,47667,7612,285.41,9
26198,47671,7612,249.63,6
26199,47672,7612,348.15,9
26200,47673,7613,329.92,1
26201,47675,7613,283.12,5
26202,47676,7613,338.28,10
26203,47679,7615,312.37,4
26204,47681,7615,236.15,8
26205,47683,7615,327.31,8
26206,47684,7615,374.11,2
26207,47687,7616,300.11,1
26208,47688,7616,543.13,3
26209,47689,7616,317.28,2
26210,47692,7617,359.23,9
26211,47693,7617,338.73,9
26212,47694,7617,376.64,5
26213,47697,7617,373.12,4
26214,47698,7617,266.64,5
26215,47699,7617,342.61,5
26216,47700,7618,293.39,2
26217,47701,7618,268.75,10
26218,47702,7618,303.4,7
26219,47703,7618,302.01,8
26220,47704,7618,438.02,6
26221,47705,7619,246.09,1
26222,47706,7619,342.04,3
26223,47707,7619,341.17,3
26224,47708,7619,297.17,1
26225,47709,7619,422.97,8
26226,47711,7619,367.41,1
26227,47712,7619,175.23,2
26228,47715,7620,453.6,1
26229,47716,7620,534.25,7
26230,47718,7620,499.35,6
26231,47719,7620,362.61,7
26232,47720,7621,221.52,7
26233,47721,7621,334.86,12
26234,47722,7621,203.97,7
26235,47723,7621,411.85,7
26236,47726,7621,370.76,9
26237,47727,7621,519.66,1
26238,47729,7622,395.64,2
26239,47730,7622,246.03,8
26240,47737,7624,442.64,8
26241,47739,7624,314.33,9
26242,47740,7624,307.42,10
26243,47742,7625,348.55,4
26244,47746,7627,278.11,2
26245,47747,7627,268.75,8
26246,47754,7628,539.46,3
26247,47759,7628,431.15,3
26248,47760,7628,377.53,9
26249,47762,7629,326.3,5
26250,47764,7630,192.2,11
26251,47766,7630,412.3,1
26252,47768,7630,274.55,11
26253,47772,7631,299.42,3
26254,47773,7631,401.33,4
26255,47777,7632,179.17,1
26256,47780,7632,308.92,6
26257,47782,7632,338.42,3
26258,47783,7632,385.6,5
26259,47784,7633,280.13,11
26260,47785,7633,182.41,4
26261,47787,7633,338.56,9
26262,47788,7633,241.7,12
26263,47789,7633,369.13,6
26264,47790,7633,419.21,6
26265,47792,7634,337.27,7
26266,47794,7634,209.09,2
26267,47796,7634,341.26,10
26268,47798,7634,339.33,4
26269,47799,7634,253.91,2
26270,47801,7634,440.23,2
26271,47804,7636,338.99,7
26272,47806,7636,338.51,1
26273,47807,7636,322.91,1
26274,47808,7636,477.64,6
26275,47812,7636,459.78,6
26276,47813,7636,291.14,11
26277,47814,7636,404.72,12
26278,47815,7636,317.02,7
26279,47817,7637,384.4,8
26280,47820,7637,257.38,7
26281,47822,7638,303.08,5
26282,47823,7638,176.53,8
26283,47825,7639,319.29,5
26284,47827,7639,242.13,5
26285,47829,7639,200.53,2
26286,47831,7639,330.21,7
26287,47833,7639,223.4,12
26288,47834,7639,261.24,10
26289,47836,7640,493.85,1
26290,47837,7640,231.71,12
26291,47840,7640,292.48,3
26292,47842,7640,226.57,7
26293,47847,7641,446.53,3
26294,47848,7641,339.8,10
26295,47849,7641,422.12,3
26296,47850,7641,358.63,5
26297,47851,7641,339.61,3
26298,47852,7642,371.38,12
26299,47854,7642,159.8,8
26300,47855,7642,217.05,1
26301,47857,7642,363.98,7
26302,47861,7643,348.14,2
26303,47862,7643,221.15,6
26304,47863,7643,329.04,1
26305,47864,7643,295.97,12
26306,47867,7644,410.95,9
26307,47868,7644,342.96,12
26308,47870,7644,353.44,5
26309,47872,7644,254.29,1
26310,47874,7645,290.4,3
26311,47877,7645,244.58,3
26312,47879,7645,321.74,8
26313,47880,7646,319.59,11
26314,47882,7647,382.81,3
26315,47883,7647,430.31,10
26316,47886,7647,314.52,8
26317,47887,7648,118.85,10
26318,47889,7648,441.9,9
26319,47890,7648,379.24,4
26320,47891,7648,243.61,9
26321,47894,7649,698.18,4
26322,47896,7649,327.47,1
26323,47902,7650,263.62,11
26324,47903,7650,281.19,9
26325,47905,7651,409.77,11
26326,47906,7651,265.98,6
26327,47909,7652,187.29,11
26328,47911,7652,433.71,12
26329,47914,7652,318.12,5
26330,47915,7652,274.97,4
26331,47916,7652,401.3,3
26332,47922,7653,331.57,5
26333,47923,7653,291.39,3
26334,47924,7653,297.47,7
26335,47927,7654,353.44,5
26336,47930,7655,421.85,8
26337,47931,7655,359.9,7
26338,47933,7656,480.19,5
26339,47934,7656,197.52,9
26340,47936,7656,237.47,6
26341,47937,7656,158.52,11
26342,47938,7656,281.17,3
26343,47940,7656,471.18,1
26344,47941,7656,377.26,9
26345,47942,7656,392.92,1
26346,47943,7657,349.42,8
26347,47944,7657,259.77,11
26348,47946,7658,453.76,3
26349,47947,7658,271.21,7
26350,47949,7658,304.54,3
26351,47950,7658,492.09,1
26352,47951,7658,369.62,8
26353,47952,7659,398.99,7
26354,47955,7659,278.57,5
26355,47957,7660,195.92,2
26356,47958,7660,199.67,4
26357,47959,7660,264.02,11
26358,47960,7660,294.8,6
26359,47962,7660,319.32,9
26360,47963,7660,340.31,1
26361,47965,7660,330.21,5
26362,47966,7660,380.0,7
26363,47967,7660,344.94,2
26364,47968,7661,409.8,10
26365,47969,7661,359.18,3
26366,47971,7661,332.87,8
26367,47973,7661,259.77,11
26368,47975,7661,369.06,2
26369,47977,7661,205.45,1
26370,47978,7662,432.63,8
26371,47981,7662,411.27,8
26372,47982,7662,296.87,9
26373,47987,7662,284.25,1
26374,47988,7662,406.06,3
26375,47989,7662,314.8,2
26376,47991,7663,400.83,1
26377,47995,7663,415.35,12
26378,47997,7663,251.98,2
26379,47998,7664,185.48,7
26380,48003,7665,310.81,10
26381,48004,7665,400.23,2
26382,48006,7665,315.47,12
26383,48007,7665,412.13,10
26384,48009,7665,218.12,3
26385,48010,7666,154.82,12
26386,48011,7666,326.79,4
26387,48012,7666,226.65,11
26388,48014,7666,278.5,8
26389,48017,7666,304.19,4
26390,48024,7667,414.53,9
26391,48027,7667,388.78,1
26392,48030,7667,280.14,4
26393,48036,7668,423.4,10
26394,48037,7668,511.44,8
26395,48038,7668,321.65,8
26396,48040,7669,434.42,1
26397,48041,7670,509.58,12
26398,48044,7671,386.22,6
26399,48045,7671,294.57,7
26400,48046,7671,368.87,4
26401,48047,7671,237.82,4
26402,48050,7671,261.03,1
26403,48051,7671,284.47,10
26404,48052,7671,323.36,7
26405,48057,7673,346.05,5
26406,48058,7673,233.39,9
26407,48062,7674,471.66,6
26408,48063,7674,310.78,4
26409,48064,7674,281.03,9
26410,48065,7674,464.19,4
26411,48066,7674,396.23,7
26412,48068,7675,357.16,8
26413,48070,7675,357.06,8
26414,48071,7675,327.68,4
26415,48074,7675,320.54,4
26416,48075,7675,340.03,3
26417,48077,7675,394.34,12
26418,48079,7675,258.16,10
26419,48084,7676,366.44,6
26420,48085,7676,264.75,5
26421,48086,7676,452.56,10
26422,48087,7677,293.21,7
26423,48088,7677,282.94,10
26424,48090,7677,155.1,3
26425,48091,7677,277.91,5
26426,48092,7677,408.18,4
26427,48095,7678,455.43,3
26428,48096,7678,152.66,6
26429,48097,7678,219.08,3
26430,48098,7678,366.01,12
26431,48099,7679,284.46,9
26432,48100,7679,536.41,3
26433,48103,7679,374.22,11
26434,48106,7680,423.45,2
26435,48111,7682,423.35,1
26436,48112,7683,319.83,12
26437,48113,7684,253.12,10
26438,48116,7684,534.7,8
26439,48117,7684,269.06,6
26440,48119,7684,267.17,4
26441,48120,7685,346.53,4
26442,48121,7685,291.05,2
26443,48123,7685,236.07,2
26444,48124,7685,339.67,6
26445,48126,7685,341.4,9
26446,48127,7685,337.76,7
26447,48131,7686,192.6,5
26448,48132,7686,197.1,4
26449,48133,7686,315.37,10
26450,48134,7687,428.74,4
26451,48136,7687,409.11,10
26452,48139,7687,322.77,10
26453,48141,7688,216.16,6
26454,48142,7688,406.96,3
26455,48144,7688,495.14,2
26456,48148,7689,395.94,12
26457,48149,7689,477.14,11
26458,48150,7689,393.38,4
26459,48152,7690,466.29,6
26460,48154,7691,355.04,9
26461,48157,7692,192.02,12
26462,48161,7692,335.89,5
26463,48162,7692,370.67,9
26464,48163,7692,218.67,11
26465,48165,7693,118.33,7
26466,48167,7693,332.04,10
26467,48169,7693,343.12,12
26468,48171,7694,323.2,12
26469,48172,7694,450.26,8
26470,48178,7695,407.72,11
26471,48181,7695,430.62,9
26472,48183,7695,415.81,5
26473,48184,7696,290.88,1
26474,48186,7696,295.95,11
26475,48189,7696,256.48,8
26476,48191,7697,388.58,11
26477,48192,7697,165.06,2
26478,48196,7697,295.99,7
26479,48198,7698,299.47,8
26480,48200,7698,286.49,1
26481,48201,7698,326.4,12
26482,48202,7698,245.66,10
26483,48206,7698,422.69,5
26484,48207,7698,409.31,8
26485,48210,7699,397.43,6
26486,48211,7699,396.74,11
26487,48215,7699,546.89,6
26488,48217,7699,337.29,11
26489,48218,7700,316.9,3
26490,48223,7700,503.55,12
26491,48224,7700,289.72,8
26492,48227,7701,267.92,2
26493,48228,7702,389.31,9
26494,48230,7703,331.9,2
26495,48232,7703,500.3,5
26496,48234,7703,354.55,4
26497,48239,7704,290.54,5
26498,48241,7705,402.28,5
26499,48245,7705,213.6,7
26500,48246,7706,276.84,1
26501,48248,7706,399.49,1
26502,48249,7706,229.0,8
26503,48250,7706,289.96,9
26504,48255,7708,407.99,11
26505,48258,7708,430.62,5
26506,48259,7708,398.09,7
26507,48261,7709,95.97,3
26508,48262,7709,355.67,9
26509,48264,7709,433.14,6
26510,48266,7709,502.44,4
26511,48267,7709,217.09,2
26512,48268,7709,206.79,11
26513,48270,7709,347.57,11
26514,48273,7709,197.97,5
26515,48275,7709,303.61,6
26516,48279,7710,364.98,4
26517,48281,7710,408.83,1
26518,48282,7710,367.19,7
26519,48283,7710,409.12,6
26520,48285,7710,403.65,5
26521,48287,7710,343.75,12
26522,48288,7711,351.14,5
26523,48292,7711,468.32,7
26524,48293,7711,387.2,2
26525,48296,7711,393.45,7
26526,48297,7711,340.62,11
26527,48300,7712,202.25,12
26528,48304,7713,301.98,5
26529,48306,7713,349.78,11
26530,48310,7714,432.87,8
26531,48311,7715,469.93,1
26532,48312,7715,297.84,3
26533,48313,7716,422.33,1
26534,48314,7716,237.88,5
26535,48315,7716,349.77,7
26536,48320,7717,411.42,7
26537,48323,7717,502.65,11
26538,48325,7717,230.23,9
26539,48327,7717,225.9,8
26540,48329,7717,478.47,2
26541,48332,7718,470.74,9
26542,48333,7718,339.74,12
26543,48334,7718,365.19,12
26544,48336,7719,285.66,4
26545,48337,7719,306.69,4
26546,48338,7719,166.97,2
26547,48339,7720,322.51,3
26548,48340,7720,332.62,9
26549,48341,7720,506.42,3
26550,48342,7721,455.35,2
26551,48343,7721,369.65,7
26552,48344,7721,235.47,3
26553,48346,7721,276.72,2
26554,48350,7722,300.48,11
26555,48351,7722,412.99,3
26556,48353,7722,171.4,5
26557,48354,7723,302.15,5
26558,48357,7723,315.42,7
26559,48359,7724,187.44,6
26560,48360,7725,405.79,2
26561,48362,7725,113.4,8
26562,48364,7725,300.49,8
26563,48365,7726,316.7,7
26564,48366,7726,449.13,7
26565,48367,7726,382.79,7
26566,48368,7726,156.73,4
26567,48369,7726,237.53,11
26568,48371,7726,182.7,1
26569,48373,7727,310.65,10
26570,48374,7727,251.16,5
26571,48375,7727,300.72,12
26572,48376,7727,220.63,12
26573,48377,7727,255.2,6
26574,48380,7727,387.46,5
26575,48381,7727,387.91,6
26576,48382,7727,232.9,6
26577,48384,7728,104.8,12
26578,48385,7728,420.06,6
26579,48386,7728,316.24,12
26580,48387,7729,262.97,3
26581,48388,7729,216.25,12
26582,48390,7729,291.89,1
26583,48394,7730,306.43,7
26584,48395,7730,382.6,11
26585,48400,7731,523.02,4
26586,48402,7731,264.14,7
26587,48405,7731,436.88,8
26588,48406,7731,272.6,5
26589,48408,7732,278.36,8
26590,48412,7732,150.7,10
26591,48414,7732,170.0,4
26592,48415,7733,148.11,4
26593,48416,7733,431.94,7
26594,48417,7733,369.75,8
26595,48418,7733,463.56,5
26596,48419,7733,198.7,10
26597,48422,7733,298.49,2
26598,48424,7733,288.87,5
26599,48425,7733,312.07,8
26600,48430,7734,201.17,5
26601,48431,7734,400.81,2
26602,48432,7734,219.46,10
26603,48433,7734,277.5,11
26604,48434,7734,443.28,8
26605,48436,7734,339.02,2
26606,48438,7734,405.76,12
26607,48439,7734,311.28,12
26608,48441,7735,414.75,8
26609,48445,7735,361.85,5
26610,48447,7736,133.06,5
26611,48449,7736,180.06,3
26612,48451,7736,231.39,4
26613,48452,7736,313.76,12
26614,48453,7736,232.54,3
26615,48454,7736,426.21,6
26616,48455,7736,369.95,1
26617,48457,7737,307.74,3
26618,48458,7738,333.68,4
26619,48459,7739,454.6,4
26620,48460,7739,182.28,2
26621,48462,7739,402.38,7
26622,48464,7739,350.21,5
26623,48467,7740,574.89,10
26624,48468,7740,422.96,12
26625,48470,7741,356.27,7
26626,48472,7741,308.82,6
26627,48473,7741,382.64,1
26628,48474,7742,240.55,8
26629,48475,7742,164.04,1
26630,48476,7742,335.43,5
26631,48477,7742,353.61,8
26632,48478,7742,201.87,3
26633,48480,7743,155.95,2
26634,48482,7743,371.41,5
26635,48483,7743,386.52,2
26636,48484,7744,252.62,10
26637,48485,7744,190.7,7
26638,48486,7744,432.56,4
26639,48487,7744,407.39,11
26640,48492,7746,335.78,6
26641,48496,7747,553.6,6
26642,48497,7747,358.3,9
26643,48498,7747,317.51,4
26644,48499,7747,253.46,3
26645,48500,7747,292.49,7
26646,48501,7747,193.4,12
26647,48502,7747,255.34,3
26648,48503,7747,477.9,2
26649,48506,7747,338.68,7
26650,48507,7747,376.7,1
26651,48509,7748,158.68,12
26652,48510,7748,487.47,12
26653,48512,7748,388.68,9
26654,48514,7748,293.57,12
26655,48515,7748,473.14,8
26656,48516,7748,163.97,9
26657,48518,7748,545.91,12
26658,48519,7748,302.97,4
26659,48521,7749,190.64,1
26660,48522,7749,254.62,1
26661,48523,7750,200.72,6
26662,48524,7750,409.16,3
26663,48527,7750,281.21,11
26664,48528,7751,114.65,2
26665,48532,7752,168.85,5
26666,48533,7752,158.02,2
26667,48534,7752,412.96,1
26668,48535,7752,352.94,2
26669,48538,7752,216.67,2
26670,48539,7752,280.34,6
26671,48543,7753,315.31,6
26672,48544,7753,277.09,9
26673,48547,7753,261.32,5
26674,48548,7753,260.74,6
26675,48549,7753,489.5,8
26676,48550,7754,272.9,2
26677,48551,7754,476.76,7
26678,48552,7754,283.6,3
26679,48554,7755,381.91,5
26680,48555,7755,424.84,10
26681,48556,7755,324.12,2
26682,48557,7755,281.96,1
26683,48558,7755,383.78,5
26684,48560,7756,283.1,11
26685,48561,7756,304.8,1
26686,48563,7756,397.61,4
26687,48566,7757,260.12,3
26688,48567,7757,444.4,10
26689,48569,7757,353.45,7
26690,48570,7757,319.0,11
26691,48571,7757,353.57,10
26692,48574,7758,214.96,6
26693,48579,7759,411.25,9
26694,48580,7759,356.55,12
26695,48581,7759,519.84,11
26696,48582,7759,375.27,12
26697,48583,7760,284.48,12
26698,48584,7760,206.84,2
26699,48585,7760,258.04,8
26700,48586,7760,409.25,11
26701,48589,7760,342.03,7
26702,48593,7761,181.71,3
26703,48594,7761,170.07,3
26704,48595,7761,449.47,9
26705,48596,7761,306.56,1
26706,48597,7762,312.86,10
26707,48606,7764,299.65,11
26708,48607,7764,341.64,10
26709,48608,7764,381.07,10
26710,48609,7764,273.42,5
26711,48610,7764,425.7,4
26712,48612,7765,193.92,6
26713,48613,7765,443.34,2
26714,48614,7765,355.64,12
26715,48615,7765,211.11,11
26716,48616,7765,461.56,2
26717,48618,7766,357.37,5
26718,48621,7766,410.04,3
26719,48623,7766,130.77,6
26720,48624,7767,250.0,8
26721,48626,7767,298.04,8
26722,48627,7767,324.87,6
26723,48629,7767,395.48,7
26724,48630,7768,400.4,1
26725,48631,7768,110.85,11
26726,48633,7768,264.28,8
26727,48634,7769,279.81,8
26728,48635,7769,355.44,12
26729,48637,7769,405.43,4
26730,48638,7769,396.68,9
26731,48639,7769,399.69,10
26732,48641,7769,291.8,7
26733,48644,7770,374.78,9
26734,48645,7770,160.28,5
26735,48646,7770,369.29,6
26736,48647,7770,459.53,3
26737,48648,7770,179.3,1
26738,48650,7771,316.64,5
26739,48651,7771,429.69,4
26740,48652,7771,386.49,10
26741,48656,7772,435.19,4
26742,48657,7772,344.95,8
26743,48658,7772,452.28,12
26744,48661,7772,372.91,5
26745,48662,7772,307.54,8
26746,48663,7772,343.67,11
26747,48664,7772,399.2,8
26748,48665,7772,309.92,9
26749,48666,7772,298.79,4
26750,48667,7773,319.39,9
26751,48668,7773,164.45,4
26752,48669,7773,198.49,5
26753,48670,7773,205.58,3
26754,48673,7773,367.04,9
26755,48675,7773,476.46,10
26756,48677,7773,254.92,8
26757,48679,7773,318.72,3
26758,48680,7774,344.76,5
26759,48682,7774,123.56,3
26760,48683,7774,346.81,6
26761,48684,7774,430.54,12
26762,48685,7775,239.21,4
26763,48686,7775,307.55,11
26764,48687,7775,389.13,3
26765,48688,7775,236.66,10
26766,48689,7775,316.1,9
26767,48690,7775,400.94,7
26768,48691,7775,142.85,7
26769,48693,7775,343.85,5
26770,48697,7777,270.91,2
26771,48698,7777,409.36,12
26772,48699,7777,485.2,6
26773,48700,7777,192.08,9
26774,48702,7778,186.46,11
26775,48703,7778,256.8,5
26776,48704,7778,373.13,5
26777,48705,7778,313.87,9
26778,48706,7778,460.35,8
26779,48707,7779,196.41,8
26780,48708,7779,240.1,1
26781,48712,7779,487.38,11
26782,48714,7779,307.4,3
26783,48716,7779,504.95,6
26784,48718,7780,390.41,12
26785,48719,7780,335.39,9
26786,48720,7780,375.11,3
26787,48723,7780,159.16,6
26788,48724,7780,432.97,3
26789,48725,7781,349.88,11
26790,48726,7781,139.59,3
26791,48728,7782,323.42,3
26792,48729,7783,298.16,10
26793,48731,7784,422.17,3
26794,48732,7784,258.23,4
26795,48733,7784,357.76,4
26796,48734,7785,258.48,2
26797,48736,7785,128.45,12
26798,48737,7785,189.91,10
26799,48738,7785,308.41,10
26800,48740,7786,286.28,2
26801,48741,7786,353.75,3
26802,48743,7786,277.89,8
26803,48747,7787,222.32,4
26804,48748,7787,294.02,12
26805,48749,7787,163.34,4
26806,48750,7788,311.67,3
26807,48751,7788,114.26,11
26808,48752,7788,350.3,8
26809,48753,7788,355.17,9
26810,48754,7789,430.47,4
26811,48756,7789,274.04,7
26812,48757,7789,377.45,4
26813,48760,7789,168.18,2
26814,48761,7789,346.39,1
26815,48764,7789,254.46,5
26816,48766,7790,269.11,3
26817,48767,7790,465.77,11
26818,48769,7790,247.05,10
26819,48771,7790,362.71,3
26820,48773,7790,320.69,10
26821,48774,7790,400.57,3
26822,48777,7791,220.77,6
26823,48778,7791,185.93,10
26824,48780,7791,209.11,12
26825,48782,7791,182.73,4
26826,48784,7791,284.11,11
26827,48785,7791,304.24,1
26828,48786,7792,376.36,4
26829,48790,7792,372.27,9
26830,48792,7792,180.6,4
26831,48794,7792,366.01,4
26832,48795,7793,252.74,9
26833,48797,7793,374.15,1
26834,48798,7793,95.36,12
26835,48799,7793,298.84,3
26836,48800,7794,339.83,8
26837,48801,7794,279.21,9
26838,48802,7794,327.64,10
26839,48803,7794,415.82,10
26840,48805,7794,292.53,3
26841,48806,7794,399.84,9
26842,48807,7794,382.98,2
26843,48813,7795,253.6,8
26844,48814,7795,88.31,11
26845,48816,7796,322.03,1
26846,48817,7796,431.64,9
26847,48819,7796,421.66,7
26848,48825,7797,347.66,12
26849,48827,7797,268.36,8
26850,48829,7797,383.58,8
26851,48830,7797,199.52,9
26852,48831,7797,355.84,10
26853,48832,7797,409.45,6
26854,48833,7798,312.83,8
26855,48834,7798,223.4,11
26856,48836,7798,314.16,9
26857,48837,7799,350.54,12
26858,48840,7799,229.5,9
26859,48841,7800,282.17,5
26860,48843,7801,395.47,12
26861,48844,7801,406.45,8
26862,48845,7801,331.01,3
26863,48849,7801,246.23,4
26864,48852,7801,125.4,12
26865,48854,7801,345.1,9
26866,48855,7801,183.12,12
26867,48856,7801,333.41,10
26868,48858,7802,263.24,7
26869,48862,7802,378.15,7
26870,48863,7802,219.01,6
26871,48864,7802,188.87,9
26872,48870,7804,352.53,10
26873,48871,7804,316.18,4
26874,48872,7804,383.21,3
26875,48875,7804,436.33,12
26876,48881,7805,276.9,2
26877,48882,7805,386.98,1
26878,48883,7805,172.4,11
26879,48884,7805,207.04,1
26880,48885,7806,319.44,6
26881,48886,7806,285.93,9
26882,48889,7806,120.55,3
26883,48890,7806,478.45,1
26884,48891,7806,125.37,6
26885,48892,7807,277.57,2
26886,48893,7807,403.21,10
26887,48894,7807,299.52,10
26888,48897,7808,372.84,7
26889,48899,7809,249.23,5
26890,48900,7809,330.81,8
26891,48901,7809,443.56,2
26892,48902,7809,276.45,12
26893,48907,7809,361.85,8
26894,48910,7810,295.69,1
26895,48911,7810,331.19,2
26896,48913,7810,361.46,11
26897,48914,7810,208.67,3
26898,48919,7811,222.6,9
26899,48920,7811,262.91,11
26900,48921,7812,380.6,12
26901,48922,7812,404.69,6
26902,48923,7812,474.21,6
26903,48924,7812,283.48,8
26904,48925,7812,269.94,12
26905,48926,7812,330.66,12
26906,48929,7812,220.41,4
26907,48930,7813,405.99,5
26908,48931,7813,233.56,11
26909,48934,7814,217.75,3
26910,48935,7814,195.52,3
26911,48936,7815,259.39,3
26912,48939,7815,290.78,9
26913,48940,7815,250.45,3
26914,48942,7816,225.0,12
26915,48948,7817,453.65,1
26916,48949,7817,291.34,10
26917,48950,7817,349.35,6
26918,48954,7817,361.24,2
26919,48955,7817,268.46,12
26920,48956,7817,202.85,10
26921,48957,7817,268.58,2
26922,48958,7817,353.38,8
26923,48959,7817,228.79,9
26924,48960,7818,366.73,5
26925,48961,7818,75.61,5
26926,48962,7818,316.14,10
26927,48965,7818,375.14,8
26928,48966,7818,416.59,11
26929,48968,7819,184.85,2
26930,48970,7819,348.95,12
26931,48973,7820,469.58,1
26932,48975,7820,525.1,4
26933,48977,7820,320.27,6
26934,48978,7820,234.28,8
26935,48980,7821,455.92,9
26936,48981,7821,380.32,10
26937,48983,7821,498.16,9
26938,48984,7821,484.11,3
26939,48985,7821,171.47,12
26940,48987,7821,363.28,6
26941,48988,7821,346.31,9
26942,48991,7823,403.96,7
26943,48993,7823,322.62,4
26944,48997,7823,500.53,10
26945,48999,7824,302.66,12
26946,49000,7824,301.98,1
26947,49001,7824,416.77,3
26948,49003,7824,309.6,12
26949,49004,7824,320.7,5
26950,49006,7825,225.19,2
26951,49008,7825,247.73,5
26952,49010,7826,204.07,3
26953,49012,7826,275.16,4
26954,49013,7827,239.15,6
26955,49014,7827,220.18,3
26956,49018,7829,288.58,9
26957,49019,7829,406.95,7
26958,49020,7829,217.22,1
26959,49023,7829,352.5,11
26960,49024,7829,400.64,12
26961,49026,7829,193.26,5
26962,49027,7829,217.34,5
26963,49029,7830,483.67,11
26964,49033,7830,343.2,2
26965,49035,7830,370.69,9
26966,49038,7831,274.97,2
26967,49041,7832,277.53,4
26968,49042,7832,135.52,5
26969,49043,7832,276.5,9
26970,49044,7832,404.9,5
26971,49045,7832,281.35,6
26972,49046,7832,500.81,7
26973,49047,7832,284.68,8
26974,49049,7833,166.49,8
26975,49050,7833,387.94,3
26976,49053,7834,424.8,1
26977,49054,7834,247.91,7
26978,49055,7834,418.54,3
26979,49056,7834,275.43,10
26980,49058,7835,446.55,6
26981,49059,7836,413.67,9
26982,49061,7836,329.13,2
26983,49062,7836,408.64,5
26984,49065,7836,409.57,5
26985,49066,7836,563.8,5
26986,49067,7836,318.4,11
26987,49068,7836,169.67,2
26988,49069,7837,255.05,7
26989,49071,7837,384.41,10
26990,49074,7837,272.15,3
26991,49077,7838,262.1,7
26992,49080,7838,317.0,4
26993,49082,7838,497.53,1
26994,49083,7838,230.48,3
26995,49086,7839,153.41,6
26996,49088,7839,485.42,12
26997,49090,7841,376.24,9
26998,49091,7841,160.73,10
26999,49093,7842,282.17,10
27000,49095,7842,371.73,5
27001,49096,7842,303.82,4
27002,49099,7842,270.31,4
27003,49100,7842,332.14,2
27004,49102,7843,516.47,5
27005,49103,7843,299.92,4
27006,49104,7843,266.48,3
27007,49107,7843,309.71,5
27008,49108,7843,262.79,5
27009,49110,7844,159.54,11
27010,49111,7844,313.22,11
27011,49112,7845,308.89,4
27012,49120,7846,254.47,5
27013,49122,7846,243.93,6
27014,49123,7846,279.79,12
27015,49125,7846,458.38,8
27016,49128,7847,534.93,10
27017,49132,7848,396.98,7
27018,49134,7848,297.77,1
27019,49135,7848,226.02,7
27020,49138,7848,297.2,9
27021,49143,7849,486.6,1
27022,49145,7849,378.87,10
27023,49149,7850,390.02,10
27024,49150,7850,274.17,11
27025,49151,7850,352.51,1
27026,49152,7851,389.15,11
27027,49154,7851,297.6,10
27028,49155,7851,184.77,7
27029,49160,7852,302.22,11
27030,49162,7852,163.93,9
27031,49164,7853,386.0,3
27032,49165,7853,279.21,9
27033,49166,7853,381.73,1
27034,49168,7855,321.6,1
27035,49169,7855,463.02,3
27036,49170,7855,378.12,2
27037,49173,7855,448.74,12
27038,49174,7855,383.51,5
27039,49176,7856,241.07,3
27040,49177,7856,211.01,8
27041,49178,7856,412.84,12
27042,49182,7856,346.59,12
27043,49185,7856,221.7,1
27044,49186,7856,305.86,11
27045,49188,7856,297.07,4
27046,49192,7857,434.01,2
27047,49193,7858,305.29,11
27048,49194,7858,358.87,4
27049,49195,7858,297.17,10
27050,49199,7858,259.91,11
27051,49206,7859,426.09,5
27052,49207,7859,272.68,8
27053,49208,7860,394.21,3
27054,49209,7860,451.76,2
27055,49211,7860,368.98,7
27056,49214,7860,269.79,9
27057,49215,7861,201.89,3
27058,49216,7861,560.48,12
27059,49218,7862,410.3,8
27060,49219,7862,378.7,3
27061,49220,7862,512.36,9
27062,49221,7862,447.5,6
27063,49222,7862,403.64,9
27064,49223,7863,332.8,2
27065,49224,7863,318.63,2
27066,49225,7863,460.26,5
27067,49226,7863,216.73,2
27068,49233,7866,417.48,9
27069,49237,7867,157.34,4
27070,49238,7867,211.31,11
27071,49239,7867,321.91,12
27072,49240,7868,466.12,1
27073,49241,7868,328.92,5
27074,49242,7869,305.05,12
27075,49244,7869,261.61,1
27076,49245,7869,430.12,1
27077,49247,7869,358.99,2
27078,49248,7869,320.61,12
27079,49249,7869,472.61,12
27080,49250,7869,194.36,4
27081,49252,7870,463.48,11
27082,49253,7870,197.02,6
27083,49254,7870,261.68,2
27084,49257,7870,394.68,4
27085,49259,7870,385.29,8
27086,49262,7871,373.37,7
27087,49265,7871,300.46,1
27088,49267,7871,422.45,8
27089,49268,7871,387.31,8
27090,49270,7872,444.39,11
27091,49271,7872,313.89,2
27092,49273,7872,379.41,5
27093,49274,7872,455.03,4
27094,49279,7873,493.85,5
27095,49284,7873,275.19,3
27096,49285,7873,221.91,9
27097,49286,7873,236.63,10
27098,49290,7875,214.19,5
27099,49293,7876,606.48,7
27100,49297,7876,521.98,6
27101,49298,7877,339.49,3
27102,49301,7877,245.6,1
27103,49303,7877,314.43,1
27104,49308,7877,344.67,5
27105,49310,7878,174.53,3
27106,49311,7878,334.92,12
27107,49312,7878,371.96,9
27108,49314,7878,256.47,3
27109,49316,7879,307.14,4
27110,49317,7879,395.62,12
27111,49318,7879,336.75,6
27112,49320,7879,262.34,10
27113,49321,7880,334.18,9
27114,49324,7880,462.3,2
27115,49326,7881,464.18,9
27116,49327,7881,232.56,11
27117,49328,7881,455.14,6
27118,49332,7882,306.77,4
27119,49333,7882,361.62,11
27120,49336,7884,399.28,1
27121,49340,7884,188.9,4
27122,49345,7885,352.17,6
27123,49346,7885,439.07,2
27124,49349,7886,339.25,1
27125,49350,7886,353.28,2
27126,49351,7886,406.4,5
27127,49352,7887,298.86,5
27128,49354,7887,328.5,1
27129,49355,7887,356.0,11
27130,49359,7887,365.95,12
27131,49361,7887,275.62,4
27132,49362,7887,420.79,5
27133,49363,7887,261.52,8
27134,49365,7888,261.88,1
27135,49367,7888,324.4,3
27136,49369,7888,400.69,8
27137,49372,7888,225.06,2
27138,49373,7888,298.31,12
27139,49374,7888,237.78,4
27140,49378,7888,287.29,8
27141,49381,7889,254.24,11
27142,49383,7889,326.35,8
27143,49384,7889,167.52,9
27144,49388,7890,377.69,4
27145,49389,7890,400.0,8
27146,49390,7891,209.38,8
27147,49391,7891,325.96,2
27148,49394,7891,421.44,12
27149,49395,7891,195.64,3
27150,49396,7891,486.87,8
27151,49398,7892,350.06,11
27152,49400,7892,258.83,7
27153,49406,7892,268.62,12
27154,49407,7893,337.44,4
27155,49408,7893,309.03,4
27156,49413,7893,376.85,6
27157,49414,7893,273.15,6
27158,49415,7893,270.48,3
27159,49416,7893,343.38,3
27160,49417,7893,259.28,12
27161,49418,7893,294.05,1
27162,49419,7894,402.53,7
27163,49420,7894,168.36,11
27164,49422,7894,339.39,9
27165,49423,7895,378.31,8
27166,49424,7895,427.88,6
27167,49427,7896,328.91,5
27168,49428,7896,310.7,6
27169,49429,7896,211.62,6
27170,49431,7897,279.79,12
27171,49432,7897,409.81,12
27172,49434,7897,228.18,2
27173,49435,7898,134.72,11
27174,49437,7898,431.65,2
27175,49439,7899,296.34,9
27176,49441,7899,404.89,3
27177,49443,7901,227.1,4
27178,49447,7902,317.34,1
27179,49448,7902,272.11,5
27180,49449,7902,355.38,10
27181,49450,7902,332.6,7
27182,49452,7902,384.15,12
27183,49453,7902,299.84,9
27184,49454,7902,414.76,2
27185,49455,7903,255.9,8
27186,49458,7904,401.56,9
27187,49459,7904,432.04,8
27188,49463,7904,344.34,9
27189,49464,7905,241.79,5
27190,49465,7905,147.18,9
27191,49469,7906,298.04,7
27192,49471,7907,221.41,10
27193,49473,7907,272.05,11
27194,49474,7907,518.83,9
27195,49477,7907,300.33,9
27196,49480,7908,191.46,2
27197,49481,7908,265.8,10
27198,49482,7908,407.3,3
27199,49483,7908,342.34,8
27200,49484,7908,382.47,8
27201,49485,7909,488.15,3
27202,49488,7909,313.8,12
27203,49490,7909,455.23,3
27204,49491,7909,381.11,9
27205,49492,7910,266.83,7
27206,49494,7910,448.79,10
27207,49496,7910,339.94,10
27208,49497,7911,440.5,6
27209,49499,7911,303.75,1
27210,49500,7911,154.72,1
27211,49501,7911,122.81,4
27212,49503,7911,367.87,8
27213,49506,7912,272.56,11
27214,49507,7912,155.85,6
27215,49508,7912,365.9,12
27216,49510,7913,392.71,7
27217,49517,7914,328.36,8
27218,49518,7914,306.87,12
27219,49519,7914,389.6,12
27220,49522,7916,304.36,5
27221,49523,7916,288.56,3
27222,49524,7917,215.98,4
27223,49526,7918,198.65,10
27224,49527,7918,322.59,9
27225,49529,7919,248.29,7
27226,49531,7919,472.44,8
27227,49533,7919,327.05,11
27228,49535,7919,222.73,9
27229,49536,7919,343.18,5
27230,49540,7920,308.79,4
27231,49542,7920,358.55,8
27232,49544,7920,359.48,12
27233,49545,7920,252.92,8
27234,49553,7921,343.74,8
27235,49554,7921,501.49,3
27236,49558,7922,253.33,8
27237,49560,7922,282.52,3
27238,49561,7922,204.36,8
27239,49564,7922,433.87,9
27240,49565,7922,313.78,8
27241,49567,7923,182.09,11
27242,49569,7923,210.7,8
27243,49570,7923,240.07,5
27244,49571,7923,433.17,3
27245,49573,7923,332.68,7
27246,49574,7924,302.22,1
27247,49576,7924,253.31,3
27248,49579,7924,321.04,3
27249,49581,7924,264.0,2
27250,49584,7925,440.43,4
27251,49585,7925,334.02,4
27252,49588,7925,227.34,8
27253,49589,7925,256.03,7
27254,49591,7925,470.91,10
27255,49594,7925,301.51,1
27256,49595,7926,459.04,4
27257,49596,7926,339.82,8
27258,49597,7926,359.31,6
27259,49599,7926,271.6,10
27260,49600,7926,392.93,3
27261,49605,7927,212.25,2
27262,49606,7927,252.8,7
27263,49608,7927,351.55,7
27264,49609,7927,293.79,2
27265,49612,7928,323.22,4
27266,49613,7928,367.83,5
27267,49614,7929,316.59,9
27268,49616,7929,327.95,5
27269,49617,7929,486.2,10
27270,49618,7929,140.4,4
27271,49619,7929,276.33,4
27272,49620,7930,302.99,4
27273,49624,7930,404.93,3
27274,49626,7930,388.35,6
27275,49628,7931,94.69,8
27276,49629,7931,420.7,12
27277,49630,7932,329.5,9
27278,49632,7933,385.46,1
27279,49633,7933,271.36,1
27280,49634,7933,375.17,1
27281,49635,7933,356.83,3
27282,49636,7933,309.83,3
27283,49637,7934,466.62,10
27284,49638,7934,527.68,9
27285,49639,7934,315.98,7
27286,49642,7934,174.02,8
27287,49644,7934,367.27,11
27288,49649,7937,252.57,11
27289,49650,7937,349.73,1
27290,49653,7937,360.49,6
27291,49654,7937,335.2,7
27292,49655,7937,227.41,10
27293,49656,7937,190.53,12
27294,49657,7937,221.11,10
27295,49658,7938,311.24,1
27296,49659,7938,449.46,8
27297,49660,7938,293.07,10
27298,49661,7938,419.35,3
27299,49662,7938,145.8,11
27300,49663,7938,363.0,11
27301,49665,7938,466.88,4
27302,49667,7939,239.98,12
27303,49668,7939,304.55,12
27304,49670,7939,332.86,7
27305,49671,7940,384.73,9
27306,49676,7941,218.77,9
27307,49679,7942,209.49,5
27308,49681,7944,381.84,11
27309,49682,7945,367.52,8
27310,49685,7945,233.35,1
27311,49686,7945,376.42,9
27312,49687,7945,308.28,10
27313,49692,7946,239.27,7
27314,49694,7946,245.71,8
27315,49695,7946,293.01,6
27316,49696,7946,576.11,5
27317,49700,7947,339.48,7
27318,49702,7947,246.41,6
27319,49704,7947,248.65,12
27320,49706,7948,376.4,4
27321,49708,7948,313.54,4
27322,49710,7948,316.33,7
27323,49711,7949,279.89,9
27324,49712,7949,211.95,5
27325,49717,7949,328.38,12
27326,49718,7949,506.91,6
27327,49719,7950,309.68,6
27328,49720,7950,311.6,3
27329,49722,7951,374.74,11
27330,49724,7952,319.42,7
27331,49725,7953,241.04,7
27332,49727,7954,277.47,10
27333,49728,7954,271.23,7
27334,49729,7955,394.82,10
27335,49730,7956,264.4,4
27336,49731,7956,215.49,10
27337,49734,7956,422.88,10
27338,49736,7956,397.79,5
27339,49739,7958,347.05,11
27340,49742,7958,257.51,9
27341,49744,7959,95.82,11
27342,49745,7959,520.37,2
27343,49746,7959,528.79,7
27344,49747,7959,333.15,8
27345,49749,7960,334.81,7
27346,49751,7960,249.4,5
27347,49752,7960,113.15,12
27348,49754,7961,297.77,9
27349,49756,7961,133.35,10
27350,49757,7961,390.77,4
27351,49758,7961,350.9,5
27352,49760,7961,245.06,10
27353,49761,7961,392.88,5
27354,49762,7961,424.88,1
27355,49765,7962,321.28,10
27356,49766,7962,299.11,4
27357,49767,7962,313.64,7
27358,49769,7962,480.97,7
27359,49770,7962,326.93,10
27360,49773,7962,372.12,12
27361,49774,7962,494.88,1
27362,49776,7963,232.47,10
27363,49778,7963,55.99,4
27364,49779,7963,328.61,6
27365,49780,7963,382.18,1
27366,49783,7964,243.24,8
27367,49786,7964,365.95,9
27368,49788,7964,437.63,4
27369,49789,7964,161.89,1
27370,49790,7965,228.64,7
27371,49791,7965,353.85,9
27372,49792,7965,232.35,4
27373,49793,7965,277.52,10
27374,49794,7965,350.79,7
27375,49796,7965,212.96,5
27376,49797,7965,150.37,10
27377,49800,7965,275.07,12
27378,49801,7966,343.58,1
27379,49802,7966,388.17,4
27380,49803,7967,204.88,2
27381,49807,7968,239.33,2
27382,49808,7968,387.53,8
27383,49811,7969,211.89,8
27384,49814,7970,232.95,3
27385,49817,7970,449.31,1
27386,49818,7970,280.92,10
27387,49821,7971,216.36,10
27388,49822,7971,332.85,1
27389,49825,7973,374.27,2
27390,49829,7973,361.63,12
27391,49831,7973,310.4,2
27392,49834,7974,248.08,12
27393,49837,7974,466.97,4
27394,49845,7975,412.99,6
27395,49848,7975,261.93,3
27396,49849,7975,318.72,5
27397,49850,7975,245.78,9
27398,49853,7975,336.56,5
27399,49855,7976,332.76,11
27400,49858,7976,350.08,3
27401,49861,7977,449.39,5
27402,49862,7978,385.02,7
27403,49863,7978,249.28,12
27404,49864,7978,221.76,7
27405,49867,7978,344.91,4
27406,49868,7978,383.65,9
27407,49869,7978,517.63,5
27408,49873,7979,199.22,6
27409,49874,7979,398.52,2
27410,49875,7979,274.97,1
27411,49877,7980,478.16,8
27412,49880,7981,286.76,12
27413,49881,7981,426.01,12
27414,49882,7981,546.22,2
27415,49884,7981,364.02,12
27416,49885,7981,252.44,10
27417,49888,7982,266.09,10
27418,49889,7982,234.33,4
27419,49891,7982,260.61,8
27420,49893,7983,255.9,11
27421,49894,7983,537.34,12
27422,49897,7984,250.14,9
27423,49898,7984,333.25,5
27424,49899,7984,359.09,2
27425,49901,7984,355.99,2
27426,49902,7984,483.93,3
27427,49906,7984,189.47,12
27428,49907,7984,204.5,7
27429,49908,7985,237.01,11
27430,49911,7985,449.06,3
27431,49912,7985,368.68,1
27432,49913,7985,496.94,7
27433,49915,7985,147.9,5
27434,49916,7985,374.66,1
27435,49918,7986,361.69,9
27436,49922,7987,172.94,9
27437,49923,7987,360.43,10
27438,49924,7987,364.33,4
27439,49925,7987,261.93,5
27440,49926,7987,367.4,11
27441,49927,7988,221.88,9
27442,49928,7988,385.99,12
27443,49929,7988,426.89,12
27444,49936,7989,244.75,10
27445,49938,7990,403.35,6
27446,49939,7990,188.59,5
27447,49941,7991,330.65,2
27448,49942,7991,324.03,2
27449,49944,7991,288.07,6
27450,49946,7991,286.22,10
27451,49948,7992,468.15,8
27452,49951,7992,87.99,1
27453,49952,7992,459.92,7
27454,49953,7992,202.42,5
27455,49954,7992,473.66,12
27456,49955,7992,410.99,12
27457,49957,7993,355.82,12
27458,49959,7993,429.41,9
27459,49960,7993,277.19,10
27460,49961,7993,369.08,11
27461,49963,7994,308.35,8
27462,49965,7994,348.97,6
27463,49966,7994,397.16,6
27464,49967,7995,374.16,4
27465,49969,7995,284.99,7
27466,49970,7995,329.06,7
27467,49971,7995,308.79,12
27468,49975,7996,262.11,8
27469,49977,7996,413.98,6
27470,49979,7996,437.97,2
27471,49980,7997,532.99,12
27472,49981,7997,254.65,11
27473,49984,7997,417.39,6
27474,49986,7997,354.37,5
27475,49989,7999,295.94,12
27476,49992,7999,398.98,6
27477,49993,7999,325.58,7
27478,49995,7999,312.28,3
27479,49997,7999,315.33,7
27480,49998,8000,256.7,2
27481,49999,8000,434.18,12
27482,50001,8000,334.45,4
27483,50004,8000,391.03,8
27484,50010,8002,464.81,6
27485,50011,8003,239.6,6
27486,50012,8003,545.19,9
27487,50013,8003,328.89,7
27488,50014,8004,359.81,9
27489,50017,8005,391.18,11
27490,50019,8005,239.45,8
27491,50021,8005,247.71,7
27492,50022,8005,297.14,6
27493,50023,8005,331.17,10
27494,50026,8007,247.42,3
27495,50027,8007,196.04,10
27496,50028,8007,423.96,3
27497,50030,8007,221.53,8
27498,50035,8007,402.33,8
27499,50036,8007,212.86,7
27500,50037,8007,258.88,2
27501,50038,8008,304.14,8
27502,50040,8008,525.59,12
27503,50042,8008,337.17,10
27504,50043,8009,344.06,2
27505,50044,8009,307.49,5
27506,50048,8009,240.18,12
27507,50049,8009,381.37,11
27508,50053,8010,322.64,2
27509,50054,8010,446.57,5
27510,50059,8010,216.5,9
27511,50062,8011,440.78,12
27512,50063,8011,340.91,3
27513,50065,8011,249.13,5
27514,50066,8011,347.56,11
27515,50067,8011,246.64,6
27516,50068,8011,427.6,7
27517,50070,8012,309.69,2
27518,50073,8012,247.89,12
27519,50075,8012,270.07,12
27520,50077,8013,249.0,9
27521,50080,8013,458.37,10
27522,50087,8015,218.45,6
27523,50088,8015,313.87,4
27524,50091,8015,343.15,7
27525,50094,8017,280.35,8
27526,50098,8017,198.62,1
27527,50105,8017,508.39,8
27528,50109,8018,290.73,3
27529,50110,8018,201.89,10
27530,50111,8018,250.0,8
27531,50112,8018,330.82,12
27532,50113,8018,304.34,8
27533,50114,8019,193.77,1
27534,50115,8019,347.42,5
27535,50117,8019,214.66,4
27536,50118,8019,389.68,4
27537,50119,8019,355.01,1
27538,50120,8019,292.93,4
27539,50121,8019,613.28,10
27540,50124,8020,269.31,3
27541,50126,8020,309.18,10
27542,50129,8020,460.78,7
27543,50132,8020,391.68,7
27544,50134,8021,239.19,12
27545,50135,8021,354.8,10
27546,50139,8021,410.44,2
27547,50140,8021,82.52,10
27548,50141,8021,284.56,7
27549,50142,8021,484.12,3
27550,50147,8022,258.39,1
27551,50150,8022,453.61,11
27552,50151,8023,252.16,9
27553,50152,8023,339.5,12
27554,50156,8023,327.36,11
27555,50157,8023,254.39,1
27556,50158,8023,162.2,1
27557,50160,8023,394.43,1
27558,50161,8024,266.92,10
27559,50164,8024,502.89,2
27560,50165,8025,293.74,11
27561,50166,8025,307.53,9
27562,50169,8025,362.46,5
27563,50170,8025,251.84,4
27564,50172,8026,317.19,7
27565,50174,8026,172.07,7
27566,50175,8026,400.17,5
27567,50176,8026,180.27,9
27568,50179,8027,398.47,6
27569,50180,8027,290.48,6
27570,50183,8028,260.3,6
27571,50187,8028,279.43,5
27572,50190,8029,360.98,9
27573,50191,8029,357.96,11
27574,50194,8029,281.99,4
27575,50195,8030,245.28,6
27576,50200,8032,212.37,12
27577,50203,8033,109.09,2
27578,50205,8033,431.61,3
27579,50207,8033,347.2,3
27580,50208,8033,432.62,3
27581,50209,8033,409.72,11
27582,50210,8034,412.51,5
27583,50211,8034,276.89,3
27584,50213,8035,333.87,2
27585,50216,8036,231.1,2
27586,50217,8036,371.34,9
27587,50218,8036,335.47,4
27588,50219,8036,364.01,2
27589,50222,8037,310.61,9
27590,50223,8037,423.05,4
27591,50224,8037,274.04,3
27592,50225,8037,234.54,10
27593,50229,8037,456.27,5
27594,50230,8037,369.22,12
27595,50234,8040,289.12,1
27596,50237,8041,173.55,1
27597,50247,8042,281.55,4
27598,50251,8043,123.63,7
27599,50252,8043,236.17,6
27600,50253,8043,278.43,7
27601,50254,8043,378.41,12
27602,50256,8044,318.21,11
27603,50258,8044,242.05,4
27604,50259,8044,427.32,3
27605,50260,8044,222.58,11
27606,50261,8044,140.02,5
27607,50264,8045,398.89,12
27608,50267,8045,279.14,5
27609,50268,8045,386.03,11
27610,50271,8045,250.66,11
27611,50272,8045,251.8,10
27612,50276,8046,210.72,11
27613,50278,8046,337.03,5
27614,50281,8046,381.64,12
27615,50282,8046,407.04,12
27616,50283,8046,452.69,1
27617,50284,8046,366.87,3
27618,50285,8047,228.96,3
27619,50290,8048,435.35,7
27620,50291,8048,333.75,1
27621,50292,8048,399.5,7
27622,50295,8048,283.22,7
27623,50296,8048,332.7,2
27624,50299,8048,332.32,11
27625,50300,8048,221.25,11
27626,50302,8048,158.87,12
27627,50309,8049,282.28,12
27628,50310,8050,451.54,8
27629,50311,8050,294.96,4
27630,50313,8050,319.48,12
27631,50320,8051,314.39,9
27632,50323,8051,409.21,6
27633,50324,8051,213.26,6
27634,50326,8052,393.23,1
27635,50327,8052,303.35,1
27636,50328,8052,317.98,11
27637,50330,8052,359.06,6
27638,50332,8053,314.04,12
27639,50333,8053,345.97,5
27640,50334,8053,264.07,5
27641,50336,8053,426.57,4
27642,50339,8054,330.06,2
27643,50340,8054,409.9,5
27644,50341,8054,368.9,4
27645,50342,8054,402.74,8
27646,50343,8054,402.94,1
27647,50344,8054,343.27,1
27648,50345,8055,403.29,6
27649,50346,8055,358.62,10
27650,50347,8056,501.5,12
27651,50348,8056,333.77,6
27652,50349,8057,355.53,6
27653,50350,8057,388.81,8
27654,50353,8058,276.51,10
27655,50357,8058,399.15,4
27656,50358,8058,284.39,11
27657,50359,8058,280.82,11
27658,50362,8058,278.46,3
27659,50363,8059,117.24,11
27660,50364,8059,358.15,5
27661,50365,8060,323.9,5
27662,50369,8061,328.22,10
27663,50370,8061,366.1,1
27664,50371,8061,318.95,2
27665,50375,8062,384.18,8
27666,50376,8062,265.22,11
27667,50377,8062,216.96,8
27668,50379,8063,300.03,9
27669,50381,8063,336.54,5
27670,50385,8063,348.83,7
27671,50386,8063,346.76,9
27672,50387,8064,533.42,12
27673,50390,8064,128.88,10
27674,50391,8064,348.16,3
27675,50392,8064,284.92,2
27676,50393,8064,380.2,6
27677,50397,8065,361.54,4
27678,50401,8065,298.85,10
27679,50402,8065,222.47,2
27680,50403,8066,275.87,3
27681,50405,8066,293.3,3
27682,50406,8066,215.3,3
27683,50407,8066,408.46,6
27684,50408,8066,441.73,2
27685,50411,8066,254.49,10
27686,50413,8068,157.92,12
27687,50414,8068,268.74,5
27688,50416,8068,184.67,9
27689,50417,8069,374.63,9
27690,50418,8069,255.48,4
27691,50419,8069,176.68,5
27692,50421,8069,210.26,7
27693,50424,8069,194.25,3
27694,50426,8069,386.14,1
27695,50427,8070,248.64,5
27696,50428,8070,305.02,11
27697,50430,8071,326.36,4
27698,50431,8071,218.32,3
27699,50432,8072,181.18,1
27700,50433,8072,297.59,2
27701,50434,8072,428.85,4
27702,50436,8072,270.8,2
27703,50437,8072,492.74,6
27704,50438,8072,286.45,11
27705,50439,8072,224.51,9
27706,50440,8072,266.78,8
27707,50442,8073,126.31,9
27708,50443,8073,360.38,9
27709,50445,8074,291.78,11
27710,50447,8074,249.55,4
27711,50450,8074,460.67,1
27712,50451,8074,268.07,3
27713,50453,8074,390.93,4
27714,50455,8075,306.84,1
27715,50456,8075,398.94,8
27716,50457,8075,348.13,1
27717,50459,8076,366.43,5
27718,50461,8076,276.42,6
27719,50464,8076,339.33,11
27720,50466,8076,285.1,9
27721,50467,8077,208.58,5
27722,50468,8077,227.05,1
27723,50470,8077,271.69,1
27724,50473,8078,338.01,2
27725,50474,8078,370.43,9
27726,50475,8078,408.74,7
27727,50477,8078,462.72,7
27728,50478,8079,260.27,3
27729,50480,8079,444.59,7
27730,50483,8080,214.35,8
27731,50488,8081,324.82,11
27732,50490,8081,212.98,12
27733,50491,8081,255.48,7
27734,50492,8081,191.85,9
27735,50494,8081,321.41,4
27736,50495,8081,241.86,1
27737,50497,8082,265.0,11
27738,50501,8083,263.22,8
27739,50503,8083,270.3,10
27740,50504,8083,380.14,3
27741,50507,8083,425.88,8
27742,50508,8083,208.74,10
27743,50510,8084,319.55,4
27744,50511,8084,346.47,5
27745,50513,8084,321.14,3
27746,50514,8084,510.94,9
27747,50515,8084,299.76,7
27748,50516,8084,203.63,8
27749,50517,8084,266.53,8
27750,50518,8084,335.85,7
27751,50521,8085,357.24,8
27752,50524,8085,280.96,8
27753,50527,8085,334.4,6
27754,50528,8085,450.85,5
27755,50532,8086,492.72,10
27756,50533,8086,437.9,6
27757,50536,8086,416.23,2
27758,50539,8086,385.51,7
27759,50541,8086,305.66,11
27760,50542,8086,311.05,4
27761,50543,8087,402.32,3
27762,50544,8087,400.5,1
27763,50546,8087,366.26,5
27764,50547,8087,414.94,7
27765,50548,8087,153.49,5
27766,50549,8088,352.05,8
27767,50550,8088,205.01,12
27768,50551,8088,296.96,9
27769,50552,8089,317.24,4
27770,50554,8089,288.8,6
27771,50555,8089,247.42,1
27772,50558,8090,395.69,5
27773,50563,8092,371.1,7
27774,50564,8092,430.56,2
27775,50567,8093,291.59,4
27776,50570,8093,309.28,9
27777,50571,8093,555.79,5
27778,50573,8093,289.04,8
27779,50575,8094,180.26,9
27780,50577,8094,397.98,12
27781,50578,8094,407.03,8
27782,50579,8094,423.45,2
27783,50580,8095,416.87,7
27784,50581,8095,239.3,1
27785,50585,8095,381.39,9
27786,50586,8095,365.08,11
27787,50587,8095,382.66,10
27788,50589,8096,309.37,5
27789,50590,8097,414.15,1
27790,50592,8097,365.74,4
27791,50594,8097,352.9,3
27792,50595,8097,276.81,10
27793,50597,8097,394.52,10
27794,50600,8098,308.56,1
27795,50601,8098,344.3,8
27796,50604,8098,312.86,4
27797,50608,8098,389.29,7
27798,50611,8099,334.77,2
27799,50616,8100,236.44,11
27800,50617,8100,406.99,3
27801,50618,8100,395.2,7
27802,50619,8100,361.58,7
27803,50623,8101,342.03,10
27804,50624,8101,247.85,1
27805,50626,8102,323.66,1
27806,50627,8102,259.53,7
27807,50628,8102,365.15,8
27808,50630,8103,383.67,3
27809,50631,8103,421.06,8
27810,50632,8103,333.76,1
27811,50634,8104,365.52,6
27812,50639,8105,289.05,6
27813,50640,8106,216.24,3
27814,50641,8106,264.36,9
27815,50642,8107,376.19,4
27816,50646,8107,295.56,9
27817,50648,8107,179.72,4
27818,50650,8108,313.84,12
27819,50653,8108,290.71,7
27820,50655,8108,304.77,12
27821,50656,8108,359.06,8
27822,50657,8109,506.39,8
27823,50662,8109,218.27,1
27824,50663,8109,453.78,1
27825,50664,8109,328.59,3
27826,50665,8109,420.62,5
27827,50666,8110,357.17,9
27828,50670,8110,323.65,3
27829,50671,8111,359.32,2
27830,50675,8112,189.92,11
27831,50677,8112,275.45,11
27832,50678,8113,341.01,12
27833,50679,8113,201.27,3
27834,50680,8113,325.5,12
27835,50685,8114,241.04,11
27836,50686,8114,360.58,7
27837,50690,8114,362.86,8
27838,50695,8115,439.69,3
27839,50698,8115,353.52,11
27840,50699,8115,221.87,9
27841,50706,8117,269.95,2
27842,50708,8117,204.47,12
27843,50709,8118,354.36,10
27844,50710,8118,277.67,4
27845,50713,8118,321.85,5
27846,50714,8118,305.81,5
27847,50716,8119,204.11,10
27848,50718,8119,347.68,12
27849,50720,8120,396.84,10
27850,50721,8120,255.15,6
27851,50722,8120,291.82,3
27852,50723,8120,384.23,4
27853,50724,8121,254.05,10
27854,50728,8121,310.29,4
27855,50731,8121,359.17,10
27856,50732,8122,406.11,12
27857,50733,8122,334.57,5
27858,50736,8122,251.76,9
27859,50737,8123,344.83,2
27860,50738,8123,279.39,2
27861,50739,8123,311.18,11
27862,50742,8123,221.52,9
27863,50744,8123,241.22,8
27864,50746,8123,371.71,4
27865,50748,8124,341.52,3
27866,50749,8124,286.39,12
27867,50750,8124,244.06,10
27868,50752,8124,430.58,5
27869,50753,8124,365.36,2
27870,50754,8125,512.63,3
27871,50755,8126,246.73,11
27872,50761,8126,196.39,1
27873,50763,8127,353.19,6
27874,50764,8127,308.13,8
27875,50765,8128,302.29,8
27876,50768,8128,222.0,10
27877,50772,8128,322.34,5
27878,50776,8128,266.0,2
27879,50777,8128,232.97,5
27880,50780,8129,266.29,2
27881,50781,8129,184.07,10
27882,50782,8130,405.15,2
27883,50784,8130,311.59,10
27884,50787,8130,308.55,2
27885,50790,8130,435.34,1
27886,50791,8130,268.63,10
27887,50792,8130,221.64,3
27888,50794,8131,369.73,6
27889,50795,8131,219.81,12
27890,50796,8131,128.16,7
27891,50797,8131,373.47,6
27892,50798,8131,338.9,10
27893,50799,8131,284.79,5
27894,50800,8131,206.95,10
27895,50804,8131,367.31,3
27896,50805,8131,276.57,2
27897,50809,8132,387.97,12
27898,50810,8132,369.29,12
27899,50811,8133,246.48,3
27900,50814,8133,202.47,8
27901,50815,8133,357.37,11
27902,50816,8133,352.09,11
27903,50817,8133,349.02,4
27904,50820,8134,318.24,6
27905,50825,8134,406.78,9
27906,50826,8134,606.3,6
27907,50828,8135,472.02,5
27908,50829,8135,343.35,3
27909,50831,8136,389.53,11
27910,50833,8136,298.89,9
27911,50834,8136,124.85,11
27912,50835,8137,458.11,9
27913,50837,8137,257.64,10
27914,50841,8137,201.13,1
27915,50843,8138,416.2,3
27916,50847,8140,535.27,4
27917,50848,8140,364.14,1
27918,50849,8140,299.31,8
27919,50853,8140,415.17,4
27920,50854,8140,351.18,7
27921,50855,8140,203.04,6
27922,50856,8141,228.3,5
27923,50857,8141,276.1,7
27924,50858,8141,354.25,5
27925,50859,8141,392.05,11
27926,50860,8141,285.75,2
27927,50863,8141,413.59,3
27928,50866,8142,449.24,12
27929,50868,8142,305.97,2
27930,50870,8142,193.08,7
27931,50874,8143,385.22,6
27932,50875,8143,482.5,8
27933,50876,8144,279.37,1
27934,50877,8144,471.03,10
27935,50879,8144,266.75,6
27936,50880,8144,306.83,8
27937,50881,8144,431.98,9
27938,50882,8144,296.57,11
27939,50883,8144,196.5,7
27940,50884,8144,382.29,6
27941,50886,8145,206.34,9
27942,50887,8145,403.87,2
27943,50888,8146,390.32,1
27944,50890,8146,453.26,2
27945,50894,8147,240.2,5
27946,50895,8148,241.68,10
27947,50897,8149,319.26,11
27948,50900,8149,282.1,5
27949,50901,8149,174.12,9
27950,50902,8150,294.1,10
27951,50907,8150,324.17,1
27952,50908,8151,365.88,1
27953,50910,8151,338.5,7
27954,50912,8151,301.27,9
27955,50914,8152,461.66,9
27956,50915,8152,288.91,6
27957,50916,8153,263.5,8
27958,50917,8153,301.72,7
27959,50918,8153,371.31,8
27960,50920,8153,277.44,3
27961,50922,8153,367.84,6
27962,50924,8154,368.95,4
27963,50926,8154,261.65,5
27964,50927,8155,277.12,2
27965,50928,8155,489.19,5
27966,50932,8156,331.01,3
27967,50933,8156,86.3,8
27968,50934,8156,253.66,5
27969,50936,8156,374.2,3
27970,50937,8156,315.58,8
27971,50938,8156,320.0,7
27972,50939,8156,383.93,12
27973,50941,8157,247.96,4
27974,50943,8158,333.63,1
27975,50947,8158,303.52,2
27976,50949,8159,340.51,11
27977,50950,8159,287.21,10
27978,50952,8159,290.69,10
27979,50953,8159,361.43,7
27980,50954,8159,236.48,3
27981,50955,8159,266.96,4
27982,50958,8159,463.28,8
27983,50959,8159,366.93,9
27984,50960,8160,398.77,4
27985,50962,8160,324.47,12
27986,50963,8160,333.33,3
27987,50965,8160,246.27,8
27988,50966,8160,343.96,12
27989,50969,8161,344.15,12
27990,50970,8161,395.8,11
27991,50971,8161,296.06,9
27992,50978,8162,318.7,3
27993,50979,8162,559.88,1
27994,50982,8163,323.48,2
27995,50983,8163,245.37,5
27996,50984,8164,367.76,1
27997,50987,8165,333.95,11
27998,50990,8165,241.15,8
27999,50991,8165,357.67,11
28000,50992,8165,411.39,10
28001,50993,8165,259.96,6
28002,50996,8166,433.58,10
28003,50997,8166,262.21,9
28004,50998,8166,246.34,8
28005,50999,8166,331.95,1
28006,51000,8166,385.93,2
28007,51001,8166,395.95,4
28008,51003,8166,348.37,12
28009,51004,8166,218.0,9
28010,51006,8166,240.27,7
28011,51010,8167,289.87,10
28012,51012,8167,369.0,12
28013,51013,8167,284.69,2
28014,51014,8167,408.67,2
28015,51015,8167,490.76,9
28016,51016,8167,235.86,6
28017,51017,8167,324.53,3
28018,51021,8168,372.54,4
28019,51025,8169,395.03,8
28020,51026,8169,339.86,8
28021,51029,8170,309.79,5
28022,51030,8170,179.18,6
28023,51032,8170,283.75,7
28024,51034,8170,374.76,4
28025,51036,8170,441.52,2
28026,51038,8171,219.09,12
28027,51039,8171,433.37,8
28028,51042,8171,410.42,10
28029,51043,8171,337.14,7
28030,51047,8172,249.22,6
28031,51048,8172,445.89,3
28032,51049,8172,311.96,8
28033,51050,8172,362.73,8
28034,51051,8172,247.28,8
28035,51052,8172,190.78,9
28036,51053,8173,380.54,5
28037,51054,8173,355.36,12
28038,51055,8173,361.37,7
28039,51057,8173,223.69,12
28040,51058,8173,390.61,2
28041,51061,8173,385.28,12
28042,51063,8174,543.75,11
28043,51064,8174,296.51,8
28044,51066,8174,166.22,9
28045,51067,8175,280.56,2
28046,51068,8175,284.61,1
28047,51069,8175,330.13,4
28048,51070,8175,380.25,1
28049,51075,8176,270.58,2
28050,51076,8177,415.19,6
28051,51078,8177,320.3,10
28052,51080,8177,128.58,3
28053,51084,8177,315.95,5
28054,51087,8177,263.86,12
28055,51088,8177,331.93,8
28056,51089,8177,414.19,1
28057,51090,8177,214.52,3
28058,51091,8177,305.08,9
28059,51092,8178,467.42,10
28060,51093,8178,285.16,12
28061,51094,8178,262.55,6
28062,51095,8179,488.09,2
28063,51097,8179,365.05,12
28064,51098,8179,448.08,11
28065,51099,8179,258.84,7
28066,51100,8179,281.85,7
28067,51102,8179,230.31,2
28068,51103,8179,366.17,6
28069,51106,8180,258.17,8
28070,51108,8180,239.44,8
28071,51109,8180,332.37,8
28072,51111,8180,350.83,8
28073,51112,8180,313.71,10
28074,51113,8180,330.54,8
28075,51115,8181,459.96,1
28076,51116,8181,413.58,6
28077,51117,8181,315.8,6
28078,51118,8182,377.16,3
28079,51120,8182,397.86,12
28080,51123,8182,349.46,10
28081,51124,8182,251.68,6
28082,51126,8183,154.35,10
28083,51129,8183,484.18,12
28084,51132,8183,323.45,4
28085,51135,8184,362.83,6
28086,51136,8184,240.86,5
28087,51139,8185,299.32,1
28088,51141,8185,248.45,8
28089,51142,8185,229.82,4
28090,51143,8186,349.73,9
28091,51144,8186,350.14,5
28092,51145,8186,331.13,8
28093,51148,8186,329.01,9
28094,51152,8186,367.91,1
28095,51154,8187,75.18,11
28096,51155,8187,391.22,12
28097,51159,8188,523.69,8
28098,51162,8189,187.25,12
28099,51163,8189,148.22,4
28100,51164,8190,167.78,3
28101,51166,8190,409.12,8
28102,51167,8190,213.89,11
28103,51168,8190,337.56,6
28104,51169,8190,364.51,3
28105,51171,8191,304.07,6
28106,51172,8191,276.93,8
28107,51173,8191,290.92,5
28108,51174,8191,202.76,4
28109,51175,8191,392.94,7
28110,51180,8192,418.78,2
28111,51182,8192,338.4,3
28112,51183,8192,242.74,3
28113,51184,8192,314.7,3
28114,51186,8192,301.85,9
28115,51189,8193,266.3,4
28116,51194,8193,322.08,3
28117,51197,8194,294.27,3
28118,51198,8194,422.15,2
28119,51201,8194,238.03,10
28120,51203,8194,300.17,4
28121,51204,8195,241.94,4
28122,51206,8195,315.28,11
28123,51207,8195,343.03,5
28124,51209,8195,296.05,3
28125,51210,8196,398.93,8
28126,51213,8197,469.8,10
28127,51219,8199,50.0,6
28128,51220,8199,399.98,4
28129,51221,8199,315.75,10
28130,51222,8199,319.0,8
28131,51223,8199,296.0,9
28132,51225,8200,374.75,4
28133,51227,8200,325.65,6
28134,51228,8200,392.32,8
28135,51229,8200,321.32,3
28136,51231,8200,368.72,12
28137,51234,8201,390.09,12
28138,51238,8202,308.52,2
28139,51240,8202,388.92,8
28140,51242,8203,364.25,2
28141,51245,8203,336.72,3
28142,51246,8203,257.38,4
28143,51248,8204,244.19,11
28144,51250,8204,354.68,9
28145,51253,8204,377.59,8
28146,51254,8204,290.58,1
28147,51258,8205,384.88,7
28148,51260,8205,257.04,3
28149,51261,8205,309.17,4
28150,51262,8205,267.78,7
28151,51263,8206,261.25,12
28152,51264,8206,247.23,7
28153,51266,8206,628.55,4
28154,51267,8206,421.28,7
28155,51269,8206,363.58,10
28156,51271,8207,284.34,5
28157,51273,8207,218.95,7
28158,51274,8207,182.94,3
28159,51275,8207,305.48,1
28160,51277,8207,402.69,5
28161,51279,8208,225.42,9
28162,51280,8208,370.95,5
28163,51286,8208,337.34,10
28164,51287,8208,333.08,3
28165,51288,8208,558.71,11
28166,51290,8208,344.69,1
28167,51295,8209,339.6,9
28168,51296,8210,267.6,9
28169,51297,8210,260.65,5
28170,51298,8210,220.82,6
28171,51299,8210,201.62,12
28172,51300,8211,298.14,10
28173,51301,8211,366.71,7
28174,51303,8212,151.99,12
28175,51304,8212,307.71,1
28176,51305,8212,248.72,2
28177,51307,8212,389.98,5
28178,51309,8213,284.64,3
28179,51310,8213,395.3,12
28180,51313,8213,266.98,5
28181,51316,8213,362.62,3
28182,51317,8214,320.03,5
28183,51321,8214,363.01,6
28184,51325,8214,410.68,2
28185,51326,8214,487.27,8
28186,51329,8215,330.88,6
28187,51331,8215,317.4,12
28188,51334,8215,448.29,8
28189,51335,8215,258.94,5
28190,51337,8216,362.74,8
28191,51338,8216,267.05,6
28192,51341,8216,307.35,2
28193,51342,8216,254.98,11
28194,51345,8216,380.02,3
28195,51346,8216,299.63,9
28196,51351,8218,210.37,11
28197,51352,8218,207.1,12
28198,51354,8218,331.77,5
28199,51355,8218,416.84,4
28200,51357,8218,153.23,8
28201,51360,8219,295.55,9
28202,51364,8219,265.33,7
28203,51367,8220,400.16,11
28204,51368,8220,233.33,11
28205,51369,8220,317.92,10
28206,51370,8220,205.8,2
28207,51371,8220,427.68,8
28208,51373,8220,236.3,4
28209,51374,8220,424.57,4
28210,51376,8221,324.94,2
28211,51378,8222,239.45,6
28212,51381,8222,374.76,4
28213,51383,8222,387.91,4
28214,51384,8222,473.6,4
28215,51386,8222,370.52,12
28216,51387,8222,379.31,1
28217,51388,8222,396.04,1
28218,51390,8223,50.0,11
28219,51391,8223,354.65,10
28220,51392,8223,410.7,11
28221,51396,8224,340.74,7
28222,51397,8224,274.28,6
28223,51398,8225,256.67,6
28224,51400,8225,316.11,5
28225,51401,8225,308.0,8
28226,51403,8225,338.64,2
28227,51406,8226,320.28,4
28228,51409,8227,376.86,8
28229,51412,8227,202.14,3
28230,51415,8228,392.05,3
28231,51417,8228,434.13,7
28232,51418,8228,169.13,11
28233,51419,8228,280.63,2
28234,51421,8228,396.05,10
28235,51426,8228,357.87,7
28236,51432,8229,216.47,4
28237,51435,8229,373.44,7
28238,51437,8230,151.33,11
28239,51439,8230,365.21,6
28240,51440,8230,441.23,11
28241,51441,8230,317.57,12
28242,51446,8231,392.46,3
28243,51450,8232,349.98,3
28244,51451,8232,252.47,5
28245,51454,8232,269.07,11
28246,51455,8232,292.04,6
28247,51456,8232,297.76,8
28248,51458,8232,424.9,10
28249,51459,8233,454.05,11
28250,51460,8233,398.0,3
28251,51461,8233,452.98,11
28252,51462,8233,344.98,12
28253,51463,8233,79.62,5
28254,51465,8234,320.33,11
28255,51467,8234,250.28,8
28256,51469,8235,380.42,6
28257,51471,8236,307.23,11
28258,51472,8236,348.2,5
28259,51473,8236,324.58,11
28260,51474,8236,270.45,2
28261,51477,8237,244.45,5
28262,51480,8237,276.09,3
28263,51481,8237,359.47,6
28264,51482,8237,443.75,2
28265,51486,8237,359.43,10
28266,51487,8238,549.41,10
28267,51492,8239,377.24,10
28268,51494,8240,339.68,3
28269,51495,8240,422.51,4
28270,51496,8240,191.51,1
28271,51497,8240,262.09,2
28272,51498,8240,375.28,12
28273,51499,8240,254.85,12
28274,51500,8240,448.98,7
28275,51503,8240,275.77,7
28276,51506,8241,393.67,4
28277,51508,8241,329.66,3
28278,51509,8241,495.25,11
28279,51510,8241,386.49,9
28280,51513,8241,373.1,1
28281,51515,8242,287.94,12
28282,51517,8242,268.85,12
28283,51518,8242,326.36,3
28284,51525,8242,370.4,3
28285,51526,8243,350.56,12
28286,51527,8243,189.39,10
28287,51530,8243,289.73,2
28288,51535,8244,349.24,3
28289,51538,8244,233.46,1
28290,51541,8244,356.63,5
28291,51542,8244,280.43,9
28292,51543,8244,373.24,1
28293,51545,8244,300.09,8
28294,51547,8245,324.34,4
28295,51548,8245,335.77,7
28296,51549,8245,367.53,8
28297,51551,8246,396.8,6
28298,51552,8246,213.36,5
28299,51553,8247,318.36,4
28300,51554,8248,332.62,8
28301,51555,8248,600.78,12
28302,51556,8248,401.12,5
28303,51557,8248,330.98,5
28304,51558,8248,209.18,6
28305,51559,8248,303.56,10
28306,51560,8249,528.01,4
28307,51562,8250,185.4,11
28308,51563,8250,301.19,5
28309,51564,8250,438.86,1
28310,51566,8250,519.76,1
28311,51567,8250,302.65,12
28312,51569,8251,376.07,10
28313,51571,8251,408.62,7
28314,51573,8251,382.83,12
28315,51574,8252,348.23,4
28316,51575,8252,445.86,4
28317,51576,8252,428.75,7
28318,51577,8252,364.94,7
28319,51579,8252,477.07,12
28320,51584,8252,337.08,5
28321,51585,8253,340.99,7
28322,51588,8253,301.82,10
28323,51589,8253,107.63,5
28324,51591,8253,343.37,10
28325,51592,8253,338.0,12
28326,51593,8253,215.5,11
28327,51594,8253,260.02,4
28328,51595,8254,412.5,9
28329,51597,8254,201.1,8
28330,51599,8256,318.69,12
28331,51600,8256,398.32,4
28332,51602,8256,221.67,11
28333,51603,8256,328.57,6
28334,51604,8256,355.53,10
28335,51605,8256,399.06,2
28336,51606,8256,347.29,12
28337,51608,8256,362.31,11
28338,51610,8257,277.07,6
28339,51614,8257,358.68,1
28340,51616,8257,391.63,11
28341,51618,8258,195.36,2
28342,51621,8259,361.65,11
28343,51622,8259,568.23,9
28344,51623,8259,271.84,4
28345,51626,8260,335.09,11
28346,51628,8260,251.82,9
28347,51629,8261,431.78,4
28348,51630,8261,365.44,12
28349,51633,8261,313.48,1
28350,51634,8261,392.74,3
28351,51635,8261,405.38,4
28352,51636,8261,215.08,11
28353,51637,8261,361.31,2
28354,51639,8262,352.25,8
28355,51640,8262,321.05,4
28356,51641,8262,320.85,2
28357,51643,8262,393.04,5
28358,51645,8262,192.64,3
28359,51647,8262,275.87,8
28360,51648,8262,330.82,7
28361,51650,8263,272.73,1
28362,51651,8263,312.76,9
28363,51652,8263,290.09,8
28364,51654,8263,415.13,3
28365,51657,8263,320.63,11
28366,51659,8263,476.23,7
28367,51660,8263,320.59,6
28368,51661,8263,419.07,2
28369,51664,8264,370.96,2
28370,51666,8264,449.95,5
28371,51671,8264,291.84,6
28372,51672,8265,340.27,1
28373,51673,8265,203.01,11
28374,51675,8265,191.73,5
28375,51677,8266,397.84,11
28376,51678,8266,254.52,5
28377,51680,8266,410.56,11
28378,51682,8267,316.82,3
28379,51683,8267,401.78,3
28380,51684,8267,392.93,10
28381,51685,8267,101.03,10
28382,51687,8268,294.17,7
28383,51693,8269,226.11,4
28384,51696,8269,50.0,5
28385,51698,8269,259.36,2
28386,51700,8269,172.29,1
28387,51701,8269,316.87,7
28388,51702,8269,251.91,9
28389,51703,8270,365.75,4
28390,51704,8270,328.02,12
28391,51705,8270,402.13,12
28392,51706,8270,397.38,1
28393,51710,8271,395.66,4
28394,51711,8271,347.69,11
28395,51712,8271,289.09,12
28396,51713,8271,275.81,6
28397,51715,8271,258.24,7
28398,51717,8271,302.1,10
28399,51718,8271,399.14,12
28400,51722,8272,407.18,12
28401,51725,8272,182.5,10
28402,51728,8273,337.43,11
28403,51729,8273,326.01,5
28404,51730,8273,225.29,11
28405,51731,8273,388.4,7
28406,51733,8273,493.39,4
28407,51734,8273,280.87,11
28408,51737,8274,316.74,2
28409,51740,8275,367.4,2
28410,51742,8276,543.15,1
28411,51744,8276,400.67,2
28412,51745,8276,260.92,2
28413,51746,8276,251.24,12
28414,51747,8276,320.18,11
28415,51748,8276,313.23,7
28416,51749,8276,389.28,12
28417,51750,8276,320.11,11
28418,51752,8277,339.55,4
28419,51755,8277,252.13,7
28420,51758,8277,307.04,1
28421,51759,8278,364.24,12
28422,51761,8278,516.08,7
28423,51763,8279,316.63,7
28424,51764,8279,344.86,4
28425,51766,8279,275.42,6
28426,51767,8279,249.98,11
28427,51768,8279,366.11,5
28428,51770,8279,362.89,11
28429,51771,8279,202.14,6
28430,51776,8280,197.33,5
28431,51778,8280,406.02,4
28432,51779,8281,250.85,8
28433,51780,8281,332.78,5
28434,51784,8281,346.25,10
28435,51785,8281,334.98,12
28436,51786,8281,297.72,3
28437,51787,8281,377.83,10
28438,51788,8281,427.31,1
28439,51789,8282,319.92,4
28440,51790,8282,194.88,9
28441,51792,8282,218.15,8
28442,51793,8283,447.42,12
28443,51795,8283,249.61,12
28444,51796,8283,405.53,12
28445,51797,8283,199.21,12
28446,51799,8283,207.04,7
28447,51800,8283,359.11,2
28448,51802,8284,255.03,5
28449,51803,8284,438.92,6
28450,51804,8284,317.89,9
28451,51806,8284,239.16,3
28452,51808,8284,206.96,12
28453,51810,8285,487.82,5
28454,51811,8285,302.65,6
28455,51813,8287,311.89,8
28456,51815,8287,300.31,8
28457,51816,8287,339.24,12
28458,51821,8288,340.46,2
28459,51823,8288,322.82,4
28460,51827,8288,163.85,10
28461,51828,8289,386.25,8
28462,51829,8289,297.04,10
28463,51831,8289,415.21,3
28464,51837,8290,467.75,11
28465,51838,8290,318.7,10
28466,51839,8290,336.02,12
28467,51840,8290,290.96,4
28468,51841,8290,201.52,10
28469,51843,8290,449.57,9
28470,51844,8290,284.75,1
28471,51846,8291,339.3,4
28472,51848,8291,164.94,4
28473,51849,8292,220.99,12
28474,51850,8292,117.62,3
28475,51851,8292,333.1,5
28476,51852,8292,238.53,10
28477,51855,8292,277.5,9
28478,51856,8293,332.61,3
28479,51857,8293,181.72,8
28480,51859,8293,270.43,11
28481,51860,8293,340.88,1
28482,51867,8295,331.64,1
28483,51868,8295,123.28,1
28484,51871,8295,358.39,9
28485,51874,8296,217.75,12
28486,51875,8296,336.93,12
28487,51876,8296,338.4,4
28488,51877,8296,443.54,7
28489,51878,8297,319.78,4
28490,51879,8297,278.58,2
28491,51881,8297,227.97,12
28492,51882,8297,352.06,9
28493,51883,8297,187.78,5
28494,51886,8298,251.4,4
28495,51887,8299,51.26,6
28496,51888,8299,184.88,10
28497,51889,8299,403.85,7
28498,51890,8299,241.53,5
28499,51893,8300,289.72,10
28500,51898,8300,235.28,7
28501,51899,8300,412.58,9
28502,51901,8301,284.98,9
28503,51902,8301,322.66,12
28504,51904,8301,248.54,7
28505,51905,8301,499.2,1
28506,51906,8302,197.34,2
28507,51909,8302,270.99,2
28508,51912,8303,446.69,5
28509,51913,8303,304.99,6
28510,51918,8303,359.5,1
28511,51919,8303,376.33,1
28512,51920,8303,367.92,5
28513,51921,8304,418.75,5
28514,51924,8304,390.29,6
28515,51925,8305,144.94,5
28516,51928,8305,385.52,5
28517,51930,8305,285.75,3
28518,51931,8305,364.76,8
28519,51932,8305,214.13,6
28520,51934,8305,388.9,4
28521,51935,8306,280.77,12
28522,51936,8306,277.63,12
28523,51938,8306,396.72,9
28524,51940,8306,269.78,1
28525,51941,8306,320.49,7
28526,51945,8307,332.31,8
28527,51946,8308,342.73,3
28528,51948,8308,290.95,7
28529,51950,8309,290.04,3
28530,51952,8310,275.1,6
28531,51954,8310,398.68,7
28532,51955,8310,333.41,7
28533,51956,8310,406.81,3
28534,51962,8311,387.82,12
28535,51963,8311,380.29,1
28536,51964,8312,275.29,7
28537,51965,8312,327.34,5
28538,51966,8312,145.94,12
28539,51967,8312,183.84,3
28540,51968,8312,50.0,10
28541,51970,8312,290.61,1
28542,51971,8312,435.7,4
28543,51973,8313,377.44,8
28544,51976,8313,256.7,10
28545,51977,8313,442.57,1
28546,51978,8313,298.67,8
28547,51979,8313,452.83,12
28548,51980,8313,173.43,4
28549,51981,8314,323.08,9
28550,51985,8315,228.71,11
28551,51990,8317,308.73,2
28552,51991,8317,156.59,5
28553,51995,8318,257.82,1
28554,51997,8318,403.06,3
28555,51999,8318,368.79,12
28556,52000,8318,367.2,4
28557,52001,8318,309.55,6
28558,52004,8320,266.25,4
28559,52006,8320,296.86,5
28560,52007,8320,358.53,5
28561,52009,8320,370.87,3
28562,52013,8321,177.75,11
28563,52014,8321,330.05,12
28564,52017,8322,353.46,10
28565,52018,8322,258.62,6
28566,52025,8323,369.25,11
28567,52028,8324,220.4,7
28568,52029,8324,348.64,6
28569,52033,8324,76.85,8
28570,52034,8324,271.93,4
28571,52035,8324,257.39,7
28572,52038,8325,440.0,1
28573,52040,8326,289.64,8
28574,52041,8326,227.76,3
28575,52045,8327,410.45,8
28576,52046,8327,324.75,9
28577,52047,8327,345.62,8
28578,52050,8328,261.44,3
28579,52051,8328,446.81,11
28580,52052,8328,289.37,8
28581,52053,8328,292.38,7
28582,52054,8328,355.52,9
28583,52055,8328,364.35,8
28584,52058,8329,532.61,6
28585,52059,8329,419.22,9
28586,52061,8330,341.71,6
28587,52063,8331,225.75,9
28588,52067,8332,224.26,7
28589,52070,8333,324.55,4
28590,52071,8333,484.28,1
28591,52074,8335,442.67,12
28592,52078,8335,365.11,2
28593,52080,8336,187.15,11
28594,52081,8337,227.22,7
28595,52086,8338,286.1,9
28596,52087,8338,313.86,12
28597,52089,8338,282.86,8
28598,52090,8338,426.04,12
28599,52091,8338,444.51,11
28600,52095,8340,283.97,11
28601,52098,8341,279.45,4
28602,52104,8342,285.78,6
28603,52105,8342,278.45,4
28604,52107,8342,355.04,7
28605,52108,8343,292.99,5
28606,52112,8344,416.29,3
28607,52114,8344,299.81,12
28608,52116,8344,250.07,6
28609,52118,8344,320.62,8
28610,52119,8344,304.16,6
28611,52121,8344,322.7,3
28612,52126,8345,297.8,4
28613,52127,8345,139.22,7
28614,52129,8345,261.81,4
28615,52131,8345,398.56,7
28616,52132,8345,272.35,5
28617,52133,8345,153.9,7
28618,52134,8345,328.65,10
28619,52136,8345,401.07,4
28620,52138,8346,468.08,8
28621,52139,8346,384.12,7
28622,52141,8347,413.13,10
28623,52143,8348,392.95,8
28624,52145,8348,333.54,7
28625,52146,8348,217.54,8
28626,52147,8348,310.76,10
28627,52148,8348,381.9,10
28628,52151,8348,325.1,9
28629,52153,8348,425.07,1
28630,52154,8348,341.41,8
28631,52157,8348,288.87,12
28632,52158,8349,358.1,4
28633,52159,8349,250.99,3
28634,52160,8349,326.01,5
28635,52161,8349,295.06,10
28636,52162,8349,225.63,12
28637,52167,8350,386.11,4
28638,52171,8351,235.47,12
28639,52172,8351,344.06,11
28640,52175,8352,286.47,12
28641,52177,8352,348.49,8
28642,52178,8352,323.5,1
28643,52182,8353,266.53,8
28644,52183,8353,316.57,4
28645,52184,8353,326.64,2
28646,52186,8354,433.66,7
28647,52187,8354,486.27,3
28648,52189,8354,231.29,2
28649,52191,8355,259.81,12
28650,52192,8355,111.06,12
28651,52193,8355,215.01,11
28652,52194,8355,235.66,8
28653,52195,8355,128.9,5
28654,52196,8356,175.25,6
28655,52199,8357,294.25,4
28656,52200,8357,273.2,1
28657,52202,8357,279.76,9
28658,52205,8357,241.67,1
28659,52206,8357,572.08,9
28660,52209,8357,353.57,2
28661,52212,8358,315.57,10
28662,52213,8358,435.35,8
28663,52216,8358,303.88,4
28664,52217,8358,195.02,10
28665,52218,8358,252.04,8
28666,52219,8358,464.04,4
28667,52220,8358,288.73,5
28668,52221,8359,161.82,2
28669,52225,8360,389.16,3
28670,52226,8360,349.89,9
28671,52227,8360,266.2,1
28672,52228,8360,336.31,8
28673,52231,8361,438.93,3
28674,52234,8361,384.64,12
28675,52235,8361,300.01,12
28676,52237,8362,425.78,3
28677,52238,8362,456.12,5
28678,52239,8362,231.68,8
28679,52243,8363,517.45,6
28680,52244,8363,329.61,10
28681,52245,8363,380.58,8
28682,52246,8363,329.71,1
28683,52247,8363,373.06,12
28684,52248,8363,368.48,12
28685,52249,8364,273.9,9
28686,52250,8365,341.61,6
28687,52252,8365,421.58,12
28688,52253,8365,272.48,12
28689,52262,8367,410.82,10
28690,52265,8367,189.76,4
28691,52266,8367,381.32,11
28692,52268,8367,570.23,11
28693,52269,8367,359.63,11
28694,52271,8367,199.23,8
28695,52273,8368,399.82,10
28696,52274,8368,461.36,8
28697,52275,8368,368.58,10
28698,52277,8368,285.03,4
28699,52280,8369,237.26,2
28700,52282,8369,327.61,6
28701,52283,8370,372.18,1
28702,52288,8370,156.63,6
28703,52289,8370,442.16,8
28704,52290,8370,54.47,11
28705,52291,8370,409.34,7
28706,52293,8371,390.7,11
28707,52294,8371,417.02,6
28708,52296,8371,199.52,12
28709,52297,8371,413.39,5
28710,52303,8372,535.75,6
28711,52306,8373,307.51,9
28712,52307,8373,344.07,10
28713,52309,8373,192.77,7
28714,52314,8374,250.16,5
28715,52316,8375,294.55,10
28716,52317,8375,200.92,2
28717,52319,8376,223.68,10
28718,52320,8376,282.13,5
28719,52322,8376,370.59,7
28720,52323,8376,191.61,12
28721,52326,8377,315.51,12
28722,52330,8377,177.68,11
28723,52334,8377,315.27,9
28724,52336,8377,446.78,9
28725,52338,8378,344.18,10
28726,52339,8378,429.63,12
28727,52342,8378,322.4,5
28728,52344,8378,352.83,4
28729,52346,8378,244.03,8
28730,52347,8378,382.98,4
28731,52348,8378,263.67,9
28732,52349,8378,210.14,2
28733,52350,8378,315.86,11
28734,52351,8379,184.48,7
28735,52352,8379,377.12,6
28736,52353,8379,493.99,8
28737,52354,8379,294.48,9
28738,52355,8379,298.61,12
28739,52357,8379,365.19,6
28740,52358,8379,373.51,4
28741,52360,8380,331.68,7
28742,52362,8380,174.04,12
28743,52364,8380,428.57,11
28744,52365,8380,416.83,9
28745,52366,8380,210.07,9
28746,52368,8380,68.12,12
28747,52369,8380,565.11,4
28748,52371,8380,254.63,8
28749,52373,8381,193.03,3
28750,52374,8381,58.6,8
28751,52375,8381,274.29,12
28752,52376,8381,369.63,11
28753,52377,8381,492.49,9
28754,52379,8381,285.87,3
28755,52381,8382,156.34,9
28756,52383,8382,358.99,10
28757,52388,8382,346.17,8
28758,52392,8384,257.15,1
28759,52395,8384,291.37,12
28760,52399,8385,333.86,12
28761,52401,8385,392.54,2
28762,52402,8385,370.0,3
28763,52404,8385,343.86,3
28764,52405,8385,324.4,5
28765,52406,8386,494.82,11
28766,52409,8386,368.93,5
28767,52412,8387,419.82,6
28768,52414,8387,398.88,9
28769,52416,8388,351.81,3
28770,52417,8388,454.11,9
28771,52418,8388,251.69,10
28772,52423,8388,394.36,4
28773,52424,8388,201.55,9
28774,52426,8389,325.94,2
28775,52427,8390,146.27,4
28776,52429,8391,206.72,8
28777,52430,8391,281.97,1
28778,52434,8391,483.82,8
28779,52437,8391,305.16,9
28780,52439,8391,386.18,2
28781,52440,8391,455.8,10
28782,52441,8392,299.98,4
28783,52442,8392,475.05,2
28784,52444,8392,316.47,6
28785,52445,8392,227.57,5
28786,52446,8392,419.16,7
28787,52447,8392,376.5,9
28788,52448,8392,293.17,7
28789,52450,8393,233.94,9
28790,52451,8393,410.73,5
28791,52454,8393,220.16,6
28792,52456,8393,124.84,10
28793,52458,8393,424.8,7
28794,52461,8394,399.46,1
28795,52462,8394,381.26,2
28796,52463,8394,294.84,2
28797,52464,8394,381.62,2
28798,52466,8394,252.14,1
28799,52467,8394,336.18,6
28800,52468,8395,480.1,10
28801,52473,8395,317.1,7
28802,52474,8395,362.69,12
28803,52476,8395,199.84,6
28804,52478,8396,277.26,9
28805,52479,8396,300.0,5
28806,52481,8397,419.38,2
28807,52482,8397,505.6,11
28808,52484,8397,350.86,1
28809,52485,8397,164.56,11
28810,52486,8398,213.88,11
28811,52487,8398,424.34,3
28812,52488,8398,257.11,2
28813,52491,8400,390.05,10
28814,52492,8400,352.23,7
28815,52494,8400,324.05,7
28816,52495,8400,345.06,2
28817,52501,8401,336.45,4
28818,52502,8401,200.88,5
28819,52503,8401,294.37,10
28820,52504,8401,512.21,8
28821,52507,8401,220.93,3
28822,52508,8401,218.26,1
28823,52509,8402,279.37,4
28824,52512,8402,490.52,5
28825,52513,8402,238.42,5
28826,52515,8402,276.26,8
28827,52520,8403,228.5,8
28828,52521,8403,273.02,10
28829,52523,8403,294.89,8
28830,52524,8403,364.33,5
28831,52527,8404,173.47,3
28832,52531,8404,342.22,12
28833,52532,8405,231.31,6
28834,52534,8405,360.22,4
28835,52536,8406,185.78,5
28836,52538,8406,294.99,5
28837,52539,8406,237.15,2
28838,52540,8406,329.23,4
28839,52542,8407,461.6,10
28840,52543,8407,373.42,12
28841,52544,8407,376.21,8
28842,52546,8407,313.6,6
28843,52548,8407,302.35,8
28844,52551,8407,307.38,11
28845,52552,8407,297.36,11
28846,52556,8407,263.78,11
28847,52558,8408,253.98,11
28848,52559,8408,252.32,5
28849,52562,8409,294.16,2
28850,52564,8409,234.25,2
28851,52565,8410,338.46,7
28852,52566,8410,183.54,1
28853,52569,8411,351.93,12
28854,52570,8411,317.83,6
28855,52571,8411,468.9,1
28856,52574,8412,436.87,10
28857,52575,8413,224.62,9
28858,52576,8414,318.37,7
28859,52577,8414,349.64,4
28860,52578,8414,265.4,7
28861,52579,8415,238.33,5
28862,52580,8415,341.37,7
28863,52581,8415,379.41,9
28864,52582,8415,322.79,2
28865,52583,8415,304.65,12
28866,52584,8415,303.43,2
28867,52585,8415,218.16,10
28868,52586,8415,383.17,6
28869,52587,8415,338.5,9
28870,52589,8415,331.27,12
28871,52591,8415,363.05,12
28872,52592,8415,556.91,6
28873,52593,8415,489.52,10
28874,52594,8415,360.55,9
28875,52598,8416,264.43,9
28876,52600,8417,397.62,10
28877,52602,8417,299.98,9
28878,52603,8417,331.82,4
28879,52606,8419,396.38,6
28880,52607,8419,366.16,5
28881,52608,8419,337.31,3
28882,52610,8419,372.47,9
28883,52611,8420,418.5,7
28884,52613,8420,201.37,4
28885,52614,8420,369.36,8
28886,52615,8420,239.06,5
28887,52616,8420,359.73,7
28888,52617,8421,213.86,2
28889,52618,8421,323.0,12
28890,52619,8421,331.4,4
28891,52621,8422,311.73,8
28892,52622,8422,379.67,1
28893,52626,8422,291.53,5
28894,52627,8422,298.35,2
28895,52633,8423,312.43,4
28896,52635,8423,260.3,3
28897,52636,8423,279.32,10
28898,52638,8423,384.99,4
28899,52639,8424,389.22,6
28900,52642,8424,249.4,9
28901,52643,8424,380.86,9
28902,52644,8424,188.04,11
28903,52645,8424,291.18,3
28904,52649,8425,217.89,3
28905,52650,8425,326.92,7
28906,52651,8425,320.63,1
28907,52655,8426,446.09,10
28908,52656,8426,438.51,4
28909,52657,8426,279.85,3
28910,52658,8427,324.29,3
28911,52659,8427,240.61,8
28912,52661,8427,261.08,8
28913,52662,8427,181.5,8
28914,52663,8427,370.79,10
28915,52664,8427,254.04,5
28916,52670,8428,252.77,12
28917,52673,8428,277.45,10
28918,52674,8428,276.26,9
28919,52676,8430,239.47,7
28920,52678,8430,391.95,4
28921,52679,8430,323.99,8
28922,52680,8431,258.79,4
28923,52681,8431,313.71,10
28924,52683,8432,302.8,8
28925,52685,8432,303.81,8
28926,52687,8432,372.64,10
28927,52689,8432,353.68,9
28928,52690,8433,492.62,2
28929,52691,8433,232.23,3
28930,52693,8433,471.67,11
28931,52695,8433,350.86,9
28932,52696,8434,312.06,11
28933,52700,8435,238.25,3
28934,52702,8435,267.34,12
28935,52703,8435,331.52,4
28936,52707,8436,223.15,10
28937,52708,8436,311.51,12
28938,52709,8436,488.77,7
28939,52712,8437,344.02,9
28940,52714,8437,360.57,10
28941,52716,8437,227.54,2
28942,52718,8437,363.76,6
28943,52720,8437,179.64,7
28944,52721,8438,114.32,5
28945,52724,8438,361.02,3
28946,52725,8438,331.86,2
28947,52728,8438,444.44,3
28948,52733,8439,159.4,7
28949,52734,8439,393.88,8
28950,52739,8439,299.56,1
28951,52740,8440,383.29,1
28952,52742,8441,192.2,4
28953,52747,8441,362.15,9
28954,52748,8441,179.85,10
28955,52750,8442,444.03,3
28956,52751,8442,268.08,5
28957,52754,8442,301.26,3
28958,52755,8443,352.15,3
28959,52756,8443,238.13,9
28960,52757,8443,386.36,1
28961,52761,8443,424.12,4
28962,52762,8443,178.41,9
28963,52764,8444,278.39,5
28964,52766,8444,266.87,2
28965,52767,8444,226.76,11
28966,52768,8444,314.73,5
28967,52771,8444,355.23,9
28968,52773,8446,244.05,7
28969,52774,8446,465.68,11
28970,52776,8446,319.11,2
28971,52777,8446,332.44,1
28972,52778,8446,337.56,10
28973,52779,8446,192.84,8
28974,52780,8446,178.03,8
28975,52782,8446,428.63,4
28976,52784,8447,437.72,4
28977,52786,8447,406.6,5
28978,52787,8447,279.24,8
28979,52788,8447,252.05,1
28980,52789,8447,270.09,7
28981,52792,8448,132.85,11
28982,52793,8448,292.65,7
28983,52794,8448,310.71,6
28984,52795,8448,305.9,8
28985,52797,8448,256.49,11
28986,52798,8448,339.51,9
28987,52799,8449,412.06,1
28988,52801,8449,229.01,4
28989,52803,8449,271.93,6
28990,52805,8450,50.0,2
28991,52806,8450,432.36,4
28992,52808,8450,269.86,9
28993,52809,8450,328.93,11
28994,52810,8450,273.07,6
28995,52812,8450,327.51,12
28996,52813,8451,368.26,3
28997,52816,8451,259.79,5
28998,52817,8452,360.72,7
28999,52818,8452,160.15,2
29000,52819,8452,384.6,4
29001,52820,8452,241.59,8
29002,52822,8452,371.01,3
29003,52830,8453,363.35,9
29004,52835,8454,561.73,2
29005,52837,8455,400.05,2
29006,52839,8455,428.97,11
29007,52840,8456,344.91,12
29008,52841,8456,334.24,8
29009,52843,8456,148.39,4
29010,52844,8456,444.92,10
29011,52845,8456,495.67,5
29012,52846,8457,318.94,6
29013,52847,8457,256.97,6
29014,52849,8458,266.42,10
29015,52850,8458,302.79,7
29016,52852,8458,248.33,12
29017,52853,8458,342.55,5
29018,52855,8459,405.36,1
29019,52858,8460,307.8,3
29020,52859,8460,361.49,8
29021,52861,8460,407.13,6
29022,52863,8460,286.11,11
29023,52864,8460,466.42,1
29024,52865,8460,493.82,7
29025,52866,8460,439.37,1
29026,52868,8461,342.68,6
29027,52869,8461,228.56,11
29028,52871,8462,371.17,12
29029,52873,8462,355.01,11
29030,52874,8462,485.14,3
29031,52876,8462,288.28,9
29032,52877,8462,253.67,7
29033,52878,8463,483.9,10
29034,52879,8463,299.28,9
29035,52881,8463,321.89,6
29036,52882,8463,262.39,10
29037,52883,8463,337.48,7
29038,52884,8463,320.18,3
29039,52887,8463,319.32,3
29040,52890,8465,333.06,11
29041,52893,8465,323.13,3
29042,52894,8465,207.73,6
29043,52897,8465,423.6,7
29044,52899,8466,397.06,6
29045,52900,8467,371.54,7
29046,52904,8468,255.62,1
29047,52906,8468,420.68,1
29048,52908,8468,313.76,5
29049,52910,8468,283.59,10
29050,52911,8469,303.59,8
29051,52912,8470,306.95,4
29052,52915,8470,214.64,4
29053,52918,8470,389.72,4
29054,52919,8470,334.63,3
29055,52920,8471,398.47,5
29056,52922,8472,268.59,2
29057,52923,8472,356.5,9
29058,52925,8473,311.85,8
29059,52926,8473,281.99,2
29060,52927,8473,351.54,6
29061,52928,8473,381.7,5
29062,52931,8474,265.59,7
29063,52937,8475,462.02,5
29064,52938,8475,297.7,3
29065,52946,8477,516.79,6
29066,52948,8477,252.76,2
29067,52949,8477,289.44,7
29068,52950,8477,132.46,9
29069,52952,8477,319.65,5
29070,52954,8477,428.64,2
29071,52955,8477,229.16,6
29072,52957,8477,378.03,11
29073,52958,8478,260.99,8
29074,52959,8478,348.08,5
29075,52963,8480,398.23,9
29076,52964,8480,520.69,1
29077,52965,8480,429.83,9
29078,52966,8480,292.88,1
29079,52967,8480,181.25,4
29080,52968,8481,365.16,4
29081,52969,8481,449.56,2
29082,52975,8481,324.74,12
29083,52976,8481,281.57,3
29084,52978,8481,392.45,4
29085,52979,8481,305.55,10
29086,52980,8481,295.28,9
29087,52982,8482,348.45,1
29088,52983,8482,387.77,7
29089,52985,8482,223.4,9
29090,52986,8482,162.77,10
29091,52987,8482,213.01,9
29092,52988,8482,247.03,3
29093,52989,8482,495.75,8
29094,52990,8482,278.47,9
29095,52991,8482,366.77,4
29096,52992,8482,268.83,10
29097,52994,8483,258.85,4
29098,52996,8483,417.86,10
29099,52997,8484,157.89,2
29100,52998,8484,437.89,3
29101,52999,8485,319.56,12
29102,53000,8485,329.81,11
29103,53002,8485,417.44,4
29104,53003,8485,447.68,10
29105,53006,8486,240.09,6
29106,53008,8486,182.77,6
29107,53009,8486,170.97,7
29108,53010,8486,321.76,4
29109,53011,8486,236.74,8
29110,53013,8486,204.45,2
29111,53015,8487,366.79,12
29112,53016,8487,372.94,5
29113,53020,8488,296.62,2
29114,53023,8488,296.23,12
29115,53024,8489,342.5,9
29116,53025,8489,209.5,8
29117,53028,8490,370.31,12
29118,53029,8490,388.67,7
29119,53036,8491,438.95,12
29120,53037,8491,155.67,3
29121,53040,8491,366.07,6
29122,53041,8491,372.44,10
29123,53042,8492,464.21,6
29124,53043,8492,302.43,7
29125,53047,8492,302.71,1
29126,53050,8492,299.47,8
29127,53053,8493,284.03,1
29128,53055,8495,239.2,7
29129,53056,8495,228.09,1
29130,53059,8495,258.1,10
29131,53060,8495,360.69,10
29132,53061,8496,239.23,2
29133,53063,8496,376.78,1
29134,53066,8496,316.99,9
29135,53067,8496,369.03,8
29136,53068,8496,383.07,10
29137,53071,8497,295.11,7
29138,53072,8497,425.73,8
29139,53077,8499,423.62,8
29140,53080,8499,214.08,7
29141,53082,8499,257.27,9
29142,53085,8499,290.34,12
29143,53087,8500,412.2,4
29144,53088,8500,436.88,10
29145,53090,8501,346.94,8
29146,53093,8501,448.07,8
29147,53094,8501,288.72,8
29148,53097,8502,455.19,12
29149,53098,8502,405.38,7
29150,53099,8502,335.79,11
29151,53101,8502,378.93,6
29152,53103,8502,427.61,6
29153,53104,8502,280.26,5
29154,53105,8502,263.4,3
29155,53108,8503,369.34,6
29156,53109,8503,302.73,7
29157,53113,8504,320.28,6
29158,53114,8504,459.53,2
29159,53118,8505,247.73,6
29160,53119,8505,398.99,12
29161,53120,8505,344.76,10
29162,53121,8505,220.2,11
29163,53123,8505,205.15,9
29164,53126,8506,110.27,4
29165,53128,8506,280.2,3
29166,53130,8506,223.37,1
29167,53134,8507,323.64,12
29168,53136,8508,336.44,11
29169,53139,8508,166.1,7
29170,53142,8508,132.31,7
29171,53144,8508,369.66,8
29172,53145,8508,283.31,1
29173,53146,8508,242.85,12
29174,53151,8510,295.3,7
29175,53153,8510,359.74,2
29176,53158,8511,407.09,2
29177,53160,8513,318.54,11
29178,53161,8513,341.95,6
29179,53164,8513,402.89,10
29180,53165,8513,400.94,2
29181,53168,8514,422.14,11
29182,53170,8514,203.93,1
29183,53171,8514,67.73,4
29184,53174,8514,248.94,5
29185,53175,8514,404.22,10
29186,53176,8514,314.73,1
29187,53177,8514,433.48,11
29188,53178,8515,207.24,10
29189,53179,8515,250.39,2
29190,53180,8515,358.09,3
29191,53181,8515,338.29,9
29192,53188,8516,339.64,2
29193,53189,8516,305.51,2
29194,53194,8516,309.53,5
29195,53196,8516,469.88,4
29196,53197,8516,310.29,4
29197,53198,8516,417.61,3
29198,53200,8517,316.61,4
29199,53201,8517,418.74,6
29200,53203,8517,310.75,2
29201,53204,8517,301.26,5
29202,53205,8517,310.14,10
29203,53207,8517,393.45,9
29204,53208,8517,185.9,9
29205,53210,8518,282.48,1
29206,53212,8518,379.63,11
29207,53213,8518,308.75,2
29208,53214,8518,249.45,1
29209,53217,8518,309.91,7
29210,53218,8518,386.13,1
29211,53219,8519,425.78,6
29212,53220,8519,222.06,5
29213,53222,8519,472.39,7
29214,53223,8519,256.52,5
29215,53226,8520,309.66,3
29216,53227,8520,227.32,6
29217,53228,8520,341.19,10
29218,53233,8521,275.03,3
29219,53234,8521,269.14,9
29220,53235,8521,356.87,8
29221,53237,8521,307.47,12
29222,53238,8521,260.46,8
29223,53241,8521,276.1,7
29224,53242,8521,373.99,11
29225,53243,8521,204.17,4
29226,53244,8521,347.99,8
29227,53245,8521,221.02,1
29228,53246,8521,369.37,1
29229,53249,8522,442.45,9
29230,53251,8522,243.95,8
29231,53252,8522,241.34,7
29232,53253,8522,496.52,2
29233,53254,8522,391.32,11
29234,53256,8523,293.02,2
29235,53259,8523,312.88,2
29236,53260,8523,214.16,1
29237,53262,8523,131.28,12
29238,53263,8523,316.47,6
29239,53264,8523,276.47,12
29240,53267,8524,378.19,7
29241,53268,8524,321.14,2
29242,53269,8524,288.77,6
29243,53270,8524,284.75,12
29244,53272,8525,168.51,2
29245,53273,8525,218.08,11
29246,53277,8526,221.51,7
29247,53278,8526,387.13,3
29248,53281,8527,372.72,6
29249,53282,8527,340.18,8
29250,53286,8528,475.6,1
29251,53287,8528,342.35,6
29252,53288,8528,326.02,7
29253,53289,8528,274.2,6
29254,53294,8529,296.32,8
29255,53299,8529,242.36,8
29256,53300,8530,427.69,12
29257,53301,8531,363.15,12
29258,53302,8531,304.67,8
29259,53303,8531,301.28,3
29260,53304,8531,434.48,8
29261,53305,8531,382.95,5
29262,53306,8531,249.97,11
29263,53309,8531,189.28,2
29264,53310,8531,299.61,8
29265,53311,8531,343.81,11
29266,53312,8532,165.72,1
29267,53313,8532,162.8,8
29268,53315,8533,283.77,8
29269,53316,8533,388.18,5
29270,53317,8533,339.43,1
29271,53318,8533,328.93,9
29272,53321,8533,289.91,10
29273,53322,8534,403.59,5
29274,53323,8534,383.44,5
29275,53326,8534,487.29,1
29276,53331,8535,307.49,11
29277,53332,8535,426.84,8
29278,53337,8535,285.86,1
29279,53340,8536,289.49,11
29280,53341,8536,349.51,4
29281,53346,8537,301.58,11
29282,53347,8537,278.17,10
29283,53350,8538,369.47,10
29284,53351,8539,269.74,3
29285,53353,8539,506.57,5
29286,53354,8539,358.36,1
29287,53355,8539,369.11,9
29288,53357,8539,354.67,3
29289,53358,8539,489.08,2
29290,53359,8539,448.89,4
29291,53363,8540,415.92,7
29292,53364,8540,454.53,12
29293,53367,8540,318.44,8
29294,53368,8540,419.07,2
29295,53371,8541,348.31,9
29296,53372,8541,428.84,9
29297,53373,8541,331.4,3
29298,53376,8541,339.32,8
29299,53378,8542,227.55,6
29300,53379,8542,195.98,12
29301,53380,8542,410.6,5
29302,53381,8542,338.61,6
29303,53382,8542,359.71,9
29304,53383,8542,347.25,12
29305,53384,8542,249.96,3
29306,53385,8542,217.05,12
29307,53386,8543,417.61,1
29308,53387,8543,364.27,3
29309,53388,8543,435.72,7
29310,53391,8544,224.65,7
29311,53392,8545,326.78,10
29312,53394,8545,391.44,5
29313,53397,8545,481.91,4
29314,53398,8545,361.22,12
29315,53399,8545,355.16,4
29316,53401,8546,258.54,4
29317,53402,8546,304.03,6
29318,53403,8546,201.89,9
29319,53404,8546,262.61,4
29320,53406,8546,412.73,7
29321,53410,8547,251.48,5
29322,53411,8548,323.75,12
29323,53415,8548,275.36,1
29324,53416,8548,346.69,4
29325,53417,8549,265.89,8
29326,53420,8551,352.65,4
29327,53421,8551,355.96,8
29328,53423,8551,261.66,12
29329,53424,8551,212.15,7
29330,53426,8551,228.9,5
29331,53427,8551,382.11,11
29332,53428,8551,172.25,11
29333,53429,8551,245.47,4
29334,53432,8552,321.12,1
29335,53433,8552,432.35,11
29336,53436,8553,386.28,6
29337,53437,8553,278.67,2
29338,53441,8554,267.64,10
29339,53442,8554,307.59,12
29340,53443,8554,449.76,3
29341,53444,8554,212.4,1
29342,53445,8554,213.2,11
29343,53446,8554,312.76,8
29344,53448,8555,358.63,3
29345,53451,8555,237.15,11
29346,53452,8555,391.39,2
29347,53457,8556,392.08,9
29348,53458,8556,315.58,3
29349,53460,8556,279.81,1
29350,53461,8556,335.12,6
29351,53465,8557,128.59,5
29352,53466,8557,150.62,10
29353,53467,8557,356.91,3
29354,53470,8557,186.18,12
29355,53471,8557,252.44,10
29356,53475,8558,338.83,5
29357,53476,8558,399.74,10
29358,53477,8558,354.63,3
29359,53482,8558,311.98,8
29360,53483,8559,318.33,9
29361,53487,8561,282.67,11
29362,53488,8561,320.78,8
29363,53489,8561,309.45,1
29364,53492,8561,398.89,11
29365,53493,8561,318.31,1
29366,53494,8561,285.89,12
29367,53495,8562,396.97,7
29368,53496,8562,334.46,6
29369,53497,8562,354.61,4
29370,53498,8562,189.21,5
29371,53501,8562,232.38,11
29372,53502,8562,327.49,6
29373,53504,8563,400.21,1
29374,53505,8563,383.06,2
29375,53507,8563,255.72,6
29376,53508,8564,351.96,8
29377,53509,8565,420.54,7
29378,53510,8565,282.73,1
29379,53513,8565,270.67,9
29380,53514,8565,382.28,5
29381,53520,8567,438.26,2
29382,53521,8568,334.1,10
29383,53523,8568,203.42,5
29384,53524,8568,365.87,6
29385,53530,8568,365.07,3
29386,53531,8568,360.63,8
29387,53533,8569,268.63,2
29388,53537,8569,517.47,4
29389,53538,8569,465.5,3
29390,53539,8569,308.11,9
29391,53541,8570,224.27,3
29392,53544,8570,268.8,11
29393,53546,8570,381.28,10
29394,53547,8570,363.28,12
29395,53550,8571,374.45,11
29396,53552,8571,351.69,6
29397,53554,8571,399.71,5
29398,53556,8572,257.08,3
29399,53558,8572,248.45,12
29400,53559,8572,340.12,10
29401,53562,8572,224.74,1
29402,53563,8572,180.92,5
29403,53564,8572,336.78,6
29404,53566,8573,260.65,12
29405,53567,8573,330.01,3
29406,53568,8573,342.09,7
29407,53569,8573,250.21,5
29408,53572,8575,322.65,2
29409,53573,8575,269.46,4
29410,53574,8576,185.09,1
29411,53576,8576,362.27,2
29412,53579,8576,430.23,2
29413,53581,8576,341.67,7
29414,53583,8576,445.26,6
29415,53585,8577,375.75,8
29416,53587,8577,261.4,10
29417,53588,8577,324.45,1
29418,53590,8577,489.87,8
29419,53591,8577,260.57,5
29420,53592,8577,327.61,11
29421,53594,8577,410.12,1
29422,53599,8579,396.99,10
29423,53601,8581,263.77,12
29424,53602,8581,495.74,1
29425,53603,8581,323.73,6
29426,53604,8581,308.05,2
29427,53606,8581,260.76,3
29428,53608,8582,440.67,8
29429,53614,8582,212.92,2
29430,53617,8582,290.59,5
29431,53620,8582,429.63,4
29432,53621,8582,377.36,7
29433,53622,8582,471.85,3
29434,53624,8583,425.0,4
29435,53625,8583,235.38,8
29436,53626,8583,365.42,1
29437,53627,8583,213.95,2
29438,53628,8583,376.83,6
29439,53629,8583,225.92,2
29440,53631,8583,321.49,5
29441,53632,8583,208.19,6
29442,53633,8583,277.17,3
29443,53635,8584,277.64,7
29444,53640,8584,308.7,7
29445,53641,8584,400.03,1
29446,53642,8584,256.29,5
29447,53643,8584,219.04,3
29448,53648,8586,332.65,7
29449,53649,8587,389.42,10
29450,53654,8588,301.54,2
29451,53658,8588,374.33,1
29452,53659,8589,310.41,6
29453,53660,8589,303.55,7
29454,53661,8589,387.03,8
29455,53663,8590,425.42,2
29456,53664,8590,374.43,2
29457,53665,8590,331.27,7
29458,53666,8590,200.82,5
29459,53667,8590,320.72,6
29460,53668,8590,233.49,2
29461,53670,8591,350.0,7
29462,53671,8591,279.41,5
29463,53679,8592,460.19,9
29464,53681,8594,430.12,1
29465,53686,8594,374.43,7
29466,53690,8594,192.6,10
29467,53691,8594,245.34,2
29468,53693,8595,418.05,6
29469,53694,8596,306.84,9
29470,53695,8596,367.58,10
29471,53697,8596,205.75,3
29472,53698,8596,179.63,9
29473,53699,8596,293.95,8
29474,53700,8596,374.44,5
29475,53702,8597,189.62,10
29476,53703,8597,382.76,8
29477,53704,8597,367.06,9
29478,53705,8597,419.27,8
29479,53708,8598,263.04,10
29480,53710,8598,443.56,11
29481,53711,8598,244.82,1
29482,53712,8598,146.63,6
29483,53713,8598,326.78,8
29484,53715,8598,394.43,2
29485,53718,8599,260.8,5
29486,53719,8599,342.88,6
29487,53722,8599,414.71,8
29488,53723,8599,447.63,2
29489,53727,8600,391.3,4
29490,53728,8600,299.63,7
29491,53729,8600,302.17,6
29492,53732,8601,286.81,3
29493,53734,8601,324.94,7
29494,53735,8601,388.85,6
29495,53737,8601,236.26,12
29496,53739,8601,267.55,12
29497,53742,8601,384.51,7
29498,53745,8602,306.21,5
29499,53749,8603,335.89,4
29500,53750,8603,377.63,9
29501,53751,8604,306.85,9
29502,53752,8604,244.5,11
29503,53755,8604,466.69,2
29504,53756,8604,355.51,10
29505,53758,8604,405.58,4
29506,53760,8605,300.22,4
29507,53763,8605,347.81,3
29508,53766,8605,429.19,7
29509,53767,8605,349.6,9
29510,53773,8606,324.22,7
29511,53774,8607,227.76,9
29512,53775,8607,138.57,1
29513,53776,8608,484.58,5
29514,53777,8608,321.92,10
29515,53780,8608,539.96,10
29516,53783,8608,372.74,2
29517,53785,8608,265.05,3
29518,53786,8609,305.26,7
29519,53787,8609,462.11,7
29520,53788,8609,448.16,4
29521,53789,8609,404.32,2
29522,53791,8610,183.67,11
29523,53793,8610,182.02,12
29524,53794,8610,436.41,5
29525,53797,8611,374.63,6
29526,53798,8611,460.88,4
29527,53799,8611,313.56,11
29528,53802,8612,234.96,4
29529,53803,8612,349.14,12
29530,53804,8612,361.59,10
29531,53806,8612,250.88,8
29532,53807,8613,207.75,12
29533,53808,8613,379.88,5
29534,53809,8614,243.06,9
29535,53811,8614,501.14,5
29536,53815,8615,467.68,10
29537,53816,8615,389.93,1
29538,53817,8615,471.52,8
29539,53819,8616,372.48,9
29540,53820,8616,300.31,11
29541,53821,8616,465.29,7
29542,53822,8616,368.78,3
29543,53823,8616,283.75,11
29544,53824,8616,229.37,12
29545,53825,8616,258.84,10
29546,53827,8616,423.53,5
29547,53828,8616,313.79,7
29548,53829,8617,480.28,1
29549,53830,8617,378.37,1
29550,53832,8617,392.37,12
29551,53833,8617,262.27,6
29552,53834,8617,279.23,5
29553,53835,8617,196.8,6
29554,53836,8617,251.78,2
29555,53840,8618,268.55,10
29556,53842,8618,302.59,5
29557,53843,8618,498.41,1
29558,53844,8618,270.88,1
29559,53847,8619,439.28,9
29560,53848,8619,221.22,10
29561,53851,8619,270.87,8
29562,53855,8619,339.4,10
29563,53857,8620,409.68,5
29564,53862,8621,321.53,6
29565,53866,8621,303.34,11
29566,53867,8622,388.9,10
29567,53870,8623,337.58,10
29568,53872,8623,189.5,2
29569,53876,8623,460.73,2
29570,53878,8624,352.03,10
29571,53879,8624,338.36,10
29572,53880,8624,338.48,2
29573,53881,8624,193.24,1
29574,53882,8625,186.53,11
29575,53887,8625,484.2,12
29576,53890,8625,291.01,12
29577,53892,8626,314.17,7
29578,53895,8626,292.59,8
29579,53897,8626,341.24,9
29580,53898,8626,262.58,3
29581,53899,8626,285.04,2
29582,53900,8626,304.25,7
29583,53901,8626,360.47,11
29584,53902,8626,376.23,11
29585,53903,8626,318.39,1
29586,53904,8626,157.4,12
29587,53905,8626,407.65,7
29588,53906,8626,378.5,9
29589,53908,8626,196.51,8
29590,53909,8627,312.19,11
29591,53910,8627,292.86,2
29592,53913,8628,422.02,1
29593,53915,8628,378.67,10
29594,53916,8628,213.68,12
29595,53917,8628,504.25,5
29596,53918,8628,319.68,9
29597,53919,8628,386.02,5
29598,53921,8628,306.42,11
29599,53923,8629,244.08,7
29600,53926,8629,274.91,2
29601,53928,8629,155.36,7
29602,53930,8629,145.66,12
29603,53934,8630,296.38,10
29604,53935,8630,260.23,2
29605,53936,8630,294.05,10
29606,53937,8630,237.31,3
29607,53940,8630,525.58,6
29608,53941,8631,350.97,10
29609,53944,8631,324.52,4
29610,53947,8631,439.78,7
29611,53950,8632,516.08,6
29612,53951,8632,204.18,3
29613,53952,8632,352.43,5
29614,53953,8632,284.1,7
29615,53954,8633,372.41,7
29616,53957,8634,336.38,6
29617,53958,8634,244.06,6
29618,53960,8634,409.98,7
29619,53961,8635,314.11,4
29620,53962,8635,352.04,5
29621,53965,8635,396.77,12
29622,53966,8635,396.0,4
29623,53968,8635,272.17,8
29624,53969,8636,293.63,2
29625,53972,8636,290.66,1
29626,53973,8636,218.94,4
29627,53974,8636,309.18,3
29628,53976,8636,362.0,1
29629,53977,8636,231.08,10
29630,53979,8637,328.57,10
29631,53982,8637,405.93,12
29632,53985,8637,418.62,7
29633,53987,8638,164.64,4
29634,53988,8638,86.72,4
29635,53989,8638,308.49,1
29636,53990,8638,281.91,5
29637,53992,8638,207.69,6
29638,53994,8638,295.43,3
29639,53996,8639,261.52,8
29640,53997,8639,244.59,7
29641,54000,8639,248.12,1
29642,54001,8639,321.55,7
29643,54003,8639,118.27,8
29644,54004,8639,305.18,11
29645,54006,8640,577.47,6
29646,54007,8640,394.03,11
29647,54009,8641,281.27,1
29648,54010,8641,417.11,1
29649,54013,8642,448.96,4
29650,54014,8642,346.21,7
29651,54015,8642,213.62,1
29652,54016,8642,247.11,1
29653,54017,8642,239.53,9
29654,54018,8642,175.93,8
29655,54020,8642,412.15,5
29656,54021,8643,508.96,3
29657,54024,8643,323.79,8
29658,54025,8643,257.39,2
29659,54026,8643,381.98,11
29660,54028,8643,424.73,9
29661,54029,8643,257.32,9
29662,54030,8644,343.65,10
29663,54035,8644,165.12,4
29664,54037,8645,331.52,1
29665,54039,8645,229.89,10
29666,54041,8645,346.96,10
29667,54043,8645,270.74,12
29668,54045,8645,321.26,7
29669,54046,8645,514.08,7
29670,54047,8645,329.13,6
29671,54048,8646,363.07,9
29672,54052,8646,304.89,9
29673,54053,8646,161.72,11
29674,54054,8646,262.75,6
29675,54055,8646,271.11,6
29676,54056,8647,372.23,1
29677,54057,8647,354.58,6
29678,54058,8647,348.64,5
29679,54059,8647,400.74,5
29680,54060,8647,216.04,8
29681,54061,8647,504.43,7
29682,54064,8647,168.86,10
29683,54066,8647,200.72,12
29684,54068,8647,353.57,5
29685,54069,8647,222.09,1
29686,54070,8647,324.49,12
29687,54071,8647,254.71,4
29688,54072,8648,365.67,10
29689,54073,8648,316.61,4
29690,54074,8648,268.11,3
29691,54076,8648,317.7,4
29692,54078,8648,502.22,5
29693,54079,8648,312.36,8
29694,54080,8649,194.56,7
29695,54081,8649,156.49,11
29696,54082,8649,259.05,7
29697,54083,8649,341.98,4
29698,54085,8649,450.95,10
29699,54086,8649,400.09,7
29700,54090,8649,249.73,6
29701,54091,8649,199.8,3
29702,54092,8650,301.38,1
29703,54094,8650,309.89,6
29704,54095,8650,283.75,11
29705,54100,8650,377.62,8
29706,54101,8650,235.12,3
29707,54103,8651,303.29,7
29708,54104,8651,345.78,9
29709,54106,8651,178.95,11
29710,54107,8651,348.78,3
29711,54110,8651,406.62,2
29712,54111,8652,389.15,7
29713,54112,8652,317.64,12
29714,54113,8653,220.65,1
29715,54115,8654,241.66,7
29716,54116,8654,301.08,10
29717,54117,8654,333.63,3
29718,54119,8654,230.55,4
29719,54121,8655,350.79,8
29720,54123,8656,263.27,11
29721,54124,8656,289.73,1
29722,54125,8656,379.05,12
29723,54129,8656,97.99,6
29724,54130,8656,316.05,1
29725,54134,8656,299.01,1
29726,54136,8656,224.44,1
29727,54137,8657,488.47,10
29728,54140,8657,224.72,11
29729,54142,8657,390.46,8
29730,54143,8657,381.98,8
29731,54144,8657,353.86,4
29732,54146,8658,220.08,12
29733,54149,8658,385.9,11
29734,54150,8658,255.44,12
29735,54154,8659,118.81,6
29736,54155,8659,311.51,1
29737,54156,8659,331.73,5
29738,54158,8659,387.59,1
29739,54160,8659,253.88,11
29740,54161,8659,484.61,10
29741,54165,8661,317.27,9
29742,54168,8661,404.53,5
29743,54169,8662,382.89,8
29744,54170,8662,363.51,5
29745,54171,8662,427.13,3
29746,54173,8663,298.05,1
29747,54176,8663,371.36,3
29748,54178,8663,312.94,12
29749,54179,8663,312.21,7
29750,54181,8663,261.51,7
29751,54184,8664,313.5,5
29752,54187,8665,442.49,1
29753,54190,8666,380.52,1
29754,54196,8667,358.59,9
29755,54202,8668,265.51,1
29756,54203,8668,263.95,8
29757,54205,8668,252.23,10
29758,54206,8668,436.89,5
29759,54208,8668,397.36,12
29760,54209,8669,181.87,2
29761,54210,8669,406.8,2
29762,54211,8669,429.17,7
29763,54212,8669,340.96,3
29764,54214,8669,464.19,10
29765,54218,8671,225.74,12
29766,54219,8671,340.15,1
29767,54222,8671,445.35,4
29768,54228,8672,379.18,1
29769,54230,8672,489.94,5
29770,54231,8673,262.43,2
29771,54232,8673,234.12,2
29772,54233,8673,261.6,11
29773,54234,8673,295.5,8
29774,54235,8673,517.89,2
29775,54237,8673,262.11,8
29776,54238,8673,297.16,9
29777,54240,8674,213.89,10
29778,54241,8674,264.54,2
29779,54242,8674,333.95,4
29780,54244,8675,120.12,12
29781,54247,8676,302.23,12
29782,54251,8676,239.35,12
29783,54253,8676,340.1,11
29784,54254,8676,422.63,9
29785,54255,8676,280.62,9
29786,54257,8678,332.55,9
29787,54259,8678,275.64,7
29788,54260,8678,406.55,1
29789,54262,8678,297.35,11
29790,54264,8678,414.03,10
29791,54265,8678,339.77,9
29792,54267,8678,462.44,4
29793,54268,8678,365.71,11
29794,54270,8679,327.41,7
29795,54271,8679,405.26,4
29796,54272,8679,474.95,7
29797,54273,8679,462.29,7
29798,54274,8680,531.59,6
29799,54280,8681,311.52,4
29800,54282,8681,345.22,1
29801,54284,8681,292.66,9
29802,54288,8683,239.38,6
29803,54290,8683,372.95,6
29804,54293,8683,97.89,11
29805,54294,8683,355.65,9
29806,54296,8683,443.99,11
29807,54297,8684,394.47,4
29808,54299,8684,389.0,2
29809,54300,8685,154.99,10
29810,54301,8685,469.53,5
29811,54302,8686,285.84,10
29812,54304,8686,370.25,7
29813,54306,8687,280.63,10
29814,54307,8687,304.03,7
29815,54308,8687,391.62,1
29816,54309,8687,430.84,1
29817,54310,8687,298.91,2
29818,54311,8687,335.33,2
29819,54313,8688,218.26,6
29820,54315,8688,415.7,5
29821,54316,8688,128.58,8
29822,54318,8689,192.29,1
29823,54319,8689,109.83,5
29824,54320,8689,292.31,11
29825,54323,8689,308.82,10
29826,54326,8689,353.84,11
29827,54327,8689,416.19,11
29828,54328,8690,289.38,1
29829,54330,8690,362.44,6
29830,54331,8690,189.62,10
29831,54334,8691,373.03,8
29832,54339,8691,285.92,5
29833,54340,8692,289.42,7
29834,54341,8692,316.16,8
29835,54342,8692,253.19,12
29836,54344,8692,302.83,3
29837,54345,8692,435.82,11
29838,54346,8692,425.56,3
29839,54349,8693,338.17,5
29840,54350,8693,296.93,9
29841,54351,8693,256.03,7
29842,54353,8693,230.5,3
29843,54356,8693,425.49,5
29844,54357,8693,319.41,10
29845,54359,8693,148.85,2
29846,54360,8693,201.73,2
29847,54366,8694,227.91,1
29848,54367,8694,53.69,3
29849,54369,8694,253.57,10
29850,54371,8694,116.93,9
29851,54372,8695,344.02,7
29852,54373,8695,319.04,2
29853,54375,8695,408.93,2
29854,54376,8696,352.66,1
29855,54380,8696,556.12,6
29856,54383,8696,288.38,2
29857,54385,8697,267.5,10
29858,54387,8697,417.49,5
29859,54388,8697,342.83,10
29860,54389,8697,322.7,9
29861,54394,8697,409.83,3
29862,54396,8697,416.4,6
29863,54397,8697,156.65,8
29864,54399,8698,306.86,4
29865,54400,8698,360.18,2
29866,54401,8698,85.8,5
29867,54402,8698,247.94,8
29868,54403,8698,365.89,3
29869,54406,8698,408.55,3
29870,54408,8698,287.57,10
29871,54409,8698,221.68,1
29872,54411,8698,329.13,12
29873,54413,8699,307.92,1
29874,54416,8699,264.69,2
29875,54418,8699,189.74,7
29876,54422,8699,276.67,9
29877,54423,8699,177.83,7
29878,54424,8700,252.66,3
29879,54425,8700,313.01,9
29880,54427,8700,260.07,3
29881,54430,8701,491.12,8
29882,54431,8701,306.41,10
29883,54432,8701,401.23,7
29884,54433,8701,330.18,8
29885,54435,8701,212.3,11
29886,54436,8701,262.33,7
29887,54438,8701,304.65,4
29888,54443,8702,261.42,10
29889,54444,8702,317.71,9
29890,54445,8702,260.83,1
29891,54447,8702,328.13,9
29892,54449,8702,406.52,11
29893,54451,8703,393.92,11
29894,54452,8703,350.33,7
29895,54453,8703,333.74,10
29896,54458,8704,221.81,6
29897,54459,8704,419.52,11
29898,54465,8705,157.96,2
29899,54467,8706,289.19,9
29900,54471,8707,238.82,11
29901,54473,8708,374.43,4
29902,54475,8708,474.92,7
29903,54476,8708,288.24,4
29904,54477,8709,467.02,6
29905,54478,8709,274.76,4
29906,54479,8709,264.61,11
29907,54480,8709,259.25,10
29908,54483,8709,430.02,11
29909,54485,8709,425.7,2
29910,54487,8710,290.57,3
29911,54490,8710,375.35,8
29912,54491,8710,270.45,10
29913,54493,8710,417.52,12
29914,54494,8710,275.98,7
29915,54495,8710,403.03,9
29916,54501,8712,390.56,3
29917,54502,8712,361.7,5
29918,54505,8712,123.34,6
29919,54506,8712,389.29,4
29920,54507,8713,428.62,12
29921,54509,8714,341.08,9
29922,54510,8714,402.44,8
29923,54511,8714,314.93,12
29924,54512,8715,249.39,7
29925,54513,8715,311.21,10
29926,54514,8716,460.1,11
29927,54515,8716,354.85,4
29928,54516,8716,255.01,9
29929,54517,8716,401.59,2
29930,54518,8716,391.5,10
29931,54519,8716,437.48,9
29932,54522,8716,221.04,3
29933,54523,8716,257.8,11
29934,54524,8717,450.37,6
29935,54526,8718,298.65,5
29936,54527,8718,80.38,10
29937,54528,8718,180.21,12
29938,54530,8718,398.36,11
29939,54531,8718,275.33,10
29940,54534,8719,260.61,12
29941,54537,8719,468.58,1
29942,54541,8719,340.98,6
29943,54542,8719,415.96,7
29944,54545,8719,339.51,10
29945,54546,8719,283.91,10
29946,54547,8720,172.65,12
29947,54548,8720,277.96,11
29948,54549,8720,287.61,6
29949,54557,8721,216.23,10
29950,54559,8722,385.92,9
29951,54560,8722,252.4,2
29952,54562,8722,330.3,12
29953,54564,8723,274.33,12
29954,54565,8724,240.99,11
29955,54567,8724,188.76,3
29956,54568,8724,263.93,2
29957,54571,8725,299.11,6
29958,54572,8725,330.64,12
29959,54573,8725,280.18,10
29960,54574,8725,324.7,10
29961,54576,8725,342.05,12
29962,54577,8725,388.86,12
29963,54578,8725,423.45,5
29964,54581,8726,414.63,6
29965,54582,8726,230.63,11
29966,54583,8727,328.5,9
29967,54584,8727,457.85,1
29968,54585,8727,275.53,1
29969,54591,8728,439.39,10
29970,54594,8729,349.13,12
29971,54596,8729,190.48,3
29972,54597,8729,497.44,3
29973,54603,8731,394.97,12
29974,54605,8733,356.4,12
29975,54606,8733,355.22,7
29976,54607,8733,346.42,6
29977,54609,8734,274.85,11
29978,54611,8735,384.5,8
29979,54612,8735,287.33,12
29980,54613,8735,222.68,10
29981,54614,8735,250.43,4
29982,54615,8735,166.54,10
29983,54616,8735,298.37,6
29984,54617,8735,222.37,1
29985,54618,8735,264.11,3
29986,54620,8736,188.83,10
29987,54621,8736,178.45,2
29988,54623,8736,496.19,10
29989,54624,8736,328.53,4
29990,54627,8737,291.17,1
29991,54628,8737,263.64,7
29992,54629,8737,351.1,1
29993,54630,8737,322.97,9
29994,54633,8737,293.27,10
29995,54637,8739,355.09,12
29996,54638,8739,371.77,12
29997,54641,8739,122.39,12
29998,54642,8739,322.49,3
29999,54644,8739,354.88,9
30000,54645,8740,298.01,5
30001,54646,8740,185.2,4
30002,54648,8740,287.98,12
30003,54649,8740,310.08,3
30004,54651,8741,340.27,3
30005,54654,8741,400.02,12
30006,54655,8741,407.63,3
30007,54656,8741,297.57,8
30008,54658,8741,351.92,2
30009,54660,8741,309.74,5
30010,54667,8743,401.06,1
30011,54668,8743,389.33,12
30012,54672,8744,380.64,3
30013,54676,8744,303.66,2
30014,54678,8745,429.94,6
30015,54679,8745,371.91,2
30016,54680,8745,285.1,10
30017,54681,8745,330.57,4
30018,54684,8746,258.78,1
30019,54685,8746,361.72,3
30020,54687,8747,349.54,6
30021,54688,8748,311.56,2
30022,54689,8748,226.61,12
30023,54690,8748,372.39,8
30024,54691,8749,344.7,10
30025,54692,8749,202.06,4
30026,54693,8749,379.0,8
30027,54695,8749,296.32,11
30028,54697,8749,225.99,10
30029,54701,8750,367.72,9
30030,54704,8750,242.11,4
30031,54705,8750,173.76,7
30032,54706,8750,335.53,6
30033,54707,8750,249.02,9
30034,54708,8750,340.73,12
30035,54709,8751,451.56,1
30036,54711,8752,422.22,7
30037,54713,8752,291.85,3
30038,54717,8753,308.98,12
30039,54718,8753,149.97,3
30040,54720,8753,230.17,2
30041,54724,8754,414.73,6
30042,54725,8754,418.79,5
30043,54728,8754,491.82,11
30044,54731,8755,247.13,6
30045,54733,8755,310.16,7
30046,54735,8755,213.73,1
30047,54739,8755,322.05,11
30048,54740,8756,431.12,4
30049,54741,8756,374.02,9
30050,54744,8756,274.56,2
30051,54745,8756,319.54,4
30052,54747,8757,194.19,5
30053,54749,8757,245.33,2
30054,54751,8757,357.06,5
30055,54752,8757,441.9,2
30056,54753,8758,322.29,12
30057,54755,8758,478.12,1
30058,54756,8758,447.92,1
30059,54758,8758,401.77,2
30060,54762,8759,326.61,1
30061,54763,8759,314.72,1
30062,54765,8759,217.83,11
30063,54766,8759,294.54,7
30064,54767,8759,144.33,2
30065,54774,8760,241.52,12
30066,54775,8760,348.79,7
30067,54777,8760,324.48,4
30068,54778,8760,468.8,3
30069,54779,8760,191.59,12
30070,54780,8760,496.12,8
30071,54781,8760,343.83,3
30072,54783,8761,379.05,9
30073,54784,8761,460.61,1
30074,54785,8761,379.63,11
30075,54788,8762,65.98,4
30076,54789,8762,505.35,11
30077,54792,8763,275.23,12
30078,54793,8763,271.45,3
30079,54794,8763,401.33,6
30080,54795,8763,236.85,7
30081,54796,8764,360.18,4
30082,54797,8764,131.82,5
30083,54798,8764,312.7,1
30084,54800,8764,355.02,11
30085,54802,8764,244.99,7
30086,54804,8764,235.46,4
30087,54806,8764,407.46,3
30088,54807,8764,318.58,1
30089,54809,8765,255.86,4
30090,54810,8765,368.47,5
30091,54813,8765,240.22,6
30092,54814,8765,153.75,6
30093,54816,8765,171.42,11
30094,54817,8766,314.16,8
30095,54818,8766,292.28,6
30096,54820,8766,291.01,10
30097,54824,8766,350.59,5
30098,54825,8766,135.14,5
30099,54828,8766,368.07,1
30100,54831,8766,252.62,2
30101,54833,8767,324.16,7
30102,54834,8767,386.27,1
30103,54835,8767,447.63,2
30104,54839,8768,233.63,6
30105,54843,8768,404.92,10
30106,54848,8769,371.18,10
30107,54850,8769,302.42,9
30108,54852,8770,368.16,4
30109,54853,8770,274.76,9
30110,54857,8770,221.78,12
30111,54858,8770,417.29,5
30112,54859,8771,298.82,8
30113,54861,8771,478.66,7
30114,54863,8771,456.7,11
30115,54866,8771,207.26,1
30116,54867,8771,468.44,3
30117,54869,8772,306.51,5
30118,54870,8772,361.98,12
30119,54872,8772,351.97,4
30120,54873,8772,231.62,6
30121,54874,8772,285.12,2
30122,54875,8772,428.28,7
30123,54876,8772,346.74,8
30124,54877,8772,204.79,7
30125,54879,8773,406.58,9
30126,54880,8773,212.15,9
30127,54881,8773,405.32,6
30128,54882,8773,458.45,10
30129,54884,8773,227.31,4
30130,54887,8774,421.14,8
30131,54889,8774,406.96,7
30132,54890,8774,480.3,10
30133,54892,8774,212.12,10
30134,54893,8774,201.78,10
30135,54895,8774,264.42,12
30136,54896,8774,217.16,11
30137,54897,8774,562.04,12
30138,54899,8775,325.24,4
30139,54900,8775,327.73,10
30140,54901,8775,467.29,9
30141,54902,8775,268.55,3
30142,54904,8775,362.42,7
30143,54905,8775,179.51,4
30144,54907,8776,291.74,12
30145,54909,8777,476.34,9
30146,54910,8777,437.75,5
30147,54911,8777,362.97,5
30148,54912,8777,306.38,1
30149,54913,8778,326.08,6
30150,54915,8779,360.85,7
30151,54918,8780,149.9,4
30152,54920,8780,470.73,7
30153,54922,8780,179.87,9
30154,54923,8780,214.64,6
30155,54926,8781,139.61,8
30156,54929,8781,383.3,7
30157,54930,8781,496.16,11
30158,54933,8782,203.45,4
30159,54935,8783,266.68,11
30160,54937,8783,270.51,12
30161,54938,8783,250.31,3
30162,54940,8783,306.29,2
30163,54941,8783,304.98,9
30164,54944,8784,399.16,7
30165,54946,8784,318.12,10
30166,54950,8784,189.79,11
30167,54953,8785,438.19,7
30168,54960,8786,447.51,7
30169,54963,8787,271.77,6
30170,54967,8788,400.31,5
30171,54969,8788,425.23,7
30172,54971,8789,315.15,7
30173,54975,8789,279.75,10
30174,54977,8790,457.07,6
30175,54980,8790,314.69,6
30176,54981,8790,426.33,6
30177,54984,8790,541.31,3
30178,54985,8790,398.43,7
30179,54987,8791,190.69,4
30180,54990,8791,242.66,7
30181,54992,8792,239.11,12
30182,54994,8792,362.2,12
30183,54995,8792,138.78,3
30184,54996,8792,320.74,1
30185,54997,8792,255.11,2
30186,54998,8792,118.53,7
30187,54999,8792,315.44,11
30188,55000,8792,190.11,8
30189,55001,8792,240.95,5
30190,55002,8792,390.02,2
30191,55003,8792,301.02,10
30192,55005,8792,421.83,10
30193,55010,8794,395.09,9
30194,55012,8794,422.28,11
30195,55014,8794,433.23,5
30196,55015,8794,286.26,7
30197,55016,8794,296.88,1
30198,55017,8794,226.95,9
30199,55018,8795,352.45,8
30200,55021,8795,327.64,10
30201,55024,8795,221.5,1
30202,55025,8796,330.08,1
30203,55028,8796,403.51,11
30204,55029,8797,288.25,1
30205,55036,8798,330.8,5
30206,55037,8798,351.35,6
30207,55038,8798,369.74,3
30208,55039,8799,370.92,2
30209,55040,8799,285.85,6
30210,55042,8800,118.99,3
30211,55045,8800,263.21,1
30212,55050,8801,277.86,8
30213,55051,8801,441.95,12
30214,55053,8801,216.5,3
30215,55054,8801,452.8,5
30216,55055,8802,369.47,7
30217,55056,8802,391.61,2
30218,55057,8802,256.02,7
30219,55058,8802,226.5,8
30220,55059,8802,469.74,3
30221,55062,8803,233.03,7
30222,55063,8803,235.02,11
30223,55064,8803,198.77,1
30224,55071,8804,195.54,11
30225,55077,8804,332.15,12
30226,55078,8804,440.93,10
30227,55079,8805,335.03,3
30228,55081,8805,367.58,9
30229,55084,8805,396.91,8
30230,55085,8805,102.92,8
30231,55086,8805,338.82,9
30232,55088,8805,358.45,12
30233,55089,8806,201.04,9
30234,55090,8806,382.0,12
30235,55092,8806,274.54,5
30236,55093,8806,304.89,5
30237,55096,8807,489.46,8
30238,55097,8807,411.93,5
30239,55099,8807,374.7,4
30240,55101,8808,358.53,12
30241,55104,8808,241.25,6
30242,55105,8808,270.07,10
30243,55106,8809,330.22,5
30244,55107,8809,228.56,11
30245,55108,8809,245.94,12
30246,55109,8809,263.18,9
30247,55110,8809,509.94,4
30248,55111,8809,426.08,5
30249,55112,8810,326.84,12
30250,55117,8811,217.28,1
30251,55118,8811,326.96,10
30252,55119,8811,310.18,1
30253,55120,8812,475.47,3
30254,55124,8812,459.42,1
30255,55125,8812,237.18,5
30256,55126,8813,383.1,5
30257,55127,8813,268.05,1
30258,55128,8813,233.21,5
30259,55129,8813,430.92,10
30260,55130,8813,347.18,12
30261,55131,8813,565.62,12
30262,55132,8813,296.13,10
30263,55137,8814,235.94,5
30264,55138,8814,254.22,4
30265,55140,8815,325.23,5
30266,55142,8815,216.21,10
30267,55144,8815,282.35,11
30268,55145,8815,214.64,2
30269,55146,8815,256.31,11
30270,55147,8815,257.65,4
30271,55148,8815,363.08,4
30272,55149,8816,291.67,2
30273,55150,8816,297.97,12
30274,55151,8816,268.31,11
30275,55155,8817,182.23,1
30276,55157,8817,253.95,2
30277,55161,8817,455.2,12
30278,55163,8817,195.09,2
30279,55165,8817,286.93,6
30280,55170,8818,234.87,2
30281,55171,8818,357.85,1
30282,55173,8819,260.54,6
30283,55175,8819,335.04,4
30284,55177,8820,419.16,2
30285,55178,8820,312.28,4
30286,55181,8820,258.54,9
30287,55183,8820,440.49,9
30288,55184,8820,287.55,2
30289,55185,8820,372.13,8
30290,55186,8820,273.35,3
30291,55187,8821,378.82,11
30292,55188,8821,384.21,11
30293,55191,8821,468.54,6
30294,55193,8821,287.06,3
30295,55194,8822,417.01,11
30296,55195,8822,383.69,5
30297,55196,8822,302.87,6
30298,55198,8823,231.13,3
30299,55199,8823,175.71,6
30300,55200,8823,299.78,10
30301,55203,8823,272.51,1
30302,55205,8823,327.92,6
30303,55206,8823,257.53,7
30304,55207,8823,380.59,10
30305,55208,8824,297.78,3
30306,55209,8825,332.57,1
30307,55211,8825,182.3,3
30308,55212,8825,318.56,3
30309,55217,8826,401.64,4
30310,55218,8826,296.78,7
30311,55219,8826,167.08,6
30312,55220,8826,284.33,11
30313,55221,8826,407.67,3
30314,55222,8827,192.24,12
30315,55224,8827,75.68,5
30316,55226,8827,313.72,9
30317,55228,8827,193.77,2
30318,55229,8827,164.56,6
30319,55232,8828,310.46,10
30320,55233,8828,457.84,8
30321,55236,8828,266.89,9
30322,55237,8828,172.41,8
30323,55238,8828,106.15,6
30324,55241,8829,336.88,2
30325,55244,8829,339.01,6
30326,55245,8829,305.88,4
30327,55246,8829,405.03,3
30328,55247,8829,394.18,3
30329,55249,8829,217.16,10
30330,55250,8829,419.09,4
30331,55253,8829,327.2,11
30332,55254,8830,285.27,8
30333,55255,8830,210.88,2
30334,55257,8830,237.61,6
30335,55258,8830,219.66,3
30336,55259,8830,442.97,3
30337,55260,8831,280.05,4
30338,55261,8831,324.45,6
30339,55267,8831,127.42,1
30340,55268,8832,210.27,6
30341,55270,8832,251.94,8
30342,55271,8832,496.57,8
30343,55272,8832,292.34,4
30344,55274,8832,289.85,10
30345,55276,8833,195.32,7
30346,55277,8833,261.89,12
30347,55278,8833,262.31,9
30348,55280,8833,418.3,7
30349,55284,8834,108.9,5
30350,55285,8834,162.98,11
30351,55286,8834,336.1,12
30352,55289,8835,387.11,8
30353,55290,8835,231.65,2
30354,55291,8835,422.53,1
30355,55292,8835,306.07,12
30356,55293,8836,215.93,8
30357,55294,8836,202.79,7
30358,55296,8836,341.35,11
30359,55297,8836,366.0,7
30360,55298,8836,95.64,9
30361,55300,8836,262.44,10
30362,55301,8836,173.24,3
30363,55303,8837,316.62,8
30364,55304,8837,303.56,12
30365,55305,8837,284.39,2
30366,55306,8837,522.4,3
30367,55307,8837,451.76,2
30368,55311,8838,351.68,5
30369,55313,8838,230.85,7
30370,55314,8838,239.64,6
30371,55315,8838,429.6,1
30372,55316,8838,199.09,3
30373,55319,8838,341.34,12
30374,55320,8839,495.22,5
30375,55321,8840,166.71,9
30376,55322,8840,425.74,3
30377,55326,8841,375.8,11
30378,55327,8841,349.53,6
30379,55329,8841,342.45,11
30380,55331,8841,346.05,9
30381,55332,8842,361.28,7
30382,55333,8842,266.12,6
30383,55334,8842,359.43,11
30384,55335,8842,275.68,4
30385,55336,8842,245.03,8
30386,55337,8843,283.36,8
30387,55338,8843,295.86,11
30388,55339,8843,476.6,9
30389,55341,8843,420.57,3
30390,55342,8843,334.16,5
30391,55344,8844,194.74,2
30392,55345,8844,244.22,10
30393,55347,8844,469.07,4
30394,55348,8844,204.83,10
30395,55349,8844,380.93,9
30396,55350,8845,263.1,2
30397,55351,8845,374.41,6
30398,55352,8845,334.41,12
30399,55357,8845,336.14,9
30400,55361,8846,222.13,2
30401,55362,8846,353.34,3
30402,55364,8847,316.35,4
30403,55365,8847,302.42,9
30404,55369,8847,247.8,1
30405,55374,8847,280.14,12
30406,55377,8848,227.9,3
30407,55378,8848,289.67,12
30408,55379,8848,360.95,5
30409,55384,8849,189.48,2
30410,55391,8849,317.41,5
30411,55393,8849,266.54,11
30412,55394,8849,433.84,10
30413,55395,8850,285.4,11
30414,55396,8850,312.43,1
30415,55399,8850,354.06,2
30416,55400,8850,473.42,1
30417,55402,8851,353.98,11
30418,55403,8851,535.33,2
30419,55405,8852,423.74,1
30420,55406,8852,309.95,10
30421,55407,8852,73.25,8
30422,55408,8852,252.95,5
30423,55409,8852,378.15,5
30424,55411,8852,206.29,7
30425,55412,8852,145.52,8
30426,55413,8853,343.37,1
30427,55414,8853,176.26,11
30428,55417,8854,327.62,2
30429,55418,8854,302.17,8
30430,55421,8854,184.89,6
30431,55422,8854,490.27,11
30432,55423,8855,259.19,12
30433,55424,8855,408.04,2
30434,55426,8856,436.25,2
30435,55427,8856,251.63,2
30436,55429,8856,507.04,11
30437,55431,8856,242.81,12
30438,55432,8857,309.95,8
30439,55433,8857,346.59,3
30440,55434,8858,192.93,11
30441,55436,8858,304.01,11
30442,55437,8858,378.16,5
30443,55441,8859,350.56,7
30444,55442,8860,438.58,11
30445,55444,8860,213.13,2
30446,55445,8860,298.07,2
30447,55446,8860,273.13,7
30448,55447,8861,238.11,9
30449,55450,8862,292.86,6
30450,55451,8862,339.73,9
30451,55453,8862,256.4,2
30452,55458,8863,254.49,7
30453,55465,8864,349.59,1
30454,55470,8865,429.82,12
30455,55471,8865,419.57,10
30456,55472,8865,362.99,10
30457,55473,8865,216.69,8
30458,55475,8865,231.76,2
30459,55476,8865,264.67,9
30460,55477,8865,275.66,2
30461,55478,8865,342.37,4
30462,55479,8866,262.33,12
30463,55481,8866,356.82,8
30464,55484,8866,227.49,1
30465,55486,8867,421.59,1
30466,55487,8867,308.3,1
30467,55490,8867,365.15,11
30468,55491,8868,325.34,9
30469,55493,8868,208.86,2
30470,55494,8868,383.61,2
30471,55495,8868,244.79,2
30472,55496,8869,276.08,6
30473,55499,8869,155.52,12
30474,55500,8869,249.53,9
30475,55503,8869,251.05,12
30476,55507,8870,262.5,3
30477,55508,8870,347.42,11
30478,55509,8870,347.2,4
30479,55511,8870,523.26,12
30480,55512,8871,400.32,10
30481,55513,8871,487.07,5
30482,55514,8872,213.97,5
30483,55516,8872,315.29,9
30484,55518,8872,453.61,9
30485,55521,8872,341.7,7
30486,55522,8873,336.11,3
30487,55523,8873,376.26,6
30488,55524,8873,192.6,6
30489,55525,8874,443.31,7
30490,55526,8874,231.69,11
30491,55527,8875,262.15,11
30492,55528,8875,242.15,10
30493,55529,8875,327.77,10
30494,55530,8875,354.09,6
30495,55531,8875,279.47,5
30496,55533,8875,205.99,10
30497,55534,8875,207.57,12
30498,55536,8876,260.34,2
30499,55538,8877,388.65,7
30500,55539,8877,126.87,10
30501,55543,8877,464.13,5
30502,55544,8877,254.03,10
30503,55546,8878,358.21,12
30504,55549,8879,343.56,2
30505,55550,8879,269.11,5
30506,55551,8879,368.81,4
30507,55556,8880,127.47,4
30508,55557,8881,322.97,3
30509,55560,8881,143.33,8
30510,55563,8881,331.62,10
30511,55564,8881,392.76,7
30512,55565,8882,242.68,9
30513,55569,8882,577.09,5
30514,55570,8883,403.74,11
30515,55575,8884,394.63,1
30516,55577,8884,306.33,5
30517,55579,8884,280.68,3
30518,55580,8884,431.36,6
30519,55581,8884,513.59,6
30520,55584,8885,240.04,2
30521,55586,8885,277.47,4
30522,55590,8886,358.82,6
30523,55592,8886,448.41,1
30524,55593,8886,230.42,5
30525,55597,8887,211.38,4
30526,55599,8887,188.97,9
30527,55601,8888,397.91,12
30528,55603,8888,397.03,12
30529,55605,8888,183.71,12
30530,55607,8888,475.26,11
30531,55608,8889,182.49,12
30532,55609,8889,245.8,2
30533,55610,8889,187.14,3
30534,55612,8889,385.82,11
30535,55616,8890,447.12,5
30536,55617,8891,408.03,12
30537,55618,8891,311.28,4
30538,55619,8891,326.08,2
30539,55625,8891,312.51,9
30540,55626,8892,333.42,11
30541,55629,8892,367.1,5
30542,55632,8893,298.35,9
30543,55633,8894,260.78,2
30544,55634,8894,385.95,12
30545,55637,8894,163.94,2
30546,55638,8894,389.38,10
30547,55639,8894,480.35,7
30548,55641,8895,274.84,4
30549,55643,8896,303.05,11
30550,55645,8896,310.01,1
30551,55646,8896,318.56,3
30552,55649,8896,329.75,3
30553,55650,8896,314.16,10
30554,55651,8896,272.01,10
30555,55652,8896,351.29,10
30556,55654,8897,396.39,11
30557,55655,8898,279.38,12
30558,55657,8899,231.28,2
30559,55658,8899,426.04,5
30560,55661,8899,329.59,12
30561,55665,8899,176.68,12
30562,55667,8900,410.2,7
30563,55668,8900,223.57,4
30564,55670,8900,287.66,8
30565,55671,8900,297.15,5
30566,55673,8900,267.51,1
30567,55676,8900,388.0,12
30568,55678,8900,455.22,4
30569,55679,8900,404.28,8
30570,55683,8901,371.35,7
30571,55684,8901,284.27,9
30572,55685,8901,529.81,8
30573,55688,8902,361.1,5
30574,55689,8903,423.38,1
30575,55690,8903,266.94,10
30576,55692,8903,478.46,8
30577,55696,8904,138.47,7
30578,55697,8904,147.86,11
30579,55698,8904,393.53,5
30580,55699,8904,186.63,9
30581,55702,8905,266.23,3
30582,55703,8905,312.88,2
30583,55706,8906,322.73,12
30584,55707,8906,492.41,5
30585,55708,8907,324.3,5
30586,55709,8907,195.03,2
30587,55710,8907,335.03,8
30588,55711,8907,263.59,10
30589,55712,8908,294.47,1
30590,55715,8909,339.0,6
30591,55716,8909,393.7,5
30592,55717,8909,367.51,6
30593,55719,8909,332.4,11
30594,55722,8910,417.81,11
30595,55723,8910,355.03,8
30596,55725,8911,368.2,9
30597,55726,8911,147.23,5
30598,55727,8912,466.94,12
30599,55728,8912,248.94,8
30600,55729,8912,253.47,4
30601,55730,8912,358.44,7
30602,55736,8913,245.1,3
30603,55737,8913,247.1,1
30604,55738,8913,477.63,6
30605,55739,8914,463.49,11
30606,55740,8914,302.62,6
30607,55741,8914,280.16,4
30608,55743,8915,268.92,10
30609,55745,8915,50.0,9
30610,55747,8916,409.19,8
30611,55749,8917,341.85,8
30612,55750,8917,266.83,6
30613,55751,8917,530.95,4
30614,55756,8917,146.07,7
30615,55757,8917,460.18,7
30616,55758,8917,220.62,4
30617,55759,8918,487.54,5
30618,55760,8918,451.84,3
30619,55761,8918,212.33,5
30620,55762,8918,374.01,5
30621,55765,8919,364.89,5
30622,55766,8920,267.38,3
30623,55767,8920,404.87,1
30624,55772,8921,417.63,4
30625,55773,8921,374.32,7
30626,55774,8921,264.91,11
30627,55775,8922,473.18,2
30628,55777,8923,258.39,11
30629,55779,8923,296.82,6
30630,55780,8924,318.32,3
30631,55781,8924,357.43,4
30632,55784,8924,288.9,12
30633,55788,8924,295.87,7
30634,55790,8925,183.34,6
30635,55791,8925,135.1,11
30636,55792,8925,391.64,8
30637,55793,8925,401.89,12
30638,55794,8925,554.58,8
30639,55795,8925,337.3,12
30640,55797,8925,225.41,9
30641,55799,8925,200.42,2
30642,55803,8926,252.04,8
30643,55807,8927,356.33,6
30644,55809,8927,241.57,1
30645,55810,8927,395.66,7
30646,55812,8927,372.08,1
30647,55813,8927,355.08,9
30648,55814,8927,181.93,4
30649,55815,8927,430.72,11
30650,55816,8927,537.43,9
30651,55817,8927,223.57,3
30652,55818,8927,276.1,5
30653,55820,8928,218.71,9
30654,55822,8928,341.83,7
30655,55824,8928,368.08,11
30656,55825,8928,313.65,10
30657,55828,8928,426.27,8
30658,55832,8929,448.57,3
30659,55836,8930,196.72,4
30660,55838,8930,337.0,5
30661,55840,8930,357.13,9
30662,55842,8930,346.82,2
30663,55844,8931,289.82,7
30664,55846,8931,347.65,10
30665,55849,8932,184.19,9
30666,55850,8932,453.53,12
30667,55851,8932,294.88,2
30668,55854,8933,268.35,8
30669,55855,8934,171.27,4
30670,55857,8935,476.49,6
30671,55860,8935,499.44,7
30672,55861,8935,332.8,8
30673,55863,8935,199.98,10
30674,55865,8935,293.3,1
30675,55866,8936,306.83,6
30676,55867,8936,251.53,10
30677,55869,8936,351.94,9
30678,55870,8936,387.75,4
30679,55871,8936,320.08,1
30680,55874,8936,176.61,3
30681,55875,8936,278.67,11
30682,55876,8937,287.75,6
30683,55877,8937,286.27,7
30684,55879,8938,448.99,3
30685,55880,8938,303.24,1
30686,55885,8939,366.57,6
30687,55887,8940,466.06,4
30688,55888,8940,317.53,3
30689,55889,8940,320.12,6
30690,55890,8940,330.97,3
30691,55893,8941,460.72,5
30692,55895,8941,571.11,11
30693,55896,8941,329.0,5
30694,55897,8941,437.73,7
30695,55898,8941,435.24,6
30696,55899,8941,438.26,2
30697,55901,8941,391.38,1
30698,55903,8942,325.16,8
30699,55904,8942,464.57,12
30700,55905,8942,165.24,10
30701,55907,8942,266.35,7
30702,55908,8942,428.65,7
30703,55910,8943,220.0,9
30704,55914,8943,502.61,10
30705,55915,8943,214.23,1
30706,55919,8944,412.13,10
30707,55920,8944,205.47,6
30708,55921,8944,399.07,6
30709,55923,8944,235.18,8
30710,55924,8945,390.52,8
30711,55925,8945,324.17,9
30712,55929,8945,363.33,11
30713,55930,8945,375.83,5
30714,55936,8946,402.5,10
30715,55940,8946,326.94,3
30716,55941,8946,327.61,11
30717,55943,8946,306.8,7
30718,55945,8946,291.58,5
30719,55946,8946,431.09,6
30720,55955,8948,339.25,10
30721,55956,8948,296.8,11
30722,55961,8949,407.02,3
30723,55963,8949,386.03,7
30724,55964,8949,436.2,9
30725,55967,8949,251.83,4
30726,55968,8949,209.92,3
30727,55970,8949,332.65,5
30728,55972,8949,160.2,11
30729,55973,8950,302.98,10
30730,55976,8950,267.0,7
30731,55977,8950,260.02,2
30732,55978,8950,147.54,4
30733,55979,8950,351.73,2
30734,55980,8950,335.47,5
30735,55981,8950,309.73,4
30736,55982,8950,406.65,5
30737,55987,8951,333.78,1
30738,55989,8951,335.04,5
30739,55991,8951,385.25,9
30740,55993,8951,338.58,2
30741,55996,8953,300.41,5
30742,55997,8953,287.05,10
30743,56000,8953,218.68,8
30744,56001,8953,314.5,1
30745,56003,8953,417.86,7
30746,56005,8954,357.16,11
30747,56007,8954,278.36,6
30748,56008,8954,393.1,1
30749,56009,8954,357.46,7
30750,56011,8954,272.87,11
30751,56014,8955,441.23,9
30752,56015,8955,205.35,5
30753,56016,8955,318.08,2
30754,56017,8955,245.4,1
30755,56021,8956,414.0,5
30756,56022,8956,213.75,3
30757,56024,8957,237.26,11
30758,56025,8957,518.08,5
30759,56026,8957,326.99,9
30760,56027,8958,386.77,1
30761,56031,8959,321.49,12
30762,56033,8959,290.43,4
30763,56034,8959,382.34,8
30764,56036,8959,318.28,1
30765,56041,8961,261.5,4
30766,56042,8961,396.91,8
30767,56043,8961,420.09,8
30768,56044,8961,386.05,7
30769,56045,8961,388.78,3
30770,56046,8962,345.83,11
30771,56052,8962,389.38,10
30772,56053,8963,245.18,4
30773,56055,8963,357.78,7
30774,56057,8963,328.41,3
30775,56058,8963,260.57,5
30776,56059,8963,483.92,2
30777,56060,8963,347.3,4
30778,56061,8964,243.3,8
30779,56062,8964,310.36,7
30780,56063,8964,346.3,8
30781,56064,8964,423.0,1
30782,56065,8965,376.68,5
30783,56068,8965,350.15,8
30784,56069,8965,362.61,4
30785,56075,8966,311.99,10
30786,56077,8966,318.61,7
30787,56079,8967,434.61,2
30788,56080,8967,514.67,10
30789,56082,8968,489.06,3
30790,56084,8968,222.35,8
30791,56086,8968,255.77,8
30792,56088,8969,286.83,9
30793,56091,8969,356.95,11
30794,56093,8969,205.05,11
30795,56097,8970,270.96,5
30796,56098,8970,359.7,6
30797,56101,8971,241.75,9
30798,56103,8971,360.72,9
30799,56104,8971,407.77,7
30800,56105,8971,420.56,10
30801,56107,8972,356.37,7
30802,56108,8972,398.29,7
30803,56111,8972,216.57,6
30804,56112,8972,374.85,12
30805,56118,8974,485.95,10
30806,56120,8974,182.21,7
30807,56121,8974,402.9,8
30808,56122,8974,360.85,5
30809,56125,8975,443.15,8
30810,56126,8975,219.71,6
30811,56128,8976,240.16,3
30812,56130,8976,448.01,6
30813,56131,8976,161.42,12
30814,56132,8976,162.84,6
30815,56134,8976,407.84,5
30816,56139,8977,110.53,10
30817,56141,8977,356.0,2
30818,56142,8978,150.35,11
30819,56144,8978,347.54,3
30820,56145,8978,306.5,7
30821,56149,8978,501.25,6
30822,56150,8978,208.51,1
30823,56152,8979,289.35,6
30824,56153,8979,348.34,4
30825,56156,8979,183.29,8
30826,56157,8979,236.49,6
30827,56160,8980,449.45,9
30828,56162,8980,314.64,8
30829,56163,8980,241.4,1
30830,56166,8980,346.23,5
30831,56168,8982,286.43,6
30832,56169,8982,292.92,2
30833,56174,8982,456.27,6
30834,56176,8983,347.85,1
30835,56177,8983,409.42,10
30836,56178,8983,347.97,6
30837,56179,8983,262.31,8
30838,56180,8983,323.87,9
30839,56181,8983,436.34,2
30840,56185,8983,237.6,7
30841,56186,8983,299.58,8
30842,56187,8984,331.52,4
30843,56189,8984,203.18,6
30844,56190,8984,389.09,1
30845,56195,8984,357.45,5
30846,56198,8985,180.71,5
30847,56200,8986,274.36,7
30848,56201,8986,191.85,4
30849,56202,8986,309.96,2
30850,56205,8986,293.93,1
30851,56207,8986,274.77,10
30852,56212,8987,270.45,6
30853,56214,8987,239.97,2
30854,56215,8987,307.85,10
30855,56218,8987,372.36,3
30856,56219,8987,363.24,5
30857,56220,8988,282.27,10
30858,56221,8988,157.7,4
30859,56222,8988,337.88,1
30860,56223,8989,314.49,10
30861,56225,8989,276.94,6
30862,56226,8990,385.47,11
30863,56229,8991,418.83,11
30864,56230,8991,456.33,8
30865,56231,8992,484.07,5
30866,56234,8993,306.56,9
30867,56238,8993,510.9,4
30868,56240,8993,281.22,8
30869,56242,8993,326.0,11
30870,56243,8994,474.73,11
30871,56245,8994,238.71,2
30872,56247,8994,369.77,2
30873,56248,8994,426.92,3
30874,56249,8994,286.8,5
30875,56250,8995,302.28,2
30876,56251,8995,444.04,3
30877,56252,8995,311.94,2
30878,56255,8996,289.31,1
30879,56256,8996,220.7,2
30880,56257,8996,267.42,7
30881,56258,8996,284.82,2
30882,56259,8996,249.11,6
30883,56260,8997,461.94,12
30884,56261,8997,264.54,11
30885,56263,8997,479.28,7
30886,56265,8997,491.22,9
30887,56271,8997,419.94,10
30888,56273,8998,290.69,2
30889,56275,8998,271.72,8
30890,56278,8998,376.39,11
30891,56279,8999,323.64,3
30892,56280,8999,338.1,6
30893,56282,8999,434.87,8
30894,56283,8999,207.74,1
30895,56284,9000,313.69,6
30896,56285,9000,315.42,7
30897,56286,9000,331.91,5
30898,56288,9000,401.85,5
30899,56290,9000,535.86,5
30900,56291,9000,301.91,2
30901,56293,9001,381.15,9
30902,56295,9001,234.45,6
30903,56297,9001,330.3,12
30904,56298,9001,448.0,2
30905,56300,9002,345.55,8
30906,56301,9002,482.52,5
30907,56303,9002,265.47,10
30908,56305,9002,340.12,6
30909,56308,9003,197.28,10
30910,56309,9003,418.41,8
30911,56311,9004,220.5,5
30912,56312,9004,330.5,11
30913,56314,9004,498.2,9
30914,56317,9004,372.84,3
30915,56319,9005,247.72,1
30916,56322,9006,124.67,12
30917,56323,9006,221.82,4
30918,56325,9006,362.36,2
30919,56326,9006,396.23,7
30920,56329,9007,314.51,5
30921,56330,9007,211.0,12
30922,56334,9007,291.98,4
30923,56335,9007,296.47,8
30924,56336,9007,424.86,10
30925,56337,9007,399.14,8
30926,56338,9007,347.05,3
30927,56339,9007,415.29,6
30928,56342,9008,353.94,8
30929,56343,9008,417.41,5
30930,56344,9008,366.69,7
30931,56346,9008,354.41,11
30932,56348,9009,316.89,12
30933,56350,9009,493.76,3
30934,56354,9009,360.63,8
30935,56355,9009,287.04,12
30936,56356,9010,204.44,1
30937,56357,9010,436.21,4
30938,56362,9011,307.9,10
30939,56364,9012,341.21,1
30940,56365,9012,456.66,9
30941,56366,9013,367.65,11
30942,56368,9013,366.75,9
30943,56369,9014,361.74,11
30944,56370,9014,335.06,9
30945,56372,9014,285.69,8
30946,56373,9014,363.3,5
30947,56374,9014,243.42,11
30948,56376,9014,288.24,2
30949,56377,9015,154.43,8
30950,56378,9015,241.42,5
30951,56382,9015,376.3,4
30952,56383,9015,372.57,5
30953,56384,9016,382.6,3
30954,56385,9016,50.0,5
30955,56389,9016,327.62,10
30956,56391,9016,415.54,11
30957,56392,9016,385.29,2
30958,56393,9016,312.88,7
30959,56396,9017,379.38,12
30960,56397,9017,229.37,7
30961,56399,9018,408.53,7
30962,56402,9018,297.83,4
30963,56403,9018,244.54,10
30964,56408,9018,316.27,8
30965,56409,9019,263.19,8
30966,56413,9019,213.62,6
30967,56414,9019,300.34,4
30968,56416,9019,345.04,1
30969,56417,9019,391.64,2
30970,56418,9020,361.82,10
30971,56419,9020,535.98,11
30972,56420,9020,344.09,4
30973,56421,9020,462.05,11
30974,56424,9021,341.55,2
30975,56425,9021,382.36,3
30976,56428,9021,323.21,10
30977,56433,9023,355.52,12
30978,56441,9024,371.89,9
30979,56442,9024,411.06,12
30980,56443,9024,171.95,8
30981,56444,9025,295.35,8
30982,56445,9025,231.58,2
30983,56446,9025,133.99,10
30984,56447,9025,370.35,11
30985,56448,9025,295.58,2
30986,56449,9025,266.7,8
30987,56451,9025,336.64,10
30988,56453,9026,384.24,2
30989,56457,9026,371.04,8
30990,56459,9027,267.64,5
30991,56460,9027,331.57,1
30992,56462,9027,399.26,4
30993,56465,9027,144.6,8
30994,56466,9027,235.59,10
30995,56467,9028,312.13,3
30996,56469,9028,184.8,5
30997,56470,9028,226.29,3
30998,56473,9029,436.87,4
30999,56475,9029,339.72,9
31000,56478,9029,317.1,1
31001,56479,9030,231.48,8
31002,56480,9030,282.57,1
31003,56487,9031,197.61,8
31004,56488,9031,293.6,7
31005,56489,9032,160.05,2
31006,56490,9032,437.67,8
31007,56492,9032,238.93,3
31008,56494,9033,227.72,5
31009,56495,9033,310.23,10
31010,56496,9033,356.72,11
31011,56497,9033,327.49,11
31012,56499,9033,383.26,7
31013,56500,9033,245.96,5
31014,56502,9033,331.2,3
31015,56504,9033,321.96,12
31016,56505,9033,358.2,12
31017,56508,9034,360.42,2
31018,56509,9034,395.38,12
31019,56512,9034,496.18,5
31020,56513,9034,308.1,12
31021,56515,9035,219.25,5
31022,56516,9035,272.81,2
31023,56520,9035,288.82,7
31024,56522,9036,380.13,12
31025,56523,9036,378.88,3
31026,56524,9036,343.15,4
31027,56525,9036,333.32,3
31028,56527,9037,292.1,10
31029,56528,9037,319.61,3
31030,56530,9037,207.71,6
31031,56532,9037,311.96,10
31032,56534,9037,338.1,3
31033,56535,9037,410.11,10
31034,56537,9038,183.2,9
31035,56539,9038,351.59,6
31036,56544,9039,480.43,3
31037,56545,9039,342.74,3
31038,56547,9039,304.4,3
31039,56548,9039,380.21,8
31040,56550,9039,323.05,1
31041,56552,9040,218.75,10
31042,56553,9040,313.55,8
31043,56554,9040,382.85,9
31044,56555,9041,126.9,5
31045,56557,9041,284.84,8
31046,56558,9041,205.29,2
31047,56559,9042,315.01,8
31048,56560,9042,372.02,5
31049,56562,9042,301.73,12
31050,56564,9043,274.42,5
31051,56565,9043,250.3,5
31052,56566,9043,251.1,3
31053,56567,9043,376.21,8
31054,56568,9043,369.72,11
31055,56570,9044,472.17,3
31056,56571,9045,363.34,10
31057,56574,9046,408.65,3
31058,56575,9046,223.03,7
31059,56576,9046,297.48,2
31060,56578,9046,213.09,4
31061,56580,9046,296.07,4
31062,56581,9047,268.47,4
31063,56583,9047,346.04,6
31064,56586,9048,314.52,4
31065,56588,9048,374.67,10
31066,56590,9048,426.25,9
31067,56591,9048,346.79,1
31068,56593,9048,313.49,12
31069,56594,9049,335.85,2
31070,56595,9049,485.69,5
31071,56596,9049,246.89,8
31072,56597,9049,322.85,12
31073,56600,9049,231.38,3
31074,56602,9050,290.4,10
31075,56603,9051,371.63,5
31076,56604,9051,352.64,4
31077,56606,9051,326.6,5
31078,56608,9051,185.3,7
31079,56609,9051,392.7,4
31080,56610,9051,438.05,10
31081,56614,9051,178.03,8
31082,56615,9051,374.13,4
31083,56616,9052,210.85,9
31084,56619,9052,409.2,5
31085,56620,9053,395.56,4
31086,56622,9053,442.55,6
31087,56623,9053,273.85,5
31088,56625,9053,265.26,8
31089,56626,9053,489.94,6
31090,56627,9053,304.52,5
31091,56630,9054,275.98,10
31092,56631,9054,249.66,7
31093,56632,9055,189.26,9
31094,56634,9056,286.98,8
31095,56635,9056,399.73,2
31096,56637,9057,190.74,2
31097,56638,9057,311.23,7
31098,56639,9057,323.34,8
31099,56640,9057,209.2,10
31100,56643,9057,195.6,4
31101,56648,9058,307.74,2
31102,56653,9059,413.29,4
31103,56654,9059,227.06,11
31104,56657,9059,274.92,11
31105,56658,9059,316.96,1
31106,56660,9059,461.15,3
31107,56661,9060,382.61,12
31108,56663,9060,458.48,7
31109,56666,9060,395.09,11
31110,56668,9060,411.41,9
31111,56670,9061,178.05,5
31112,56672,9061,88.94,11
31113,56673,9061,400.08,11
31114,56676,9062,353.48,12
31115,56677,9062,126.1,9
31116,56679,9062,247.04,1
31117,56680,9062,279.03,12
31118,56681,9063,388.77,2
31119,56683,9063,327.32,5
31120,56685,9064,396.04,4
31121,56687,9064,210.44,2
31122,56688,9064,168.18,2
31123,56689,9064,145.55,10
31124,56693,9064,364.12,4
31125,56696,9065,307.75,7
31126,56700,9065,330.4,7
31127,56703,9066,335.6,8
31128,56704,9066,134.45,8
31129,56707,9066,311.26,12
31130,56709,9066,411.72,5
31131,56711,9067,417.87,1
31132,56712,9067,256.54,11
31133,56713,9067,262.51,6
31134,56714,9067,358.3,11
31135,56715,9067,322.65,7
31136,56716,9067,206.52,7
31137,56717,9067,280.71,10
31138,56721,9068,383.79,9
31139,56724,9068,227.25,4
31140,56725,9068,493.28,3
31141,56732,9069,317.58,8
31142,56733,9069,281.31,5
31143,56734,9069,403.94,6
31144,56735,9069,351.11,11
31145,56737,9070,382.11,11
31146,56739,9070,174.39,5
31147,56740,9070,335.19,9
31148,56742,9070,383.52,10
31149,56744,9071,336.95,11
31150,56747,9073,394.38,3
31151,56749,9073,455.92,10
31152,56751,9073,388.66,4
31153,56754,9073,324.89,10
31154,56757,9074,469.7,4
31155,56759,9075,441.12,10
31156,56760,9075,411.26,5
31157,56761,9075,276.5,4
31158,56763,9075,244.08,5
31159,56766,9075,296.33,5
31160,56767,9075,355.86,12
31161,56768,9076,275.12,4
31162,56770,9076,333.83,2
31163,56771,9076,351.02,5
31164,56772,9076,429.24,3
31165,56775,9076,473.6,7
31166,56781,9077,323.09,6
31167,56785,9078,249.86,2
31168,56786,9078,392.58,9
31169,56787,9079,261.62,9
31170,56790,9080,222.32,3
31171,56791,9080,433.92,10
31172,56793,9080,269.81,6
31173,56794,9080,431.01,8
31174,56795,9080,211.08,3
31175,56796,9080,391.78,5
31176,56798,9080,492.06,11
31177,56800,9081,201.67,2
31178,56801,9081,372.3,8
31179,56805,9081,280.62,6
31180,56808,9082,236.48,10
31181,56809,9082,596.14,4
31182,56813,9083,222.45,8
31183,56814,9083,368.67,5
31184,56815,9083,240.82,3
31185,56816,9083,332.58,7
31186,56820,9084,329.11,7
31187,56821,9084,374.88,9
31188,56823,9084,315.56,1
31189,56824,9084,318.36,6
31190,56826,9085,351.43,10
31191,56830,9086,363.07,4
31192,56832,9086,405.01,3
31193,56833,9087,281.78,6
31194,56834,9088,202.78,7
31195,56835,9088,250.48,6
31196,56836,9088,363.89,1
31197,56841,9088,215.1,12
31198,56844,9089,211.23,7
31199,56846,9089,231.68,2
31200,56848,9089,259.81,7
31201,56851,9090,239.98,12
31202,56853,9090,325.15,12
31203,56859,9092,307.67,9
31204,56860,9092,370.73,9
31205,56861,9092,254.19,1
31206,56863,9093,384.69,7
31207,56866,9094,234.2,2
31208,56873,9095,502.01,10
31209,56874,9095,190.58,10
31210,56877,9096,323.07,11
31211,56879,9096,354.51,12
31212,56880,9096,388.31,9
31213,56881,9096,161.74,10
31214,56883,9096,212.46,2
31215,56884,9096,307.21,12
31216,56885,9096,266.25,12
31217,56886,9096,371.5,6
31218,56887,9097,278.84,4
31219,56889,9097,381.18,8
31220,56891,9098,168.46,7
31221,56893,9098,428.03,11
31222,56895,9098,462.99,7
31223,56896,9098,434.12,2
31224,56899,9098,367.89,2
31225,56900,9099,213.58,12
31226,56901,9099,302.18,4
31227,56903,9099,289.27,9
31228,56905,9099,319.67,4
31229,56907,9099,276.77,1
31230,56908,9100,344.3,8
31231,56911,9100,238.94,4
31232,56912,9100,200.44,10
31233,56914,9100,357.15,10
31234,56915,9100,368.9,12
31235,56918,9101,219.19,7
31236,56922,9101,339.18,7
31237,56924,9101,426.91,6
31238,56925,9102,319.24,10
31239,56927,9102,377.88,1
31240,56929,9102,166.0,7
31241,56930,9102,299.82,1
31242,56931,9102,299.9,8
31243,56932,9102,372.99,7
31244,56934,9103,332.21,10
31245,56936,9104,397.27,11
31246,56937,9104,218.39,3
31247,56942,9105,256.74,10
31248,56943,9105,394.33,3
31249,56944,9105,384.86,5
31250,56946,9105,264.78,4
31251,56948,9105,301.27,3
31252,56949,9105,273.93,12
31253,56950,9105,163.13,11
31254,56951,9105,336.02,7
31255,56952,9105,209.16,12
31256,56955,9105,304.24,5
31257,56959,9106,258.36,12
31258,56960,9107,292.72,8
31259,56962,9107,490.38,3
31260,56964,9107,157.14,1
31261,56965,9107,515.58,11
31262,56967,9107,316.56,10
31263,56973,9109,377.49,6
31264,56976,9110,184.11,10
31265,56978,9110,424.52,12
31266,56984,9111,313.82,8
31267,56987,9111,271.65,7
31268,56988,9112,263.62,2
31269,56989,9112,136.48,5
31270,56990,9112,229.73,9
31271,56994,9112,234.56,12
31272,56995,9113,228.3,10
31273,56999,9113,407.62,3
31274,57001,9113,350.56,10
31275,57003,9114,442.48,11
31276,57005,9114,173.87,11
31277,57008,9114,239.21,3
31278,57009,9114,346.84,7
31279,57011,9115,259.41,6
31280,57012,9116,262.15,4
31281,57013,9116,348.8,3
31282,57014,9116,251.35,6
31283,57017,9116,121.73,6
31284,57018,9116,258.9,12
31285,57019,9117,430.11,5
31286,57021,9118,316.88,10
31287,57022,9118,297.2,9
31288,57023,9118,369.87,7
31289,57024,9118,279.48,12
31290,57025,9118,96.16,10
31291,57028,9120,183.61,7
31292,57033,9121,255.58,10
31293,57035,9121,322.58,1
31294,57038,9122,424.05,12
31295,57039,9122,263.74,5
31296,57042,9123,420.18,11
31297,57043,9123,406.56,6
31298,57044,9123,263.46,3
31299,57046,9123,342.64,4
31300,57047,9124,360.45,7
31301,57048,9124,363.13,3
31302,57049,9124,304.21,1
31303,57050,9124,378.41,7
31304,57052,9124,448.14,5
31305,57053,9124,523.51,6
31306,57054,9124,348.97,10
31307,57055,9124,330.78,11
31308,57056,9125,287.41,9
31309,57058,9126,256.57,9
31310,57060,9127,175.46,3
31311,57061,9127,166.24,4
31312,57062,9127,381.18,10
31313,57064,9127,267.3,1
31314,57067,9127,265.01,10
31315,57068,9127,328.53,7
31316,57069,9128,406.43,4
31317,57070,9128,282.83,12
31318,57072,9128,115.19,5
31319,57073,9129,204.29,5
31320,57074,9129,494.43,9
31321,57075,9129,452.7,4
31322,57077,9130,505.26,4
31323,57078,9130,314.16,5
31324,57081,9131,231.93,11
31325,57082,9131,311.26,12
31326,57084,9132,267.47,4
31327,57086,9132,468.18,10
31328,57088,9132,296.49,5
31329,57089,9133,613.48,1
31330,57090,9133,379.31,1
31331,57091,9133,446.3,10
31332,57092,9133,174.59,11
31333,57093,9133,504.25,4
31334,57097,9134,318.13,1
31335,57100,9134,295.75,11
31336,57102,9134,231.47,3
31337,57103,9134,200.43,8
31338,57105,9135,353.06,5
31339,57106,9135,227.34,4
31340,57110,9136,434.34,4
31341,57114,9136,291.7,4
31342,57115,9137,304.85,1
31343,57116,9137,224.91,7
31344,57118,9137,381.31,11
31345,57119,9137,287.69,4
31346,57120,9137,257.34,4
31347,57124,9137,236.2,9
31348,57125,9137,408.6,6
31349,57128,9138,327.7,9
31350,57129,9138,286.64,12
31351,57131,9138,413.39,5
31352,57133,9138,340.38,7
31353,57137,9139,328.28,8
31354,57138,9139,265.37,2
31355,57139,9140,383.02,5
31356,57141,9140,387.2,8
31357,57142,9140,345.64,6
31358,57144,9140,328.72,4
31359,57148,9142,488.98,6
31360,57150,9142,243.94,11
31361,57151,9142,290.46,6
31362,57152,9142,242.69,10
31363,57155,9142,335.84,5
31364,57156,9143,230.92,10
31365,57158,9143,291.92,8
31366,57159,9143,395.77,11
31367,57160,9143,224.41,5
31368,57161,9143,395.39,12
31369,57167,9144,217.98,11
31370,57168,9144,336.17,1
31371,57170,9144,356.49,4
31372,57171,9144,414.84,8
31373,57172,9144,401.24,6
31374,57176,9144,242.43,6
31375,57178,9145,343.86,6
31376,57179,9146,248.41,5
31377,57180,9146,373.28,9
31378,57182,9146,413.51,3
31379,57183,9146,316.0,6
31380,57184,9146,322.45,10
31381,57185,9146,312.89,9
31382,57186,9146,272.21,2
31383,57189,9147,260.1,11
31384,57191,9147,407.55,5
31385,57192,9147,297.99,8
31386,57195,9147,332.27,1
31387,57196,9147,374.01,8
31388,57197,9147,339.81,9
31389,57199,9147,258.42,2
31390,57203,9148,314.47,9
31391,57204,9148,374.37,10
31392,57205,9148,351.31,9
31393,57207,9148,198.44,11
31394,57208,9148,189.71,12
31395,57209,9149,255.19,1
31396,57210,9149,292.06,8
31397,57211,9149,258.83,6
31398,57212,9149,162.89,3
31399,57214,9149,198.04,8
31400,57216,9149,286.15,4
31401,57218,9150,469.52,6
31402,57219,9150,524.84,1
31403,57220,9150,376.01,10
31404,57221,9150,304.78,7
31405,57226,9151,323.03,11
31406,57227,9151,327.85,12
31407,57228,9152,345.01,9
31408,57229,9152,307.73,1
31409,57230,9152,278.82,10
31410,57231,9152,473.62,3
31411,57232,9152,208.89,6
31412,57235,9153,402.64,4
31413,57236,9153,159.71,1
31414,57237,9153,359.16,4
31415,57238,9153,171.97,1
31416,57240,9153,488.36,4
31417,57242,9153,252.4,6
31418,57243,9153,333.25,4
31419,57244,9153,404.93,10
31420,57245,9153,222.14,11
31421,57247,9154,329.07,5
31422,57250,9154,294.12,12
31423,57252,9154,409.38,7
31424,57253,9154,412.59,6
31425,57255,9154,351.63,1
31426,57256,9155,199.53,12
31427,57259,9155,274.87,12
31428,57260,9155,312.07,9
31429,57261,9156,433.2,8
31430,57262,9156,195.06,4
31431,57263,9156,296.04,2
31432,57267,9156,436.99,1
31433,57268,9157,300.47,2
31434,57269,9157,319.42,9
31435,57270,9157,153.93,9
31436,57271,9158,278.6,7
31437,57275,9158,369.96,6
31438,57276,9158,247.96,2
31439,57278,9158,162.38,11
31440,57279,9158,233.5,6
31441,57280,9158,433.76,6
31442,57281,9159,353.06,4
31443,57284,9159,400.29,4
31444,57286,9159,373.88,12
31445,57287,9159,544.08,5
31446,57289,9159,411.69,9
31447,57290,9159,316.73,11
31448,57291,9160,297.07,6
31449,57292,9160,363.49,11
31450,57296,9161,429.22,3
31451,57297,9161,245.37,6
31452,57298,9161,360.7,11
31453,57300,9161,337.09,6
31454,57301,9161,348.41,7
31455,57304,9161,292.62,3
31456,57309,9162,371.43,9
31457,57312,9163,437.84,1
31458,57313,9163,352.74,6
31459,57316,9164,159.37,2
31460,57317,9165,235.44,8
31461,57318,9165,475.09,8
31462,57319,9165,212.53,5
31463,57320,9165,206.85,10
31464,57321,9165,267.16,12
31465,57322,9165,250.98,6
31466,57324,9165,321.13,5
31467,57327,9166,361.63,8
31468,57328,9166,357.16,3
31469,57329,9166,276.89,8
31470,57330,9166,272.19,12
31471,57331,9166,290.94,10
31472,57332,9166,432.06,4
31473,57335,9167,279.78,8
31474,57337,9167,353.02,11
31475,57339,9168,308.88,12
31476,57340,9168,271.12,6
31477,57341,9168,393.65,3
31478,57342,9168,266.0,7
31479,57343,9168,341.35,9
31480,57344,9168,377.93,2
31481,57345,9168,359.15,5
31482,57347,9168,349.36,8
31483,57348,9168,325.12,4
31484,57350,9168,330.54,6
31485,57351,9168,317.93,7
31486,57353,9168,274.24,6
31487,57357,9170,266.24,7
31488,57358,9170,318.83,6
31489,57359,9170,334.96,3
31490,57360,9170,343.3,6
31491,57361,9170,372.89,5
31492,57362,9170,217.54,7
31493,57363,9170,352.11,11
31494,57364,9170,348.36,2
31495,57369,9171,349.59,9
31496,57371,9171,358.25,5
31497,57375,9172,253.15,6
31498,57376,9172,339.24,11
31499,57378,9172,340.98,8
31500,57379,9172,167.71,2
31501,57380,9172,447.21,8
31502,57381,9172,240.22,9
31503,57387,9173,340.72,11
31504,57388,9173,130.0,1
31505,57389,9173,417.46,7
31506,57390,9173,266.17,3
31507,57391,9174,282.64,3
31508,57396,9174,231.11,5
31509,57397,9174,275.49,2
31510,57398,9174,331.29,9
31511,57399,9174,459.99,9
31512,57401,9174,398.98,7
31513,57402,9174,396.14,5
31514,57405,9175,212.38,6
31515,57407,9175,340.45,6
31516,57408,9175,281.58,6
31517,57410,9176,220.5,3
31518,57411,9176,262.25,12
31519,57413,9176,321.8,10
31520,57414,9176,286.34,12
31521,57415,9176,347.94,5
31522,57419,9176,207.63,6
31523,57421,9177,534.63,4
31524,57422,9177,339.94,2
31525,57426,9177,276.64,2
31526,57427,9177,290.98,8
31527,57430,9178,190.32,1
31528,57436,9178,181.62,2
31529,57438,9178,302.89,10
31530,57439,9179,339.21,9
31531,57441,9179,204.0,11
31532,57442,9179,239.11,11
31533,57443,9179,331.15,1
31534,57445,9180,224.6,5
31535,57446,9180,400.95,5
31536,57448,9181,347.14,12
31537,57449,9181,280.16,11
31538,57451,9181,333.15,11
31539,57452,9181,243.91,3
31540,57453,9181,244.6,12
31541,57454,9182,451.51,12
31542,57455,9182,470.04,6
31543,57458,9183,281.12,2
31544,57459,9183,321.03,9
31545,57460,9184,281.81,9
31546,57465,9185,421.68,5
31547,57468,9185,495.1,3
31548,57469,9186,266.75,8
31549,57471,9186,208.34,10
31550,57476,9186,401.63,6
31551,57477,9186,383.54,4
31552,57478,9186,435.4,4
31553,57479,9186,339.4,3
31554,57480,9186,134.39,10
31555,57481,9186,213.09,3
31556,57482,9186,484.09,2
31557,57484,9187,314.87,5
31558,57486,9187,241.62,3
31559,57487,9187,148.85,1
31560,57489,9188,363.21,12
31561,57491,9188,325.85,12
31562,57492,9188,209.13,3
31563,57494,9188,235.8,11
31564,57496,9188,248.28,1
31565,57498,9188,360.58,12
31566,57499,9188,472.61,6
31567,57500,9188,288.55,4
31568,57503,9189,467.11,10
31569,57504,9189,318.69,9
31570,57506,9189,246.19,4
31571,57508,9189,444.55,7
31572,57510,9190,362.89,2
31573,57511,9190,440.97,11
31574,57513,9190,353.92,10
31575,57514,9190,538.31,11
31576,57515,9191,344.75,11
31577,57516,9191,366.3,5
31578,57517,9191,255.23,10
31579,57522,9192,406.03,6
31580,57524,9192,307.89,10
31581,57526,9192,383.21,10
31582,57527,9192,450.08,7
31583,57528,9192,325.66,7
31584,57530,9193,382.55,9
31585,57532,9193,447.06,7
31586,57534,9193,231.09,5
31587,57536,9193,332.91,7
31588,57538,9194,173.67,10
31589,57539,9194,307.18,4
31590,57544,9195,404.59,3
31591,57546,9195,154.76,8
31592,57548,9195,243.27,9
31593,57550,9195,206.54,10
31594,57552,9195,396.21,3
31595,57553,9195,364.97,7
31596,57554,9196,424.88,1
31597,57556,9196,405.79,4
31598,57557,9196,271.69,5
31599,57560,9196,306.74,9
31600,57561,9196,286.06,12
31601,57563,9197,450.05,7
31602,57566,9197,368.44,12
31603,57571,9197,407.59,1
31604,57572,9197,386.02,9
31605,57574,9197,275.53,3
31606,57575,9197,238.11,2
31607,57576,9198,364.77,12
31608,57578,9198,452.71,12
31609,57579,9198,349.79,4
31610,57581,9198,213.21,10
31611,57585,9198,370.85,7
31612,57586,9198,273.18,5
31613,57589,9199,162.35,10
31614,57590,9199,465.19,11
31615,57591,9199,245.91,9
31616,57593,9199,436.15,7
31617,57597,9199,444.1,5
31618,57598,9200,356.71,4
31619,57600,9201,243.33,10
31620,57601,9201,426.11,7
31621,57603,9201,247.33,1
31622,57604,9202,315.89,6
31623,57606,9202,298.23,11
31624,57607,9202,285.44,7
31625,57609,9202,341.89,7
31626,57614,9203,168.63,7
31627,57615,9203,258.54,8
31628,57620,9204,238.72,5
31629,57621,9204,369.32,6
31630,57622,9204,383.55,5
31631,57624,9204,302.03,11
31632,57625,9204,375.56,10
31633,57626,9205,313.98,4
31634,57627,9205,293.84,1
31635,57629,9205,349.22,7
31636,57633,9205,339.2,2
31637,57636,9206,224.55,12
31638,57637,9206,404.29,6
31639,57638,9206,191.05,2
31640,57639,9206,202.17,2
31641,57643,9206,227.69,2
31642,57644,9207,318.06,7
31643,57645,9207,460.98,12
31644,57647,9208,435.88,5
31645,57648,9208,237.67,8
31646,57650,9208,310.41,3
31647,57651,9208,208.52,1
31648,57652,9209,257.52,12
31649,57654,9209,493.63,6
31650,57657,9209,301.67,2
31651,57659,9209,426.19,5
31652,57660,9209,393.11,12
31653,57661,9209,258.74,6
31654,57662,9209,242.8,7
31655,57664,9210,316.21,4
31656,57666,9211,307.62,12
31657,57667,9211,400.16,1
31658,57668,9211,295.12,10
31659,57671,9211,399.49,5
31660,57672,9212,259.88,12
31661,57673,9212,322.47,7
31662,57675,9212,230.61,5
31663,57678,9212,166.81,10
31664,57682,9213,237.75,8
31665,57683,9213,365.41,11
31666,57684,9213,442.87,2
31667,57686,9213,307.21,7
31668,57687,9213,361.41,6
31669,57688,9213,290.47,3
31670,57689,9213,277.61,2
31671,57691,9214,419.9,2
31672,57694,9214,436.98,6
31673,57695,9215,447.08,10
31674,57696,9215,395.59,11
31675,57697,9215,291.53,2
31676,57698,9215,267.0,9
31677,57699,9216,170.41,12
31678,57700,9216,494.06,12
31679,57701,9216,186.03,7
31680,57702,9216,323.46,11
31681,57703,9216,175.91,6
31682,57704,9216,416.39,10
31683,57705,9217,354.53,7
31684,57706,9217,438.69,2
31685,57708,9217,339.08,1
31686,57709,9217,382.94,5
31687,57710,9217,351.72,2
31688,57711,9217,434.29,1
31689,57716,9219,351.72,7
31690,57724,9220,409.16,4
31691,57725,9220,501.77,10
31692,57726,9220,247.65,4
31693,57730,9220,254.0,9
31694,57731,9220,432.03,5
31695,57732,9220,342.34,7
31696,57735,9220,344.55,5
31697,57736,9220,379.37,4
31698,57737,9220,341.54,9
31699,57740,9220,177.15,10
31700,57741,9220,343.27,2
31701,57742,9220,221.57,3
31702,57743,9220,368.8,6
31703,57744,9221,362.15,4
31704,57745,9221,349.11,3
31705,57746,9221,309.08,2
31706,57748,9222,508.74,10
31707,57749,9222,522.21,9
31708,57750,9223,158.98,5
31709,57751,9223,277.36,12
31710,57753,9223,474.91,8
31711,57760,9224,411.11,9
31712,57761,9224,296.0,2
31713,57764,9225,429.3,7
31714,57765,9225,250.15,5
31715,57766,9226,256.43,5
31716,57768,9226,321.27,4
31717,57769,9226,364.77,5
31718,57771,9226,360.29,12
31719,57774,9226,344.59,4
31720,57775,9226,334.35,1
31721,57776,9226,304.58,7
31722,57777,9226,284.63,7
31723,57778,9227,320.28,3
31724,57779,9227,349.93,6
31725,57780,9228,248.16,5
31726,57782,9228,197.19,10
31727,57783,9228,328.07,11
31728,57784,9228,336.07,3
31729,57787,9229,288.77,4
31730,57788,9229,271.9,1
31731,57790,9229,335.32,9
31732,57794,9229,315.68,10
31733,57796,9230,314.06,11
31734,57797,9230,496.94,7
31735,57802,9230,155.34,7
31736,57803,9230,204.82,9
31737,57804,9230,304.93,5
31738,57805,9230,383.8,10
31739,57806,9230,257.21,11
31740,57807,9230,213.19,9
31741,57808,9230,304.18,3
31742,57809,9231,303.79,11
31743,57810,9231,165.5,8
31744,57813,9231,357.97,4
31745,57814,9231,306.19,7
31746,57816,9231,365.84,4
31747,57817,9231,360.38,3
31748,57819,9231,117.73,12
31749,57820,9232,316.77,6
31750,57821,9232,310.12,6
31751,57827,9233,278.21,10
31752,57829,9234,345.14,8
31753,57830,9234,289.65,5
31754,57832,9235,256.49,6
31755,57833,9235,297.95,3
31756,57835,9236,245.72,9
31757,57839,9236,328.65,1
31758,57841,9237,269.71,8
31759,57842,9237,292.2,9
31760,57844,9238,185.99,8
31761,57846,9238,217.89,12
31762,57850,9238,352.7,11
31763,57851,9239,433.45,7
31764,57853,9240,320.13,12
31765,57854,9240,470.41,11
31766,57856,9240,370.8,1
31767,57858,9240,297.41,9
31768,57860,9241,457.42,2
31769,57861,9241,247.95,2
31770,57863,9241,352.68,2
31771,57864,9241,338.21,11
31772,57865,9241,104.35,6
31773,57868,9242,295.05,8
31774,57869,9242,476.39,9
31775,57870,9242,276.39,6
31776,57873,9242,273.49,3
31777,57875,9242,368.47,7
31778,57876,9242,118.52,7
31779,57877,9242,390.27,6
31780,57878,9242,284.11,5
31781,57879,9242,225.28,1
31782,57880,9243,401.23,8
31783,57881,9243,358.68,12
31784,57883,9243,453.86,9
31785,57886,9244,353.67,10
31786,57889,9245,334.12,2
31787,57890,9245,340.93,8
31788,57891,9245,307.31,7
31789,57892,9245,233.75,3
31790,57894,9245,380.3,6
31791,57895,9245,308.65,11
31792,57897,9245,397.88,11
31793,57899,9245,259.61,10
31794,57900,9245,244.17,2
31795,57903,9246,329.06,10
31796,57904,9246,324.66,10
31797,57905,9246,338.97,6
31798,57906,9246,308.09,3
31799,57907,9247,422.6,8
31800,57908,9247,159.43,12
31801,57909,9247,269.45,4
31802,57910,9247,328.19,1
31803,57912,9247,328.18,5
31804,57913,9247,296.12,3
31805,57914,9247,232.73,12
31806,57915,9247,69.69,4
31807,57918,9247,391.66,5
31808,57919,9248,335.39,9
31809,57920,9248,402.2,1
31810,57924,9248,138.76,11
31811,57925,9248,230.85,5
31812,57927,9248,302.52,9
31813,57928,9248,183.69,8
31814,57929,9249,286.56,12
31815,57933,9251,399.24,7
31816,57935,9251,245.56,5
31817,57937,9251,431.21,2
31818,57938,9251,247.47,9
31819,57939,9251,389.61,12
31820,57941,9252,247.19,8
31821,57942,9252,442.54,11
31822,57943,9252,350.95,4
31823,57945,9253,359.85,4
31824,57946,9253,232.17,5
31825,57947,9253,258.95,7
31826,57951,9253,356.79,11
31827,57952,9253,372.81,9
31828,57953,9253,232.35,12
31829,57954,9253,434.93,1
31830,57956,9253,335.31,8
31831,57957,9254,366.82,8
31832,57958,9254,350.97,10
31833,57960,9254,199.3,3
31834,57961,9254,458.2,12
31835,57962,9254,452.86,3
31836,57963,9254,292.17,7
31837,57964,9255,497.57,5
31838,57965,9255,334.73,3
31839,57967,9255,337.85,8
31840,57968,9255,302.46,4
31841,57970,9255,305.19,8
31842,57971,9255,493.34,12
31843,57973,9256,396.46,4
31844,57974,9256,332.83,2
31845,57976,9256,277.33,2
31846,57977,9256,278.37,4
31847,57979,9257,301.55,8
31848,57980,9257,228.47,11
31849,57983,9257,339.65,9
31850,57984,9257,454.23,11
31851,57987,9258,432.38,9
31852,57988,9258,147.2,10
31853,57989,9258,330.04,1
31854,57993,9258,122.37,4
31855,57996,9258,396.53,7
31856,57997,9258,314.7,5
31857,58000,9259,506.64,8
31858,58001,9259,359.27,10
31859,58005,9260,235.07,4
31860,58006,9260,194.38,6
31861,58007,9261,325.95,8
31862,58008,9261,345.99,12
31863,58009,9262,281.91,4
31864,58010,9262,302.24,11
31865,58011,9263,252.49,4
31866,58012,9263,337.36,3
31867,58013,9263,279.23,11
31868,58021,9265,271.43,4
31869,58022,9265,214.51,9
31870,58023,9265,473.72,7
31871,58024,9265,241.25,2
31872,58025,9265,385.16,8
31873,58026,9265,298.18,6
31874,58028,9266,349.15,2
31875,58030,9268,315.33,5
31876,58032,9268,274.94,1
31877,58035,9269,302.03,6
31878,58037,9269,228.98,3
31879,58038,9269,475.52,11
31880,58039,9269,293.52,7
31881,58040,9269,376.17,10
31882,58041,9270,384.32,12
31883,58043,9270,365.19,7
31884,58044,9270,365.66,2
31885,58045,9270,210.54,10
31886,58046,9270,167.05,11
31887,58048,9270,154.15,11
31888,58050,9271,229.25,4
31889,58051,9271,362.32,8
31890,58052,9271,557.6,10
31891,58053,9271,488.67,9
31892,58054,9271,447.36,11
31893,58055,9271,221.03,8
31894,58056,9271,413.51,11
31895,58057,9272,331.65,3
31896,58059,9272,196.76,9
31897,58060,9272,473.73,7
31898,58065,9273,270.6,3
31899,58066,9273,480.08,11
31900,58067,9273,377.39,11
31901,58068,9273,272.87,1
31902,58070,9274,195.39,8
31903,58071,9274,346.68,10
31904,58072,9275,430.22,5
31905,58076,9276,330.26,2
31906,58077,9276,412.31,1
31907,58078,9276,319.41,3
31908,58079,9277,277.5,7
31909,58080,9277,294.56,3
31910,58081,9277,361.8,5
31911,58082,9277,279.4,11
31912,58083,9277,272.16,9
31913,58084,9277,186.63,6
31914,58088,9278,335.77,2
31915,58089,9278,279.17,5
31916,58090,9278,199.79,11
31917,58092,9278,281.72,11
31918,58095,9279,325.29,6
31919,58096,9279,352.79,7
31920,58098,9279,375.64,2
31921,58101,9279,333.6,12
31922,58102,9279,245.47,4
31923,58103,9279,355.68,9
31924,58107,9280,248.93,5
31925,58111,9280,265.63,8
31926,58113,9281,257.28,9
31927,58114,9281,277.24,9
31928,58117,9281,397.82,2
31929,58119,9281,364.86,11
31930,58120,9282,378.18,6
31931,58123,9282,424.94,3
31932,58125,9282,220.22,8
31933,58126,9283,321.92,3
31934,58127,9283,307.14,10
31935,58128,9283,349.13,8
31936,58129,9283,347.77,10
31937,58132,9284,182.33,1
31938,58134,9284,431.45,8
31939,58136,9284,272.04,5
31940,58138,9285,337.14,1
31941,58139,9285,358.03,7
31942,58143,9285,317.88,7
31943,58145,9285,218.0,2
31944,58146,9286,332.16,7
31945,58147,9286,317.06,10
31946,58148,9286,315.99,11
31947,58149,9286,299.32,9
31948,58150,9286,380.67,7
31949,58151,9287,465.61,9
31950,58153,9287,479.44,9
31951,58156,9287,388.21,5
31952,58158,9287,380.65,3
31953,58159,9287,181.32,10
31954,58160,9288,332.27,10
31955,58161,9288,362.06,10
31956,58166,9288,132.99,3
31957,58168,9288,492.05,10
31958,58175,9290,312.49,5
31959,58177,9291,242.31,1
31960,58181,9292,226.92,7
31961,58182,9292,342.36,6
31962,58183,9292,357.5,10
31963,58184,9292,440.28,6
31964,58185,9292,241.25,9
31965,58186,9292,315.25,2
31966,58187,9292,304.55,6
31967,58188,9292,280.53,5
31968,58190,9293,252.7,12
31969,58191,9293,496.17,2
31970,58192,9293,398.96,5
31971,58193,9293,328.91,9
31972,58194,9293,358.04,8
31973,58195,9294,407.24,2
31974,58196,9294,257.1,7
31975,58198,9294,236.34,8
31976,58200,9294,295.45,2
31977,58202,9294,404.75,10
31978,58203,9294,520.41,9
31979,58204,9294,301.59,12
31980,58205,9294,219.89,11
31981,58206,9295,344.69,5
31982,58208,9296,309.61,12
31983,58209,9297,429.15,2
31984,58210,9297,329.93,9
31985,58215,9297,365.15,5
31986,58216,9297,283.36,9
31987,58219,9298,339.22,7
31988,58221,9298,206.82,8
31989,58222,9298,292.25,12
31990,58223,9298,253.88,6
31991,58224,9298,341.07,11
31992,58226,9298,297.65,11
31993,58229,9299,207.74,10
31994,58230,9299,361.01,5
31995,58237,9301,354.67,7
31996,58238,9301,406.47,3
31997,58239,9301,299.66,1
31998,58240,9301,273.12,5
31999,58241,9301,248.67,12
32000,58242,9301,354.89,12
32001,58243,9301,356.25,5
32002,58244,9301,274.32,7
32003,58246,9302,304.27,1
32004,58248,9302,348.05,7
32005,58250,9302,317.53,9
32006,58251,9302,325.05,6
32007,58253,9303,447.07,4
32008,58254,9303,205.65,1
32009,58259,9304,290.08,1
32010,58260,9305,455.32,1
32011,58261,9305,344.3,7
32012,58263,9305,244.47,4
32013,58266,9305,347.52,10
32014,58267,9305,348.31,9
32015,58273,9307,406.59,8
32016,58274,9307,393.3,5
32017,58275,9307,259.24,11
32018,58277,9307,330.83,12
32019,58280,9307,371.88,7
32020,58282,9308,249.37,4
32021,58284,9308,325.05,9
32022,58287,9308,170.22,7
32023,58288,9308,334.54,4
32024,58289,9308,338.27,5
32025,58290,9308,281.1,6
32026,58293,9308,397.61,4
32027,58294,9308,412.57,1
32028,58297,9309,233.7,5
32029,58299,9309,418.65,10
32030,58301,9309,325.45,11
32031,58303,9309,249.33,2
32032,58304,9309,434.31,5
32033,58308,9310,329.02,9
32034,58309,9310,228.06,2
32035,58310,9310,259.82,7
32036,58311,9311,329.55,6
32037,58314,9311,359.43,11
32038,58316,9311,413.91,7
32039,58318,9312,355.96,2
32040,58319,9312,212.82,5
32041,58321,9312,268.65,3
32042,58326,9312,521.31,7
32043,58328,9312,493.74,1
32044,58330,9313,342.8,8
32045,58331,9313,388.05,11
32046,58332,9313,359.88,2
32047,58334,9313,441.84,9
32048,58335,9313,381.97,7
32049,58337,9314,338.69,5
32050,58340,9315,440.74,3
32051,58341,9315,358.22,1
32052,58342,9315,285.17,5
32053,58343,9315,389.87,3
32054,58345,9315,386.5,3
32055,58346,9316,280.0,6
32056,58350,9317,435.42,10
32057,58351,9317,375.3,2
32058,58353,9317,317.45,10
32059,58354,9317,358.04,2
32060,58355,9317,426.86,2
32061,58356,9317,331.28,12
32062,58357,9318,294.7,12
32063,58358,9318,243.79,12
32064,58361,9318,118.65,8
32065,58363,9318,264.61,3
32066,58364,9319,273.12,12
32067,58365,9319,487.04,6
32068,58366,9319,175.7,8
32069,58368,9319,298.78,3
32070,58369,9319,187.94,1
32071,58371,9319,275.09,12
32072,58372,9319,552.44,8
32073,58375,9319,155.95,9
32074,58376,9319,295.23,6
32075,58380,9320,170.15,3
32076,58381,9320,349.45,5
32077,58384,9321,408.32,2
32078,58386,9321,170.89,8
32079,58393,9322,401.36,6
32080,58395,9322,441.29,8
32081,58397,9322,409.25,3
32082,58400,9322,348.0,5
32083,58403,9322,196.2,10
32084,58405,9323,472.67,1
32085,58406,9323,297.39,9
32086,58407,9323,272.42,5
32087,58409,9323,394.48,10
32088,58410,9323,301.7,3
32089,58411,9323,248.0,10
32090,58414,9324,287.62,7
32091,58415,9324,307.74,6
32092,58416,9324,443.26,9
32093,58417,9324,339.47,3
32094,58418,9324,422.66,2
32095,58424,9325,277.15,7
32096,58425,9325,238.55,11
32097,58429,9327,413.33,11
32098,58432,9328,296.73,4
32099,58433,9329,309.34,2
32100,58434,9329,412.87,2
32101,58438,9330,242.33,3
32102,58439,9330,352.78,9
32103,58441,9330,307.69,7
32104,58442,9330,354.25,5
32105,58443,9331,384.64,5
32106,58444,9331,502.43,4
32107,58448,9331,161.73,9
32108,58449,9331,269.44,6
32109,58450,9331,331.18,9
32110,58452,9332,304.72,10
32111,58453,9332,270.35,4
32112,58456,9333,153.23,7
32113,58457,9333,262.94,10
32114,58462,9334,347.94,2
32115,58464,9334,398.71,12
32116,58465,9334,310.09,1
32117,58467,9334,352.39,7
32118,58469,9334,320.27,8
32119,58470,9334,355.24,8
32120,58472,9335,207.73,7
32121,58474,9335,368.52,2
32122,58475,9335,269.05,8
32123,58477,9335,274.05,2
32124,58478,9335,312.73,8
32125,58479,9335,303.07,11
32126,58481,9335,264.68,12
32127,58482,9335,419.81,6
32128,58483,9336,343.59,3
32129,58484,9336,269.65,11
32130,58487,9336,279.33,7
32131,58489,9336,322.54,12
32132,58490,9336,285.27,2
32133,58492,9337,242.92,10
32134,58494,9337,325.82,7
32135,58495,9337,316.74,5
32136,58496,9337,306.71,1
32137,58497,9338,443.39,6
32138,58499,9338,317.64,6
32139,58503,9338,237.42,6
32140,58505,9339,360.24,9
32141,58507,9339,208.88,1
32142,58508,9339,439.67,2
32143,58513,9340,299.67,5
32144,58514,9340,255.39,2
32145,58515,9340,291.98,10
32146,58516,9340,354.65,5
32147,58517,9340,122.76,10
32148,58518,9340,308.91,2
32149,58523,9340,358.25,7
32150,58524,9340,435.97,7
32151,58526,9341,191.27,8
32152,58528,9341,140.63,9
32153,58529,9341,298.02,5
32154,58531,9341,355.8,1
32155,58532,9341,262.98,7
32156,58534,9342,317.14,3
32157,58535,9342,341.93,9
32158,58536,9343,389.48,1
32159,58538,9343,395.72,1
32160,58540,9344,225.36,7
32161,58541,9345,257.11,11
32162,58544,9345,187.06,2
32163,58545,9345,435.44,1
32164,58546,9345,251.03,11
32165,58547,9346,291.7,3
32166,58548,9346,268.96,9
32167,58550,9346,411.14,3
32168,58551,9346,235.41,11
32169,58555,9347,456.18,11
32170,58556,9347,187.69,9
32171,58557,9348,162.59,10
32172,58558,9348,256.35,11
32173,58559,9348,504.23,3
32174,58561,9348,148.52,3
32175,58563,9348,355.65,2
32176,58565,9349,315.11,7
32177,58567,9349,321.92,11
32178,58568,9349,480.48,4
32179,58571,9350,267.27,3
32180,58572,9350,359.18,4
32181,58573,9350,321.03,7
32182,58576,9351,272.81,7
32183,58577,9351,262.49,10
32184,58578,9351,348.05,8
32185,58580,9351,286.95,12
32186,58581,9351,288.4,1
32187,58582,9351,230.27,4
32188,58583,9351,262.48,10
32189,58591,9353,364.63,5
32190,58592,9353,270.96,12
32191,58593,9353,366.18,9
32192,58595,9353,392.23,7
32193,58599,9354,372.83,1
32194,58600,9354,424.48,11
32195,58602,9354,408.88,11
32196,58603,9354,399.68,10
32197,58608,9355,296.34,7
32198,58611,9355,128.93,7
32199,58613,9355,203.59,4
32200,58615,9356,303.52,11
32201,58616,9356,360.83,2
32202,58617,9356,408.23,7
32203,58618,9356,261.11,7
32204,58621,9356,382.33,10
32205,58623,9357,323.1,9
32206,58624,9357,336.53,7
32207,58625,9357,373.48,9
32208,58629,9357,401.43,11
32209,58631,9357,259.42,4
32210,58633,9358,288.66,6
32211,58634,9358,483.56,6
32212,58636,9358,160.86,6
32213,58637,9358,447.94,5
32214,58638,9358,271.55,1
32215,58640,9358,348.02,10
32216,58642,9359,411.08,1
32217,58647,9360,488.25,7
32218,58650,9360,309.41,6
32219,58654,9361,491.75,8
32220,58655,9361,210.44,1
32221,58656,9362,200.97,6
32222,58659,9362,325.26,3
32223,58660,9362,186.62,11
32224,58662,9362,262.9,8
32225,58665,9362,263.48,4
32226,58666,9362,365.51,7
32227,58673,9364,335.96,12
32228,58674,9365,299.79,5
32229,58680,9365,382.14,2
32230,58685,9366,298.72,9
32231,58686,9366,477.14,3
32232,58687,9366,325.76,8
32233,58689,9366,451.22,7
32234,58690,9366,344.25,1
32235,58692,9366,368.37,11
32236,58693,9366,50.0,2
32237,58694,9367,269.5,9
32238,58696,9367,339.55,2
32239,58698,9367,269.77,11
32240,58699,9367,358.14,7
32241,58700,9367,173.92,6
32242,58703,9367,261.63,8
32243,58704,9367,187.77,12
32244,58705,9368,316.64,8
32245,58708,9368,391.53,11
32246,58712,9370,455.49,10
32247,58715,9370,447.29,4
32248,58716,9370,395.43,10
32249,58717,9370,349.32,9
32250,58718,9370,193.07,1
32251,58720,9370,496.66,4
32252,58721,9370,385.44,4
32253,58723,9371,342.17,12
32254,58724,9371,335.59,12
32255,58725,9371,436.81,1
32256,58726,9371,211.61,4
32257,58727,9372,283.76,1
32258,58733,9372,118.2,9
32259,58735,9372,212.34,8
32260,58736,9372,489.28,9
32261,58737,9372,334.25,2
32262,58739,9373,244.49,9
32263,58742,9374,323.36,12
32264,58744,9374,411.72,10
32265,58745,9374,334.78,3
32266,58747,9375,395.8,3
32267,58749,9375,210.64,12
32268,58750,9375,421.18,4
32269,58751,9375,483.35,9
32270,58753,9375,195.04,7
32271,58754,9376,379.53,8
32272,58756,9376,400.62,5
32273,58758,9376,357.48,12
32274,58759,9376,332.95,4
32275,58761,9376,205.78,10
32276,58764,9377,294.29,9
32277,58765,9377,332.2,5
32278,58767,9378,547.34,4
32279,58768,9378,212.85,12
32280,58769,9378,429.26,7
32281,58770,9378,371.29,11
32282,58771,9379,153.8,11
32283,58772,9379,385.59,6
32284,58773,9380,294.18,3
32285,58775,9380,432.39,8
32286,58776,9380,314.17,10
32287,58777,9380,412.71,11
32288,58779,9380,226.26,9
32289,58780,9380,340.92,11
32290,58785,9383,346.55,6
32291,58787,9383,260.87,5
32292,58788,9383,299.33,2
32293,58789,9383,287.28,9
32294,58790,9383,411.56,8
32295,58794,9385,301.73,8
32296,58795,9385,323.69,11
32297,58796,9385,419.96,1
32298,58797,9385,367.98,12
32299,58798,9385,335.37,6
32300,58802,9386,235.19,3
32301,58803,9387,315.39,4
32302,58805,9387,367.49,4
32303,58807,9387,475.78,7
32304,58812,9388,112.62,11
32305,58813,9388,284.98,3
32306,58816,9388,270.8,12
32307,58817,9388,250.61,12
32308,58818,9388,165.06,11
32309,58819,9388,402.87,11
32310,58824,9389,383.74,9
32311,58825,9389,377.28,6
32312,58826,9389,299.58,7
32313,58827,9389,272.59,1
32314,58828,9389,233.19,2
32315,58829,9389,357.35,2
32316,58830,9389,242.39,11
32317,58831,9389,381.7,7
32318,58832,9389,224.01,8
32319,58835,9390,458.1,5
32320,58836,9390,310.98,6
32321,58838,9390,280.71,10
32322,58839,9390,273.16,7
32323,58841,9390,427.74,8
32324,58843,9391,357.31,5
32325,58844,9392,503.97,11
32326,58846,9392,417.92,5
32327,58847,9392,242.89,8
32328,58850,9392,312.33,9
32329,58851,9392,334.2,2
32330,58852,9393,337.5,2
32331,58854,9393,441.0,3
32332,58856,9393,290.8,9
32333,58858,9393,243.74,4
32334,58859,9393,377.76,9
32335,58864,9394,366.0,12
32336,58865,9394,267.03,5
32337,58866,9394,157.89,7
32338,58867,9394,500.94,1
32339,58868,9395,447.17,2
32340,58869,9395,244.49,9
32341,58870,9395,307.31,11
32342,58874,9395,317.49,11
32343,58875,9395,374.94,7
32344,58876,9395,294.6,6
32345,58879,9395,283.0,2
32346,58880,9395,309.45,10
32347,58881,9396,236.39,2
32348,58883,9396,405.7,12
32349,58886,9396,375.58,2
32350,58891,9396,231.05,2
32351,58893,9397,350.4,10
32352,58897,9397,262.44,1
32353,58900,9397,332.52,7
32354,58901,9398,140.17,3
32355,58902,9398,298.48,6
32356,58904,9398,437.62,5
32357,58908,9398,224.05,11
32358,58909,9398,287.97,5
32359,58911,9398,433.25,12
32360,58912,9399,473.78,3
32361,58913,9399,388.95,8
32362,58916,9399,460.01,5
32363,58917,9399,425.43,4
32364,58918,9399,166.23,10
32365,58919,9399,370.63,11
32366,58920,9399,341.52,8
32367,58922,9400,226.92,10
32368,58923,9400,166.68,2
32369,58925,9400,394.49,2
32370,58926,9400,309.46,4
32371,58928,9401,332.2,8
32372,58929,9401,376.46,4
32373,58930,9401,474.26,10
32374,58933,9402,262.36,6
32375,58936,9403,287.97,4
32376,58937,9403,291.22,6
32377,58938,9403,260.46,7
32378,58940,9404,486.8,7
32379,58941,9405,408.13,2
32380,58942,9405,378.77,8
32381,58944,9405,372.12,10
32382,58950,9406,310.69,12
32383,58956,9407,112.45,10
32384,58957,9407,514.06,5
32385,58958,9408,293.35,11
32386,58960,9408,397.98,6
32387,58961,9409,412.64,9
32388,58969,9412,309.29,10
32389,58970,9412,514.63,7
32390,58972,9413,420.94,10
32391,58973,9413,258.55,2
32392,58976,9413,404.27,5
32393,58978,9413,428.81,9
32394,58979,9413,320.46,7
32395,58984,9414,381.76,6
32396,58985,9414,306.46,11
32397,58986,9414,281.19,9
32398,58987,9414,335.5,8
32399,58988,9414,335.76,7
32400,58989,9415,301.01,3
32401,58990,9415,134.77,11
32402,58991,9415,463.84,2
32403,58994,9415,439.53,1
32404,58999,9416,247.94,6
32405,59001,9417,296.12,3
32406,59002,9417,233.85,7
32407,59003,9417,181.1,9
32408,59004,9417,230.28,3
32409,59005,9417,332.43,11
32410,59007,9418,357.1,4
32411,59008,9418,236.65,12
32412,59009,9418,297.0,7
32413,59015,9419,347.45,7
32414,59016,9419,264.66,2
32415,59017,9419,366.95,4
32416,59018,9419,236.34,1
32417,59019,9419,504.66,3
32418,59020,9419,267.05,2
32419,59022,9419,292.98,2
32420,59023,9419,225.92,7
32421,59025,9419,137.38,2
32422,59026,9419,357.1,4
32423,59027,9420,210.6,2
32424,59030,9421,341.24,3
32425,59034,9421,269.61,7
32426,59036,9421,430.58,7
32427,59037,9421,317.4,9
32428,59038,9421,182.08,3
32429,59040,9422,332.18,2
32430,59042,9422,545.78,3
32431,59045,9423,302.69,12
32432,59047,9423,275.1,9
32433,59049,9423,376.26,12
32434,59053,9424,266.02,2
32435,59054,9424,326.38,1
32436,59057,9424,337.64,7
32437,59058,9425,229.41,6
32438,59063,9425,395.54,5
32439,59065,9425,420.54,9
32440,59066,9425,251.23,6
32441,59068,9427,388.33,6
32442,59069,9427,397.34,2
32443,59071,9427,319.05,6
32444,59073,9427,454.79,6
32445,59076,9427,467.87,7
32446,59077,9428,269.13,2
32447,59078,9428,362.32,4
32448,59079,9428,367.85,10
32449,59081,9428,400.73,9
32450,59082,9428,368.46,7
32451,59083,9428,405.77,10
32452,59085,9428,350.94,9
32453,59086,9429,533.55,2
32454,59087,9429,323.58,8
32455,59089,9429,239.38,12
32456,59090,9429,399.73,3
32457,59092,9429,296.74,1
32458,59093,9429,276.87,6
32459,59094,9429,320.4,12
32460,59096,9430,357.72,1
32461,59097,9430,264.13,3
32462,59098,9430,390.23,2
32463,59099,9430,280.03,10
32464,59101,9431,395.1,5
32465,59102,9431,326.11,5
32466,59107,9433,358.08,12
32467,59108,9433,218.72,8
32468,59109,9433,179.1,9
32469,59110,9433,367.79,12
32470,59111,9434,503.14,1
32471,59115,9434,257.67,8
32472,59119,9435,486.26,3
32473,59120,9435,365.38,11
32474,59122,9436,281.51,8
32475,59124,9436,294.39,6
32476,59126,9437,365.37,6
32477,59127,9437,460.56,9
32478,59128,9437,368.96,5
32479,59129,9437,321.78,5
32480,59130,9437,358.53,10
32481,59131,9438,232.4,12
32482,59132,9438,265.07,2
32483,59133,9438,352.38,11
32484,59135,9438,341.79,11
32485,59136,9438,319.61,7
32486,59137,9438,340.09,10
32487,59139,9438,305.24,8
32488,59141,9439,221.78,6
32489,59144,9439,240.83,5
32490,59145,9439,377.32,2
32491,59146,9439,471.83,2
32492,59153,9439,361.81,9
32493,59156,9440,240.93,5
32494,59157,9440,415.08,1
32495,59158,9440,326.7,6
32496,59159,9440,387.91,8
32497,59160,9441,331.12,7
32498,59161,9441,419.55,1
32499,59162,9441,394.11,8
32500,59163,9441,207.71,4
32501,59171,9443,398.25,11
32502,59176,9444,332.72,8
32503,59177,9444,311.7,2
32504,59178,9444,380.35,4
32505,59179,9444,364.45,6
32506,59180,9444,269.32,1
32507,59182,9445,360.9,3
32508,59183,9446,188.97,3
32509,59184,9446,401.77,1
32510,59186,9446,359.5,2
32511,59190,9446,366.33,12
32512,59195,9447,279.53,12
32513,59197,9447,600.16,2
32514,59198,9447,418.31,2
32515,59200,9448,304.93,3
32516,59201,9448,375.2,10
32517,59203,9448,371.16,11
32518,59205,9448,358.99,1
32519,59206,9448,50.0,3
32520,59209,9448,348.28,2
32521,59211,9449,414.28,6
32522,59212,9449,278.05,6
32523,59214,9449,184.47,6
32524,59217,9450,274.71,7
32525,59218,9450,332.37,7
32526,59219,9450,480.34,9
32527,59220,9451,340.89,7
32528,59222,9451,270.92,10
32529,59223,9451,418.29,5
32530,59224,9451,295.25,10
32531,59230,9452,199.11,11
32532,59231,9452,253.0,7
32533,59232,9452,378.7,7
32534,59234,9452,246.99,5
32535,59235,9452,411.78,2
32536,59237,9452,488.85,4
32537,59238,9452,448.68,10
32538,59240,9452,278.19,3
32539,59241,9453,212.68,8
32540,59249,9453,124.41,12
32541,59250,9454,284.91,11
32542,59252,9454,135.0,4
32543,59253,9454,355.15,8
32544,59254,9454,461.69,4
32545,59255,9454,352.95,12
32546,59257,9454,275.71,1
32547,59258,9454,436.6,9
32548,59260,9455,270.01,7
32549,59261,9455,289.78,2
32550,59264,9456,307.66,5
32551,59265,9456,243.92,1
32552,59266,9457,317.02,7
32553,59268,9457,418.75,4
32554,59270,9457,324.2,8
32555,59271,9457,198.69,10
32556,59272,9457,333.87,2
32557,59273,9458,361.74,3
32558,59274,9458,289.08,9
32559,59275,9458,308.52,6
32560,59276,9458,427.99,3
32561,59277,9458,294.05,9
32562,59281,9459,351.31,8
32563,59282,9459,342.34,4
32564,59285,9459,178.85,12
32565,59289,9460,217.26,10
32566,59290,9460,309.61,9
32567,59291,9460,379.62,6
32568,59293,9460,474.5,5
32569,59296,9460,178.88,11
32570,59297,9461,189.04,5
32571,59298,9461,312.93,7
32572,59302,9462,373.49,1
32573,59303,9462,236.62,1
32574,59304,9462,352.49,6
32575,59306,9463,398.26,5
32576,59308,9463,393.32,12
32577,59313,9464,521.48,10
32578,59315,9464,265.35,7
32579,59320,9465,107.46,4
32580,59321,9465,257.2,8
32581,59322,9465,410.87,5
32582,59323,9465,422.25,7
32583,59327,9465,173.38,7
32584,59328,9465,453.97,3
32585,59331,9465,177.36,6
32586,59334,9466,288.49,10
32587,59335,9466,367.71,1
32588,59337,9466,284.98,12
32589,59339,9466,366.85,10
32590,59344,9467,281.83,1
32591,59345,9467,335.85,12
32592,59346,9467,202.57,7
32593,59347,9467,462.53,9
32594,59350,9467,306.99,8
32595,59357,9468,291.64,6
32596,59358,9468,364.67,11
32597,59359,9468,201.69,5
32598,59360,9468,303.25,1
32599,59361,9468,209.95,3
32600,59363,9468,251.21,5
32601,59364,9469,314.02,4
32602,59365,9469,363.94,12
32603,59366,9469,273.76,1
32604,59367,9469,293.08,1
32605,59369,9469,385.98,12
32606,59372,9470,295.06,3
32607,59374,9470,253.85,2
32608,59375,9470,358.48,4
32609,59376,9470,322.02,4
32610,59378,9471,310.62,4
32611,59380,9471,424.14,8
32612,59381,9471,280.46,2
32613,59383,9472,380.69,9
32614,59384,9472,119.63,10
32615,59385,9472,292.96,3
32616,59386,9472,325.0,6
32617,59387,9472,306.23,7
32618,59391,9473,254.14,10
32619,59392,9473,182.43,9
32620,59393,9473,266.03,8
32621,59394,9473,273.43,10
32622,59395,9473,337.67,5
32623,59396,9473,410.06,5
32624,59397,9473,221.58,12
32625,59399,9473,348.43,8
32626,59400,9473,266.83,6
32627,59401,9474,381.35,10
32628,59402,9474,409.5,11
32629,59403,9474,379.95,2
32630,59407,9474,367.39,3
32631,59415,9475,120.19,8
32632,59416,9475,274.98,12
32633,59417,9475,400.59,1
32634,59418,9475,482.47,10
32635,59419,9475,399.02,1
32636,59421,9476,372.38,11
32637,59422,9477,328.31,2
32638,59423,9477,279.57,3
32639,59424,9477,456.38,10
32640,59425,9477,367.31,1
32641,59426,9477,301.82,12
32642,59427,9477,346.93,11
32643,59435,9478,344.07,9
32644,59437,9478,357.62,11
32645,59440,9478,387.86,1
32646,59441,9478,211.46,6
32647,59444,9479,212.68,4
32648,59446,9479,427.66,5
32649,59447,9479,253.2,12
32650,59448,9479,300.18,12
32651,59449,9479,356.65,4
32652,59450,9479,322.01,10
32653,59451,9479,333.09,5
32654,59455,9480,267.3,4
32655,59457,9480,471.19,8
32656,59458,9480,383.34,11
32657,59461,9480,323.79,8
32658,59462,9480,540.65,12
32659,59464,9480,264.15,1
32660,59465,9480,365.67,1
32661,59466,9481,337.18,10
32662,59470,9483,354.23,5
32663,59472,9484,346.9,2
32664,59473,9484,568.99,8
32665,59476,9485,354.97,3
32666,59477,9485,361.88,10
32667,59479,9486,242.53,2
32668,59481,9486,282.1,1
32669,59484,9487,364.95,6
32670,59486,9487,293.96,12
32671,59489,9487,379.51,11
32672,59492,9488,304.06,5
32673,59493,9488,261.7,4
32674,59494,9488,169.57,4
32675,59495,9488,437.41,3
32676,59496,9488,292.01,7
32677,59501,9490,299.97,10
32678,59504,9491,397.36,8
32679,59505,9491,266.4,2
32680,59506,9491,468.99,12
32681,59509,9492,359.16,10
32682,59510,9492,428.22,4
32683,59512,9492,403.14,8
32684,59514,9492,391.13,4
32685,59515,9492,277.47,4
32686,59516,9493,224.57,6
32687,59517,9493,407.53,4
32688,59521,9493,180.75,11
32689,59523,9493,204.45,9
32690,59525,9494,297.99,11
32691,59526,9494,295.76,7
32692,59527,9494,209.3,4
32693,59528,9494,303.37,10
32694,59530,9495,310.2,1
32695,59531,9495,286.48,11
32696,59533,9497,336.01,7
32697,59540,9499,109.8,3
32698,59542,9500,399.36,12
32699,59543,9500,479.6,7
32700,59549,9500,303.67,6
32701,59550,9500,327.07,7
32702,59551,9501,292.62,12
32703,59552,9501,365.89,11
32704,59555,9501,395.32,8
32705,59556,9502,217.64,2
32706,59557,9503,276.97,10
32707,59559,9503,240.2,7
32708,59561,9504,444.34,7
32709,59562,9504,319.56,3
32710,59563,9504,292.78,1
32711,59564,9504,378.52,8
32712,59565,9504,285.98,11
32713,59568,9505,262.3,3
32714,59570,9506,178.12,8
32715,59573,9507,434.53,5
32716,59574,9507,356.08,7
32717,59575,9507,278.32,8
32718,59576,9508,525.59,5
32719,59577,9509,372.67,6
32720,59579,9510,254.52,11
32721,59581,9510,492.09,10
32722,59587,9512,305.72,1
32723,59588,9512,287.96,11
32724,59589,9512,316.19,4
32725,59590,9512,358.92,11
32726,59592,9512,284.21,2
32727,59593,9512,482.7,10
32728,59595,9512,297.9,9
32729,59596,9512,285.54,11
32730,59597,9512,221.16,10
32731,59598,9512,330.71,1
32732,59601,9513,140.56,10
32733,59603,9513,228.13,7
32734,59605,9513,351.76,7
32735,59610,9514,334.02,4
32736,59611,9514,345.16,5
32737,59613,9514,312.0,6
32738,59614,9514,255.93,7
32739,59616,9514,50.0,6
32740,59623,9515,324.22,11
32741,59624,9515,151.76,9
32742,59628,9516,210.01,3
32743,59629,9516,351.69,9
32744,59631,9517,358.96,2
32745,59632,9517,370.06,11
32746,59633,9518,264.81,9
32747,59635,9518,293.02,1
32748,59636,9518,330.66,5
32749,59637,9518,328.18,7
32750,59638,9518,320.5,5
32751,59641,9518,228.54,2
32752,59643,9519,266.92,7
32753,59644,9519,352.99,8
32754,59645,9519,378.63,7
32755,59646,9519,341.05,9
32756,59648,9519,341.49,8
32757,59649,9519,503.49,2
32758,59650,9519,444.3,9
32759,59651,9519,279.75,10
32760,59653,9519,494.09,8
32761,59654,9520,397.56,2
32762,59655,9520,471.26,10
32763,59656,9521,381.64,10
32764,59658,9522,257.27,4
32765,59659,9522,376.29,10
32766,59660,9522,281.98,1
32767,59662,9523,394.27,10
32768,59663,9524,186.78,10
32769,59664,9524,353.84,1
32770,59666,9524,355.24,10
32771,59667,9524,421.43,7
32772,59669,9525,406.56,11
32773,59670,9526,283.49,11
32774,59671,9526,271.08,1
32775,59673,9526,261.98,1
32776,59674,9526,296.87,7
32777,59675,9527,301.41,8
32778,59676,9527,407.15,10
32779,59677,9527,147.74,6
32780,59680,9527,187.14,5
32781,59681,9527,193.27,2
32782,59682,9527,308.93,2
32783,59683,9527,372.75,8
32784,59684,9527,351.91,2
32785,59686,9527,233.07,7
32786,59687,9528,404.88,8
32787,59688,9528,421.61,12
32788,59689,9528,388.21,6
32789,59691,9528,278.06,9
32790,59693,9528,319.09,2
32791,59694,9528,410.88,7
32792,59697,9529,316.51,9
32793,59700,9530,332.61,1
32794,59702,9530,354.76,11
32795,59706,9531,303.48,1
32796,59708,9531,276.07,3
32797,59709,9531,357.93,8
32798,59710,9531,382.65,7
32799,59713,9531,207.66,8
32800,59714,9531,317.08,7
32801,59715,9531,238.54,8
32802,59716,9531,316.77,5
32803,59717,9532,438.19,9
32804,59720,9532,368.77,8
32805,59721,9532,304.8,6
32806,59723,9532,506.36,4
32807,59727,9534,168.48,3
32808,59729,9534,270.67,7
32809,59731,9534,334.02,12
32810,59732,9534,230.6,4
32811,59733,9535,190.97,10
32812,59734,9535,411.55,6
32813,59738,9536,464.04,10
32814,59747,9537,264.52,11
32815,59749,9537,524.96,8
32816,59751,9538,104.15,6
32817,59754,9538,330.39,12
32818,59755,9538,218.41,3
32819,59757,9538,317.81,7
32820,59759,9538,326.32,8
32821,59760,9539,311.2,2
32822,59761,9540,205.58,8
32823,59762,9540,331.44,7
32824,59763,9540,320.44,11
32825,59764,9540,339.85,6
32826,59765,9540,188.31,12
32827,59766,9540,442.94,2
32828,59768,9540,256.84,10
32829,59770,9540,352.48,10
32830,59771,9541,366.19,4
32831,59772,9541,367.99,5
32832,59774,9541,221.3,10
32833,59775,9541,142.2,5
32834,59779,9541,472.9,10
32835,59780,9541,423.16,6
32836,59781,9541,471.69,4
32837,59785,9542,322.31,7
32838,59787,9542,396.45,11
32839,59788,9542,233.71,8
32840,59790,9542,351.39,8
32841,59791,9542,321.18,1
32842,59793,9543,345.85,8
32843,59795,9543,316.98,1
32844,59796,9543,411.18,8
32845,59802,9544,235.16,9
32846,59803,9544,283.1,12
32847,59805,9544,323.65,6
32848,59808,9545,390.22,6
32849,59809,9545,368.31,11
32850,59810,9545,436.64,6
32851,59812,9545,475.11,8
32852,59813,9546,383.55,3
32853,59815,9546,342.48,5
32854,59818,9546,217.02,3
32855,59819,9546,180.93,11
32856,59820,9546,189.1,7
32857,59823,9546,227.3,10
32858,59824,9546,376.44,1
32859,59825,9546,194.11,9
32860,59828,9546,443.46,9
32861,59829,9547,321.73,4
32862,59830,9547,215.52,7
32863,59831,9548,460.84,8
32864,59832,9548,436.73,12
32865,59833,9549,405.13,11
32866,59834,9549,329.21,11
32867,59837,9549,374.99,3
32868,59840,9549,161.0,3
32869,59842,9549,260.63,5
32870,59843,9550,266.27,8
32871,59844,9550,160.47,2
32872,59845,9550,306.91,8
32873,59849,9550,345.13,3
32874,59851,9551,239.61,1
32875,59852,9551,300.01,5
32876,59853,9551,273.33,10
32877,59856,9552,206.36,4
32878,59858,9553,370.59,5
32879,59860,9553,405.53,11
32880,59861,9554,393.08,1
32881,59862,9554,319.32,6
32882,59867,9555,233.21,5
32883,59871,9556,287.03,7
32884,59873,9556,393.39,7
32885,59874,9556,351.75,5
32886,59878,9557,216.97,11
32887,59879,9557,331.21,10
32888,59880,9557,317.12,3
32889,59881,9557,289.02,5
32890,59882,9557,321.8,3
32891,59884,9557,244.25,11
32892,59887,9558,405.82,7
32893,59888,9558,342.14,1
32894,59891,9558,413.68,9
32895,59892,9558,196.2,1
32896,59894,9558,326.15,9
32897,59895,9558,478.41,1
32898,59898,9558,261.18,5
32899,59899,9558,414.85,3
32900,59902,9559,333.06,6
32901,59903,9560,417.33,5
32902,59904,9560,275.4,1
32903,59905,9560,440.29,8
32904,59906,9560,370.41,11
32905,59908,9560,233.9,11
32906,59909,9560,396.28,4
32907,59910,9560,422.59,11
32908,59913,9560,435.8,5
32909,59915,9561,204.02,3
32910,59921,9562,338.87,12
32911,59923,9562,521.75,2
32912,59924,9562,351.15,8
32913,59926,9562,143.26,4
32914,59927,9563,374.41,10
32915,59929,9563,405.75,4
32916,59930,9563,444.94,4
32917,59931,9563,265.62,2
32918,59934,9564,200.44,1
32919,59935,9564,426.19,7
32920,59937,9564,311.44,6
32921,59939,9565,300.37,1
32922,59942,9566,241.03,11
32923,59943,9566,344.97,9
32924,59949,9566,262.17,10
32925,59950,9566,173.79,3
32926,59951,9566,255.29,2
32927,59952,9566,257.85,2
32928,59953,9566,169.5,4
32929,59954,9567,299.44,9
32930,59955,9567,220.7,2
32931,59958,9567,295.78,6
32932,59960,9567,361.07,4
32933,59962,9567,373.93,5
32934,59963,9567,180.65,1
32935,59964,9567,405.48,8
32936,59965,9568,472.91,5
32937,59966,9568,365.14,3
32938,59968,9568,465.29,1
32939,59969,9568,358.03,8
32940,59971,9568,315.71,10
32941,59972,9568,274.81,8
32942,59973,9568,383.8,9
32943,59977,9570,201.81,5
32944,59978,9570,376.17,9
32945,59979,9570,466.33,3
32946,59983,9570,364.76,11
32947,59984,9571,150.88,11
32948,59987,9571,290.73,12
32949,59989,9571,400.08,6
32950,59990,9571,284.74,10
32951,59993,9572,381.42,1
32952,59995,9572,191.68,2
32953,59996,9572,140.88,12
32954,60000,9572,321.97,12
32955,60001,9572,124.36,9
32956,60004,9574,429.29,4
32957,60005,9574,251.83,5
32958,60007,9574,351.5,12
32959,60008,9574,433.86,3
32960,60009,9574,323.81,10
32961,60010,9574,244.68,3
32962,60013,9574,258.43,11
32963,60014,9574,345.41,9
32964,60015,9574,240.81,6
32965,60016,9574,305.44,5
32966,60019,9575,325.64,10
32967,60020,9575,284.26,4
32968,60023,9575,136.52,6
32969,60028,9576,344.72,4
32970,60032,9576,369.82,5
32971,60033,9576,236.05,4
32972,60036,9576,348.93,7
32973,60038,9576,274.75,10
32974,60040,9576,162.61,8
32975,60041,9577,269.27,9
32976,60045,9577,159.08,8
32977,60047,9577,336.59,10
32978,60049,9578,386.2,4
32979,60054,9579,574.53,4
32980,60057,9580,444.38,2
32981,60059,9581,428.93,7
32982,60061,9581,161.67,10
32983,60066,9581,346.77,12
32984,60068,9581,362.15,5
32985,60070,9583,274.0,8
32986,60073,9583,186.52,1
32987,60076,9584,359.12,4
32988,60077,9584,154.19,8
32989,60078,9584,289.5,6
32990,60079,9584,368.3,3
32991,60080,9585,349.1,7
32992,60082,9585,345.12,12
32993,60084,9585,301.17,5
32994,60086,9586,253.45,6
32995,60088,9586,273.62,12
32996,60089,9586,79.13,1
32997,60091,9586,218.96,2
32998,60092,9586,390.92,3
32999,60094,9587,313.61,1
33000,60096,9587,428.54,11
33001,60097,9587,286.06,1
33002,60098,9587,501.99,12
33003,60100,9587,304.54,9
33004,60101,9587,437.11,10
33005,60103,9587,399.74,6
33006,60104,9587,365.26,3
33007,60106,9588,441.9,2
33008,60110,9588,436.35,9
33009,60112,9588,301.64,11
33010,60114,9588,305.93,5
33011,60117,9590,361.15,9
33012,60120,9590,467.03,11
33013,60122,9590,370.77,5
33014,60123,9590,462.47,8
33015,60125,9590,353.57,7
33016,60126,9590,259.87,5
33017,60128,9590,194.12,5
33018,60132,9591,377.27,5
33019,60133,9591,271.48,9
33020,60134,9592,386.78,5
33021,60137,9592,338.04,6
33022,60138,9592,279.87,4
33023,60139,9592,235.87,7
33024,60142,9593,276.57,10
33025,60143,9593,222.22,10
33026,60145,9593,234.57,1
33027,60149,9594,89.95,4
33028,60150,9594,117.26,11
33029,60151,9594,332.3,1
33030,60152,9594,501.65,7
33031,60156,9595,341.04,5
33032,60157,9595,337.63,6
33033,60158,9595,425.71,7
33034,60159,9595,335.8,4
33035,60160,9595,333.32,3
33036,60161,9595,196.61,5
33037,60162,9595,317.93,3
33038,60164,9596,266.68,11
33039,60165,9596,307.79,1
33040,60167,9596,273.32,5
33041,60169,9596,273.72,2
33042,60170,9597,301.21,5
33043,60172,9597,334.37,9
33044,60173,9598,233.63,5
33045,60175,9598,295.09,3
33046,60182,9599,310.46,8
33047,60183,9600,333.45,4
33048,60186,9601,424.8,7
33049,60191,9602,414.48,12
33050,60192,9603,417.96,9
33051,60193,9603,387.37,12
33052,60194,9603,572.5,5
33053,60195,9603,334.1,3
33054,60196,9603,229.11,7
33055,60197,9603,483.55,11
33056,60198,9604,334.51,7
33057,60199,9604,473.12,5
33058,60200,9604,305.33,10
33059,60202,9604,462.57,3
33060,60203,9604,538.45,4
33061,60204,9604,191.56,10
33062,60205,9604,242.75,9
33063,60206,9604,389.62,3
33064,60208,9604,407.94,5
33065,60213,9605,332.27,3
33066,60214,9605,337.17,10
33067,60217,9606,250.93,11
33068,60219,9606,431.83,1
33069,60221,9606,432.25,10
33070,60222,9606,381.62,4
33071,60223,9606,197.59,6
33072,60224,9606,341.38,11
33073,60225,9606,309.6,11
33074,60226,9607,314.0,7
33075,60227,9608,178.37,1
33076,60233,9609,270.31,10
33077,60235,9610,335.37,11
33078,60237,9610,334.34,12
33079,60239,9611,314.42,5
33080,60240,9611,271.35,12
33081,60242,9611,332.9,9
33082,60245,9611,236.14,4
33083,60247,9611,360.37,8
33084,60248,9611,368.32,12
33085,60251,9612,248.0,3
33086,60253,9612,400.24,12
33087,60254,9612,253.59,7
33088,60256,9613,339.16,9
33089,60259,9614,394.96,5
33090,60263,9614,317.08,10
33091,60264,9614,272.57,5
33092,60265,9614,321.19,9
33093,60266,9615,385.4,8
33094,60268,9615,354.81,2
33095,60271,9615,279.52,5
33096,60273,9616,284.17,9
33097,60274,9616,317.85,7
33098,60276,9617,399.23,8
33099,60277,9617,352.55,6
33100,60278,9617,302.99,4
33101,60280,9617,289.52,10
33102,60282,9618,199.81,6
33103,60285,9618,522.82,12
33104,60286,9618,292.49,7
33105,60288,9618,261.06,6
33106,60289,9618,439.09,11
33107,60290,9618,279.53,10
33108,60294,9619,347.65,5
33109,60295,9619,309.0,12
33110,60296,9619,295.25,6
33111,60298,9620,366.21,5
33112,60299,9621,355.21,1
33113,60300,9622,231.52,3
33114,60307,9623,298.85,8
33115,60308,9623,380.54,8
33116,60309,9623,363.77,6
33117,60310,9623,303.73,11
33118,60312,9624,235.54,12
33119,60314,9624,435.59,11
33120,60315,9624,384.83,3
33121,60318,9625,554.18,11
33122,60319,9625,326.64,4
33123,60320,9625,375.29,11
33124,60322,9626,347.9,3
33125,60323,9626,188.66,9
33126,60325,9626,345.71,10
33127,60326,9626,154.37,10
33128,60331,9627,248.33,8
33129,60333,9627,346.58,5
33130,60334,9627,318.11,8
33131,60336,9628,62.91,4
33132,60339,9628,338.4,8
33133,60340,9628,216.53,2
33134,60341,9628,381.5,8
33135,60343,9628,312.5,7
33136,60344,9628,428.31,8
33137,60347,9629,176.96,2
33138,60348,9629,155.22,5
33139,60349,9629,420.15,8
33140,60350,9629,436.55,9
33141,60352,9630,548.76,12
33142,60354,9630,348.57,11
33143,60357,9631,344.4,9
33144,60358,9631,349.07,6
33145,60360,9631,388.49,7
33146,60361,9631,323.44,11
33147,60362,9631,149.14,1
33148,60364,9632,284.69,1
33149,60365,9632,279.31,4
33150,60366,9633,269.5,2
33151,60369,9633,389.97,12
33152,60370,9633,481.17,11
33153,60372,9634,314.13,8
33154,60373,9634,221.29,6
33155,60374,9634,292.55,9
33156,60376,9635,220.21,8
33157,60378,9635,313.52,9
33158,60382,9635,173.39,7
33159,60383,9635,282.39,1
33160,60385,9635,387.53,9
33161,60386,9636,319.9,12
33162,60387,9636,362.62,10
33163,60388,9636,365.84,12
33164,60389,9636,230.58,9
33165,60390,9636,314.25,2
33166,60395,9636,419.81,2
33167,60396,9636,342.58,6
33168,60399,9637,352.42,12
33169,60401,9638,296.15,1
33170,60402,9638,239.59,8
33171,60403,9638,307.49,10
33172,60404,9638,343.35,12
33173,60405,9638,317.64,11
33174,60408,9638,304.08,10
33175,60411,9639,309.91,12
33176,60412,9640,378.93,1
33177,60413,9640,303.03,3
33178,60414,9640,237.02,7
33179,60415,9640,272.93,2
33180,60416,9640,410.86,1
33181,60417,9640,336.74,2
33182,60418,9640,220.78,7
33183,60420,9641,352.65,7
33184,60424,9641,249.48,4
33185,60426,9642,325.59,4
33186,60427,9642,412.33,6
33187,60432,9642,253.05,9
33188,60434,9643,223.16,12
33189,60435,9643,359.42,11
33190,60436,9643,309.89,10
33191,60438,9643,332.84,5
33192,60440,9643,421.1,3
33193,60441,9643,262.54,6
33194,60442,9644,346.19,7
33195,60443,9644,338.89,6
33196,60444,9644,201.81,10
33197,60447,9645,379.76,7
33198,60450,9645,361.17,6
33199,60451,9645,303.56,8
33200,60452,9645,406.86,9
33201,60453,9646,152.95,7
33202,60454,9646,275.59,1
33203,60455,9646,379.26,9
33204,60457,9646,262.78,10
33205,60458,9646,234.18,10
33206,60460,9646,352.9,1
33207,60463,9646,236.1,3
33208,60465,9647,375.09,8
33209,60467,9647,402.22,6
33210,60472,9649,301.76,7
33211,60473,9649,304.19,5
33212,60476,9649,266.38,11
33213,60477,9649,315.89,6
33214,60479,9649,283.59,4
33215,60480,9650,433.73,3
33216,60481,9650,439.72,2
33217,60482,9650,308.81,5
33218,60483,9650,398.83,9
33219,60485,9650,363.04,10
33220,60486,9651,239.4,11
33221,60488,9651,216.94,3
33222,60489,9651,283.84,12
33223,60491,9651,242.09,12
33224,60494,9651,345.8,12
33225,60495,9652,364.08,6
33226,60496,9652,255.46,10
33227,60498,9653,397.06,2
33228,60500,9653,467.09,12
33229,60501,9653,275.86,4
33230,60503,9653,356.17,6
33231,60506,9653,365.21,8
33232,60507,9653,321.47,11
33233,60509,9654,464.78,4
33234,60510,9654,384.24,12
33235,60511,9654,385.53,11
33236,60517,9655,283.6,3
33237,60518,9655,403.65,3
33238,60521,9655,294.93,5
33239,60522,9655,381.32,1
33240,60527,9656,175.53,7
33241,60530,9656,380.13,7
33242,60532,9656,379.75,6
33243,60534,9657,345.6,7
33244,60535,9657,113.61,1
33245,60536,9658,402.08,11
33246,60538,9658,425.56,5
33247,60539,9658,212.59,11
33248,60541,9658,406.13,3
33249,60544,9658,220.77,4
33250,60547,9659,265.24,6
33251,60551,9659,301.16,12
33252,60552,9659,408.28,11
33253,60553,9659,372.48,2
33254,60554,9659,316.32,12
33255,60555,9660,299.52,9
33256,60557,9660,358.67,5
33257,60558,9660,331.0,6
33258,60559,9660,408.52,12
33259,60560,9660,242.04,4
33260,60562,9660,490.1,3
33261,60563,9660,400.96,11
33262,60564,9661,148.8,2
33263,60567,9662,335.24,1
33264,60568,9663,211.22,1
33265,60570,9663,310.87,12
33266,60572,9663,108.79,12
33267,60573,9663,196.51,4
33268,60574,9663,314.2,9
33269,60576,9664,274.52,9
33270,60577,9664,413.38,6
33271,60578,9664,283.19,1
33272,60579,9664,360.77,3
33273,60580,9664,432.05,12
33274,60581,9664,196.36,5
33275,60585,9666,219.94,10
33276,60586,9666,261.15,1
33277,60587,9666,313.16,3
33278,60588,9666,381.87,2
33279,60589,9667,190.89,12
33280,60590,9667,208.2,5
33281,60594,9667,324.97,8
33282,60595,9667,187.93,8
33283,60596,9667,257.5,5
33284,60597,9667,249.69,2
33285,60598,9667,286.02,7
33286,60599,9668,459.52,9
33287,60600,9668,257.52,2
33288,60602,9668,231.93,10
33289,60603,9668,265.49,1
33290,60606,9669,255.65,2
33291,60608,9669,376.6,8
33292,60610,9669,359.59,2
33293,60613,9670,258.78,9
33294,60614,9670,306.89,4
33295,60620,9671,259.03,5
33296,60621,9671,334.56,11
33297,60623,9671,417.54,7
33298,60624,9671,414.29,6
33299,60627,9672,358.82,11
33300,60628,9672,267.88,4
33301,60630,9672,255.89,7
33302,60632,9672,192.33,1
33303,60634,9673,310.37,4
33304,60635,9673,258.68,5
33305,60636,9673,408.87,3
33306,60639,9673,193.88,7
33307,60640,9673,386.74,3
33308,60641,9673,190.46,3
33309,60643,9674,227.66,7
33310,60645,9674,250.47,4
33311,60646,9674,242.49,8
33312,60649,9674,417.95,10
33313,60650,9674,313.98,1
33314,60651,9674,424.25,11
33315,60652,9674,325.28,5
33316,60658,9675,248.5,4
33317,60659,9675,193.97,7
33318,60660,9675,286.43,1
33319,60661,9675,263.7,7
33320,60665,9675,364.46,2
33321,60668,9676,409.31,7
33322,60669,9676,445.53,7
33323,60671,9677,361.87,12
33324,60672,9677,233.7,7
33325,60673,9677,381.03,1
33326,60674,9677,382.05,1
33327,60675,9677,245.6,4
33328,60677,9678,339.07,9
33329,60678,9678,272.04,8
33330,60681,9678,242.08,7
33331,60682,9679,406.49,1
33332,60683,9679,330.9,1
33333,60689,9679,410.35,11
33334,60694,9679,305.35,5
33335,60697,9679,264.6,9
33336,60698,9680,149.91,9
33337,60699,9680,474.04,4
33338,60702,9681,417.76,4
33339,60706,9681,243.67,2
33340,60707,9682,115.26,11
33341,60709,9682,414.47,3
33342,60711,9682,350.25,8
33343,60712,9682,394.61,9
33344,60713,9682,140.21,4
33345,60715,9682,205.58,8
33346,60719,9683,330.11,11
33347,60720,9683,260.14,9
33348,60721,9683,274.99,9
33349,60722,9683,140.13,2
33350,60724,9684,280.83,4
33351,60726,9685,338.59,6
33352,60727,9685,380.36,5
33353,60734,9686,356.01,9
33354,60736,9686,280.85,5
33355,60737,9687,391.68,2
33356,60739,9687,282.51,8
33357,60740,9687,491.22,11
33358,60743,9687,351.58,6
33359,60744,9687,314.88,9
33360,60745,9688,322.39,12
33361,60747,9688,242.06,4
33362,60748,9688,388.78,1
33363,60749,9688,250.63,4
33364,60750,9688,415.27,10
33365,60752,9688,338.79,1
33366,60754,9689,247.08,10
33367,60759,9689,357.12,3
33368,60760,9689,260.67,3
33369,60761,9690,252.22,9
33370,60762,9690,336.76,8
33371,60765,9690,347.57,2
33372,60766,9690,279.51,4
33373,60767,9690,277.5,6
33374,60770,9691,285.48,6
33375,60771,9692,372.42,12
33376,60772,9692,378.76,1
33377,60773,9692,370.26,9
33378,60774,9692,261.52,11
33379,60777,9693,511.89,4
33380,60780,9693,116.68,6
33381,60781,9693,236.92,12
33382,60783,9693,365.77,5
33383,60784,9694,457.0,11
33384,60789,9694,349.21,8
33385,60790,9694,291.37,7
33386,60791,9694,426.11,5
33387,60792,9694,275.59,8
33388,60793,9694,246.61,1
33389,60794,9694,392.33,11
33390,60796,9694,451.04,3
33391,60797,9694,178.26,6
33392,60805,9695,468.93,11
33393,60807,9695,401.5,7
33394,60813,9696,394.08,1
33395,60815,9696,397.65,1
33396,60816,9697,378.54,11
33397,60817,9697,360.65,9
33398,60818,9697,297.89,6
33399,60819,9697,206.78,12
33400,60820,9697,238.68,3
33401,60822,9697,344.57,1
33402,60824,9698,328.42,7
33403,60825,9698,251.08,1
33404,60826,9698,265.81,9
33405,60830,9699,316.08,5
33406,60832,9699,261.57,7
33407,60834,9699,253.0,5
33408,60836,9699,393.3,5
33409,60842,9700,227.75,4
33410,60843,9700,317.06,1
33411,60848,9701,364.99,12
33412,60850,9701,327.57,10
33413,60851,9701,286.17,2
33414,60852,9701,462.62,6
33415,60855,9701,398.68,8
33416,60858,9702,486.77,10
33417,60860,9702,276.61,6
33418,60861,9702,335.41,9
33419,60862,9703,411.17,1
33420,60863,9703,495.52,5
33421,60864,9704,412.22,4
33422,60868,9706,285.69,5
33423,60869,9706,323.85,8
33424,60871,9707,319.28,10
33425,60874,9707,331.47,5
33426,60875,9707,293.92,6
33427,60876,9707,335.56,7
33428,60877,9707,50.49,10
33429,60878,9708,232.38,3
33430,60879,9708,386.22,10
33431,60881,9708,502.76,5
33432,60882,9708,341.63,12
33433,60883,9708,285.37,9
33434,60885,9708,215.32,10
33435,60886,9708,251.61,8
33436,60889,9708,315.65,7
33437,60891,9709,348.04,10
33438,60893,9709,254.53,8
33439,60895,9709,317.78,3
33440,60896,9709,367.99,10
33441,60899,9710,407.14,2
33442,60900,9710,339.08,10
33443,60902,9710,280.9,2
33444,60903,9710,190.01,7
33445,60904,9710,292.69,4
33446,60905,9710,394.43,9
33447,60906,9710,338.92,2
33448,60907,9710,363.92,2
33449,60908,9710,392.84,7
33450,60909,9711,432.81,1
33451,60910,9711,373.39,11
33452,60912,9711,357.98,12
33453,60913,9711,90.11,5
33454,60915,9711,371.59,11
33455,60916,9712,487.94,10
33456,60919,9712,196.27,11
33457,60922,9713,414.35,10
33458,60924,9713,422.01,12
33459,60928,9714,347.8,3
33460,60930,9714,183.64,5
33461,60933,9714,192.03,11
33462,60935,9714,335.78,9
33463,60937,9715,458.83,6
33464,60939,9715,169.97,7
33465,60941,9715,294.34,12
33466,60943,9716,386.34,5
33467,60945,9716,285.06,4
33468,60950,9717,298.83,4
33469,60951,9717,451.13,12
33470,60952,9717,377.52,12
33471,60953,9717,363.08,11
33472,60954,9717,209.18,9
33473,60955,9717,262.28,9
33474,60958,9717,333.23,2
33475,60959,9717,318.1,11
33476,60962,9718,349.04,3
33477,60965,9718,450.16,8
33478,60966,9718,320.78,11
33479,60968,9718,365.92,5
33480,60971,9719,50.0,12
33481,60973,9720,274.02,2
33482,60974,9720,371.71,11
33483,60976,9720,265.25,11
33484,60977,9720,234.08,9
33485,60978,9721,514.82,4
33486,60981,9721,384.32,4
33487,60984,9721,270.84,2
33488,60985,9722,421.44,9
33489,60986,9723,282.84,10
33490,60989,9723,197.26,7
33491,60990,9723,270.86,6
33492,60994,9724,250.09,9
33493,60996,9724,263.22,10
33494,60997,9724,221.5,10
33495,61000,9724,317.99,6
33496,61004,9724,382.12,7
33497,61005,9725,302.26,3
33498,61007,9726,298.9,5
33499,61012,9726,357.68,3
33500,61015,9726,297.58,7
33501,61018,9727,372.58,8
33502,61019,9727,303.57,12
33503,61022,9727,405.99,1
33504,61023,9727,310.39,8
33505,61026,9728,242.3,3
33506,61027,9728,399.59,7
33507,61028,9729,457.02,1
33508,61030,9730,248.67,7
33509,61033,9731,386.89,10
33510,61035,9732,221.29,10
33511,61037,9732,149.87,9
33512,61040,9733,392.66,1
33513,61042,9733,362.64,2
33514,61044,9733,338.87,9
33515,61045,9733,327.31,3
33516,61046,9734,401.09,4
33517,61048,9734,255.51,3
33518,61051,9734,455.37,3
33519,61052,9734,382.61,8
33520,61054,9735,211.0,5
33521,61057,9735,232.26,6
33522,61058,9735,233.02,10
33523,61059,9736,372.63,10
33524,61062,9736,352.13,5
33525,61068,9738,265.11,7
33526,61069,9739,321.59,6
33527,61070,9739,408.15,9
33528,61072,9739,393.97,8
33529,61073,9740,327.24,9
33530,61074,9740,383.73,9
33531,61075,9740,469.48,8
33532,61077,9740,375.23,1
33533,61078,9740,188.71,4
33534,61082,9740,322.59,3
33535,61083,9740,363.84,1
33536,61084,9740,422.28,4
33537,61085,9741,277.22,3
33538,61086,9741,412.54,9
33539,61087,9741,292.28,5
33540,61089,9742,255.74,9
33541,61090,9742,209.34,10
33542,61091,9742,239.12,2
33543,61094,9742,333.88,5
33544,61096,9742,318.68,3
33545,61097,9742,275.66,9
33546,61098,9743,322.04,9
33547,61099,9743,392.37,4
33548,61101,9745,511.52,7
33549,61104,9746,306.75,4
33550,61105,9746,472.65,9
33551,61110,9746,325.28,2
33552,61111,9746,259.91,6
33553,61112,9746,452.69,8
33554,61116,9748,260.35,2
33555,61117,9748,308.39,9
33556,61118,9748,284.09,1
33557,61119,9749,582.79,7
33558,61120,9749,263.49,11
33559,61121,9749,239.0,1
33560,61123,9749,450.01,11
33561,61124,9749,283.26,9
33562,61126,9750,194.29,8
33563,61130,9750,408.63,4
33564,61132,9750,229.33,7
33565,61133,9750,289.41,6
33566,61134,9750,386.84,8
33567,61137,9751,346.95,11
33568,61138,9751,252.81,12
33569,61142,9752,305.44,4
33570,61147,9752,242.55,7
33571,61148,9752,425.98,5
33572,61150,9752,349.51,8
33573,61151,9753,135.34,3
33574,61152,9754,104.5,8
33575,61153,9754,372.1,12
33576,61154,9754,328.41,9
33577,61155,9754,395.87,8
33578,61156,9754,201.38,8
33579,61159,9754,315.15,11
33580,61160,9754,368.0,1
33581,61161,9755,213.0,3
33582,61163,9755,229.54,12
33583,61165,9755,282.57,8
33584,61168,9755,510.71,9
33585,61170,9757,276.45,5
33586,61174,9757,381.29,5
33587,61175,9758,406.32,7
33588,61176,9758,286.63,2
33589,61177,9758,337.76,9
33590,61178,9758,141.47,9
33591,61179,9758,493.5,7
33592,61180,9758,327.08,1
33593,61181,9758,304.83,4
33594,61182,9758,195.53,4
33595,61184,9758,262.01,9
33596,61185,9759,540.91,9
33597,61192,9760,303.03,8
33598,61199,9761,263.77,2
33599,61200,9761,270.41,8
33600,61201,9761,57.82,9
33601,61202,9761,314.38,1
33602,61203,9761,354.08,1
33603,61204,9762,237.97,8
33604,61206,9762,343.76,2
33605,61210,9762,344.11,9
33606,61211,9762,50.0,1
33607,61212,9763,340.73,8
33608,61213,9763,366.72,1
33609,61215,9763,233.84,12
33610,61219,9764,387.07,5
33611,61220,9764,214.64,2
33612,61221,9764,333.79,2
33613,61223,9764,333.39,12
33614,61227,9766,409.72,6
33615,61228,9766,370.6,9
33616,61229,9766,295.48,4
33617,61230,9766,560.38,4
33618,61232,9767,450.0,8
33619,61233,9767,233.04,3
33620,61234,9767,296.01,11
33621,61235,9767,307.36,7
33622,61237,9767,184.92,12
33623,61240,9768,237.08,1
33624,61241,9768,379.18,6
33625,61243,9768,326.47,2
33626,61245,9768,210.59,7
33627,61247,9768,303.9,8
33628,61249,9769,225.65,10
33629,61251,9770,270.59,10
33630,61252,9770,577.09,4
33631,61256,9771,342.11,11
33632,61257,9771,390.84,2
33633,61260,9771,409.52,10
33634,61265,9771,338.94,8
33635,61266,9771,335.93,4
33636,61268,9771,378.03,9
33637,61271,9772,327.69,3
33638,61273,9773,342.38,11
33639,61274,9773,311.02,12
33640,61275,9774,276.33,6
33641,61276,9774,169.44,9
33642,61277,9774,236.04,7
33643,61278,9774,289.88,1
33644,61281,9774,300.69,11
33645,61282,9774,428.32,3
33646,61286,9775,343.32,7
33647,61289,9775,350.5,3
33648,61291,9775,187.94,5
33649,61293,9777,301.55,8
33650,61295,9777,230.84,11
33651,61297,9777,478.21,4
33652,61298,9777,235.37,5
33653,61299,9777,359.07,6
33654,61300,9777,565.11,9
33655,61301,9777,360.66,9
33656,61302,9777,50.0,6
33657,61303,9777,414.69,5
33658,61304,9777,311.72,4
33659,61308,9778,182.5,2
33660,61309,9778,330.94,1
33661,61311,9778,379.77,7
33662,61312,9778,205.03,1
33663,61313,9779,360.96,7
33664,61314,9779,353.77,6
33665,61317,9780,438.93,8
33666,61318,9780,322.81,7
33667,61321,9781,361.0,3
33668,61322,9781,178.64,11
33669,61323,9781,358.1,7
33670,61325,9783,349.38,2
33671,61326,9783,290.35,7
33672,61329,9783,369.9,3
33673,61331,9783,412.94,3
33674,61335,9784,265.61,3
33675,61336,9784,287.68,2
33676,61340,9785,522.49,7
33677,61341,9785,161.8,6
33678,61342,9785,425.85,3
33679,61344,9785,542.93,4
33680,61347,9785,181.28,8
33681,61349,9785,460.82,10
33682,61351,9786,393.26,2
33683,61352,9786,410.33,5
33684,61353,9786,342.59,10
33685,61354,9786,264.32,11
33686,61355,9786,242.17,12
33687,61356,9786,293.66,3
33688,61358,9787,423.41,3
33689,61359,9787,461.82,9
33690,61360,9787,471.39,10
33691,61363,9787,295.65,1
33692,61364,9787,229.43,5
33693,61367,9789,317.35,8
33694,61369,9789,490.36,1
33695,61370,9789,318.34,12
33696,61372,9789,278.33,1
33697,61373,9790,462.97,3
33698,61375,9791,203.87,12
33699,61376,9791,270.35,4
33700,61378,9791,214.1,11
33701,61379,9791,450.49,1
33702,61381,9792,368.64,6
33703,61382,9792,408.97,12
33704,61386,9792,231.5,4
33705,61388,9793,440.02,3
33706,61389,9793,59.23,8
33707,61390,9793,204.63,10
33708,61391,9793,334.74,5
33709,61393,9793,401.64,7
33710,61394,9793,258.91,7
33711,61395,9793,142.39,8
33712,61397,9793,239.23,6
33713,61400,9793,218.97,3
33714,61403,9794,571.65,8
33715,61404,9794,382.04,11
33716,61405,9794,228.09,1
33717,61406,9794,178.1,3
33718,61408,9794,246.19,6
33719,61412,9795,334.55,12
33720,61415,9796,276.64,1
33721,61417,9797,513.89,8
33722,61418,9798,252.95,1
33723,61419,9798,375.69,12
33724,61420,9798,256.49,1
33725,61422,9798,395.17,6
33726,61424,9798,280.44,11
33727,61425,9799,413.92,5
33728,61426,9799,358.66,1
33729,61428,9799,483.13,9
33730,61429,9799,339.02,3
33731,61430,9800,370.67,2
33732,61432,9800,205.97,1
33733,61433,9800,184.21,2
33734,61434,9800,381.97,6
33735,61435,9800,308.19,1
33736,61436,9800,389.02,9
33737,61437,9801,274.46,8
33738,61438,9801,342.62,2
33739,61439,9801,251.82,8
33740,61440,9801,362.4,12
33741,61444,9802,236.37,8
33742,61445,9802,330.59,7
33743,61447,9802,267.47,10
33744,61448,9803,434.71,9
33745,61450,9803,255.92,5
33746,61451,9803,267.32,3
33747,61452,9803,294.77,7
33748,61453,9803,402.47,4
33749,61454,9803,316.37,1
33750,61455,9803,304.44,9
33751,61457,9804,288.47,2
33752,61458,9804,341.08,7
33753,61459,9804,266.1,4
33754,61460,9804,248.29,1
33755,61463,9804,302.58,11
33756,61464,9804,267.44,2
33757,61465,9805,277.23,11
33758,61470,9805,131.11,3
33759,61473,9805,438.17,11
33760,61475,9806,321.66,10
33761,61476,9806,318.83,12
33762,61477,9806,246.56,10
33763,61480,9807,278.57,5
33764,61481,9807,218.02,1
33765,61483,9807,240.88,3
33766,61484,9807,297.8,3
33767,61486,9807,331.38,2
33768,61487,9808,364.1,8
33769,61488,9808,391.8,9
33770,61491,9810,427.84,4
33771,61493,9810,377.06,1
33772,61494,9810,313.22,12
33773,61495,9810,359.03,5
33774,61496,9810,305.62,2
33775,61497,9811,234.83,7
33776,61500,9811,504.79,7
33777,61502,9811,404.91,10
33778,61503,9812,365.3,9
33779,61506,9812,336.55,12
33780,61507,9812,381.28,9
33781,61508,9812,347.22,4
33782,61509,9812,330.71,2
33783,61511,9812,415.51,3
33784,61512,9812,323.62,6
33785,61513,9813,432.05,5
33786,61516,9814,332.95,8
33787,61519,9814,188.86,9
33788,61520,9814,363.28,1
33789,61525,9815,266.64,5
33790,61527,9815,230.21,1
33791,61530,9817,261.95,9
33792,61531,9817,182.08,3
33793,61532,9817,389.53,8
33794,61533,9817,357.73,8
33795,61534,9817,341.32,10
33796,61535,9817,212.83,7
33797,61538,9817,365.56,12
33798,61540,9817,503.1,7
33799,61541,9818,336.84,8
33800,61544,9818,267.76,12
33801,61545,9818,218.0,2
33802,61547,9818,252.52,6
33803,61548,9818,477.46,12
33804,61549,9818,279.13,2
33805,61551,9820,173.65,10
33806,61553,9821,348.54,3
33807,61554,9821,278.95,5
33808,61555,9821,229.22,11
33809,61557,9821,377.06,3
33810,61558,9821,289.25,3
33811,61561,9821,336.84,4
33812,61562,9821,328.34,12
33813,61564,9822,453.21,6
33814,61565,9822,359.38,2
33815,61566,9822,365.72,8
33816,61567,9822,231.58,2
33817,61569,9822,173.6,4
33818,61573,9822,553.18,8
33819,61574,9822,385.99,3
33820,61577,9823,224.78,9
33821,61578,9823,421.78,8
33822,61579,9823,324.96,11
33823,61582,9823,292.67,8
33824,61583,9823,260.43,6
33825,61584,9823,343.94,10
33826,61588,9824,440.19,1
33827,61590,9824,413.92,7
33828,61591,9824,513.72,8
33829,61594,9824,301.14,8
33830,61595,9825,323.52,8
33831,61597,9825,405.88,4
33832,61598,9825,380.73,4
33833,61600,9825,521.5,9
33834,61602,9826,524.47,8
33835,61605,9826,291.61,10
33836,61608,9826,138.03,7
33837,61611,9827,71.61,1
33838,61612,9827,359.86,3
33839,61613,9827,285.41,11
33840,61614,9828,386.33,4
33841,61619,9828,267.94,6
33842,61620,9828,468.74,11
33843,61621,9828,205.83,3
33844,61623,9829,273.5,1
33845,61624,9829,273.7,6
33846,61628,9829,367.95,10
33847,61629,9829,276.44,8
33848,61630,9829,284.04,8
33849,61631,9830,429.24,4
33850,61633,9830,418.47,8
33851,61636,9830,351.43,5
33852,61637,9830,224.41,10
33853,61640,9831,357.04,3
33854,61643,9831,394.38,8
33855,61644,9831,308.95,7
33856,61646,9832,250.09,1
33857,61647,9832,273.14,4
33858,61651,9832,344.34,9
33859,61652,9832,443.33,11
33860,61653,9833,238.86,9
33861,61654,9833,358.3,10
33862,61655,9833,413.73,9
33863,61656,9833,360.73,11
33864,61657,9833,409.22,12
33865,61660,9833,271.34,9
33866,61664,9834,303.19,1
33867,61665,9835,196.26,10
33868,61666,9835,261.01,8
33869,61667,9835,245.95,2
33870,61669,9835,231.07,11
33871,61670,9835,377.68,6
33872,61671,9835,170.27,12
33873,61673,9835,204.73,10
33874,61674,9835,391.41,7
33875,61677,9836,297.39,10
33876,61678,9836,222.75,6
33877,61681,9836,363.19,1
33878,61682,9837,299.11,7
33879,61685,9837,343.22,2
33880,61686,9837,337.98,1
33881,61688,9838,297.78,1
33882,61689,9838,244.74,8
33883,61690,9838,293.11,2
33884,61692,9838,348.87,8
33885,61693,9838,357.6,2
33886,61694,9838,348.23,12
33887,61696,9839,289.92,12
33888,61697,9839,350.51,10
33889,61698,9839,187.83,8
33890,61699,9839,356.2,9
33891,61701,9839,392.75,7
33892,61703,9840,50.0,3
33893,61705,9840,414.51,6
33894,61706,9840,460.65,6
33895,61707,9840,362.6,8
33896,61709,9841,126.48,11
33897,61710,9841,330.09,3
33898,61711,9841,248.73,4
33899,61712,9842,324.71,9
33900,61713,9842,354.6,10
33901,61714,9842,380.23,12
33902,61715,9842,340.39,11
33903,61717,9842,296.81,11
33904,61719,9842,448.81,2
33905,61720,9842,243.2,4
33906,61721,9843,205.07,11
33907,61722,9843,295.66,4
33908,61724,9843,288.32,6
33909,61725,9843,244.84,12
33910,61726,9843,369.09,9
33911,61728,9844,273.36,9
33912,61729,9844,383.11,5
33913,61730,9844,172.18,1
33914,61731,9844,251.79,3
33915,61733,9844,411.65,2
33916,61735,9844,269.12,7
33917,61737,9845,251.75,4
33918,61738,9845,453.84,5
33919,61741,9845,445.63,12
33920,61747,9846,216.91,7
33921,61748,9846,299.36,7
33922,61749,9846,328.67,6
33923,61751,9847,356.22,7
33924,61752,9847,194.76,8
33925,61754,9847,203.9,5
33926,61755,9847,353.33,8
33927,61756,9847,405.38,4
33928,61757,9847,283.62,10
33929,61758,9847,275.18,7
33930,61759,9848,332.49,4
33931,61760,9848,332.14,4
33932,61764,9849,338.48,4
33933,61765,9849,532.77,6
33934,61766,9849,239.2,10
33935,61768,9850,240.76,11
33936,61769,9850,281.63,12
33937,61771,9850,325.68,1
33938,61772,9850,258.38,6
33939,61775,9850,275.95,6
33940,61776,9851,222.79,4
33941,61778,9851,236.18,6
33942,61779,9851,187.38,2
33943,61781,9851,363.83,3
33944,61785,9852,268.95,9
33945,61786,9852,390.29,1
33946,61788,9852,371.59,4
33947,61789,9852,490.05,12
33948,61791,9852,309.38,10
33949,61792,9853,342.96,8
33950,61793,9853,226.88,11
33951,61795,9853,303.49,11
33952,61798,9853,357.08,10
33953,61799,9853,201.22,6
33954,61801,9854,368.0,3
33955,61802,9854,334.84,10
33956,61803,9854,313.41,4
33957,61806,9854,332.55,12
33958,61807,9854,300.97,5
33959,61808,9854,343.13,8
33960,61811,9854,407.88,1
33961,61813,9854,446.01,2
33962,61814,9854,272.49,12
33963,61816,9855,347.25,11
33964,61818,9855,234.64,10
33965,61819,9855,537.99,5
33966,61820,9855,393.2,9
33967,61821,9856,238.13,7
33968,61825,9857,454.12,10
33969,61829,9858,174.57,7
33970,61830,9858,242.88,8
33971,61831,9858,265.51,8
33972,61833,9859,299.48,5
33973,61834,9859,374.47,6
33974,61837,9859,240.01,7
33975,61839,9859,278.67,6
33976,61842,9859,306.08,7
33977,61843,9859,378.78,10
33978,61845,9860,288.98,5
33979,61851,9861,343.9,12
33980,61852,9861,357.15,9
33981,61854,9862,363.05,7
33982,61857,9862,84.76,9
33983,61862,9862,344.76,1
33984,61864,9862,161.35,2
33985,61869,9863,318.26,2
33986,61871,9863,303.06,3
33987,61872,9863,378.17,4
33988,61873,9863,147.19,7
33989,61874,9863,219.57,12
33990,61876,9863,281.05,3
33991,61877,9863,284.98,6
33992,61878,9864,343.67,3
33993,61879,9864,213.08,10
33994,61880,9865,340.57,9
33995,61885,9865,308.15,3
33996,61887,9865,447.34,12
33997,61890,9866,222.86,9
33998,61893,9866,398.76,12
33999,61895,9866,298.94,12
34000,61896,9866,260.94,12
34001,61897,9866,456.95,1
34002,61898,9866,280.92,9
34003,61899,9866,355.64,9
34004,61901,9867,300.39,5
34005,61905,9868,299.47,9
34006,61906,9868,373.92,8
34007,61908,9868,386.83,6
34008,61909,9868,252.04,10
34009,61910,9868,258.63,8
34010,61911,9869,50.0,12
34011,61912,9869,289.57,1
34012,61913,9869,445.52,11
34013,61914,9869,459.29,10
34014,61915,9869,319.77,1
34015,61917,9870,459.31,2
34016,61918,9870,423.9,1
34017,61919,9870,378.14,5
34018,61924,9870,205.02,4
34019,61929,9871,295.92,8
34020,61931,9871,231.57,8
34021,61932,9871,224.2,1
34022,61933,9871,349.27,8
34023,61934,9871,373.37,3
34024,61937,9872,121.54,12
34025,61939,9872,278.48,7
34026,61940,9873,224.3,6
34027,61943,9873,321.39,7
34028,61944,9873,254.15,9
34029,61946,9874,346.32,8
34030,61948,9874,425.9,9
34031,61950,9874,326.15,4
34032,61951,9875,390.62,3
34033,61953,9875,437.81,9
34034,61955,9875,333.29,8
34035,61956,9875,197.95,10
34036,61957,9876,212.84,3
34037,61958,9876,310.03,5
34038,61959,9876,483.02,3
34039,61960,9876,156.97,6
34040,61961,9877,358.32,6
34041,61963,9877,341.71,8
34042,61968,9877,371.69,4
34043,61972,9878,309.81,12
34044,61973,9878,320.73,10
34045,61974,9878,316.54,10
34046,61975,9878,223.97,2
34047,61976,9879,127.26,3
34048,61978,9879,499.96,7
34049,61980,9879,297.3,9
34050,61982,9879,222.0,7
34051,61984,9879,418.38,11
34052,61985,9879,275.38,9
34053,61986,9879,344.41,11
34054,61987,9880,362.4,12
34055,61989,9880,257.62,9
34056,61994,9881,376.13,11
34057,61996,9881,297.97,2
34058,61997,9881,403.41,8
34059,61998,9881,415.4,6
34060,61999,9882,385.46,12
34061,62001,9882,77.6,5
34062,62002,9883,353.07,4
34063,62003,9883,413.05,8
34064,62007,9883,299.79,3
34065,62008,9883,178.63,3
34066,62009,9883,301.21,7
34067,62010,9884,219.59,3
34068,62011,9885,321.8,2
34069,62013,9885,283.44,3
34070,62014,9885,346.69,8
34071,62016,9885,75.64,1
34072,62017,9886,432.95,5
34073,62020,9886,382.86,9
34074,62021,9886,215.3,11
34075,62022,9886,333.61,1
34076,62023,9886,396.11,9
34077,62026,9887,266.68,10
34078,62027,9887,310.07,10
34079,62028,9887,143.42,7
34080,62031,9888,129.68,7
34081,62032,9888,203.53,6
34082,62034,9888,268.85,5
34083,62035,9888,466.21,2
34084,62036,9889,315.66,1
34085,62037,9889,131.18,9
34086,62038,9889,333.26,5
34087,62040,9889,354.53,12
34088,62041,9889,246.26,1
34089,62042,9889,321.43,7
34090,62043,9890,420.55,9
34091,62046,9890,287.89,10
34092,62047,9890,276.37,8
34093,62048,9890,254.91,10
34094,62049,9890,357.47,9
34095,62055,9891,274.8,10
34096,62056,9891,320.89,3
34097,62057,9892,240.01,5
34098,62059,9893,269.8,10
34099,62062,9893,492.25,11
34100,62063,9893,248.0,3
34101,62064,9893,454.59,10
34102,62065,9893,220.13,3
34103,62066,9893,462.62,5
34104,62067,9894,306.66,8
34105,62068,9894,352.31,4
34106,62069,9894,236.11,5
34107,62070,9895,343.53,6
34108,62071,9895,352.86,3
34109,62073,9895,320.81,2
34110,62074,9895,192.33,4
34111,62075,9895,241.48,10
34112,62076,9895,206.09,9
34113,62077,9895,315.45,5
34114,62079,9895,231.14,9
34115,62082,9896,211.93,7
34116,62084,9897,213.92,4
34117,62085,9898,239.03,1
34118,62086,9898,547.21,4
34119,62087,9898,357.28,6
34120,62091,9899,325.74,1
34121,62093,9899,343.38,4
34122,62096,9900,134.61,10
34123,62097,9900,395.13,12
34124,62098,9900,385.95,12
34125,62100,9902,357.21,7
34126,62101,9902,375.02,10
34127,62102,9902,326.98,12
34128,62104,9902,306.4,6
34129,62105,9902,324.71,12
34130,62110,9902,111.99,10
34131,62113,9903,492.52,2
34132,62114,9903,166.81,5
34133,62116,9904,422.69,5
34134,62118,9904,397.63,11
34135,62121,9905,337.83,2
34136,62122,9905,103.36,7
34137,62124,9906,343.85,1
34138,62125,9906,472.41,3
34139,62128,9906,328.0,5
34140,62130,9908,290.53,12
34141,62132,9908,302.8,11
34142,62134,9909,343.39,12
34143,62136,9909,70.53,2
34144,62137,9909,370.95,7
34145,62138,9909,233.38,6
34146,62139,9910,354.09,12
34147,62142,9910,482.2,4
34148,62144,9910,268.72,3
34149,62145,9910,224.46,12
34150,62146,9910,326.79,5
34151,62147,9910,472.95,2
34152,62151,9911,344.74,1
34153,62152,9911,420.47,4
34154,62154,9911,377.48,5
34155,62155,9911,425.59,8
34156,62158,9912,262.47,7
34157,62160,9912,454.92,9
34158,62161,9912,375.95,6
34159,62163,9912,196.43,9
34160,62164,9912,302.19,12
34161,62165,9912,335.63,10
34162,62166,9912,329.78,2
34163,62167,9912,313.83,4
34164,62169,9912,342.95,6
34165,62170,9913,342.97,9
34166,62171,9913,271.85,9
34167,62172,9913,357.27,12
34168,62175,9913,390.63,12
34169,62176,9913,479.96,8
34170,62177,9913,512.86,6
34171,62178,9914,287.92,5
34172,62179,9914,279.7,1
34173,62182,9914,290.56,10
34174,62184,9915,214.05,10
34175,62186,9915,334.97,10
34176,62187,9915,623.85,10
34177,62188,9915,241.07,12
34178,62189,9915,264.41,7
34179,62190,9915,169.68,3
34180,62192,9915,405.83,6
34181,62193,9915,337.65,2
34182,62194,9915,245.79,10
34183,62196,9917,224.89,7
34184,62197,9917,268.34,12
34185,62198,9917,382.73,7
34186,62201,9917,352.15,1
34187,62202,9917,242.3,9
34188,62203,9917,264.99,3
34189,62204,9917,405.24,8
34190,62206,9918,148.35,7
34191,62207,9919,220.22,1
34192,62208,9919,332.36,7
34193,62209,9919,329.76,10
34194,62212,9919,380.29,12
34195,62213,9919,394.55,4
34196,62214,9919,379.07,9
34197,62219,9920,149.97,4
34198,62220,9920,392.17,2
34199,62225,9921,356.18,6
34200,62227,9921,323.08,12
34201,62228,9921,409.43,9
34202,62231,9921,432.59,2
34203,62232,9922,261.22,10
34204,62234,9922,154.65,10
34205,62235,9922,279.45,1
34206,62236,9922,216.57,2
34207,62237,9922,302.23,1
34208,62239,9923,375.55,7
34209,62241,9925,259.85,8
34210,62243,9925,245.15,7
34211,62247,9926,50.0,5
34212,62249,9927,359.81,3
34213,62250,9927,391.6,2
34214,62251,9927,239.21,9
34215,62252,9927,228.09,12
34216,62254,9927,308.09,8
34217,62257,9928,165.97,1
34218,62258,9928,415.73,10
34219,62259,9928,244.73,3
34220,62263,9928,393.8,8
34221,62265,9928,311.14,2
34222,62267,9929,160.56,2
34223,62268,9929,234.56,3
34224,62269,9929,130.32,5
34225,62271,9930,329.26,5
34226,62272,9930,251.35,10
34227,62274,9930,288.09,9
34228,62275,9931,441.11,7
34229,62277,9931,401.75,9
34230,62281,9931,285.42,12
34231,62282,9931,310.32,3
34232,62283,9931,246.32,2
34233,62284,9931,377.96,2
34234,62285,9931,506.56,6
34235,62286,9931,242.74,8
34236,62287,9931,351.97,6
34237,62288,9932,244.42,7
34238,62292,9932,399.32,4
34239,62293,9932,374.04,6
34240,62295,9932,365.87,11
34241,62302,9933,182.56,1
34242,62303,9933,117.6,4
34243,62305,9933,356.86,8
34244,62306,9933,195.36,4
34245,62307,9933,298.52,9
34246,62310,9934,277.02,6
34247,62311,9934,413.13,2
34248,62314,9934,394.43,11
34249,62318,9935,282.91,2
34250,62319,9935,349.62,9
34251,62320,9935,351.31,5
34252,62324,9937,397.78,3
34253,62325,9937,141.01,10
34254,62326,9937,241.33,6
34255,62327,9937,400.2,7
34256,62328,9937,197.48,2
34257,62329,9937,205.52,6
34258,62331,9938,302.76,4
34259,62332,9938,267.41,9
34260,62333,9938,361.5,4
34261,62334,9939,431.46,1
34262,62336,9939,141.0,9
34263,62340,9939,326.48,7
34264,62341,9939,305.44,5
34265,62343,9940,208.02,7
34266,62344,9941,94.3,12
34267,62345,9941,237.91,1
34268,62347,9941,169.16,11
34269,62348,9941,338.88,2
34270,62349,9941,255.12,8
34271,62350,9941,248.64,5
34272,62356,9943,380.91,11
34273,62357,9943,493.33,7
34274,62358,9943,292.71,7
34275,62360,9943,367.61,5
34276,62361,9943,403.04,5
34277,62366,9944,201.19,8
34278,62367,9944,176.71,9
34279,62368,9944,296.68,2
34280,62370,9944,362.39,5
34281,62376,9945,248.83,6
34282,62378,9946,158.17,7
34283,62381,9946,446.36,9
34284,62382,9947,381.62,7
34285,62383,9947,294.4,11
34286,62385,9948,227.23,7
34287,62389,9948,189.11,10
34288,62390,9948,235.55,2
34289,62394,9949,472.67,10
34290,62402,9950,287.72,1
34291,62408,9951,340.96,4
34292,62409,9952,583.53,2
34293,62410,9953,485.97,11
34294,62411,9953,333.99,9
34295,62412,9953,479.15,6
34296,62415,9953,362.08,8
34297,62416,9953,495.91,2
34298,62418,9953,322.42,1
34299,62420,9954,385.1,10
34300,62422,9954,372.36,10
34301,62423,9954,245.89,12
34302,62424,9954,388.06,6
34303,62427,9954,225.65,10
34304,62428,9954,272.74,7
34305,62430,9954,393.18,9
34306,62432,9955,355.05,12
34307,62433,9955,322.52,4
34308,62434,9955,348.5,4
34309,62440,9957,315.97,10
34310,62442,9957,414.47,10
34311,62446,9957,528.57,4
34312,62447,9957,447.72,9
34313,62450,9958,288.56,9
34314,62453,9958,365.38,1
34315,62454,9958,248.4,4
34316,62455,9958,429.31,10
34317,62456,9958,321.21,3
34318,62457,9958,392.16,6
34319,62460,9958,350.12,3
34320,62462,9959,92.68,8
34321,62463,9959,318.28,2
34322,62467,9960,344.69,5
34323,62468,9960,358.17,3
34324,62469,9960,238.31,12
34325,62470,9960,202.51,9
34326,62474,9961,338.89,6
34327,62475,9961,330.22,3
34328,62477,9961,281.82,12
34329,62478,9961,271.42,12
34330,62479,9961,431.56,9
34331,62483,9962,251.62,10
34332,62489,9963,268.78,11
34333,62490,9963,115.94,10
34334,62491,9963,392.68,7
34335,62495,9963,333.67,8
34336,62496,9964,460.56,10
34337,62499,9965,240.05,4
34338,62503,9965,180.47,10
34339,62504,9966,247.63,4
34340,62506,9966,400.6,5
34341,62507,9966,419.35,2
34342,62511,9967,330.02,9
34343,62514,9967,325.78,9
34344,62515,9967,463.82,3
34345,62516,9967,373.48,9
34346,62517,9967,319.94,4
34347,62520,9969,256.1,11
34348,62521,9969,380.01,10
34349,62523,9970,211.53,5
34350,62524,9971,210.74,5
34351,62528,9971,303.06,6
34352,62530,9972,457.57,6
34353,62531,9972,208.28,10
34354,62532,9972,420.58,3
34355,62533,9972,379.38,2
34356,62534,9972,218.12,12
34357,62535,9972,346.87,8
34358,62536,9972,255.08,8
34359,62538,9972,255.32,11
34360,62540,9972,426.41,12
34361,62541,9972,308.71,1
34362,62544,9973,304.33,10
34363,62546,9973,318.79,5
34364,62547,9973,436.8,11
34365,62552,9974,297.41,6
34366,62555,9975,390.5,3
34367,62558,9975,391.19,1
34368,62561,9975,170.89,9
34369,62562,9976,420.18,12
34370,62564,9976,431.03,6
34371,62566,9976,379.59,12
34372,62569,9976,277.68,10
34373,62571,9976,245.05,11
34374,62572,9976,312.62,10
34375,62573,9976,161.53,1
34376,62577,9978,358.19,10
34377,62579,9978,207.27,12
34378,62580,9978,352.24,8
34379,62581,9978,284.02,1
34380,62584,9979,355.81,7
34381,62586,9979,277.06,1
34382,62587,9980,312.65,9
34383,62588,9980,255.85,9
34384,62590,9980,343.36,5
34385,62591,9980,402.96,6
34386,62593,9980,428.68,8
34387,62595,9981,287.09,12
34388,62596,9981,80.66,6
34389,62597,9981,274.72,1
34390,62598,9981,382.54,7
34391,62599,9982,411.75,10
34392,62600,9982,491.29,12
34393,62603,9982,260.19,8
34394,62604,9982,459.91,5
34395,62607,9983,291.91,2
34396,62610,9984,360.57,5
34397,62611,9985,358.19,10
34398,62612,9985,433.46,2
34399,62614,9985,174.99,5
34400,62615,9985,197.9,10
34401,62619,9985,330.32,10
34402,62620,9986,223.28,12
34403,62621,9986,327.97,10
34404,62622,9986,401.22,11
34405,62623,9986,448.92,1
34406,62624,9987,237.61,5
34407,62625,9987,222.44,9
34408,62626,9987,364.36,9
34409,62628,9987,394.3,5
34410,62629,9987,260.3,3
34411,62632,9987,246.03,3
34412,62635,9987,390.73,12
34413,62636,9987,414.96,1
34414,62637,9988,321.49,4
34415,62641,9988,370.8,5
34416,62642,9988,247.4,8
34417,62643,9988,271.0,2
34418,62644,9988,302.8,9
34419,62645,9988,265.98,12
34420,62646,9988,172.68,9
34421,62651,9989,269.05,10
34422,62652,9989,353.45,2
34423,62654,9990,282.05,11
34424,62657,9990,396.58,10
34425,62661,9990,286.12,12
34426,62662,9991,228.48,5
34427,62674,9993,330.11,8
34428,62680,9994,387.84,11
34429,62682,9994,239.64,8
34430,62683,9994,148.64,8
34431,62684,9994,349.55,8
34432,62686,9994,388.34,10
34433,62687,9994,163.11,3
34434,62690,9995,410.58,3
34435,62692,9995,271.33,8
34436,62693,9995,296.4,5
34437,62696,9995,285.42,4
34438,62697,9995,287.17,9
34439,62698,9995,296.47,12
34440,62700,9996,337.0,11
34441,62701,9996,289.15,11
34442,62702,9996,456.81,12
34443,62703,9996,329.64,6
34444,62705,9996,362.54,1
34445,62706,9997,500.92,5
34446,62708,9997,393.4,10
34447,62709,9997,570.36,5
34448,62715,9997,298.16,2
34449,62716,9998,392.61,7
34450,62718,9998,363.53,8
34451,62721,9998,340.62,11
34452,62722,9998,366.21,3
34453,62723,9998,327.91,12
34454,62726,9998,394.81,11
34455,62727,9999,254.98,1
34456,62730,10000,213.56,1
