checkout_id,cart_id,user_id,checkout_started,completed_checkout
1,1.0,1.0,1,1
2,2.0,1.0,1,1
3,3.0,1.0,1,0
4,4.0,1.0,1,0
5,5.0,1.0,1,0
6,6.0,1.0,1,1
7,7.0,1.0,1,0
8,9.0,2.0,1,1
9,10.0,2.0,1,0
10,11.0,2.0,1,0
11,13.0,2.0,1,1
12,14.0,3.0,1,1
13,15.0,3.0,1,0
14,19.0,4.0,1,1
15,20.0,4.0,1,0
16,21.0,4.0,1,0
17,22.0,6.0,1,0
18,23.0,6.0,1,1
19,24.0,6.0,1,1
20,25.0,6.0,1,1
21,27.0,6.0,1,0
22,28.0,6.0,1,0
23,29.0,6.0,1,0
24,32.0,7.0,1,1
25,33.0,8.0,1,1
26,34.0,9.0,1,0
27,35.0,10.0,1,1
28,36.0,10.0,1,1
29,37.0,10.0,1,0
30,38.0,11.0,1,0
31,40.0,12.0,1,0
32,41.0,12.0,1,1
33,42.0,12.0,1,1
34,44.0,12.0,1,0
35,45.0,12.0,1,0
36,46.0,13.0,1,1
37,48.0,13.0,1,0
38,50.0,13.0,1,0
39,51.0,14.0,1,1
40,52.0,14.0,1,0
41,53.0,14.0,1,0
42,54.0,14.0,1,0
43,55.0,17.0,1,0
44,56.0,17.0,1,0
45,58.0,18.0,1,0
46,59.0,19.0,1,0
47,60.0,20.0,1,1
48,61.0,20.0,1,0
49,62.0,21.0,1,0
50,63.0,21.0,1,1
51,64.0,21.0,1,0
52,65.0,21.0,1,1
53,66.0,21.0,1,0
54,67.0,21.0,1,0
55,68.0,21.0,1,0
56,69.0,21.0,1,0
57,71.0,21.0,1,0
58,73.0,22.0,1,1
59,74.0,22.0,1,1
60,75.0,22.0,1,1
61,76.0,22.0,1,0
62,77.0,22.0,1,0
63,78.0,24.0,1,1
64,79.0,24.0,1,0
65,80.0,24.0,1,1
66,81.0,24.0,1,0
67,83.0,24.0,1,0
68,85.0,24.0,1,0
69,86.0,24.0,1,0
70,88.0,25.0,1,1
71,90.0,26.0,1,0
72,91.0,26.0,1,0
73,92.0,27.0,1,1
74,96.0,27.0,1,0
75,97.0,27.0,1,0
76,100.0,28.0,1,1
77,102.0,28.0,1,1
78,103.0,28.0,1,1
79,104.0,29.0,1,0
80,105.0,30.0,1,0
81,109.0,32.0,1,0
82,110.0,32.0,1,1
83,111.0,33.0,1,0
84,112.0,33.0,1,0
85,113.0,33.0,1,1
86,117.0,34.0,1,0
87,118.0,34.0,1,1
88,119.0,34.0,1,1
89,120.0,34.0,1,0
90,122.0,35.0,1,1
91,123.0,35.0,1,0
92,124.0,35.0,1,1
93,125.0,35.0,1,0
94,126.0,36.0,1,1
95,127.0,37.0,1,0
96,128.0,37.0,1,1
97,129.0,37.0,1,1
98,131.0,37.0,1,0
99,132.0,37.0,1,1
100,134.0,38.0,1,0
101,136.0,38.0,1,1
102,137.0,38.0,1,0
103,138.0,38.0,1,1
104,139.0,39.0,1,0
105,140.0,40.0,1,0
106,141.0,40.0,1,0
107,143.0,41.0,1,0
108,145.0,41.0,1,0
109,146.0,42.0,1,0
110,147.0,42.0,1,1
111,148.0,42.0,1,1
112,150.0,43.0,1,0
113,154.0,44.0,1,0
114,156.0,45.0,1,1
115,157.0,45.0,1,0
116,158.0,45.0,1,0
117,159.0,46.0,1,0
118,160.0,46.0,1,0
119,161.0,46.0,1,0
120,162.0,47.0,1,0
121,164.0,47.0,1,0
122,166.0,47.0,1,1
123,167.0,48.0,1,0
124,168.0,48.0,1,0
125,169.0,48.0,1,0
126,170.0,48.0,1,1
127,173.0,49.0,1,1
128,174.0,49.0,1,1
129,175.0,49.0,1,1
130,176.0,51.0,1,1
131,177.0,51.0,1,0
132,178.0,51.0,1,1
133,179.0,51.0,1,1
134,181.0,51.0,1,1
135,182.0,51.0,1,0
136,183.0,52.0,1,1
137,184.0,52.0,1,1
138,185.0,53.0,1,0
139,186.0,54.0,1,0
140,188.0,54.0,1,0
141,189.0,55.0,1,0
142,190.0,55.0,1,0
143,191.0,57.0,1,0
144,192.0,57.0,1,1
145,193.0,57.0,1,1
146,194.0,57.0,1,0
147,195.0,57.0,1,0
148,196.0,58.0,1,0
149,197.0,58.0,1,1
150,198.0,58.0,1,0
151,199.0,58.0,1,0
152,200.0,59.0,1,0
153,203.0,60.0,1,1
154,204.0,61.0,1,0
155,205.0,61.0,1,0
156,206.0,61.0,1,0
157,208.0,61.0,1,0
158,209.0,62.0,1,0
159,210.0,63.0,1,1
160,212.0,63.0,1,1
161,214.0,63.0,1,0
162,215.0,63.0,1,0
163,216.0,63.0,1,0
164,217.0,63.0,1,0
165,220.0,64.0,1,0
166,221.0,64.0,1,1
167,223.0,65.0,1,0
168,224.0,65.0,1,1
169,225.0,65.0,1,1
170,226.0,65.0,1,0
171,227.0,66.0,1,0
172,228.0,67.0,1,1
173,229.0,67.0,1,0
174,230.0,68.0,1,0
175,231.0,69.0,1,0
176,233.0,69.0,1,0
177,234.0,69.0,1,0
178,235.0,70.0,1,1
179,236.0,70.0,1,0
180,238.0,72.0,1,0
181,241.0,74.0,1,0
182,242.0,74.0,1,0
183,243.0,75.0,1,0
184,244.0,75.0,1,1
185,245.0,76.0,1,1
186,246.0,76.0,1,0
187,247.0,77.0,1,0
188,248.0,77.0,1,1
189,249.0,77.0,1,0
190,250.0,77.0,1,0
191,252.0,78.0,1,0
192,253.0,79.0,1,0
193,254.0,79.0,1,1
194,255.0,79.0,1,0
195,256.0,79.0,1,0
196,257.0,79.0,1,0
197,258.0,79.0,1,0
198,262.0,80.0,1,0
199,264.0,81.0,1,1
200,265.0,81.0,1,0
201,267.0,81.0,1,1
202,268.0,82.0,1,0
203,269.0,82.0,1,1
204,272.0,82.0,1,0
205,273.0,82.0,1,0
206,274.0,82.0,1,0
207,275.0,82.0,1,0
208,276.0,83.0,1,1
209,277.0,83.0,1,1
210,279.0,83.0,1,0
211,280.0,83.0,1,0
212,282.0,83.0,1,1
213,283.0,85.0,1,1
214,284.0,85.0,1,1
215,285.0,85.0,1,0
216,286.0,85.0,1,0
217,287.0,85.0,1,0
218,288.0,85.0,1,0
219,289.0,85.0,1,1
220,290.0,85.0,1,0
221,291.0,86.0,1,1
222,292.0,87.0,1,0
223,294.0,88.0,1,1
224,296.0,89.0,1,0
225,299.0,89.0,1,0
226,300.0,90.0,1,0
227,301.0,91.0,1,0
228,302.0,92.0,1,0
229,304.0,92.0,1,0
230,305.0,93.0,1,0
231,306.0,93.0,1,1
232,307.0,93.0,1,0
233,308.0,93.0,1,0
234,309.0,94.0,1,1
235,310.0,94.0,1,0
236,311.0,94.0,1,0
237,315.0,96.0,1,0
238,319.0,97.0,1,0
239,321.0,97.0,1,1
240,322.0,97.0,1,0
241,324.0,99.0,1,0
242,325.0,99.0,1,1
243,326.0,99.0,1,1
244,327.0,100.0,1,0
245,328.0,100.0,1,0
246,330.0,102.0,1,0
247,331.0,102.0,1,1
248,332.0,102.0,1,1
249,333.0,102.0,1,0
250,334.0,102.0,1,0
251,335.0,102.0,1,1
252,336.0,103.0,1,0
253,337.0,103.0,1,1
254,341.0,106.0,1,1
255,342.0,106.0,1,0
256,344.0,106.0,1,1
257,346.0,107.0,1,1
258,347.0,108.0,1,0
259,348.0,109.0,1,0
260,349.0,109.0,1,0
261,350.0,109.0,1,1
262,351.0,109.0,1,1
263,352.0,109.0,1,1
264,354.0,110.0,1,1
265,357.0,111.0,1,1
266,359.0,111.0,1,1
267,361.0,112.0,1,0
268,362.0,112.0,1,0
269,363.0,112.0,1,1
270,365.0,113.0,1,0
271,366.0,113.0,1,0
272,367.0,114.0,1,1
273,368.0,114.0,1,0
274,369.0,114.0,1,0
275,370.0,114.0,1,0
276,371.0,114.0,1,0
277,372.0,114.0,1,0
278,373.0,115.0,1,0
279,374.0,115.0,1,0
280,375.0,115.0,1,0
281,376.0,115.0,1,1
282,377.0,115.0,1,0
283,379.0,115.0,1,1
284,380.0,116.0,1,0
285,381.0,116.0,1,0
286,383.0,116.0,1,0
287,384.0,116.0,1,1
288,385.0,117.0,1,0
289,386.0,117.0,1,0
290,387.0,117.0,1,1
291,389.0,118.0,1,0
292,392.0,118.0,1,0
293,393.0,118.0,1,1
294,395.0,118.0,1,0
295,396.0,118.0,1,1
296,397.0,119.0,1,0
297,398.0,119.0,1,0
298,400.0,121.0,1,1
299,401.0,121.0,1,1
300,402.0,122.0,1,1
301,403.0,122.0,1,1
302,408.0,124.0,1,0
303,409.0,124.0,1,1
304,412.0,125.0,1,1
305,413.0,125.0,1,0
306,414.0,125.0,1,0
307,415.0,126.0,1,0
308,416.0,126.0,1,0
309,417.0,126.0,1,1
310,419.0,126.0,1,0
311,420.0,126.0,1,0
312,421.0,126.0,1,0
313,423.0,127.0,1,1
314,424.0,127.0,1,1
315,425.0,127.0,1,0
316,426.0,128.0,1,0
317,429.0,128.0,1,1
318,430.0,128.0,1,0
319,433.0,129.0,1,0
320,434.0,130.0,1,1
321,435.0,130.0,1,0
322,436.0,130.0,1,1
323,438.0,130.0,1,0
324,439.0,130.0,1,0
325,440.0,130.0,1,0
326,441.0,131.0,1,0
327,442.0,131.0,1,0
328,443.0,131.0,1,1
329,444.0,131.0,1,1
330,445.0,131.0,1,1
331,446.0,132.0,1,0
332,447.0,132.0,1,0
333,449.0,132.0,1,1
334,451.0,132.0,1,0
335,454.0,133.0,1,1
336,455.0,133.0,1,1
337,460.0,134.0,1,1
338,462.0,135.0,1,0
339,463.0,136.0,1,0
340,464.0,136.0,1,0
341,467.0,136.0,1,0
342,468.0,137.0,1,1
343,469.0,137.0,1,0
344,471.0,137.0,1,1
345,472.0,138.0,1,0
346,473.0,138.0,1,0
347,474.0,138.0,1,0
348,475.0,138.0,1,0
349,476.0,138.0,1,0
350,477.0,138.0,1,0
351,478.0,138.0,1,0
352,479.0,138.0,1,1
353,480.0,138.0,1,1
354,481.0,138.0,1,1
355,483.0,139.0,1,0
356,484.0,139.0,1,0
357,485.0,139.0,1,1
358,486.0,139.0,1,1
359,487.0,139.0,1,0
360,489.0,140.0,1,1
361,490.0,140.0,1,0
362,492.0,142.0,1,0
363,495.0,143.0,1,0
364,496.0,143.0,1,0
365,497.0,143.0,1,0
366,498.0,144.0,1,0
367,501.0,144.0,1,1
368,502.0,144.0,1,1
369,503.0,145.0,1,1
370,504.0,145.0,1,1
371,505.0,146.0,1,1
372,508.0,147.0,1,1
373,509.0,148.0,1,0
374,510.0,148.0,1,0
375,511.0,148.0,1,0
376,512.0,148.0,1,1
377,513.0,149.0,1,1
378,515.0,149.0,1,0
379,516.0,150.0,1,1
380,517.0,150.0,1,0
381,518.0,151.0,1,0
382,519.0,151.0,1,1
383,521.0,151.0,1,0
384,523.0,152.0,1,0
385,524.0,152.0,1,0
386,527.0,152.0,1,0
387,528.0,152.0,1,0
388,529.0,152.0,1,1
389,531.0,153.0,1,0
390,532.0,153.0,1,0
391,534.0,153.0,1,1
392,535.0,154.0,1,0
393,537.0,155.0,1,0
394,538.0,155.0,1,1
395,540.0,155.0,1,0
396,541.0,156.0,1,0
397,542.0,156.0,1,0
398,543.0,156.0,1,1
399,544.0,157.0,1,1
400,545.0,157.0,1,1
401,547.0,157.0,1,1
402,549.0,157.0,1,1
403,550.0,157.0,1,0
404,551.0,158.0,1,0
405,552.0,158.0,1,0
406,554.0,160.0,1,0
407,555.0,160.0,1,0
408,556.0,161.0,1,1
409,557.0,163.0,1,0
410,558.0,163.0,1,0
411,559.0,164.0,1,0
412,560.0,164.0,1,0
413,561.0,164.0,1,0
414,563.0,165.0,1,1
415,564.0,165.0,1,0
416,565.0,165.0,1,0
417,566.0,166.0,1,0
418,568.0,166.0,1,0
419,569.0,166.0,1,0
420,570.0,166.0,1,1
421,571.0,166.0,1,1
422,573.0,166.0,1,1
423,574.0,167.0,1,1
424,575.0,167.0,1,0
425,576.0,168.0,1,0
426,577.0,168.0,1,1
427,578.0,168.0,1,1
428,579.0,169.0,1,0
429,581.0,169.0,1,1
430,582.0,169.0,1,0
431,583.0,169.0,1,0
432,585.0,170.0,1,0
433,586.0,171.0,1,0
434,587.0,171.0,1,0
435,588.0,172.0,1,0
436,589.0,172.0,1,1
437,592.0,174.0,1,0
438,593.0,174.0,1,0
439,594.0,175.0,1,0
440,595.0,175.0,1,0
441,596.0,175.0,1,1
442,597.0,176.0,1,0
443,598.0,176.0,1,1
444,599.0,176.0,1,1
445,600.0,176.0,1,0
446,601.0,176.0,1,1
447,602.0,176.0,1,1
448,603.0,177.0,1,0
449,604.0,178.0,1,0
450,605.0,178.0,1,0
451,606.0,178.0,1,0
452,607.0,178.0,1,0
453,608.0,178.0,1,0
454,609.0,178.0,1,0
455,612.0,179.0,1,0
456,613.0,179.0,1,1
457,614.0,180.0,1,0
458,615.0,180.0,1,1
459,617.0,181.0,1,1
460,618.0,181.0,1,0
461,619.0,181.0,1,0
462,620.0,181.0,1,0
463,621.0,181.0,1,1
464,622.0,181.0,1,0
465,624.0,182.0,1,1
466,625.0,182.0,1,0
467,627.0,182.0,1,0
468,628.0,183.0,1,1
469,629.0,183.0,1,0
470,631.0,183.0,1,1
471,633.0,184.0,1,1
472,634.0,184.0,1,1
473,636.0,184.0,1,1
474,637.0,184.0,1,0
475,638.0,185.0,1,0
476,639.0,185.0,1,0
477,640.0,186.0,1,1
478,644.0,187.0,1,1
479,645.0,187.0,1,0
480,646.0,187.0,1,1
481,647.0,187.0,1,0
482,648.0,187.0,1,0
483,649.0,187.0,1,1
484,652.0,188.0,1,0
485,653.0,189.0,1,0
486,654.0,189.0,1,1
487,655.0,190.0,1,0
488,656.0,190.0,1,0
489,657.0,190.0,1,1
490,658.0,191.0,1,1
491,659.0,192.0,1,1
492,660.0,192.0,1,1
493,661.0,192.0,1,0
494,662.0,192.0,1,0
495,663.0,193.0,1,1
496,664.0,193.0,1,0
497,665.0,193.0,1,1
498,667.0,193.0,1,0
499,669.0,193.0,1,0
500,671.0,194.0,1,0
501,672.0,194.0,1,0
502,673.0,195.0,1,0
503,674.0,195.0,1,0
504,675.0,195.0,1,0
505,676.0,195.0,1,1
506,678.0,196.0,1,0
507,679.0,196.0,1,1
508,680.0,196.0,1,0
509,681.0,197.0,1,0
510,682.0,197.0,1,0
511,683.0,197.0,1,0
512,684.0,198.0,1,1
513,685.0,198.0,1,0
514,688.0,199.0,1,1
515,689.0,199.0,1,0
516,690.0,199.0,1,0
517,691.0,200.0,1,0
518,692.0,200.0,1,1
519,693.0,200.0,1,0
520,695.0,200.0,1,0
521,696.0,201.0,1,1
522,697.0,201.0,1,1
523,698.0,201.0,1,0
524,699.0,201.0,1,0
525,702.0,202.0,1,0
526,706.0,203.0,1,0
527,707.0,203.0,1,1
528,708.0,203.0,1,0
529,709.0,203.0,1,1
530,710.0,203.0,1,0
531,711.0,203.0,1,0
532,712.0,204.0,1,0
533,713.0,204.0,1,0
534,714.0,204.0,1,0
535,715.0,204.0,1,0
536,716.0,204.0,1,1
537,717.0,204.0,1,0
538,718.0,205.0,1,0
539,719.0,205.0,1,0
540,721.0,206.0,1,0
541,722.0,206.0,1,0
542,723.0,207.0,1,0
543,724.0,207.0,1,1
544,725.0,207.0,1,0
545,727.0,208.0,1,1
546,728.0,208.0,1,1
547,729.0,208.0,1,0
548,730.0,208.0,1,1
549,731.0,208.0,1,0
550,732.0,208.0,1,1
551,733.0,209.0,1,0
552,734.0,210.0,1,0
553,735.0,210.0,1,0
554,737.0,210.0,1,0
555,740.0,211.0,1,0
556,741.0,211.0,1,1
557,742.0,211.0,1,0
558,743.0,212.0,1,0
559,744.0,212.0,1,1
560,745.0,212.0,1,0
561,746.0,212.0,1,0
562,747.0,213.0,1,0
563,749.0,213.0,1,0
564,750.0,213.0,1,0
565,751.0,214.0,1,0
566,752.0,214.0,1,0
567,753.0,214.0,1,0
568,754.0,215.0,1,1
569,755.0,215.0,1,0
570,756.0,216.0,1,1
571,757.0,216.0,1,1
572,758.0,216.0,1,0
573,760.0,216.0,1,1
574,761.0,216.0,1,0
575,762.0,216.0,1,0
576,763.0,216.0,1,1
577,764.0,216.0,1,0
578,765.0,216.0,1,1
579,766.0,218.0,1,0
580,767.0,218.0,1,1
581,768.0,218.0,1,1
582,769.0,218.0,1,0
583,770.0,218.0,1,1
584,771.0,218.0,1,0
585,772.0,218.0,1,0
586,774.0,219.0,1,0
587,775.0,219.0,1,1
588,776.0,221.0,1,0
589,777.0,222.0,1,1
590,778.0,222.0,1,0
591,779.0,222.0,1,1
592,780.0,222.0,1,0
593,781.0,223.0,1,0
594,784.0,224.0,1,0
595,785.0,224.0,1,1
596,788.0,225.0,1,0
597,789.0,225.0,1,1
598,790.0,226.0,1,1
599,792.0,226.0,1,0
600,794.0,228.0,1,0
601,795.0,228.0,1,0
602,799.0,228.0,1,0
603,800.0,229.0,1,0
604,801.0,229.0,1,0
605,802.0,229.0,1,0
606,803.0,230.0,1,1
607,804.0,230.0,1,0
608,805.0,231.0,1,1
609,807.0,231.0,1,0
610,808.0,232.0,1,0
611,810.0,232.0,1,1
612,811.0,232.0,1,0
613,812.0,232.0,1,1
614,813.0,233.0,1,0
615,814.0,233.0,1,1
616,815.0,233.0,1,0
617,817.0,234.0,1,0
618,819.0,235.0,1,0
619,820.0,235.0,1,1
620,821.0,235.0,1,1
621,822.0,235.0,1,0
622,823.0,236.0,1,0
623,824.0,236.0,1,0
624,825.0,236.0,1,0
625,826.0,237.0,1,0
626,827.0,237.0,1,0
627,828.0,237.0,1,0
628,829.0,237.0,1,1
629,830.0,237.0,1,0
630,831.0,238.0,1,1
631,832.0,238.0,1,0
632,833.0,238.0,1,1
633,836.0,238.0,1,0
634,837.0,239.0,1,1
635,838.0,239.0,1,0
636,840.0,239.0,1,1
637,841.0,239.0,1,1
638,842.0,240.0,1,1
639,844.0,240.0,1,0
640,845.0,240.0,1,0
641,846.0,240.0,1,0
642,847.0,241.0,1,1
643,848.0,241.0,1,0
644,849.0,241.0,1,1
645,850.0,242.0,1,1
646,851.0,242.0,1,1
647,852.0,242.0,1,1
648,853.0,242.0,1,0
649,854.0,242.0,1,0
650,855.0,243.0,1,0
651,856.0,243.0,1,1
652,857.0,243.0,1,1
653,859.0,244.0,1,1
654,860.0,245.0,1,1
655,861.0,245.0,1,0
656,863.0,245.0,1,1
657,864.0,246.0,1,0
658,866.0,246.0,1,0
659,867.0,246.0,1,0
660,868.0,246.0,1,0
661,869.0,247.0,1,1
662,871.0,247.0,1,0
663,872.0,248.0,1,0
664,873.0,248.0,1,0
665,874.0,248.0,1,1
666,876.0,248.0,1,1
667,877.0,248.0,1,0
668,879.0,249.0,1,1
669,880.0,250.0,1,1
670,881.0,250.0,1,0
671,882.0,250.0,1,1
672,883.0,250.0,1,1
673,884.0,250.0,1,0
674,885.0,250.0,1,1
675,886.0,251.0,1,0
676,887.0,251.0,1,0
677,888.0,251.0,1,0
678,889.0,251.0,1,0
679,890.0,251.0,1,0
680,892.0,252.0,1,0
681,893.0,252.0,1,1
682,894.0,252.0,1,0
683,896.0,252.0,1,1
684,897.0,253.0,1,0
685,898.0,253.0,1,0
686,899.0,254.0,1,1
687,900.0,254.0,1,0
688,901.0,254.0,1,0
689,903.0,255.0,1,0
690,904.0,255.0,1,0
691,905.0,255.0,1,1
692,906.0,255.0,1,0
693,907.0,255.0,1,0
694,908.0,256.0,1,1
695,909.0,256.0,1,1
696,910.0,256.0,1,0
697,911.0,256.0,1,1
698,912.0,256.0,1,1
699,915.0,256.0,1,0
700,916.0,257.0,1,0
701,917.0,257.0,1,0
702,918.0,257.0,1,1
703,919.0,259.0,1,0
704,920.0,259.0,1,1
705,921.0,259.0,1,0
706,922.0,259.0,1,0
707,923.0,260.0,1,0
708,924.0,261.0,1,0
709,927.0,261.0,1,0
710,929.0,261.0,1,1
711,930.0,261.0,1,0
712,931.0,261.0,1,0
713,932.0,261.0,1,0
714,934.0,262.0,1,0
715,935.0,262.0,1,0
716,936.0,262.0,1,0
717,937.0,262.0,1,1
718,938.0,262.0,1,1
719,939.0,263.0,1,0
720,940.0,263.0,1,0
721,941.0,263.0,1,1
722,942.0,263.0,1,0
723,943.0,263.0,1,1
724,945.0,264.0,1,1
725,946.0,264.0,1,0
726,948.0,264.0,1,0
727,949.0,265.0,1,0
728,950.0,266.0,1,0
729,951.0,266.0,1,0
730,952.0,266.0,1,0
731,953.0,266.0,1,1
732,954.0,266.0,1,0
733,958.0,266.0,1,1
734,960.0,267.0,1,1
735,961.0,267.0,1,0
736,962.0,267.0,1,0
737,964.0,268.0,1,0
738,965.0,268.0,1,1
739,966.0,268.0,1,0
740,967.0,269.0,1,0
741,968.0,269.0,1,0
742,969.0,271.0,1,1
743,970.0,271.0,1,0
744,971.0,272.0,1,1
745,972.0,273.0,1,0
746,973.0,273.0,1,1
747,974.0,273.0,1,0
748,975.0,273.0,1,0
749,976.0,274.0,1,1
750,977.0,274.0,1,0
751,978.0,274.0,1,1
752,979.0,274.0,1,1
753,980.0,274.0,1,1
754,981.0,275.0,1,0
755,983.0,275.0,1,0
756,985.0,275.0,1,0
757,986.0,275.0,1,1
758,988.0,276.0,1,0
759,989.0,276.0,1,0
760,990.0,276.0,1,1
761,991.0,277.0,1,0
762,992.0,277.0,1,1
763,994.0,277.0,1,0
764,996.0,278.0,1,1
765,997.0,278.0,1,0
766,999.0,278.0,1,0
767,1000.0,279.0,1,0
768,1001.0,279.0,1,1
769,1003.0,280.0,1,0
770,1004.0,280.0,1,1
771,1005.0,280.0,1,1
772,1007.0,280.0,1,0
773,1008.0,280.0,1,0
774,1009.0,280.0,1,0
775,1010.0,280.0,1,1
776,1011.0,280.0,1,1
777,1012.0,280.0,1,0
778,1013.0,280.0,1,1
779,1015.0,281.0,1,0
780,1016.0,281.0,1,0
781,1017.0,282.0,1,0
782,1018.0,283.0,1,1
783,1019.0,283.0,1,0
784,1020.0,283.0,1,1
785,1021.0,283.0,1,0
786,1023.0,284.0,1,0
787,1024.0,284.0,1,0
788,1026.0,284.0,1,1
789,1028.0,285.0,1,0
790,1029.0,286.0,1,0
791,1031.0,286.0,1,0
792,1032.0,287.0,1,0
793,1034.0,288.0,1,1
794,1035.0,288.0,1,1
795,1036.0,288.0,1,0
796,1037.0,289.0,1,0
797,1038.0,289.0,1,0
798,1039.0,289.0,1,0
799,1040.0,289.0,1,1
800,1042.0,290.0,1,0
801,1043.0,290.0,1,0
802,1045.0,291.0,1,0
803,1047.0,291.0,1,0
804,1048.0,291.0,1,0
805,1049.0,291.0,1,0
806,1051.0,293.0,1,0
807,1053.0,294.0,1,0
808,1055.0,295.0,1,1
809,1056.0,295.0,1,0
810,1057.0,296.0,1,1
811,1058.0,296.0,1,0
812,1059.0,297.0,1,0
813,1060.0,298.0,1,0
814,1062.0,298.0,1,0
815,1063.0,298.0,1,1
816,1064.0,298.0,1,0
817,1065.0,299.0,1,0
818,1066.0,300.0,1,0
819,1070.0,303.0,1,0
820,1072.0,303.0,1,0
821,1073.0,303.0,1,0
822,1074.0,304.0,1,1
823,1075.0,304.0,1,0
824,1076.0,304.0,1,1
825,1077.0,304.0,1,0
826,1078.0,304.0,1,1
827,1080.0,305.0,1,0
828,1081.0,305.0,1,0
829,1082.0,305.0,1,1
830,1083.0,305.0,1,0
831,1084.0,305.0,1,0
832,1085.0,305.0,1,0
833,1086.0,306.0,1,0
834,1087.0,306.0,1,1
835,1088.0,306.0,1,0
836,1089.0,307.0,1,0
837,1090.0,307.0,1,1
838,1091.0,307.0,1,0
839,1094.0,308.0,1,0
840,1095.0,308.0,1,0
841,1096.0,308.0,1,0
842,1097.0,309.0,1,0
843,1098.0,309.0,1,1
844,1101.0,310.0,1,1
845,1102.0,310.0,1,0
846,1104.0,310.0,1,1
847,1105.0,310.0,1,0
848,1106.0,311.0,1,1
849,1107.0,312.0,1,0
850,1109.0,312.0,1,0
851,1112.0,313.0,1,1
852,1114.0,313.0,1,1
853,1115.0,313.0,1,0
854,1116.0,313.0,1,0
855,1117.0,314.0,1,0
856,1118.0,314.0,1,1
857,1119.0,314.0,1,1
858,1120.0,314.0,1,1
859,1122.0,315.0,1,0
860,1123.0,315.0,1,0
861,1126.0,316.0,1,0
862,1127.0,316.0,1,0
863,1129.0,317.0,1,1
864,1130.0,317.0,1,1
865,1131.0,317.0,1,1
866,1132.0,317.0,1,0
867,1133.0,317.0,1,0
868,1134.0,317.0,1,0
869,1135.0,317.0,1,1
870,1136.0,317.0,1,0
871,1137.0,317.0,1,1
872,1139.0,318.0,1,1
873,1140.0,318.0,1,1
874,1141.0,318.0,1,0
875,1142.0,318.0,1,0
876,1145.0,320.0,1,0
877,1146.0,320.0,1,0
878,1148.0,320.0,1,0
879,1149.0,320.0,1,0
880,1150.0,321.0,1,0
881,1151.0,321.0,1,1
882,1152.0,322.0,1,0
883,1153.0,323.0,1,0
884,1154.0,323.0,1,0
885,1156.0,323.0,1,0
886,1157.0,323.0,1,0
887,1158.0,323.0,1,0
888,1159.0,324.0,1,0
889,1161.0,324.0,1,0
890,1162.0,324.0,1,1
891,1164.0,324.0,1,0
892,1165.0,324.0,1,1
893,1166.0,324.0,1,1
894,1168.0,325.0,1,0
895,1169.0,325.0,1,1
896,1170.0,325.0,1,1
897,1171.0,326.0,1,0
898,1172.0,326.0,1,1
899,1175.0,326.0,1,0
900,1177.0,326.0,1,0
901,1178.0,326.0,1,1
902,1181.0,327.0,1,0
903,1184.0,327.0,1,1
904,1185.0,327.0,1,1
905,1186.0,329.0,1,1
906,1187.0,329.0,1,1
907,1188.0,329.0,1,1
908,1189.0,329.0,1,1
909,1190.0,329.0,1,0
910,1192.0,330.0,1,0
911,1193.0,330.0,1,0
912,1197.0,331.0,1,0
913,1198.0,331.0,1,0
914,1199.0,331.0,1,1
915,1200.0,331.0,1,1
916,1201.0,334.0,1,0
917,1202.0,335.0,1,1
918,1203.0,336.0,1,0
919,1204.0,336.0,1,1
920,1205.0,336.0,1,1
921,1206.0,336.0,1,1
922,1207.0,336.0,1,0
923,1209.0,337.0,1,1
924,1210.0,337.0,1,0
925,1211.0,337.0,1,1
926,1213.0,338.0,1,0
927,1215.0,338.0,1,1
928,1216.0,338.0,1,0
929,1217.0,338.0,1,0
930,1219.0,339.0,1,1
931,1220.0,340.0,1,1
932,1222.0,340.0,1,1
933,1223.0,340.0,1,0
934,1224.0,341.0,1,0
935,1225.0,341.0,1,1
936,1226.0,341.0,1,0
937,1227.0,342.0,1,0
938,1228.0,342.0,1,0
939,1229.0,342.0,1,0
940,1230.0,342.0,1,0
941,1231.0,343.0,1,0
942,1232.0,343.0,1,0
943,1233.0,343.0,1,0
944,1234.0,343.0,1,0
945,1236.0,344.0,1,0
946,1238.0,345.0,1,0
947,1239.0,345.0,1,0
948,1240.0,346.0,1,0
949,1241.0,346.0,1,0
950,1243.0,346.0,1,0
951,1244.0,346.0,1,1
952,1246.0,348.0,1,1
953,1247.0,348.0,1,0
954,1248.0,348.0,1,0
955,1249.0,349.0,1,0
956,1250.0,349.0,1,0
957,1251.0,349.0,1,0
958,1253.0,349.0,1,0
959,1254.0,349.0,1,0
960,1256.0,350.0,1,1
961,1257.0,350.0,1,0
962,1258.0,352.0,1,0
963,1259.0,353.0,1,0
964,1262.0,353.0,1,0
965,1263.0,353.0,1,0
966,1264.0,353.0,1,1
967,1265.0,353.0,1,0
968,1266.0,353.0,1,1
969,1269.0,354.0,1,1
970,1270.0,354.0,1,0
971,1271.0,354.0,1,1
972,1272.0,354.0,1,0
973,1273.0,355.0,1,0
974,1275.0,355.0,1,0
975,1276.0,355.0,1,1
976,1277.0,355.0,1,1
977,1280.0,356.0,1,0
978,1281.0,356.0,1,0
979,1282.0,356.0,1,0
980,1283.0,356.0,1,0
981,1284.0,356.0,1,0
982,1285.0,357.0,1,0
983,1286.0,357.0,1,0
984,1287.0,357.0,1,1
985,1288.0,357.0,1,0
986,1290.0,357.0,1,0
987,1292.0,358.0,1,0
988,1294.0,358.0,1,0
989,1295.0,358.0,1,0
990,1296.0,358.0,1,0
991,1298.0,359.0,1,0
992,1299.0,359.0,1,1
993,1300.0,359.0,1,0
994,1306.0,362.0,1,1
995,1307.0,362.0,1,0
996,1308.0,362.0,1,1
997,1310.0,363.0,1,0
998,1311.0,363.0,1,0
999,1312.0,363.0,1,1
1000,1314.0,363.0,1,0
1001,1315.0,364.0,1,0
1002,1316.0,364.0,1,0
1003,1318.0,364.0,1,0
1004,1319.0,364.0,1,0
1005,1320.0,364.0,1,0
1006,1321.0,365.0,1,0
1007,1322.0,366.0,1,0
1008,1323.0,366.0,1,0
1009,1325.0,366.0,1,0
1010,1326.0,366.0,1,1
1011,1327.0,366.0,1,0
1012,1328.0,367.0,1,0
1013,1329.0,367.0,1,0
1014,1330.0,367.0,1,0
1015,1332.0,367.0,1,0
1016,1333.0,367.0,1,1
1017,1334.0,367.0,1,0
1018,1335.0,367.0,1,0
1019,1336.0,367.0,1,0
1020,1337.0,368.0,1,0
1021,1338.0,368.0,1,0
1022,1341.0,370.0,1,1
1023,1342.0,371.0,1,0
1024,1344.0,371.0,1,0
1025,1346.0,372.0,1,0
1026,1347.0,372.0,1,0
1027,1350.0,373.0,1,0
1028,1351.0,373.0,1,1
1029,1353.0,374.0,1,0
1030,1354.0,374.0,1,0
1031,1356.0,375.0,1,1
1032,1357.0,375.0,1,0
1033,1362.0,376.0,1,1
1034,1363.0,376.0,1,1
1035,1364.0,376.0,1,1
1036,1365.0,377.0,1,1
1037,1366.0,378.0,1,0
1038,1368.0,378.0,1,1
1039,1369.0,378.0,1,0
1040,1370.0,378.0,1,0
1041,1371.0,378.0,1,0
1042,1372.0,378.0,1,0
1043,1373.0,378.0,1,1
1044,1374.0,379.0,1,1
1045,1375.0,379.0,1,0
1046,1376.0,379.0,1,1
1047,1377.0,379.0,1,1
1048,1378.0,379.0,1,0
1049,1379.0,380.0,1,0
1050,1380.0,380.0,1,1
1051,1381.0,380.0,1,1
1052,1382.0,380.0,1,0
1053,1383.0,380.0,1,0
1054,1384.0,381.0,1,0
1055,1385.0,382.0,1,0
1056,1386.0,382.0,1,0
1057,1387.0,382.0,1,1
1058,1388.0,382.0,1,0
1059,1389.0,382.0,1,0
1060,1390.0,382.0,1,0
1061,1394.0,384.0,1,0
1062,1395.0,384.0,1,0
1063,1397.0,385.0,1,1
1064,1398.0,385.0,1,1
1065,1399.0,385.0,1,0
1066,1400.0,385.0,1,0
1067,1402.0,386.0,1,1
1068,1403.0,386.0,1,0
1069,1405.0,387.0,1,1
1070,1406.0,387.0,1,0
1071,1408.0,387.0,1,0
1072,1409.0,388.0,1,1
1073,1410.0,389.0,1,1
1074,1411.0,389.0,1,1
1075,1412.0,389.0,1,0
1076,1414.0,390.0,1,1
1077,1417.0,391.0,1,0
1078,1418.0,391.0,1,1
1079,1419.0,391.0,1,1
1080,1422.0,393.0,1,0
1081,1423.0,393.0,1,0
1082,1424.0,394.0,1,0
1083,1425.0,394.0,1,0
1084,1427.0,394.0,1,0
1085,1428.0,394.0,1,1
1086,1430.0,395.0,1,0
1087,1431.0,395.0,1,0
1088,1432.0,395.0,1,1
1089,1433.0,395.0,1,0
1090,1434.0,395.0,1,1
1091,1437.0,395.0,1,0
1092,1439.0,396.0,1,0
1093,1440.0,396.0,1,1
1094,1442.0,397.0,1,1
1095,1443.0,397.0,1,0
1096,1445.0,397.0,1,0
1097,1446.0,397.0,1,1
1098,1447.0,397.0,1,0
1099,1448.0,398.0,1,0
1100,1449.0,398.0,1,0
1101,1450.0,398.0,1,0
1102,1451.0,398.0,1,0
1103,1453.0,398.0,1,1
1104,1454.0,399.0,1,1
1105,1455.0,399.0,1,0
1106,1456.0,399.0,1,0
1107,1457.0,399.0,1,0
1108,1460.0,400.0,1,0
1109,1461.0,400.0,1,0
1110,1462.0,400.0,1,0
1111,1463.0,400.0,1,0
1112,1466.0,401.0,1,1
1113,1467.0,401.0,1,1
1114,1468.0,402.0,1,1
1115,1469.0,402.0,1,0
1116,1470.0,402.0,1,0
1117,1471.0,402.0,1,0
1118,1472.0,402.0,1,0
1119,1473.0,403.0,1,1
1120,1474.0,403.0,1,0
1121,1475.0,403.0,1,1
1122,1476.0,404.0,1,0
1123,1477.0,404.0,1,0
1124,1479.0,404.0,1,0
1125,1480.0,404.0,1,0
1126,1481.0,404.0,1,1
1127,1482.0,405.0,1,1
1128,1483.0,405.0,1,1
1129,1484.0,406.0,1,0
1130,1485.0,406.0,1,0
1131,1486.0,406.0,1,1
1132,1488.0,407.0,1,0
1133,1489.0,407.0,1,0
1134,1491.0,407.0,1,0
1135,1492.0,408.0,1,1
1136,1494.0,408.0,1,1
1137,1495.0,409.0,1,0
1138,1496.0,409.0,1,1
1139,1497.0,409.0,1,1
1140,1498.0,409.0,1,1
1141,1499.0,410.0,1,0
1142,1500.0,410.0,1,0
1143,1502.0,412.0,1,0
1144,1503.0,412.0,1,0
1145,1504.0,412.0,1,0
1146,1505.0,413.0,1,0
1147,1506.0,413.0,1,0
1148,1507.0,413.0,1,0
1149,1508.0,413.0,1,0
1150,1509.0,413.0,1,0
1151,1510.0,413.0,1,1
1152,1511.0,415.0,1,0
1153,1512.0,415.0,1,1
1154,1514.0,415.0,1,0
1155,1515.0,415.0,1,1
1156,1516.0,415.0,1,0
1157,1517.0,415.0,1,0
1158,1518.0,416.0,1,0
1159,1519.0,416.0,1,0
1160,1520.0,416.0,1,0
1161,1521.0,417.0,1,1
1162,1522.0,418.0,1,0
1163,1523.0,418.0,1,1
1164,1524.0,419.0,1,0
1165,1526.0,419.0,1,1
1166,1527.0,420.0,1,1
1167,1530.0,420.0,1,0
1168,1532.0,420.0,1,0
1169,1533.0,420.0,1,1
1170,1534.0,420.0,1,0
1171,1535.0,420.0,1,1
1172,1536.0,421.0,1,0
1173,1537.0,422.0,1,1
1174,1538.0,422.0,1,1
1175,1539.0,422.0,1,1
1176,1540.0,422.0,1,0
1177,1541.0,423.0,1,0
1178,1542.0,423.0,1,0
1179,1543.0,423.0,1,1
1180,1545.0,424.0,1,1
1181,1546.0,424.0,1,1
1182,1547.0,424.0,1,0
1183,1548.0,424.0,1,1
1184,1549.0,425.0,1,0
1185,1550.0,425.0,1,0
1186,1551.0,425.0,1,1
1187,1553.0,426.0,1,0
1188,1555.0,426.0,1,0
1189,1556.0,426.0,1,0
1190,1557.0,426.0,1,1
1191,1558.0,427.0,1,1
1192,1560.0,427.0,1,1
1193,1562.0,428.0,1,1
1194,1563.0,428.0,1,1
1195,1565.0,429.0,1,0
1196,1566.0,429.0,1,0
1197,1569.0,431.0,1,1
1198,1570.0,431.0,1,0
1199,1571.0,431.0,1,0
1200,1572.0,431.0,1,0
1201,1573.0,431.0,1,1
1202,1574.0,431.0,1,1
1203,1575.0,432.0,1,0
1204,1576.0,432.0,1,0
1205,1577.0,433.0,1,0
1206,1578.0,433.0,1,0
1207,1579.0,433.0,1,1
1208,1580.0,434.0,1,1
1209,1583.0,435.0,1,0
1210,1585.0,435.0,1,0
1211,1586.0,437.0,1,1
1212,1587.0,437.0,1,0
1213,1588.0,437.0,1,0
1214,1589.0,437.0,1,1
1215,1590.0,437.0,1,1
1216,1591.0,438.0,1,1
1217,1594.0,439.0,1,1
1218,1595.0,439.0,1,0
1219,1596.0,439.0,1,0
1220,1597.0,439.0,1,0
1221,1598.0,440.0,1,0
1222,1599.0,440.0,1,1
1223,1600.0,441.0,1,0
1224,1601.0,441.0,1,0
1225,1602.0,441.0,1,1
1226,1603.0,441.0,1,0
1227,1605.0,442.0,1,0
1228,1606.0,442.0,1,0
1229,1607.0,442.0,1,0
1230,1608.0,443.0,1,1
1231,1609.0,443.0,1,0
1232,1610.0,444.0,1,0
1233,1611.0,446.0,1,0
1234,1613.0,447.0,1,0
1235,1614.0,447.0,1,0
1236,1615.0,447.0,1,0
1237,1616.0,448.0,1,0
1238,1618.0,449.0,1,1
1239,1619.0,449.0,1,1
1240,1620.0,449.0,1,0
1241,1621.0,451.0,1,1
1242,1622.0,451.0,1,1
1243,1624.0,452.0,1,0
1244,1625.0,453.0,1,0
1245,1626.0,453.0,1,0
1246,1627.0,453.0,1,1
1247,1628.0,454.0,1,0
1248,1629.0,455.0,1,0
1249,1631.0,455.0,1,0
1250,1632.0,456.0,1,0
1251,1634.0,457.0,1,1
1252,1635.0,457.0,1,1
1253,1637.0,457.0,1,1
1254,1639.0,457.0,1,0
1255,1641.0,458.0,1,0
1256,1643.0,458.0,1,0
1257,1645.0,459.0,1,0
1258,1647.0,459.0,1,0
1259,1648.0,459.0,1,1
1260,1649.0,459.0,1,0
1261,1651.0,459.0,1,1
1262,1652.0,461.0,1,1
1263,1654.0,461.0,1,1
1264,1656.0,461.0,1,1
1265,1657.0,461.0,1,0
1266,1658.0,461.0,1,0
1267,1659.0,461.0,1,0
1268,1660.0,461.0,1,0
1269,1661.0,462.0,1,0
1270,1662.0,462.0,1,1
1271,1663.0,462.0,1,0
1272,1664.0,462.0,1,1
1273,1669.0,463.0,1,0
1274,1670.0,463.0,1,1
1275,1671.0,464.0,1,0
1276,1672.0,464.0,1,0
1277,1673.0,464.0,1,0
1278,1674.0,464.0,1,0
1279,1675.0,464.0,1,0
1280,1676.0,466.0,1,0
1281,1677.0,466.0,1,1
1282,1678.0,466.0,1,1
1283,1680.0,467.0,1,0
1284,1681.0,467.0,1,1
1285,1682.0,468.0,1,0
1286,1685.0,470.0,1,1
1287,1686.0,470.0,1,0
1288,1687.0,470.0,1,0
1289,1688.0,471.0,1,1
1290,1689.0,471.0,1,1
1291,1691.0,471.0,1,0
1292,1692.0,472.0,1,0
1293,1693.0,472.0,1,0
1294,1694.0,472.0,1,0
1295,1695.0,472.0,1,1
1296,1696.0,472.0,1,0
1297,1697.0,472.0,1,1
1298,1699.0,473.0,1,1
1299,1700.0,474.0,1,1
1300,1701.0,474.0,1,1
1301,1703.0,474.0,1,0
1302,1707.0,475.0,1,1
1303,1708.0,475.0,1,0
1304,1709.0,475.0,1,1
1305,1711.0,475.0,1,1
1306,1712.0,475.0,1,0
1307,1713.0,475.0,1,1
1308,1715.0,475.0,1,1
1309,1717.0,476.0,1,0
1310,1718.0,477.0,1,1
1311,1719.0,477.0,1,0
1312,1720.0,477.0,1,0
1313,1721.0,477.0,1,0
1314,1722.0,477.0,1,1
1315,1723.0,478.0,1,1
1316,1725.0,478.0,1,0
1317,1726.0,478.0,1,1
1318,1727.0,478.0,1,1
1319,1728.0,478.0,1,0
1320,1729.0,479.0,1,1
1321,1731.0,480.0,1,1
1322,1733.0,480.0,1,0
1323,1734.0,480.0,1,0
1324,1735.0,480.0,1,0
1325,1736.0,480.0,1,1
1326,1737.0,481.0,1,0
1327,1738.0,481.0,1,0
1328,1739.0,481.0,1,1
1329,1740.0,481.0,1,0
1330,1741.0,482.0,1,0
1331,1742.0,482.0,1,0
1332,1743.0,482.0,1,0
1333,1744.0,482.0,1,0
1334,1745.0,483.0,1,1
1335,1746.0,483.0,1,1
1336,1747.0,484.0,1,0
1337,1748.0,485.0,1,1
1338,1749.0,485.0,1,0
1339,1752.0,485.0,1,0
1340,1754.0,485.0,1,1
1341,1755.0,486.0,1,0
1342,1756.0,486.0,1,1
1343,1757.0,486.0,1,1
1344,1760.0,486.0,1,0
1345,1763.0,488.0,1,1
1346,1764.0,489.0,1,1
1347,1765.0,490.0,1,1
1348,1766.0,491.0,1,1
1349,1767.0,492.0,1,1
1350,1768.0,492.0,1,0
1351,1769.0,493.0,1,0
1352,1770.0,493.0,1,0
1353,1771.0,493.0,1,0
1354,1773.0,493.0,1,0
1355,1774.0,493.0,1,0
1356,1775.0,493.0,1,0
1357,1777.0,494.0,1,0
1358,1779.0,494.0,1,1
1359,1780.0,495.0,1,0
1360,1781.0,495.0,1,0
1361,1782.0,495.0,1,1
1362,1783.0,496.0,1,0
1363,1785.0,497.0,1,0
1364,1786.0,497.0,1,0
1365,1788.0,497.0,1,1
1366,1790.0,497.0,1,0
1367,1791.0,497.0,1,1
1368,1792.0,497.0,1,0
1369,1794.0,499.0,1,0
1370,1795.0,499.0,1,0
1371,1796.0,500.0,1,1
1372,1798.0,500.0,1,0
1373,1799.0,500.0,1,1
1374,1800.0,500.0,1,0
1375,1802.0,501.0,1,1
1376,1804.0,501.0,1,0
1377,1805.0,503.0,1,0
1378,1807.0,503.0,1,0
1379,1808.0,504.0,1,0
1380,1809.0,504.0,1,0
1381,1810.0,504.0,1,1
1382,1811.0,505.0,1,0
1383,1813.0,505.0,1,0
1384,1814.0,505.0,1,0
1385,1815.0,506.0,1,0
1386,1816.0,506.0,1,0
1387,1818.0,507.0,1,1
1388,1820.0,508.0,1,0
1389,1821.0,508.0,1,0
1390,1823.0,509.0,1,1
1391,1824.0,509.0,1,0
1392,1826.0,510.0,1,0
1393,1827.0,512.0,1,1
1394,1828.0,512.0,1,0
1395,1829.0,512.0,1,0
1396,1830.0,512.0,1,1
1397,1832.0,513.0,1,0
1398,1833.0,513.0,1,0
1399,1834.0,514.0,1,1
1400,1835.0,514.0,1,0
1401,1836.0,514.0,1,0
1402,1837.0,515.0,1,0
1403,1838.0,515.0,1,0
1404,1839.0,515.0,1,0
1405,1840.0,515.0,1,0
1406,1843.0,515.0,1,0
1407,1844.0,516.0,1,0
1408,1845.0,516.0,1,0
1409,1847.0,516.0,1,0
1410,1850.0,517.0,1,0
1411,1851.0,518.0,1,0
1412,1852.0,518.0,1,0
1413,1853.0,518.0,1,0
1414,1854.0,519.0,1,1
1415,1855.0,519.0,1,0
1416,1857.0,519.0,1,1
1417,1858.0,520.0,1,0
1418,1859.0,520.0,1,0
1419,1860.0,520.0,1,1
1420,1861.0,521.0,1,0
1421,1862.0,521.0,1,0
1422,1863.0,521.0,1,0
1423,1864.0,521.0,1,1
1424,1867.0,522.0,1,1
1425,1868.0,522.0,1,0
1426,1869.0,522.0,1,1
1427,1870.0,522.0,1,1
1428,1874.0,523.0,1,1
1429,1875.0,523.0,1,1
1430,1876.0,523.0,1,0
1431,1877.0,523.0,1,1
1432,1878.0,523.0,1,1
1433,1880.0,525.0,1,0
1434,1881.0,525.0,1,0
1435,1882.0,526.0,1,0
1436,1884.0,527.0,1,1
1437,1885.0,527.0,1,0
1438,1888.0,528.0,1,0
1439,1889.0,528.0,1,0
1440,1890.0,528.0,1,0
1441,1891.0,528.0,1,0
1442,1892.0,528.0,1,0
1443,1893.0,528.0,1,1
1444,1894.0,528.0,1,1
1445,1895.0,528.0,1,1
1446,1896.0,529.0,1,0
1447,1897.0,529.0,1,0
1448,1898.0,529.0,1,1
1449,1899.0,529.0,1,1
1450,1900.0,529.0,1,1
1451,1902.0,530.0,1,0
1452,1904.0,530.0,1,0
1453,1905.0,530.0,1,0
1454,1906.0,531.0,1,0
1455,1907.0,531.0,1,0
1456,1908.0,531.0,1,0
1457,1909.0,531.0,1,0
1458,1910.0,532.0,1,0
1459,1912.0,532.0,1,1
1460,1913.0,533.0,1,1
1461,1914.0,533.0,1,0
1462,1915.0,533.0,1,1
1463,1916.0,533.0,1,1
1464,1917.0,533.0,1,0
1465,1918.0,533.0,1,0
1466,1919.0,534.0,1,1
1467,1923.0,537.0,1,0
1468,1924.0,537.0,1,0
1469,1926.0,538.0,1,0
1470,1927.0,538.0,1,0
1471,1928.0,538.0,1,1
1472,1929.0,539.0,1,0
1473,1930.0,539.0,1,0
1474,1932.0,539.0,1,1
1475,1933.0,539.0,1,0
1476,1934.0,539.0,1,0
1477,1935.0,539.0,1,0
1478,1936.0,540.0,1,1
1479,1937.0,540.0,1,0
1480,1939.0,540.0,1,1
1481,1940.0,540.0,1,0
1482,1941.0,540.0,1,0
1483,1942.0,540.0,1,0
1484,1943.0,541.0,1,1
1485,1944.0,541.0,1,0
1486,1945.0,542.0,1,1
1487,1947.0,542.0,1,1
1488,1950.0,545.0,1,0
1489,1951.0,546.0,1,0
1490,1953.0,546.0,1,1
1491,1954.0,546.0,1,0
1492,1955.0,547.0,1,1
1493,1957.0,547.0,1,0
1494,1958.0,547.0,1,0
1495,1959.0,547.0,1,0
1496,1960.0,547.0,1,0
1497,1961.0,547.0,1,0
1498,1962.0,547.0,1,0
1499,1963.0,547.0,1,1
1500,1964.0,547.0,1,0
1501,1965.0,548.0,1,0
1502,1966.0,548.0,1,0
1503,1967.0,549.0,1,1
1504,1968.0,550.0,1,0
1505,1969.0,550.0,1,0
1506,1970.0,551.0,1,1
1507,1971.0,551.0,1,0
1508,1973.0,551.0,1,1
1509,1974.0,551.0,1,0
1510,1975.0,552.0,1,0
1511,1976.0,552.0,1,0
1512,1977.0,552.0,1,1
1513,1978.0,552.0,1,1
1514,1979.0,553.0,1,0
1515,1980.0,553.0,1,0
1516,1981.0,553.0,1,0
1517,1983.0,554.0,1,0
1518,1984.0,554.0,1,1
1519,1985.0,554.0,1,0
1520,1986.0,555.0,1,0
1521,1988.0,556.0,1,0
1522,1990.0,557.0,1,1
1523,1991.0,557.0,1,0
1524,1992.0,558.0,1,0
1525,1993.0,559.0,1,0
1526,1994.0,559.0,1,1
1527,1996.0,559.0,1,0
1528,1998.0,560.0,1,1
1529,1999.0,561.0,1,1
1530,2003.0,562.0,1,1
1531,2004.0,562.0,1,0
1532,2005.0,562.0,1,0
1533,2008.0,563.0,1,0
1534,2009.0,564.0,1,1
1535,2010.0,564.0,1,1
1536,2012.0,564.0,1,0
1537,2013.0,564.0,1,1
1538,2015.0,564.0,1,0
1539,2017.0,565.0,1,0
1540,2018.0,566.0,1,0
1541,2019.0,566.0,1,1
1542,2020.0,566.0,1,1
1543,2022.0,566.0,1,1
1544,2023.0,566.0,1,0
1545,2024.0,568.0,1,1
1546,2025.0,568.0,1,0
1547,2026.0,569.0,1,1
1548,2028.0,569.0,1,0
1549,2029.0,569.0,1,0
1550,2030.0,569.0,1,0
1551,2032.0,569.0,1,0
1552,2033.0,570.0,1,1
1553,2034.0,570.0,1,0
1554,2035.0,570.0,1,0
1555,2039.0,572.0,1,0
1556,2042.0,573.0,1,0
1557,2043.0,573.0,1,1
1558,2044.0,573.0,1,0
1559,2045.0,573.0,1,0
1560,2046.0,573.0,1,0
1561,2047.0,574.0,1,1
1562,2048.0,574.0,1,0
1563,2050.0,575.0,1,0
1564,2052.0,576.0,1,0
1565,2053.0,576.0,1,1
1566,2056.0,577.0,1,1
1567,2057.0,577.0,1,0
1568,2058.0,577.0,1,0
1569,2059.0,577.0,1,0
1570,2060.0,577.0,1,0
1571,2061.0,578.0,1,0
1572,2063.0,578.0,1,1
1573,2066.0,578.0,1,0
1574,2067.0,578.0,1,0
1575,2068.0,578.0,1,0
1576,2069.0,578.0,1,0
1577,2071.0,578.0,1,0
1578,2072.0,579.0,1,0
1579,2073.0,579.0,1,1
1580,2074.0,579.0,1,0
1581,2075.0,579.0,1,0
1582,2076.0,580.0,1,1
1583,2078.0,582.0,1,0
1584,2079.0,582.0,1,0
1585,2080.0,582.0,1,0
1586,2081.0,582.0,1,0
1587,2082.0,582.0,1,0
1588,2083.0,582.0,1,0
1589,2084.0,582.0,1,0
1590,2086.0,583.0,1,1
1591,2087.0,583.0,1,0
1592,2088.0,583.0,1,0
1593,2089.0,583.0,1,0
1594,2090.0,583.0,1,1
1595,2091.0,583.0,1,0
1596,2092.0,583.0,1,0
1597,2093.0,583.0,1,0
1598,2094.0,584.0,1,1
1599,2096.0,584.0,1,0
1600,2099.0,586.0,1,0
1601,2100.0,586.0,1,1
1602,2102.0,586.0,1,0
1603,2103.0,586.0,1,1
1604,2104.0,587.0,1,1
1605,2105.0,587.0,1,0
1606,2106.0,587.0,1,0
1607,2108.0,588.0,1,0
1608,2109.0,588.0,1,1
1609,2110.0,588.0,1,0
1610,2111.0,588.0,1,0
1611,2112.0,589.0,1,1
1612,2113.0,589.0,1,1
1613,2116.0,592.0,1,0
1614,2117.0,592.0,1,1
1615,2120.0,593.0,1,1
1616,2121.0,593.0,1,0
1617,2122.0,594.0,1,1
1618,2123.0,594.0,1,1
1619,2124.0,594.0,1,0
1620,2125.0,595.0,1,0
1621,2127.0,596.0,1,0
1622,2128.0,596.0,1,0
1623,2129.0,596.0,1,1
1624,2130.0,597.0,1,0
1625,2131.0,597.0,1,1
1626,2133.0,598.0,1,0
1627,2134.0,598.0,1,0
1628,2136.0,598.0,1,1
1629,2137.0,598.0,1,0
1630,2139.0,599.0,1,1
1631,2140.0,599.0,1,1
1632,2141.0,599.0,1,0
1633,2142.0,599.0,1,0
1634,2145.0,601.0,1,1
1635,2146.0,601.0,1,0
1636,2148.0,602.0,1,0
1637,2149.0,602.0,1,0
1638,2150.0,603.0,1,1
1639,2151.0,603.0,1,1
1640,2152.0,603.0,1,0
1641,2153.0,603.0,1,1
1642,2154.0,604.0,1,1
1643,2157.0,604.0,1,0
1644,2159.0,604.0,1,1
1645,2162.0,605.0,1,1
1646,2163.0,605.0,1,0
1647,2164.0,605.0,1,1
1648,2165.0,606.0,1,1
1649,2166.0,606.0,1,0
1650,2168.0,606.0,1,1
1651,2169.0,607.0,1,1
1652,2170.0,607.0,1,0
1653,2171.0,607.0,1,1
1654,2173.0,608.0,1,0
1655,2174.0,609.0,1,0
1656,2175.0,609.0,1,0
1657,2176.0,609.0,1,1
1658,2178.0,609.0,1,1
1659,2179.0,609.0,1,0
1660,2182.0,610.0,1,0
1661,2183.0,611.0,1,0
1662,2184.0,612.0,1,0
1663,2185.0,612.0,1,0
1664,2186.0,612.0,1,0
1665,2188.0,613.0,1,0
1666,2190.0,614.0,1,0
1667,2191.0,615.0,1,0
1668,2192.0,615.0,1,1
1669,2194.0,616.0,1,1
1670,2195.0,616.0,1,1
1671,2196.0,617.0,1,0
1672,2198.0,617.0,1,0
1673,2199.0,617.0,1,1
1674,2200.0,617.0,1,0
1675,2201.0,618.0,1,0
1676,2202.0,618.0,1,0
1677,2203.0,618.0,1,0
1678,2204.0,618.0,1,0
1679,2205.0,618.0,1,1
1680,2206.0,619.0,1,0
1681,2207.0,619.0,1,1
1682,2208.0,619.0,1,1
1683,2210.0,619.0,1,0
1684,2212.0,620.0,1,0
1685,2213.0,620.0,1,0
1686,2214.0,621.0,1,0
1687,2215.0,621.0,1,0
1688,2218.0,622.0,1,0
1689,2219.0,622.0,1,1
1690,2221.0,623.0,1,0
1691,2223.0,623.0,1,1
1692,2226.0,623.0,1,0
1693,2227.0,623.0,1,1
1694,2230.0,624.0,1,0
1695,2231.0,624.0,1,1
1696,2232.0,625.0,1,1
1697,2233.0,626.0,1,0
1698,2235.0,626.0,1,0
1699,2236.0,626.0,1,1
1700,2237.0,626.0,1,0
1701,2238.0,626.0,1,0
1702,2241.0,627.0,1,0
1703,2245.0,628.0,1,0
1704,2246.0,628.0,1,0
1705,2247.0,629.0,1,1
1706,2248.0,629.0,1,0
1707,2250.0,630.0,1,1
1708,2251.0,630.0,1,0
1709,2252.0,630.0,1,1
1710,2254.0,632.0,1,0
1711,2255.0,632.0,1,1
1712,2256.0,633.0,1,1
1713,2257.0,633.0,1,0
1714,2260.0,635.0,1,1
1715,2261.0,636.0,1,0
1716,2263.0,637.0,1,0
1717,2264.0,638.0,1,0
1718,2266.0,639.0,1,0
1719,2267.0,639.0,1,0
1720,2268.0,640.0,1,0
1721,2269.0,640.0,1,0
1722,2270.0,640.0,1,0
1723,2271.0,640.0,1,0
1724,2272.0,640.0,1,1
1725,2273.0,640.0,1,0
1726,2274.0,641.0,1,1
1727,2275.0,641.0,1,0
1728,2276.0,641.0,1,0
1729,2277.0,642.0,1,0
1730,2279.0,643.0,1,1
1731,2281.0,643.0,1,0
1732,2283.0,644.0,1,1
1733,2284.0,644.0,1,0
1734,2285.0,644.0,1,0
1735,2286.0,644.0,1,0
1736,2288.0,645.0,1,1
1737,2289.0,647.0,1,0
1738,2290.0,647.0,1,0
1739,2291.0,649.0,1,1
1740,2292.0,650.0,1,0
1741,2294.0,650.0,1,0
1742,2296.0,650.0,1,1
1743,2297.0,650.0,1,0
1744,2298.0,650.0,1,0
1745,2299.0,651.0,1,0
1746,2300.0,651.0,1,0
1747,2302.0,651.0,1,0
1748,2303.0,651.0,1,0
1749,2305.0,653.0,1,0
1750,2307.0,653.0,1,0
1751,2308.0,654.0,1,1
1752,2310.0,654.0,1,0
1753,2311.0,654.0,1,1
1754,2312.0,654.0,1,0
1755,2313.0,654.0,1,0
1756,2314.0,655.0,1,0
1757,2316.0,655.0,1,0
1758,2319.0,656.0,1,0
1759,2320.0,656.0,1,0
1760,2321.0,656.0,1,1
1761,2322.0,656.0,1,1
1762,2323.0,656.0,1,0
1763,2324.0,657.0,1,0
1764,2326.0,657.0,1,0
1765,2328.0,658.0,1,1
1766,2329.0,658.0,1,1
1767,2330.0,658.0,1,0
1768,2331.0,658.0,1,0
1769,2335.0,660.0,1,1
1770,2336.0,660.0,1,0
1771,2337.0,660.0,1,1
1772,2339.0,662.0,1,0
1773,2340.0,663.0,1,0
1774,2341.0,663.0,1,0
1775,2342.0,664.0,1,1
1776,2343.0,664.0,1,0
1777,2346.0,665.0,1,0
1778,2347.0,665.0,1,0
1779,2348.0,665.0,1,1
1780,2349.0,666.0,1,0
1781,2350.0,666.0,1,1
1782,2353.0,666.0,1,0
1783,2354.0,666.0,1,1
1784,2355.0,667.0,1,0
1785,2356.0,667.0,1,0
1786,2357.0,667.0,1,0
1787,2358.0,667.0,1,0
1788,2360.0,667.0,1,0
1789,2361.0,668.0,1,1
1790,2363.0,668.0,1,0
1791,2364.0,668.0,1,0
1792,2366.0,668.0,1,1
1793,2367.0,668.0,1,0
1794,2368.0,668.0,1,1
1795,2369.0,669.0,1,0
1796,2372.0,669.0,1,0
1797,2373.0,669.0,1,0
1798,2374.0,669.0,1,0
1799,2375.0,671.0,1,0
1800,2376.0,671.0,1,1
1801,2377.0,671.0,1,0
1802,2378.0,671.0,1,0
1803,2379.0,671.0,1,1
1804,2380.0,671.0,1,0
1805,2381.0,671.0,1,1
1806,2383.0,672.0,1,0
1807,2385.0,672.0,1,0
1808,2387.0,673.0,1,0
1809,2388.0,673.0,1,1
1810,2389.0,673.0,1,0
1811,2390.0,673.0,1,1
1812,2391.0,673.0,1,0
1813,2392.0,674.0,1,0
1814,2393.0,674.0,1,0
1815,2394.0,674.0,1,0
1816,2396.0,674.0,1,1
1817,2397.0,675.0,1,1
1818,2398.0,675.0,1,1
1819,2399.0,675.0,1,1
1820,2400.0,676.0,1,0
1821,2401.0,676.0,1,1
1822,2402.0,676.0,1,0
1823,2403.0,676.0,1,0
1824,2404.0,676.0,1,0
1825,2405.0,677.0,1,0
1826,2406.0,677.0,1,1
1827,2407.0,677.0,1,1
1828,2408.0,677.0,1,1
1829,2409.0,677.0,1,0
1830,2410.0,678.0,1,0
1831,2411.0,678.0,1,0
1832,2412.0,678.0,1,0
1833,2414.0,678.0,1,0
1834,2415.0,679.0,1,0
1835,2416.0,679.0,1,0
1836,2417.0,680.0,1,0
1837,2418.0,680.0,1,0
1838,2419.0,680.0,1,1
1839,2422.0,682.0,1,0
1840,2424.0,683.0,1,0
1841,2425.0,684.0,1,0
1842,2426.0,684.0,1,1
1843,2428.0,686.0,1,0
1844,2430.0,687.0,1,0
1845,2431.0,687.0,1,1
1846,2432.0,687.0,1,0
1847,2433.0,687.0,1,0
1848,2434.0,688.0,1,0
1849,2437.0,689.0,1,0
1850,2438.0,689.0,1,0
1851,2439.0,689.0,1,0
1852,2440.0,689.0,1,0
1853,2441.0,690.0,1,0
1854,2442.0,690.0,1,1
1855,2443.0,690.0,1,1
1856,2444.0,691.0,1,1
1857,2445.0,691.0,1,1
1858,2447.0,691.0,1,0
1859,2451.0,694.0,1,0
1860,2452.0,695.0,1,1
1861,2453.0,695.0,1,1
1862,2454.0,695.0,1,0
1863,2456.0,695.0,1,1
1864,2458.0,696.0,1,0
1865,2459.0,697.0,1,0
1866,2460.0,697.0,1,1
1867,2461.0,697.0,1,1
1868,2462.0,697.0,1,0
1869,2463.0,697.0,1,1
1870,2465.0,697.0,1,1
1871,2466.0,697.0,1,0
1872,2467.0,699.0,1,0
1873,2468.0,700.0,1,0
1874,2469.0,700.0,1,0
1875,2470.0,700.0,1,0
1876,2472.0,700.0,1,1
1877,2473.0,702.0,1,1
1878,2474.0,702.0,1,0
1879,2475.0,702.0,1,0
1880,2479.0,704.0,1,0
1881,2480.0,704.0,1,0
1882,2481.0,704.0,1,0
1883,2482.0,704.0,1,1
1884,2483.0,704.0,1,1
1885,2485.0,704.0,1,1
1886,2486.0,704.0,1,0
1887,2487.0,704.0,1,1
1888,2488.0,704.0,1,0
1889,2489.0,704.0,1,1
1890,2490.0,704.0,1,1
1891,2494.0,707.0,1,1
1892,2495.0,708.0,1,0
1893,2496.0,708.0,1,1
1894,2497.0,708.0,1,0
1895,2498.0,708.0,1,0
1896,2499.0,709.0,1,0
1897,2500.0,710.0,1,1
1898,2501.0,710.0,1,0
1899,2502.0,711.0,1,1
1900,2503.0,711.0,1,1
1901,2504.0,711.0,1,1
1902,2505.0,711.0,1,0
1903,2506.0,711.0,1,0
1904,2507.0,711.0,1,0
1905,2510.0,712.0,1,1
1906,2512.0,713.0,1,0
1907,2513.0,714.0,1,0
1908,2514.0,714.0,1,1
1909,2515.0,714.0,1,1
1910,2516.0,714.0,1,0
1911,2517.0,714.0,1,1
1912,2518.0,714.0,1,1
1913,2519.0,715.0,1,0
1914,2520.0,715.0,1,0
1915,2522.0,715.0,1,1
1916,2523.0,716.0,1,0
1917,2526.0,716.0,1,1
1918,2527.0,717.0,1,0
1919,2529.0,718.0,1,0
1920,2530.0,718.0,1,0
1921,2531.0,719.0,1,0
1922,2534.0,720.0,1,0
1923,2535.0,720.0,1,0
1924,2536.0,720.0,1,0
1925,2537.0,722.0,1,0
1926,2538.0,722.0,1,1
1927,2539.0,722.0,1,1
1928,2540.0,722.0,1,1
1929,2542.0,724.0,1,0
1930,2543.0,724.0,1,1
1931,2544.0,724.0,1,0
1932,2546.0,725.0,1,0
1933,2547.0,725.0,1,1
1934,2548.0,725.0,1,0
1935,2550.0,726.0,1,1
1936,2551.0,726.0,1,0
1937,2554.0,726.0,1,0
1938,2555.0,727.0,1,0
1939,2556.0,727.0,1,0
1940,2557.0,728.0,1,0
1941,2558.0,728.0,1,1
1942,2559.0,728.0,1,0
1943,2560.0,728.0,1,1
1944,2562.0,729.0,1,0
1945,2563.0,729.0,1,1
1946,2564.0,729.0,1,0
1947,2568.0,730.0,1,1
1948,2569.0,730.0,1,0
1949,2570.0,731.0,1,0
1950,2571.0,731.0,1,0
1951,2572.0,731.0,1,0
1952,2573.0,731.0,1,1
1953,2574.0,732.0,1,1
1954,2575.0,732.0,1,1
1955,2576.0,732.0,1,1
1956,2577.0,732.0,1,0
1957,2578.0,733.0,1,1
1958,2581.0,734.0,1,0
1959,2582.0,734.0,1,1
1960,2583.0,734.0,1,1
1961,2584.0,734.0,1,0
1962,2585.0,734.0,1,1
1963,2587.0,735.0,1,1
1964,2588.0,735.0,1,0
1965,2589.0,735.0,1,0
1966,2590.0,735.0,1,0
1967,2592.0,735.0,1,1
1968,2593.0,735.0,1,1
1969,2594.0,736.0,1,0
1970,2596.0,736.0,1,1
1971,2597.0,736.0,1,0
1972,2599.0,737.0,1,0
1973,2602.0,737.0,1,0
1974,2603.0,737.0,1,0
1975,2606.0,738.0,1,0
1976,2607.0,738.0,1,1
1977,2609.0,739.0,1,0
1978,2610.0,739.0,1,0
1979,2613.0,740.0,1,0
1980,2614.0,740.0,1,0
1981,2615.0,740.0,1,0
1982,2616.0,741.0,1,0
1983,2617.0,743.0,1,1
1984,2618.0,743.0,1,0
1985,2620.0,744.0,1,0
1986,2621.0,744.0,1,0
1987,2622.0,744.0,1,0
1988,2625.0,745.0,1,1
1989,2626.0,745.0,1,0
1990,2627.0,745.0,1,0
1991,2630.0,746.0,1,0
1992,2631.0,748.0,1,0
1993,2636.0,748.0,1,1
1994,2637.0,749.0,1,0
1995,2639.0,750.0,1,0
1996,2641.0,750.0,1,0
1997,2642.0,751.0,1,0
1998,2643.0,751.0,1,0
1999,2644.0,751.0,1,1
2000,2645.0,751.0,1,1
2001,2646.0,751.0,1,0
2002,2647.0,752.0,1,0
2003,2648.0,752.0,1,1
2004,2650.0,752.0,1,0
2005,2651.0,753.0,1,0
2006,2652.0,753.0,1,1
2007,2653.0,753.0,1,1
2008,2655.0,753.0,1,1
2009,2656.0,754.0,1,1
2010,2658.0,754.0,1,0
2011,2660.0,754.0,1,0
2012,2661.0,755.0,1,0
2013,2664.0,755.0,1,1
2014,2665.0,756.0,1,0
2015,2666.0,756.0,1,1
2016,2668.0,756.0,1,0
2017,2670.0,759.0,1,1
2018,2672.0,759.0,1,1
2019,2673.0,760.0,1,0
2020,2674.0,760.0,1,0
2021,2675.0,760.0,1,1
2022,2676.0,760.0,1,1
2023,2678.0,761.0,1,0
2024,2679.0,761.0,1,0
2025,2680.0,761.0,1,1
2026,2681.0,761.0,1,0
2027,2682.0,761.0,1,1
2028,2684.0,763.0,1,0
2029,2685.0,763.0,1,1
2030,2687.0,763.0,1,1
2031,2688.0,764.0,1,0
2032,2689.0,765.0,1,1
2033,2690.0,765.0,1,0
2034,2692.0,765.0,1,0
2035,2693.0,766.0,1,0
2036,2694.0,766.0,1,0
2037,2695.0,767.0,1,0
2038,2697.0,768.0,1,1
2039,2699.0,769.0,1,1
2040,2701.0,769.0,1,0
2041,2702.0,770.0,1,0
2042,2703.0,770.0,1,1
2043,2704.0,770.0,1,0
2044,2706.0,770.0,1,0
2045,2707.0,770.0,1,0
2046,2710.0,772.0,1,0
2047,2711.0,773.0,1,0
2048,2712.0,773.0,1,0
2049,2713.0,773.0,1,1
2050,2714.0,773.0,1,0
2051,2715.0,774.0,1,0
2052,2717.0,774.0,1,0
2053,2718.0,775.0,1,0
2054,2719.0,775.0,1,0
2055,2720.0,775.0,1,0
2056,2721.0,775.0,1,1
2057,2722.0,775.0,1,0
2058,2723.0,776.0,1,1
2059,2724.0,776.0,1,1
2060,2725.0,777.0,1,1
2061,2726.0,777.0,1,0
2062,2727.0,777.0,1,0
2063,2728.0,777.0,1,0
2064,2730.0,778.0,1,0
2065,2731.0,779.0,1,0
2066,2732.0,779.0,1,1
2067,2733.0,780.0,1,0
2068,2735.0,780.0,1,0
2069,2736.0,780.0,1,1
2070,2737.0,781.0,1,1
2071,2738.0,781.0,1,1
2072,2739.0,782.0,1,1
2073,2740.0,783.0,1,0
2074,2741.0,783.0,1,1
2075,2743.0,783.0,1,0
2076,2744.0,784.0,1,1
2077,2745.0,785.0,1,0
2078,2747.0,785.0,1,0
2079,2748.0,785.0,1,0
2080,2749.0,786.0,1,0
2081,2750.0,787.0,1,0
2082,2751.0,787.0,1,0
2083,2752.0,787.0,1,1
2084,2753.0,788.0,1,0
2085,2754.0,788.0,1,0
2086,2755.0,789.0,1,0
2087,2756.0,789.0,1,0
2088,2757.0,789.0,1,0
2089,2758.0,789.0,1,1
2090,2759.0,790.0,1,1
2091,2760.0,790.0,1,0
2092,2762.0,790.0,1,1
2093,2763.0,790.0,1,0
2094,2764.0,790.0,1,0
2095,2765.0,791.0,1,1
2096,2766.0,791.0,1,0
2097,2767.0,792.0,1,0
2098,2768.0,792.0,1,1
2099,2769.0,792.0,1,1
2100,2770.0,792.0,1,0
2101,2772.0,792.0,1,0
2102,2773.0,792.0,1,0
2103,2774.0,792.0,1,1
2104,2775.0,792.0,1,1
2105,2776.0,792.0,1,0
2106,2777.0,794.0,1,1
2107,2778.0,794.0,1,0
2108,2781.0,795.0,1,0
2109,2782.0,795.0,1,1
2110,2786.0,795.0,1,1
2111,2787.0,795.0,1,0
2112,2789.0,795.0,1,0
2113,2792.0,798.0,1,0
2114,2793.0,798.0,1,0
2115,2794.0,798.0,1,1
2116,2795.0,798.0,1,1
2117,2798.0,800.0,1,1
2118,2799.0,801.0,1,1
2119,2800.0,802.0,1,0
2120,2803.0,803.0,1,0
2121,2805.0,803.0,1,1
2122,2806.0,804.0,1,0
2123,2807.0,804.0,1,0
2124,2808.0,804.0,1,1
2125,2810.0,805.0,1,1
2126,2811.0,805.0,1,1
2127,2812.0,805.0,1,0
2128,2814.0,805.0,1,0
2129,2815.0,805.0,1,1
2130,2816.0,807.0,1,1
2131,2817.0,809.0,1,0
2132,2819.0,810.0,1,0
2133,2820.0,810.0,1,0
2134,2821.0,810.0,1,0
2135,2822.0,811.0,1,1
2136,2823.0,812.0,1,0
2137,2825.0,812.0,1,0
2138,2827.0,812.0,1,0
2139,2828.0,813.0,1,1
2140,2829.0,813.0,1,1
2141,2830.0,813.0,1,0
2142,2831.0,813.0,1,1
2143,2833.0,814.0,1,0
2144,2834.0,814.0,1,0
2145,2835.0,815.0,1,1
2146,2837.0,815.0,1,1
2147,2839.0,815.0,1,0
2148,2841.0,816.0,1,0
2149,2842.0,816.0,1,0
2150,2843.0,817.0,1,0
2151,2844.0,817.0,1,0
2152,2845.0,817.0,1,0
2153,2846.0,817.0,1,1
2154,2847.0,818.0,1,0
2155,2849.0,818.0,1,1
2156,2850.0,819.0,1,1
2157,2851.0,819.0,1,1
2158,2852.0,821.0,1,0
2159,2853.0,821.0,1,1
2160,2854.0,821.0,1,0
2161,2855.0,821.0,1,0
2162,2856.0,821.0,1,0
2163,2857.0,821.0,1,0
2164,2859.0,821.0,1,1
2165,2860.0,821.0,1,0
2166,2861.0,822.0,1,0
2167,2862.0,822.0,1,0
2168,2864.0,823.0,1,1
2169,2866.0,823.0,1,0
2170,2867.0,823.0,1,1
2171,2868.0,823.0,1,0
2172,2871.0,827.0,1,1
2173,2872.0,827.0,1,1
2174,2873.0,828.0,1,1
2175,2874.0,828.0,1,1
2176,2875.0,828.0,1,1
2177,2879.0,828.0,1,1
2178,2880.0,829.0,1,0
2179,2881.0,829.0,1,0
2180,2882.0,830.0,1,1
2181,2883.0,830.0,1,1
2182,2884.0,830.0,1,0
2183,2885.0,830.0,1,0
2184,2886.0,830.0,1,1
2185,2887.0,830.0,1,0
2186,2889.0,831.0,1,0
2187,2890.0,832.0,1,0
2188,2891.0,832.0,1,1
2189,2893.0,832.0,1,0
2190,2896.0,833.0,1,1
2191,2897.0,833.0,1,0
2192,2898.0,833.0,1,1
2193,2899.0,833.0,1,1
2194,2900.0,834.0,1,0
2195,2902.0,834.0,1,1
2196,2905.0,835.0,1,0
2197,2908.0,835.0,1,0
2198,2911.0,836.0,1,0
2199,2912.0,836.0,1,0
2200,2913.0,836.0,1,1
2201,2915.0,836.0,1,1
2202,2916.0,836.0,1,1
2203,2917.0,836.0,1,0
2204,2918.0,836.0,1,0
2205,2919.0,836.0,1,0
2206,2920.0,837.0,1,0
2207,2921.0,837.0,1,0
2208,2924.0,838.0,1,0
2209,2926.0,839.0,1,1
2210,2927.0,839.0,1,0
2211,2929.0,840.0,1,0
2212,2931.0,840.0,1,1
2213,2932.0,840.0,1,1
2214,2933.0,841.0,1,0
2215,2934.0,841.0,1,1
2216,2935.0,841.0,1,1
2217,2937.0,842.0,1,0
2218,2938.0,842.0,1,0
2219,2939.0,843.0,1,0
2220,2940.0,843.0,1,0
2221,2943.0,843.0,1,1
2222,2944.0,843.0,1,0
2223,2945.0,843.0,1,0
2224,2946.0,843.0,1,0
2225,2947.0,844.0,1,0
2226,2948.0,844.0,1,1
2227,2950.0,844.0,1,0
2228,2952.0,844.0,1,1
2229,2954.0,845.0,1,1
2230,2956.0,845.0,1,0
2231,2957.0,845.0,1,0
2232,2958.0,845.0,1,0
2233,2959.0,845.0,1,1
2234,2961.0,845.0,1,1
2235,2962.0,846.0,1,0
2236,2964.0,848.0,1,1
2237,2967.0,849.0,1,0
2238,2968.0,850.0,1,0
2239,2969.0,850.0,1,1
2240,2970.0,850.0,1,0
2241,2971.0,850.0,1,1
2242,2972.0,850.0,1,1
2243,2973.0,851.0,1,0
2244,2974.0,851.0,1,0
2245,2975.0,851.0,1,0
2246,2976.0,851.0,1,1
2247,2977.0,852.0,1,0
2248,2979.0,852.0,1,0
2249,2980.0,852.0,1,1
2250,2981.0,852.0,1,1
2251,2983.0,853.0,1,1
2252,2984.0,853.0,1,0
2253,2985.0,855.0,1,1
2254,2986.0,855.0,1,0
2255,2987.0,855.0,1,1
2256,2988.0,855.0,1,0
2257,2989.0,856.0,1,1
2258,2990.0,856.0,1,0
2259,2991.0,857.0,1,1
2260,2992.0,857.0,1,0
2261,2994.0,858.0,1,1
2262,2995.0,858.0,1,0
2263,2996.0,859.0,1,0
2264,2997.0,859.0,1,1
2265,2998.0,859.0,1,0
2266,3000.0,859.0,1,0
2267,3002.0,862.0,1,0
2268,3003.0,863.0,1,1
2269,3004.0,863.0,1,0
2270,3005.0,863.0,1,0
2271,3007.0,864.0,1,0
2272,3009.0,864.0,1,0
2273,3010.0,865.0,1,1
2274,3011.0,865.0,1,1
2275,3012.0,865.0,1,0
2276,3013.0,866.0,1,0
2277,3017.0,867.0,1,1
2278,3018.0,867.0,1,0
2279,3019.0,867.0,1,0
2280,3020.0,867.0,1,1
2281,3021.0,868.0,1,1
2282,3022.0,868.0,1,1
2283,3023.0,869.0,1,0
2284,3024.0,869.0,1,1
2285,3026.0,870.0,1,1
2286,3027.0,870.0,1,0
2287,3028.0,870.0,1,0
2288,3029.0,871.0,1,0
2289,3030.0,871.0,1,0
2290,3031.0,872.0,1,0
2291,3032.0,873.0,1,0
2292,3033.0,873.0,1,0
2293,3034.0,873.0,1,0
2294,3035.0,873.0,1,0
2295,3036.0,874.0,1,0
2296,3037.0,874.0,1,0
2297,3038.0,874.0,1,1
2298,3039.0,875.0,1,0
2299,3040.0,875.0,1,0
2300,3041.0,876.0,1,0
2301,3043.0,878.0,1,0
2302,3044.0,878.0,1,0
2303,3045.0,879.0,1,0
2304,3047.0,879.0,1,0
2305,3048.0,879.0,1,0
2306,3049.0,879.0,1,0
2307,3050.0,879.0,1,0
2308,3051.0,879.0,1,1
2309,3052.0,879.0,1,0
2310,3053.0,880.0,1,1
2311,3054.0,880.0,1,0
2312,3056.0,880.0,1,1
2313,3059.0,881.0,1,1
2314,3061.0,882.0,1,0
2315,3062.0,882.0,1,0
2316,3063.0,882.0,1,1
2317,3064.0,882.0,1,0
2318,3065.0,882.0,1,1
2319,3066.0,882.0,1,0
2320,3067.0,883.0,1,0
2321,3068.0,883.0,1,0
2322,3069.0,883.0,1,0
2323,3070.0,884.0,1,0
2324,3071.0,884.0,1,1
2325,3075.0,887.0,1,0
2326,3076.0,887.0,1,1
2327,3077.0,889.0,1,0
2328,3078.0,889.0,1,1
2329,3079.0,889.0,1,0
2330,3080.0,890.0,1,1
2331,3081.0,891.0,1,1
2332,3083.0,891.0,1,1
2333,3084.0,891.0,1,0
2334,3085.0,891.0,1,0
2335,3086.0,891.0,1,0
2336,3087.0,891.0,1,1
2337,3088.0,892.0,1,0
2338,3089.0,892.0,1,0
2339,3090.0,892.0,1,0
2340,3091.0,892.0,1,0
2341,3093.0,892.0,1,1
2342,3094.0,892.0,1,0
2343,3098.0,893.0,1,0
2344,3099.0,894.0,1,1
2345,3101.0,894.0,1,0
2346,3102.0,894.0,1,1
2347,3103.0,895.0,1,0
2348,3104.0,895.0,1,1
2349,3105.0,895.0,1,1
2350,3106.0,895.0,1,0
2351,3109.0,895.0,1,0
2352,3110.0,895.0,1,0
2353,3111.0,895.0,1,1
2354,3114.0,896.0,1,1
2355,3116.0,897.0,1,1
2356,3117.0,897.0,1,1
2357,3118.0,897.0,1,1
2358,3119.0,897.0,1,1
2359,3120.0,897.0,1,0
2360,3122.0,898.0,1,0
2361,3124.0,901.0,1,1
2362,3125.0,902.0,1,1
2363,3126.0,902.0,1,0
2364,3127.0,903.0,1,0
2365,3128.0,903.0,1,0
2366,3130.0,904.0,1,0
2367,3132.0,905.0,1,0
2368,3135.0,906.0,1,0
2369,3137.0,906.0,1,0
2370,3138.0,906.0,1,0
2371,3141.0,908.0,1,1
2372,3142.0,908.0,1,0
2373,3143.0,908.0,1,0
2374,3144.0,908.0,1,1
2375,3145.0,909.0,1,0
2376,3146.0,909.0,1,1
2377,3147.0,909.0,1,0
2378,3148.0,909.0,1,1
2379,3150.0,911.0,1,0
2380,3152.0,912.0,1,1
2381,3153.0,912.0,1,1
2382,3154.0,912.0,1,0
2383,3155.0,912.0,1,0
2384,3156.0,912.0,1,0
2385,3157.0,913.0,1,0
2386,3158.0,913.0,1,0
2387,3160.0,913.0,1,0
2388,3161.0,913.0,1,0
2389,3162.0,913.0,1,0
2390,3163.0,914.0,1,1
2391,3164.0,914.0,1,0
2392,3165.0,914.0,1,0
2393,3166.0,914.0,1,1
2394,3167.0,914.0,1,0
2395,3168.0,916.0,1,0
2396,3170.0,916.0,1,0
2397,3172.0,916.0,1,0
2398,3174.0,917.0,1,1
2399,3176.0,918.0,1,0
2400,3177.0,918.0,1,0
2401,3178.0,919.0,1,1
2402,3179.0,919.0,1,1
2403,3180.0,919.0,1,0
2404,3181.0,919.0,1,0
2405,3183.0,920.0,1,1
2406,3185.0,921.0,1,0
2407,3186.0,921.0,1,1
2408,3187.0,922.0,1,0
2409,3188.0,922.0,1,1
2410,3189.0,924.0,1,1
2411,3190.0,925.0,1,1
2412,3191.0,925.0,1,1
2413,3192.0,925.0,1,0
2414,3193.0,926.0,1,1
2415,3194.0,926.0,1,0
2416,3195.0,926.0,1,1
2417,3196.0,926.0,1,1
2418,3198.0,927.0,1,0
2419,3199.0,928.0,1,0
2420,3200.0,928.0,1,0
2421,3202.0,929.0,1,0
2422,3205.0,930.0,1,0
2423,3207.0,930.0,1,1
2424,3208.0,930.0,1,0
2425,3210.0,930.0,1,0
2426,3211.0,930.0,1,1
2427,3212.0,931.0,1,0
2428,3213.0,931.0,1,1
2429,3214.0,931.0,1,0
2430,3215.0,931.0,1,1
2431,3216.0,931.0,1,0
2432,3217.0,932.0,1,0
2433,3218.0,932.0,1,0
2434,3219.0,932.0,1,0
2435,3222.0,934.0,1,0
2436,3223.0,934.0,1,0
2437,3224.0,934.0,1,0
2438,3225.0,935.0,1,1
2439,3226.0,935.0,1,1
2440,3227.0,936.0,1,0
2441,3228.0,936.0,1,0
2442,3229.0,937.0,1,1
2443,3231.0,937.0,1,1
2444,3232.0,937.0,1,0
2445,3233.0,937.0,1,0
2446,3235.0,938.0,1,1
2447,3236.0,938.0,1,0
2448,3238.0,938.0,1,0
2449,3239.0,938.0,1,0
2450,3240.0,939.0,1,0
2451,3241.0,939.0,1,1
2452,3243.0,939.0,1,0
2453,3244.0,939.0,1,0
2454,3245.0,939.0,1,1
2455,3246.0,940.0,1,0
2456,3247.0,940.0,1,1
2457,3250.0,941.0,1,0
2458,3251.0,941.0,1,1
2459,3254.0,942.0,1,0
2460,3255.0,942.0,1,1
2461,3256.0,942.0,1,1
2462,3257.0,942.0,1,0
2463,3258.0,942.0,1,1
2464,3259.0,942.0,1,1
2465,3260.0,942.0,1,0
2466,3262.0,942.0,1,0
2467,3263.0,943.0,1,1
2468,3264.0,943.0,1,0
2469,3267.0,944.0,1,1
2470,3269.0,945.0,1,1
2471,3271.0,946.0,1,0
2472,3273.0,946.0,1,0
2473,3275.0,946.0,1,1
2474,3276.0,946.0,1,0
2475,3277.0,946.0,1,0
2476,3278.0,947.0,1,0
2477,3279.0,947.0,1,0
2478,3280.0,948.0,1,0
2479,3281.0,948.0,1,0
2480,3282.0,948.0,1,0
2481,3283.0,948.0,1,1
2482,3285.0,948.0,1,0
2483,3287.0,948.0,1,0
2484,3288.0,948.0,1,0
2485,3289.0,949.0,1,0
2486,3290.0,950.0,1,0
2487,3291.0,950.0,1,0
2488,3292.0,951.0,1,0
2489,3294.0,952.0,1,0
2490,3295.0,952.0,1,0
2491,3297.0,953.0,1,0
2492,3301.0,955.0,1,1
2493,3302.0,956.0,1,0
2494,3303.0,956.0,1,1
2495,3305.0,957.0,1,0
2496,3306.0,957.0,1,1
2497,3307.0,957.0,1,0
2498,3310.0,957.0,1,0
2499,3311.0,957.0,1,0
2500,3312.0,958.0,1,0
2501,3313.0,958.0,1,1
2502,3314.0,958.0,1,1
2503,3315.0,958.0,1,0
2504,3316.0,959.0,1,1
2505,3320.0,961.0,1,0
2506,3321.0,962.0,1,1
2507,3322.0,962.0,1,1
2508,3323.0,962.0,1,0
2509,3324.0,962.0,1,0
2510,3325.0,964.0,1,1
2511,3326.0,964.0,1,0
2512,3328.0,964.0,1,0
2513,3329.0,964.0,1,0
2514,3330.0,965.0,1,0
2515,3331.0,966.0,1,0
2516,3332.0,966.0,1,0
2517,3333.0,967.0,1,1
2518,3334.0,968.0,1,0
2519,3335.0,968.0,1,0
2520,3337.0,968.0,1,0
2521,3338.0,968.0,1,0
2522,3339.0,969.0,1,1
2523,3340.0,969.0,1,1
2524,3341.0,969.0,1,1
2525,3344.0,969.0,1,1
2526,3346.0,971.0,1,0
2527,3347.0,971.0,1,1
2528,3348.0,971.0,1,0
2529,3349.0,971.0,1,0
2530,3353.0,972.0,1,1
2531,3357.0,973.0,1,1
2532,3359.0,973.0,1,0
2533,3360.0,974.0,1,1
2534,3361.0,974.0,1,0
2535,3362.0,975.0,1,0
2536,3363.0,975.0,1,0
2537,3364.0,975.0,1,1
2538,3365.0,975.0,1,1
2539,3366.0,975.0,1,1
2540,3367.0,975.0,1,1
2541,3368.0,975.0,1,0
2542,3369.0,976.0,1,1
2543,3370.0,976.0,1,0
2544,3371.0,977.0,1,1
2545,3372.0,977.0,1,1
2546,3374.0,977.0,1,0
2547,3375.0,978.0,1,0
2548,3376.0,978.0,1,1
2549,3377.0,979.0,1,0
2550,3378.0,979.0,1,1
2551,3379.0,979.0,1,0
2552,3382.0,980.0,1,0
2553,3384.0,980.0,1,1
2554,3385.0,980.0,1,1
2555,3386.0,980.0,1,0
2556,3387.0,980.0,1,0
2557,3388.0,981.0,1,0
2558,3389.0,981.0,1,1
2559,3391.0,981.0,1,0
2560,3392.0,982.0,1,0
2561,3393.0,982.0,1,1
2562,3395.0,982.0,1,0
2563,3396.0,982.0,1,0
2564,3397.0,982.0,1,0
2565,3398.0,982.0,1,1
2566,3400.0,983.0,1,1
2567,3401.0,983.0,1,1
2568,3402.0,983.0,1,1
2569,3404.0,983.0,1,1
2570,3405.0,983.0,1,0
2571,3406.0,983.0,1,1
2572,3407.0,984.0,1,0
2573,3408.0,984.0,1,0
2574,3411.0,984.0,1,1
2575,3412.0,984.0,1,0
2576,3413.0,984.0,1,0
2577,3415.0,986.0,1,0
2578,3416.0,986.0,1,1
2579,3418.0,987.0,1,0
2580,3419.0,987.0,1,0
2581,3420.0,987.0,1,0
2582,3421.0,987.0,1,0
2583,3422.0,987.0,1,1
2584,3423.0,987.0,1,0
2585,3424.0,989.0,1,0
2586,3425.0,989.0,1,0
2587,3426.0,989.0,1,1
2588,3427.0,989.0,1,1
2589,3429.0,989.0,1,0
2590,3430.0,990.0,1,0
2591,3431.0,990.0,1,0
2592,3432.0,990.0,1,0
2593,3433.0,990.0,1,0
2594,3434.0,990.0,1,0
2595,3435.0,990.0,1,0
2596,3436.0,991.0,1,1
2597,3438.0,991.0,1,0
2598,3440.0,991.0,1,1
2599,3441.0,991.0,1,1
2600,3443.0,992.0,1,0
2601,3444.0,992.0,1,0
2602,3446.0,992.0,1,0
2603,3447.0,993.0,1,0
2604,3448.0,993.0,1,1
2605,3450.0,994.0,1,1
2606,3452.0,994.0,1,1
2607,3453.0,994.0,1,0
2608,3454.0,994.0,1,0
2609,3455.0,994.0,1,1
2610,3456.0,995.0,1,1
2611,3457.0,996.0,1,0
2612,3458.0,998.0,1,1
2613,3459.0,998.0,1,0
2614,3460.0,998.0,1,0
2615,3462.0,998.0,1,1
2616,3463.0,998.0,1,0
2617,3464.0,999.0,1,0
2618,3465.0,999.0,1,1
2619,3467.0,1000.0,1,1
2620,3468.0,1001.0,1,0
2621,3469.0,1001.0,1,0
2622,3471.0,1002.0,1,0
2623,3472.0,1003.0,1,0
2624,3473.0,1003.0,1,0
2625,3474.0,1003.0,1,0
2626,3476.0,1004.0,1,0
2627,3477.0,1004.0,1,0
2628,3478.0,1004.0,1,0
2629,3480.0,1005.0,1,0
2630,3482.0,1005.0,1,0
2631,3483.0,1005.0,1,1
2632,3484.0,1005.0,1,1
2633,3486.0,1005.0,1,0
2634,3487.0,1005.0,1,0
2635,3488.0,1005.0,1,1
2636,3489.0,1006.0,1,0
2637,3490.0,1007.0,1,0
2638,3491.0,1007.0,1,0
2639,3492.0,1008.0,1,0
2640,3493.0,1008.0,1,1
2641,3494.0,1008.0,1,1
2642,3495.0,1009.0,1,0
2643,3496.0,1010.0,1,1
2644,3497.0,1010.0,1,0
2645,3498.0,1010.0,1,0
2646,3499.0,1010.0,1,1
2647,3502.0,1011.0,1,0
2648,3503.0,1011.0,1,0
2649,3507.0,1012.0,1,0
2650,3508.0,1012.0,1,0
2651,3510.0,1013.0,1,0
2652,3511.0,1013.0,1,0
2653,3512.0,1013.0,1,0
2654,3514.0,1014.0,1,1
2655,3515.0,1014.0,1,0
2656,3516.0,1014.0,1,0
2657,3518.0,1015.0,1,1
2658,3519.0,1016.0,1,1
2659,3520.0,1016.0,1,0
2660,3522.0,1016.0,1,1
2661,3523.0,1016.0,1,0
2662,3524.0,1016.0,1,0
2663,3525.0,1017.0,1,1
2664,3526.0,1017.0,1,0
2665,3528.0,1017.0,1,0
2666,3529.0,1017.0,1,1
2667,3530.0,1021.0,1,1
2668,3531.0,1021.0,1,0
2669,3532.0,1022.0,1,0
2670,3533.0,1023.0,1,0
2671,3538.0,1024.0,1,0
2672,3540.0,1024.0,1,0
2673,3542.0,1025.0,1,0
2674,3543.0,1025.0,1,0
2675,3545.0,1026.0,1,0
2676,3547.0,1026.0,1,0
2677,3548.0,1026.0,1,0
2678,3549.0,1026.0,1,1
2679,3551.0,1026.0,1,1
2680,3552.0,1027.0,1,0
2681,3553.0,1027.0,1,0
2682,3554.0,1027.0,1,0
2683,3556.0,1028.0,1,0
2684,3557.0,1028.0,1,0
2685,3558.0,1028.0,1,1
2686,3559.0,1028.0,1,0
2687,3560.0,1028.0,1,1
2688,3561.0,1028.0,1,0
2689,3562.0,1029.0,1,0
2690,3563.0,1029.0,1,0
2691,3564.0,1029.0,1,0
2692,3565.0,1030.0,1,0
2693,3566.0,1030.0,1,1
2694,3568.0,1030.0,1,1
2695,3569.0,1030.0,1,0
2696,3570.0,1030.0,1,0
2697,3572.0,1031.0,1,0
2698,3573.0,1031.0,1,1
2699,3574.0,1032.0,1,0
2700,3575.0,1032.0,1,0
2701,3576.0,1032.0,1,0
2702,3579.0,1033.0,1,0
2703,3581.0,1033.0,1,0
2704,3582.0,1033.0,1,0
2705,3583.0,1033.0,1,1
2706,3584.0,1033.0,1,0
2707,3585.0,1033.0,1,1
2708,3587.0,1034.0,1,0
2709,3588.0,1036.0,1,0
2710,3589.0,1036.0,1,0
2711,3590.0,1036.0,1,0
2712,3591.0,1036.0,1,1
2713,3592.0,1036.0,1,0
2714,3593.0,1036.0,1,0
2715,3594.0,1036.0,1,0
2716,3597.0,1038.0,1,0
2717,3598.0,1038.0,1,1
2718,3600.0,1038.0,1,1
2719,3602.0,1039.0,1,0
2720,3604.0,1039.0,1,0
2721,3605.0,1039.0,1,0
2722,3606.0,1039.0,1,0
2723,3607.0,1039.0,1,1
2724,3608.0,1039.0,1,0
2725,3609.0,1040.0,1,0
2726,3610.0,1040.0,1,0
2727,3611.0,1040.0,1,0
2728,3614.0,1042.0,1,0
2729,3615.0,1043.0,1,0
2730,3617.0,1044.0,1,0
2731,3618.0,1044.0,1,0
2732,3619.0,1044.0,1,1
2733,3620.0,1044.0,1,0
2734,3621.0,1044.0,1,0
2735,3622.0,1045.0,1,0
2736,3623.0,1045.0,1,0
2737,3624.0,1045.0,1,0
2738,3625.0,1045.0,1,0
2739,3626.0,1045.0,1,0
2740,3629.0,1045.0,1,1
2741,3630.0,1045.0,1,1
2742,3631.0,1046.0,1,0
2743,3632.0,1046.0,1,0
2744,3634.0,1047.0,1,0
2745,3636.0,1047.0,1,1
2746,3637.0,1047.0,1,0
2747,3638.0,1048.0,1,0
2748,3639.0,1048.0,1,1
2749,3641.0,1049.0,1,0
2750,3642.0,1049.0,1,0
2751,3644.0,1049.0,1,0
2752,3645.0,1049.0,1,1
2753,3646.0,1049.0,1,0
2754,3647.0,1050.0,1,1
2755,3649.0,1051.0,1,1
2756,3650.0,1051.0,1,0
2757,3651.0,1051.0,1,0
2758,3652.0,1051.0,1,1
2759,3653.0,1051.0,1,0
2760,3654.0,1051.0,1,0
2761,3655.0,1052.0,1,1
2762,3656.0,1052.0,1,0
2763,3657.0,1052.0,1,0
2764,3659.0,1053.0,1,0
2765,3660.0,1053.0,1,0
2766,3661.0,1054.0,1,0
2767,3662.0,1054.0,1,1
2768,3665.0,1054.0,1,0
2769,3666.0,1054.0,1,1
2770,3668.0,1055.0,1,1
2771,3669.0,1056.0,1,0
2772,3670.0,1056.0,1,0
2773,3671.0,1057.0,1,0
2774,3672.0,1057.0,1,0
2775,3674.0,1058.0,1,1
2776,3675.0,1059.0,1,1
2777,3676.0,1059.0,1,0
2778,3677.0,1059.0,1,0
2779,3678.0,1059.0,1,0
2780,3680.0,1059.0,1,1
2781,3681.0,1060.0,1,0
2782,3682.0,1060.0,1,1
2783,3684.0,1061.0,1,1
2784,3686.0,1061.0,1,0
2785,3687.0,1061.0,1,1
2786,3688.0,1061.0,1,0
2787,3690.0,1062.0,1,0
2788,3691.0,1062.0,1,1
2789,3694.0,1063.0,1,1
2790,3695.0,1064.0,1,1
2791,3696.0,1064.0,1,0
2792,3697.0,1065.0,1,0
2793,3699.0,1066.0,1,1
2794,3700.0,1067.0,1,0
2795,3701.0,1067.0,1,1
2796,3702.0,1068.0,1,0
2797,3703.0,1068.0,1,0
2798,3704.0,1068.0,1,1
2799,3705.0,1068.0,1,0
2800,3706.0,1068.0,1,0
2801,3707.0,1069.0,1,1
2802,3708.0,1069.0,1,1
2803,3709.0,1069.0,1,0
2804,3711.0,1070.0,1,0
2805,3712.0,1070.0,1,0
2806,3717.0,1071.0,1,1
2807,3718.0,1071.0,1,1
2808,3719.0,1071.0,1,1
2809,3720.0,1072.0,1,0
2810,3721.0,1072.0,1,0
2811,3724.0,1073.0,1,1
2812,3726.0,1073.0,1,1
2813,3727.0,1074.0,1,0
2814,3728.0,1074.0,1,0
2815,3729.0,1074.0,1,1
2816,3730.0,1074.0,1,0
2817,3731.0,1074.0,1,0
2818,3733.0,1074.0,1,1
2819,3734.0,1075.0,1,0
2820,3737.0,1077.0,1,0
2821,3738.0,1077.0,1,0
2822,3739.0,1077.0,1,0
2823,3741.0,1079.0,1,0
2824,3742.0,1079.0,1,1
2825,3743.0,1079.0,1,1
2826,3744.0,1079.0,1,1
2827,3745.0,1079.0,1,0
2828,3746.0,1080.0,1,0
2829,3747.0,1080.0,1,0
2830,3748.0,1080.0,1,0
2831,3749.0,1080.0,1,1
2832,3751.0,1082.0,1,1
2833,3752.0,1082.0,1,1
2834,3753.0,1082.0,1,0
2835,3754.0,1082.0,1,0
2836,3755.0,1083.0,1,1
2837,3756.0,1083.0,1,0
2838,3759.0,1083.0,1,0
2839,3760.0,1083.0,1,0
2840,3761.0,1086.0,1,0
2841,3763.0,1086.0,1,0
2842,3764.0,1087.0,1,1
2843,3765.0,1087.0,1,1
2844,3766.0,1087.0,1,0
2845,3767.0,1087.0,1,0
2846,3768.0,1087.0,1,0
2847,3771.0,1088.0,1,1
2848,3772.0,1088.0,1,0
2849,3773.0,1088.0,1,0
2850,3776.0,1089.0,1,1
2851,3777.0,1089.0,1,1
2852,3778.0,1090.0,1,0
2853,3779.0,1090.0,1,0
2854,3780.0,1091.0,1,1
2855,3782.0,1092.0,1,1
2856,3783.0,1093.0,1,0
2857,3784.0,1093.0,1,1
2858,3785.0,1093.0,1,0
2859,3787.0,1094.0,1,1
2860,3788.0,1094.0,1,1
2861,3789.0,1094.0,1,1
2862,3791.0,1095.0,1,1
2863,3792.0,1095.0,1,0
2864,3793.0,1095.0,1,1
2865,3794.0,1095.0,1,1
2866,3795.0,1095.0,1,1
2867,3796.0,1095.0,1,1
2868,3797.0,1096.0,1,1
2869,3798.0,1096.0,1,0
2870,3799.0,1096.0,1,0
2871,3800.0,1096.0,1,1
2872,3801.0,1097.0,1,1
2873,3802.0,1097.0,1,0
2874,3804.0,1097.0,1,0
2875,3805.0,1097.0,1,1
2876,3807.0,1098.0,1,0
2877,3809.0,1098.0,1,0
2878,3810.0,1099.0,1,0
2879,3812.0,1099.0,1,0
2880,3814.0,1099.0,1,0
2881,3815.0,1100.0,1,1
2882,3816.0,1100.0,1,0
2883,3818.0,1100.0,1,0
2884,3820.0,1101.0,1,0
2885,3822.0,1101.0,1,1
2886,3823.0,1102.0,1,1
2887,3826.0,1103.0,1,0
2888,3827.0,1103.0,1,1
2889,3829.0,1104.0,1,1
2890,3830.0,1104.0,1,1
2891,3832.0,1105.0,1,0
2892,3834.0,1105.0,1,0
2893,3835.0,1105.0,1,0
2894,3836.0,1105.0,1,0
2895,3837.0,1106.0,1,1
2896,3838.0,1106.0,1,1
2897,3839.0,1106.0,1,0
2898,3840.0,1106.0,1,1
2899,3841.0,1107.0,1,1
2900,3842.0,1107.0,1,1
2901,3844.0,1107.0,1,0
2902,3847.0,1109.0,1,0
2903,3848.0,1109.0,1,1
2904,3849.0,1110.0,1,0
2905,3850.0,1111.0,1,1
2906,3852.0,1111.0,1,1
2907,3853.0,1111.0,1,0
2908,3854.0,1112.0,1,0
2909,3855.0,1112.0,1,0
2910,3856.0,1112.0,1,0
2911,3857.0,1113.0,1,0
2912,3858.0,1113.0,1,1
2913,3862.0,1113.0,1,0
2914,3863.0,1113.0,1,1
2915,3864.0,1114.0,1,0
2916,3865.0,1114.0,1,0
2917,3866.0,1114.0,1,0
2918,3867.0,1115.0,1,0
2919,3869.0,1117.0,1,0
2920,3870.0,1117.0,1,0
2921,3871.0,1118.0,1,0
2922,3872.0,1118.0,1,0
2923,3873.0,1118.0,1,1
2924,3874.0,1118.0,1,0
2925,3876.0,1118.0,1,1
2926,3879.0,1119.0,1,0
2927,3880.0,1119.0,1,1
2928,3881.0,1119.0,1,0
2929,3882.0,1119.0,1,1
2930,3884.0,1121.0,1,0
2931,3886.0,1122.0,1,0
2932,3887.0,1122.0,1,0
2933,3888.0,1122.0,1,0
2934,3889.0,1123.0,1,1
2935,3890.0,1123.0,1,0
2936,3891.0,1124.0,1,0
2937,3892.0,1124.0,1,0
2938,3893.0,1124.0,1,0
2939,3894.0,1125.0,1,0
2940,3895.0,1125.0,1,0
2941,3896.0,1125.0,1,1
2942,3897.0,1126.0,1,1
2943,3899.0,1127.0,1,0
2944,3900.0,1127.0,1,0
2945,3901.0,1128.0,1,1
2946,3902.0,1128.0,1,0
2947,3903.0,1128.0,1,1
2948,3904.0,1128.0,1,0
2949,3905.0,1128.0,1,0
2950,3906.0,1128.0,1,0
2951,3907.0,1129.0,1,1
2952,3908.0,1129.0,1,1
2953,3909.0,1129.0,1,0
2954,3911.0,1129.0,1,1
2955,3912.0,1129.0,1,1
2956,3913.0,1129.0,1,0
2957,3914.0,1130.0,1,0
2958,3915.0,1130.0,1,1
2959,3916.0,1130.0,1,0
2960,3917.0,1130.0,1,1
2961,3918.0,1130.0,1,1
2962,3919.0,1131.0,1,0
2963,3920.0,1131.0,1,0
2964,3922.0,1131.0,1,0
2965,3924.0,1132.0,1,1
2966,3926.0,1133.0,1,1
2967,3927.0,1133.0,1,1
2968,3928.0,1133.0,1,1
2969,3929.0,1134.0,1,0
2970,3930.0,1134.0,1,1
2971,3931.0,1135.0,1,0
2972,3932.0,1135.0,1,0
2973,3933.0,1135.0,1,1
2974,3934.0,1135.0,1,0
2975,3935.0,1136.0,1,1
2976,3936.0,1136.0,1,0
2977,3937.0,1137.0,1,1
2978,3938.0,1138.0,1,1
2979,3939.0,1138.0,1,1
2980,3940.0,1138.0,1,0
2981,3941.0,1139.0,1,1
2982,3942.0,1139.0,1,0
2983,3943.0,1139.0,1,0
2984,3944.0,1139.0,1,0
2985,3945.0,1140.0,1,0
2986,3946.0,1140.0,1,0
2987,3947.0,1141.0,1,0
2988,3948.0,1141.0,1,1
2989,3949.0,1141.0,1,1
2990,3952.0,1142.0,1,0
2991,3953.0,1142.0,1,0
2992,3954.0,1142.0,1,0
2993,3956.0,1143.0,1,1
2994,3957.0,1143.0,1,1
2995,3958.0,1144.0,1,0
2996,3959.0,1145.0,1,0
2997,3960.0,1146.0,1,0
2998,3961.0,1147.0,1,0
2999,3963.0,1147.0,1,1
3000,3964.0,1147.0,1,0
3001,3966.0,1147.0,1,1
3002,3967.0,1148.0,1,0
3003,3969.0,1149.0,1,0
3004,3970.0,1150.0,1,0
3005,3971.0,1150.0,1,0
3006,3972.0,1150.0,1,0
3007,3973.0,1150.0,1,0
3008,3974.0,1150.0,1,0
3009,3975.0,1151.0,1,1
3010,3976.0,1151.0,1,0
3011,3977.0,1151.0,1,0
3012,3978.0,1151.0,1,0
3013,3979.0,1151.0,1,0
3014,3980.0,1151.0,1,1
3015,3982.0,1152.0,1,1
3016,3983.0,1152.0,1,0
3017,3985.0,1153.0,1,0
3018,3986.0,1153.0,1,0
3019,3987.0,1153.0,1,1
3020,3988.0,1153.0,1,0
3021,3990.0,1153.0,1,1
3022,3991.0,1153.0,1,1
3023,3992.0,1154.0,1,1
3024,3993.0,1154.0,1,0
3025,3994.0,1154.0,1,0
3026,3996.0,1154.0,1,0
3027,4000.0,1156.0,1,1
3028,4001.0,1157.0,1,1
3029,4002.0,1157.0,1,0
3030,4003.0,1157.0,1,1
3031,4004.0,1157.0,1,0
3032,4006.0,1158.0,1,1
3033,4007.0,1158.0,1,1
3034,4009.0,1159.0,1,1
3035,4011.0,1160.0,1,0
3036,4012.0,1160.0,1,0
3037,4013.0,1160.0,1,1
3038,4014.0,1160.0,1,1
3039,4015.0,1160.0,1,1
3040,4016.0,1161.0,1,1
3041,4017.0,1161.0,1,0
3042,4018.0,1161.0,1,0
3043,4019.0,1161.0,1,0
3044,4020.0,1162.0,1,1
3045,4022.0,1162.0,1,1
3046,4023.0,1162.0,1,1
3047,4024.0,1162.0,1,1
3048,4025.0,1163.0,1,1
3049,4028.0,1164.0,1,1
3050,4029.0,1165.0,1,0
3051,4032.0,1167.0,1,0
3052,4035.0,1167.0,1,0
3053,4036.0,1167.0,1,0
3054,4038.0,1167.0,1,0
3055,4039.0,1167.0,1,1
3056,4040.0,1168.0,1,0
3057,4041.0,1168.0,1,0
3058,4042.0,1169.0,1,0
3059,4043.0,1169.0,1,0
3060,4044.0,1169.0,1,1
3061,4046.0,1170.0,1,0
3062,4048.0,1170.0,1,1
3063,4050.0,1172.0,1,1
3064,4052.0,1172.0,1,1
3065,4053.0,1172.0,1,0
3066,4054.0,1172.0,1,0
3067,4055.0,1173.0,1,0
3068,4057.0,1174.0,1,0
3069,4060.0,1176.0,1,1
3070,4061.0,1176.0,1,1
3071,4062.0,1176.0,1,0
3072,4063.0,1176.0,1,0
3073,4064.0,1177.0,1,0
3074,4065.0,1177.0,1,0
3075,4066.0,1177.0,1,1
3076,4067.0,1177.0,1,0
3077,4068.0,1177.0,1,1
3078,4069.0,1177.0,1,0
3079,4070.0,1177.0,1,0
3080,4071.0,1177.0,1,0
3081,4072.0,1177.0,1,0
3082,4073.0,1177.0,1,0
3083,4074.0,1177.0,1,1
3084,4075.0,1178.0,1,0
3085,4076.0,1178.0,1,0
3086,4079.0,1179.0,1,1
3087,4080.0,1180.0,1,0
3088,4082.0,1181.0,1,0
3089,4083.0,1181.0,1,0
3090,4085.0,1181.0,1,0
3091,4086.0,1181.0,1,1
3092,4087.0,1181.0,1,1
3093,4088.0,1181.0,1,0
3094,4089.0,1181.0,1,1
3095,4090.0,1182.0,1,1
3096,4092.0,1182.0,1,0
3097,4093.0,1183.0,1,1
3098,4094.0,1183.0,1,0
3099,4095.0,1183.0,1,1
3100,4096.0,1183.0,1,0
3101,4097.0,1184.0,1,1
3102,4099.0,1184.0,1,0
3103,4100.0,1184.0,1,1
3104,4102.0,1184.0,1,1
3105,4103.0,1185.0,1,0
3106,4104.0,1185.0,1,1
3107,4105.0,1185.0,1,0
3108,4106.0,1185.0,1,0
3109,4107.0,1186.0,1,0
3110,4108.0,1186.0,1,0
3111,4109.0,1187.0,1,1
3112,4110.0,1187.0,1,1
3113,4111.0,1187.0,1,0
3114,4112.0,1187.0,1,0
3115,4113.0,1187.0,1,0
3116,4114.0,1187.0,1,0
3117,4115.0,1189.0,1,0
3118,4117.0,1189.0,1,0
3119,4118.0,1189.0,1,0
3120,4120.0,1189.0,1,0
3121,4122.0,1189.0,1,0
3122,4123.0,1189.0,1,0
3123,4124.0,1190.0,1,0
3124,4125.0,1190.0,1,0
3125,4126.0,1190.0,1,1
3126,4127.0,1191.0,1,0
3127,4128.0,1191.0,1,1
3128,4130.0,1191.0,1,0
3129,4133.0,1192.0,1,0
3130,4136.0,1192.0,1,1
3131,4138.0,1193.0,1,0
3132,4139.0,1193.0,1,0
3133,4140.0,1193.0,1,1
3134,4141.0,1193.0,1,0
3135,4142.0,1193.0,1,0
3136,4143.0,1193.0,1,0
3137,4144.0,1194.0,1,0
3138,4145.0,1194.0,1,0
3139,4146.0,1194.0,1,1
3140,4147.0,1194.0,1,1
3141,4148.0,1194.0,1,0
3142,4149.0,1195.0,1,1
3143,4150.0,1195.0,1,1
3144,4151.0,1195.0,1,0
3145,4154.0,1197.0,1,0
3146,4155.0,1197.0,1,1
3147,4156.0,1198.0,1,1
3148,4157.0,1198.0,1,1
3149,4158.0,1198.0,1,1
3150,4159.0,1198.0,1,1
3151,4162.0,1200.0,1,0
3152,4163.0,1202.0,1,1
3153,4164.0,1202.0,1,0
3154,4165.0,1204.0,1,0
3155,4167.0,1205.0,1,0
3156,4168.0,1205.0,1,1
3157,4169.0,1205.0,1,1
3158,4170.0,1206.0,1,0
3159,4173.0,1208.0,1,0
3160,4174.0,1208.0,1,0
3161,4175.0,1208.0,1,1
3162,4176.0,1209.0,1,1
3163,4177.0,1209.0,1,1
3164,4179.0,1210.0,1,0
3165,4181.0,1210.0,1,0
3166,4182.0,1210.0,1,1
3167,4183.0,1210.0,1,0
3168,4184.0,1210.0,1,1
3169,4185.0,1211.0,1,1
3170,4186.0,1211.0,1,1
3171,4187.0,1211.0,1,0
3172,4191.0,1213.0,1,0
3173,4192.0,1213.0,1,0
3174,4193.0,1214.0,1,1
3175,4195.0,1214.0,1,1
3176,4196.0,1214.0,1,1
3177,4197.0,1214.0,1,1
3178,4199.0,1215.0,1,1
3179,4200.0,1215.0,1,0
3180,4201.0,1216.0,1,1
3181,4202.0,1216.0,1,1
3182,4203.0,1216.0,1,1
3183,4204.0,1217.0,1,0
3184,4206.0,1217.0,1,0
3185,4207.0,1217.0,1,0
3186,4209.0,1218.0,1,1
3187,4210.0,1218.0,1,1
3188,4213.0,1218.0,1,0
3189,4214.0,1218.0,1,0
3190,4215.0,1219.0,1,0
3191,4216.0,1219.0,1,0
3192,4217.0,1219.0,1,0
3193,4218.0,1220.0,1,0
3194,4219.0,1220.0,1,0
3195,4220.0,1220.0,1,0
3196,4221.0,1220.0,1,1
3197,4223.0,1221.0,1,1
3198,4224.0,1221.0,1,0
3199,4225.0,1222.0,1,0
3200,4226.0,1222.0,1,0
3201,4227.0,1222.0,1,0
3202,4229.0,1222.0,1,1
3203,4230.0,1222.0,1,1
3204,4231.0,1222.0,1,1
3205,4232.0,1222.0,1,0
3206,4234.0,1223.0,1,0
3207,4235.0,1224.0,1,1
3208,4236.0,1226.0,1,0
3209,4237.0,1226.0,1,0
3210,4238.0,1226.0,1,0
3211,4240.0,1227.0,1,0
3212,4241.0,1227.0,1,0
3213,4242.0,1227.0,1,1
3214,4243.0,1227.0,1,0
3215,4245.0,1228.0,1,1
3216,4246.0,1229.0,1,0
3217,4247.0,1229.0,1,1
3218,4248.0,1230.0,1,1
3219,4249.0,1230.0,1,1
3220,4250.0,1230.0,1,0
3221,4251.0,1230.0,1,1
3222,4253.0,1230.0,1,0
3223,4254.0,1230.0,1,0
3224,4255.0,1230.0,1,1
3225,4256.0,1230.0,1,0
3226,4258.0,1232.0,1,1
3227,4259.0,1232.0,1,0
3228,4263.0,1233.0,1,0
3229,4265.0,1235.0,1,1
3230,4266.0,1235.0,1,0
3231,4267.0,1236.0,1,1
3232,4268.0,1236.0,1,0
3233,4269.0,1236.0,1,1
3234,4270.0,1237.0,1,0
3235,4272.0,1237.0,1,1
3236,4273.0,1237.0,1,0
3237,4275.0,1238.0,1,0
3238,4277.0,1239.0,1,0
3239,4278.0,1239.0,1,0
3240,4279.0,1239.0,1,1
3241,4281.0,1239.0,1,0
3242,4290.0,1243.0,1,1
3243,4292.0,1243.0,1,1
3244,4293.0,1243.0,1,0
3245,4294.0,1244.0,1,0
3246,4295.0,1244.0,1,1
3247,4296.0,1244.0,1,1
3248,4297.0,1244.0,1,1
3249,4299.0,1244.0,1,0
3250,4300.0,1244.0,1,0
3251,4301.0,1245.0,1,0
3252,4302.0,1245.0,1,0
3253,4304.0,1246.0,1,1
3254,4305.0,1247.0,1,0
3255,4307.0,1248.0,1,0
3256,4308.0,1248.0,1,1
3257,4309.0,1248.0,1,1
3258,4310.0,1248.0,1,0
3259,4311.0,1248.0,1,0
3260,4314.0,1249.0,1,0
3261,4317.0,1250.0,1,0
3262,4319.0,1251.0,1,0
3263,4320.0,1251.0,1,1
3264,4322.0,1252.0,1,1
3265,4324.0,1252.0,1,0
3266,4325.0,1253.0,1,0
3267,4326.0,1254.0,1,0
3268,4327.0,1254.0,1,0
3269,4329.0,1254.0,1,1
3270,4330.0,1254.0,1,1
3271,4331.0,1254.0,1,0
3272,4332.0,1255.0,1,0
3273,4333.0,1255.0,1,0
3274,4334.0,1255.0,1,0
3275,4335.0,1255.0,1,1
3276,4336.0,1255.0,1,1
3277,4337.0,1256.0,1,1
3278,4338.0,1256.0,1,1
3279,4339.0,1256.0,1,1
3280,4341.0,1257.0,1,0
3281,4344.0,1257.0,1,1
3282,4347.0,1257.0,1,1
3283,4349.0,1258.0,1,1
3284,4350.0,1258.0,1,0
3285,4353.0,1259.0,1,1
3286,4354.0,1259.0,1,0
3287,4355.0,1259.0,1,1
3288,4356.0,1259.0,1,0
3289,4358.0,1260.0,1,0
3290,4359.0,1260.0,1,0
3291,4361.0,1260.0,1,1
3292,4362.0,1262.0,1,0
3293,4363.0,1263.0,1,1
3294,4364.0,1263.0,1,1
3295,4365.0,1263.0,1,0
3296,4366.0,1264.0,1,0
3297,4367.0,1264.0,1,1
3298,4368.0,1264.0,1,0
3299,4370.0,1265.0,1,0
3300,4371.0,1265.0,1,1
3301,4372.0,1265.0,1,0
3302,4373.0,1265.0,1,0
3303,4374.0,1265.0,1,1
3304,4375.0,1266.0,1,0
3305,4376.0,1266.0,1,0
3306,4377.0,1266.0,1,0
3307,4378.0,1266.0,1,1
3308,4379.0,1268.0,1,0
3309,4380.0,1268.0,1,0
3310,4381.0,1268.0,1,1
3311,4382.0,1268.0,1,0
3312,4383.0,1268.0,1,0
3313,4384.0,1269.0,1,1
3314,4385.0,1269.0,1,1
3315,4387.0,1269.0,1,0
3316,4388.0,1270.0,1,0
3317,4389.0,1270.0,1,1
3318,4390.0,1270.0,1,1
3319,4391.0,1270.0,1,0
3320,4392.0,1271.0,1,0
3321,4393.0,1271.0,1,0
3322,4395.0,1271.0,1,1
3323,4397.0,1272.0,1,0
3324,4399.0,1272.0,1,1
3325,4400.0,1272.0,1,0
3326,4401.0,1272.0,1,1
3327,4402.0,1272.0,1,0
3328,4404.0,1273.0,1,0
3329,4405.0,1273.0,1,1
3330,4406.0,1273.0,1,0
3331,4407.0,1273.0,1,0
3332,4408.0,1274.0,1,0
3333,4409.0,1274.0,1,0
3334,4410.0,1274.0,1,1
3335,4412.0,1275.0,1,1
3336,4413.0,1275.0,1,1
3337,4414.0,1276.0,1,1
3338,4415.0,1276.0,1,1
3339,4416.0,1277.0,1,0
3340,4418.0,1277.0,1,0
3341,4419.0,1277.0,1,1
3342,4420.0,1278.0,1,0
3343,4421.0,1278.0,1,1
3344,4423.0,1279.0,1,1
3345,4425.0,1280.0,1,0
3346,4427.0,1281.0,1,1
3347,4430.0,1284.0,1,0
3348,4432.0,1285.0,1,1
3349,4434.0,1285.0,1,0
3350,4437.0,1286.0,1,0
3351,4438.0,1286.0,1,0
3352,4439.0,1286.0,1,0
3353,4440.0,1287.0,1,1
3354,4441.0,1287.0,1,0
3355,4442.0,1287.0,1,0
3356,4443.0,1287.0,1,0
3357,4444.0,1288.0,1,1
3358,4447.0,1288.0,1,0
3359,4448.0,1288.0,1,0
3360,4449.0,1288.0,1,0
3361,4450.0,1289.0,1,0
3362,4451.0,1289.0,1,1
3363,4452.0,1289.0,1,0
3364,4453.0,1289.0,1,1
3365,4454.0,1289.0,1,1
3366,4455.0,1289.0,1,0
3367,4456.0,1290.0,1,1
3368,4457.0,1290.0,1,1
3369,4458.0,1290.0,1,0
3370,4459.0,1291.0,1,1
3371,4460.0,1291.0,1,1
3372,4462.0,1292.0,1,1
3373,4463.0,1293.0,1,0
3374,4465.0,1294.0,1,1
3375,4468.0,1295.0,1,0
3376,4469.0,1296.0,1,0
3377,4470.0,1296.0,1,1
3378,4471.0,1296.0,1,0
3379,4473.0,1296.0,1,1
3380,4474.0,1298.0,1,0
3381,4476.0,1298.0,1,0
3382,4477.0,1298.0,1,0
3383,4479.0,1299.0,1,0
3384,4480.0,1299.0,1,0
3385,4481.0,1299.0,1,1
3386,4482.0,1299.0,1,0
3387,4484.0,1299.0,1,1
3388,4485.0,1299.0,1,1
3389,4486.0,1300.0,1,1
3390,4487.0,1301.0,1,1
3391,4488.0,1301.0,1,0
3392,4490.0,1302.0,1,0
3393,4492.0,1302.0,1,0
3394,4493.0,1302.0,1,1
3395,4494.0,1303.0,1,1
3396,4496.0,1305.0,1,1
3397,4497.0,1305.0,1,1
3398,4499.0,1305.0,1,0
3399,4500.0,1305.0,1,0
3400,4501.0,1305.0,1,0
3401,4502.0,1306.0,1,0
3402,4503.0,1306.0,1,1
3403,4507.0,1306.0,1,0
3404,4511.0,1308.0,1,1
3405,4513.0,1309.0,1,0
3406,4514.0,1310.0,1,0
3407,4515.0,1310.0,1,1
3408,4516.0,1310.0,1,0
3409,4517.0,1310.0,1,0
3410,4519.0,1311.0,1,1
3411,4520.0,1311.0,1,0
3412,4521.0,1311.0,1,0
3413,4522.0,1312.0,1,1
3414,4523.0,1312.0,1,1
3415,4524.0,1312.0,1,1
3416,4525.0,1312.0,1,0
3417,4526.0,1312.0,1,0
3418,4529.0,1313.0,1,0
3419,4530.0,1313.0,1,0
3420,4532.0,1313.0,1,1
3421,4533.0,1313.0,1,0
3422,4534.0,1314.0,1,1
3423,4536.0,1314.0,1,0
3424,4537.0,1314.0,1,1
3425,4539.0,1315.0,1,0
3426,4540.0,1315.0,1,0
3427,4543.0,1315.0,1,0
3428,4545.0,1316.0,1,1
3429,4546.0,1316.0,1,0
3430,4547.0,1316.0,1,0
3431,4548.0,1316.0,1,0
3432,4549.0,1317.0,1,0
3433,4553.0,1318.0,1,0
3434,4554.0,1318.0,1,0
3435,4555.0,1318.0,1,0
3436,4557.0,1319.0,1,0
3437,4559.0,1319.0,1,0
3438,4560.0,1319.0,1,0
3439,4562.0,1319.0,1,0
3440,4563.0,1319.0,1,1
3441,4565.0,1320.0,1,0
3442,4566.0,1320.0,1,0
3443,4568.0,1320.0,1,0
3444,4569.0,1320.0,1,1
3445,4572.0,1321.0,1,1
3446,4573.0,1321.0,1,0
3447,4574.0,1322.0,1,1
3448,4575.0,1322.0,1,0
3449,4576.0,1322.0,1,1
3450,4577.0,1323.0,1,1
3451,4578.0,1323.0,1,1
3452,4579.0,1323.0,1,0
3453,4580.0,1324.0,1,0
3454,4581.0,1324.0,1,1
3455,4582.0,1324.0,1,0
3456,4583.0,1324.0,1,0
3457,4584.0,1325.0,1,1
3458,4585.0,1325.0,1,1
3459,4586.0,1325.0,1,0
3460,4587.0,1325.0,1,0
3461,4588.0,1325.0,1,0
3462,4591.0,1328.0,1,0
3463,4592.0,1328.0,1,0
3464,4593.0,1328.0,1,1
3465,4594.0,1329.0,1,0
3466,4595.0,1329.0,1,1
3467,4596.0,1330.0,1,0
3468,4597.0,1330.0,1,0
3469,4598.0,1330.0,1,0
3470,4600.0,1331.0,1,0
3471,4601.0,1331.0,1,0
3472,4602.0,1331.0,1,0
3473,4604.0,1332.0,1,0
3474,4605.0,1332.0,1,0
3475,4606.0,1332.0,1,0
3476,4607.0,1332.0,1,0
3477,4609.0,1332.0,1,1
3478,4610.0,1333.0,1,0
3479,4612.0,1334.0,1,0
3480,4614.0,1334.0,1,0
3481,4615.0,1334.0,1,0
3482,4616.0,1334.0,1,1
3483,4618.0,1337.0,1,0
3484,4619.0,1337.0,1,1
3485,4621.0,1337.0,1,0
3486,4622.0,1337.0,1,0
3487,4624.0,1339.0,1,0
3488,4625.0,1340.0,1,0
3489,4628.0,1341.0,1,0
3490,4629.0,1341.0,1,0
3491,4630.0,1341.0,1,0
3492,4631.0,1341.0,1,1
3493,4632.0,1342.0,1,1
3494,4633.0,1342.0,1,0
3495,4634.0,1342.0,1,0
3496,4636.0,1342.0,1,1
3497,4637.0,1343.0,1,1
3498,4639.0,1344.0,1,1
3499,4640.0,1344.0,1,0
3500,4641.0,1344.0,1,0
3501,4642.0,1344.0,1,1
3502,4643.0,1345.0,1,1
3503,4644.0,1345.0,1,0
3504,4645.0,1345.0,1,0
3505,4646.0,1345.0,1,0
3506,4647.0,1345.0,1,1
3507,4651.0,1346.0,1,0
3508,4652.0,1347.0,1,0
3509,4653.0,1347.0,1,1
3510,4655.0,1347.0,1,0
3511,4657.0,1347.0,1,0
3512,4658.0,1348.0,1,0
3513,4660.0,1348.0,1,1
3514,4661.0,1350.0,1,0
3515,4662.0,1350.0,1,0
3516,4663.0,1350.0,1,0
3517,4664.0,1350.0,1,1
3518,4665.0,1351.0,1,1
3519,4666.0,1351.0,1,0
3520,4667.0,1352.0,1,0
3521,4669.0,1352.0,1,0
3522,4671.0,1353.0,1,0
3523,4672.0,1353.0,1,0
3524,4674.0,1353.0,1,0
3525,4676.0,1356.0,1,0
3526,4677.0,1356.0,1,0
3527,4678.0,1356.0,1,0
3528,4679.0,1356.0,1,0
3529,4681.0,1357.0,1,1
3530,4683.0,1358.0,1,0
3531,4684.0,1358.0,1,1
3532,4686.0,1359.0,1,1
3533,4689.0,1360.0,1,0
3534,4690.0,1361.0,1,0
3535,4692.0,1361.0,1,0
3536,4693.0,1361.0,1,0
3537,4695.0,1361.0,1,0
3538,4696.0,1362.0,1,0
3539,4698.0,1362.0,1,0
3540,4699.0,1363.0,1,1
3541,4702.0,1365.0,1,1
3542,4703.0,1365.0,1,0
3543,4704.0,1365.0,1,1
3544,4705.0,1365.0,1,0
3545,4706.0,1366.0,1,0
3546,4711.0,1367.0,1,0
3547,4712.0,1367.0,1,0
3548,4713.0,1367.0,1,0
3549,4714.0,1367.0,1,1
3550,4715.0,1368.0,1,0
3551,4716.0,1368.0,1,0
3552,4717.0,1368.0,1,0
3553,4718.0,1368.0,1,1
3554,4719.0,1368.0,1,0
3555,4720.0,1368.0,1,0
3556,4721.0,1368.0,1,1
3557,4723.0,1369.0,1,1
3558,4725.0,1369.0,1,1
3559,4726.0,1369.0,1,0
3560,4727.0,1370.0,1,0
3561,4728.0,1370.0,1,0
3562,4729.0,1371.0,1,0
3563,4730.0,1372.0,1,1
3564,4731.0,1372.0,1,0
3565,4732.0,1372.0,1,0
3566,4734.0,1373.0,1,0
3567,4735.0,1373.0,1,0
3568,4736.0,1373.0,1,0
3569,4737.0,1373.0,1,1
3570,4739.0,1373.0,1,0
3571,4741.0,1373.0,1,1
3572,4742.0,1373.0,1,0
3573,4744.0,1375.0,1,0
3574,4745.0,1375.0,1,0
3575,4746.0,1375.0,1,1
3576,4747.0,1375.0,1,1
3577,4748.0,1375.0,1,1
3578,4749.0,1376.0,1,0
3579,4751.0,1376.0,1,0
3580,4752.0,1376.0,1,0
3581,4754.0,1377.0,1,0
3582,4756.0,1379.0,1,0
3583,4757.0,1379.0,1,0
3584,4758.0,1379.0,1,0
3585,4759.0,1379.0,1,0
3586,4760.0,1380.0,1,0
3587,4761.0,1380.0,1,0
3588,4763.0,1381.0,1,1
3589,4765.0,1382.0,1,1
3590,4766.0,1382.0,1,1
3591,4767.0,1382.0,1,1
3592,4768.0,1382.0,1,1
3593,4769.0,1382.0,1,1
3594,4771.0,1383.0,1,0
3595,4772.0,1383.0,1,1
3596,4773.0,1383.0,1,0
3597,4774.0,1384.0,1,1
3598,4775.0,1384.0,1,0
3599,4777.0,1385.0,1,0
3600,4779.0,1385.0,1,0
3601,4780.0,1385.0,1,0
3602,4781.0,1385.0,1,0
3603,4782.0,1385.0,1,0
3604,4783.0,1385.0,1,0
3605,4784.0,1387.0,1,1
3606,4786.0,1387.0,1,1
3607,4787.0,1388.0,1,1
3608,4788.0,1388.0,1,1
3609,4789.0,1388.0,1,1
3610,4790.0,1388.0,1,0
3611,4791.0,1389.0,1,0
3612,4792.0,1389.0,1,0
3613,4793.0,1389.0,1,0
3614,4794.0,1390.0,1,0
3615,4795.0,1390.0,1,1
3616,4796.0,1390.0,1,0
3617,4798.0,1391.0,1,1
3618,4799.0,1391.0,1,0
3619,4803.0,1392.0,1,1
3620,4804.0,1392.0,1,0
3621,4805.0,1392.0,1,0
3622,4806.0,1392.0,1,0
3623,4807.0,1392.0,1,0
3624,4808.0,1392.0,1,1
3625,4809.0,1393.0,1,0
3626,4810.0,1394.0,1,0
3627,4811.0,1394.0,1,0
3628,4812.0,1395.0,1,0
3629,4813.0,1395.0,1,0
3630,4815.0,1396.0,1,1
3631,4816.0,1396.0,1,1
3632,4819.0,1397.0,1,1
3633,4820.0,1398.0,1,1
3634,4822.0,1398.0,1,1
3635,4823.0,1398.0,1,0
3636,4826.0,1398.0,1,0
3637,4828.0,1399.0,1,0
3638,4829.0,1399.0,1,0
3639,4830.0,1399.0,1,0
3640,4831.0,1399.0,1,0
3641,4832.0,1399.0,1,0
3642,4833.0,1399.0,1,0
3643,4834.0,1400.0,1,0
3644,4835.0,1402.0,1,0
3645,4836.0,1402.0,1,1
3646,4837.0,1402.0,1,0
3647,4838.0,1402.0,1,1
3648,4839.0,1402.0,1,0
3649,4841.0,1403.0,1,0
3650,4842.0,1403.0,1,0
3651,4843.0,1403.0,1,1
3652,4844.0,1403.0,1,0
3653,4845.0,1405.0,1,0
3654,4846.0,1405.0,1,0
3655,4847.0,1405.0,1,0
3656,4849.0,1405.0,1,0
3657,4850.0,1406.0,1,0
3658,4852.0,1406.0,1,1
3659,4853.0,1406.0,1,0
3660,4854.0,1406.0,1,0
3661,4856.0,1408.0,1,1
3662,4858.0,1408.0,1,1
3663,4860.0,1408.0,1,0
3664,4861.0,1408.0,1,0
3665,4862.0,1408.0,1,0
3666,4863.0,1408.0,1,0
3667,4864.0,1409.0,1,0
3668,4866.0,1410.0,1,1
3669,4867.0,1410.0,1,0
3670,4868.0,1411.0,1,0
3671,4869.0,1412.0,1,1
3672,4870.0,1412.0,1,0
3673,4871.0,1413.0,1,1
3674,4872.0,1413.0,1,0
3675,4873.0,1413.0,1,0
3676,4874.0,1413.0,1,0
3677,4875.0,1413.0,1,0
3678,4877.0,1414.0,1,1
3679,4878.0,1415.0,1,0
3680,4880.0,1416.0,1,0
3681,4882.0,1416.0,1,1
3682,4883.0,1416.0,1,1
3683,4884.0,1416.0,1,1
3684,4885.0,1416.0,1,0
3685,4887.0,1418.0,1,0
3686,4888.0,1418.0,1,1
3687,4890.0,1420.0,1,1
3688,4891.0,1420.0,1,1
3689,4892.0,1420.0,1,0
3690,4893.0,1420.0,1,1
3691,4894.0,1420.0,1,1
3692,4895.0,1420.0,1,0
3693,4896.0,1420.0,1,0
3694,4897.0,1420.0,1,1
3695,4898.0,1420.0,1,1
3696,4899.0,1421.0,1,0
3697,4900.0,1421.0,1,0
3698,4901.0,1421.0,1,0
3699,4903.0,1422.0,1,0
3700,4904.0,1422.0,1,0
3701,4905.0,1422.0,1,0
3702,4906.0,1422.0,1,0
3703,4907.0,1422.0,1,1
3704,4909.0,1423.0,1,1
3705,4910.0,1423.0,1,1
3706,4911.0,1423.0,1,0
3707,4912.0,1423.0,1,0
3708,4913.0,1424.0,1,0
3709,4914.0,1425.0,1,1
3710,4915.0,1425.0,1,0
3711,4917.0,1427.0,1,1
3712,4918.0,1427.0,1,1
3713,4919.0,1427.0,1,0
3714,4920.0,1427.0,1,0
3715,4921.0,1427.0,1,1
3716,4922.0,1427.0,1,0
3717,4923.0,1427.0,1,0
3718,4924.0,1427.0,1,0
3719,4925.0,1427.0,1,0
3720,4926.0,1427.0,1,0
3721,4927.0,1427.0,1,1
3722,4928.0,1427.0,1,1
3723,4929.0,1428.0,1,0
3724,4931.0,1428.0,1,0
3725,4933.0,1429.0,1,0
3726,4934.0,1430.0,1,1
3727,4935.0,1431.0,1,0
3728,4936.0,1431.0,1,0
3729,4937.0,1431.0,1,1
3730,4939.0,1432.0,1,1
3731,4940.0,1432.0,1,0
3732,4941.0,1432.0,1,1
3733,4942.0,1432.0,1,0
3734,4943.0,1432.0,1,0
3735,4944.0,1433.0,1,0
3736,4947.0,1433.0,1,0
3737,4948.0,1433.0,1,1
3738,4949.0,1433.0,1,1
3739,4950.0,1434.0,1,0
3740,4951.0,1434.0,1,0
3741,4952.0,1434.0,1,0
3742,4954.0,1434.0,1,1
3743,4956.0,1435.0,1,0
3744,4957.0,1435.0,1,0
3745,4958.0,1435.0,1,1
3746,4959.0,1436.0,1,0
3747,4960.0,1436.0,1,1
3748,4962.0,1437.0,1,1
3749,4963.0,1437.0,1,0
3750,4964.0,1437.0,1,0
3751,4965.0,1437.0,1,0
3752,4967.0,1438.0,1,0
3753,4969.0,1438.0,1,0
3754,4972.0,1438.0,1,0
3755,4973.0,1439.0,1,1
3756,4974.0,1439.0,1,0
3757,4975.0,1440.0,1,0
3758,4976.0,1441.0,1,1
3759,4977.0,1442.0,1,0
3760,4978.0,1442.0,1,0
3761,4979.0,1442.0,1,0
3762,4981.0,1443.0,1,0
3763,4983.0,1443.0,1,0
3764,4987.0,1444.0,1,0
3765,4989.0,1445.0,1,0
3766,4993.0,1445.0,1,0
3767,4994.0,1446.0,1,0
3768,4995.0,1446.0,1,0
3769,4999.0,1448.0,1,0
3770,5000.0,1448.0,1,1
3771,5001.0,1449.0,1,0
3772,5002.0,1450.0,1,1
3773,5004.0,1451.0,1,1
3774,5006.0,1451.0,1,0
3775,5007.0,1451.0,1,1
3776,5008.0,1452.0,1,1
3777,5009.0,1452.0,1,0
3778,5010.0,1452.0,1,1
3779,5012.0,1453.0,1,0
3780,5013.0,1453.0,1,1
3781,5014.0,1454.0,1,1
3782,5015.0,1454.0,1,0
3783,5017.0,1456.0,1,0
3784,5018.0,1456.0,1,0
3785,5019.0,1457.0,1,0
3786,5020.0,1457.0,1,0
3787,5021.0,1457.0,1,0
3788,5024.0,1458.0,1,1
3789,5025.0,1458.0,1,0
3790,5026.0,1458.0,1,0
3791,5027.0,1458.0,1,0
3792,5028.0,1458.0,1,0
3793,5029.0,1458.0,1,0
3794,5030.0,1458.0,1,1
3795,5031.0,1458.0,1,1
3796,5032.0,1459.0,1,0
3797,5034.0,1459.0,1,0
3798,5039.0,1461.0,1,0
3799,5040.0,1461.0,1,0
3800,5041.0,1462.0,1,0
3801,5042.0,1462.0,1,0
3802,5043.0,1462.0,1,0
3803,5044.0,1462.0,1,0
3804,5045.0,1463.0,1,0
3805,5046.0,1463.0,1,0
3806,5047.0,1464.0,1,1
3807,5048.0,1464.0,1,0
3808,5049.0,1464.0,1,1
3809,5050.0,1464.0,1,0
3810,5051.0,1465.0,1,0
3811,5052.0,1465.0,1,0
3812,5053.0,1465.0,1,1
3813,5054.0,1466.0,1,0
3814,5055.0,1466.0,1,0
3815,5056.0,1466.0,1,0
3816,5057.0,1466.0,1,0
3817,5058.0,1467.0,1,1
3818,5059.0,1467.0,1,0
3819,5060.0,1468.0,1,0
3820,5062.0,1469.0,1,1
3821,5063.0,1469.0,1,1
3822,5064.0,1469.0,1,1
3823,5065.0,1469.0,1,0
3824,5070.0,1470.0,1,0
3825,5071.0,1470.0,1,0
3826,5072.0,1470.0,1,0
3827,5073.0,1471.0,1,0
3828,5074.0,1471.0,1,1
3829,5076.0,1471.0,1,0
3830,5077.0,1472.0,1,0
3831,5078.0,1472.0,1,0
3832,5080.0,1472.0,1,0
3833,5083.0,1474.0,1,0
3834,5086.0,1474.0,1,1
3835,5088.0,1475.0,1,1
3836,5089.0,1475.0,1,0
3837,5090.0,1475.0,1,1
3838,5093.0,1476.0,1,1
3839,5094.0,1477.0,1,1
3840,5096.0,1477.0,1,1
3841,5097.0,1477.0,1,0
3842,5098.0,1478.0,1,1
3843,5103.0,1480.0,1,1
3844,5104.0,1480.0,1,0
3845,5106.0,1481.0,1,1
3846,5107.0,1482.0,1,0
3847,5110.0,1482.0,1,0
3848,5111.0,1482.0,1,0
3849,5113.0,1483.0,1,1
3850,5114.0,1483.0,1,0
3851,5116.0,1484.0,1,0
3852,5121.0,1485.0,1,0
3853,5122.0,1485.0,1,1
3854,5123.0,1485.0,1,1
3855,5125.0,1486.0,1,0
3856,5126.0,1486.0,1,0
3857,5127.0,1487.0,1,0
3858,5128.0,1487.0,1,0
3859,5131.0,1487.0,1,0
3860,5132.0,1487.0,1,0
3861,5133.0,1487.0,1,0
3862,5134.0,1488.0,1,0
3863,5135.0,1488.0,1,0
3864,5138.0,1489.0,1,1
3865,5139.0,1491.0,1,0
3866,5141.0,1491.0,1,1
3867,5142.0,1492.0,1,0
3868,5144.0,1492.0,1,1
3869,5145.0,1492.0,1,1
3870,5146.0,1492.0,1,1
3871,5148.0,1492.0,1,1
3872,5149.0,1493.0,1,0
3873,5151.0,1493.0,1,0
3874,5154.0,1493.0,1,0
3875,5155.0,1493.0,1,1
3876,5156.0,1494.0,1,1
3877,5157.0,1494.0,1,1
3878,5158.0,1494.0,1,1
3879,5159.0,1494.0,1,0
3880,5163.0,1495.0,1,0
3881,5165.0,1495.0,1,0
3882,5166.0,1495.0,1,0
3883,5167.0,1496.0,1,0
3884,5168.0,1496.0,1,0
3885,5170.0,1497.0,1,1
3886,5172.0,1497.0,1,1
3887,5174.0,1498.0,1,0
3888,5175.0,1498.0,1,0
3889,5177.0,1500.0,1,0
3890,5179.0,1500.0,1,0
3891,5180.0,1501.0,1,0
3892,5181.0,1501.0,1,0
3893,5182.0,1501.0,1,0
3894,5184.0,1501.0,1,1
3895,5187.0,1502.0,1,0
3896,5188.0,1502.0,1,1
3897,5189.0,1502.0,1,0
3898,5190.0,1502.0,1,0
3899,5191.0,1502.0,1,0
3900,5192.0,1502.0,1,0
3901,5193.0,1502.0,1,0
3902,5196.0,1504.0,1,0
3903,5197.0,1504.0,1,1
3904,5198.0,1504.0,1,0
3905,5199.0,1505.0,1,0
3906,5201.0,1506.0,1,1
3907,5202.0,1507.0,1,0
3908,5204.0,1507.0,1,0
3909,5205.0,1507.0,1,0
3910,5206.0,1507.0,1,0
3911,5207.0,1507.0,1,0
3912,5209.0,1508.0,1,0
3913,5210.0,1508.0,1,1
3914,5211.0,1508.0,1,1
3915,5212.0,1509.0,1,0
3916,5213.0,1509.0,1,0
3917,5214.0,1509.0,1,1
3918,5215.0,1510.0,1,0
3919,5217.0,1510.0,1,0
3920,5218.0,1511.0,1,1
3921,5220.0,1511.0,1,1
3922,5221.0,1511.0,1,1
3923,5222.0,1511.0,1,0
3924,5223.0,1512.0,1,1
3925,5224.0,1512.0,1,0
3926,5226.0,1513.0,1,0
3927,5228.0,1514.0,1,0
3928,5229.0,1514.0,1,0
3929,5230.0,1515.0,1,1
3930,5231.0,1515.0,1,0
3931,5232.0,1515.0,1,1
3932,5234.0,1515.0,1,0
3933,5235.0,1515.0,1,0
3934,5236.0,1516.0,1,1
3935,5238.0,1516.0,1,0
3936,5239.0,1517.0,1,0
3937,5240.0,1517.0,1,0
3938,5241.0,1518.0,1,0
3939,5242.0,1518.0,1,0
3940,5244.0,1519.0,1,0
3941,5246.0,1519.0,1,1
3942,5250.0,1521.0,1,0
3943,5251.0,1521.0,1,0
3944,5253.0,1521.0,1,1
3945,5254.0,1521.0,1,0
3946,5257.0,1522.0,1,0
3947,5258.0,1522.0,1,1
3948,5260.0,1522.0,1,1
3949,5261.0,1522.0,1,0
3950,5262.0,1522.0,1,0
3951,5263.0,1523.0,1,0
3952,5264.0,1523.0,1,0
3953,5265.0,1523.0,1,0
3954,5266.0,1524.0,1,0
3955,5267.0,1525.0,1,1
3956,5268.0,1526.0,1,0
3957,5271.0,1526.0,1,1
3958,5273.0,1527.0,1,1
3959,5274.0,1528.0,1,0
3960,5275.0,1528.0,1,1
3961,5276.0,1528.0,1,0
3962,5277.0,1529.0,1,0
3963,5278.0,1529.0,1,0
3964,5279.0,1530.0,1,0
3965,5281.0,1530.0,1,0
3966,5284.0,1531.0,1,1
3967,5285.0,1532.0,1,1
3968,5286.0,1532.0,1,1
3969,5287.0,1532.0,1,0
3970,5288.0,1532.0,1,0
3971,5289.0,1533.0,1,1
3972,5290.0,1534.0,1,1
3973,5293.0,1535.0,1,1
3974,5296.0,1536.0,1,0
3975,5298.0,1536.0,1,0
3976,5299.0,1536.0,1,0
3977,5300.0,1536.0,1,0
3978,5302.0,1536.0,1,0
3979,5303.0,1536.0,1,1
3980,5304.0,1536.0,1,1
3981,5305.0,1536.0,1,0
3982,5306.0,1537.0,1,1
3983,5307.0,1537.0,1,0
3984,5308.0,1538.0,1,1
3985,5309.0,1538.0,1,0
3986,5310.0,1538.0,1,1
3987,5311.0,1538.0,1,0
3988,5312.0,1538.0,1,1
3989,5313.0,1538.0,1,1
3990,5315.0,1538.0,1,0
3991,5316.0,1538.0,1,0
3992,5317.0,1538.0,1,0
3993,5319.0,1540.0,1,1
3994,5320.0,1540.0,1,1
3995,5321.0,1540.0,1,0
3996,5322.0,1540.0,1,0
3997,5323.0,1540.0,1,1
3998,5324.0,1540.0,1,0
3999,5325.0,1541.0,1,0
4000,5326.0,1542.0,1,0
4001,5327.0,1542.0,1,0
4002,5328.0,1543.0,1,0
4003,5329.0,1543.0,1,0
4004,5330.0,1543.0,1,0
4005,5331.0,1543.0,1,0
4006,5332.0,1545.0,1,1
4007,5333.0,1545.0,1,0
4008,5334.0,1546.0,1,0
4009,5338.0,1547.0,1,0
4010,5339.0,1547.0,1,0
4011,5341.0,1547.0,1,1
4012,5342.0,1547.0,1,0
4013,5344.0,1547.0,1,0
4014,5345.0,1547.0,1,0
4015,5346.0,1548.0,1,1
4016,5347.0,1548.0,1,0
4017,5348.0,1548.0,1,0
4018,5349.0,1548.0,1,0
4019,5352.0,1548.0,1,0
4020,5353.0,1548.0,1,1
4021,5354.0,1548.0,1,0
4022,5355.0,1549.0,1,0
4023,5356.0,1549.0,1,1
4024,5357.0,1550.0,1,1
4025,5358.0,1550.0,1,1
4026,5359.0,1550.0,1,0
4027,5360.0,1550.0,1,1
4028,5362.0,1551.0,1,0
4029,5364.0,1551.0,1,1
4030,5365.0,1552.0,1,0
4031,5370.0,1552.0,1,0
4032,5372.0,1553.0,1,1
4033,5373.0,1554.0,1,1
4034,5374.0,1555.0,1,1
4035,5375.0,1555.0,1,0
4036,5376.0,1555.0,1,0
4037,5378.0,1557.0,1,1
4038,5379.0,1558.0,1,0
4039,5380.0,1558.0,1,1
4040,5381.0,1558.0,1,0
4041,5383.0,1559.0,1,0
4042,5384.0,1561.0,1,1
4043,5387.0,1563.0,1,0
4044,5388.0,1563.0,1,0
4045,5389.0,1563.0,1,0
4046,5390.0,1563.0,1,1
4047,5391.0,1563.0,1,1
4048,5392.0,1563.0,1,0
4049,5393.0,1564.0,1,0
4050,5394.0,1564.0,1,0
4051,5396.0,1565.0,1,0
4052,5399.0,1566.0,1,0
4053,5400.0,1566.0,1,1
4054,5401.0,1566.0,1,0
4055,5402.0,1566.0,1,0
4056,5403.0,1566.0,1,1
4057,5404.0,1566.0,1,0
4058,5405.0,1566.0,1,0
4059,5406.0,1566.0,1,0
4060,5408.0,1566.0,1,1
4061,5409.0,1566.0,1,1
4062,5411.0,1567.0,1,1
4063,5412.0,1567.0,1,1
4064,5414.0,1567.0,1,0
4065,5415.0,1567.0,1,1
4066,5416.0,1567.0,1,0
4067,5417.0,1568.0,1,0
4068,5420.0,1568.0,1,0
4069,5421.0,1568.0,1,0
4070,5423.0,1569.0,1,0
4071,5424.0,1570.0,1,0
4072,5425.0,1571.0,1,0
4073,5426.0,1571.0,1,0
4074,5427.0,1571.0,1,0
4075,5428.0,1571.0,1,1
4076,5429.0,1571.0,1,0
4077,5430.0,1571.0,1,1
4078,5431.0,1571.0,1,1
4079,5432.0,1572.0,1,0
4080,5434.0,1572.0,1,1
4081,5435.0,1573.0,1,0
4082,5436.0,1573.0,1,0
4083,5437.0,1573.0,1,1
4084,5438.0,1573.0,1,1
4085,5439.0,1573.0,1,1
4086,5440.0,1574.0,1,1
4087,5441.0,1574.0,1,0
4088,5442.0,1574.0,1,0
4089,5444.0,1575.0,1,1
4090,5445.0,1575.0,1,0
4091,5446.0,1575.0,1,0
4092,5447.0,1576.0,1,1
4093,5448.0,1577.0,1,0
4094,5449.0,1577.0,1,0
4095,5451.0,1577.0,1,0
4096,5452.0,1577.0,1,0
4097,5453.0,1577.0,1,0
4098,5456.0,1578.0,1,0
4099,5459.0,1579.0,1,1
4100,5460.0,1580.0,1,0
4101,5462.0,1581.0,1,0
4102,5463.0,1582.0,1,0
4103,5466.0,1582.0,1,0
4104,5467.0,1582.0,1,0
4105,5468.0,1583.0,1,0
4106,5469.0,1583.0,1,0
4107,5470.0,1583.0,1,0
4108,5471.0,1583.0,1,1
4109,5472.0,1583.0,1,0
4110,5473.0,1583.0,1,0
4111,5474.0,1583.0,1,0
4112,5475.0,1583.0,1,0
4113,5476.0,1583.0,1,0
4114,5477.0,1585.0,1,0
4115,5478.0,1585.0,1,1
4116,5479.0,1585.0,1,0
4117,5480.0,1585.0,1,1
4118,5481.0,1585.0,1,0
4119,5482.0,1586.0,1,1
4120,5484.0,1587.0,1,0
4121,5485.0,1588.0,1,0
4122,5486.0,1589.0,1,0
4123,5487.0,1589.0,1,0
4124,5488.0,1589.0,1,1
4125,5489.0,1590.0,1,1
4126,5490.0,1590.0,1,0
4127,5491.0,1590.0,1,0
4128,5492.0,1590.0,1,1
4129,5493.0,1590.0,1,0
4130,5494.0,1591.0,1,1
4131,5496.0,1592.0,1,0
4132,5497.0,1593.0,1,1
4133,5499.0,1593.0,1,0
4134,5501.0,1593.0,1,1
4135,5502.0,1593.0,1,0
4136,5503.0,1593.0,1,0
4137,5504.0,1594.0,1,0
4138,5505.0,1594.0,1,0
4139,5506.0,1594.0,1,0
4140,5507.0,1594.0,1,0
4141,5509.0,1594.0,1,0
4142,5510.0,1594.0,1,1
4143,5513.0,1595.0,1,0
4144,5514.0,1595.0,1,1
4145,5515.0,1595.0,1,1
4146,5518.0,1596.0,1,1
4147,5520.0,1597.0,1,1
4148,5522.0,1598.0,1,0
4149,5523.0,1598.0,1,1
4150,5524.0,1598.0,1,1
4151,5526.0,1598.0,1,0
4152,5528.0,1599.0,1,0
4153,5529.0,1599.0,1,1
4154,5532.0,1600.0,1,1
4155,5533.0,1600.0,1,0
4156,5534.0,1600.0,1,0
4157,5535.0,1601.0,1,0
4158,5537.0,1601.0,1,0
4159,5538.0,1602.0,1,0
4160,5539.0,1602.0,1,0
4161,5540.0,1602.0,1,1
4162,5541.0,1603.0,1,1
4163,5543.0,1603.0,1,0
4164,5544.0,1604.0,1,1
4165,5545.0,1605.0,1,0
4166,5546.0,1605.0,1,0
4167,5547.0,1605.0,1,0
4168,5548.0,1606.0,1,1
4169,5549.0,1606.0,1,1
4170,5550.0,1606.0,1,0
4171,5551.0,1606.0,1,1
4172,5552.0,1606.0,1,0
4173,5553.0,1606.0,1,0
4174,5554.0,1607.0,1,0
4175,5555.0,1607.0,1,0
4176,5556.0,1607.0,1,0
4177,5557.0,1608.0,1,1
4178,5558.0,1608.0,1,0
4179,5560.0,1610.0,1,1
4180,5563.0,1612.0,1,1
4181,5566.0,1613.0,1,0
4182,5567.0,1613.0,1,0
4183,5568.0,1614.0,1,0
4184,5569.0,1614.0,1,1
4185,5570.0,1614.0,1,1
4186,5571.0,1614.0,1,1
4187,5572.0,1614.0,1,0
4188,5573.0,1614.0,1,1
4189,5575.0,1615.0,1,1
4190,5576.0,1615.0,1,1
4191,5577.0,1616.0,1,0
4192,5578.0,1616.0,1,1
4193,5579.0,1616.0,1,0
4194,5580.0,1616.0,1,0
4195,5581.0,1616.0,1,1
4196,5582.0,1616.0,1,0
4197,5583.0,1616.0,1,1
4198,5584.0,1617.0,1,1
4199,5585.0,1617.0,1,0
4200,5586.0,1617.0,1,1
4201,5587.0,1617.0,1,0
4202,5588.0,1618.0,1,0
4203,5589.0,1618.0,1,1
4204,5590.0,1618.0,1,0
4205,5594.0,1619.0,1,0
4206,5596.0,1619.0,1,0
4207,5597.0,1621.0,1,1
4208,5598.0,1621.0,1,1
4209,5599.0,1621.0,1,0
4210,5601.0,1621.0,1,1
4211,5603.0,1622.0,1,0
4212,5604.0,1622.0,1,1
4213,5605.0,1622.0,1,0
4214,5606.0,1623.0,1,0
4215,5607.0,1624.0,1,0
4216,5609.0,1624.0,1,0
4217,5610.0,1624.0,1,1
4218,5611.0,1624.0,1,0
4219,5613.0,1625.0,1,0
4220,5614.0,1625.0,1,1
4221,5615.0,1625.0,1,0
4222,5616.0,1625.0,1,0
4223,5617.0,1625.0,1,0
4224,5618.0,1625.0,1,0
4225,5619.0,1626.0,1,0
4226,5621.0,1626.0,1,1
4227,5622.0,1627.0,1,0
4228,5623.0,1627.0,1,0
4229,5624.0,1627.0,1,1
4230,5627.0,1630.0,1,1
4231,5628.0,1630.0,1,0
4232,5630.0,1631.0,1,1
4233,5631.0,1631.0,1,1
4234,5632.0,1631.0,1,0
4235,5633.0,1633.0,1,0
4236,5635.0,1634.0,1,0
4237,5637.0,1634.0,1,0
4238,5639.0,1634.0,1,0
4239,5640.0,1635.0,1,0
4240,5641.0,1635.0,1,0
4241,5642.0,1635.0,1,0
4242,5643.0,1635.0,1,0
4243,5644.0,1635.0,1,0
4244,5645.0,1635.0,1,1
4245,5646.0,1635.0,1,0
4246,5647.0,1636.0,1,1
4247,5648.0,1637.0,1,0
4248,5649.0,1637.0,1,0
4249,5650.0,1637.0,1,0
4250,5651.0,1637.0,1,0
4251,5652.0,1637.0,1,1
4252,5654.0,1639.0,1,1
4253,5655.0,1639.0,1,1
4254,5656.0,1639.0,1,1
4255,5658.0,1639.0,1,0
4256,5661.0,1640.0,1,1
4257,5662.0,1640.0,1,0
4258,5663.0,1640.0,1,0
4259,5664.0,1640.0,1,1
4260,5665.0,1640.0,1,0
4261,5666.0,1641.0,1,0
4262,5667.0,1641.0,1,1
4263,5668.0,1641.0,1,0
4264,5672.0,1642.0,1,0
4265,5673.0,1642.0,1,0
4266,5674.0,1644.0,1,0
4267,5675.0,1644.0,1,0
4268,5676.0,1644.0,1,0
4269,5677.0,1644.0,1,0
4270,5679.0,1644.0,1,0
4271,5680.0,1646.0,1,0
4272,5681.0,1646.0,1,1
4273,5683.0,1646.0,1,1
4274,5684.0,1647.0,1,0
4275,5685.0,1647.0,1,1
4276,5687.0,1647.0,1,0
4277,5688.0,1648.0,1,1
4278,5690.0,1648.0,1,0
4279,5691.0,1649.0,1,0
4280,5692.0,1650.0,1,0
4281,5693.0,1650.0,1,0
4282,5694.0,1651.0,1,1
4283,5697.0,1651.0,1,0
4284,5698.0,1651.0,1,0
4285,5699.0,1651.0,1,0
4286,5700.0,1651.0,1,0
4287,5701.0,1653.0,1,1
4288,5702.0,1653.0,1,0
4289,5705.0,1653.0,1,0
4290,5706.0,1654.0,1,1
4291,5707.0,1654.0,1,0
4292,5708.0,1654.0,1,0
4293,5709.0,1654.0,1,0
4294,5710.0,1654.0,1,0
4295,5711.0,1655.0,1,1
4296,5712.0,1655.0,1,0
4297,5714.0,1655.0,1,0
4298,5715.0,1655.0,1,0
4299,5716.0,1655.0,1,0
4300,5717.0,1656.0,1,1
4301,5718.0,1656.0,1,0
4302,5719.0,1656.0,1,0
4303,5720.0,1656.0,1,0
4304,5721.0,1657.0,1,1
4305,5722.0,1658.0,1,0
4306,5723.0,1659.0,1,0
4307,5724.0,1660.0,1,1
4308,5726.0,1660.0,1,0
4309,5727.0,1660.0,1,1
4310,5729.0,1662.0,1,0
4311,5731.0,1662.0,1,0
4312,5732.0,1662.0,1,0
4313,5734.0,1662.0,1,1
4314,5735.0,1662.0,1,1
4315,5736.0,1663.0,1,0
4316,5737.0,1663.0,1,1
4317,5739.0,1664.0,1,0
4318,5740.0,1664.0,1,1
4319,5743.0,1664.0,1,1
4320,5744.0,1665.0,1,1
4321,5747.0,1665.0,1,0
4322,5748.0,1665.0,1,0
4323,5749.0,1665.0,1,0
4324,5750.0,1666.0,1,0
4325,5751.0,1667.0,1,0
4326,5752.0,1667.0,1,0
4327,5753.0,1667.0,1,0
4328,5754.0,1668.0,1,1
4329,5755.0,1669.0,1,0
4330,5756.0,1669.0,1,0
4331,5757.0,1669.0,1,0
4332,5758.0,1669.0,1,0
4333,5763.0,1670.0,1,1
4334,5764.0,1671.0,1,1
4335,5765.0,1671.0,1,0
4336,5766.0,1671.0,1,0
4337,5767.0,1671.0,1,0
4338,5768.0,1671.0,1,0
4339,5769.0,1671.0,1,1
4340,5771.0,1672.0,1,0
4341,5772.0,1673.0,1,0
4342,5774.0,1673.0,1,1
4343,5776.0,1673.0,1,1
4344,5778.0,1673.0,1,0
4345,5779.0,1674.0,1,0
4346,5780.0,1674.0,1,0
4347,5781.0,1675.0,1,1
4348,5785.0,1675.0,1,1
4349,5786.0,1676.0,1,0
4350,5787.0,1676.0,1,1
4351,5788.0,1676.0,1,1
4352,5789.0,1677.0,1,0
4353,5790.0,1677.0,1,1
4354,5791.0,1677.0,1,0
4355,5793.0,1677.0,1,0
4356,5794.0,1677.0,1,1
4357,5795.0,1677.0,1,0
4358,5799.0,1678.0,1,0
4359,5800.0,1679.0,1,0
4360,5806.0,1679.0,1,0
4361,5807.0,1680.0,1,1
4362,5808.0,1680.0,1,1
4363,5810.0,1680.0,1,0
4364,5812.0,1681.0,1,0
4365,5814.0,1682.0,1,1
4366,5815.0,1683.0,1,1
4367,5816.0,1683.0,1,1
4368,5818.0,1683.0,1,0
4369,5819.0,1683.0,1,0
4370,5820.0,1683.0,1,0
4371,5823.0,1685.0,1,0
4372,5824.0,1685.0,1,0
4373,5825.0,1685.0,1,1
4374,5826.0,1685.0,1,0
4375,5827.0,1686.0,1,0
4376,5828.0,1686.0,1,1
4377,5829.0,1686.0,1,0
4378,5830.0,1686.0,1,0
4379,5833.0,1687.0,1,0
4380,5835.0,1688.0,1,0
4381,5836.0,1688.0,1,0
4382,5837.0,1688.0,1,1
4383,5839.0,1688.0,1,0
4384,5840.0,1688.0,1,0
4385,5841.0,1688.0,1,0
4386,5842.0,1688.0,1,0
4387,5844.0,1690.0,1,1
4388,5845.0,1690.0,1,0
4389,5846.0,1690.0,1,0
4390,5847.0,1690.0,1,0
4391,5848.0,1690.0,1,1
4392,5849.0,1690.0,1,0
4393,5853.0,1692.0,1,1
4394,5855.0,1693.0,1,1
4395,5856.0,1693.0,1,1
4396,5858.0,1694.0,1,0
4397,5860.0,1695.0,1,0
4398,5861.0,1695.0,1,0
4399,5863.0,1696.0,1,0
4400,5864.0,1696.0,1,1
4401,5865.0,1696.0,1,0
4402,5866.0,1696.0,1,1
4403,5867.0,1696.0,1,0
4404,5869.0,1696.0,1,1
4405,5870.0,1696.0,1,1
4406,5873.0,1698.0,1,0
4407,5874.0,1698.0,1,0
4408,5875.0,1698.0,1,0
4409,5876.0,1698.0,1,0
4410,5877.0,1698.0,1,1
4411,5878.0,1698.0,1,1
4412,5880.0,1699.0,1,1
4413,5881.0,1699.0,1,0
4414,5882.0,1699.0,1,0
4415,5884.0,1699.0,1,0
4416,5886.0,1699.0,1,0
4417,5887.0,1699.0,1,0
4418,5889.0,1700.0,1,1
4419,5890.0,1701.0,1,0
4420,5891.0,1702.0,1,1
4421,5892.0,1703.0,1,1
4422,5893.0,1703.0,1,0
4423,5894.0,1703.0,1,0
4424,5895.0,1703.0,1,0
4425,5896.0,1703.0,1,1
4426,5897.0,1705.0,1,1
4427,5898.0,1705.0,1,1
4428,5899.0,1706.0,1,1
4429,5901.0,1706.0,1,1
4430,5904.0,1708.0,1,1
4431,5906.0,1709.0,1,0
4432,5907.0,1709.0,1,0
4433,5908.0,1709.0,1,0
4434,5909.0,1709.0,1,1
4435,5911.0,1709.0,1,0
4436,5913.0,1710.0,1,0
4437,5914.0,1711.0,1,0
4438,5915.0,1712.0,1,0
4439,5916.0,1713.0,1,1
4440,5917.0,1713.0,1,0
4441,5919.0,1714.0,1,0
4442,5920.0,1714.0,1,0
4443,5921.0,1714.0,1,1
4444,5922.0,1714.0,1,0
4445,5924.0,1714.0,1,0
4446,5925.0,1715.0,1,1
4447,5927.0,1715.0,1,0
4448,5928.0,1715.0,1,1
4449,5929.0,1716.0,1,0
4450,5931.0,1716.0,1,0
4451,5932.0,1716.0,1,0
4452,5933.0,1716.0,1,0
4453,5934.0,1716.0,1,0
4454,5935.0,1717.0,1,1
4455,5937.0,1717.0,1,0
4456,5939.0,1717.0,1,1
4457,5940.0,1718.0,1,0
4458,5941.0,1719.0,1,0
4459,5942.0,1719.0,1,1
4460,5943.0,1719.0,1,1
4461,5944.0,1719.0,1,0
4462,5945.0,1719.0,1,1
4463,5946.0,1720.0,1,0
4464,5947.0,1720.0,1,1
4465,5948.0,1720.0,1,1
4466,5949.0,1720.0,1,1
4467,5950.0,1720.0,1,1
4468,5952.0,1720.0,1,0
4469,5953.0,1720.0,1,0
4470,5954.0,1721.0,1,0
4471,5955.0,1721.0,1,0
4472,5959.0,1721.0,1,1
4473,5960.0,1721.0,1,1
4474,5963.0,1722.0,1,0
4475,5964.0,1722.0,1,0
4476,5966.0,1722.0,1,0
4477,5969.0,1723.0,1,0
4478,5970.0,1723.0,1,0
4479,5971.0,1723.0,1,0
4480,5974.0,1724.0,1,1
4481,5975.0,1724.0,1,0
4482,5976.0,1724.0,1,0
4483,5978.0,1725.0,1,0
4484,5982.0,1726.0,1,0
4485,5984.0,1726.0,1,0
4486,5986.0,1727.0,1,0
4487,5987.0,1727.0,1,0
4488,5988.0,1727.0,1,1
4489,5990.0,1728.0,1,1
4490,5991.0,1729.0,1,0
4491,5992.0,1729.0,1,0
4492,5993.0,1730.0,1,0
4493,5994.0,1730.0,1,0
4494,5995.0,1730.0,1,1
4495,5996.0,1730.0,1,0
4496,5998.0,1730.0,1,0
4497,5999.0,1731.0,1,1
4498,6000.0,1732.0,1,1
4499,6001.0,1732.0,1,1
4500,6002.0,1733.0,1,1
4501,6003.0,1733.0,1,1
4502,6004.0,1733.0,1,1
4503,6005.0,1733.0,1,0
4504,6006.0,1734.0,1,0
4505,6007.0,1734.0,1,1
4506,6008.0,1736.0,1,0
4507,6009.0,1736.0,1,0
4508,6010.0,1736.0,1,0
4509,6011.0,1736.0,1,1
4510,6012.0,1736.0,1,1
4511,6014.0,1737.0,1,0
4512,6016.0,1737.0,1,1
4513,6018.0,1738.0,1,1
4514,6019.0,1738.0,1,0
4515,6020.0,1739.0,1,0
4516,6021.0,1739.0,1,0
4517,6022.0,1739.0,1,1
4518,6023.0,1739.0,1,0
4519,6024.0,1740.0,1,0
4520,6025.0,1740.0,1,0
4521,6026.0,1740.0,1,1
4522,6027.0,1740.0,1,1
4523,6028.0,1741.0,1,0
4524,6029.0,1741.0,1,1
4525,6030.0,1741.0,1,0
4526,6032.0,1742.0,1,1
4527,6034.0,1742.0,1,1
4528,6036.0,1743.0,1,0
4529,6037.0,1743.0,1,0
4530,6038.0,1743.0,1,0
4531,6039.0,1743.0,1,0
4532,6041.0,1743.0,1,0
4533,6042.0,1744.0,1,1
4534,6043.0,1745.0,1,0
4535,6045.0,1745.0,1,1
4536,6046.0,1745.0,1,0
4537,6049.0,1745.0,1,0
4538,6050.0,1746.0,1,1
4539,6052.0,1746.0,1,1
4540,6054.0,1746.0,1,1
4541,6055.0,1746.0,1,1
4542,6056.0,1746.0,1,0
4543,6057.0,1746.0,1,0
4544,6058.0,1747.0,1,1
4545,6062.0,1748.0,1,0
4546,6063.0,1748.0,1,1
4547,6064.0,1748.0,1,0
4548,6065.0,1749.0,1,1
4549,6066.0,1749.0,1,0
4550,6067.0,1749.0,1,0
4551,6068.0,1749.0,1,0
4552,6069.0,1750.0,1,0
4553,6072.0,1750.0,1,0
4554,6073.0,1750.0,1,1
4555,6074.0,1750.0,1,0
4556,6075.0,1751.0,1,0
4557,6076.0,1751.0,1,0
4558,6078.0,1751.0,1,0
4559,6079.0,1752.0,1,1
4560,6080.0,1752.0,1,1
4561,6082.0,1753.0,1,0
4562,6085.0,1753.0,1,0
4563,6086.0,1753.0,1,1
4564,6087.0,1754.0,1,1
4565,6089.0,1754.0,1,1
4566,6090.0,1754.0,1,0
4567,6091.0,1754.0,1,0
4568,6092.0,1756.0,1,0
4569,6094.0,1757.0,1,0
4570,6096.0,1757.0,1,0
4571,6099.0,1758.0,1,1
4572,6100.0,1758.0,1,0
4573,6101.0,1758.0,1,0
4574,6103.0,1759.0,1,0
4575,6104.0,1759.0,1,1
4576,6105.0,1759.0,1,0
4577,6107.0,1760.0,1,1
4578,6108.0,1760.0,1,0
4579,6111.0,1762.0,1,1
4580,6112.0,1762.0,1,0
4581,6113.0,1764.0,1,0
4582,6114.0,1764.0,1,0
4583,6116.0,1765.0,1,0
4584,6117.0,1765.0,1,0
4585,6119.0,1766.0,1,1
4586,6121.0,1766.0,1,0
4587,6122.0,1766.0,1,1
4588,6123.0,1766.0,1,0
4589,6124.0,1766.0,1,0
4590,6125.0,1766.0,1,0
4591,6128.0,1768.0,1,1
4592,6130.0,1769.0,1,0
4593,6131.0,1769.0,1,0
4594,6133.0,1769.0,1,0
4595,6134.0,1771.0,1,1
4596,6135.0,1771.0,1,1
4597,6136.0,1771.0,1,1
4598,6138.0,1771.0,1,0
4599,6139.0,1771.0,1,1
4600,6140.0,1771.0,1,1
4601,6141.0,1771.0,1,0
4602,6142.0,1772.0,1,0
4603,6143.0,1773.0,1,1
4604,6144.0,1773.0,1,0
4605,6146.0,1774.0,1,0
4606,6147.0,1774.0,1,1
4607,6149.0,1774.0,1,0
4608,6150.0,1774.0,1,1
4609,6152.0,1775.0,1,0
4610,6153.0,1775.0,1,0
4611,6154.0,1776.0,1,0
4612,6155.0,1777.0,1,0
4613,6156.0,1777.0,1,0
4614,6157.0,1777.0,1,0
4615,6158.0,1777.0,1,0
4616,6159.0,1777.0,1,0
4617,6161.0,1778.0,1,1
4618,6162.0,1779.0,1,0
4619,6163.0,1779.0,1,0
4620,6164.0,1779.0,1,0
4621,6165.0,1780.0,1,0
4622,6166.0,1780.0,1,1
4623,6167.0,1780.0,1,0
4624,6168.0,1781.0,1,1
4625,6169.0,1781.0,1,0
4626,6171.0,1781.0,1,0
4627,6172.0,1781.0,1,1
4628,6173.0,1782.0,1,0
4629,6174.0,1782.0,1,0
4630,6175.0,1782.0,1,0
4631,6176.0,1782.0,1,1
4632,6177.0,1783.0,1,0
4633,6179.0,1783.0,1,0
4634,6180.0,1784.0,1,1
4635,6182.0,1785.0,1,0
4636,6183.0,1785.0,1,0
4637,6185.0,1785.0,1,0
4638,6186.0,1785.0,1,1
4639,6188.0,1786.0,1,1
4640,6189.0,1786.0,1,1
4641,6190.0,1786.0,1,0
4642,6191.0,1786.0,1,0
4643,6193.0,1786.0,1,0
4644,6194.0,1786.0,1,0
4645,6195.0,1787.0,1,1
4646,6196.0,1787.0,1,0
4647,6197.0,1788.0,1,0
4648,6198.0,1788.0,1,1
4649,6199.0,1788.0,1,0
4650,6200.0,1788.0,1,0
4651,6201.0,1789.0,1,0
4652,6203.0,1789.0,1,1
4653,6204.0,1789.0,1,0
4654,6205.0,1789.0,1,0
4655,6206.0,1790.0,1,1
4656,6207.0,1790.0,1,1
4657,6208.0,1790.0,1,0
4658,6209.0,1790.0,1,0
4659,6210.0,1790.0,1,0
4660,6211.0,1791.0,1,0
4661,6212.0,1791.0,1,1
4662,6213.0,1791.0,1,1
4663,6214.0,1791.0,1,0
4664,6215.0,1792.0,1,0
4665,6216.0,1792.0,1,1
4666,6217.0,1792.0,1,1
4667,6218.0,1792.0,1,0
4668,6219.0,1792.0,1,0
4669,6220.0,1793.0,1,0
4670,6222.0,1794.0,1,0
4671,6223.0,1794.0,1,0
4672,6225.0,1794.0,1,0
4673,6228.0,1797.0,1,1
4674,6229.0,1797.0,1,0
4675,6230.0,1797.0,1,0
4676,6232.0,1797.0,1,1
4677,6234.0,1797.0,1,0
4678,6235.0,1798.0,1,1
4679,6237.0,1798.0,1,1
4680,6238.0,1798.0,1,0
4681,6239.0,1799.0,1,1
4682,6241.0,1799.0,1,0
4683,6242.0,1799.0,1,0
4684,6244.0,1799.0,1,0
4685,6245.0,1800.0,1,0
4686,6246.0,1800.0,1,0
4687,6247.0,1800.0,1,1
4688,6249.0,1801.0,1,1
4689,6251.0,1801.0,1,1
4690,6252.0,1802.0,1,0
4691,6253.0,1802.0,1,0
4692,6255.0,1805.0,1,0
4693,6256.0,1805.0,1,1
4694,6257.0,1805.0,1,0
4695,6258.0,1805.0,1,1
4696,6260.0,1806.0,1,0
4697,6261.0,1807.0,1,1
4698,6262.0,1807.0,1,0
4699,6263.0,1807.0,1,0
4700,6266.0,1807.0,1,0
4701,6267.0,1808.0,1,1
4702,6268.0,1808.0,1,0
4703,6269.0,1808.0,1,0
4704,6271.0,1809.0,1,0
4705,6272.0,1811.0,1,0
4706,6273.0,1811.0,1,0
4707,6274.0,1811.0,1,0
4708,6275.0,1811.0,1,0
4709,6276.0,1812.0,1,0
4710,6277.0,1812.0,1,1
4711,6279.0,1812.0,1,0
4712,6280.0,1812.0,1,0
4713,6281.0,1812.0,1,1
4714,6282.0,1813.0,1,0
4715,6285.0,1814.0,1,0
4716,6287.0,1815.0,1,1
4717,6288.0,1815.0,1,0
4718,6289.0,1815.0,1,1
4719,6290.0,1815.0,1,0
4720,6291.0,1815.0,1,1
4721,6292.0,1815.0,1,0
4722,6294.0,1816.0,1,0
4723,6295.0,1817.0,1,1
4724,6296.0,1817.0,1,0
4725,6297.0,1817.0,1,1
4726,6299.0,1817.0,1,1
4727,6301.0,1818.0,1,0
4728,6305.0,1820.0,1,0
4729,6306.0,1821.0,1,1
4730,6308.0,1821.0,1,0
4731,6309.0,1822.0,1,1
4732,6310.0,1822.0,1,1
4733,6312.0,1824.0,1,0
4734,6313.0,1824.0,1,0
4735,6314.0,1824.0,1,0
4736,6317.0,1824.0,1,0
4737,6318.0,1824.0,1,0
4738,6319.0,1825.0,1,1
4739,6320.0,1825.0,1,0
4740,6321.0,1825.0,1,0
4741,6324.0,1825.0,1,0
4742,6325.0,1826.0,1,0
4743,6326.0,1826.0,1,0
4744,6327.0,1826.0,1,0
4745,6329.0,1828.0,1,0
4746,6330.0,1828.0,1,0
4747,6331.0,1829.0,1,0
4748,6332.0,1829.0,1,1
4749,6334.0,1829.0,1,1
4750,6335.0,1829.0,1,0
4751,6336.0,1830.0,1,0
4752,6337.0,1830.0,1,0
4753,6340.0,1831.0,1,1
4754,6341.0,1831.0,1,0
4755,6342.0,1831.0,1,0
4756,6344.0,1833.0,1,0
4757,6345.0,1833.0,1,0
4758,6346.0,1833.0,1,1
4759,6348.0,1833.0,1,1
4760,6349.0,1833.0,1,0
4761,6351.0,1834.0,1,1
4762,6352.0,1834.0,1,0
4763,6353.0,1834.0,1,0
4764,6354.0,1834.0,1,0
4765,6355.0,1835.0,1,1
4766,6357.0,1835.0,1,1
4767,6359.0,1836.0,1,0
4768,6360.0,1837.0,1,1
4769,6361.0,1837.0,1,0
4770,6362.0,1838.0,1,0
4771,6363.0,1838.0,1,0
4772,6364.0,1839.0,1,1
4773,6365.0,1839.0,1,0
4774,6366.0,1839.0,1,0
4775,6372.0,1840.0,1,1
4776,6373.0,1841.0,1,0
4777,6374.0,1841.0,1,1
4778,6375.0,1841.0,1,0
4779,6376.0,1842.0,1,0
4780,6377.0,1842.0,1,1
4781,6379.0,1843.0,1,0
4782,6380.0,1843.0,1,1
4783,6381.0,1843.0,1,0
4784,6382.0,1843.0,1,0
4785,6383.0,1843.0,1,0
4786,6384.0,1843.0,1,1
4787,6385.0,1843.0,1,0
4788,6386.0,1844.0,1,0
4789,6387.0,1844.0,1,0
4790,6388.0,1845.0,1,0
4791,6389.0,1846.0,1,1
4792,6390.0,1846.0,1,0
4793,6391.0,1846.0,1,1
4794,6394.0,1847.0,1,0
4795,6395.0,1849.0,1,1
4796,6397.0,1849.0,1,0
4797,6398.0,1849.0,1,0
4798,6399.0,1849.0,1,0
4799,6400.0,1849.0,1,0
4800,6402.0,1851.0,1,1
4801,6403.0,1851.0,1,0
4802,6405.0,1851.0,1,0
4803,6406.0,1851.0,1,0
4804,6407.0,1851.0,1,0
4805,6409.0,1851.0,1,1
4806,6410.0,1851.0,1,0
4807,6412.0,1852.0,1,1
4808,6414.0,1852.0,1,1
4809,6416.0,1853.0,1,1
4810,6417.0,1853.0,1,0
4811,6418.0,1853.0,1,0
4812,6419.0,1853.0,1,0
4813,6420.0,1853.0,1,1
4814,6421.0,1854.0,1,1
4815,6423.0,1854.0,1,1
4816,6425.0,1855.0,1,0
4817,6426.0,1855.0,1,0
4818,6427.0,1856.0,1,1
4819,6429.0,1856.0,1,0
4820,6430.0,1856.0,1,0
4821,6431.0,1856.0,1,0
4822,6432.0,1857.0,1,0
4823,6433.0,1857.0,1,0
4824,6436.0,1859.0,1,1
4825,6439.0,1860.0,1,0
4826,6442.0,1861.0,1,0
4827,6443.0,1862.0,1,1
4828,6444.0,1862.0,1,1
4829,6445.0,1863.0,1,0
4830,6446.0,1863.0,1,0
4831,6447.0,1864.0,1,1
4832,6448.0,1865.0,1,0
4833,6449.0,1865.0,1,1
4834,6450.0,1865.0,1,1
4835,6452.0,1866.0,1,0
4836,6453.0,1866.0,1,0
4837,6454.0,1866.0,1,1
4838,6456.0,1867.0,1,0
4839,6458.0,1868.0,1,0
4840,6461.0,1868.0,1,0
4841,6462.0,1868.0,1,1
4842,6463.0,1869.0,1,1
4843,6464.0,1869.0,1,0
4844,6465.0,1869.0,1,0
4845,6466.0,1870.0,1,0
4846,6468.0,1870.0,1,0
4847,6471.0,1871.0,1,1
4848,6472.0,1872.0,1,1
4849,6473.0,1872.0,1,0
4850,6474.0,1872.0,1,0
4851,6475.0,1873.0,1,0
4852,6477.0,1874.0,1,0
4853,6478.0,1874.0,1,0
4854,6479.0,1874.0,1,1
4855,6480.0,1874.0,1,1
4856,6481.0,1875.0,1,1
4857,6483.0,1875.0,1,0
4858,6484.0,1875.0,1,1
4859,6486.0,1876.0,1,1
4860,6487.0,1877.0,1,1
4861,6488.0,1877.0,1,0
4862,6489.0,1877.0,1,0
4863,6491.0,1878.0,1,1
4864,6493.0,1879.0,1,1
4865,6494.0,1880.0,1,0
4866,6495.0,1880.0,1,0
4867,6496.0,1880.0,1,0
4868,6497.0,1880.0,1,0
4869,6498.0,1880.0,1,1
4870,6500.0,1881.0,1,0
4871,6501.0,1883.0,1,0
4872,6502.0,1883.0,1,1
4873,6503.0,1883.0,1,1
4874,6505.0,1884.0,1,1
4875,6506.0,1884.0,1,0
4876,6507.0,1884.0,1,1
4877,6510.0,1885.0,1,0
4878,6511.0,1886.0,1,0
4879,6513.0,1886.0,1,0
4880,6514.0,1886.0,1,1
4881,6515.0,1887.0,1,1
4882,6516.0,1887.0,1,0
4883,6519.0,1887.0,1,1
4884,6520.0,1887.0,1,1
4885,6521.0,1888.0,1,1
4886,6523.0,1888.0,1,0
4887,6525.0,1888.0,1,1
4888,6526.0,1888.0,1,0
4889,6527.0,1888.0,1,1
4890,6528.0,1888.0,1,0
4891,6529.0,1888.0,1,0
4892,6530.0,1888.0,1,1
4893,6531.0,1889.0,1,0
4894,6532.0,1889.0,1,0
4895,6533.0,1890.0,1,0
4896,6534.0,1890.0,1,1
4897,6536.0,1892.0,1,0
4898,6537.0,1892.0,1,0
4899,6538.0,1892.0,1,1
4900,6540.0,1893.0,1,0
4901,6541.0,1894.0,1,0
4902,6542.0,1894.0,1,0
4903,6544.0,1894.0,1,1
4904,6546.0,1895.0,1,0
4905,6547.0,1895.0,1,0
4906,6549.0,1896.0,1,0
4907,6550.0,1896.0,1,1
4908,6552.0,1897.0,1,0
4909,6554.0,1897.0,1,0
4910,6555.0,1897.0,1,1
4911,6556.0,1897.0,1,0
4912,6557.0,1897.0,1,0
4913,6558.0,1898.0,1,0
4914,6559.0,1898.0,1,0
4915,6560.0,1898.0,1,1
4916,6561.0,1898.0,1,0
4917,6562.0,1898.0,1,0
4918,6563.0,1898.0,1,1
4919,6564.0,1900.0,1,0
4920,6565.0,1900.0,1,1
4921,6567.0,1901.0,1,0
4922,6568.0,1901.0,1,1
4923,6569.0,1901.0,1,1
4924,6570.0,1902.0,1,0
4925,6572.0,1902.0,1,0
4926,6573.0,1902.0,1,0
4927,6574.0,1902.0,1,0
4928,6575.0,1903.0,1,1
4929,6577.0,1903.0,1,0
4930,6578.0,1903.0,1,1
4931,6579.0,1903.0,1,0
4932,6581.0,1904.0,1,1
4933,6582.0,1905.0,1,1
4934,6584.0,1906.0,1,0
4935,6585.0,1906.0,1,1
4936,6587.0,1906.0,1,0
4937,6589.0,1907.0,1,1
4938,6590.0,1907.0,1,0
4939,6591.0,1908.0,1,0
4940,6592.0,1908.0,1,1
4941,6593.0,1908.0,1,0
4942,6594.0,1909.0,1,0
4943,6595.0,1909.0,1,1
4944,6596.0,1909.0,1,0
4945,6599.0,1910.0,1,0
4946,6602.0,1910.0,1,0
4947,6603.0,1910.0,1,0
4948,6607.0,1911.0,1,1
4949,6608.0,1911.0,1,1
4950,6609.0,1911.0,1,0
4951,6611.0,1912.0,1,0
4952,6613.0,1913.0,1,0
4953,6614.0,1914.0,1,1
4954,6616.0,1914.0,1,1
4955,6617.0,1914.0,1,0
4956,6618.0,1914.0,1,0
4957,6619.0,1914.0,1,0
4958,6620.0,1914.0,1,1
4959,6621.0,1916.0,1,0
4960,6622.0,1916.0,1,0
4961,6623.0,1916.0,1,0
4962,6624.0,1917.0,1,0
4963,6625.0,1917.0,1,0
4964,6626.0,1918.0,1,0
4965,6627.0,1918.0,1,1
4966,6628.0,1919.0,1,0
4967,6629.0,1920.0,1,1
4968,6631.0,1920.0,1,1
4969,6632.0,1920.0,1,0
4970,6633.0,1920.0,1,1
4971,6634.0,1920.0,1,0
4972,6635.0,1920.0,1,0
4973,6636.0,1921.0,1,0
4974,6637.0,1921.0,1,1
4975,6638.0,1922.0,1,1
4976,6639.0,1922.0,1,1
4977,6640.0,1923.0,1,0
4978,6641.0,1923.0,1,0
4979,6642.0,1923.0,1,1
4980,6643.0,1923.0,1,1
4981,6645.0,1924.0,1,0
4982,6646.0,1924.0,1,0
4983,6647.0,1924.0,1,0
4984,6648.0,1926.0,1,0
4985,6649.0,1927.0,1,0
4986,6650.0,1927.0,1,1
4987,6651.0,1927.0,1,0
4988,6652.0,1927.0,1,0
4989,6653.0,1928.0,1,0
4990,6654.0,1929.0,1,0
4991,6655.0,1929.0,1,0
4992,6656.0,1929.0,1,1
4993,6657.0,1929.0,1,1
4994,6658.0,1929.0,1,0
4995,6659.0,1929.0,1,0
4996,6660.0,1930.0,1,1
4997,6661.0,1930.0,1,0
4998,6662.0,1930.0,1,1
4999,6663.0,1930.0,1,1
5000,6664.0,1930.0,1,0
5001,6665.0,1931.0,1,0
5002,6666.0,1931.0,1,0
5003,6668.0,1931.0,1,0
5004,6669.0,1931.0,1,0
5005,6671.0,1933.0,1,0
5006,6672.0,1933.0,1,0
5007,6673.0,1933.0,1,0
5008,6674.0,1933.0,1,0
5009,6675.0,1933.0,1,0
5010,6676.0,1934.0,1,0
5011,6677.0,1934.0,1,0
5012,6678.0,1934.0,1,0
5013,6679.0,1934.0,1,0
5014,6681.0,1934.0,1,0
5015,6682.0,1935.0,1,1
5016,6683.0,1935.0,1,1
5017,6684.0,1935.0,1,1
5018,6685.0,1936.0,1,1
5019,6686.0,1936.0,1,0
5020,6687.0,1937.0,1,1
5021,6688.0,1937.0,1,1
5022,6689.0,1937.0,1,1
5023,6691.0,1937.0,1,0
5024,6692.0,1938.0,1,1
5025,6695.0,1938.0,1,1
5026,6696.0,1938.0,1,1
5027,6697.0,1938.0,1,1
5028,6698.0,1938.0,1,1
5029,6699.0,1938.0,1,0
5030,6700.0,1938.0,1,1
5031,6701.0,1939.0,1,0
5032,6702.0,1939.0,1,0
5033,6703.0,1939.0,1,0
5034,6705.0,1940.0,1,0
5035,6706.0,1940.0,1,1
5036,6707.0,1940.0,1,0
5037,6708.0,1940.0,1,1
5038,6710.0,1941.0,1,1
5039,6711.0,1941.0,1,1
5040,6712.0,1941.0,1,0
5041,6713.0,1941.0,1,0
5042,6716.0,1941.0,1,0
5043,6717.0,1942.0,1,0
5044,6718.0,1943.0,1,0
5045,6720.0,1944.0,1,1
5046,6721.0,1945.0,1,0
5047,6722.0,1945.0,1,1
5048,6723.0,1946.0,1,0
5049,6724.0,1946.0,1,0
5050,6726.0,1946.0,1,0
5051,6727.0,1947.0,1,0
5052,6729.0,1947.0,1,0
5053,6730.0,1947.0,1,0
5054,6732.0,1947.0,1,0
5055,6733.0,1947.0,1,0
5056,6734.0,1948.0,1,0
5057,6735.0,1948.0,1,0
5058,6736.0,1948.0,1,0
5059,6737.0,1948.0,1,0
5060,6738.0,1948.0,1,0
5061,6739.0,1948.0,1,0
5062,6740.0,1948.0,1,0
5063,6741.0,1949.0,1,0
5064,6742.0,1949.0,1,0
5065,6743.0,1949.0,1,1
5066,6744.0,1949.0,1,1
5067,6746.0,1950.0,1,1
5068,6748.0,1950.0,1,0
5069,6749.0,1950.0,1,1
5070,6750.0,1950.0,1,0
5071,6751.0,1950.0,1,0
5072,6752.0,1950.0,1,1
5073,6754.0,1951.0,1,1
5074,6755.0,1951.0,1,0
5075,6756.0,1951.0,1,1
5076,6757.0,1951.0,1,1
5077,6758.0,1952.0,1,0
5078,6759.0,1952.0,1,0
5079,6760.0,1953.0,1,0
5080,6761.0,1953.0,1,0
5081,6762.0,1953.0,1,1
5082,6763.0,1953.0,1,0
5083,6764.0,1953.0,1,1
5084,6765.0,1953.0,1,1
5085,6766.0,1953.0,1,1
5086,6768.0,1954.0,1,0
5087,6769.0,1955.0,1,1
5088,6770.0,1955.0,1,0
5089,6773.0,1956.0,1,1
5090,6774.0,1957.0,1,1
5091,6775.0,1957.0,1,0
5092,6776.0,1957.0,1,0
5093,6777.0,1957.0,1,0
5094,6778.0,1957.0,1,1
5095,6779.0,1958.0,1,1
5096,6780.0,1958.0,1,0
5097,6781.0,1958.0,1,1
5098,6783.0,1959.0,1,1
5099,6784.0,1959.0,1,1
5100,6785.0,1959.0,1,0
5101,6789.0,1960.0,1,0
5102,6790.0,1961.0,1,1
5103,6793.0,1962.0,1,0
5104,6795.0,1964.0,1,1
5105,6798.0,1964.0,1,0
5106,6799.0,1966.0,1,1
5107,6800.0,1967.0,1,0
5108,6801.0,1968.0,1,1
5109,6802.0,1968.0,1,0
5110,6803.0,1969.0,1,1
5111,6804.0,1969.0,1,0
5112,6806.0,1970.0,1,0
5113,6807.0,1971.0,1,0
5114,6808.0,1971.0,1,0
5115,6809.0,1971.0,1,1
5116,6810.0,1971.0,1,0
5117,6811.0,1971.0,1,0
5118,6812.0,1971.0,1,1
5119,6814.0,1972.0,1,0
5120,6815.0,1972.0,1,0
5121,6816.0,1972.0,1,0
5122,6817.0,1972.0,1,0
5123,6818.0,1973.0,1,0
5124,6819.0,1974.0,1,0
5125,6821.0,1975.0,1,0
5126,6822.0,1975.0,1,0
5127,6823.0,1976.0,1,0
5128,6824.0,1976.0,1,1
5129,6825.0,1976.0,1,0
5130,6826.0,1976.0,1,1
5131,6827.0,1976.0,1,0
5132,6829.0,1977.0,1,0
5133,6830.0,1978.0,1,1
5134,6831.0,1978.0,1,1
5135,6832.0,1978.0,1,0
5136,6835.0,1978.0,1,0
5137,6836.0,1979.0,1,0
5138,6837.0,1979.0,1,1
5139,6838.0,1979.0,1,0
5140,6839.0,1979.0,1,1
5141,6840.0,1979.0,1,0
5142,6842.0,1979.0,1,0
5143,6846.0,1982.0,1,1
5144,6847.0,1983.0,1,0
5145,6848.0,1983.0,1,0
5146,6849.0,1983.0,1,0
5147,6850.0,1984.0,1,1
5148,6851.0,1985.0,1,0
5149,6852.0,1985.0,1,0
5150,6853.0,1985.0,1,1
5151,6854.0,1985.0,1,1
5152,6855.0,1985.0,1,0
5153,6856.0,1985.0,1,0
5154,6858.0,1985.0,1,0
5155,6859.0,1985.0,1,0
5156,6860.0,1985.0,1,0
5157,6862.0,1986.0,1,0
5158,6863.0,1986.0,1,0
5159,6864.0,1986.0,1,0
5160,6866.0,1986.0,1,0
5161,6869.0,1987.0,1,0
5162,6870.0,1987.0,1,0
5163,6871.0,1987.0,1,1
5164,6872.0,1987.0,1,0
5165,6875.0,1989.0,1,0
5166,6877.0,1990.0,1,1
5167,6878.0,1990.0,1,1
5168,6880.0,1990.0,1,0
5169,6881.0,1990.0,1,0
5170,6882.0,1991.0,1,1
5171,6883.0,1991.0,1,0
5172,6884.0,1991.0,1,0
5173,6885.0,1992.0,1,1
5174,6887.0,1993.0,1,0
5175,6888.0,1993.0,1,1
5176,6889.0,1993.0,1,0
5177,6891.0,1994.0,1,0
5178,6893.0,1995.0,1,0
5179,6895.0,1995.0,1,1
5180,6897.0,1996.0,1,0
5181,6898.0,1997.0,1,1
5182,6899.0,1997.0,1,0
5183,6900.0,1998.0,1,0
5184,6901.0,1998.0,1,1
5185,6902.0,1998.0,1,1
5186,6904.0,1999.0,1,0
5187,6905.0,1999.0,1,0
5188,6906.0,1999.0,1,0
5189,6907.0,1999.0,1,1
5190,6908.0,2000.0,1,0
5191,6910.0,2001.0,1,1
5192,6911.0,2001.0,1,1
5193,6912.0,2001.0,1,0
5194,6913.0,2001.0,1,1
5195,6914.0,2004.0,1,1
5196,6915.0,2004.0,1,0
5197,6916.0,2005.0,1,0
5198,6918.0,2006.0,1,0
5199,6920.0,2006.0,1,0
5200,6921.0,2006.0,1,0
5201,6922.0,2006.0,1,1
5202,6924.0,2006.0,1,0
5203,6925.0,2007.0,1,0
5204,6926.0,2008.0,1,0
5205,6927.0,2009.0,1,0
5206,6928.0,2009.0,1,0
5207,6929.0,2009.0,1,1
5208,6930.0,2010.0,1,0
5209,6931.0,2011.0,1,1
5210,6933.0,2012.0,1,0
5211,6934.0,2012.0,1,1
5212,6935.0,2012.0,1,1
5213,6936.0,2012.0,1,0
5214,6939.0,2013.0,1,1
5215,6940.0,2013.0,1,0
5216,6941.0,2013.0,1,1
5217,6942.0,2013.0,1,1
5218,6943.0,2013.0,1,0
5219,6945.0,2015.0,1,0
5220,6946.0,2015.0,1,1
5221,6947.0,2015.0,1,0
5222,6948.0,2015.0,1,0
5223,6949.0,2015.0,1,0
5224,6951.0,2015.0,1,1
5225,6952.0,2016.0,1,0
5226,6954.0,2017.0,1,0
5227,6955.0,2017.0,1,0
5228,6956.0,2017.0,1,0
5229,6957.0,2017.0,1,1
5230,6958.0,2017.0,1,0
5231,6959.0,2017.0,1,0
5232,6960.0,2017.0,1,0
5233,6961.0,2018.0,1,0
5234,6963.0,2018.0,1,0
5235,6964.0,2018.0,1,0
5236,6965.0,2018.0,1,1
5237,6966.0,2018.0,1,0
5238,6967.0,2018.0,1,1
5239,6968.0,2018.0,1,1
5240,6969.0,2019.0,1,0
5241,6970.0,2019.0,1,0
5242,6971.0,2019.0,1,0
5243,6972.0,2019.0,1,0
5244,6974.0,2019.0,1,1
5245,6975.0,2019.0,1,1
5246,6976.0,2020.0,1,1
5247,6977.0,2020.0,1,0
5248,6978.0,2020.0,1,0
5249,6979.0,2021.0,1,0
5250,6980.0,2021.0,1,1
5251,6981.0,2021.0,1,1
5252,6982.0,2022.0,1,0
5253,6983.0,2022.0,1,0
5254,6984.0,2022.0,1,1
5255,6985.0,2022.0,1,1
5256,6987.0,2022.0,1,0
5257,6988.0,2022.0,1,1
5258,6989.0,2023.0,1,1
5259,6990.0,2023.0,1,1
5260,6993.0,2024.0,1,0
5261,6994.0,2024.0,1,1
5262,6995.0,2024.0,1,0
5263,6996.0,2024.0,1,0
5264,6997.0,2024.0,1,0
5265,6998.0,2025.0,1,0
5266,7000.0,2025.0,1,0
5267,7002.0,2026.0,1,0
5268,7003.0,2026.0,1,1
5269,7004.0,2026.0,1,1
5270,7005.0,2026.0,1,0
5271,7007.0,2027.0,1,0
5272,7008.0,2027.0,1,0
5273,7009.0,2028.0,1,1
5274,7010.0,2029.0,1,0
5275,7012.0,2030.0,1,0
5276,7013.0,2030.0,1,0
5277,7016.0,2031.0,1,0
5278,7017.0,2031.0,1,1
5279,7018.0,2032.0,1,0
5280,7019.0,2032.0,1,0
5281,7022.0,2034.0,1,1
5282,7023.0,2034.0,1,1
5283,7024.0,2034.0,1,0
5284,7026.0,2034.0,1,1
5285,7027.0,2034.0,1,1
5286,7028.0,2034.0,1,0
5287,7029.0,2034.0,1,0
5288,7031.0,2035.0,1,0
5289,7032.0,2035.0,1,1
5290,7034.0,2036.0,1,1
5291,7035.0,2036.0,1,1
5292,7036.0,2036.0,1,1
5293,7038.0,2036.0,1,1
5294,7039.0,2036.0,1,1
5295,7041.0,2037.0,1,0
5296,7042.0,2037.0,1,1
5297,7045.0,2038.0,1,0
5298,7046.0,2038.0,1,0
5299,7047.0,2039.0,1,0
5300,7048.0,2040.0,1,1
5301,7051.0,2040.0,1,0
5302,7052.0,2040.0,1,0
5303,7053.0,2041.0,1,0
5304,7054.0,2042.0,1,0
5305,7055.0,2042.0,1,0
5306,7056.0,2042.0,1,0
5307,7057.0,2042.0,1,0
5308,7059.0,2042.0,1,0
5309,7061.0,2044.0,1,0
5310,7062.0,2044.0,1,1
5311,7064.0,2044.0,1,0
5312,7065.0,2045.0,1,0
5313,7066.0,2045.0,1,0
5314,7067.0,2047.0,1,0
5315,7069.0,2047.0,1,0
5316,7070.0,2047.0,1,1
5317,7071.0,2047.0,1,0
5318,7072.0,2047.0,1,1
5319,7073.0,2048.0,1,0
5320,7074.0,2048.0,1,1
5321,7075.0,2048.0,1,1
5322,7077.0,2049.0,1,1
5323,7078.0,2050.0,1,1
5324,7079.0,2050.0,1,1
5325,7082.0,2051.0,1,0
5326,7085.0,2053.0,1,0
5327,7086.0,2053.0,1,1
5328,7087.0,2053.0,1,0
5329,7088.0,2053.0,1,0
5330,7090.0,2053.0,1,0
5331,7091.0,2053.0,1,1
5332,7093.0,2054.0,1,0
5333,7094.0,2055.0,1,0
5334,7095.0,2055.0,1,0
5335,7096.0,2056.0,1,1
5336,7097.0,2056.0,1,0
5337,7098.0,2056.0,1,0
5338,7099.0,2056.0,1,0
5339,7100.0,2058.0,1,0
5340,7101.0,2058.0,1,1
5341,7102.0,2058.0,1,1
5342,7103.0,2059.0,1,0
5343,7104.0,2059.0,1,1
5344,7107.0,2061.0,1,0
5345,7108.0,2061.0,1,0
5346,7109.0,2061.0,1,1
5347,7110.0,2061.0,1,0
5348,7112.0,2062.0,1,1
5349,7113.0,2062.0,1,0
5350,7115.0,2062.0,1,0
5351,7116.0,2063.0,1,0
5352,7117.0,2063.0,1,0
5353,7118.0,2063.0,1,0
5354,7119.0,2063.0,1,0
5355,7120.0,2063.0,1,1
5356,7123.0,2064.0,1,0
5357,7124.0,2064.0,1,0
5358,7125.0,2064.0,1,1
5359,7126.0,2065.0,1,0
5360,7127.0,2065.0,1,1
5361,7128.0,2066.0,1,0
5362,7129.0,2066.0,1,0
5363,7130.0,2066.0,1,0
5364,7131.0,2067.0,1,0
5365,7132.0,2067.0,1,1
5366,7134.0,2067.0,1,0
5367,7135.0,2068.0,1,1
5368,7139.0,2070.0,1,0
5369,7141.0,2070.0,1,0
5370,7145.0,2072.0,1,0
5371,7146.0,2073.0,1,0
5372,7148.0,2073.0,1,0
5373,7149.0,2073.0,1,0
5374,7150.0,2073.0,1,0
5375,7152.0,2074.0,1,1
5376,7153.0,2075.0,1,1
5377,7158.0,2076.0,1,0
5378,7160.0,2077.0,1,1
5379,7161.0,2077.0,1,0
5380,7162.0,2077.0,1,0
5381,7164.0,2078.0,1,1
5382,7165.0,2079.0,1,1
5383,7166.0,2079.0,1,0
5384,7167.0,2079.0,1,0
5385,7168.0,2079.0,1,0
5386,7170.0,2079.0,1,1
5387,7171.0,2080.0,1,0
5388,7172.0,2080.0,1,0
5389,7173.0,2080.0,1,0
5390,7174.0,2081.0,1,0
5391,7175.0,2082.0,1,1
5392,7176.0,2082.0,1,0
5393,7177.0,2082.0,1,0
5394,7178.0,2082.0,1,1
5395,7179.0,2082.0,1,0
5396,7181.0,2083.0,1,1
5397,7182.0,2083.0,1,0
5398,7183.0,2083.0,1,1
5399,7184.0,2083.0,1,0
5400,7185.0,2083.0,1,0
5401,7186.0,2085.0,1,0
5402,7187.0,2086.0,1,0
5403,7190.0,2086.0,1,0
5404,7192.0,2086.0,1,1
5405,7193.0,2086.0,1,0
5406,7194.0,2086.0,1,1
5407,7195.0,2086.0,1,0
5408,7197.0,2087.0,1,0
5409,7199.0,2087.0,1,0
5410,7200.0,2087.0,1,1
5411,7201.0,2087.0,1,0
5412,7202.0,2088.0,1,0
5413,7203.0,2088.0,1,0
5414,7204.0,2088.0,1,0
5415,7205.0,2088.0,1,0
5416,7206.0,2088.0,1,1
5417,7207.0,2088.0,1,0
5418,7208.0,2088.0,1,0
5419,7209.0,2089.0,1,1
5420,7210.0,2089.0,1,1
5421,7213.0,2089.0,1,0
5422,7214.0,2090.0,1,1
5423,7215.0,2090.0,1,1
5424,7216.0,2091.0,1,1
5425,7217.0,2091.0,1,0
5426,7218.0,2091.0,1,0
5427,7219.0,2092.0,1,0
5428,7220.0,2092.0,1,0
5429,7221.0,2093.0,1,1
5430,7222.0,2093.0,1,1
5431,7224.0,2093.0,1,0
5432,7225.0,2094.0,1,0
5433,7226.0,2094.0,1,0
5434,7227.0,2094.0,1,0
5435,7230.0,2094.0,1,0
5436,7231.0,2095.0,1,0
5437,7232.0,2095.0,1,1
5438,7233.0,2095.0,1,0
5439,7234.0,2095.0,1,0
5440,7235.0,2096.0,1,0
5441,7236.0,2096.0,1,0
5442,7237.0,2096.0,1,0
5443,7238.0,2096.0,1,0
5444,7239.0,2096.0,1,0
5445,7240.0,2096.0,1,0
5446,7241.0,2097.0,1,0
5447,7242.0,2097.0,1,0
5448,7243.0,2097.0,1,1
5449,7245.0,2097.0,1,1
5450,7247.0,2097.0,1,0
5451,7249.0,2098.0,1,0
5452,7250.0,2098.0,1,1
5453,7251.0,2098.0,1,0
5454,7252.0,2098.0,1,1
5455,7253.0,2099.0,1,0
5456,7255.0,2100.0,1,0
5457,7256.0,2100.0,1,1
5458,7257.0,2100.0,1,0
5459,7259.0,2100.0,1,1
5460,7260.0,2100.0,1,0
5461,7261.0,2100.0,1,1
5462,7262.0,2102.0,1,1
5463,7264.0,2103.0,1,1
5464,7265.0,2103.0,1,1
5465,7267.0,2103.0,1,0
5466,7269.0,2104.0,1,0
5467,7271.0,2104.0,1,1
5468,7272.0,2104.0,1,0
5469,7273.0,2105.0,1,0
5470,7274.0,2106.0,1,1
5471,7276.0,2106.0,1,0
5472,7277.0,2106.0,1,1
5473,7279.0,2107.0,1,0
5474,7280.0,2108.0,1,1
5475,7282.0,2108.0,1,1
5476,7283.0,2108.0,1,1
5477,7284.0,2109.0,1,0
5478,7287.0,2109.0,1,1
5479,7288.0,2109.0,1,0
5480,7289.0,2109.0,1,0
5481,7291.0,2111.0,1,0
5482,7292.0,2111.0,1,1
5483,7293.0,2111.0,1,0
5484,7296.0,2112.0,1,1
5485,7297.0,2112.0,1,1
5486,7299.0,2113.0,1,0
5487,7300.0,2114.0,1,0
5488,7302.0,2114.0,1,1
5489,7303.0,2114.0,1,0
5490,7304.0,2114.0,1,0
5491,7305.0,2115.0,1,1
5492,7306.0,2115.0,1,0
5493,7307.0,2115.0,1,0
5494,7309.0,2117.0,1,1
5495,7310.0,2117.0,1,0
5496,7311.0,2117.0,1,0
5497,7312.0,2117.0,1,1
5498,7313.0,2118.0,1,1
5499,7314.0,2119.0,1,1
5500,7315.0,2119.0,1,0
5501,7316.0,2120.0,1,0
5502,7318.0,2120.0,1,0
5503,7319.0,2121.0,1,0
5504,7320.0,2121.0,1,0
5505,7321.0,2121.0,1,0
5506,7325.0,2122.0,1,0
5507,7326.0,2122.0,1,0
5508,7327.0,2122.0,1,1
5509,7328.0,2123.0,1,0
5510,7329.0,2123.0,1,0
5511,7330.0,2123.0,1,1
5512,7331.0,2123.0,1,1
5513,7332.0,2123.0,1,1
5514,7334.0,2124.0,1,1
5515,7335.0,2124.0,1,0
5516,7336.0,2125.0,1,1
5517,7337.0,2125.0,1,0
5518,7338.0,2126.0,1,0
5519,7339.0,2126.0,1,0
5520,7340.0,2126.0,1,1
5521,7341.0,2127.0,1,0
5522,7344.0,2127.0,1,0
5523,7345.0,2127.0,1,0
5524,7346.0,2128.0,1,1
5525,7347.0,2128.0,1,1
5526,7348.0,2128.0,1,0
5527,7349.0,2128.0,1,0
5528,7352.0,2128.0,1,0
5529,7353.0,2129.0,1,1
5530,7354.0,2129.0,1,0
5531,7355.0,2129.0,1,1
5532,7356.0,2129.0,1,0
5533,7358.0,2129.0,1,0
5534,7359.0,2130.0,1,0
5535,7360.0,2130.0,1,1
5536,7361.0,2130.0,1,1
5537,7363.0,2130.0,1,0
5538,7364.0,2131.0,1,0
5539,7365.0,2131.0,1,0
5540,7366.0,2131.0,1,0
5541,7367.0,2132.0,1,0
5542,7368.0,2132.0,1,0
5543,7370.0,2133.0,1,0
5544,7371.0,2134.0,1,0
5545,7373.0,2135.0,1,0
5546,7374.0,2135.0,1,0
5547,7375.0,2135.0,1,1
5548,7377.0,2135.0,1,1
5549,7379.0,2136.0,1,1
5550,7381.0,2137.0,1,0
5551,7382.0,2137.0,1,1
5552,7384.0,2137.0,1,1
5553,7386.0,2138.0,1,0
5554,7389.0,2139.0,1,1
5555,7391.0,2140.0,1,0
5556,7392.0,2140.0,1,0
5557,7393.0,2140.0,1,0
5558,7394.0,2141.0,1,0
5559,7395.0,2141.0,1,1
5560,7396.0,2141.0,1,0
5561,7397.0,2141.0,1,0
5562,7398.0,2142.0,1,0
5563,7400.0,2143.0,1,0
5564,7401.0,2143.0,1,1
5565,7402.0,2143.0,1,0
5566,7404.0,2144.0,1,0
5567,7405.0,2144.0,1,0
5568,7406.0,2144.0,1,0
5569,7407.0,2144.0,1,1
5570,7409.0,2144.0,1,1
5571,7410.0,2144.0,1,1
5572,7411.0,2145.0,1,0
5573,7413.0,2145.0,1,1
5574,7414.0,2146.0,1,0
5575,7415.0,2146.0,1,1
5576,7416.0,2147.0,1,1
5577,7417.0,2147.0,1,1
5578,7418.0,2147.0,1,1
5579,7420.0,2147.0,1,1
5580,7421.0,2148.0,1,1
5581,7422.0,2150.0,1,1
5582,7425.0,2150.0,1,0
5583,7428.0,2150.0,1,1
5584,7429.0,2150.0,1,0
5585,7430.0,2150.0,1,1
5586,7431.0,2151.0,1,0
5587,7432.0,2151.0,1,0
5588,7433.0,2151.0,1,0
5589,7434.0,2151.0,1,1
5590,7435.0,2151.0,1,1
5591,7436.0,2152.0,1,0
5592,7437.0,2152.0,1,0
5593,7439.0,2152.0,1,0
5594,7441.0,2152.0,1,0
5595,7442.0,2152.0,1,1
5596,7443.0,2152.0,1,0
5597,7444.0,2153.0,1,0
5598,7446.0,2153.0,1,0
5599,7447.0,2154.0,1,1
5600,7448.0,2154.0,1,0
5601,7449.0,2154.0,1,1
5602,7451.0,2155.0,1,1
5603,7452.0,2156.0,1,1
5604,7453.0,2156.0,1,1
5605,7454.0,2156.0,1,1
5606,7455.0,2156.0,1,0
5607,7456.0,2156.0,1,0
5608,7458.0,2157.0,1,0
5609,7461.0,2158.0,1,1
5610,7462.0,2158.0,1,1
5611,7463.0,2159.0,1,0
5612,7464.0,2159.0,1,1
5613,7465.0,2160.0,1,0
5614,7467.0,2161.0,1,0
5615,7468.0,2161.0,1,0
5616,7469.0,2161.0,1,1
5617,7471.0,2161.0,1,0
5618,7472.0,2161.0,1,0
5619,7473.0,2161.0,1,0
5620,7474.0,2161.0,1,0
5621,7475.0,2162.0,1,0
5622,7476.0,2162.0,1,0
5623,7478.0,2163.0,1,0
5624,7480.0,2163.0,1,0
5625,7481.0,2163.0,1,0
5626,7482.0,2164.0,1,1
5627,7483.0,2164.0,1,1
5628,7484.0,2164.0,1,1
5629,7486.0,2165.0,1,0
5630,7487.0,2165.0,1,0
5631,7488.0,2165.0,1,0
5632,7489.0,2165.0,1,0
5633,7490.0,2165.0,1,0
5634,7491.0,2165.0,1,1
5635,7492.0,2167.0,1,0
5636,7494.0,2167.0,1,1
5637,7496.0,2167.0,1,0
5638,7497.0,2167.0,1,0
5639,7498.0,2167.0,1,0
5640,7499.0,2167.0,1,1
5641,7500.0,2167.0,1,0
5642,7501.0,2169.0,1,1
5643,7502.0,2169.0,1,0
5644,7503.0,2169.0,1,0
5645,7504.0,2169.0,1,0
5646,7505.0,2169.0,1,0
5647,7506.0,2169.0,1,0
5648,7508.0,2170.0,1,0
5649,7509.0,2170.0,1,1
5650,7511.0,2171.0,1,0
5651,7512.0,2171.0,1,0
5652,7514.0,2171.0,1,0
5653,7515.0,2172.0,1,0
5654,7518.0,2172.0,1,0
5655,7519.0,2173.0,1,1
5656,7520.0,2173.0,1,0
5657,7521.0,2173.0,1,0
5658,7522.0,2173.0,1,0
5659,7523.0,2173.0,1,0
5660,7524.0,2173.0,1,1
5661,7525.0,2173.0,1,1
5662,7527.0,2174.0,1,1
5663,7528.0,2174.0,1,0
5664,7529.0,2174.0,1,0
5665,7530.0,2174.0,1,1
5666,7533.0,2175.0,1,1
5667,7535.0,2175.0,1,1
5668,7537.0,2176.0,1,1
5669,7538.0,2176.0,1,0
5670,7539.0,2176.0,1,0
5671,7540.0,2177.0,1,0
5672,7541.0,2177.0,1,0
5673,7542.0,2177.0,1,1
5674,7543.0,2178.0,1,1
5675,7544.0,2178.0,1,0
5676,7545.0,2179.0,1,1
5677,7546.0,2179.0,1,0
5678,7547.0,2179.0,1,1
5679,7548.0,2179.0,1,1
5680,7549.0,2179.0,1,0
5681,7550.0,2180.0,1,0
5682,7551.0,2181.0,1,1
5683,7552.0,2181.0,1,0
5684,7553.0,2181.0,1,0
5685,7555.0,2181.0,1,1
5686,7556.0,2181.0,1,0
5687,7557.0,2181.0,1,1
5688,7559.0,2181.0,1,0
5689,7560.0,2181.0,1,0
5690,7561.0,2182.0,1,0
5691,7562.0,2182.0,1,0
5692,7563.0,2182.0,1,0
5693,7564.0,2182.0,1,0
5694,7566.0,2184.0,1,0
5695,7567.0,2184.0,1,1
5696,7568.0,2184.0,1,0
5697,7570.0,2185.0,1,0
5698,7571.0,2185.0,1,0
5699,7572.0,2186.0,1,0
5700,7573.0,2186.0,1,1
5701,7574.0,2187.0,1,0
5702,7576.0,2187.0,1,1
5703,7577.0,2187.0,1,0
5704,7579.0,2188.0,1,0
5705,7582.0,2188.0,1,0
5706,7583.0,2188.0,1,0
5707,7585.0,2189.0,1,0
5708,7586.0,2189.0,1,0
5709,7588.0,2190.0,1,1
5710,7589.0,2190.0,1,0
5711,7590.0,2190.0,1,0
5712,7591.0,2190.0,1,1
5713,7593.0,2191.0,1,0
5714,7594.0,2191.0,1,0
5715,7598.0,2192.0,1,0
5716,7599.0,2192.0,1,1
5717,7600.0,2192.0,1,1
5718,7602.0,2192.0,1,0
5719,7603.0,2193.0,1,0
5720,7604.0,2193.0,1,0
5721,7605.0,2193.0,1,1
5722,7607.0,2195.0,1,0
5723,7608.0,2195.0,1,0
5724,7609.0,2195.0,1,1
5725,7610.0,2196.0,1,1
5726,7613.0,2196.0,1,0
5727,7615.0,2199.0,1,1
5728,7616.0,2199.0,1,0
5729,7617.0,2200.0,1,0
5730,7618.0,2200.0,1,1
5731,7619.0,2200.0,1,1
5732,7620.0,2200.0,1,0
5733,7622.0,2201.0,1,0
5734,7624.0,2202.0,1,0
5735,7625.0,2203.0,1,0
5736,7626.0,2203.0,1,1
5737,7627.0,2203.0,1,0
5738,7628.0,2203.0,1,0
5739,7629.0,2203.0,1,1
5740,7630.0,2203.0,1,0
5741,7631.0,2203.0,1,0
5742,7632.0,2205.0,1,0
5743,7634.0,2205.0,1,0
5744,7635.0,2206.0,1,0
5745,7638.0,2208.0,1,1
5746,7639.0,2208.0,1,1
5747,7640.0,2210.0,1,1
5748,7641.0,2210.0,1,1
5749,7642.0,2210.0,1,1
5750,7643.0,2211.0,1,0
5751,7644.0,2211.0,1,0
5752,7645.0,2211.0,1,0
5753,7646.0,2211.0,1,1
5754,7647.0,2211.0,1,0
5755,7648.0,2211.0,1,0
5756,7652.0,2212.0,1,1
5757,7654.0,2212.0,1,0
5758,7655.0,2213.0,1,1
5759,7657.0,2213.0,1,0
5760,7658.0,2213.0,1,0
5761,7659.0,2214.0,1,1
5762,7660.0,2214.0,1,1
5763,7661.0,2214.0,1,0
5764,7662.0,2215.0,1,0
5765,7663.0,2215.0,1,0
5766,7664.0,2215.0,1,0
5767,7667.0,2216.0,1,1
5768,7669.0,2216.0,1,1
5769,7670.0,2216.0,1,0
5770,7672.0,2217.0,1,1
5771,7673.0,2217.0,1,1
5772,7674.0,2217.0,1,0
5773,7675.0,2218.0,1,0
5774,7676.0,2218.0,1,1
5775,7677.0,2218.0,1,0
5776,7678.0,2218.0,1,0
5777,7679.0,2219.0,1,0
5778,7682.0,2219.0,1,0
5779,7683.0,2219.0,1,0
5780,7684.0,2220.0,1,1
5781,7685.0,2221.0,1,1
5782,7686.0,2221.0,1,0
5783,7687.0,2221.0,1,1
5784,7688.0,2221.0,1,0
5785,7690.0,2221.0,1,0
5786,7691.0,2221.0,1,1
5787,7692.0,2221.0,1,0
5788,7693.0,2221.0,1,0
5789,7695.0,2221.0,1,1
5790,7696.0,2222.0,1,0
5791,7697.0,2222.0,1,0
5792,7698.0,2222.0,1,0
5793,7700.0,2222.0,1,1
5794,7701.0,2222.0,1,0
5795,7702.0,2222.0,1,0
5796,7703.0,2222.0,1,0
5797,7704.0,2223.0,1,0
5798,7705.0,2223.0,1,0
5799,7706.0,2223.0,1,1
5800,7707.0,2223.0,1,1
5801,7708.0,2224.0,1,0
5802,7709.0,2224.0,1,1
5803,7710.0,2225.0,1,0
5804,7711.0,2225.0,1,0
5805,7712.0,2225.0,1,1
5806,7713.0,2225.0,1,1
5807,7714.0,2226.0,1,1
5808,7715.0,2226.0,1,0
5809,7716.0,2227.0,1,0
5810,7717.0,2227.0,1,0
5811,7719.0,2227.0,1,1
5812,7720.0,2228.0,1,0
5813,7721.0,2228.0,1,0
5814,7722.0,2228.0,1,0
5815,7724.0,2228.0,1,0
5816,7727.0,2230.0,1,0
5817,7728.0,2231.0,1,0
5818,7729.0,2231.0,1,0
5819,7730.0,2231.0,1,1
5820,7731.0,2231.0,1,0
5821,7733.0,2233.0,1,0
5822,7734.0,2233.0,1,0
5823,7735.0,2233.0,1,1
5824,7736.0,2233.0,1,0
5825,7737.0,2233.0,1,0
5826,7738.0,2233.0,1,0
5827,7739.0,2234.0,1,1
5828,7740.0,2234.0,1,0
5829,7741.0,2234.0,1,1
5830,7742.0,2235.0,1,0
5831,7743.0,2235.0,1,0
5832,7744.0,2235.0,1,0
5833,7745.0,2235.0,1,0
5834,7746.0,2236.0,1,0
5835,7747.0,2236.0,1,0
5836,7748.0,2236.0,1,0
5837,7749.0,2237.0,1,0
5838,7752.0,2238.0,1,1
5839,7754.0,2238.0,1,0
5840,7755.0,2239.0,1,1
5841,7756.0,2239.0,1,0
5842,7757.0,2239.0,1,1
5843,7759.0,2239.0,1,0
5844,7760.0,2239.0,1,1
5845,7761.0,2239.0,1,0
5846,7763.0,2240.0,1,0
5847,7764.0,2240.0,1,1
5848,7765.0,2240.0,1,0
5849,7766.0,2241.0,1,0
5850,7768.0,2241.0,1,0
5851,7769.0,2241.0,1,1
5852,7770.0,2241.0,1,0
5853,7771.0,2241.0,1,0
5854,7772.0,2242.0,1,0
5855,7773.0,2242.0,1,0
5856,7774.0,2243.0,1,1
5857,7778.0,2243.0,1,0
5858,7779.0,2244.0,1,0
5859,7780.0,2244.0,1,1
5860,7782.0,2244.0,1,0
5861,7783.0,2244.0,1,0
5862,7785.0,2244.0,1,0
5863,7786.0,2245.0,1,0
5864,7787.0,2245.0,1,0
5865,7788.0,2245.0,1,1
5866,7789.0,2245.0,1,1
5867,7790.0,2245.0,1,1
5868,7791.0,2245.0,1,1
5869,7792.0,2245.0,1,0
5870,7793.0,2246.0,1,1
5871,7794.0,2246.0,1,0
5872,7796.0,2246.0,1,0
5873,7797.0,2246.0,1,0
5874,7799.0,2246.0,1,0
5875,7800.0,2247.0,1,1
5876,7804.0,2247.0,1,0
5877,7806.0,2248.0,1,0
5878,7807.0,2248.0,1,0
5879,7808.0,2248.0,1,1
5880,7809.0,2248.0,1,0
5881,7810.0,2249.0,1,0
5882,7811.0,2251.0,1,0
5883,7812.0,2251.0,1,0
5884,7813.0,2251.0,1,0
5885,7814.0,2252.0,1,1
5886,7815.0,2253.0,1,0
5887,7816.0,2254.0,1,1
5888,7817.0,2254.0,1,0
5889,7818.0,2254.0,1,1
5890,7819.0,2254.0,1,1
5891,7820.0,2254.0,1,0
5892,7821.0,2255.0,1,0
5893,7822.0,2255.0,1,1
5894,7823.0,2255.0,1,0
5895,7824.0,2255.0,1,0
5896,7826.0,2255.0,1,0
5897,7827.0,2256.0,1,1
5898,7828.0,2256.0,1,0
5899,7829.0,2256.0,1,0
5900,7833.0,2258.0,1,0
5901,7835.0,2258.0,1,0
5902,7836.0,2258.0,1,0
5903,7838.0,2258.0,1,0
5904,7839.0,2259.0,1,0
5905,7840.0,2259.0,1,0
5906,7841.0,2259.0,1,1
5907,7843.0,2259.0,1,0
5908,7847.0,2261.0,1,0
5909,7849.0,2261.0,1,0
5910,7850.0,2261.0,1,0
5911,7851.0,2262.0,1,0
5912,7852.0,2262.0,1,0
5913,7853.0,2262.0,1,0
5914,7854.0,2262.0,1,1
5915,7855.0,2262.0,1,0
5916,7856.0,2263.0,1,1
5917,7857.0,2263.0,1,1
5918,7858.0,2263.0,1,1
5919,7859.0,2263.0,1,1
5920,7860.0,2264.0,1,0
5921,7861.0,2264.0,1,0
5922,7862.0,2264.0,1,0
5923,7863.0,2264.0,1,0
5924,7865.0,2264.0,1,0
5925,7868.0,2265.0,1,0
5926,7869.0,2265.0,1,0
5927,7872.0,2268.0,1,1
5928,7873.0,2268.0,1,1
5929,7874.0,2269.0,1,0
5930,7875.0,2269.0,1,0
5931,7876.0,2269.0,1,0
5932,7879.0,2271.0,1,1
5933,7882.0,2272.0,1,0
5934,7883.0,2272.0,1,0
5935,7884.0,2273.0,1,1
5936,7885.0,2273.0,1,1
5937,7887.0,2274.0,1,1
5938,7888.0,2274.0,1,0
5939,7890.0,2275.0,1,1
5940,7891.0,2275.0,1,1
5941,7892.0,2275.0,1,1
5942,7893.0,2275.0,1,0
5943,7894.0,2275.0,1,0
5944,7896.0,2276.0,1,0
5945,7897.0,2276.0,1,0
5946,7898.0,2277.0,1,1
5947,7899.0,2277.0,1,1
5948,7900.0,2277.0,1,0
5949,7901.0,2277.0,1,1
5950,7902.0,2277.0,1,0
5951,7903.0,2277.0,1,0
5952,7905.0,2278.0,1,1
5953,7906.0,2278.0,1,1
5954,7907.0,2278.0,1,1
5955,7908.0,2278.0,1,1
5956,7910.0,2279.0,1,0
5957,7911.0,2279.0,1,0
5958,7915.0,2280.0,1,0
5959,7916.0,2280.0,1,0
5960,7917.0,2280.0,1,0
5961,7918.0,2280.0,1,0
5962,7919.0,2281.0,1,0
5963,7920.0,2281.0,1,0
5964,7921.0,2282.0,1,0
5965,7922.0,2283.0,1,1
5966,7923.0,2283.0,1,0
5967,7924.0,2283.0,1,0
5968,7925.0,2283.0,1,1
5969,7926.0,2284.0,1,1
5970,7927.0,2285.0,1,1
5971,7928.0,2285.0,1,0
5972,7931.0,2286.0,1,0
5973,7932.0,2286.0,1,0
5974,7933.0,2286.0,1,0
5975,7934.0,2287.0,1,0
5976,7935.0,2287.0,1,0
5977,7940.0,2289.0,1,0
5978,7941.0,2290.0,1,0
5979,7942.0,2290.0,1,1
5980,7944.0,2291.0,1,0
5981,7945.0,2291.0,1,0
5982,7946.0,2291.0,1,0
5983,7949.0,2292.0,1,0
5984,7951.0,2293.0,1,0
5985,7952.0,2293.0,1,0
5986,7953.0,2293.0,1,0
5987,7956.0,2294.0,1,0
5988,7958.0,2295.0,1,0
5989,7959.0,2295.0,1,0
5990,7960.0,2295.0,1,1
5991,7961.0,2295.0,1,1
5992,7962.0,2296.0,1,1
5993,7963.0,2296.0,1,0
5994,7964.0,2298.0,1,1
5995,7965.0,2300.0,1,0
5996,7966.0,2300.0,1,0
5997,7967.0,2301.0,1,0
5998,7968.0,2301.0,1,1
5999,7969.0,2301.0,1,1
6000,7970.0,2301.0,1,0
6001,7971.0,2301.0,1,1
6002,7973.0,2301.0,1,0
6003,7974.0,2301.0,1,0
6004,7975.0,2301.0,1,1
6005,7978.0,2302.0,1,0
6006,7979.0,2302.0,1,1
6007,7980.0,2302.0,1,1
6008,7981.0,2302.0,1,1
6009,7982.0,2303.0,1,0
6010,7983.0,2303.0,1,0
6011,7984.0,2303.0,1,1
6012,7986.0,2303.0,1,1
6013,7987.0,2305.0,1,0
6014,7988.0,2305.0,1,1
6015,7989.0,2305.0,1,1
6016,7991.0,2305.0,1,1
6017,7992.0,2305.0,1,0
6018,7993.0,2305.0,1,1
6019,7994.0,2305.0,1,0
6020,7996.0,2306.0,1,0
6021,8000.0,2308.0,1,0
6022,8001.0,2309.0,1,0
6023,8003.0,2309.0,1,1
6024,8004.0,2309.0,1,1
6025,8005.0,2309.0,1,0
6026,8007.0,2311.0,1,1
6027,8008.0,2311.0,1,1
6028,8010.0,2311.0,1,0
6029,8011.0,2311.0,1,1
6030,8013.0,2312.0,1,0
6031,8014.0,2312.0,1,0
6032,8015.0,2313.0,1,0
6033,8016.0,2313.0,1,0
6034,8017.0,2313.0,1,1
6035,8019.0,2314.0,1,0
6036,8020.0,2314.0,1,1
6037,8021.0,2314.0,1,1
6038,8022.0,2314.0,1,1
6039,8024.0,2314.0,1,0
6040,8026.0,2314.0,1,0
6041,8027.0,2315.0,1,0
6042,8028.0,2315.0,1,1
6043,8029.0,2315.0,1,0
6044,8030.0,2316.0,1,0
6045,8031.0,2316.0,1,1
6046,8032.0,2316.0,1,1
6047,8033.0,2317.0,1,0
6048,8035.0,2318.0,1,1
6049,8036.0,2318.0,1,0
6050,8037.0,2318.0,1,0
6051,8039.0,2318.0,1,0
6052,8040.0,2318.0,1,0
6053,8041.0,2319.0,1,1
6054,8042.0,2319.0,1,0
6055,8044.0,2319.0,1,0
6056,8045.0,2320.0,1,1
6057,8046.0,2320.0,1,0
6058,8047.0,2320.0,1,1
6059,8048.0,2320.0,1,0
6060,8050.0,2321.0,1,1
6061,8051.0,2322.0,1,0
6062,8052.0,2322.0,1,0
6063,8053.0,2322.0,1,0
6064,8054.0,2322.0,1,1
6065,8056.0,2323.0,1,1
6066,8058.0,2323.0,1,1
6067,8059.0,2324.0,1,0
6068,8062.0,2325.0,1,0
6069,8064.0,2326.0,1,0
6070,8066.0,2327.0,1,1
6071,8067.0,2327.0,1,1
6072,8068.0,2327.0,1,1
6073,8069.0,2327.0,1,0
6074,8071.0,2329.0,1,1
6075,8072.0,2329.0,1,0
6076,8073.0,2329.0,1,0
6077,8074.0,2330.0,1,0
6078,8075.0,2330.0,1,1
6079,8076.0,2330.0,1,0
6080,8079.0,2331.0,1,1
6081,8080.0,2331.0,1,0
6082,8082.0,2332.0,1,0
6083,8083.0,2332.0,1,0
6084,8085.0,2332.0,1,1
6085,8086.0,2332.0,1,0
6086,8087.0,2332.0,1,0
6087,8088.0,2333.0,1,0
6088,8089.0,2333.0,1,1
6089,8090.0,2333.0,1,0
6090,8091.0,2333.0,1,1
6091,8094.0,2334.0,1,0
6092,8095.0,2334.0,1,0
6093,8097.0,2334.0,1,0
6094,8098.0,2335.0,1,0
6095,8099.0,2335.0,1,0
6096,8101.0,2335.0,1,1
6097,8102.0,2335.0,1,0
6098,8103.0,2336.0,1,0
6099,8104.0,2336.0,1,0
6100,8107.0,2336.0,1,1
6101,8109.0,2339.0,1,0
6102,8111.0,2339.0,1,0
6103,8113.0,2340.0,1,1
6104,8115.0,2341.0,1,0
6105,8116.0,2341.0,1,0
6106,8117.0,2341.0,1,0
6107,8118.0,2341.0,1,0
6108,8119.0,2342.0,1,0
6109,8120.0,2342.0,1,0
6110,8121.0,2342.0,1,1
6111,8122.0,2343.0,1,0
6112,8123.0,2343.0,1,0
6113,8125.0,2343.0,1,1
6114,8126.0,2344.0,1,1
6115,8129.0,2345.0,1,0
6116,8130.0,2345.0,1,0
6117,8131.0,2346.0,1,1
6118,8132.0,2346.0,1,0
6119,8134.0,2346.0,1,1
6120,8135.0,2346.0,1,0
6121,8136.0,2346.0,1,0
6122,8137.0,2346.0,1,0
6123,8138.0,2347.0,1,1
6124,8140.0,2347.0,1,0
6125,8142.0,2347.0,1,0
6126,8148.0,2349.0,1,0
6127,8149.0,2350.0,1,0
6128,8151.0,2350.0,1,0
6129,8152.0,2350.0,1,1
6130,8155.0,2352.0,1,1
6131,8156.0,2352.0,1,0
6132,8159.0,2353.0,1,0
6133,8160.0,2353.0,1,1
6134,8161.0,2353.0,1,1
6135,8162.0,2353.0,1,0
6136,8163.0,2355.0,1,0
6137,8164.0,2355.0,1,1
6138,8165.0,2355.0,1,0
6139,8166.0,2356.0,1,0
6140,8167.0,2356.0,1,0
6141,8168.0,2356.0,1,1
6142,8169.0,2356.0,1,0
6143,8170.0,2357.0,1,1
6144,8171.0,2357.0,1,0
6145,8172.0,2358.0,1,0
6146,8173.0,2358.0,1,1
6147,8174.0,2359.0,1,1
6148,8176.0,2359.0,1,0
6149,8177.0,2359.0,1,1
6150,8179.0,2360.0,1,1
6151,8180.0,2360.0,1,0
6152,8181.0,2360.0,1,0
6153,8182.0,2360.0,1,1
6154,8183.0,2361.0,1,1
6155,8184.0,2362.0,1,0
6156,8185.0,2363.0,1,0
6157,8186.0,2364.0,1,0
6158,8187.0,2364.0,1,1
6159,8188.0,2364.0,1,1
6160,8189.0,2365.0,1,0
6161,8190.0,2366.0,1,1
6162,8192.0,2366.0,1,0
6163,8193.0,2366.0,1,0
6164,8196.0,2368.0,1,0
6165,8197.0,2369.0,1,0
6166,8199.0,2370.0,1,0
6167,8200.0,2370.0,1,1
6168,8201.0,2370.0,1,1
6169,8203.0,2371.0,1,1
6170,8205.0,2372.0,1,0
6171,8206.0,2372.0,1,1
6172,8207.0,2372.0,1,1
6173,8208.0,2372.0,1,0
6174,8209.0,2372.0,1,1
6175,8210.0,2373.0,1,0
6176,8211.0,2373.0,1,0
6177,8212.0,2375.0,1,0
6178,8213.0,2375.0,1,1
6179,8216.0,2375.0,1,0
6180,8217.0,2375.0,1,1
6181,8218.0,2375.0,1,0
6182,8219.0,2376.0,1,0
6183,8222.0,2377.0,1,0
6184,8223.0,2377.0,1,0
6185,8224.0,2377.0,1,1
6186,8225.0,2377.0,1,0
6187,8226.0,2377.0,1,1
6188,8227.0,2377.0,1,0
6189,8228.0,2377.0,1,0
6190,8229.0,2377.0,1,1
6191,8230.0,2378.0,1,0
6192,8232.0,2378.0,1,0
6193,8233.0,2378.0,1,0
6194,8235.0,2378.0,1,0
6195,8237.0,2379.0,1,0
6196,8238.0,2379.0,1,0
6197,8239.0,2379.0,1,0
6198,8240.0,2380.0,1,1
6199,8242.0,2380.0,1,1
6200,8243.0,2380.0,1,1
6201,8244.0,2380.0,1,0
6202,8246.0,2380.0,1,0
6203,8247.0,2380.0,1,0
6204,8248.0,2381.0,1,0
6205,8249.0,2381.0,1,0
6206,8250.0,2381.0,1,0
6207,8251.0,2383.0,1,0
6208,8252.0,2383.0,1,1
6209,8254.0,2383.0,1,0
6210,8255.0,2383.0,1,0
6211,8256.0,2385.0,1,0
6212,8257.0,2385.0,1,0
6213,8258.0,2385.0,1,0
6214,8259.0,2385.0,1,0
6215,8260.0,2386.0,1,0
6216,8261.0,2386.0,1,1
6217,8262.0,2386.0,1,0
6218,8263.0,2386.0,1,0
6219,8264.0,2386.0,1,0
6220,8265.0,2387.0,1,0
6221,8266.0,2388.0,1,0
6222,8267.0,2388.0,1,0
6223,8270.0,2390.0,1,0
6224,8272.0,2392.0,1,1
6225,8273.0,2393.0,1,1
6226,8274.0,2393.0,1,0
6227,8276.0,2393.0,1,0
6228,8278.0,2394.0,1,0
6229,8281.0,2394.0,1,1
6230,8282.0,2394.0,1,1
6231,8283.0,2395.0,1,0
6232,8284.0,2396.0,1,0
6233,8285.0,2396.0,1,1
6234,8286.0,2396.0,1,0
6235,8287.0,2396.0,1,1
6236,8289.0,2396.0,1,1
6237,8290.0,2397.0,1,1
6238,8291.0,2398.0,1,0
6239,8292.0,2399.0,1,0
6240,8293.0,2399.0,1,1
6241,8294.0,2399.0,1,0
6242,8295.0,2399.0,1,0
6243,8297.0,2401.0,1,1
6244,8298.0,2402.0,1,1
6245,8299.0,2402.0,1,0
6246,8301.0,2403.0,1,0
6247,8303.0,2403.0,1,0
6248,8304.0,2403.0,1,0
6249,8305.0,2403.0,1,0
6250,8306.0,2403.0,1,1
6251,8307.0,2404.0,1,0
6252,8309.0,2405.0,1,1
6253,8310.0,2406.0,1,0
6254,8311.0,2406.0,1,1
6255,8313.0,2407.0,1,0
6256,8315.0,2407.0,1,1
6257,8316.0,2407.0,1,0
6258,8317.0,2408.0,1,1
6259,8318.0,2408.0,1,1
6260,8319.0,2409.0,1,1
6261,8320.0,2409.0,1,0
6262,8321.0,2409.0,1,1
6263,8322.0,2409.0,1,0
6264,8323.0,2409.0,1,1
6265,8325.0,2410.0,1,0
6266,8327.0,2410.0,1,0
6267,8330.0,2412.0,1,1
6268,8331.0,2412.0,1,1
6269,8333.0,2414.0,1,0
6270,8334.0,2414.0,1,1
6271,8337.0,2415.0,1,0
6272,8338.0,2416.0,1,0
6273,8339.0,2416.0,1,1
6274,8340.0,2416.0,1,1
6275,8341.0,2416.0,1,0
6276,8342.0,2416.0,1,1
6277,8344.0,2416.0,1,1
6278,8347.0,2418.0,1,0
6279,8348.0,2419.0,1,1
6280,8349.0,2419.0,1,1
6281,8352.0,2419.0,1,0
6282,8354.0,2420.0,1,0
6283,8356.0,2421.0,1,0
6284,8357.0,2422.0,1,1
6285,8359.0,2423.0,1,1
6286,8360.0,2423.0,1,0
6287,8361.0,2423.0,1,1
6288,8363.0,2424.0,1,0
6289,8365.0,2426.0,1,1
6290,8366.0,2426.0,1,1
6291,8367.0,2426.0,1,1
6292,8368.0,2426.0,1,0
6293,8369.0,2429.0,1,0
6294,8370.0,2429.0,1,1
6295,8371.0,2429.0,1,0
6296,8373.0,2429.0,1,1
6297,8374.0,2429.0,1,1
6298,8375.0,2430.0,1,0
6299,8376.0,2430.0,1,0
6300,8379.0,2431.0,1,1
6301,8380.0,2431.0,1,0
6302,8382.0,2432.0,1,0
6303,8383.0,2432.0,1,0
6304,8384.0,2433.0,1,1
6305,8385.0,2433.0,1,1
6306,8387.0,2433.0,1,0
6307,8388.0,2434.0,1,0
6308,8389.0,2435.0,1,1
6309,8390.0,2436.0,1,0
6310,8391.0,2438.0,1,0
6311,8393.0,2438.0,1,0
6312,8394.0,2438.0,1,0
6313,8395.0,2438.0,1,0
6314,8396.0,2438.0,1,1
6315,8397.0,2438.0,1,0
6316,8398.0,2439.0,1,0
6317,8399.0,2439.0,1,0
6318,8400.0,2439.0,1,0
6319,8401.0,2439.0,1,0
6320,8404.0,2440.0,1,0
6321,8405.0,2440.0,1,0
6322,8406.0,2441.0,1,0
6323,8408.0,2441.0,1,0
6324,8409.0,2441.0,1,1
6325,8410.0,2441.0,1,0
6326,8412.0,2441.0,1,0
6327,8413.0,2441.0,1,0
6328,8414.0,2442.0,1,0
6329,8415.0,2443.0,1,1
6330,8416.0,2443.0,1,0
6331,8417.0,2443.0,1,1
6332,8418.0,2443.0,1,1
6333,8419.0,2443.0,1,0
6334,8420.0,2443.0,1,1
6335,8421.0,2444.0,1,1
6336,8422.0,2444.0,1,0
6337,8423.0,2444.0,1,0
6338,8424.0,2444.0,1,0
6339,8425.0,2444.0,1,1
6340,8426.0,2444.0,1,0
6341,8427.0,2445.0,1,0
6342,8428.0,2445.0,1,1
6343,8429.0,2445.0,1,1
6344,8430.0,2446.0,1,0
6345,8432.0,2446.0,1,1
6346,8434.0,2446.0,1,1
6347,8435.0,2447.0,1,0
6348,8436.0,2447.0,1,0
6349,8437.0,2447.0,1,1
6350,8439.0,2449.0,1,0
6351,8440.0,2450.0,1,0
6352,8442.0,2450.0,1,0
6353,8444.0,2450.0,1,0
6354,8445.0,2450.0,1,0
6355,8446.0,2450.0,1,1
6356,8447.0,2451.0,1,0
6357,8449.0,2452.0,1,1
6358,8450.0,2452.0,1,0
6359,8451.0,2452.0,1,1
6360,8452.0,2453.0,1,1
6361,8453.0,2453.0,1,1
6362,8454.0,2453.0,1,0
6363,8455.0,2455.0,1,1
6364,8456.0,2455.0,1,1
6365,8457.0,2455.0,1,0
6366,8458.0,2455.0,1,0
6367,8460.0,2455.0,1,1
6368,8461.0,2455.0,1,0
6369,8462.0,2456.0,1,0
6370,8464.0,2456.0,1,0
6371,8465.0,2457.0,1,0
6372,8467.0,2458.0,1,0
6373,8469.0,2458.0,1,1
6374,8470.0,2458.0,1,1
6375,8471.0,2458.0,1,1
6376,8473.0,2458.0,1,1
6377,8474.0,2459.0,1,0
6378,8475.0,2459.0,1,0
6379,8476.0,2459.0,1,0
6380,8479.0,2460.0,1,0
6381,8481.0,2460.0,1,1
6382,8482.0,2461.0,1,1
6383,8483.0,2461.0,1,0
6384,8484.0,2462.0,1,0
6385,8485.0,2462.0,1,0
6386,8489.0,2463.0,1,0
6387,8491.0,2464.0,1,0
6388,8492.0,2464.0,1,0
6389,8493.0,2464.0,1,0
6390,8495.0,2465.0,1,0
6391,8496.0,2465.0,1,1
6392,8497.0,2466.0,1,0
6393,8499.0,2467.0,1,0
6394,8500.0,2467.0,1,0
6395,8501.0,2467.0,1,0
6396,8502.0,2468.0,1,0
6397,8503.0,2468.0,1,1
6398,8504.0,2469.0,1,1
6399,8507.0,2470.0,1,0
6400,8508.0,2470.0,1,1
6401,8509.0,2471.0,1,1
6402,8510.0,2471.0,1,0
6403,8511.0,2471.0,1,1
6404,8512.0,2471.0,1,0
6405,8513.0,2472.0,1,1
6406,8515.0,2472.0,1,1
6407,8516.0,2472.0,1,1
6408,8517.0,2472.0,1,1
6409,8518.0,2472.0,1,0
6410,8519.0,2472.0,1,0
6411,8520.0,2472.0,1,1
6412,8521.0,2473.0,1,0
6413,8524.0,2475.0,1,1
6414,8525.0,2475.0,1,1
6415,8526.0,2475.0,1,1
6416,8527.0,2476.0,1,1
6417,8528.0,2477.0,1,1
6418,8529.0,2477.0,1,0
6419,8530.0,2477.0,1,0
6420,8531.0,2477.0,1,0
6421,8532.0,2477.0,1,1
6422,8533.0,2477.0,1,0
6423,8536.0,2478.0,1,1
6424,8539.0,2479.0,1,0
6425,8540.0,2479.0,1,0
6426,8541.0,2479.0,1,1
6427,8542.0,2479.0,1,0
6428,8543.0,2480.0,1,0
6429,8544.0,2480.0,1,0
6430,8546.0,2480.0,1,0
6431,8549.0,2482.0,1,0
6432,8550.0,2482.0,1,0
6433,8551.0,2483.0,1,0
6434,8552.0,2484.0,1,0
6435,8553.0,2484.0,1,0
6436,8554.0,2484.0,1,0
6437,8555.0,2484.0,1,1
6438,8556.0,2484.0,1,0
6439,8557.0,2485.0,1,0
6440,8558.0,2485.0,1,1
6441,8559.0,2485.0,1,0
6442,8560.0,2485.0,1,0
6443,8561.0,2485.0,1,1
6444,8562.0,2486.0,1,0
6445,8564.0,2486.0,1,1
6446,8565.0,2486.0,1,0
6447,8566.0,2486.0,1,1
6448,8568.0,2487.0,1,1
6449,8569.0,2487.0,1,0
6450,8570.0,2487.0,1,1
6451,8571.0,2488.0,1,1
6452,8572.0,2488.0,1,0
6453,8574.0,2488.0,1,0
6454,8575.0,2488.0,1,0
6455,8577.0,2489.0,1,0
6456,8578.0,2490.0,1,0
6457,8580.0,2490.0,1,1
6458,8581.0,2491.0,1,1
6459,8582.0,2491.0,1,1
6460,8583.0,2492.0,1,0
6461,8584.0,2492.0,1,0
6462,8585.0,2492.0,1,0
6463,8586.0,2492.0,1,0
6464,8587.0,2492.0,1,1
6465,8588.0,2492.0,1,0
6466,8589.0,2492.0,1,1
6467,8590.0,2492.0,1,0
6468,8591.0,2492.0,1,0
6469,8592.0,2492.0,1,0
6470,8595.0,2494.0,1,1
6471,8596.0,2494.0,1,1
6472,8597.0,2494.0,1,0
6473,8598.0,2494.0,1,0
6474,8599.0,2495.0,1,1
6475,8601.0,2495.0,1,0
6476,8602.0,2495.0,1,0
6477,8603.0,2496.0,1,0
6478,8604.0,2496.0,1,0
6479,8605.0,2497.0,1,0
6480,8606.0,2498.0,1,0
6481,8607.0,2498.0,1,1
6482,8608.0,2498.0,1,0
6483,8609.0,2499.0,1,1
6484,8610.0,2499.0,1,0
6485,8611.0,2500.0,1,0
6486,8613.0,2500.0,1,0
6487,8614.0,2500.0,1,0
6488,8615.0,2500.0,1,0
6489,8616.0,2501.0,1,0
6490,8617.0,2502.0,1,0
6491,8618.0,2503.0,1,1
6492,8619.0,2504.0,1,0
6493,8620.0,2504.0,1,0
6494,8621.0,2504.0,1,0
6495,8622.0,2504.0,1,0
6496,8624.0,2505.0,1,0
6497,8625.0,2506.0,1,0
6498,8627.0,2506.0,1,0
6499,8628.0,2506.0,1,0
6500,8629.0,2506.0,1,0
6501,8630.0,2506.0,1,1
6502,8632.0,2507.0,1,0
6503,8633.0,2507.0,1,0
6504,8634.0,2508.0,1,1
6505,8635.0,2509.0,1,0
6506,8636.0,2509.0,1,0
6507,8637.0,2510.0,1,0
6508,8638.0,2510.0,1,0
6509,8639.0,2510.0,1,0
6510,8640.0,2510.0,1,0
6511,8641.0,2511.0,1,0
6512,8642.0,2511.0,1,1
6513,8643.0,2511.0,1,1
6514,8644.0,2511.0,1,1
6515,8645.0,2511.0,1,0
6516,8646.0,2511.0,1,1
6517,8647.0,2511.0,1,0
6518,8648.0,2511.0,1,0
6519,8649.0,2512.0,1,0
6520,8650.0,2512.0,1,1
6521,8651.0,2512.0,1,1
6522,8653.0,2513.0,1,1
6523,8654.0,2514.0,1,0
6524,8656.0,2516.0,1,0
6525,8657.0,2516.0,1,0
6526,8658.0,2516.0,1,1
6527,8659.0,2516.0,1,0
6528,8660.0,2517.0,1,0
6529,8664.0,2518.0,1,0
6530,8665.0,2518.0,1,0
6531,8666.0,2518.0,1,1
6532,8667.0,2519.0,1,0
6533,8668.0,2519.0,1,0
6534,8670.0,2519.0,1,0
6535,8671.0,2519.0,1,1
6536,8672.0,2520.0,1,0
6537,8673.0,2520.0,1,0
6538,8674.0,2520.0,1,1
6539,8675.0,2520.0,1,1
6540,8677.0,2521.0,1,1
6541,8678.0,2521.0,1,1
6542,8679.0,2521.0,1,0
6543,8680.0,2521.0,1,1
6544,8681.0,2522.0,1,0
6545,8682.0,2522.0,1,1
6546,8683.0,2522.0,1,1
6547,8684.0,2523.0,1,1
6548,8686.0,2523.0,1,1
6549,8687.0,2523.0,1,1
6550,8689.0,2524.0,1,1
6551,8690.0,2524.0,1,1
6552,8691.0,2524.0,1,0
6553,8692.0,2525.0,1,0
6554,8693.0,2525.0,1,0
6555,8696.0,2526.0,1,0
6556,8697.0,2526.0,1,1
6557,8699.0,2527.0,1,0
6558,8701.0,2528.0,1,1
6559,8702.0,2528.0,1,0
6560,8703.0,2528.0,1,0
6561,8704.0,2528.0,1,0
6562,8705.0,2528.0,1,0
6563,8706.0,2528.0,1,1
6564,8707.0,2528.0,1,0
6565,8708.0,2528.0,1,1
6566,8710.0,2529.0,1,1
6567,8711.0,2530.0,1,1
6568,8712.0,2531.0,1,0
6569,8714.0,2533.0,1,1
6570,8715.0,2535.0,1,0
6571,8717.0,2537.0,1,0
6572,8718.0,2538.0,1,0
6573,8719.0,2538.0,1,0
6574,8720.0,2538.0,1,1
6575,8721.0,2538.0,1,1
6576,8722.0,2539.0,1,0
6577,8724.0,2540.0,1,0
6578,8726.0,2541.0,1,0
6579,8727.0,2541.0,1,0
6580,8728.0,2542.0,1,1
6581,8729.0,2542.0,1,1
6582,8733.0,2543.0,1,0
6583,8734.0,2543.0,1,0
6584,8736.0,2544.0,1,0
6585,8737.0,2544.0,1,0
6586,8739.0,2548.0,1,1
6587,8740.0,2548.0,1,0
6588,8741.0,2548.0,1,0
6589,8743.0,2548.0,1,1
6590,8745.0,2548.0,1,1
6591,8748.0,2549.0,1,1
6592,8750.0,2551.0,1,0
6593,8754.0,2552.0,1,1
6594,8755.0,2552.0,1,1
6595,8757.0,2554.0,1,0
6596,8758.0,2554.0,1,1
6597,8759.0,2555.0,1,1
6598,8760.0,2555.0,1,0
6599,8761.0,2555.0,1,0
6600,8762.0,2556.0,1,0
6601,8763.0,2556.0,1,1
6602,8764.0,2556.0,1,0
6603,8765.0,2557.0,1,0
6604,8766.0,2557.0,1,0
6605,8768.0,2557.0,1,1
6606,8769.0,2558.0,1,1
6607,8771.0,2559.0,1,0
6608,8772.0,2559.0,1,1
6609,8773.0,2559.0,1,0
6610,8774.0,2560.0,1,0
6611,8775.0,2560.0,1,1
6612,8778.0,2561.0,1,1
6613,8780.0,2561.0,1,0
6614,8782.0,2562.0,1,0
6615,8784.0,2563.0,1,0
6616,8785.0,2563.0,1,1
6617,8786.0,2563.0,1,0
6618,8787.0,2563.0,1,0
6619,8789.0,2564.0,1,0
6620,8790.0,2565.0,1,0
6621,8791.0,2565.0,1,0
6622,8792.0,2566.0,1,1
6623,8793.0,2566.0,1,1
6624,8795.0,2566.0,1,1
6625,8797.0,2567.0,1,0
6626,8799.0,2568.0,1,1
6627,8800.0,2569.0,1,0
6628,8801.0,2570.0,1,0
6629,8804.0,2570.0,1,0
6630,8805.0,2570.0,1,1
6631,8807.0,2570.0,1,1
6632,8808.0,2571.0,1,0
6633,8809.0,2572.0,1,0
6634,8810.0,2572.0,1,0
6635,8811.0,2572.0,1,0
6636,8812.0,2572.0,1,1
6637,8813.0,2572.0,1,1
6638,8814.0,2572.0,1,1
6639,8815.0,2573.0,1,0
6640,8816.0,2573.0,1,1
6641,8817.0,2573.0,1,0
6642,8822.0,2574.0,1,0
6643,8823.0,2574.0,1,0
6644,8825.0,2574.0,1,0
6645,8826.0,2574.0,1,0
6646,8827.0,2575.0,1,1
6647,8828.0,2575.0,1,1
6648,8829.0,2575.0,1,1
6649,8831.0,2576.0,1,0
6650,8833.0,2577.0,1,0
6651,8834.0,2577.0,1,0
6652,8836.0,2577.0,1,1
6653,8837.0,2577.0,1,0
6654,8838.0,2578.0,1,0
6655,8840.0,2579.0,1,0
6656,8841.0,2579.0,1,0
6657,8843.0,2579.0,1,1
6658,8844.0,2579.0,1,0
6659,8845.0,2579.0,1,0
6660,8846.0,2580.0,1,0
6661,8847.0,2581.0,1,0
6662,8848.0,2581.0,1,0
6663,8849.0,2581.0,1,0
6664,8852.0,2582.0,1,0
6665,8854.0,2583.0,1,0
6666,8856.0,2583.0,1,0
6667,8857.0,2583.0,1,0
6668,8859.0,2584.0,1,1
6669,8860.0,2584.0,1,0
6670,8861.0,2584.0,1,0
6671,8862.0,2584.0,1,0
6672,8864.0,2585.0,1,0
6673,8865.0,2585.0,1,0
6674,8867.0,2585.0,1,1
6675,8868.0,2586.0,1,1
6676,8870.0,2586.0,1,0
6677,8871.0,2586.0,1,1
6678,8875.0,2588.0,1,0
6679,8876.0,2589.0,1,0
6680,8879.0,2590.0,1,1
6681,8880.0,2590.0,1,0
6682,8881.0,2590.0,1,1
6683,8882.0,2590.0,1,0
6684,8885.0,2592.0,1,1
6685,8888.0,2592.0,1,0
6686,8891.0,2593.0,1,0
6687,8892.0,2593.0,1,0
6688,8893.0,2593.0,1,0
6689,8894.0,2593.0,1,0
6690,8896.0,2594.0,1,0
6691,8897.0,2594.0,1,0
6692,8898.0,2595.0,1,1
6693,8899.0,2596.0,1,0
6694,8901.0,2597.0,1,0
6695,8902.0,2597.0,1,0
6696,8903.0,2597.0,1,0
6697,8904.0,2597.0,1,0
6698,8905.0,2597.0,1,1
6699,8906.0,2598.0,1,0
6700,8908.0,2598.0,1,0
6701,8910.0,2599.0,1,0
6702,8911.0,2599.0,1,1
6703,8912.0,2599.0,1,1
6704,8913.0,2599.0,1,0
6705,8918.0,2601.0,1,0
6706,8919.0,2601.0,1,0
6707,8921.0,2602.0,1,1
6708,8922.0,2602.0,1,0
6709,8923.0,2602.0,1,0
6710,8925.0,2602.0,1,0
6711,8926.0,2602.0,1,0
6712,8927.0,2602.0,1,0
6713,8929.0,2603.0,1,0
6714,8930.0,2603.0,1,0
6715,8932.0,2604.0,1,0
6716,8934.0,2604.0,1,0
6717,8937.0,2604.0,1,0
6718,8938.0,2605.0,1,1
6719,8939.0,2605.0,1,1
6720,8940.0,2606.0,1,1
6721,8941.0,2607.0,1,0
6722,8942.0,2607.0,1,0
6723,8944.0,2608.0,1,1
6724,8945.0,2608.0,1,0
6725,8946.0,2609.0,1,0
6726,8947.0,2609.0,1,0
6727,8948.0,2609.0,1,0
6728,8949.0,2609.0,1,1
6729,8950.0,2610.0,1,0
6730,8951.0,2610.0,1,0
6731,8952.0,2611.0,1,0
6732,8954.0,2611.0,1,0
6733,8955.0,2611.0,1,0
6734,8956.0,2612.0,1,0
6735,8957.0,2612.0,1,0
6736,8958.0,2612.0,1,0
6737,8960.0,2613.0,1,1
6738,8961.0,2613.0,1,0
6739,8963.0,2615.0,1,0
6740,8964.0,2615.0,1,1
6741,8965.0,2615.0,1,0
6742,8966.0,2616.0,1,0
6743,8967.0,2616.0,1,0
6744,8968.0,2616.0,1,0
6745,8970.0,2616.0,1,1
6746,8971.0,2617.0,1,0
6747,8973.0,2617.0,1,0
6748,8974.0,2619.0,1,1
6749,8975.0,2619.0,1,1
6750,8976.0,2619.0,1,0
6751,8979.0,2620.0,1,0
6752,8980.0,2620.0,1,0
6753,8981.0,2620.0,1,1
6754,8982.0,2621.0,1,0
6755,8983.0,2621.0,1,1
6756,8985.0,2621.0,1,1
6757,8987.0,2622.0,1,0
6758,8988.0,2622.0,1,0
6759,8991.0,2623.0,1,1
6760,8992.0,2623.0,1,0
6761,8994.0,2624.0,1,1
6762,8995.0,2624.0,1,0
6763,8996.0,2624.0,1,1
6764,8997.0,2624.0,1,0
6765,8999.0,2625.0,1,0
6766,9000.0,2625.0,1,1
6767,9001.0,2625.0,1,0
6768,9002.0,2626.0,1,1
6769,9003.0,2626.0,1,0
6770,9004.0,2626.0,1,0
6771,9005.0,2626.0,1,0
6772,9006.0,2626.0,1,1
6773,9008.0,2628.0,1,0
6774,9009.0,2628.0,1,0
6775,9010.0,2628.0,1,0
6776,9011.0,2628.0,1,1
6777,9015.0,2629.0,1,1
6778,9016.0,2629.0,1,1
6779,9017.0,2629.0,1,0
6780,9018.0,2630.0,1,0
6781,9019.0,2630.0,1,1
6782,9020.0,2631.0,1,0
6783,9021.0,2631.0,1,1
6784,9022.0,2631.0,1,0
6785,9023.0,2632.0,1,0
6786,9025.0,2633.0,1,1
6787,9026.0,2633.0,1,0
6788,9027.0,2633.0,1,0
6789,9028.0,2633.0,1,0
6790,9029.0,2633.0,1,0
6791,9030.0,2633.0,1,0
6792,9031.0,2634.0,1,1
6793,9033.0,2635.0,1,0
6794,9034.0,2636.0,1,1
6795,9036.0,2637.0,1,1
6796,9037.0,2637.0,1,0
6797,9038.0,2637.0,1,1
6798,9039.0,2637.0,1,1
6799,9042.0,2637.0,1,0
6800,9043.0,2637.0,1,1
6801,9044.0,2638.0,1,1
6802,9046.0,2639.0,1,1
6803,9047.0,2639.0,1,0
6804,9048.0,2640.0,1,1
6805,9049.0,2640.0,1,0
6806,9051.0,2641.0,1,0
6807,9053.0,2641.0,1,0
6808,9054.0,2641.0,1,1
6809,9055.0,2641.0,1,0
6810,9056.0,2641.0,1,1
6811,9057.0,2642.0,1,0
6812,9058.0,2642.0,1,0
6813,9059.0,2642.0,1,1
6814,9060.0,2642.0,1,1
6815,9061.0,2642.0,1,0
6816,9062.0,2642.0,1,0
6817,9063.0,2643.0,1,1
6818,9066.0,2645.0,1,0
6819,9067.0,2646.0,1,0
6820,9070.0,2649.0,1,0
6821,9071.0,2649.0,1,1
6822,9072.0,2649.0,1,0
6823,9073.0,2649.0,1,0
6824,9075.0,2649.0,1,0
6825,9076.0,2649.0,1,0
6826,9079.0,2651.0,1,1
6827,9080.0,2651.0,1,0
6828,9084.0,2652.0,1,0
6829,9086.0,2653.0,1,1
6830,9087.0,2653.0,1,0
6831,9090.0,2654.0,1,0
6832,9091.0,2654.0,1,0
6833,9092.0,2654.0,1,0
6834,9093.0,2654.0,1,0
6835,9094.0,2655.0,1,0
6836,9095.0,2655.0,1,0
6837,9097.0,2655.0,1,1
6838,9098.0,2656.0,1,1
6839,9099.0,2656.0,1,0
6840,9101.0,2656.0,1,0
6841,9102.0,2656.0,1,0
6842,9103.0,2657.0,1,1
6843,9104.0,2657.0,1,0
6844,9105.0,2657.0,1,1
6845,9106.0,2657.0,1,0
6846,9107.0,2657.0,1,0
6847,9108.0,2657.0,1,1
6848,9109.0,2658.0,1,1
6849,9111.0,2658.0,1,1
6850,9112.0,2658.0,1,0
6851,9114.0,2658.0,1,0
6852,9115.0,2658.0,1,0
6853,9116.0,2658.0,1,0
6854,9117.0,2658.0,1,1
6855,9118.0,2659.0,1,0
6856,9119.0,2659.0,1,0
6857,9120.0,2659.0,1,1
6858,9121.0,2660.0,1,1
6859,9122.0,2660.0,1,1
6860,9123.0,2660.0,1,0
6861,9125.0,2660.0,1,0
6862,9126.0,2660.0,1,0
6863,9127.0,2660.0,1,0
6864,9128.0,2661.0,1,0
6865,9130.0,2662.0,1,0
6866,9132.0,2662.0,1,0
6867,9133.0,2662.0,1,0
6868,9134.0,2663.0,1,0
6869,9135.0,2663.0,1,1
6870,9136.0,2663.0,1,0
6871,9137.0,2663.0,1,0
6872,9138.0,2663.0,1,0
6873,9139.0,2663.0,1,0
6874,9140.0,2663.0,1,1
6875,9141.0,2664.0,1,1
6876,9143.0,2665.0,1,0
6877,9144.0,2665.0,1,1
6878,9145.0,2665.0,1,1
6879,9146.0,2665.0,1,0
6880,9148.0,2666.0,1,0
6881,9149.0,2667.0,1,1
6882,9150.0,2668.0,1,1
6883,9152.0,2668.0,1,0
6884,9153.0,2668.0,1,1
6885,9155.0,2669.0,1,0
6886,9156.0,2669.0,1,0
6887,9157.0,2669.0,1,1
6888,9158.0,2671.0,1,0
6889,9159.0,2671.0,1,1
6890,9160.0,2671.0,1,1
6891,9163.0,2672.0,1,1
6892,9164.0,2672.0,1,1
6893,9165.0,2673.0,1,0
6894,9166.0,2673.0,1,0
6895,9169.0,2675.0,1,0
6896,9170.0,2675.0,1,0
6897,9171.0,2675.0,1,0
6898,9172.0,2676.0,1,0
6899,9174.0,2676.0,1,1
6900,9175.0,2676.0,1,0
6901,9177.0,2677.0,1,0
6902,9179.0,2677.0,1,0
6903,9181.0,2678.0,1,0
6904,9182.0,2678.0,1,1
6905,9184.0,2678.0,1,1
6906,9185.0,2679.0,1,1
6907,9187.0,2679.0,1,1
6908,9189.0,2679.0,1,1
6909,9190.0,2680.0,1,0
6910,9193.0,2680.0,1,1
6911,9194.0,2680.0,1,0
6912,9195.0,2680.0,1,0
6913,9196.0,2680.0,1,1
6914,9197.0,2680.0,1,1
6915,9198.0,2680.0,1,0
6916,9199.0,2680.0,1,0
6917,9201.0,2681.0,1,0
6918,9202.0,2682.0,1,0
6919,9203.0,2682.0,1,0
6920,9204.0,2682.0,1,0
6921,9205.0,2683.0,1,0
6922,9206.0,2683.0,1,0
6923,9207.0,2683.0,1,0
6924,9209.0,2684.0,1,0
6925,9210.0,2684.0,1,0
6926,9211.0,2685.0,1,1
6927,9212.0,2685.0,1,0
6928,9214.0,2687.0,1,1
6929,9215.0,2687.0,1,0
6930,9216.0,2688.0,1,1
6931,9217.0,2688.0,1,1
6932,9220.0,2688.0,1,0
6933,9221.0,2689.0,1,0
6934,9222.0,2689.0,1,0
6935,9223.0,2689.0,1,1
6936,9224.0,2690.0,1,0
6937,9225.0,2691.0,1,0
6938,9226.0,2691.0,1,1
6939,9227.0,2691.0,1,1
6940,9228.0,2691.0,1,0
6941,9229.0,2692.0,1,0
6942,9230.0,2693.0,1,0
6943,9231.0,2693.0,1,1
6944,9232.0,2693.0,1,0
6945,9234.0,2693.0,1,0
6946,9235.0,2693.0,1,0
6947,9236.0,2693.0,1,0
6948,9237.0,2694.0,1,0
6949,9238.0,2694.0,1,0
6950,9239.0,2694.0,1,0
6951,9240.0,2694.0,1,1
6952,9241.0,2694.0,1,1
6953,9244.0,2694.0,1,0
6954,9245.0,2694.0,1,1
6955,9246.0,2694.0,1,0
6956,9247.0,2694.0,1,0
6957,9248.0,2695.0,1,0
6958,9249.0,2695.0,1,1
6959,9250.0,2695.0,1,0
6960,9251.0,2695.0,1,0
6961,9252.0,2695.0,1,1
6962,9254.0,2696.0,1,1
6963,9256.0,2696.0,1,1
6964,9258.0,2696.0,1,1
6965,9259.0,2697.0,1,0
6966,9261.0,2697.0,1,0
6967,9262.0,2697.0,1,0
6968,9263.0,2698.0,1,0
6969,9264.0,2698.0,1,1
6970,9265.0,2698.0,1,0
6971,9267.0,2698.0,1,0
6972,9268.0,2699.0,1,0
6973,9270.0,2699.0,1,0
6974,9273.0,2699.0,1,1
6975,9274.0,2699.0,1,1
6976,9275.0,2700.0,1,0
6977,9276.0,2700.0,1,1
6978,9277.0,2700.0,1,0
6979,9278.0,2700.0,1,1
6980,9280.0,2700.0,1,0
6981,9281.0,2701.0,1,0
6982,9282.0,2701.0,1,0
6983,9283.0,2703.0,1,1
6984,9284.0,2703.0,1,1
6985,9285.0,2704.0,1,1
6986,9286.0,2704.0,1,0
6987,9288.0,2705.0,1,0
6988,9290.0,2705.0,1,0
6989,9291.0,2705.0,1,1
6990,9293.0,2705.0,1,0
6991,9294.0,2706.0,1,1
6992,9298.0,2709.0,1,1
6993,9299.0,2710.0,1,0
6994,9300.0,2710.0,1,0
6995,9301.0,2710.0,1,1
6996,9303.0,2711.0,1,0
6997,9304.0,2711.0,1,1
6998,9305.0,2712.0,1,0
6999,9306.0,2712.0,1,1
7000,9308.0,2712.0,1,0
7001,9309.0,2713.0,1,0
7002,9310.0,2713.0,1,1
7003,9311.0,2713.0,1,1
7004,9312.0,2713.0,1,0
7005,9313.0,2715.0,1,0
7006,9314.0,2715.0,1,0
7007,9315.0,2715.0,1,0
7008,9318.0,2716.0,1,0
7009,9320.0,2716.0,1,0
7010,9321.0,2717.0,1,1
7011,9322.0,2717.0,1,0
7012,9324.0,2718.0,1,0
7013,9325.0,2718.0,1,1
7014,9326.0,2718.0,1,1
7015,9327.0,2718.0,1,0
7016,9328.0,2718.0,1,1
7017,9329.0,2719.0,1,0
7018,9330.0,2719.0,1,0
7019,9331.0,2719.0,1,0
7020,9332.0,2719.0,1,0
7021,9333.0,2720.0,1,0
7022,9334.0,2720.0,1,1
7023,9335.0,2720.0,1,0
7024,9336.0,2721.0,1,0
7025,9337.0,2721.0,1,1
7026,9338.0,2721.0,1,1
7027,9339.0,2722.0,1,1
7028,9340.0,2722.0,1,0
7029,9341.0,2722.0,1,0
7030,9342.0,2722.0,1,0
7031,9343.0,2722.0,1,1
7032,9344.0,2722.0,1,1
7033,9345.0,2723.0,1,0
7034,9346.0,2724.0,1,1
7035,9348.0,2724.0,1,1
7036,9349.0,2724.0,1,0
7037,9350.0,2725.0,1,1
7038,9351.0,2726.0,1,0
7039,9353.0,2726.0,1,0
7040,9356.0,2727.0,1,1
7041,9360.0,2729.0,1,1
7042,9362.0,2730.0,1,1
7043,9366.0,2733.0,1,0
7044,9368.0,2733.0,1,1
7045,9369.0,2733.0,1,0
7046,9370.0,2733.0,1,0
7047,9371.0,2733.0,1,0
7048,9372.0,2733.0,1,1
7049,9373.0,2733.0,1,0
7050,9374.0,2733.0,1,0
7051,9375.0,2734.0,1,0
7052,9376.0,2734.0,1,0
7053,9377.0,2734.0,1,0
7054,9378.0,2735.0,1,1
7055,9380.0,2735.0,1,1
7056,9381.0,2735.0,1,0
7057,9382.0,2735.0,1,0
7058,9383.0,2735.0,1,1
7059,9384.0,2736.0,1,0
7060,9385.0,2736.0,1,0
7061,9386.0,2737.0,1,1
7062,9387.0,2737.0,1,0
7063,9388.0,2737.0,1,0
7064,9390.0,2737.0,1,0
7065,9392.0,2738.0,1,0
7066,9394.0,2738.0,1,1
7067,9396.0,2738.0,1,0
7068,9398.0,2739.0,1,0
7069,9399.0,2740.0,1,0
7070,9400.0,2741.0,1,0
7071,9401.0,2742.0,1,0
7072,9402.0,2742.0,1,1
7073,9403.0,2742.0,1,0
7074,9405.0,2742.0,1,0
7075,9408.0,2743.0,1,1
7076,9409.0,2743.0,1,0
7077,9410.0,2743.0,1,0
7078,9411.0,2743.0,1,0
7079,9412.0,2744.0,1,0
7080,9413.0,2744.0,1,0
7081,9414.0,2744.0,1,0
7082,9415.0,2744.0,1,0
7083,9416.0,2745.0,1,1
7084,9417.0,2745.0,1,0
7085,9420.0,2746.0,1,0
7086,9421.0,2746.0,1,0
7087,9422.0,2746.0,1,0
7088,9423.0,2747.0,1,0
7089,9425.0,2749.0,1,1
7090,9426.0,2750.0,1,1
7091,9427.0,2750.0,1,0
7092,9428.0,2750.0,1,1
7093,9429.0,2750.0,1,0
7094,9430.0,2750.0,1,0
7095,9432.0,2752.0,1,0
7096,9433.0,2752.0,1,0
7097,9434.0,2752.0,1,0
7098,9436.0,2754.0,1,0
7099,9437.0,2755.0,1,1
7100,9439.0,2755.0,1,0
7101,9440.0,2756.0,1,0
7102,9443.0,2756.0,1,1
7103,9444.0,2757.0,1,1
7104,9445.0,2757.0,1,0
7105,9446.0,2757.0,1,0
7106,9447.0,2757.0,1,0
7107,9448.0,2757.0,1,0
7108,9449.0,2757.0,1,1
7109,9451.0,2759.0,1,1
7110,9452.0,2759.0,1,1
7111,9453.0,2759.0,1,0
7112,9454.0,2759.0,1,0
7113,9455.0,2759.0,1,1
7114,9457.0,2760.0,1,0
7115,9461.0,2761.0,1,1
7116,9462.0,2762.0,1,1
7117,9464.0,2762.0,1,0
7118,9465.0,2762.0,1,1
7119,9468.0,2764.0,1,0
7120,9469.0,2764.0,1,0
7121,9470.0,2765.0,1,0
7122,9472.0,2766.0,1,1
7123,9474.0,2766.0,1,0
7124,9475.0,2767.0,1,0
7125,9476.0,2767.0,1,0
7126,9477.0,2767.0,1,0
7127,9478.0,2767.0,1,0
7128,9479.0,2767.0,1,0
7129,9480.0,2769.0,1,0
7130,9481.0,2769.0,1,0
7131,9482.0,2769.0,1,0
7132,9485.0,2769.0,1,0
7133,9486.0,2769.0,1,1
7134,9487.0,2769.0,1,1
7135,9488.0,2770.0,1,0
7136,9489.0,2770.0,1,1
7137,9491.0,2770.0,1,0
7138,9492.0,2770.0,1,0
7139,9493.0,2771.0,1,0
7140,9495.0,2772.0,1,1
7141,9496.0,2772.0,1,1
7142,9497.0,2772.0,1,0
7143,9498.0,2772.0,1,0
7144,9499.0,2772.0,1,1
7145,9500.0,2772.0,1,0
7146,9502.0,2772.0,1,0
7147,9503.0,2773.0,1,0
7148,9504.0,2774.0,1,0
7149,9506.0,2775.0,1,0
7150,9507.0,2775.0,1,0
7151,9510.0,2776.0,1,0
7152,9511.0,2776.0,1,1
7153,9512.0,2777.0,1,1
7154,9513.0,2777.0,1,1
7155,9514.0,2777.0,1,1
7156,9515.0,2777.0,1,1
7157,9516.0,2777.0,1,0
7158,9517.0,2777.0,1,0
7159,9519.0,2777.0,1,0
7160,9520.0,2778.0,1,1
7161,9521.0,2778.0,1,0
7162,9522.0,2778.0,1,1
7163,9523.0,2778.0,1,1
7164,9526.0,2780.0,1,1
7165,9527.0,2780.0,1,0
7166,9528.0,2780.0,1,0
7167,9529.0,2780.0,1,1
7168,9530.0,2780.0,1,0
7169,9532.0,2781.0,1,0
7170,9535.0,2781.0,1,0
7171,9536.0,2782.0,1,1
7172,9537.0,2782.0,1,0
7173,9538.0,2784.0,1,0
7174,9539.0,2784.0,1,0
7175,9540.0,2785.0,1,0
7176,9541.0,2785.0,1,1
7177,9542.0,2786.0,1,0
7178,9544.0,2787.0,1,0
7179,9546.0,2789.0,1,0
7180,9547.0,2789.0,1,0
7181,9550.0,2789.0,1,0
7182,9551.0,2789.0,1,0
7183,9552.0,2790.0,1,0
7184,9553.0,2790.0,1,1
7185,9554.0,2790.0,1,0
7186,9555.0,2790.0,1,1
7187,9556.0,2791.0,1,0
7188,9558.0,2791.0,1,0
7189,9559.0,2791.0,1,1
7190,9560.0,2791.0,1,1
7191,9562.0,2792.0,1,0
7192,9564.0,2793.0,1,0
7193,9565.0,2794.0,1,1
7194,9567.0,2796.0,1,1
7195,9568.0,2796.0,1,1
7196,9569.0,2796.0,1,0
7197,9570.0,2796.0,1,1
7198,9571.0,2796.0,1,1
7199,9572.0,2797.0,1,0
7200,9573.0,2797.0,1,0
7201,9574.0,2797.0,1,0
7202,9576.0,2797.0,1,0
7203,9577.0,2798.0,1,1
7204,9578.0,2798.0,1,0
7205,9579.0,2798.0,1,1
7206,9580.0,2798.0,1,0
7207,9582.0,2799.0,1,0
7208,9583.0,2799.0,1,0
7209,9584.0,2799.0,1,1
7210,9585.0,2799.0,1,1
7211,9586.0,2800.0,1,1
7212,9588.0,2800.0,1,0
7213,9589.0,2800.0,1,1
7214,9590.0,2800.0,1,0
7215,9592.0,2800.0,1,0
7216,9593.0,2800.0,1,1
7217,9594.0,2801.0,1,0
7218,9595.0,2802.0,1,0
7219,9597.0,2802.0,1,0
7220,9598.0,2802.0,1,0
7221,9603.0,2803.0,1,1
7222,9604.0,2803.0,1,1
7223,9605.0,2803.0,1,0
7224,9606.0,2803.0,1,1
7225,9607.0,2803.0,1,0
7226,9609.0,2803.0,1,0
7227,9610.0,2804.0,1,1
7228,9611.0,2804.0,1,0
7229,9614.0,2805.0,1,0
7230,9615.0,2806.0,1,0
7231,9617.0,2806.0,1,0
7232,9618.0,2806.0,1,1
7233,9619.0,2806.0,1,1
7234,9621.0,2807.0,1,0
7235,9622.0,2807.0,1,0
7236,9624.0,2808.0,1,1
7237,9625.0,2808.0,1,1
7238,9626.0,2808.0,1,0
7239,9628.0,2809.0,1,0
7240,9629.0,2809.0,1,0
7241,9631.0,2811.0,1,0
7242,9633.0,2811.0,1,1
7243,9635.0,2812.0,1,0
7244,9636.0,2812.0,1,0
7245,9638.0,2813.0,1,0
7246,9640.0,2813.0,1,0
7247,9641.0,2813.0,1,1
7248,9642.0,2814.0,1,0
7249,9643.0,2815.0,1,1
7250,9645.0,2816.0,1,0
7251,9646.0,2816.0,1,0
7252,9647.0,2816.0,1,0
7253,9648.0,2816.0,1,1
7254,9649.0,2816.0,1,1
7255,9650.0,2816.0,1,0
7256,9651.0,2816.0,1,0
7257,9652.0,2816.0,1,0
7258,9653.0,2817.0,1,0
7259,9654.0,2818.0,1,0
7260,9656.0,2820.0,1,0
7261,9658.0,2821.0,1,0
7262,9659.0,2821.0,1,0
7263,9660.0,2821.0,1,0
7264,9661.0,2821.0,1,1
7265,9663.0,2822.0,1,0
7266,9665.0,2823.0,1,0
7267,9666.0,2824.0,1,0
7268,9667.0,2824.0,1,0
7269,9668.0,2824.0,1,1
7270,9669.0,2824.0,1,0
7271,9670.0,2824.0,1,1
7272,9672.0,2825.0,1,1
7273,9673.0,2825.0,1,0
7274,9675.0,2825.0,1,0
7275,9676.0,2825.0,1,1
7276,9677.0,2826.0,1,1
7277,9678.0,2826.0,1,1
7278,9679.0,2826.0,1,1
7279,9681.0,2827.0,1,1
7280,9682.0,2827.0,1,1
7281,9684.0,2829.0,1,0
7282,9685.0,2829.0,1,0
7283,9686.0,2829.0,1,0
7284,9687.0,2830.0,1,0
7285,9688.0,2831.0,1,0
7286,9689.0,2832.0,1,0
7287,9690.0,2832.0,1,0
7288,9691.0,2832.0,1,0
7289,9692.0,2832.0,1,0
7290,9693.0,2832.0,1,0
7291,9694.0,2832.0,1,0
7292,9695.0,2832.0,1,1
7293,9700.0,2834.0,1,0
7294,9701.0,2835.0,1,1
7295,9702.0,2835.0,1,1
7296,9705.0,2836.0,1,0
7297,9707.0,2836.0,1,0
7298,9709.0,2837.0,1,0
7299,9710.0,2837.0,1,0
7300,9711.0,2839.0,1,0
7301,9712.0,2839.0,1,1
7302,9713.0,2840.0,1,1
7303,9714.0,2840.0,1,0
7304,9716.0,2840.0,1,0
7305,9718.0,2841.0,1,1
7306,9719.0,2842.0,1,0
7307,9720.0,2842.0,1,0
7308,9721.0,2842.0,1,0
7309,9722.0,2842.0,1,0
7310,9723.0,2842.0,1,0
7311,9724.0,2843.0,1,0
7312,9725.0,2843.0,1,1
7313,9729.0,2844.0,1,1
7314,9730.0,2844.0,1,0
7315,9731.0,2845.0,1,0
7316,9732.0,2845.0,1,0
7317,9733.0,2845.0,1,0
7318,9736.0,2846.0,1,0
7319,9737.0,2846.0,1,1
7320,9738.0,2847.0,1,0
7321,9739.0,2847.0,1,0
7322,9740.0,2847.0,1,0
7323,9741.0,2848.0,1,1
7324,9742.0,2849.0,1,0
7325,9743.0,2849.0,1,0
7326,9744.0,2849.0,1,0
7327,9745.0,2849.0,1,0
7328,9746.0,2850.0,1,0
7329,9747.0,2851.0,1,0
7330,9748.0,2851.0,1,1
7331,9750.0,2851.0,1,0
7332,9751.0,2852.0,1,0
7333,9752.0,2852.0,1,0
7334,9753.0,2853.0,1,0
7335,9754.0,2854.0,1,0
7336,9757.0,2854.0,1,0
7337,9758.0,2854.0,1,0
7338,9759.0,2855.0,1,0
7339,9760.0,2855.0,1,0
7340,9761.0,2855.0,1,0
7341,9762.0,2855.0,1,1
7342,9764.0,2856.0,1,0
7343,9766.0,2857.0,1,1
7344,9767.0,2857.0,1,0
7345,9769.0,2857.0,1,1
7346,9771.0,2858.0,1,0
7347,9772.0,2858.0,1,1
7348,9773.0,2858.0,1,1
7349,9774.0,2859.0,1,0
7350,9776.0,2860.0,1,1
7351,9777.0,2861.0,1,0
7352,9779.0,2861.0,1,0
7353,9780.0,2861.0,1,1
7354,9781.0,2862.0,1,0
7355,9782.0,2862.0,1,0
7356,9783.0,2863.0,1,0
7357,9784.0,2863.0,1,0
7358,9786.0,2863.0,1,1
7359,9787.0,2863.0,1,0
7360,9788.0,2864.0,1,1
7361,9789.0,2864.0,1,1
7362,9790.0,2865.0,1,0
7363,9791.0,2865.0,1,0
7364,9794.0,2865.0,1,0
7365,9795.0,2865.0,1,0
7366,9797.0,2866.0,1,1
7367,9799.0,2867.0,1,0
7368,9802.0,2867.0,1,0
7369,9805.0,2867.0,1,1
7370,9806.0,2867.0,1,0
7371,9807.0,2868.0,1,0
7372,9808.0,2868.0,1,0
7373,9810.0,2868.0,1,0
7374,9811.0,2868.0,1,1
7375,9812.0,2869.0,1,0
7376,9813.0,2870.0,1,0
7377,9814.0,2870.0,1,1
7378,9815.0,2870.0,1,0
7379,9816.0,2871.0,1,1
7380,9817.0,2871.0,1,0
7381,9818.0,2871.0,1,1
7382,9819.0,2871.0,1,0
7383,9820.0,2871.0,1,0
7384,9821.0,2872.0,1,0
7385,9822.0,2872.0,1,1
7386,9824.0,2872.0,1,1
7387,9825.0,2873.0,1,1
7388,9826.0,2873.0,1,0
7389,9827.0,2873.0,1,0
7390,9828.0,2873.0,1,0
7391,9829.0,2874.0,1,1
7392,9830.0,2874.0,1,0
7393,9831.0,2875.0,1,0
7394,9834.0,2876.0,1,0
7395,9835.0,2876.0,1,0
7396,9836.0,2876.0,1,0
7397,9837.0,2877.0,1,1
7398,9838.0,2877.0,1,1
7399,9839.0,2877.0,1,0
7400,9840.0,2877.0,1,1
7401,9841.0,2877.0,1,0
7402,9842.0,2878.0,1,0
7403,9843.0,2878.0,1,0
7404,9844.0,2879.0,1,0
7405,9846.0,2879.0,1,0
7406,9847.0,2879.0,1,1
7407,9848.0,2879.0,1,1
7408,9849.0,2881.0,1,0
7409,9852.0,2881.0,1,0
7410,9854.0,2881.0,1,0
7411,9855.0,2881.0,1,0
7412,9856.0,2883.0,1,0
7413,9857.0,2883.0,1,0
7414,9858.0,2883.0,1,1
7415,9860.0,2883.0,1,1
7416,9861.0,2883.0,1,0
7417,9863.0,2886.0,1,0
7418,9864.0,2886.0,1,0
7419,9865.0,2886.0,1,0
7420,9866.0,2886.0,1,1
7421,9867.0,2887.0,1,0
7422,9868.0,2887.0,1,1
7423,9869.0,2887.0,1,0
7424,9870.0,2888.0,1,1
7425,9871.0,2888.0,1,0
7426,9872.0,2888.0,1,1
7427,9873.0,2888.0,1,1
7428,9874.0,2889.0,1,0
7429,9875.0,2890.0,1,1
7430,9876.0,2890.0,1,1
7431,9877.0,2891.0,1,0
7432,9878.0,2891.0,1,1
7433,9882.0,2891.0,1,1
7434,9884.0,2892.0,1,0
7435,9885.0,2893.0,1,0
7436,9886.0,2893.0,1,1
7437,9888.0,2893.0,1,0
7438,9889.0,2893.0,1,1
7439,9890.0,2895.0,1,1
7440,9891.0,2895.0,1,1
7441,9892.0,2896.0,1,1
7442,9893.0,2896.0,1,1
7443,9896.0,2896.0,1,0
7444,9897.0,2896.0,1,0
7445,9898.0,2897.0,1,0
7446,9899.0,2897.0,1,1
7447,9900.0,2897.0,1,0
7448,9901.0,2897.0,1,1
7449,9902.0,2898.0,1,1
7450,9903.0,2898.0,1,0
7451,9904.0,2898.0,1,0
7452,9907.0,2898.0,1,1
7453,9908.0,2899.0,1,0
7454,9909.0,2899.0,1,0
7455,9910.0,2899.0,1,0
7456,9911.0,2899.0,1,0
7457,9912.0,2899.0,1,0
7458,9913.0,2899.0,1,0
7459,9914.0,2900.0,1,1
7460,9917.0,2901.0,1,0
7461,9918.0,2901.0,1,1
7462,9919.0,2902.0,1,1
7463,9921.0,2902.0,1,1
7464,9922.0,2903.0,1,1
7465,9923.0,2903.0,1,1
7466,9925.0,2904.0,1,0
7467,9926.0,2904.0,1,0
7468,9927.0,2904.0,1,1
7469,9928.0,2904.0,1,1
7470,9929.0,2905.0,1,1
7471,9930.0,2905.0,1,0
7472,9931.0,2905.0,1,0
7473,9934.0,2906.0,1,0
7474,9935.0,2907.0,1,1
7475,9936.0,2909.0,1,0
7476,9941.0,2909.0,1,0
7477,9942.0,2909.0,1,1
7478,9943.0,2909.0,1,1
7479,9944.0,2909.0,1,0
7480,9946.0,2910.0,1,1
7481,9947.0,2910.0,1,1
7482,9949.0,2910.0,1,0
7483,9950.0,2910.0,1,1
7484,9951.0,2910.0,1,1
7485,9953.0,2911.0,1,0
7486,9954.0,2911.0,1,1
7487,9955.0,2911.0,1,1
7488,9956.0,2912.0,1,0
7489,9957.0,2912.0,1,0
7490,9958.0,2912.0,1,0
7491,9959.0,2912.0,1,0
7492,9960.0,2912.0,1,0
7493,9962.0,2912.0,1,0
7494,9964.0,2912.0,1,0
7495,9965.0,2912.0,1,0
7496,9966.0,2912.0,1,0
7497,9967.0,2913.0,1,1
7498,9968.0,2913.0,1,0
7499,9969.0,2913.0,1,0
7500,9971.0,2913.0,1,1
7501,9972.0,2913.0,1,1
7502,9973.0,2913.0,1,1
7503,9974.0,2913.0,1,0
7504,9975.0,2914.0,1,0
7505,9977.0,2915.0,1,0
7506,9978.0,2916.0,1,0
7507,9979.0,2916.0,1,1
7508,9981.0,2917.0,1,0
7509,9982.0,2917.0,1,0
7510,9983.0,2917.0,1,0
7511,9984.0,2918.0,1,0
7512,9985.0,2918.0,1,1
7513,9986.0,2918.0,1,1
7514,9987.0,2918.0,1,1
7515,9988.0,2918.0,1,0
7516,9989.0,2918.0,1,0
7517,9990.0,2918.0,1,0
7518,9992.0,2918.0,1,0
7519,9993.0,2919.0,1,1
7520,9995.0,2920.0,1,0
7521,9996.0,2920.0,1,0
7522,9997.0,2920.0,1,0
7523,10001.0,2920.0,1,0
7524,10003.0,2922.0,1,1
7525,10005.0,2923.0,1,1
7526,10006.0,2923.0,1,0
7527,10007.0,2923.0,1,1
7528,10010.0,2924.0,1,0
7529,10012.0,2924.0,1,0
7530,10013.0,2925.0,1,1
7531,10014.0,2925.0,1,0
7532,10016.0,2926.0,1,0
7533,10019.0,2926.0,1,1
7534,10020.0,2927.0,1,0
7535,10022.0,2927.0,1,0
7536,10023.0,2927.0,1,0
7537,10024.0,2927.0,1,0
7538,10025.0,2928.0,1,1
7539,10028.0,2928.0,1,1
7540,10029.0,2929.0,1,0
7541,10030.0,2929.0,1,0
7542,10031.0,2930.0,1,0
7543,10032.0,2930.0,1,1
7544,10033.0,2930.0,1,0
7545,10034.0,2930.0,1,1
7546,10037.0,2931.0,1,1
7547,10038.0,2931.0,1,0
7548,10041.0,2932.0,1,0
7549,10042.0,2932.0,1,0
7550,10043.0,2932.0,1,0
7551,10045.0,2932.0,1,0
7552,10046.0,2932.0,1,1
7553,10047.0,2933.0,1,0
7554,10048.0,2933.0,1,0
7555,10049.0,2933.0,1,0
7556,10050.0,2933.0,1,0
7557,10052.0,2934.0,1,0
7558,10053.0,2935.0,1,0
7559,10054.0,2935.0,1,0
7560,10055.0,2935.0,1,1
7561,10056.0,2935.0,1,0
7562,10057.0,2935.0,1,1
7563,10058.0,2935.0,1,0
7564,10059.0,2935.0,1,1
7565,10060.0,2936.0,1,0
7566,10064.0,2937.0,1,0
7567,10065.0,2939.0,1,0
7568,10066.0,2939.0,1,1
7569,10067.0,2939.0,1,0
7570,10068.0,2940.0,1,0
7571,10069.0,2940.0,1,1
7572,10070.0,2940.0,1,1
7573,10071.0,2941.0,1,1
7574,10072.0,2941.0,1,0
7575,10073.0,2941.0,1,0
7576,10074.0,2941.0,1,1
7577,10075.0,2942.0,1,1
7578,10077.0,2943.0,1,1
7579,10078.0,2943.0,1,0
7580,10079.0,2943.0,1,1
7581,10080.0,2944.0,1,1
7582,10082.0,2944.0,1,1
7583,10083.0,2944.0,1,0
7584,10084.0,2944.0,1,1
7585,10085.0,2945.0,1,0
7586,10087.0,2945.0,1,1
7587,10088.0,2945.0,1,0
7588,10089.0,2945.0,1,0
7589,10090.0,2945.0,1,0
7590,10093.0,2946.0,1,0
7591,10094.0,2946.0,1,0
7592,10097.0,2946.0,1,0
7593,10098.0,2946.0,1,0
7594,10099.0,2946.0,1,0
7595,10100.0,2947.0,1,0
7596,10101.0,2948.0,1,0
7597,10102.0,2949.0,1,0
7598,10103.0,2949.0,1,0
7599,10105.0,2950.0,1,1
7600,10106.0,2950.0,1,0
7601,10107.0,2951.0,1,1
7602,10108.0,2951.0,1,0
7603,10109.0,2951.0,1,1
7604,10110.0,2951.0,1,0
7605,10111.0,2951.0,1,0
7606,10112.0,2951.0,1,0
7607,10115.0,2952.0,1,0
7608,10116.0,2952.0,1,1
7609,10117.0,2952.0,1,0
7610,10118.0,2952.0,1,0
7611,10119.0,2953.0,1,0
7612,10120.0,2953.0,1,0
7613,10122.0,2953.0,1,1
7614,10123.0,2953.0,1,0
7615,10124.0,2954.0,1,0
7616,10125.0,2954.0,1,0
7617,10126.0,2954.0,1,1
7618,10129.0,2954.0,1,1
7619,10130.0,2954.0,1,0
7620,10131.0,2954.0,1,0
7621,10132.0,2954.0,1,0
7622,10133.0,2955.0,1,0
7623,10134.0,2955.0,1,0
7624,10135.0,2956.0,1,0
7625,10136.0,2957.0,1,0
7626,10138.0,2957.0,1,0
7627,10139.0,2957.0,1,0
7628,10140.0,2957.0,1,0
7629,10142.0,2959.0,1,0
7630,10143.0,2959.0,1,0
7631,10144.0,2959.0,1,0
7632,10145.0,2959.0,1,0
7633,10147.0,2960.0,1,0
7634,10150.0,2960.0,1,0
7635,10152.0,2961.0,1,1
7636,10154.0,2962.0,1,0
7637,10156.0,2962.0,1,0
7638,10159.0,2963.0,1,0
7639,10160.0,2963.0,1,0
7640,10162.0,2963.0,1,1
7641,10163.0,2963.0,1,0
7642,10164.0,2963.0,1,0
7643,10166.0,2964.0,1,0
7644,10167.0,2964.0,1,1
7645,10168.0,2964.0,1,1
7646,10169.0,2965.0,1,0
7647,10170.0,2965.0,1,1
7648,10172.0,2965.0,1,0
7649,10173.0,2965.0,1,0
7650,10174.0,2965.0,1,0
7651,10176.0,2965.0,1,0
7652,10177.0,2966.0,1,0
7653,10178.0,2966.0,1,0
7654,10179.0,2967.0,1,0
7655,10181.0,2967.0,1,0
7656,10182.0,2967.0,1,1
7657,10183.0,2968.0,1,0
7658,10184.0,2969.0,1,1
7659,10185.0,2970.0,1,0
7660,10186.0,2971.0,1,0
7661,10188.0,2972.0,1,1
7662,10190.0,2972.0,1,1
7663,10191.0,2972.0,1,0
7664,10193.0,2972.0,1,0
7665,10194.0,2972.0,1,0
7666,10195.0,2973.0,1,1
7667,10196.0,2973.0,1,0
7668,10197.0,2973.0,1,0
7669,10199.0,2974.0,1,0
7670,10200.0,2975.0,1,1
7671,10202.0,2975.0,1,0
7672,10203.0,2976.0,1,0
7673,10204.0,2977.0,1,0
7674,10205.0,2977.0,1,1
7675,10207.0,2977.0,1,0
7676,10208.0,2977.0,1,0
7677,10211.0,2977.0,1,1
7678,10212.0,2977.0,1,0
7679,10213.0,2978.0,1,0
7680,10214.0,2978.0,1,1
7681,10215.0,2978.0,1,0
7682,10217.0,2978.0,1,1
7683,10218.0,2979.0,1,1
7684,10219.0,2979.0,1,1
7685,10220.0,2979.0,1,0
7686,10221.0,2979.0,1,0
7687,10222.0,2979.0,1,1
7688,10224.0,2980.0,1,0
7689,10225.0,2980.0,1,0
7690,10226.0,2980.0,1,1
7691,10228.0,2981.0,1,0
7692,10229.0,2981.0,1,0
7693,10231.0,2982.0,1,1
7694,10232.0,2982.0,1,0
7695,10233.0,2982.0,1,0
7696,10234.0,2983.0,1,0
7697,10235.0,2983.0,1,0
7698,10237.0,2984.0,1,1
7699,10238.0,2985.0,1,1
7700,10239.0,2985.0,1,1
7701,10240.0,2985.0,1,0
7702,10241.0,2985.0,1,0
7703,10242.0,2985.0,1,1
7704,10244.0,2985.0,1,0
7705,10248.0,2986.0,1,1
7706,10249.0,2987.0,1,0
7707,10250.0,2987.0,1,1
7708,10251.0,2987.0,1,1
7709,10252.0,2987.0,1,0
7710,10253.0,2988.0,1,0
7711,10254.0,2988.0,1,1
7712,10255.0,2988.0,1,0
7713,10256.0,2988.0,1,1
7714,10258.0,2989.0,1,1
7715,10259.0,2990.0,1,1
7716,10260.0,2990.0,1,0
7717,10262.0,2990.0,1,0
7718,10263.0,2990.0,1,1
7719,10264.0,2990.0,1,1
7720,10265.0,2990.0,1,0
7721,10266.0,2991.0,1,1
7722,10267.0,2991.0,1,0
7723,10268.0,2992.0,1,1
7724,10269.0,2993.0,1,0
7725,10272.0,2993.0,1,0
7726,10273.0,2994.0,1,0
7727,10274.0,2994.0,1,1
7728,10275.0,2994.0,1,0
7729,10276.0,2995.0,1,1
7730,10277.0,2995.0,1,0
7731,10278.0,2995.0,1,0
7732,10280.0,2996.0,1,0
7733,10281.0,2996.0,1,0
7734,10282.0,2998.0,1,0
7735,10283.0,2998.0,1,0
7736,10284.0,2998.0,1,0
7737,10285.0,2999.0,1,0
7738,10286.0,2999.0,1,0
7739,10287.0,2999.0,1,0
7740,10288.0,2999.0,1,0
7741,10289.0,2999.0,1,0
7742,10290.0,2999.0,1,1
7743,10291.0,3000.0,1,1
7744,10292.0,3000.0,1,1
7745,10293.0,3001.0,1,0
7746,10294.0,3001.0,1,0
7747,10296.0,3001.0,1,0
7748,10299.0,3002.0,1,0
7749,10300.0,3002.0,1,1
7750,10301.0,3002.0,1,1
7751,10302.0,3002.0,1,0
7752,10303.0,3003.0,1,0
7753,10304.0,3004.0,1,1
7754,10305.0,3005.0,1,0
7755,10306.0,3006.0,1,1
7756,10307.0,3006.0,1,0
7757,10308.0,3006.0,1,0
7758,10309.0,3006.0,1,0
7759,10310.0,3006.0,1,0
7760,10311.0,3007.0,1,0
7761,10313.0,3008.0,1,0
7762,10314.0,3008.0,1,0
7763,10315.0,3008.0,1,0
7764,10316.0,3009.0,1,1
7765,10318.0,3009.0,1,0
7766,10321.0,3009.0,1,1
7767,10327.0,3011.0,1,1
7768,10328.0,3011.0,1,0
7769,10329.0,3011.0,1,0
7770,10330.0,3011.0,1,0
7771,10331.0,3011.0,1,0
7772,10332.0,3011.0,1,0
7773,10333.0,3012.0,1,0
7774,10334.0,3012.0,1,1
7775,10335.0,3013.0,1,0
7776,10337.0,3013.0,1,0
7777,10338.0,3013.0,1,0
7778,10340.0,3014.0,1,0
7779,10341.0,3014.0,1,0
7780,10342.0,3014.0,1,1
7781,10343.0,3016.0,1,1
7782,10344.0,3016.0,1,0
7783,10345.0,3016.0,1,0
7784,10348.0,3019.0,1,1
7785,10350.0,3020.0,1,1
7786,10351.0,3020.0,1,0
7787,10352.0,3020.0,1,0
7788,10354.0,3021.0,1,0
7789,10358.0,3022.0,1,1
7790,10360.0,3023.0,1,1
7791,10361.0,3023.0,1,0
7792,10362.0,3023.0,1,0
7793,10363.0,3023.0,1,1
7794,10365.0,3024.0,1,0
7795,10366.0,3024.0,1,1
7796,10367.0,3024.0,1,1
7797,10368.0,3024.0,1,1
7798,10370.0,3025.0,1,1
7799,10373.0,3025.0,1,0
7800,10374.0,3025.0,1,0
7801,10375.0,3026.0,1,1
7802,10377.0,3027.0,1,0
7803,10378.0,3027.0,1,0
7804,10381.0,3027.0,1,1
7805,10382.0,3027.0,1,0
7806,10383.0,3027.0,1,1
7807,10384.0,3027.0,1,1
7808,10385.0,3027.0,1,0
7809,10387.0,3028.0,1,0
7810,10388.0,3028.0,1,1
7811,10390.0,3028.0,1,0
7812,10391.0,3028.0,1,1
7813,10392.0,3029.0,1,1
7814,10393.0,3029.0,1,1
7815,10395.0,3029.0,1,0
7816,10397.0,3029.0,1,0
7817,10398.0,3029.0,1,0
7818,10399.0,3031.0,1,0
7819,10401.0,3031.0,1,0
7820,10402.0,3031.0,1,0
7821,10406.0,3033.0,1,1
7822,10407.0,3033.0,1,1
7823,10410.0,3036.0,1,0
7824,10415.0,3037.0,1,1
7825,10417.0,3037.0,1,0
7826,10418.0,3038.0,1,0
7827,10419.0,3038.0,1,0
7828,10420.0,3039.0,1,0
7829,10421.0,3039.0,1,1
7830,10423.0,3039.0,1,0
7831,10425.0,3040.0,1,0
7832,10427.0,3042.0,1,0
7833,10428.0,3042.0,1,1
7834,10429.0,3042.0,1,0
7835,10430.0,3042.0,1,0
7836,10431.0,3042.0,1,0
7837,10432.0,3042.0,1,0
7838,10433.0,3043.0,1,0
7839,10434.0,3043.0,1,1
7840,10435.0,3043.0,1,1
7841,10436.0,3043.0,1,0
7842,10437.0,3045.0,1,1
7843,10439.0,3045.0,1,0
7844,10442.0,3046.0,1,1
7845,10443.0,3046.0,1,1
7846,10444.0,3047.0,1,1
7847,10445.0,3047.0,1,1
7848,10446.0,3047.0,1,0
7849,10447.0,3047.0,1,0
7850,10449.0,3047.0,1,0
7851,10450.0,3047.0,1,0
7852,10451.0,3047.0,1,1
7853,10452.0,3047.0,1,0
7854,10454.0,3048.0,1,0
7855,10455.0,3048.0,1,0
7856,10456.0,3048.0,1,0
7857,10457.0,3048.0,1,1
7858,10458.0,3048.0,1,0
7859,10459.0,3048.0,1,0
7860,10462.0,3048.0,1,0
7861,10463.0,3048.0,1,0
7862,10464.0,3048.0,1,0
7863,10465.0,3048.0,1,1
7864,10466.0,3049.0,1,0
7865,10467.0,3049.0,1,0
7866,10468.0,3050.0,1,0
7867,10469.0,3050.0,1,0
7868,10470.0,3050.0,1,1
7869,10471.0,3050.0,1,0
7870,10472.0,3050.0,1,0
7871,10473.0,3050.0,1,1
7872,10474.0,3050.0,1,0
7873,10475.0,3051.0,1,1
7874,10477.0,3052.0,1,0
7875,10478.0,3052.0,1,0
7876,10479.0,3052.0,1,0
7877,10480.0,3052.0,1,0
7878,10481.0,3054.0,1,0
7879,10482.0,3055.0,1,0
7880,10483.0,3055.0,1,0
7881,10484.0,3055.0,1,1
7882,10485.0,3055.0,1,0
7883,10486.0,3055.0,1,1
7884,10487.0,3055.0,1,1
7885,10488.0,3056.0,1,0
7886,10490.0,3056.0,1,0
7887,10491.0,3056.0,1,1
7888,10493.0,3057.0,1,0
7889,10494.0,3058.0,1,0
7890,10495.0,3058.0,1,1
7891,10496.0,3058.0,1,0
7892,10497.0,3058.0,1,1
7893,10499.0,3059.0,1,0
7894,10500.0,3060.0,1,0
7895,10501.0,3060.0,1,1
7896,10502.0,3060.0,1,1
7897,10504.0,3061.0,1,0
7898,10505.0,3061.0,1,0
7899,10506.0,3062.0,1,1
7900,10508.0,3062.0,1,0
7901,10509.0,3063.0,1,0
7902,10510.0,3063.0,1,1
7903,10511.0,3063.0,1,1
7904,10512.0,3063.0,1,0
7905,10513.0,3064.0,1,0
7906,10515.0,3065.0,1,1
7907,10516.0,3066.0,1,0
7908,10517.0,3066.0,1,0
7909,10518.0,3066.0,1,1
7910,10519.0,3066.0,1,0
7911,10521.0,3067.0,1,1
7912,10522.0,3067.0,1,0
7913,10523.0,3068.0,1,1
7914,10524.0,3068.0,1,0
7915,10525.0,3069.0,1,1
7916,10526.0,3069.0,1,0
7917,10531.0,3070.0,1,1
7918,10533.0,3071.0,1,0
7919,10535.0,3072.0,1,0
7920,10538.0,3073.0,1,1
7921,10540.0,3074.0,1,1
7922,10541.0,3074.0,1,0
7923,10542.0,3074.0,1,1
7924,10543.0,3075.0,1,0
7925,10544.0,3075.0,1,0
7926,10545.0,3075.0,1,0
7927,10546.0,3075.0,1,1
7928,10547.0,3075.0,1,0
7929,10549.0,3076.0,1,0
7930,10550.0,3076.0,1,0
7931,10552.0,3076.0,1,0
7932,10554.0,3076.0,1,1
7933,10555.0,3077.0,1,0
7934,10556.0,3078.0,1,0
7935,10558.0,3079.0,1,0
7936,10559.0,3079.0,1,0
7937,10562.0,3080.0,1,0
7938,10563.0,3080.0,1,1
7939,10564.0,3081.0,1,1
7940,10565.0,3081.0,1,0
7941,10566.0,3082.0,1,1
7942,10567.0,3082.0,1,0
7943,10568.0,3082.0,1,0
7944,10571.0,3083.0,1,0
7945,10573.0,3083.0,1,0
7946,10575.0,3083.0,1,0
7947,10576.0,3083.0,1,0
7948,10577.0,3084.0,1,1
7949,10578.0,3084.0,1,0
7950,10579.0,3084.0,1,1
7951,10580.0,3084.0,1,0
7952,10581.0,3086.0,1,1
7953,10584.0,3086.0,1,1
7954,10585.0,3086.0,1,0
7955,10586.0,3086.0,1,1
7956,10587.0,3086.0,1,0
7957,10588.0,3086.0,1,0
7958,10589.0,3087.0,1,1
7959,10590.0,3087.0,1,0
7960,10591.0,3087.0,1,0
7961,10592.0,3087.0,1,1
7962,10594.0,3087.0,1,0
7963,10595.0,3088.0,1,0
7964,10596.0,3088.0,1,1
7965,10597.0,3088.0,1,0
7966,10598.0,3088.0,1,1
7967,10599.0,3088.0,1,0
7968,10602.0,3088.0,1,0
7969,10604.0,3089.0,1,0
7970,10605.0,3092.0,1,0
7971,10606.0,3092.0,1,1
7972,10607.0,3092.0,1,0
7973,10609.0,3093.0,1,1
7974,10610.0,3093.0,1,0
7975,10611.0,3093.0,1,0
7976,10612.0,3093.0,1,0
7977,10613.0,3093.0,1,1
7978,10614.0,3093.0,1,0
7979,10615.0,3093.0,1,0
7980,10616.0,3094.0,1,0
7981,10617.0,3094.0,1,0
7982,10618.0,3094.0,1,0
7983,10619.0,3095.0,1,1
7984,10622.0,3096.0,1,1
7985,10623.0,3096.0,1,1
7986,10624.0,3097.0,1,0
7987,10625.0,3097.0,1,1
7988,10627.0,3097.0,1,0
7989,10629.0,3099.0,1,0
7990,10631.0,3099.0,1,0
7991,10632.0,3099.0,1,0
7992,10633.0,3100.0,1,1
7993,10634.0,3100.0,1,0
7994,10635.0,3100.0,1,0
7995,10637.0,3101.0,1,0
7996,10638.0,3101.0,1,0
7997,10639.0,3101.0,1,0
7998,10640.0,3102.0,1,0
7999,10642.0,3103.0,1,0
8000,10643.0,3103.0,1,1
8001,10644.0,3103.0,1,1
8002,10645.0,3103.0,1,0
8003,10646.0,3105.0,1,1
8004,10647.0,3107.0,1,1
8005,10648.0,3107.0,1,0
8006,10649.0,3107.0,1,1
8007,10656.0,3108.0,1,1
8008,10657.0,3108.0,1,0
8009,10659.0,3108.0,1,1
8010,10660.0,3109.0,1,1
8011,10661.0,3109.0,1,0
8012,10662.0,3109.0,1,1
8013,10663.0,3110.0,1,0
8014,10665.0,3111.0,1,0
8015,10668.0,3111.0,1,0
8016,10670.0,3111.0,1,1
8017,10671.0,3111.0,1,0
8018,10674.0,3112.0,1,0
8019,10675.0,3112.0,1,0
8020,10676.0,3113.0,1,0
8021,10677.0,3113.0,1,0
8022,10678.0,3113.0,1,0
8023,10679.0,3113.0,1,0
8024,10680.0,3113.0,1,1
8025,10681.0,3114.0,1,0
8026,10682.0,3114.0,1,0
8027,10685.0,3115.0,1,0
8028,10686.0,3115.0,1,0
8029,10688.0,3116.0,1,1
8030,10690.0,3116.0,1,0
8031,10691.0,3116.0,1,0
8032,10692.0,3117.0,1,0
8033,10693.0,3117.0,1,1
8034,10695.0,3118.0,1,0
8035,10696.0,3118.0,1,0
8036,10697.0,3118.0,1,1
8037,10698.0,3118.0,1,1
8038,10699.0,3118.0,1,0
8039,10702.0,3119.0,1,0
8040,10703.0,3119.0,1,1
8041,10704.0,3119.0,1,0
8042,10705.0,3119.0,1,1
8043,10706.0,3119.0,1,0
8044,10707.0,3119.0,1,0
8045,10710.0,3120.0,1,0
8046,10712.0,3120.0,1,0
8047,10713.0,3122.0,1,0
8048,10714.0,3122.0,1,0
8049,10715.0,3122.0,1,1
8050,10718.0,3123.0,1,0
8051,10719.0,3124.0,1,0
8052,10720.0,3124.0,1,0
8053,10721.0,3124.0,1,0
8054,10722.0,3124.0,1,1
8055,10723.0,3124.0,1,1
8056,10724.0,3124.0,1,1
8057,10725.0,3124.0,1,0
8058,10726.0,3125.0,1,0
8059,10727.0,3126.0,1,1
8060,10728.0,3127.0,1,0
8061,10729.0,3128.0,1,0
8062,10730.0,3128.0,1,0
8063,10731.0,3128.0,1,0
8064,10732.0,3128.0,1,0
8065,10733.0,3128.0,1,0
8066,10735.0,3129.0,1,0
8067,10736.0,3129.0,1,0
8068,10737.0,3129.0,1,0
8069,10738.0,3130.0,1,1
8070,10739.0,3130.0,1,0
8071,10740.0,3130.0,1,0
8072,10741.0,3131.0,1,0
8073,10743.0,3131.0,1,0
8074,10744.0,3131.0,1,0
8075,10746.0,3131.0,1,0
8076,10747.0,3131.0,1,0
8077,10750.0,3132.0,1,0
8078,10751.0,3132.0,1,0
8079,10753.0,3133.0,1,0
8080,10754.0,3133.0,1,0
8081,10755.0,3133.0,1,0
8082,10756.0,3133.0,1,1
8083,10757.0,3134.0,1,0
8084,10759.0,3134.0,1,0
8085,10761.0,3134.0,1,0
8086,10763.0,3135.0,1,1
8087,10765.0,3136.0,1,0
8088,10766.0,3136.0,1,1
8089,10767.0,3136.0,1,0
8090,10768.0,3136.0,1,1
8091,10769.0,3136.0,1,1
8092,10773.0,3137.0,1,0
8093,10774.0,3137.0,1,0
8094,10775.0,3137.0,1,0
8095,10778.0,3137.0,1,0
8096,10779.0,3137.0,1,1
8097,10780.0,3137.0,1,0
8098,10781.0,3138.0,1,0
8099,10782.0,3138.0,1,0
8100,10783.0,3138.0,1,0
8101,10784.0,3138.0,1,1
8102,10785.0,3138.0,1,1
8103,10786.0,3138.0,1,1
8104,10787.0,3138.0,1,1
8105,10790.0,3139.0,1,0
8106,10791.0,3139.0,1,1
8107,10792.0,3141.0,1,0
8108,10794.0,3141.0,1,0
8109,10795.0,3141.0,1,0
8110,10797.0,3141.0,1,0
8111,10798.0,3141.0,1,0
8112,10799.0,3142.0,1,1
8113,10800.0,3142.0,1,0
8114,10801.0,3142.0,1,0
8115,10802.0,3142.0,1,0
8116,10803.0,3143.0,1,0
8117,10804.0,3143.0,1,0
8118,10805.0,3143.0,1,0
8119,10806.0,3144.0,1,1
8120,10807.0,3144.0,1,1
8121,10808.0,3145.0,1,0
8122,10809.0,3145.0,1,0
8123,10812.0,3146.0,1,0
8124,10815.0,3146.0,1,0
8125,10816.0,3146.0,1,0
8126,10817.0,3146.0,1,0
8127,10819.0,3148.0,1,1
8128,10821.0,3148.0,1,0
8129,10822.0,3148.0,1,0
8130,10823.0,3149.0,1,1
8131,10824.0,3149.0,1,0
8132,10826.0,3150.0,1,0
8133,10827.0,3150.0,1,0
8134,10829.0,3151.0,1,0
8135,10830.0,3151.0,1,1
8136,10831.0,3152.0,1,0
8137,10835.0,3153.0,1,0
8138,10836.0,3153.0,1,0
8139,10837.0,3154.0,1,1
8140,10839.0,3154.0,1,1
8141,10841.0,3154.0,1,0
8142,10843.0,3154.0,1,0
8143,10844.0,3154.0,1,0
8144,10845.0,3155.0,1,0
8145,10846.0,3155.0,1,0
8146,10848.0,3156.0,1,0
8147,10849.0,3156.0,1,1
8148,10850.0,3157.0,1,1
8149,10851.0,3158.0,1,0
8150,10852.0,3158.0,1,0
8151,10853.0,3158.0,1,0
8152,10854.0,3158.0,1,0
8153,10855.0,3158.0,1,1
8154,10856.0,3159.0,1,0
8155,10857.0,3159.0,1,1
8156,10858.0,3160.0,1,0
8157,10859.0,3161.0,1,0
8158,10860.0,3161.0,1,0
8159,10861.0,3161.0,1,1
8160,10862.0,3161.0,1,1
8161,10863.0,3161.0,1,1
8162,10864.0,3161.0,1,1
8163,10865.0,3162.0,1,0
8164,10866.0,3162.0,1,0
8165,10867.0,3163.0,1,0
8166,10868.0,3163.0,1,0
8167,10869.0,3164.0,1,1
8168,10872.0,3167.0,1,1
8169,10873.0,3167.0,1,0
8170,10874.0,3167.0,1,1
8171,10875.0,3167.0,1,1
8172,10876.0,3167.0,1,0
8173,10877.0,3168.0,1,0
8174,10880.0,3168.0,1,1
8175,10881.0,3168.0,1,0
8176,10882.0,3169.0,1,1
8177,10883.0,3169.0,1,0
8178,10884.0,3170.0,1,1
8179,10885.0,3170.0,1,0
8180,10887.0,3171.0,1,0
8181,10889.0,3171.0,1,0
8182,10890.0,3171.0,1,1
8183,10891.0,3171.0,1,0
8184,10892.0,3171.0,1,0
8185,10893.0,3172.0,1,0
8186,10894.0,3172.0,1,0
8187,10895.0,3173.0,1,0
8188,10896.0,3173.0,1,1
8189,10898.0,3174.0,1,0
8190,10899.0,3174.0,1,1
8191,10900.0,3174.0,1,1
8192,10901.0,3175.0,1,0
8193,10902.0,3175.0,1,0
8194,10903.0,3175.0,1,1
8195,10906.0,3177.0,1,0
8196,10909.0,3177.0,1,0
8197,10910.0,3178.0,1,0
8198,10911.0,3178.0,1,1
8199,10912.0,3178.0,1,1
8200,10913.0,3179.0,1,0
8201,10916.0,3180.0,1,1
8202,10917.0,3180.0,1,1
8203,10919.0,3180.0,1,0
8204,10921.0,3180.0,1,0
8205,10922.0,3180.0,1,0
8206,10925.0,3181.0,1,0
8207,10926.0,3182.0,1,1
8208,10927.0,3182.0,1,0
8209,10928.0,3183.0,1,0
8210,10930.0,3183.0,1,0
8211,10932.0,3183.0,1,0
8212,10933.0,3184.0,1,0
8213,10934.0,3185.0,1,0
8214,10935.0,3185.0,1,0
8215,10937.0,3185.0,1,0
8216,10938.0,3186.0,1,1
8217,10939.0,3186.0,1,0
8218,10940.0,3187.0,1,1
8219,10941.0,3187.0,1,1
8220,10942.0,3187.0,1,0
8221,10944.0,3188.0,1,0
8222,10946.0,3189.0,1,1
8223,10947.0,3189.0,1,0
8224,10948.0,3189.0,1,0
8225,10950.0,3189.0,1,0
8226,10951.0,3189.0,1,0
8227,10952.0,3189.0,1,1
8228,10953.0,3190.0,1,0
8229,10957.0,3190.0,1,0
8230,10959.0,3190.0,1,1
8231,10960.0,3190.0,1,0
8232,10961.0,3191.0,1,1
8233,10962.0,3191.0,1,1
8234,10963.0,3191.0,1,0
8235,10965.0,3191.0,1,1
8236,10966.0,3191.0,1,1
8237,10967.0,3192.0,1,0
8238,10968.0,3193.0,1,1
8239,10969.0,3193.0,1,0
8240,10971.0,3193.0,1,1
8241,10972.0,3194.0,1,0
8242,10973.0,3194.0,1,0
8243,10974.0,3194.0,1,1
8244,10975.0,3194.0,1,1
8245,10976.0,3194.0,1,0
8246,10980.0,3196.0,1,0
8247,10981.0,3196.0,1,1
8248,10983.0,3196.0,1,0
8249,10984.0,3196.0,1,1
8250,10986.0,3196.0,1,1
8251,10988.0,3197.0,1,1
8252,10990.0,3197.0,1,0
8253,10991.0,3197.0,1,0
8254,10992.0,3197.0,1,1
8255,10993.0,3198.0,1,1
8256,10994.0,3198.0,1,1
8257,10995.0,3199.0,1,1
8258,10996.0,3199.0,1,1
8259,10997.0,3199.0,1,1
8260,10998.0,3200.0,1,0
8261,10999.0,3200.0,1,0
8262,11000.0,3200.0,1,0
8263,11001.0,3200.0,1,0
8264,11002.0,3200.0,1,0
8265,11003.0,3201.0,1,0
8266,11004.0,3201.0,1,1
8267,11005.0,3201.0,1,0
8268,11006.0,3201.0,1,0
8269,11007.0,3201.0,1,0
8270,11008.0,3202.0,1,0
8271,11009.0,3202.0,1,0
8272,11010.0,3202.0,1,0
8273,11011.0,3203.0,1,0
8274,11012.0,3203.0,1,0
8275,11013.0,3203.0,1,1
8276,11014.0,3203.0,1,0
8277,11015.0,3203.0,1,1
8278,11016.0,3203.0,1,1
8279,11017.0,3203.0,1,0
8280,11018.0,3204.0,1,1
8281,11019.0,3204.0,1,1
8282,11021.0,3205.0,1,0
8283,11023.0,3206.0,1,1
8284,11024.0,3206.0,1,1
8285,11025.0,3206.0,1,0
8286,11026.0,3206.0,1,1
8287,11027.0,3206.0,1,0
8288,11028.0,3207.0,1,1
8289,11030.0,3207.0,1,0
8290,11031.0,3207.0,1,0
8291,11034.0,3208.0,1,1
8292,11036.0,3208.0,1,1
8293,11038.0,3208.0,1,1
8294,11039.0,3209.0,1,0
8295,11041.0,3209.0,1,0
8296,11042.0,3209.0,1,0
8297,11043.0,3209.0,1,0
8298,11045.0,3210.0,1,1
8299,11046.0,3210.0,1,0
8300,11047.0,3210.0,1,0
8301,11048.0,3211.0,1,0
8302,11049.0,3211.0,1,1
8303,11050.0,3211.0,1,0
8304,11051.0,3211.0,1,1
8305,11052.0,3211.0,1,1
8306,11053.0,3211.0,1,0
8307,11054.0,3212.0,1,0
8308,11055.0,3212.0,1,0
8309,11056.0,3213.0,1,1
8310,11057.0,3213.0,1,1
8311,11058.0,3214.0,1,1
8312,11061.0,3215.0,1,0
8313,11062.0,3215.0,1,0
8314,11063.0,3215.0,1,1
8315,11067.0,3217.0,1,1
8316,11068.0,3217.0,1,0
8317,11069.0,3217.0,1,1
8318,11070.0,3217.0,1,0
8319,11071.0,3218.0,1,0
8320,11073.0,3218.0,1,0
8321,11074.0,3218.0,1,1
8322,11075.0,3218.0,1,1
8323,11076.0,3218.0,1,0
8324,11077.0,3218.0,1,1
8325,11079.0,3220.0,1,0
8326,11081.0,3221.0,1,1
8327,11082.0,3221.0,1,1
8328,11083.0,3223.0,1,0
8329,11084.0,3223.0,1,0
8330,11085.0,3223.0,1,0
8331,11086.0,3223.0,1,0
8332,11087.0,3224.0,1,0
8333,11088.0,3224.0,1,0
8334,11089.0,3225.0,1,1
8335,11090.0,3225.0,1,0
8336,11091.0,3225.0,1,0
8337,11093.0,3226.0,1,0
8338,11094.0,3226.0,1,0
8339,11095.0,3226.0,1,0
8340,11096.0,3226.0,1,0
8341,11098.0,3226.0,1,0
8342,11099.0,3226.0,1,1
8343,11100.0,3227.0,1,1
8344,11101.0,3228.0,1,0
8345,11102.0,3229.0,1,1
8346,11103.0,3229.0,1,1
8347,11104.0,3230.0,1,0
8348,11105.0,3230.0,1,0
8349,11106.0,3230.0,1,0
8350,11107.0,3230.0,1,1
8351,11108.0,3230.0,1,0
8352,11111.0,3233.0,1,1
8353,11112.0,3233.0,1,1
8354,11113.0,3234.0,1,1
8355,11114.0,3234.0,1,0
8356,11115.0,3234.0,1,0
8357,11116.0,3234.0,1,0
8358,11118.0,3235.0,1,0
8359,11119.0,3235.0,1,0
8360,11120.0,3236.0,1,0
8361,11121.0,3236.0,1,0
8362,11122.0,3236.0,1,0
8363,11123.0,3236.0,1,0
8364,11124.0,3237.0,1,0
8365,11126.0,3237.0,1,0
8366,11127.0,3237.0,1,0
8367,11128.0,3237.0,1,0
8368,11129.0,3237.0,1,0
8369,11131.0,3238.0,1,0
8370,11132.0,3238.0,1,0
8371,11134.0,3238.0,1,0
8372,11135.0,3238.0,1,1
8373,11136.0,3238.0,1,0
8374,11137.0,3238.0,1,0
8375,11139.0,3240.0,1,1
8376,11140.0,3240.0,1,0
8377,11141.0,3241.0,1,0
8378,11143.0,3241.0,1,0
8379,11144.0,3241.0,1,0
8380,11145.0,3241.0,1,0
8381,11146.0,3242.0,1,0
8382,11147.0,3242.0,1,0
8383,11149.0,3242.0,1,1
8384,11150.0,3243.0,1,0
8385,11153.0,3244.0,1,0
8386,11155.0,3245.0,1,0
8387,11156.0,3245.0,1,0
8388,11157.0,3245.0,1,0
8389,11158.0,3245.0,1,0
8390,11160.0,3246.0,1,0
8391,11161.0,3246.0,1,0
8392,11162.0,3246.0,1,0
8393,11163.0,3248.0,1,0
8394,11164.0,3249.0,1,1
8395,11165.0,3249.0,1,1
8396,11166.0,3249.0,1,0
8397,11167.0,3249.0,1,0
8398,11169.0,3250.0,1,0
8399,11172.0,3252.0,1,0
8400,11173.0,3252.0,1,0
8401,11175.0,3253.0,1,1
8402,11176.0,3253.0,1,0
8403,11178.0,3253.0,1,0
8404,11179.0,3254.0,1,1
8405,11180.0,3254.0,1,0
8406,11181.0,3254.0,1,0
8407,11183.0,3254.0,1,1
8408,11185.0,3255.0,1,0
8409,11186.0,3255.0,1,1
8410,11187.0,3256.0,1,1
8411,11188.0,3256.0,1,0
8412,11192.0,3259.0,1,0
8413,11193.0,3259.0,1,1
8414,11194.0,3259.0,1,0
8415,11195.0,3259.0,1,1
8416,11196.0,3259.0,1,0
8417,11197.0,3261.0,1,0
8418,11198.0,3262.0,1,0
8419,11199.0,3262.0,1,1
8420,11201.0,3263.0,1,0
8421,11202.0,3263.0,1,0
8422,11203.0,3264.0,1,0
8423,11205.0,3264.0,1,0
8424,11206.0,3264.0,1,0
8425,11208.0,3265.0,1,0
8426,11209.0,3265.0,1,0
8427,11210.0,3265.0,1,0
8428,11211.0,3266.0,1,1
8429,11212.0,3266.0,1,1
8430,11214.0,3266.0,1,1
8431,11215.0,3267.0,1,1
8432,11216.0,3267.0,1,0
8433,11217.0,3268.0,1,0
8434,11219.0,3269.0,1,1
8435,11224.0,3272.0,1,1
8436,11225.0,3272.0,1,1
8437,11227.0,3274.0,1,1
8438,11228.0,3274.0,1,0
8439,11229.0,3274.0,1,0
8440,11230.0,3275.0,1,1
8441,11232.0,3276.0,1,1
8442,11233.0,3276.0,1,0
8443,11234.0,3276.0,1,1
8444,11235.0,3276.0,1,1
8445,11236.0,3276.0,1,1
8446,11237.0,3276.0,1,0
8447,11239.0,3278.0,1,1
8448,11240.0,3278.0,1,1
8449,11241.0,3278.0,1,1
8450,11243.0,3278.0,1,0
8451,11245.0,3280.0,1,1
8452,11247.0,3280.0,1,1
8453,11248.0,3280.0,1,1
8454,11249.0,3280.0,1,0
8455,11251.0,3280.0,1,0
8456,11253.0,3282.0,1,0
8457,11254.0,3282.0,1,0
8458,11255.0,3282.0,1,1
8459,11256.0,3282.0,1,1
8460,11257.0,3283.0,1,0
8461,11258.0,3283.0,1,0
8462,11259.0,3283.0,1,1
8463,11260.0,3283.0,1,0
8464,11261.0,3283.0,1,0
8465,11262.0,3284.0,1,1
8466,11263.0,3284.0,1,0
8467,11265.0,3284.0,1,0
8468,11267.0,3285.0,1,0
8469,11268.0,3285.0,1,0
8470,11270.0,3285.0,1,1
8471,11272.0,3286.0,1,0
8472,11273.0,3286.0,1,1
8473,11275.0,3287.0,1,1
8474,11276.0,3287.0,1,0
8475,11277.0,3287.0,1,0
8476,11278.0,3287.0,1,1
8477,11279.0,3287.0,1,0
8478,11281.0,3288.0,1,0
8479,11282.0,3288.0,1,0
8480,11285.0,3290.0,1,0
8481,11286.0,3290.0,1,0
8482,11287.0,3290.0,1,1
8483,11288.0,3290.0,1,1
8484,11289.0,3290.0,1,0
8485,11290.0,3290.0,1,0
8486,11291.0,3290.0,1,0
8487,11292.0,3291.0,1,0
8488,11293.0,3291.0,1,0
8489,11294.0,3291.0,1,1
8490,11295.0,3291.0,1,0
8491,11296.0,3293.0,1,0
8492,11297.0,3293.0,1,1
8493,11298.0,3293.0,1,1
8494,11299.0,3294.0,1,1
8495,11300.0,3295.0,1,1
8496,11302.0,3295.0,1,0
8497,11303.0,3296.0,1,1
8498,11304.0,3296.0,1,0
8499,11305.0,3296.0,1,0
8500,11307.0,3297.0,1,1
8501,11309.0,3297.0,1,0
8502,11311.0,3297.0,1,0
8503,11312.0,3297.0,1,0
8504,11313.0,3298.0,1,0
8505,11314.0,3299.0,1,1
8506,11315.0,3300.0,1,0
8507,11316.0,3300.0,1,0
8508,11317.0,3300.0,1,1
8509,11318.0,3300.0,1,0
8510,11320.0,3300.0,1,0
8511,11321.0,3301.0,1,1
8512,11323.0,3301.0,1,1
8513,11324.0,3301.0,1,0
8514,11326.0,3301.0,1,0
8515,11327.0,3302.0,1,0
8516,11328.0,3302.0,1,0
8517,11329.0,3302.0,1,0
8518,11330.0,3302.0,1,1
8519,11331.0,3302.0,1,1
8520,11332.0,3302.0,1,0
8521,11334.0,3304.0,1,1
8522,11337.0,3305.0,1,1
8523,11340.0,3306.0,1,0
8524,11342.0,3306.0,1,1
8525,11343.0,3306.0,1,0
8526,11344.0,3306.0,1,1
8527,11345.0,3307.0,1,0
8528,11347.0,3307.0,1,1
8529,11348.0,3308.0,1,1
8530,11349.0,3308.0,1,0
8531,11351.0,3309.0,1,1
8532,11352.0,3309.0,1,0
8533,11353.0,3309.0,1,0
8534,11354.0,3309.0,1,0
8535,11356.0,3310.0,1,0
8536,11358.0,3311.0,1,0
8537,11361.0,3312.0,1,1
8538,11362.0,3312.0,1,1
8539,11363.0,3312.0,1,0
8540,11364.0,3313.0,1,0
8541,11366.0,3313.0,1,0
8542,11367.0,3314.0,1,0
8543,11368.0,3314.0,1,0
8544,11369.0,3314.0,1,0
8545,11370.0,3314.0,1,0
8546,11371.0,3314.0,1,0
8547,11372.0,3314.0,1,0
8548,11377.0,3316.0,1,1
8549,11378.0,3317.0,1,0
8550,11379.0,3317.0,1,0
8551,11381.0,3319.0,1,1
8552,11382.0,3319.0,1,1
8553,11383.0,3319.0,1,0
8554,11384.0,3319.0,1,0
8555,11385.0,3319.0,1,1
8556,11386.0,3320.0,1,1
8557,11387.0,3320.0,1,0
8558,11388.0,3320.0,1,0
8559,11389.0,3320.0,1,1
8560,11391.0,3321.0,1,0
8561,11394.0,3321.0,1,1
8562,11395.0,3322.0,1,0
8563,11396.0,3322.0,1,1
8564,11398.0,3322.0,1,1
8565,11401.0,3322.0,1,0
8566,11405.0,3323.0,1,1
8567,11406.0,3323.0,1,1
8568,11408.0,3324.0,1,1
8569,11409.0,3324.0,1,1
8570,11410.0,3324.0,1,0
8571,11411.0,3324.0,1,0
8572,11412.0,3325.0,1,1
8573,11413.0,3325.0,1,1
8574,11414.0,3325.0,1,0
8575,11416.0,3326.0,1,1
8576,11417.0,3326.0,1,0
8577,11418.0,3326.0,1,0
8578,11419.0,3326.0,1,1
8579,11420.0,3326.0,1,0
8580,11421.0,3326.0,1,0
8581,11423.0,3326.0,1,0
8582,11424.0,3326.0,1,1
8583,11425.0,3326.0,1,0
8584,11426.0,3327.0,1,1
8585,11427.0,3328.0,1,1
8586,11428.0,3328.0,1,1
8587,11429.0,3328.0,1,0
8588,11431.0,3328.0,1,0
8589,11433.0,3328.0,1,1
8590,11434.0,3328.0,1,0
8591,11437.0,3330.0,1,0
8592,11438.0,3331.0,1,1
8593,11439.0,3331.0,1,1
8594,11440.0,3331.0,1,0
8595,11441.0,3331.0,1,0
8596,11442.0,3332.0,1,0
8597,11443.0,3332.0,1,0
8598,11444.0,3332.0,1,0
8599,11445.0,3333.0,1,1
8600,11446.0,3333.0,1,1
8601,11447.0,3333.0,1,1
8602,11448.0,3333.0,1,0
8603,11449.0,3333.0,1,1
8604,11450.0,3334.0,1,0
8605,11451.0,3334.0,1,0
8606,11452.0,3334.0,1,1
8607,11455.0,3336.0,1,1
8608,11456.0,3337.0,1,0
8609,11457.0,3338.0,1,0
8610,11458.0,3338.0,1,1
8611,11459.0,3339.0,1,0
8612,11460.0,3339.0,1,0
8613,11461.0,3340.0,1,0
8614,11463.0,3342.0,1,1
8615,11464.0,3342.0,1,0
8616,11467.0,3344.0,1,0
8617,11471.0,3345.0,1,0
8618,11472.0,3345.0,1,1
8619,11473.0,3345.0,1,0
8620,11474.0,3346.0,1,0
8621,11475.0,3347.0,1,1
8622,11476.0,3347.0,1,0
8623,11478.0,3347.0,1,0
8624,11480.0,3347.0,1,0
8625,11481.0,3347.0,1,1
8626,11482.0,3348.0,1,0
8627,11483.0,3348.0,1,0
8628,11484.0,3348.0,1,0
8629,11486.0,3349.0,1,1
8630,11487.0,3350.0,1,1
8631,11490.0,3352.0,1,0
8632,11491.0,3352.0,1,0
8633,11493.0,3352.0,1,1
8634,11494.0,3353.0,1,1
8635,11495.0,3353.0,1,0
8636,11496.0,3353.0,1,0
8637,11497.0,3353.0,1,0
8638,11498.0,3354.0,1,1
8639,11499.0,3354.0,1,0
8640,11500.0,3354.0,1,0
8641,11502.0,3355.0,1,0
8642,11503.0,3355.0,1,0
8643,11504.0,3355.0,1,0
8644,11505.0,3355.0,1,0
8645,11506.0,3355.0,1,1
8646,11507.0,3356.0,1,0
8647,11509.0,3357.0,1,0
8648,11510.0,3357.0,1,1
8649,11511.0,3357.0,1,1
8650,11512.0,3358.0,1,1
8651,11513.0,3358.0,1,0
8652,11515.0,3358.0,1,0
8653,11516.0,3359.0,1,1
8654,11518.0,3359.0,1,1
8655,11519.0,3359.0,1,0
8656,11520.0,3360.0,1,0
8657,11523.0,3362.0,1,0
8658,11524.0,3363.0,1,1
8659,11525.0,3363.0,1,0
8660,11526.0,3364.0,1,0
8661,11528.0,3364.0,1,0
8662,11529.0,3364.0,1,0
8663,11531.0,3365.0,1,1
8664,11532.0,3365.0,1,1
8665,11533.0,3366.0,1,0
8666,11535.0,3366.0,1,1
8667,11536.0,3367.0,1,0
8668,11537.0,3368.0,1,0
8669,11538.0,3368.0,1,0
8670,11539.0,3368.0,1,0
8671,11540.0,3368.0,1,0
8672,11541.0,3368.0,1,1
8673,11542.0,3368.0,1,0
8674,11544.0,3369.0,1,1
8675,11547.0,3370.0,1,0
8676,11548.0,3370.0,1,0
8677,11549.0,3371.0,1,0
8678,11550.0,3371.0,1,0
8679,11551.0,3372.0,1,0
8680,11552.0,3372.0,1,0
8681,11553.0,3372.0,1,0
8682,11554.0,3373.0,1,0
8683,11555.0,3373.0,1,0
8684,11556.0,3373.0,1,1
8685,11557.0,3373.0,1,0
8686,11559.0,3374.0,1,1
8687,11561.0,3374.0,1,0
8688,11562.0,3374.0,1,0
8689,11563.0,3375.0,1,1
8690,11564.0,3376.0,1,1
8691,11565.0,3376.0,1,0
8692,11566.0,3376.0,1,0
8693,11568.0,3376.0,1,0
8694,11570.0,3376.0,1,0
8695,11573.0,3377.0,1,1
8696,11575.0,3378.0,1,1
8697,11576.0,3378.0,1,0
8698,11577.0,3378.0,1,1
8699,11578.0,3378.0,1,1
8700,11579.0,3378.0,1,0
8701,11580.0,3379.0,1,0
8702,11581.0,3379.0,1,1
8703,11582.0,3379.0,1,0
8704,11584.0,3379.0,1,0
8705,11585.0,3379.0,1,0
8706,11586.0,3379.0,1,0
8707,11587.0,3379.0,1,1
8708,11588.0,3380.0,1,0
8709,11589.0,3380.0,1,0
8710,11590.0,3380.0,1,0
8711,11592.0,3381.0,1,0
8712,11593.0,3381.0,1,0
8713,11594.0,3381.0,1,0
8714,11598.0,3383.0,1,1
8715,11599.0,3383.0,1,0
8716,11600.0,3383.0,1,0
8717,11601.0,3383.0,1,1
8718,11602.0,3383.0,1,1
8719,11604.0,3384.0,1,1
8720,11605.0,3384.0,1,1
8721,11606.0,3384.0,1,1
8722,11607.0,3385.0,1,1
8723,11608.0,3385.0,1,0
8724,11609.0,3385.0,1,0
8725,11611.0,3386.0,1,0
8726,11612.0,3386.0,1,1
8727,11613.0,3387.0,1,0
8728,11614.0,3387.0,1,1
8729,11615.0,3387.0,1,0
8730,11616.0,3388.0,1,0
8731,11617.0,3389.0,1,0
8732,11618.0,3389.0,1,1
8733,11619.0,3389.0,1,1
8734,11620.0,3390.0,1,0
8735,11622.0,3391.0,1,0
8736,11623.0,3391.0,1,1
8737,11624.0,3391.0,1,1
8738,11625.0,3391.0,1,0
8739,11626.0,3392.0,1,0
8740,11629.0,3393.0,1,0
8741,11630.0,3393.0,1,1
8742,11631.0,3393.0,1,1
8743,11632.0,3394.0,1,0
8744,11633.0,3395.0,1,1
8745,11634.0,3395.0,1,0
8746,11635.0,3395.0,1,1
8747,11637.0,3395.0,1,0
8748,11638.0,3395.0,1,1
8749,11639.0,3396.0,1,0
8750,11640.0,3396.0,1,0
8751,11643.0,3398.0,1,0
8752,11644.0,3398.0,1,0
8753,11645.0,3399.0,1,0
8754,11646.0,3400.0,1,0
8755,11648.0,3400.0,1,1
8756,11650.0,3401.0,1,0
8757,11651.0,3401.0,1,1
8758,11652.0,3401.0,1,0
8759,11657.0,3403.0,1,0
8760,11659.0,3403.0,1,0
8761,11660.0,3404.0,1,0
8762,11661.0,3404.0,1,0
8763,11663.0,3404.0,1,0
8764,11664.0,3405.0,1,0
8765,11665.0,3405.0,1,0
8766,11666.0,3405.0,1,1
8767,11667.0,3405.0,1,0
8768,11668.0,3407.0,1,0
8769,11669.0,3407.0,1,1
8770,11670.0,3407.0,1,0
8771,11672.0,3407.0,1,0
8772,11673.0,3408.0,1,1
8773,11675.0,3409.0,1,1
8774,11676.0,3409.0,1,1
8775,11677.0,3410.0,1,0
8776,11679.0,3410.0,1,1
8777,11682.0,3410.0,1,1
8778,11683.0,3410.0,1,0
8779,11684.0,3411.0,1,0
8780,11685.0,3411.0,1,0
8781,11686.0,3411.0,1,0
8782,11690.0,3412.0,1,1
8783,11691.0,3412.0,1,1
8784,11692.0,3412.0,1,0
8785,11693.0,3413.0,1,0
8786,11694.0,3413.0,1,0
8787,11696.0,3413.0,1,0
8788,11697.0,3413.0,1,0
8789,11698.0,3413.0,1,0
8790,11699.0,3414.0,1,0
8791,11700.0,3414.0,1,1
8792,11701.0,3415.0,1,1
8793,11702.0,3415.0,1,0
8794,11703.0,3415.0,1,0
8795,11704.0,3415.0,1,1
8796,11705.0,3415.0,1,1
8797,11706.0,3416.0,1,1
8798,11707.0,3416.0,1,1
8799,11709.0,3417.0,1,1
8800,11710.0,3417.0,1,0
8801,11712.0,3418.0,1,0
8802,11714.0,3418.0,1,1
8803,11715.0,3419.0,1,1
8804,11716.0,3419.0,1,0
8805,11717.0,3419.0,1,0
8806,11718.0,3420.0,1,0
8807,11719.0,3420.0,1,0
8808,11720.0,3420.0,1,0
8809,11721.0,3420.0,1,0
8810,11722.0,3420.0,1,1
8811,11724.0,3422.0,1,1
8812,11725.0,3422.0,1,1
8813,11726.0,3423.0,1,1
8814,11727.0,3424.0,1,1
8815,11728.0,3424.0,1,0
8816,11729.0,3424.0,1,0
8817,11731.0,3426.0,1,0
8818,11732.0,3426.0,1,0
8819,11733.0,3426.0,1,1
8820,11734.0,3426.0,1,1
8821,11735.0,3426.0,1,0
8822,11736.0,3426.0,1,1
8823,11738.0,3427.0,1,0
8824,11739.0,3427.0,1,0
8825,11740.0,3427.0,1,0
8826,11742.0,3427.0,1,1
8827,11743.0,3427.0,1,0
8828,11744.0,3428.0,1,1
8829,11745.0,3429.0,1,1
8830,11746.0,3429.0,1,0
8831,11747.0,3430.0,1,0
8832,11748.0,3430.0,1,0
8833,11749.0,3430.0,1,1
8834,11750.0,3430.0,1,0
8835,11751.0,3431.0,1,0
8836,11752.0,3431.0,1,0
8837,11754.0,3431.0,1,0
8838,11756.0,3433.0,1,0
8839,11758.0,3433.0,1,1
8840,11759.0,3434.0,1,0
8841,11761.0,3435.0,1,1
8842,11762.0,3435.0,1,1
8843,11763.0,3435.0,1,0
8844,11764.0,3435.0,1,1
8845,11765.0,3436.0,1,1
8846,11766.0,3437.0,1,1
8847,11767.0,3437.0,1,1
8848,11768.0,3438.0,1,0
8849,11769.0,3439.0,1,0
8850,11770.0,3440.0,1,1
8851,11773.0,3442.0,1,0
8852,11774.0,3442.0,1,1
8853,11775.0,3442.0,1,0
8854,11776.0,3442.0,1,0
8855,11777.0,3442.0,1,1
8856,11778.0,3443.0,1,1
8857,11779.0,3443.0,1,1
8858,11781.0,3444.0,1,0
8859,11782.0,3444.0,1,1
8860,11783.0,3444.0,1,0
8861,11784.0,3445.0,1,1
8862,11785.0,3445.0,1,1
8863,11786.0,3446.0,1,1
8864,11788.0,3446.0,1,0
8865,11790.0,3446.0,1,1
8866,11792.0,3447.0,1,1
8867,11794.0,3447.0,1,0
8868,11795.0,3447.0,1,1
8869,11797.0,3448.0,1,0
8870,11799.0,3448.0,1,0
8871,11801.0,3450.0,1,0
8872,11802.0,3450.0,1,0
8873,11806.0,3452.0,1,0
8874,11807.0,3453.0,1,0
8875,11808.0,3454.0,1,0
8876,11811.0,3454.0,1,1
8877,11813.0,3454.0,1,1
8878,11814.0,3454.0,1,0
8879,11815.0,3455.0,1,0
8880,11816.0,3455.0,1,0
8881,11817.0,3455.0,1,0
8882,11818.0,3455.0,1,0
8883,11819.0,3455.0,1,0
8884,11820.0,3455.0,1,0
8885,11821.0,3455.0,1,1
8886,11822.0,3456.0,1,0
8887,11823.0,3456.0,1,0
8888,11824.0,3456.0,1,0
8889,11825.0,3456.0,1,1
8890,11826.0,3456.0,1,0
8891,11827.0,3456.0,1,0
8892,11828.0,3456.0,1,0
8893,11830.0,3457.0,1,1
8894,11831.0,3458.0,1,0
8895,11834.0,3458.0,1,0
8896,11835.0,3459.0,1,1
8897,11836.0,3459.0,1,1
8898,11837.0,3460.0,1,0
8899,11838.0,3460.0,1,0
8900,11839.0,3460.0,1,0
8901,11840.0,3460.0,1,0
8902,11841.0,3460.0,1,0
8903,11842.0,3460.0,1,1
8904,11843.0,3461.0,1,0
8905,11844.0,3462.0,1,0
8906,11845.0,3462.0,1,1
8907,11847.0,3462.0,1,0
8908,11848.0,3462.0,1,0
8909,11849.0,3462.0,1,0
8910,11850.0,3462.0,1,0
8911,11851.0,3463.0,1,0
8912,11852.0,3464.0,1,0
8913,11853.0,3464.0,1,0
8914,11854.0,3464.0,1,0
8915,11855.0,3464.0,1,0
8916,11856.0,3464.0,1,1
8917,11858.0,3464.0,1,1
8918,11859.0,3464.0,1,0
8919,11860.0,3464.0,1,0
8920,11862.0,3465.0,1,0
8921,11863.0,3465.0,1,0
8922,11865.0,3466.0,1,0
8923,11868.0,3467.0,1,1
8924,11869.0,3467.0,1,0
8925,11870.0,3468.0,1,0
8926,11871.0,3468.0,1,1
8927,11872.0,3468.0,1,0
8928,11874.0,3468.0,1,0
8929,11877.0,3470.0,1,0
8930,11878.0,3471.0,1,1
8931,11882.0,3473.0,1,1
8932,11883.0,3473.0,1,1
8933,11885.0,3473.0,1,1
8934,11886.0,3473.0,1,0
8935,11888.0,3475.0,1,1
8936,11889.0,3475.0,1,0
8937,11890.0,3475.0,1,1
8938,11891.0,3476.0,1,1
8939,11892.0,3476.0,1,1
8940,11893.0,3476.0,1,0
8941,11895.0,3476.0,1,1
8942,11896.0,3476.0,1,0
8943,11897.0,3476.0,1,1
8944,11898.0,3476.0,1,0
8945,11900.0,3477.0,1,1
8946,11901.0,3478.0,1,0
8947,11902.0,3478.0,1,1
8948,11903.0,3478.0,1,1
8949,11906.0,3478.0,1,0
8950,11907.0,3478.0,1,1
8951,11908.0,3480.0,1,0
8952,11909.0,3480.0,1,1
8953,11910.0,3480.0,1,0
8954,11911.0,3481.0,1,1
8955,11912.0,3481.0,1,0
8956,11913.0,3481.0,1,0
8957,11914.0,3481.0,1,0
8958,11916.0,3481.0,1,1
8959,11917.0,3482.0,1,0
8960,11918.0,3482.0,1,0
8961,11920.0,3482.0,1,0
8962,11921.0,3484.0,1,0
8963,11922.0,3484.0,1,1
8964,11923.0,3484.0,1,0
8965,11925.0,3484.0,1,1
8966,11927.0,3485.0,1,1
8967,11929.0,3485.0,1,0
8968,11930.0,3485.0,1,0
8969,11931.0,3486.0,1,0
8970,11932.0,3486.0,1,0
8971,11933.0,3486.0,1,1
8972,11934.0,3486.0,1,0
8973,11935.0,3486.0,1,0
8974,11936.0,3486.0,1,0
8975,11938.0,3487.0,1,0
8976,11939.0,3487.0,1,0
8977,11940.0,3488.0,1,0
8978,11941.0,3488.0,1,0
8979,11942.0,3488.0,1,1
8980,11944.0,3489.0,1,0
8981,11945.0,3489.0,1,1
8982,11947.0,3490.0,1,0
8983,11948.0,3490.0,1,0
8984,11949.0,3490.0,1,1
8985,11952.0,3491.0,1,0
8986,11953.0,3491.0,1,0
8987,11954.0,3492.0,1,1
8988,11956.0,3492.0,1,1
8989,11957.0,3492.0,1,0
8990,11959.0,3493.0,1,0
8991,11960.0,3493.0,1,1
8992,11961.0,3493.0,1,1
8993,11962.0,3493.0,1,0
8994,11963.0,3493.0,1,0
8995,11964.0,3494.0,1,0
8996,11965.0,3494.0,1,0
8997,11967.0,3495.0,1,0
8998,11968.0,3496.0,1,0
8999,11970.0,3497.0,1,0
9000,11972.0,3497.0,1,1
9001,11973.0,3498.0,1,0
9002,11975.0,3498.0,1,1
9003,11976.0,3498.0,1,0
9004,11977.0,3498.0,1,0
9005,11978.0,3499.0,1,0
9006,11979.0,3499.0,1,0
9007,11980.0,3499.0,1,1
9008,11981.0,3499.0,1,0
9009,11982.0,3500.0,1,0
9010,11983.0,3500.0,1,0
9011,11984.0,3500.0,1,1
9012,11985.0,3500.0,1,0
9013,11986.0,3502.0,1,0
9014,11987.0,3502.0,1,0
9015,11988.0,3503.0,1,0
9016,11989.0,3503.0,1,1
9017,11991.0,3503.0,1,0
9018,11992.0,3503.0,1,0
9019,11993.0,3503.0,1,0
9020,11994.0,3504.0,1,1
9021,11995.0,3504.0,1,0
9022,11996.0,3505.0,1,0
9023,11997.0,3506.0,1,1
9024,12000.0,3506.0,1,1
9025,12002.0,3506.0,1,0
9026,12003.0,3506.0,1,0
9027,12004.0,3508.0,1,1
9028,12006.0,3508.0,1,1
9029,12009.0,3509.0,1,1
9030,12010.0,3509.0,1,0
9031,12011.0,3510.0,1,0
9032,12012.0,3510.0,1,1
9033,12013.0,3510.0,1,0
9034,12014.0,3511.0,1,0
9035,12016.0,3511.0,1,0
9036,12017.0,3511.0,1,0
9037,12018.0,3511.0,1,0
9038,12019.0,3511.0,1,0
9039,12020.0,3512.0,1,1
9040,12022.0,3512.0,1,0
9041,12023.0,3512.0,1,0
9042,12024.0,3512.0,1,1
9043,12025.0,3512.0,1,1
9044,12026.0,3512.0,1,0
9045,12027.0,3512.0,1,0
9046,12028.0,3512.0,1,0
9047,12029.0,3512.0,1,1
9048,12031.0,3513.0,1,0
9049,12032.0,3513.0,1,0
9050,12033.0,3513.0,1,1
9051,12034.0,3513.0,1,0
9052,12035.0,3513.0,1,1
9053,12038.0,3513.0,1,1
9054,12039.0,3514.0,1,1
9055,12040.0,3514.0,1,0
9056,12041.0,3514.0,1,1
9057,12042.0,3514.0,1,0
9058,12044.0,3514.0,1,0
9059,12046.0,3515.0,1,1
9060,12047.0,3516.0,1,1
9061,12048.0,3517.0,1,0
9062,12050.0,3517.0,1,0
9063,12051.0,3518.0,1,0
9064,12054.0,3518.0,1,1
9065,12055.0,3518.0,1,0
9066,12056.0,3518.0,1,0
9067,12057.0,3518.0,1,0
9068,12059.0,3519.0,1,1
9069,12060.0,3519.0,1,1
9070,12061.0,3519.0,1,0
9071,12062.0,3519.0,1,0
9072,12063.0,3519.0,1,1
9073,12064.0,3519.0,1,0
9074,12065.0,3519.0,1,0
9075,12066.0,3519.0,1,1
9076,12067.0,3520.0,1,1
9077,12068.0,3520.0,1,1
9078,12069.0,3520.0,1,0
9079,12070.0,3520.0,1,1
9080,12071.0,3520.0,1,0
9081,12072.0,3521.0,1,0
9082,12073.0,3521.0,1,0
9083,12074.0,3521.0,1,1
9084,12075.0,3521.0,1,1
9085,12076.0,3521.0,1,0
9086,12077.0,3522.0,1,0
9087,12078.0,3523.0,1,0
9088,12079.0,3523.0,1,1
9089,12081.0,3523.0,1,0
9090,12082.0,3523.0,1,1
9091,12084.0,3524.0,1,1
9092,12086.0,3525.0,1,0
9093,12089.0,3526.0,1,0
9094,12090.0,3526.0,1,1
9095,12091.0,3526.0,1,0
9096,12092.0,3526.0,1,0
9097,12093.0,3526.0,1,1
9098,12095.0,3527.0,1,0
9099,12096.0,3527.0,1,0
9100,12097.0,3527.0,1,1
9101,12098.0,3527.0,1,0
9102,12099.0,3528.0,1,1
9103,12100.0,3529.0,1,0
9104,12101.0,3530.0,1,0
9105,12102.0,3530.0,1,0
9106,12104.0,3530.0,1,1
9107,12106.0,3530.0,1,0
9108,12108.0,3531.0,1,1
9109,12109.0,3531.0,1,0
9110,12111.0,3531.0,1,1
9111,12112.0,3531.0,1,0
9112,12113.0,3532.0,1,0
9113,12114.0,3532.0,1,1
9114,12115.0,3532.0,1,0
9115,12116.0,3532.0,1,1
9116,12117.0,3533.0,1,0
9117,12118.0,3533.0,1,0
9118,12119.0,3533.0,1,0
9119,12120.0,3533.0,1,1
9120,12121.0,3534.0,1,0
9121,12124.0,3536.0,1,1
9122,12125.0,3536.0,1,0
9123,12127.0,3537.0,1,1
9124,12128.0,3537.0,1,0
9125,12129.0,3537.0,1,1
9126,12130.0,3538.0,1,0
9127,12131.0,3538.0,1,0
9128,12132.0,3538.0,1,1
9129,12133.0,3539.0,1,0
9130,12134.0,3539.0,1,1
9131,12135.0,3539.0,1,1
9132,12136.0,3539.0,1,1
9133,12138.0,3540.0,1,1
9134,12139.0,3540.0,1,0
9135,12140.0,3541.0,1,1
9136,12141.0,3541.0,1,0
9137,12142.0,3542.0,1,0
9138,12143.0,3542.0,1,1
9139,12144.0,3542.0,1,0
9140,12145.0,3542.0,1,0
9141,12146.0,3542.0,1,0
9142,12147.0,3542.0,1,0
9143,12148.0,3544.0,1,0
9144,12150.0,3546.0,1,1
9145,12151.0,3547.0,1,0
9146,12152.0,3547.0,1,0
9147,12153.0,3548.0,1,0
9148,12154.0,3548.0,1,1
9149,12155.0,3548.0,1,1
9150,12156.0,3548.0,1,0
9151,12157.0,3550.0,1,0
9152,12159.0,3550.0,1,0
9153,12160.0,3550.0,1,0
9154,12161.0,3551.0,1,1
9155,12162.0,3551.0,1,0
9156,12163.0,3551.0,1,1
9157,12164.0,3552.0,1,1
9158,12166.0,3552.0,1,0
9159,12167.0,3552.0,1,0
9160,12168.0,3552.0,1,1
9161,12170.0,3554.0,1,0
9162,12174.0,3555.0,1,1
9163,12175.0,3555.0,1,0
9164,12177.0,3555.0,1,0
9165,12178.0,3556.0,1,1
9166,12179.0,3556.0,1,0
9167,12181.0,3556.0,1,0
9168,12183.0,3556.0,1,1
9169,12184.0,3556.0,1,0
9170,12188.0,3558.0,1,0
9171,12189.0,3558.0,1,1
9172,12190.0,3558.0,1,0
9173,12191.0,3559.0,1,0
9174,12193.0,3559.0,1,0
9175,12194.0,3560.0,1,1
9176,12196.0,3560.0,1,0
9177,12197.0,3560.0,1,0
9178,12198.0,3561.0,1,0
9179,12199.0,3561.0,1,0
9180,12201.0,3561.0,1,0
9181,12202.0,3562.0,1,1
9182,12203.0,3562.0,1,0
9183,12204.0,3562.0,1,0
9184,12205.0,3562.0,1,0
9185,12207.0,3563.0,1,0
9186,12208.0,3563.0,1,0
9187,12210.0,3563.0,1,1
9188,12211.0,3564.0,1,1
9189,12213.0,3564.0,1,1
9190,12214.0,3565.0,1,0
9191,12215.0,3565.0,1,0
9192,12217.0,3565.0,1,0
9193,12218.0,3565.0,1,1
9194,12219.0,3566.0,1,1
9195,12221.0,3566.0,1,0
9196,12222.0,3566.0,1,0
9197,12223.0,3566.0,1,0
9198,12226.0,3568.0,1,0
9199,12227.0,3568.0,1,1
9200,12229.0,3569.0,1,1
9201,12230.0,3569.0,1,0
9202,12233.0,3569.0,1,0
9203,12234.0,3570.0,1,1
9204,12235.0,3571.0,1,0
9205,12236.0,3572.0,1,1
9206,12237.0,3573.0,1,1
9207,12238.0,3573.0,1,1
9208,12239.0,3573.0,1,1
9209,12240.0,3573.0,1,1
9210,12242.0,3575.0,1,1
9211,12243.0,3575.0,1,0
9212,12246.0,3577.0,1,1
9213,12247.0,3577.0,1,0
9214,12248.0,3577.0,1,0
9215,12249.0,3577.0,1,0
9216,12250.0,3578.0,1,0
9217,12251.0,3578.0,1,0
9218,12252.0,3578.0,1,0
9219,12253.0,3579.0,1,0
9220,12254.0,3579.0,1,0
9221,12255.0,3579.0,1,0
9222,12256.0,3579.0,1,0
9223,12257.0,3579.0,1,0
9224,12258.0,3579.0,1,0
9225,12259.0,3579.0,1,1
9226,12260.0,3579.0,1,0
9227,12262.0,3580.0,1,0
9228,12265.0,3582.0,1,1
9229,12266.0,3582.0,1,0
9230,12268.0,3584.0,1,0
9231,12269.0,3584.0,1,0
9232,12270.0,3584.0,1,1
9233,12271.0,3585.0,1,0
9234,12272.0,3585.0,1,0
9235,12275.0,3586.0,1,1
9236,12276.0,3586.0,1,0
9237,12278.0,3586.0,1,0
9238,12279.0,3587.0,1,0
9239,12280.0,3587.0,1,1
9240,12281.0,3587.0,1,0
9241,12282.0,3587.0,1,0
9242,12283.0,3587.0,1,0
9243,12284.0,3587.0,1,1
9244,12285.0,3587.0,1,1
9245,12287.0,3588.0,1,1
9246,12289.0,3588.0,1,0
9247,12290.0,3589.0,1,0
9248,12291.0,3589.0,1,0
9249,12293.0,3589.0,1,0
9250,12295.0,3590.0,1,1
9251,12296.0,3590.0,1,0
9252,12297.0,3590.0,1,1
9253,12298.0,3590.0,1,1
9254,12300.0,3590.0,1,1
9255,12301.0,3590.0,1,1
9256,12302.0,3591.0,1,1
9257,12303.0,3591.0,1,1
9258,12304.0,3591.0,1,1
9259,12305.0,3591.0,1,0
9260,12306.0,3592.0,1,0
9261,12307.0,3593.0,1,0
9262,12309.0,3593.0,1,0
9263,12311.0,3594.0,1,1
9264,12313.0,3594.0,1,1
9265,12314.0,3594.0,1,1
9266,12317.0,3595.0,1,1
9267,12319.0,3595.0,1,1
9268,12320.0,3596.0,1,1
9269,12321.0,3596.0,1,0
9270,12322.0,3596.0,1,0
9271,12323.0,3596.0,1,1
9272,12324.0,3596.0,1,1
9273,12325.0,3597.0,1,0
9274,12326.0,3597.0,1,1
9275,12327.0,3598.0,1,0
9276,12328.0,3598.0,1,0
9277,12330.0,3599.0,1,0
9278,12331.0,3599.0,1,1
9279,12332.0,3599.0,1,1
9280,12333.0,3599.0,1,0
9281,12334.0,3599.0,1,1
9282,12335.0,3599.0,1,0
9283,12336.0,3599.0,1,0
9284,12337.0,3600.0,1,1
9285,12339.0,3600.0,1,1
9286,12340.0,3600.0,1,0
9287,12341.0,3600.0,1,0
9288,12343.0,3600.0,1,0
9289,12344.0,3601.0,1,0
9290,12346.0,3601.0,1,0
9291,12350.0,3603.0,1,0
9292,12352.0,3603.0,1,0
9293,12353.0,3603.0,1,1
9294,12354.0,3604.0,1,0
9295,12356.0,3604.0,1,0
9296,12357.0,3604.0,1,0
9297,12358.0,3604.0,1,0
9298,12359.0,3604.0,1,1
9299,12360.0,3605.0,1,0
9300,12362.0,3605.0,1,0
9301,12363.0,3605.0,1,0
9302,12364.0,3605.0,1,0
9303,12365.0,3606.0,1,0
9304,12366.0,3607.0,1,0
9305,12367.0,3607.0,1,0
9306,12368.0,3608.0,1,1
9307,12370.0,3608.0,1,0
9308,12371.0,3608.0,1,1
9309,12372.0,3609.0,1,1
9310,12373.0,3609.0,1,0
9311,12374.0,3609.0,1,0
9312,12375.0,3609.0,1,0
9313,12376.0,3609.0,1,0
9314,12378.0,3610.0,1,1
9315,12379.0,3610.0,1,0
9316,12381.0,3610.0,1,1
9317,12382.0,3610.0,1,1
9318,12383.0,3610.0,1,1
9319,12384.0,3611.0,1,0
9320,12385.0,3612.0,1,1
9321,12387.0,3613.0,1,1
9322,12389.0,3613.0,1,0
9323,12390.0,3614.0,1,0
9324,12391.0,3614.0,1,1
9325,12392.0,3615.0,1,0
9326,12394.0,3615.0,1,0
9327,12395.0,3615.0,1,1
9328,12397.0,3616.0,1,1
9329,12398.0,3616.0,1,0
9330,12399.0,3616.0,1,1
9331,12400.0,3616.0,1,0
9332,12402.0,3617.0,1,1
9333,12405.0,3618.0,1,1
9334,12406.0,3618.0,1,0
9335,12408.0,3618.0,1,1
9336,12409.0,3619.0,1,0
9337,12410.0,3619.0,1,0
9338,12411.0,3620.0,1,0
9339,12413.0,3620.0,1,1
9340,12414.0,3620.0,1,1
9341,12416.0,3620.0,1,1
9342,12417.0,3621.0,1,0
9343,12418.0,3622.0,1,0
9344,12420.0,3622.0,1,0
9345,12421.0,3622.0,1,0
9346,12422.0,3622.0,1,0
9347,12423.0,3622.0,1,0
9348,12424.0,3622.0,1,0
9349,12425.0,3623.0,1,1
9350,12426.0,3623.0,1,1
9351,12427.0,3624.0,1,0
9352,12429.0,3624.0,1,0
9353,12430.0,3624.0,1,1
9354,12431.0,3625.0,1,1
9355,12433.0,3626.0,1,1
9356,12434.0,3626.0,1,0
9357,12435.0,3626.0,1,1
9358,12436.0,3626.0,1,0
9359,12439.0,3627.0,1,0
9360,12440.0,3627.0,1,1
9361,12441.0,3627.0,1,1
9362,12442.0,3628.0,1,0
9363,12443.0,3628.0,1,1
9364,12444.0,3628.0,1,0
9365,12445.0,3628.0,1,0
9366,12447.0,3628.0,1,1
9367,12448.0,3628.0,1,1
9368,12450.0,3628.0,1,1
9369,12451.0,3629.0,1,1
9370,12453.0,3630.0,1,0
9371,12455.0,3630.0,1,0
9372,12457.0,3633.0,1,1
9373,12458.0,3634.0,1,1
9374,12459.0,3634.0,1,1
9375,12461.0,3635.0,1,0
9376,12462.0,3635.0,1,1
9377,12464.0,3635.0,1,1
9378,12465.0,3635.0,1,0
9379,12466.0,3636.0,1,0
9380,12467.0,3636.0,1,0
9381,12469.0,3637.0,1,0
9382,12470.0,3637.0,1,0
9383,12471.0,3637.0,1,0
9384,12473.0,3637.0,1,0
9385,12474.0,3638.0,1,0
9386,12475.0,3638.0,1,0
9387,12476.0,3638.0,1,0
9388,12479.0,3638.0,1,0
9389,12480.0,3640.0,1,0
9390,12481.0,3641.0,1,0
9391,12482.0,3641.0,1,0
9392,12484.0,3642.0,1,0
9393,12486.0,3642.0,1,0
9394,12488.0,3643.0,1,1
9395,12489.0,3643.0,1,0
9396,12490.0,3643.0,1,0
9397,12491.0,3644.0,1,0
9398,12495.0,3646.0,1,0
9399,12497.0,3647.0,1,0
9400,12498.0,3647.0,1,0
9401,12499.0,3647.0,1,1
9402,12500.0,3648.0,1,0
9403,12501.0,3648.0,1,0
9404,12503.0,3649.0,1,0
9405,12504.0,3649.0,1,0
9406,12505.0,3649.0,1,0
9407,12507.0,3650.0,1,1
9408,12508.0,3650.0,1,1
9409,12509.0,3650.0,1,0
9410,12510.0,3650.0,1,0
9411,12511.0,3651.0,1,0
9412,12513.0,3651.0,1,0
9413,12514.0,3651.0,1,0
9414,12515.0,3652.0,1,0
9415,12516.0,3652.0,1,0
9416,12518.0,3653.0,1,0
9417,12520.0,3653.0,1,0
9418,12521.0,3653.0,1,1
9419,12522.0,3653.0,1,0
9420,12523.0,3653.0,1,0
9421,12524.0,3654.0,1,0
9422,12525.0,3654.0,1,1
9423,12527.0,3654.0,1,0
9424,12528.0,3655.0,1,0
9425,12529.0,3656.0,1,1
9426,12530.0,3656.0,1,1
9427,12531.0,3657.0,1,0
9428,12533.0,3657.0,1,0
9429,12534.0,3657.0,1,0
9430,12535.0,3658.0,1,0
9431,12536.0,3658.0,1,0
9432,12538.0,3659.0,1,1
9433,12539.0,3659.0,1,1
9434,12540.0,3659.0,1,0
9435,12541.0,3660.0,1,0
9436,12543.0,3660.0,1,0
9437,12544.0,3660.0,1,0
9438,12546.0,3660.0,1,0
9439,12547.0,3661.0,1,0
9440,12548.0,3662.0,1,0
9441,12549.0,3662.0,1,0
9442,12550.0,3662.0,1,0
9443,12551.0,3662.0,1,1
9444,12552.0,3663.0,1,0
9445,12553.0,3664.0,1,1
9446,12554.0,3664.0,1,0
9447,12555.0,3664.0,1,0
9448,12556.0,3664.0,1,0
9449,12557.0,3664.0,1,1
9450,12558.0,3664.0,1,0
9451,12559.0,3664.0,1,0
9452,12561.0,3665.0,1,0
9453,12562.0,3665.0,1,0
9454,12564.0,3665.0,1,1
9455,12566.0,3666.0,1,0
9456,12567.0,3666.0,1,0
9457,12568.0,3666.0,1,0
9458,12570.0,3666.0,1,0
9459,12571.0,3668.0,1,1
9460,12572.0,3670.0,1,1
9461,12573.0,3670.0,1,1
9462,12574.0,3670.0,1,1
9463,12575.0,3670.0,1,1
9464,12576.0,3671.0,1,0
9465,12577.0,3671.0,1,0
9466,12578.0,3672.0,1,0
9467,12579.0,3672.0,1,1
9468,12580.0,3672.0,1,1
9469,12581.0,3672.0,1,1
9470,12582.0,3672.0,1,0
9471,12583.0,3673.0,1,0
9472,12584.0,3673.0,1,0
9473,12585.0,3674.0,1,1
9474,12586.0,3674.0,1,0
9475,12587.0,3674.0,1,0
9476,12588.0,3675.0,1,0
9477,12590.0,3675.0,1,0
9478,12591.0,3676.0,1,1
9479,12592.0,3676.0,1,0
9480,12593.0,3676.0,1,0
9481,12598.0,3678.0,1,0
9482,12599.0,3678.0,1,0
9483,12600.0,3678.0,1,0
9484,12601.0,3679.0,1,0
9485,12602.0,3679.0,1,1
9486,12603.0,3680.0,1,0
9487,12605.0,3680.0,1,0
9488,12607.0,3681.0,1,0
9489,12608.0,3681.0,1,0
9490,12611.0,3682.0,1,1
9491,12612.0,3682.0,1,0
9492,12615.0,3682.0,1,1
9493,12616.0,3682.0,1,1
9494,12617.0,3682.0,1,0
9495,12618.0,3683.0,1,1
9496,12619.0,3683.0,1,1
9497,12621.0,3683.0,1,0
9498,12624.0,3684.0,1,0
9499,12625.0,3685.0,1,0
9500,12626.0,3685.0,1,0
9501,12627.0,3685.0,1,1
9502,12628.0,3685.0,1,0
9503,12629.0,3685.0,1,0
9504,12630.0,3685.0,1,1
9505,12631.0,3685.0,1,0
9506,12632.0,3686.0,1,1
9507,12634.0,3686.0,1,0
9508,12635.0,3687.0,1,0
9509,12636.0,3687.0,1,0
9510,12638.0,3687.0,1,1
9511,12640.0,3688.0,1,0
9512,12641.0,3688.0,1,1
9513,12642.0,3689.0,1,1
9514,12644.0,3689.0,1,0
9515,12645.0,3690.0,1,0
9516,12646.0,3690.0,1,1
9517,12648.0,3692.0,1,0
9518,12649.0,3692.0,1,0
9519,12650.0,3692.0,1,1
9520,12651.0,3692.0,1,0
9521,12653.0,3693.0,1,1
9522,12655.0,3694.0,1,0
9523,12656.0,3694.0,1,0
9524,12658.0,3695.0,1,0
9525,12659.0,3695.0,1,0
9526,12660.0,3695.0,1,1
9527,12662.0,3695.0,1,1
9528,12664.0,3697.0,1,0
9529,12665.0,3697.0,1,0
9530,12667.0,3697.0,1,1
9531,12669.0,3697.0,1,0
9532,12670.0,3698.0,1,0
9533,12671.0,3698.0,1,1
9534,12673.0,3699.0,1,1
9535,12674.0,3699.0,1,0
9536,12675.0,3699.0,1,1
9537,12676.0,3699.0,1,0
9538,12677.0,3699.0,1,1
9539,12678.0,3699.0,1,0
9540,12679.0,3699.0,1,1
9541,12680.0,3700.0,1,1
9542,12681.0,3700.0,1,1
9543,12682.0,3701.0,1,1
9544,12683.0,3701.0,1,0
9545,12684.0,3701.0,1,1
9546,12685.0,3701.0,1,0
9547,12686.0,3701.0,1,1
9548,12687.0,3702.0,1,1
9549,12688.0,3703.0,1,1
9550,12689.0,3703.0,1,0
9551,12690.0,3704.0,1,0
9552,12691.0,3704.0,1,1
9553,12692.0,3704.0,1,0
9554,12693.0,3704.0,1,0
9555,12694.0,3704.0,1,0
9556,12695.0,3704.0,1,1
9557,12696.0,3704.0,1,0
9558,12697.0,3704.0,1,0
9559,12698.0,3705.0,1,0
9560,12700.0,3705.0,1,1
9561,12701.0,3705.0,1,0
9562,12704.0,3706.0,1,1
9563,12705.0,3706.0,1,1
9564,12706.0,3706.0,1,1
9565,12707.0,3707.0,1,0
9566,12708.0,3707.0,1,1
9567,12710.0,3707.0,1,1
9568,12712.0,3708.0,1,1
9569,12713.0,3708.0,1,0
9570,12715.0,3709.0,1,1
9571,12716.0,3709.0,1,0
9572,12717.0,3710.0,1,1
9573,12718.0,3710.0,1,0
9574,12722.0,3710.0,1,0
9575,12724.0,3711.0,1,0
9576,12725.0,3711.0,1,0
9577,12728.0,3711.0,1,0
9578,12730.0,3711.0,1,0
9579,12731.0,3711.0,1,1
9580,12732.0,3712.0,1,1
9581,12733.0,3712.0,1,0
9582,12734.0,3712.0,1,0
9583,12735.0,3713.0,1,0
9584,12736.0,3713.0,1,0
9585,12738.0,3713.0,1,0
9586,12739.0,3713.0,1,0
9587,12741.0,3715.0,1,1
9588,12743.0,3716.0,1,0
9589,12744.0,3716.0,1,0
9590,12745.0,3718.0,1,1
9591,12746.0,3719.0,1,1
9592,12747.0,3719.0,1,0
9593,12750.0,3721.0,1,1
9594,12753.0,3722.0,1,0
9595,12754.0,3722.0,1,0
9596,12755.0,3722.0,1,0
9597,12756.0,3723.0,1,1
9598,12757.0,3723.0,1,1
9599,12758.0,3724.0,1,0
9600,12759.0,3724.0,1,0
9601,12760.0,3724.0,1,0
9602,12761.0,3724.0,1,1
9603,12762.0,3725.0,1,1
9604,12763.0,3726.0,1,1
9605,12764.0,3726.0,1,0
9606,12765.0,3726.0,1,1
9607,12766.0,3726.0,1,0
9608,12768.0,3727.0,1,0
9609,12770.0,3728.0,1,1
9610,12772.0,3728.0,1,0
9611,12773.0,3729.0,1,1
9612,12774.0,3729.0,1,1
9613,12776.0,3729.0,1,1
9614,12778.0,3731.0,1,1
9615,12779.0,3731.0,1,0
9616,12781.0,3731.0,1,1
9617,12782.0,3731.0,1,1
9618,12783.0,3731.0,1,1
9619,12784.0,3731.0,1,1
9620,12785.0,3732.0,1,1
9621,12786.0,3732.0,1,1
9622,12787.0,3732.0,1,0
9623,12788.0,3732.0,1,1
9624,12789.0,3732.0,1,0
9625,12790.0,3732.0,1,1
9626,12791.0,3733.0,1,1
9627,12793.0,3733.0,1,1
9628,12795.0,3734.0,1,0
9629,12796.0,3734.0,1,0
9630,12797.0,3736.0,1,0
9631,12798.0,3736.0,1,0
9632,12799.0,3736.0,1,1
9633,12800.0,3736.0,1,1
9634,12802.0,3737.0,1,0
9635,12803.0,3737.0,1,0
9636,12806.0,3738.0,1,0
9637,12807.0,3738.0,1,1
9638,12809.0,3739.0,1,1
9639,12810.0,3740.0,1,1
9640,12814.0,3742.0,1,0
9641,12815.0,3742.0,1,1
9642,12816.0,3742.0,1,0
9643,12817.0,3743.0,1,0
9644,12818.0,3743.0,1,1
9645,12819.0,3744.0,1,0
9646,12821.0,3744.0,1,0
9647,12822.0,3745.0,1,0
9648,12825.0,3746.0,1,0
9649,12827.0,3746.0,1,0
9650,12828.0,3746.0,1,1
9651,12830.0,3747.0,1,0
9652,12831.0,3747.0,1,0
9653,12832.0,3747.0,1,0
9654,12835.0,3747.0,1,0
9655,12838.0,3748.0,1,0
9656,12841.0,3749.0,1,0
9657,12842.0,3749.0,1,1
9658,12843.0,3749.0,1,1
9659,12844.0,3749.0,1,1
9660,12845.0,3749.0,1,1
9661,12846.0,3749.0,1,0
9662,12848.0,3750.0,1,1
9663,12850.0,3750.0,1,0
9664,12853.0,3751.0,1,1
9665,12854.0,3751.0,1,0
9666,12856.0,3752.0,1,0
9667,12857.0,3753.0,1,0
9668,12859.0,3753.0,1,1
9669,12860.0,3753.0,1,0
9670,12861.0,3753.0,1,0
9671,12862.0,3754.0,1,1
9672,12863.0,3754.0,1,0
9673,12864.0,3754.0,1,1
9674,12865.0,3754.0,1,0
9675,12867.0,3755.0,1,1
9676,12868.0,3755.0,1,1
9677,12869.0,3755.0,1,0
9678,12870.0,3756.0,1,0
9679,12873.0,3758.0,1,0
9680,12874.0,3758.0,1,1
9681,12875.0,3758.0,1,0
9682,12877.0,3758.0,1,1
9683,12878.0,3760.0,1,1
9684,12879.0,3761.0,1,0
9685,12881.0,3762.0,1,0
9686,12882.0,3762.0,1,0
9687,12883.0,3763.0,1,0
9688,12884.0,3763.0,1,0
9689,12886.0,3764.0,1,0
9690,12887.0,3764.0,1,0
9691,12888.0,3764.0,1,1
9692,12889.0,3764.0,1,0
9693,12890.0,3764.0,1,1
9694,12891.0,3765.0,1,0
9695,12892.0,3765.0,1,1
9696,12893.0,3765.0,1,0
9697,12894.0,3767.0,1,1
9698,12895.0,3768.0,1,0
9699,12897.0,3768.0,1,1
9700,12899.0,3769.0,1,1
9701,12900.0,3769.0,1,0
9702,12901.0,3770.0,1,0
9703,12902.0,3770.0,1,0
9704,12903.0,3770.0,1,1
9705,12904.0,3770.0,1,1
9706,12906.0,3770.0,1,0
9707,12907.0,3770.0,1,0
9708,12908.0,3771.0,1,1
9709,12909.0,3771.0,1,0
9710,12910.0,3771.0,1,0
9711,12911.0,3771.0,1,1
9712,12912.0,3772.0,1,0
9713,12916.0,3773.0,1,0
9714,12919.0,3775.0,1,1
9715,12920.0,3775.0,1,0
9716,12921.0,3775.0,1,0
9717,12922.0,3776.0,1,0
9718,12923.0,3776.0,1,1
9719,12924.0,3776.0,1,1
9720,12925.0,3776.0,1,1
9721,12927.0,3777.0,1,1
9722,12928.0,3777.0,1,0
9723,12929.0,3777.0,1,0
9724,12930.0,3777.0,1,0
9725,12931.0,3777.0,1,0
9726,12932.0,3778.0,1,0
9727,12933.0,3778.0,1,0
9728,12934.0,3779.0,1,1
9729,12937.0,3779.0,1,0
9730,12938.0,3779.0,1,1
9731,12939.0,3779.0,1,0
9732,12940.0,3779.0,1,0
9733,12943.0,3780.0,1,0
9734,12945.0,3781.0,1,0
9735,12946.0,3781.0,1,0
9736,12947.0,3781.0,1,1
9737,12948.0,3781.0,1,1
9738,12949.0,3781.0,1,1
9739,12950.0,3781.0,1,0
9740,12951.0,3781.0,1,0
9741,12952.0,3781.0,1,0
9742,12953.0,3781.0,1,0
9743,12954.0,3782.0,1,1
9744,12955.0,3782.0,1,0
9745,12958.0,3783.0,1,0
9746,12963.0,3786.0,1,1
9747,12964.0,3786.0,1,0
9748,12966.0,3786.0,1,0
9749,12969.0,3786.0,1,0
9750,12971.0,3787.0,1,1
9751,12972.0,3787.0,1,0
9752,12973.0,3787.0,1,0
9753,12974.0,3787.0,1,1
9754,12977.0,3789.0,1,0
9755,12981.0,3789.0,1,0
9756,12982.0,3789.0,1,0
9757,12983.0,3790.0,1,1
9758,12984.0,3790.0,1,1
9759,12986.0,3790.0,1,1
9760,12987.0,3791.0,1,0
9761,12988.0,3791.0,1,0
9762,12989.0,3791.0,1,0
9763,12990.0,3791.0,1,0
9764,12991.0,3791.0,1,1
9765,12992.0,3791.0,1,0
9766,12993.0,3791.0,1,1
9767,12994.0,3792.0,1,0
9768,12995.0,3792.0,1,1
9769,12996.0,3793.0,1,0
9770,12998.0,3793.0,1,1
9771,12999.0,3793.0,1,0
9772,13000.0,3793.0,1,1
9773,13001.0,3793.0,1,1
9774,13002.0,3793.0,1,0
9775,13004.0,3794.0,1,0
9776,13005.0,3794.0,1,0
9777,13006.0,3794.0,1,0
9778,13007.0,3794.0,1,1
9779,13008.0,3794.0,1,0
9780,13009.0,3794.0,1,1
9781,13010.0,3795.0,1,0
9782,13012.0,3795.0,1,0
9783,13013.0,3795.0,1,0
9784,13014.0,3796.0,1,0
9785,13015.0,3796.0,1,0
9786,13017.0,3796.0,1,0
9787,13018.0,3796.0,1,0
9788,13019.0,3797.0,1,0
9789,13021.0,3797.0,1,0
9790,13022.0,3797.0,1,0
9791,13023.0,3797.0,1,0
9792,13024.0,3798.0,1,0
9793,13025.0,3798.0,1,0
9794,13026.0,3798.0,1,0
9795,13027.0,3798.0,1,1
9796,13028.0,3799.0,1,1
9797,13031.0,3800.0,1,0
9798,13032.0,3801.0,1,1
9799,13034.0,3802.0,1,0
9800,13035.0,3802.0,1,1
9801,13036.0,3802.0,1,1
9802,13037.0,3802.0,1,1
9803,13038.0,3803.0,1,0
9804,13039.0,3803.0,1,0
9805,13040.0,3803.0,1,0
9806,13041.0,3804.0,1,0
9807,13042.0,3804.0,1,0
9808,13043.0,3804.0,1,0
9809,13044.0,3805.0,1,0
9810,13046.0,3806.0,1,0
9811,13047.0,3806.0,1,0
9812,13048.0,3807.0,1,0
9813,13050.0,3807.0,1,1
9814,13051.0,3807.0,1,0
9815,13052.0,3807.0,1,0
9816,13053.0,3807.0,1,1
9817,13054.0,3808.0,1,0
9818,13055.0,3808.0,1,0
9819,13056.0,3808.0,1,0
9820,13057.0,3808.0,1,0
9821,13058.0,3808.0,1,0
9822,13061.0,3809.0,1,0
9823,13062.0,3809.0,1,0
9824,13063.0,3809.0,1,0
9825,13065.0,3810.0,1,1
9826,13066.0,3810.0,1,0
9827,13067.0,3810.0,1,1
9828,13068.0,3811.0,1,0
9829,13070.0,3811.0,1,0
9830,13073.0,3813.0,1,0
9831,13074.0,3813.0,1,1
9832,13075.0,3813.0,1,0
9833,13076.0,3813.0,1,1
9834,13078.0,3814.0,1,1
9835,13079.0,3814.0,1,0
9836,13080.0,3815.0,1,1
9837,13081.0,3815.0,1,0
9838,13082.0,3815.0,1,0
9839,13084.0,3815.0,1,0
9840,13085.0,3815.0,1,0
9841,13086.0,3815.0,1,0
9842,13087.0,3815.0,1,1
9843,13090.0,3815.0,1,1
9844,13091.0,3815.0,1,0
9845,13092.0,3816.0,1,0
9846,13094.0,3816.0,1,0
9847,13095.0,3816.0,1,0
9848,13096.0,3817.0,1,0
9849,13097.0,3817.0,1,1
9850,13098.0,3817.0,1,0
9851,13100.0,3819.0,1,1
9852,13102.0,3819.0,1,0
9853,13104.0,3821.0,1,0
9854,13105.0,3821.0,1,1
9855,13107.0,3821.0,1,0
9856,13108.0,3821.0,1,1
9857,13110.0,3823.0,1,0
9858,13113.0,3823.0,1,1
9859,13117.0,3824.0,1,0
9860,13118.0,3824.0,1,0
9861,13119.0,3825.0,1,0
9862,13120.0,3825.0,1,0
9863,13123.0,3825.0,1,0
9864,13124.0,3825.0,1,0
9865,13125.0,3826.0,1,1
9866,13127.0,3827.0,1,1
9867,13128.0,3827.0,1,1
9868,13129.0,3827.0,1,0
9869,13130.0,3828.0,1,1
9870,13131.0,3828.0,1,1
9871,13132.0,3828.0,1,0
9872,13134.0,3829.0,1,0
9873,13135.0,3829.0,1,1
9874,13136.0,3829.0,1,1
9875,13137.0,3829.0,1,0
9876,13138.0,3830.0,1,0
9877,13139.0,3830.0,1,0
9878,13141.0,3830.0,1,1
9879,13144.0,3832.0,1,1
9880,13147.0,3834.0,1,1
9881,13149.0,3836.0,1,0
9882,13150.0,3836.0,1,0
9883,13151.0,3836.0,1,0
9884,13152.0,3836.0,1,0
9885,13155.0,3837.0,1,0
9886,13157.0,3837.0,1,1
9887,13158.0,3837.0,1,0
9888,13160.0,3838.0,1,0
9889,13161.0,3838.0,1,0
9890,13163.0,3838.0,1,0
9891,13165.0,3838.0,1,0
9892,13166.0,3839.0,1,0
9893,13167.0,3839.0,1,0
9894,13168.0,3839.0,1,0
9895,13169.0,3839.0,1,0
9896,13170.0,3839.0,1,0
9897,13171.0,3840.0,1,0
9898,13172.0,3840.0,1,0
9899,13173.0,3840.0,1,0
9900,13174.0,3841.0,1,0
9901,13177.0,3841.0,1,0
9902,13178.0,3841.0,1,0
9903,13180.0,3841.0,1,0
9904,13181.0,3841.0,1,0
9905,13184.0,3841.0,1,0
9906,13185.0,3842.0,1,1
9907,13187.0,3842.0,1,1
9908,13188.0,3842.0,1,1
9909,13189.0,3842.0,1,0
9910,13190.0,3842.0,1,1
9911,13191.0,3842.0,1,1
9912,13192.0,3843.0,1,1
9913,13193.0,3843.0,1,1
9914,13195.0,3843.0,1,1
9915,13196.0,3843.0,1,0
9916,13197.0,3843.0,1,1
9917,13198.0,3844.0,1,1
9918,13200.0,3845.0,1,0
9919,13201.0,3845.0,1,0
9920,13202.0,3845.0,1,0
9921,13203.0,3845.0,1,0
9922,13204.0,3845.0,1,1
9923,13205.0,3845.0,1,0
9924,13206.0,3846.0,1,0
9925,13207.0,3846.0,1,1
9926,13209.0,3846.0,1,0
9927,13210.0,3847.0,1,1
9928,13211.0,3847.0,1,0
9929,13212.0,3847.0,1,0
9930,13213.0,3847.0,1,1
9931,13214.0,3849.0,1,0
9932,13216.0,3849.0,1,0
9933,13217.0,3851.0,1,0
9934,13218.0,3851.0,1,0
9935,13219.0,3851.0,1,0
9936,13221.0,3851.0,1,0
9937,13222.0,3852.0,1,0
9938,13223.0,3852.0,1,0
9939,13225.0,3854.0,1,0
9940,13226.0,3854.0,1,1
9941,13228.0,3854.0,1,0
9942,13229.0,3854.0,1,1
9943,13230.0,3854.0,1,0
9944,13231.0,3855.0,1,0
9945,13234.0,3855.0,1,0
9946,13235.0,3856.0,1,0
9947,13236.0,3856.0,1,0
9948,13237.0,3856.0,1,0
9949,13239.0,3857.0,1,0
9950,13240.0,3857.0,1,1
9951,13241.0,3857.0,1,0
9952,13244.0,3858.0,1,1
9953,13246.0,3858.0,1,0
9954,13247.0,3859.0,1,0
9955,13248.0,3859.0,1,0
9956,13249.0,3859.0,1,0
9957,13251.0,3860.0,1,0
9958,13252.0,3860.0,1,0
9959,13253.0,3860.0,1,0
9960,13254.0,3860.0,1,0
9961,13255.0,3860.0,1,0
9962,13256.0,3860.0,1,0
9963,13258.0,3861.0,1,1
9964,13259.0,3861.0,1,0
9965,13260.0,3861.0,1,0
9966,13262.0,3862.0,1,1
9967,13263.0,3862.0,1,0
9968,13264.0,3862.0,1,0
9969,13266.0,3863.0,1,0
9970,13267.0,3863.0,1,0
9971,13269.0,3864.0,1,0
9972,13270.0,3864.0,1,0
9973,13271.0,3864.0,1,1
9974,13273.0,3864.0,1,1
9975,13274.0,3864.0,1,1
9976,13276.0,3865.0,1,0
9977,13277.0,3865.0,1,0
9978,13279.0,3866.0,1,1
9979,13280.0,3866.0,1,0
9980,13282.0,3867.0,1,0
9981,13283.0,3867.0,1,0
9982,13284.0,3867.0,1,1
9983,13285.0,3867.0,1,1
9984,13286.0,3868.0,1,0
9985,13288.0,3868.0,1,0
9986,13289.0,3868.0,1,0
9987,13290.0,3868.0,1,0
9988,13291.0,3868.0,1,0
9989,13293.0,3869.0,1,1
9990,13294.0,3869.0,1,1
9991,13295.0,3871.0,1,1
9992,13296.0,3872.0,1,0
9993,13298.0,3873.0,1,1
9994,13299.0,3873.0,1,0
9995,13300.0,3873.0,1,1
9996,13301.0,3874.0,1,1
9997,13302.0,3875.0,1,0
9998,13303.0,3875.0,1,1
9999,13304.0,3875.0,1,1
10000,13305.0,3875.0,1,1
10001,13306.0,3875.0,1,0
10002,13307.0,3875.0,1,1
10003,13309.0,3875.0,1,0
10004,13310.0,3875.0,1,1
10005,13311.0,3876.0,1,0
10006,13312.0,3876.0,1,0
10007,13314.0,3876.0,1,0
10008,13315.0,3876.0,1,0
10009,13316.0,3876.0,1,0
10010,13317.0,3876.0,1,0
10011,13318.0,3877.0,1,0
10012,13319.0,3877.0,1,0
10013,13321.0,3878.0,1,0
10014,13322.0,3878.0,1,0
10015,13323.0,3878.0,1,0
10016,13325.0,3878.0,1,1
10017,13329.0,3882.0,1,1
10018,13330.0,3882.0,1,0
10019,13331.0,3882.0,1,1
10020,13332.0,3882.0,1,0
10021,13334.0,3882.0,1,0
10022,13335.0,3883.0,1,1
10023,13336.0,3883.0,1,0
10024,13338.0,3883.0,1,0
10025,13339.0,3883.0,1,0
10026,13340.0,3883.0,1,0
10027,13341.0,3883.0,1,1
10028,13342.0,3884.0,1,0
10029,13343.0,3884.0,1,1
10030,13344.0,3885.0,1,1
10031,13345.0,3886.0,1,0
10032,13346.0,3886.0,1,0
10033,13347.0,3886.0,1,1
10034,13348.0,3886.0,1,1
10035,13351.0,3887.0,1,0
10036,13353.0,3889.0,1,0
10037,13355.0,3889.0,1,0
10038,13356.0,3889.0,1,1
10039,13357.0,3890.0,1,1
10040,13358.0,3891.0,1,1
10041,13359.0,3891.0,1,1
10042,13360.0,3891.0,1,0
10043,13361.0,3891.0,1,0
10044,13363.0,3892.0,1,0
10045,13364.0,3893.0,1,0
10046,13365.0,3893.0,1,0
10047,13366.0,3893.0,1,0
10048,13367.0,3893.0,1,1
10049,13368.0,3893.0,1,1
10050,13369.0,3893.0,1,0
10051,13370.0,3893.0,1,0
10052,13372.0,3894.0,1,0
10053,13373.0,3894.0,1,1
10054,13374.0,3895.0,1,0
10055,13375.0,3895.0,1,1
10056,13376.0,3895.0,1,0
10057,13377.0,3895.0,1,0
10058,13378.0,3895.0,1,0
10059,13379.0,3895.0,1,0
10060,13380.0,3896.0,1,0
10061,13381.0,3897.0,1,0
10062,13382.0,3897.0,1,0
10063,13383.0,3897.0,1,1
10064,13384.0,3897.0,1,0
10065,13385.0,3897.0,1,0
10066,13386.0,3897.0,1,1
10067,13387.0,3898.0,1,1
10068,13389.0,3900.0,1,0
10069,13390.0,3901.0,1,0
10070,13391.0,3902.0,1,0
10071,13392.0,3902.0,1,1
10072,13393.0,3902.0,1,0
10073,13394.0,3902.0,1,0
10074,13395.0,3903.0,1,1
10075,13396.0,3903.0,1,0
10076,13397.0,3903.0,1,1
10077,13398.0,3904.0,1,1
10078,13399.0,3904.0,1,0
10079,13400.0,3904.0,1,0
10080,13401.0,3904.0,1,0
10081,13402.0,3904.0,1,0
10082,13403.0,3904.0,1,0
10083,13404.0,3904.0,1,0
10084,13406.0,3905.0,1,1
10085,13407.0,3905.0,1,0
10086,13409.0,3906.0,1,0
10087,13410.0,3906.0,1,1
10088,13412.0,3906.0,1,1
10089,13414.0,3907.0,1,0
10090,13416.0,3907.0,1,1
10091,13417.0,3907.0,1,0
10092,13420.0,3908.0,1,1
10093,13422.0,3908.0,1,0
10094,13425.0,3909.0,1,0
10095,13426.0,3909.0,1,1
10096,13427.0,3909.0,1,0
10097,13430.0,3910.0,1,0
10098,13431.0,3910.0,1,1
10099,13432.0,3911.0,1,1
10100,13434.0,3911.0,1,0
10101,13435.0,3911.0,1,1
10102,13436.0,3911.0,1,1
10103,13439.0,3911.0,1,0
10104,13440.0,3912.0,1,0
10105,13442.0,3912.0,1,1
10106,13444.0,3912.0,1,0
10107,13445.0,3912.0,1,0
10108,13446.0,3913.0,1,1
10109,13447.0,3913.0,1,1
10110,13448.0,3913.0,1,0
10111,13449.0,3913.0,1,1
10112,13450.0,3913.0,1,1
10113,13452.0,3915.0,1,1
10114,13453.0,3915.0,1,0
10115,13455.0,3916.0,1,0
10116,13456.0,3916.0,1,0
10117,13457.0,3916.0,1,0
10118,13458.0,3916.0,1,0
10119,13459.0,3916.0,1,1
10120,13460.0,3916.0,1,0
10121,13461.0,3916.0,1,1
10122,13462.0,3917.0,1,1
10123,13463.0,3917.0,1,0
10124,13466.0,3917.0,1,1
10125,13467.0,3917.0,1,1
10126,13468.0,3918.0,1,0
10127,13469.0,3918.0,1,0
10128,13470.0,3918.0,1,1
10129,13471.0,3918.0,1,1
10130,13473.0,3919.0,1,0
10131,13474.0,3920.0,1,1
10132,13475.0,3920.0,1,0
10133,13476.0,3920.0,1,1
10134,13480.0,3922.0,1,1
10135,13481.0,3922.0,1,0
10136,13482.0,3923.0,1,0
10137,13483.0,3923.0,1,1
10138,13486.0,3924.0,1,1
10139,13487.0,3925.0,1,1
10140,13489.0,3926.0,1,0
10141,13491.0,3926.0,1,0
10142,13492.0,3926.0,1,0
10143,13496.0,3928.0,1,0
10144,13497.0,3930.0,1,0
10145,13498.0,3931.0,1,0
10146,13499.0,3932.0,1,0
10147,13503.0,3932.0,1,1
10148,13504.0,3932.0,1,1
10149,13505.0,3933.0,1,0
10150,13506.0,3937.0,1,0
10151,13508.0,3938.0,1,0
10152,13510.0,3938.0,1,0
10153,13511.0,3938.0,1,0
10154,13512.0,3938.0,1,1
10155,13513.0,3939.0,1,0
10156,13514.0,3939.0,1,0
10157,13516.0,3940.0,1,1
10158,13518.0,3940.0,1,0
10159,13519.0,3940.0,1,0
10160,13522.0,3941.0,1,0
10161,13523.0,3941.0,1,0
10162,13525.0,3941.0,1,0
10163,13526.0,3942.0,1,0
10164,13527.0,3942.0,1,0
10165,13528.0,3943.0,1,0
10166,13530.0,3943.0,1,0
10167,13531.0,3943.0,1,0
10168,13532.0,3943.0,1,0
10169,13534.0,3944.0,1,0
10170,13537.0,3944.0,1,0
10171,13538.0,3945.0,1,1
10172,13539.0,3946.0,1,0
10173,13542.0,3946.0,1,0
10174,13545.0,3947.0,1,0
10175,13546.0,3947.0,1,0
10176,13547.0,3947.0,1,0
10177,13548.0,3947.0,1,1
10178,13549.0,3948.0,1,1
10179,13550.0,3948.0,1,0
10180,13552.0,3948.0,1,1
10181,13553.0,3948.0,1,1
10182,13555.0,3950.0,1,0
10183,13556.0,3950.0,1,1
10184,13557.0,3950.0,1,0
10185,13559.0,3950.0,1,0
10186,13562.0,3951.0,1,0
10187,13565.0,3953.0,1,0
10188,13568.0,3953.0,1,1
10189,13569.0,3953.0,1,0
10190,13570.0,3953.0,1,0
10191,13571.0,3954.0,1,0
10192,13572.0,3954.0,1,1
10193,13573.0,3954.0,1,0
10194,13575.0,3954.0,1,0
10195,13576.0,3954.0,1,0
10196,13577.0,3955.0,1,0
10197,13578.0,3955.0,1,0
10198,13579.0,3955.0,1,1
10199,13580.0,3955.0,1,1
10200,13582.0,3956.0,1,1
10201,13583.0,3956.0,1,0
10202,13584.0,3956.0,1,0
10203,13585.0,3956.0,1,1
10204,13587.0,3957.0,1,1
10205,13588.0,3958.0,1,0
10206,13590.0,3960.0,1,1
10207,13591.0,3960.0,1,1
10208,13593.0,3960.0,1,1
10209,13594.0,3960.0,1,1
10210,13595.0,3961.0,1,0
10211,13597.0,3961.0,1,0
10212,13598.0,3961.0,1,1
10213,13599.0,3962.0,1,0
10214,13600.0,3963.0,1,0
10215,13601.0,3963.0,1,0
10216,13603.0,3963.0,1,1
10217,13606.0,3966.0,1,0
10218,13607.0,3966.0,1,1
10219,13608.0,3968.0,1,0
10220,13609.0,3969.0,1,1
10221,13610.0,3969.0,1,0
10222,13611.0,3969.0,1,1
10223,13612.0,3969.0,1,0
10224,13613.0,3970.0,1,1
10225,13615.0,3970.0,1,0
10226,13616.0,3970.0,1,0
10227,13617.0,3970.0,1,0
10228,13618.0,3970.0,1,0
10229,13619.0,3971.0,1,0
10230,13620.0,3971.0,1,0
10231,13621.0,3972.0,1,1
10232,13622.0,3972.0,1,1
10233,13623.0,3972.0,1,0
10234,13624.0,3972.0,1,1
10235,13626.0,3973.0,1,1
10236,13627.0,3974.0,1,0
10237,13628.0,3974.0,1,0
10238,13629.0,3974.0,1,0
10239,13630.0,3974.0,1,0
10240,13632.0,3974.0,1,0
10241,13633.0,3974.0,1,0
10242,13635.0,3975.0,1,0
10243,13637.0,3976.0,1,1
10244,13638.0,3976.0,1,0
10245,13640.0,3977.0,1,0
10246,13641.0,3978.0,1,0
10247,13642.0,3978.0,1,1
10248,13643.0,3978.0,1,0
10249,13644.0,3978.0,1,1
10250,13647.0,3979.0,1,0
10251,13648.0,3980.0,1,1
10252,13649.0,3980.0,1,0
10253,13650.0,3981.0,1,0
10254,13651.0,3981.0,1,0
10255,13652.0,3982.0,1,1
10256,13653.0,3982.0,1,1
10257,13654.0,3982.0,1,0
10258,13655.0,3982.0,1,0
10259,13656.0,3982.0,1,0
10260,13658.0,3982.0,1,0
10261,13660.0,3982.0,1,1
10262,13662.0,3984.0,1,0
10263,13664.0,3984.0,1,1
10264,13665.0,3984.0,1,0
10265,13666.0,3985.0,1,1
10266,13667.0,3985.0,1,1
10267,13668.0,3985.0,1,1
10268,13669.0,3986.0,1,0
10269,13670.0,3986.0,1,0
10270,13671.0,3986.0,1,0
10271,13673.0,3986.0,1,0
10272,13675.0,3988.0,1,1
10273,13676.0,3989.0,1,0
10274,13677.0,3990.0,1,1
10275,13678.0,3990.0,1,0
10276,13680.0,3990.0,1,0
10277,13681.0,3990.0,1,1
10278,13682.0,3990.0,1,0
10279,13683.0,3990.0,1,0
10280,13684.0,3992.0,1,1
10281,13685.0,3992.0,1,0
10282,13687.0,3993.0,1,1
10283,13688.0,3993.0,1,0
10284,13689.0,3993.0,1,0
10285,13691.0,3993.0,1,0
10286,13692.0,3994.0,1,0
10287,13693.0,3994.0,1,1
10288,13694.0,3994.0,1,1
10289,13695.0,3995.0,1,0
10290,13696.0,3995.0,1,0
10291,13697.0,3996.0,1,0
10292,13700.0,3997.0,1,1
10293,13702.0,3997.0,1,1
10294,13704.0,3998.0,1,0
10295,13705.0,3998.0,1,0
10296,13706.0,3999.0,1,0
10297,13707.0,3999.0,1,1
10298,13708.0,3999.0,1,0
10299,13710.0,4001.0,1,0
10300,13712.0,4001.0,1,0
10301,13713.0,4001.0,1,1
10302,13715.0,4002.0,1,1
10303,13717.0,4002.0,1,0
10304,13721.0,4002.0,1,1
10305,13724.0,4004.0,1,0
10306,13725.0,4005.0,1,0
10307,13727.0,4006.0,1,1
10308,13728.0,4006.0,1,0
10309,13730.0,4007.0,1,1
10310,13731.0,4008.0,1,0
10311,13732.0,4008.0,1,0
10312,13733.0,4008.0,1,1
10313,13735.0,4008.0,1,1
10314,13738.0,4008.0,1,1
10315,13739.0,4009.0,1,0
10316,13740.0,4009.0,1,1
10317,13742.0,4010.0,1,0
10318,13743.0,4010.0,1,1
10319,13745.0,4010.0,1,0
10320,13746.0,4010.0,1,1
10321,13747.0,4010.0,1,0
10322,13748.0,4010.0,1,0
10323,13749.0,4010.0,1,0
10324,13750.0,4011.0,1,0
10325,13751.0,4011.0,1,1
10326,13752.0,4011.0,1,0
10327,13753.0,4012.0,1,0
10328,13754.0,4012.0,1,0
10329,13755.0,4012.0,1,0
10330,13756.0,4012.0,1,0
10331,13758.0,4013.0,1,0
10332,13759.0,4013.0,1,0
10333,13760.0,4014.0,1,1
10334,13762.0,4015.0,1,0
10335,13763.0,4015.0,1,1
10336,13764.0,4015.0,1,1
10337,13768.0,4016.0,1,1
10338,13769.0,4016.0,1,0
10339,13770.0,4016.0,1,0
10340,13771.0,4016.0,1,1
10341,13772.0,4016.0,1,1
10342,13773.0,4016.0,1,1
10343,13774.0,4016.0,1,0
10344,13775.0,4018.0,1,0
10345,13776.0,4018.0,1,0
10346,13777.0,4019.0,1,0
10347,13779.0,4019.0,1,0
10348,13780.0,4019.0,1,1
10349,13781.0,4019.0,1,1
10350,13782.0,4019.0,1,0
10351,13783.0,4019.0,1,0
10352,13784.0,4019.0,1,0
10353,13786.0,4020.0,1,0
10354,13787.0,4020.0,1,0
10355,13788.0,4020.0,1,0
10356,13789.0,4020.0,1,0
10357,13790.0,4021.0,1,1
10358,13791.0,4022.0,1,1
10359,13792.0,4022.0,1,0
10360,13793.0,4022.0,1,0
10361,13795.0,4022.0,1,0
10362,13796.0,4022.0,1,1
10363,13798.0,4022.0,1,1
10364,13799.0,4023.0,1,0
10365,13800.0,4024.0,1,0
10366,13801.0,4025.0,1,0
10367,13802.0,4025.0,1,0
10368,13803.0,4026.0,1,0
10369,13804.0,4026.0,1,1
10370,13805.0,4027.0,1,0
10371,13806.0,4027.0,1,0
10372,13807.0,4027.0,1,0
10373,13808.0,4027.0,1,0
10374,13810.0,4028.0,1,0
10375,13811.0,4028.0,1,0
10376,13812.0,4029.0,1,1
10377,13813.0,4030.0,1,0
10378,13814.0,4030.0,1,1
10379,13815.0,4030.0,1,1
10380,13816.0,4030.0,1,0
10381,13817.0,4030.0,1,0
10382,13818.0,4030.0,1,0
10383,13819.0,4030.0,1,1
10384,13820.0,4030.0,1,1
10385,13821.0,4031.0,1,0
10386,13822.0,4032.0,1,0
10387,13823.0,4033.0,1,0
10388,13824.0,4033.0,1,0
10389,13826.0,4034.0,1,1
10390,13827.0,4035.0,1,0
10391,13828.0,4035.0,1,0
10392,13829.0,4035.0,1,0
10393,13830.0,4035.0,1,0
10394,13831.0,4035.0,1,1
10395,13834.0,4036.0,1,0
10396,13835.0,4037.0,1,0
10397,13836.0,4037.0,1,1
10398,13837.0,4037.0,1,0
10399,13838.0,4037.0,1,0
10400,13839.0,4038.0,1,0
10401,13840.0,4038.0,1,0
10402,13841.0,4039.0,1,0
10403,13842.0,4039.0,1,0
10404,13843.0,4040.0,1,0
10405,13844.0,4040.0,1,1
10406,13845.0,4040.0,1,1
10407,13846.0,4040.0,1,1
10408,13847.0,4040.0,1,0
10409,13848.0,4040.0,1,0
10410,13849.0,4040.0,1,1
10411,13850.0,4040.0,1,0
10412,13851.0,4041.0,1,0
10413,13852.0,4041.0,1,0
10414,13853.0,4042.0,1,1
10415,13854.0,4042.0,1,0
10416,13855.0,4043.0,1,0
10417,13858.0,4043.0,1,1
10418,13859.0,4043.0,1,0
10419,13860.0,4043.0,1,1
10420,13861.0,4043.0,1,0
10421,13862.0,4043.0,1,1
10422,13864.0,4044.0,1,0
10423,13867.0,4045.0,1,0
10424,13868.0,4045.0,1,0
10425,13869.0,4046.0,1,1
10426,13871.0,4046.0,1,1
10427,13874.0,4046.0,1,0
10428,13875.0,4046.0,1,0
10429,13876.0,4047.0,1,0
10430,13877.0,4047.0,1,0
10431,13878.0,4047.0,1,0
10432,13879.0,4047.0,1,0
10433,13880.0,4048.0,1,1
10434,13881.0,4048.0,1,0
10435,13883.0,4048.0,1,1
10436,13884.0,4049.0,1,0
10437,13885.0,4050.0,1,0
10438,13886.0,4050.0,1,0
10439,13888.0,4050.0,1,0
10440,13889.0,4051.0,1,0
10441,13890.0,4052.0,1,0
10442,13892.0,4053.0,1,0
10443,13893.0,4053.0,1,0
10444,13894.0,4053.0,1,1
10445,13897.0,4054.0,1,1
10446,13898.0,4054.0,1,0
10447,13899.0,4054.0,1,0
10448,13901.0,4055.0,1,0
10449,13902.0,4055.0,1,0
10450,13903.0,4055.0,1,0
10451,13904.0,4055.0,1,0
10452,13905.0,4055.0,1,1
10453,13906.0,4056.0,1,0
10454,13908.0,4057.0,1,0
10455,13909.0,4057.0,1,1
10456,13910.0,4057.0,1,1
10457,13911.0,4057.0,1,0
10458,13912.0,4058.0,1,0
10459,13913.0,4058.0,1,0
10460,13914.0,4059.0,1,0
10461,13915.0,4060.0,1,0
10462,13916.0,4060.0,1,0
10463,13918.0,4061.0,1,0
10464,13919.0,4061.0,1,0
10465,13920.0,4061.0,1,0
10466,13921.0,4061.0,1,0
10467,13922.0,4062.0,1,0
10468,13923.0,4062.0,1,0
10469,13924.0,4062.0,1,1
10470,13926.0,4063.0,1,0
10471,13927.0,4063.0,1,1
10472,13928.0,4064.0,1,1
10473,13929.0,4064.0,1,1
10474,13930.0,4064.0,1,0
10475,13931.0,4064.0,1,0
10476,13932.0,4064.0,1,0
10477,13933.0,4065.0,1,0
10478,13934.0,4065.0,1,1
10479,13935.0,4066.0,1,0
10480,13936.0,4066.0,1,0
10481,13938.0,4067.0,1,1
10482,13940.0,4067.0,1,0
10483,13941.0,4067.0,1,0
10484,13942.0,4068.0,1,1
10485,13943.0,4068.0,1,0
10486,13944.0,4069.0,1,1
10487,13945.0,4069.0,1,1
10488,13946.0,4069.0,1,1
10489,13948.0,4070.0,1,1
10490,13949.0,4070.0,1,0
10491,13950.0,4071.0,1,1
10492,13952.0,4071.0,1,0
10493,13953.0,4072.0,1,1
10494,13954.0,4072.0,1,0
10495,13955.0,4072.0,1,0
10496,13958.0,4074.0,1,1
10497,13959.0,4074.0,1,1
10498,13960.0,4074.0,1,0
10499,13961.0,4074.0,1,0
10500,13962.0,4074.0,1,0
10501,13964.0,4075.0,1,0
10502,13966.0,4076.0,1,0
10503,13968.0,4076.0,1,1
10504,13969.0,4076.0,1,0
10505,13970.0,4076.0,1,0
10506,13971.0,4077.0,1,0
10507,13972.0,4077.0,1,0
10508,13973.0,4077.0,1,0
10509,13974.0,4078.0,1,0
10510,13976.0,4079.0,1,1
10511,13977.0,4079.0,1,0
10512,13978.0,4080.0,1,0
10513,13979.0,4080.0,1,1
10514,13981.0,4082.0,1,0
10515,13982.0,4082.0,1,0
10516,13983.0,4082.0,1,0
10517,13984.0,4082.0,1,1
10518,13985.0,4082.0,1,0
10519,13986.0,4082.0,1,0
10520,13987.0,4082.0,1,0
10521,13989.0,4083.0,1,0
10522,13990.0,4083.0,1,1
10523,13992.0,4083.0,1,0
10524,13993.0,4083.0,1,1
10525,13994.0,4084.0,1,0
10526,13995.0,4084.0,1,1
10527,13997.0,4085.0,1,0
10528,14000.0,4086.0,1,0
10529,14001.0,4086.0,1,0
10530,14002.0,4087.0,1,0
10531,14004.0,4088.0,1,1
10532,14006.0,4089.0,1,0
10533,14010.0,4089.0,1,0
10534,14011.0,4090.0,1,0
10535,14012.0,4091.0,1,0
10536,14013.0,4091.0,1,1
10537,14014.0,4091.0,1,0
10538,14015.0,4092.0,1,1
10539,14016.0,4092.0,1,0
10540,14017.0,4092.0,1,0
10541,14018.0,4092.0,1,1
10542,14019.0,4092.0,1,0
10543,14020.0,4092.0,1,0
10544,14022.0,4093.0,1,0
10545,14023.0,4093.0,1,1
10546,14024.0,4093.0,1,1
10547,14025.0,4094.0,1,0
10548,14026.0,4094.0,1,1
10549,14027.0,4094.0,1,0
10550,14028.0,4094.0,1,0
10551,14032.0,4094.0,1,0
10552,14033.0,4094.0,1,1
10553,14034.0,4095.0,1,1
10554,14035.0,4095.0,1,1
10555,14036.0,4095.0,1,0
10556,14037.0,4095.0,1,1
10557,14038.0,4096.0,1,0
10558,14039.0,4096.0,1,1
10559,14040.0,4096.0,1,0
10560,14041.0,4096.0,1,1
10561,14042.0,4097.0,1,0
10562,14043.0,4098.0,1,0
10563,14044.0,4099.0,1,1
10564,14045.0,4100.0,1,1
10565,14046.0,4100.0,1,1
10566,14049.0,4101.0,1,1
10567,14051.0,4101.0,1,0
10568,14052.0,4101.0,1,0
10569,14053.0,4101.0,1,0
10570,14054.0,4101.0,1,1
10571,14055.0,4102.0,1,0
10572,14056.0,4102.0,1,0
10573,14057.0,4102.0,1,0
10574,14058.0,4102.0,1,0
10575,14059.0,4103.0,1,0
10576,14060.0,4104.0,1,0
10577,14061.0,4104.0,1,0
10578,14062.0,4104.0,1,1
10579,14065.0,4105.0,1,0
10580,14066.0,4107.0,1,0
10581,14067.0,4107.0,1,1
10582,14068.0,4107.0,1,0
10583,14070.0,4107.0,1,1
10584,14071.0,4107.0,1,0
10585,14073.0,4108.0,1,0
10586,14074.0,4108.0,1,1
10587,14075.0,4108.0,1,0
10588,14076.0,4108.0,1,1
10589,14078.0,4112.0,1,0
10590,14079.0,4112.0,1,0
10591,14080.0,4112.0,1,0
10592,14081.0,4112.0,1,0
10593,14082.0,4113.0,1,0
10594,14083.0,4113.0,1,1
10595,14084.0,4113.0,1,0
10596,14085.0,4113.0,1,0
10597,14086.0,4113.0,1,0
10598,14088.0,4113.0,1,1
10599,14089.0,4114.0,1,0
10600,14091.0,4115.0,1,1
10601,14092.0,4115.0,1,0
10602,14093.0,4115.0,1,0
10603,14094.0,4115.0,1,0
10604,14096.0,4116.0,1,1
10605,14097.0,4117.0,1,0
10606,14098.0,4117.0,1,1
10607,14101.0,4118.0,1,0
10608,14102.0,4118.0,1,0
10609,14104.0,4118.0,1,1
10610,14105.0,4118.0,1,0
10611,14108.0,4118.0,1,1
10612,14109.0,4119.0,1,0
10613,14110.0,4119.0,1,0
10614,14111.0,4119.0,1,0
10615,14112.0,4119.0,1,0
10616,14113.0,4119.0,1,1
10617,14114.0,4120.0,1,1
10618,14116.0,4120.0,1,0
10619,14117.0,4121.0,1,0
10620,14118.0,4121.0,1,0
10621,14120.0,4121.0,1,1
10622,14121.0,4121.0,1,0
10623,14122.0,4121.0,1,1
10624,14126.0,4124.0,1,0
10625,14127.0,4124.0,1,0
10626,14128.0,4125.0,1,0
10627,14129.0,4125.0,1,1
10628,14130.0,4126.0,1,1
10629,14131.0,4126.0,1,0
10630,14132.0,4127.0,1,1
10631,14134.0,4128.0,1,0
10632,14135.0,4128.0,1,0
10633,14136.0,4128.0,1,0
10634,14138.0,4129.0,1,0
10635,14139.0,4129.0,1,0
10636,14140.0,4129.0,1,0
10637,14141.0,4129.0,1,0
10638,14142.0,4130.0,1,0
10639,14143.0,4130.0,1,0
10640,14149.0,4133.0,1,0
10641,14151.0,4134.0,1,1
10642,14153.0,4134.0,1,0
10643,14154.0,4134.0,1,0
10644,14155.0,4134.0,1,0
10645,14157.0,4135.0,1,1
10646,14159.0,4135.0,1,1
10647,14160.0,4135.0,1,1
10648,14162.0,4136.0,1,0
10649,14163.0,4136.0,1,0
10650,14165.0,4137.0,1,0
10651,14168.0,4137.0,1,1
10652,14169.0,4138.0,1,0
10653,14170.0,4138.0,1,0
10654,14171.0,4138.0,1,1
10655,14172.0,4138.0,1,0
10656,14174.0,4139.0,1,1
10657,14175.0,4141.0,1,0
10658,14177.0,4141.0,1,0
10659,14178.0,4142.0,1,1
10660,14179.0,4143.0,1,0
10661,14180.0,4143.0,1,1
10662,14181.0,4143.0,1,0
10663,14183.0,4144.0,1,0
10664,14184.0,4145.0,1,0
10665,14185.0,4145.0,1,0
10666,14186.0,4145.0,1,0
10667,14187.0,4145.0,1,0
10668,14188.0,4145.0,1,0
10669,14189.0,4146.0,1,0
10670,14190.0,4146.0,1,0
10671,14191.0,4147.0,1,0
10672,14192.0,4147.0,1,0
10673,14194.0,4148.0,1,0
10674,14195.0,4148.0,1,1
10675,14197.0,4149.0,1,1
10676,14201.0,4149.0,1,1
10677,14202.0,4149.0,1,0
10678,14204.0,4149.0,1,0
10679,14205.0,4150.0,1,0
10680,14206.0,4150.0,1,0
10681,14207.0,4150.0,1,0
10682,14210.0,4150.0,1,0
10683,14212.0,4151.0,1,1
10684,14213.0,4151.0,1,1
10685,14214.0,4151.0,1,1
10686,14215.0,4154.0,1,1
10687,14216.0,4154.0,1,1
10688,14217.0,4155.0,1,1
10689,14218.0,4155.0,1,1
10690,14219.0,4155.0,1,1
10691,14220.0,4156.0,1,0
10692,14221.0,4157.0,1,0
10693,14222.0,4157.0,1,1
10694,14223.0,4157.0,1,0
10695,14224.0,4157.0,1,1
10696,14225.0,4158.0,1,0
10697,14226.0,4159.0,1,0
10698,14227.0,4159.0,1,0
10699,14228.0,4159.0,1,0
10700,14229.0,4159.0,1,0
10701,14230.0,4159.0,1,0
10702,14232.0,4160.0,1,0
10703,14233.0,4161.0,1,0
10704,14234.0,4161.0,1,0
10705,14236.0,4161.0,1,1
10706,14237.0,4161.0,1,0
10707,14238.0,4162.0,1,1
10708,14239.0,4162.0,1,1
10709,14240.0,4163.0,1,1
10710,14242.0,4163.0,1,1
10711,14243.0,4163.0,1,1
10712,14244.0,4163.0,1,0
10713,14245.0,4164.0,1,0
10714,14246.0,4164.0,1,0
10715,14247.0,4164.0,1,0
10716,14250.0,4164.0,1,1
10717,14251.0,4165.0,1,0
10718,14253.0,4165.0,1,1
10719,14254.0,4165.0,1,1
10720,14255.0,4165.0,1,0
10721,14256.0,4165.0,1,1
10722,14258.0,4166.0,1,0
10723,14259.0,4166.0,1,0
10724,14260.0,4166.0,1,0
10725,14261.0,4167.0,1,0
10726,14265.0,4168.0,1,0
10727,14266.0,4168.0,1,1
10728,14267.0,4168.0,1,1
10729,14269.0,4169.0,1,1
10730,14270.0,4169.0,1,1
10731,14271.0,4170.0,1,1
10732,14272.0,4170.0,1,1
10733,14274.0,4170.0,1,1
10734,14275.0,4171.0,1,0
10735,14276.0,4171.0,1,0
10736,14277.0,4171.0,1,1
10737,14278.0,4171.0,1,1
10738,14279.0,4171.0,1,0
10739,14281.0,4172.0,1,1
10740,14282.0,4172.0,1,1
10741,14283.0,4172.0,1,0
10742,14284.0,4172.0,1,0
10743,14286.0,4172.0,1,0
10744,14288.0,4172.0,1,1
10745,14289.0,4172.0,1,1
10746,14292.0,4173.0,1,1
10747,14293.0,4173.0,1,0
10748,14294.0,4173.0,1,0
10749,14295.0,4173.0,1,0
10750,14297.0,4174.0,1,0
10751,14298.0,4174.0,1,1
10752,14300.0,4175.0,1,1
10753,14301.0,4175.0,1,0
10754,14303.0,4177.0,1,0
10755,14304.0,4177.0,1,0
10756,14306.0,4179.0,1,0
10757,14307.0,4179.0,1,0
10758,14308.0,4179.0,1,0
10759,14309.0,4181.0,1,0
10760,14311.0,4181.0,1,0
10761,14314.0,4182.0,1,0
10762,14316.0,4183.0,1,0
10763,14318.0,4183.0,1,0
10764,14319.0,4183.0,1,1
10765,14320.0,4184.0,1,0
10766,14321.0,4186.0,1,0
10767,14323.0,4186.0,1,0
10768,14324.0,4186.0,1,0
10769,14326.0,4187.0,1,0
10770,14327.0,4187.0,1,1
10771,14328.0,4187.0,1,1
10772,14329.0,4187.0,1,1
10773,14330.0,4188.0,1,1
10774,14331.0,4188.0,1,0
10775,14332.0,4189.0,1,1
10776,14333.0,4189.0,1,0
10777,14334.0,4190.0,1,1
10778,14336.0,4190.0,1,1
10779,14338.0,4190.0,1,1
10780,14340.0,4191.0,1,0
10781,14341.0,4191.0,1,1
10782,14342.0,4191.0,1,0
10783,14343.0,4192.0,1,1
10784,14347.0,4193.0,1,1
10785,14348.0,4193.0,1,1
10786,14350.0,4193.0,1,1
10787,14351.0,4193.0,1,0
10788,14352.0,4194.0,1,0
10789,14356.0,4196.0,1,1
10790,14357.0,4197.0,1,1
10791,14358.0,4197.0,1,1
10792,14359.0,4197.0,1,0
10793,14360.0,4197.0,1,0
10794,14361.0,4197.0,1,0
10795,14364.0,4198.0,1,0
10796,14365.0,4198.0,1,0
10797,14366.0,4198.0,1,1
10798,14367.0,4199.0,1,0
10799,14370.0,4199.0,1,0
10800,14371.0,4199.0,1,1
10801,14372.0,4199.0,1,1
10802,14373.0,4199.0,1,1
10803,14375.0,4200.0,1,1
10804,14376.0,4200.0,1,0
10805,14377.0,4201.0,1,0
10806,14378.0,4201.0,1,1
10807,14379.0,4201.0,1,0
10808,14381.0,4202.0,1,0
10809,14382.0,4202.0,1,1
10810,14383.0,4202.0,1,1
10811,14384.0,4202.0,1,0
10812,14389.0,4205.0,1,1
10813,14390.0,4206.0,1,0
10814,14391.0,4206.0,1,1
10815,14392.0,4206.0,1,0
10816,14393.0,4207.0,1,0
10817,14395.0,4207.0,1,1
10818,14396.0,4207.0,1,0
10819,14397.0,4207.0,1,0
10820,14401.0,4208.0,1,0
10821,14402.0,4209.0,1,0
10822,14405.0,4209.0,1,0
10823,14406.0,4209.0,1,0
10824,14408.0,4210.0,1,0
10825,14411.0,4213.0,1,0
10826,14412.0,4213.0,1,0
10827,14415.0,4215.0,1,0
10828,14416.0,4215.0,1,0
10829,14418.0,4216.0,1,0
10830,14419.0,4216.0,1,0
10831,14420.0,4217.0,1,1
10832,14421.0,4218.0,1,0
10833,14422.0,4220.0,1,0
10834,14424.0,4220.0,1,0
10835,14425.0,4221.0,1,1
10836,14426.0,4221.0,1,1
10837,14427.0,4221.0,1,0
10838,14428.0,4221.0,1,1
10839,14429.0,4222.0,1,0
10840,14430.0,4222.0,1,0
10841,14431.0,4222.0,1,0
10842,14432.0,4222.0,1,0
10843,14433.0,4222.0,1,0
10844,14434.0,4222.0,1,0
10845,14435.0,4222.0,1,1
10846,14438.0,4224.0,1,0
10847,14439.0,4224.0,1,1
10848,14440.0,4224.0,1,0
10849,14442.0,4224.0,1,1
10850,14443.0,4225.0,1,0
10851,14444.0,4225.0,1,1
10852,14445.0,4225.0,1,0
10853,14446.0,4225.0,1,1
10854,14450.0,4226.0,1,0
10855,14452.0,4226.0,1,0
10856,14454.0,4227.0,1,0
10857,14455.0,4227.0,1,0
10858,14456.0,4227.0,1,0
10859,14457.0,4227.0,1,1
10860,14458.0,4227.0,1,0
10861,14460.0,4229.0,1,0
10862,14461.0,4229.0,1,0
10863,14462.0,4229.0,1,0
10864,14463.0,4230.0,1,1
10865,14464.0,4231.0,1,1
10866,14465.0,4231.0,1,0
10867,14467.0,4231.0,1,1
10868,14468.0,4231.0,1,0
10869,14469.0,4231.0,1,0
10870,14470.0,4231.0,1,1
10871,14471.0,4231.0,1,1
10872,14472.0,4232.0,1,0
10873,14473.0,4232.0,1,0
10874,14475.0,4233.0,1,0
10875,14476.0,4234.0,1,0
10876,14477.0,4234.0,1,0
10877,14479.0,4235.0,1,0
10878,14480.0,4236.0,1,1
10879,14481.0,4236.0,1,1
10880,14482.0,4237.0,1,0
10881,14483.0,4237.0,1,0
10882,14484.0,4237.0,1,1
10883,14485.0,4238.0,1,1
10884,14486.0,4238.0,1,0
10885,14487.0,4238.0,1,0
10886,14488.0,4238.0,1,0
10887,14489.0,4238.0,1,1
10888,14490.0,4238.0,1,0
10889,14492.0,4239.0,1,1
10890,14494.0,4239.0,1,0
10891,14495.0,4239.0,1,0
10892,14496.0,4239.0,1,1
10893,14497.0,4240.0,1,0
10894,14500.0,4240.0,1,0
10895,14501.0,4240.0,1,1
10896,14502.0,4241.0,1,0
10897,14503.0,4242.0,1,0
10898,14505.0,4243.0,1,0
10899,14506.0,4243.0,1,0
10900,14507.0,4243.0,1,0
10901,14508.0,4243.0,1,1
10902,14509.0,4243.0,1,0
10903,14512.0,4244.0,1,0
10904,14513.0,4244.0,1,0
10905,14514.0,4244.0,1,0
10906,14515.0,4244.0,1,0
10907,14517.0,4247.0,1,0
10908,14518.0,4247.0,1,0
10909,14521.0,4247.0,1,0
10910,14522.0,4247.0,1,0
10911,14524.0,4248.0,1,1
10912,14525.0,4248.0,1,1
10913,14526.0,4249.0,1,0
10914,14528.0,4249.0,1,0
10915,14529.0,4249.0,1,0
10916,14530.0,4249.0,1,0
10917,14532.0,4250.0,1,0
10918,14533.0,4252.0,1,1
10919,14534.0,4252.0,1,0
10920,14535.0,4252.0,1,0
10921,14536.0,4252.0,1,1
10922,14538.0,4253.0,1,0
10923,14539.0,4253.0,1,0
10924,14540.0,4253.0,1,0
10925,14541.0,4254.0,1,0
10926,14542.0,4254.0,1,1
10927,14543.0,4254.0,1,1
10928,14544.0,4254.0,1,1
10929,14545.0,4254.0,1,1
10930,14546.0,4254.0,1,0
10931,14547.0,4254.0,1,0
10932,14548.0,4255.0,1,0
10933,14549.0,4255.0,1,0
10934,14550.0,4256.0,1,0
10935,14551.0,4256.0,1,0
10936,14552.0,4256.0,1,1
10937,14553.0,4256.0,1,0
10938,14554.0,4256.0,1,0
10939,14555.0,4257.0,1,1
10940,14556.0,4257.0,1,1
10941,14557.0,4257.0,1,0
10942,14558.0,4257.0,1,1
10943,14559.0,4257.0,1,0
10944,14560.0,4258.0,1,1
10945,14561.0,4258.0,1,1
10946,14564.0,4259.0,1,1
10947,14565.0,4259.0,1,0
10948,14566.0,4259.0,1,1
10949,14567.0,4260.0,1,1
10950,14568.0,4260.0,1,1
10951,14569.0,4260.0,1,0
10952,14570.0,4260.0,1,0
10953,14571.0,4260.0,1,1
10954,14572.0,4260.0,1,1
10955,14574.0,4261.0,1,0
10956,14575.0,4261.0,1,1
10957,14576.0,4261.0,1,0
10958,14577.0,4262.0,1,0
10959,14578.0,4262.0,1,0
10960,14579.0,4262.0,1,1
10961,14580.0,4262.0,1,0
10962,14581.0,4262.0,1,0
10963,14582.0,4263.0,1,0
10964,14583.0,4263.0,1,0
10965,14584.0,4264.0,1,0
10966,14585.0,4264.0,1,0
10967,14586.0,4264.0,1,1
10968,14588.0,4264.0,1,0
10969,14591.0,4265.0,1,1
10970,14593.0,4266.0,1,0
10971,14594.0,4267.0,1,1
10972,14595.0,4267.0,1,0
10973,14596.0,4267.0,1,0
10974,14597.0,4267.0,1,0
10975,14598.0,4267.0,1,0
10976,14599.0,4267.0,1,0
10977,14600.0,4267.0,1,0
10978,14601.0,4267.0,1,0
10979,14602.0,4268.0,1,0
10980,14603.0,4268.0,1,0
10981,14605.0,4269.0,1,1
10982,14606.0,4269.0,1,0
10983,14607.0,4269.0,1,0
10984,14608.0,4269.0,1,0
10985,14609.0,4269.0,1,0
10986,14610.0,4269.0,1,0
10987,14611.0,4269.0,1,1
10988,14612.0,4269.0,1,1
10989,14613.0,4270.0,1,1
10990,14614.0,4270.0,1,0
10991,14615.0,4270.0,1,0
10992,14616.0,4270.0,1,0
10993,14617.0,4270.0,1,1
10994,14618.0,4270.0,1,0
10995,14620.0,4271.0,1,0
10996,14621.0,4271.0,1,0
10997,14622.0,4271.0,1,1
10998,14625.0,4273.0,1,0
10999,14626.0,4273.0,1,0
11000,14627.0,4273.0,1,0
11001,14628.0,4273.0,1,1
11002,14629.0,4273.0,1,0
11003,14630.0,4273.0,1,1
11004,14631.0,4273.0,1,0
11005,14633.0,4275.0,1,0
11006,14635.0,4277.0,1,0
11007,14637.0,4277.0,1,0
11008,14639.0,4278.0,1,1
11009,14640.0,4278.0,1,0
11010,14641.0,4279.0,1,0
11011,14642.0,4279.0,1,0
11012,14644.0,4280.0,1,1
11013,14646.0,4281.0,1,0
11014,14648.0,4281.0,1,0
11015,14649.0,4281.0,1,1
11016,14650.0,4281.0,1,0
11017,14652.0,4281.0,1,0
11018,14653.0,4281.0,1,1
11019,14654.0,4281.0,1,0
11020,14655.0,4281.0,1,0
11021,14656.0,4282.0,1,1
11022,14657.0,4282.0,1,1
11023,14658.0,4283.0,1,1
11024,14660.0,4283.0,1,0
11025,14661.0,4284.0,1,0
11026,14662.0,4284.0,1,0
11027,14663.0,4284.0,1,0
11028,14664.0,4284.0,1,0
11029,14666.0,4286.0,1,0
11030,14667.0,4286.0,1,0
11031,14668.0,4286.0,1,1
11032,14669.0,4286.0,1,0
11033,14670.0,4286.0,1,0
11034,14671.0,4287.0,1,1
11035,14672.0,4288.0,1,0
11036,14673.0,4288.0,1,0
11037,14674.0,4289.0,1,1
11038,14675.0,4290.0,1,0
11039,14676.0,4291.0,1,0
11040,14677.0,4291.0,1,0
11041,14679.0,4291.0,1,0
11042,14680.0,4291.0,1,1
11043,14684.0,4293.0,1,1
11044,14686.0,4293.0,1,1
11045,14687.0,4293.0,1,0
11046,14688.0,4293.0,1,1
11047,14689.0,4293.0,1,1
11048,14691.0,4294.0,1,0
11049,14693.0,4294.0,1,0
11050,14694.0,4295.0,1,0
11051,14696.0,4295.0,1,0
11052,14699.0,4296.0,1,0
11053,14701.0,4298.0,1,0
11054,14702.0,4298.0,1,0
11055,14703.0,4298.0,1,0
11056,14704.0,4298.0,1,0
11057,14705.0,4299.0,1,1
11058,14706.0,4300.0,1,0
11059,14707.0,4300.0,1,1
11060,14708.0,4300.0,1,1
11061,14709.0,4300.0,1,0
11062,14710.0,4300.0,1,1
11063,14712.0,4300.0,1,1
11064,14713.0,4300.0,1,0
11065,14714.0,4301.0,1,0
11066,14716.0,4301.0,1,0
11067,14717.0,4301.0,1,0
11068,14720.0,4302.0,1,0
11069,14721.0,4302.0,1,1
11070,14722.0,4302.0,1,1
11071,14723.0,4302.0,1,1
11072,14724.0,4302.0,1,0
11073,14725.0,4302.0,1,0
11074,14726.0,4302.0,1,0
11075,14727.0,4302.0,1,0
11076,14728.0,4302.0,1,1
11077,14729.0,4303.0,1,0
11078,14731.0,4303.0,1,1
11079,14733.0,4304.0,1,1
11080,14734.0,4304.0,1,0
11081,14735.0,4304.0,1,0
11082,14736.0,4305.0,1,0
11083,14737.0,4305.0,1,0
11084,14739.0,4305.0,1,0
11085,14740.0,4307.0,1,1
11086,14743.0,4308.0,1,1
11087,14744.0,4308.0,1,0
11088,14745.0,4308.0,1,0
11089,14746.0,4308.0,1,1
11090,14747.0,4308.0,1,1
11091,14748.0,4309.0,1,1
11092,14749.0,4309.0,1,0
11093,14750.0,4310.0,1,1
11094,14751.0,4310.0,1,1
11095,14752.0,4311.0,1,0
11096,14753.0,4312.0,1,0
11097,14755.0,4312.0,1,0
11098,14756.0,4312.0,1,0
11099,14757.0,4312.0,1,0
11100,14760.0,4312.0,1,1
11101,14762.0,4313.0,1,0
11102,14763.0,4313.0,1,0
11103,14764.0,4313.0,1,0
11104,14765.0,4313.0,1,1
11105,14766.0,4313.0,1,1
11106,14767.0,4314.0,1,0
11107,14768.0,4314.0,1,1
11108,14769.0,4314.0,1,0
11109,14771.0,4315.0,1,0
11110,14772.0,4315.0,1,0
11111,14773.0,4315.0,1,0
11112,14774.0,4316.0,1,1
11113,14775.0,4317.0,1,1
11114,14780.0,4318.0,1,0
11115,14781.0,4318.0,1,0
11116,14782.0,4318.0,1,1
11117,14783.0,4318.0,1,0
11118,14784.0,4318.0,1,0
11119,14785.0,4319.0,1,0
11120,14788.0,4319.0,1,0
11121,14789.0,4319.0,1,0
11122,14790.0,4319.0,1,0
11123,14791.0,4319.0,1,1
11124,14794.0,4320.0,1,0
11125,14796.0,4320.0,1,1
11126,14797.0,4320.0,1,1
11127,14798.0,4320.0,1,0
11128,14799.0,4320.0,1,0
11129,14802.0,4321.0,1,0
11130,14803.0,4321.0,1,1
11131,14804.0,4321.0,1,1
11132,14806.0,4322.0,1,0
11133,14807.0,4322.0,1,0
11134,14808.0,4323.0,1,0
11135,14810.0,4323.0,1,1
11136,14811.0,4323.0,1,0
11137,14812.0,4323.0,1,0
11138,14813.0,4323.0,1,0
11139,14814.0,4324.0,1,0
11140,14815.0,4324.0,1,1
11141,14817.0,4325.0,1,1
11142,14818.0,4326.0,1,0
11143,14819.0,4326.0,1,1
11144,14820.0,4326.0,1,0
11145,14823.0,4327.0,1,0
11146,14824.0,4327.0,1,1
11147,14825.0,4327.0,1,0
11148,14826.0,4328.0,1,0
11149,14827.0,4328.0,1,0
11150,14828.0,4328.0,1,1
11151,14829.0,4328.0,1,1
11152,14831.0,4328.0,1,0
11153,14832.0,4328.0,1,1
11154,14833.0,4328.0,1,0
11155,14834.0,4328.0,1,1
11156,14835.0,4329.0,1,0
11157,14837.0,4330.0,1,0
11158,14838.0,4330.0,1,0
11159,14839.0,4330.0,1,1
11160,14840.0,4330.0,1,0
11161,14841.0,4331.0,1,0
11162,14842.0,4331.0,1,1
11163,14844.0,4332.0,1,0
11164,14845.0,4332.0,1,0
11165,14846.0,4332.0,1,0
11166,14847.0,4332.0,1,0
11167,14850.0,4333.0,1,1
11168,14851.0,4333.0,1,0
11169,14852.0,4334.0,1,0
11170,14853.0,4334.0,1,1
11171,14854.0,4335.0,1,1
11172,14855.0,4335.0,1,0
11173,14856.0,4337.0,1,1
11174,14858.0,4338.0,1,0
11175,14861.0,4339.0,1,0
11176,14863.0,4339.0,1,0
11177,14864.0,4339.0,1,1
11178,14865.0,4339.0,1,0
11179,14866.0,4340.0,1,0
11180,14867.0,4340.0,1,0
11181,14868.0,4340.0,1,1
11182,14873.0,4341.0,1,0
11183,14874.0,4342.0,1,0
11184,14877.0,4342.0,1,1
11185,14878.0,4343.0,1,0
11186,14879.0,4343.0,1,0
11187,14882.0,4343.0,1,1
11188,14884.0,4344.0,1,0
11189,14885.0,4346.0,1,1
11190,14886.0,4346.0,1,0
11191,14889.0,4348.0,1,0
11192,14890.0,4348.0,1,0
11193,14892.0,4348.0,1,0
11194,14893.0,4348.0,1,0
11195,14894.0,4349.0,1,0
11196,14896.0,4349.0,1,0
11197,14900.0,4350.0,1,0
11198,14901.0,4351.0,1,0
11199,14902.0,4351.0,1,1
11200,14903.0,4351.0,1,0
11201,14904.0,4351.0,1,0
11202,14905.0,4352.0,1,1
11203,14906.0,4352.0,1,1
11204,14907.0,4353.0,1,1
11205,14908.0,4353.0,1,0
11206,14909.0,4353.0,1,0
11207,14910.0,4353.0,1,0
11208,14912.0,4353.0,1,0
11209,14913.0,4353.0,1,0
11210,14914.0,4354.0,1,0
11211,14915.0,4354.0,1,0
11212,14916.0,4354.0,1,0
11213,14917.0,4355.0,1,1
11214,14918.0,4355.0,1,1
11215,14920.0,4355.0,1,1
11216,14921.0,4355.0,1,0
11217,14922.0,4356.0,1,1
11218,14923.0,4357.0,1,0
11219,14924.0,4357.0,1,0
11220,14925.0,4357.0,1,0
11221,14927.0,4357.0,1,0
11222,14928.0,4358.0,1,0
11223,14929.0,4358.0,1,0
11224,14930.0,4358.0,1,0
11225,14931.0,4358.0,1,0
11226,14932.0,4359.0,1,0
11227,14933.0,4359.0,1,1
11228,14934.0,4359.0,1,0
11229,14935.0,4360.0,1,1
11230,14936.0,4360.0,1,1
11231,14938.0,4361.0,1,0
11232,14939.0,4361.0,1,1
11233,14940.0,4361.0,1,1
11234,14941.0,4361.0,1,0
11235,14942.0,4361.0,1,0
11236,14943.0,4361.0,1,0
11237,14944.0,4362.0,1,0
11238,14945.0,4362.0,1,0
11239,14948.0,4363.0,1,0
11240,14949.0,4363.0,1,0
11241,14954.0,4365.0,1,0
11242,14955.0,4365.0,1,0
11243,14956.0,4366.0,1,0
11244,14957.0,4366.0,1,0
11245,14958.0,4366.0,1,0
11246,14959.0,4366.0,1,0
11247,14960.0,4366.0,1,0
11248,14961.0,4366.0,1,1
11249,14962.0,4367.0,1,0
11250,14964.0,4367.0,1,1
11251,14965.0,4367.0,1,0
11252,14967.0,4367.0,1,0
11253,14968.0,4368.0,1,1
11254,14969.0,4368.0,1,0
11255,14970.0,4369.0,1,0
11256,14971.0,4369.0,1,0
11257,14974.0,4370.0,1,1
11258,14975.0,4370.0,1,1
11259,14976.0,4370.0,1,1
11260,14977.0,4370.0,1,1
11261,14978.0,4370.0,1,0
11262,14979.0,4371.0,1,0
11263,14980.0,4371.0,1,1
11264,14981.0,4371.0,1,0
11265,14982.0,4371.0,1,1
11266,14983.0,4371.0,1,0
11267,14984.0,4373.0,1,0
11268,14985.0,4373.0,1,0
11269,14987.0,4373.0,1,0
11270,14988.0,4373.0,1,1
11271,14989.0,4374.0,1,0
11272,14990.0,4375.0,1,0
11273,14991.0,4376.0,1,1
11274,14992.0,4378.0,1,1
11275,14994.0,4378.0,1,0
11276,14996.0,4378.0,1,1
11277,14997.0,4378.0,1,0
11278,14998.0,4378.0,1,0
11279,15000.0,4378.0,1,0
11280,15001.0,4379.0,1,1
11281,15004.0,4380.0,1,1
11282,15005.0,4380.0,1,1
11283,15007.0,4380.0,1,1
11284,15009.0,4381.0,1,1
11285,15010.0,4381.0,1,0
11286,15011.0,4381.0,1,0
11287,15012.0,4381.0,1,0
11288,15013.0,4381.0,1,1
11289,15014.0,4381.0,1,1
11290,15016.0,4381.0,1,0
11291,15017.0,4382.0,1,1
11292,15018.0,4382.0,1,1
11293,15019.0,4382.0,1,0
11294,15020.0,4382.0,1,0
11295,15021.0,4382.0,1,0
11296,15022.0,4382.0,1,0
11297,15023.0,4382.0,1,0
11298,15024.0,4383.0,1,0
11299,15025.0,4383.0,1,0
11300,15026.0,4383.0,1,0
11301,15027.0,4383.0,1,1
11302,15028.0,4383.0,1,0
11303,15029.0,4383.0,1,1
11304,15030.0,4383.0,1,0
11305,15031.0,4384.0,1,1
11306,15032.0,4384.0,1,0
11307,15033.0,4385.0,1,0
11308,15034.0,4386.0,1,0
11309,15035.0,4386.0,1,0
11310,15036.0,4386.0,1,1
11311,15039.0,4387.0,1,0
11312,15042.0,4390.0,1,0
11313,15043.0,4391.0,1,0
11314,15044.0,4391.0,1,0
11315,15046.0,4391.0,1,1
11316,15048.0,4392.0,1,0
11317,15049.0,4392.0,1,1
11318,15052.0,4393.0,1,0
11319,15053.0,4393.0,1,0
11320,15054.0,4393.0,1,0
11321,15056.0,4393.0,1,0
11322,15057.0,4394.0,1,0
11323,15058.0,4394.0,1,0
11324,15060.0,4395.0,1,0
11325,15064.0,4397.0,1,1
11326,15065.0,4397.0,1,0
11327,15066.0,4397.0,1,1
11328,15067.0,4397.0,1,1
11329,15068.0,4397.0,1,0
11330,15069.0,4398.0,1,1
11331,15070.0,4398.0,1,1
11332,15071.0,4398.0,1,1
11333,15072.0,4398.0,1,1
11334,15074.0,4399.0,1,0
11335,15075.0,4399.0,1,0
11336,15076.0,4399.0,1,0
11337,15078.0,4400.0,1,0
11338,15079.0,4400.0,1,1
11339,15080.0,4400.0,1,1
11340,15082.0,4400.0,1,1
11341,15084.0,4401.0,1,0
11342,15085.0,4401.0,1,1
11343,15086.0,4402.0,1,1
11344,15088.0,4402.0,1,0
11345,15089.0,4402.0,1,1
11346,15090.0,4403.0,1,1
11347,15091.0,4403.0,1,0
11348,15093.0,4404.0,1,1
11349,15094.0,4404.0,1,0
11350,15095.0,4407.0,1,1
11351,15096.0,4408.0,1,1
11352,15097.0,4408.0,1,1
11353,15098.0,4408.0,1,0
11354,15099.0,4408.0,1,1
11355,15100.0,4408.0,1,0
11356,15101.0,4408.0,1,0
11357,15102.0,4408.0,1,0
11358,15103.0,4409.0,1,0
11359,15104.0,4409.0,1,0
11360,15105.0,4410.0,1,0
11361,15106.0,4411.0,1,1
11362,15107.0,4411.0,1,0
11363,15108.0,4411.0,1,0
11364,15109.0,4412.0,1,1
11365,15110.0,4413.0,1,0
11366,15113.0,4416.0,1,0
11367,15114.0,4416.0,1,0
11368,15115.0,4416.0,1,0
11369,15117.0,4417.0,1,0
11370,15118.0,4417.0,1,1
11371,15119.0,4417.0,1,0
11372,15120.0,4417.0,1,0
11373,15121.0,4418.0,1,1
11374,15122.0,4418.0,1,1
11375,15123.0,4419.0,1,0
11376,15124.0,4420.0,1,0
11377,15125.0,4420.0,1,0
11378,15126.0,4421.0,1,1
11379,15127.0,4421.0,1,0
11380,15128.0,4421.0,1,0
11381,15129.0,4421.0,1,1
11382,15130.0,4421.0,1,0
11383,15131.0,4421.0,1,0
11384,15132.0,4422.0,1,0
11385,15133.0,4422.0,1,0
11386,15134.0,4422.0,1,1
11387,15136.0,4422.0,1,0
11388,15138.0,4423.0,1,0
11389,15139.0,4423.0,1,0
11390,15140.0,4424.0,1,0
11391,15141.0,4424.0,1,0
11392,15142.0,4424.0,1,1
11393,15143.0,4425.0,1,0
11394,15145.0,4426.0,1,1
11395,15147.0,4426.0,1,0
11396,15148.0,4426.0,1,1
11397,15151.0,4427.0,1,0
11398,15152.0,4427.0,1,0
11399,15154.0,4428.0,1,0
11400,15155.0,4429.0,1,0
11401,15156.0,4429.0,1,1
11402,15157.0,4430.0,1,0
11403,15158.0,4430.0,1,0
11404,15159.0,4430.0,1,0
11405,15160.0,4430.0,1,0
11406,15161.0,4430.0,1,1
11407,15162.0,4431.0,1,0
11408,15165.0,4431.0,1,0
11409,15167.0,4431.0,1,1
11410,15168.0,4431.0,1,0
11411,15169.0,4431.0,1,0
11412,15171.0,4432.0,1,0
11413,15174.0,4433.0,1,0
11414,15175.0,4433.0,1,1
11415,15176.0,4433.0,1,1
11416,15177.0,4433.0,1,1
11417,15179.0,4434.0,1,1
11418,15180.0,4434.0,1,0
11419,15181.0,4434.0,1,0
11420,15182.0,4435.0,1,0
11421,15183.0,4435.0,1,1
11422,15184.0,4435.0,1,1
11423,15185.0,4435.0,1,1
11424,15186.0,4436.0,1,1
11425,15187.0,4436.0,1,1
11426,15188.0,4436.0,1,1
11427,15189.0,4436.0,1,0
11428,15190.0,4437.0,1,1
11429,15191.0,4437.0,1,1
11430,15192.0,4438.0,1,0
11431,15193.0,4438.0,1,1
11432,15194.0,4438.0,1,1
11433,15195.0,4439.0,1,1
11434,15196.0,4442.0,1,1
11435,15197.0,4443.0,1,0
11436,15198.0,4443.0,1,1
11437,15199.0,4443.0,1,1
11438,15200.0,4443.0,1,1
11439,15201.0,4444.0,1,0
11440,15202.0,4444.0,1,0
11441,15204.0,4444.0,1,1
11442,15206.0,4444.0,1,0
11443,15207.0,4445.0,1,0
11444,15208.0,4445.0,1,0
11445,15210.0,4446.0,1,0
11446,15211.0,4446.0,1,1
11447,15212.0,4446.0,1,0
11448,15213.0,4446.0,1,0
11449,15214.0,4446.0,1,1
11450,15215.0,4447.0,1,0
11451,15216.0,4447.0,1,1
11452,15217.0,4447.0,1,0
11453,15218.0,4447.0,1,0
11454,15219.0,4447.0,1,0
11455,15221.0,4447.0,1,0
11456,15222.0,4447.0,1,0
11457,15224.0,4448.0,1,0
11458,15225.0,4449.0,1,1
11459,15228.0,4449.0,1,0
11460,15229.0,4450.0,1,0
11461,15230.0,4450.0,1,1
11462,15231.0,4450.0,1,1
11463,15232.0,4450.0,1,0
11464,15233.0,4450.0,1,0
11465,15234.0,4450.0,1,0
11466,15235.0,4450.0,1,0
11467,15236.0,4450.0,1,0
11468,15238.0,4451.0,1,1
11469,15239.0,4451.0,1,0
11470,15240.0,4452.0,1,0
11471,15241.0,4452.0,1,0
11472,15242.0,4452.0,1,0
11473,15243.0,4452.0,1,0
11474,15244.0,4453.0,1,1
11475,15245.0,4453.0,1,0
11476,15246.0,4453.0,1,0
11477,15247.0,4453.0,1,1
11478,15248.0,4454.0,1,0
11479,15249.0,4454.0,1,0
11480,15250.0,4454.0,1,0
11481,15252.0,4454.0,1,1
11482,15254.0,4455.0,1,0
11483,15256.0,4456.0,1,1
11484,15258.0,4456.0,1,1
11485,15260.0,4456.0,1,0
11486,15261.0,4457.0,1,1
11487,15263.0,4458.0,1,0
11488,15264.0,4458.0,1,1
11489,15267.0,4459.0,1,0
11490,15268.0,4459.0,1,0
11491,15270.0,4459.0,1,0
11492,15271.0,4459.0,1,1
11493,15272.0,4460.0,1,0
11494,15273.0,4460.0,1,0
11495,15274.0,4461.0,1,1
11496,15275.0,4461.0,1,1
11497,15276.0,4461.0,1,0
11498,15277.0,4461.0,1,0
11499,15278.0,4462.0,1,1
11500,15279.0,4462.0,1,0
11501,15284.0,4463.0,1,0
11502,15285.0,4463.0,1,0
11503,15286.0,4463.0,1,0
11504,15287.0,4463.0,1,0
11505,15288.0,4463.0,1,1
11506,15289.0,4465.0,1,0
11507,15290.0,4465.0,1,0
11508,15291.0,4465.0,1,1
11509,15292.0,4465.0,1,0
11510,15293.0,4466.0,1,0
11511,15294.0,4467.0,1,0
11512,15296.0,4468.0,1,0
11513,15297.0,4468.0,1,0
11514,15301.0,4469.0,1,0
11515,15302.0,4469.0,1,0
11516,15303.0,4469.0,1,0
11517,15304.0,4469.0,1,1
11518,15305.0,4469.0,1,0
11519,15306.0,4469.0,1,0
11520,15307.0,4469.0,1,0
11521,15310.0,4471.0,1,0
11522,15312.0,4471.0,1,1
11523,15313.0,4471.0,1,1
11524,15314.0,4472.0,1,0
11525,15315.0,4472.0,1,1
11526,15316.0,4472.0,1,1
11527,15318.0,4473.0,1,0
11528,15319.0,4473.0,1,1
11529,15320.0,4473.0,1,0
11530,15322.0,4473.0,1,1
11531,15323.0,4473.0,1,1
11532,15324.0,4474.0,1,0
11533,15325.0,4474.0,1,0
11534,15326.0,4474.0,1,1
11535,15327.0,4474.0,1,0
11536,15329.0,4474.0,1,0
11537,15331.0,4475.0,1,1
11538,15332.0,4475.0,1,0
11539,15333.0,4475.0,1,0
11540,15334.0,4476.0,1,0
11541,15336.0,4476.0,1,0
11542,15337.0,4476.0,1,1
11543,15338.0,4476.0,1,0
11544,15339.0,4476.0,1,0
11545,15344.0,4477.0,1,1
11546,15345.0,4478.0,1,1
11547,15346.0,4479.0,1,1
11548,15347.0,4479.0,1,1
11549,15348.0,4479.0,1,1
11550,15349.0,4479.0,1,0
11551,15350.0,4479.0,1,1
11552,15351.0,4479.0,1,0
11553,15352.0,4479.0,1,1
11554,15353.0,4480.0,1,0
11555,15354.0,4480.0,1,1
11556,15355.0,4480.0,1,0
11557,15356.0,4481.0,1,1
11558,15358.0,4481.0,1,1
11559,15359.0,4481.0,1,0
11560,15360.0,4481.0,1,1
11561,15361.0,4482.0,1,1
11562,15365.0,4483.0,1,0
11563,15367.0,4483.0,1,0
11564,15368.0,4484.0,1,1
11565,15369.0,4484.0,1,0
11566,15370.0,4484.0,1,0
11567,15371.0,4484.0,1,0
11568,15372.0,4484.0,1,0
11569,15373.0,4485.0,1,1
11570,15374.0,4485.0,1,0
11571,15375.0,4486.0,1,1
11572,15376.0,4486.0,1,0
11573,15377.0,4486.0,1,0
11574,15378.0,4486.0,1,0
11575,15379.0,4487.0,1,1
11576,15380.0,4488.0,1,0
11577,15381.0,4488.0,1,0
11578,15382.0,4488.0,1,0
11579,15383.0,4488.0,1,1
11580,15384.0,4489.0,1,0
11581,15387.0,4490.0,1,0
11582,15388.0,4491.0,1,0
11583,15389.0,4491.0,1,1
11584,15390.0,4491.0,1,0
11585,15391.0,4492.0,1,1
11586,15392.0,4492.0,1,0
11587,15393.0,4492.0,1,0
11588,15394.0,4492.0,1,1
11589,15397.0,4492.0,1,0
11590,15399.0,4493.0,1,0
11591,15400.0,4493.0,1,0
11592,15401.0,4493.0,1,0
11593,15404.0,4494.0,1,0
11594,15405.0,4494.0,1,0
11595,15406.0,4494.0,1,1
11596,15407.0,4494.0,1,0
11597,15408.0,4494.0,1,0
11598,15410.0,4494.0,1,1
11599,15411.0,4495.0,1,0
11600,15412.0,4495.0,1,0
11601,15414.0,4495.0,1,0
11602,15415.0,4495.0,1,0
11603,15417.0,4496.0,1,1
11604,15418.0,4496.0,1,0
11605,15419.0,4497.0,1,1
11606,15422.0,4498.0,1,0
11607,15424.0,4498.0,1,0
11608,15425.0,4498.0,1,1
11609,15426.0,4498.0,1,1
11610,15427.0,4498.0,1,0
11611,15429.0,4498.0,1,0
11612,15431.0,4499.0,1,0
11613,15432.0,4499.0,1,0
11614,15434.0,4499.0,1,0
11615,15435.0,4499.0,1,0
11616,15436.0,4499.0,1,1
11617,15437.0,4500.0,1,1
11618,15438.0,4500.0,1,1
11619,15439.0,4500.0,1,0
11620,15441.0,4500.0,1,1
11621,15442.0,4501.0,1,0
11622,15443.0,4501.0,1,0
11623,15444.0,4501.0,1,0
11624,15447.0,4501.0,1,0
11625,15448.0,4502.0,1,0
11626,15449.0,4502.0,1,1
11627,15450.0,4502.0,1,1
11628,15451.0,4502.0,1,0
11629,15454.0,4502.0,1,1
11630,15455.0,4504.0,1,1
11631,15456.0,4504.0,1,0
11632,15457.0,4504.0,1,1
11633,15458.0,4504.0,1,0
11634,15459.0,4504.0,1,0
11635,15462.0,4505.0,1,1
11636,15464.0,4506.0,1,0
11637,15465.0,4506.0,1,1
11638,15466.0,4507.0,1,1
11639,15467.0,4508.0,1,0
11640,15468.0,4509.0,1,1
11641,15469.0,4509.0,1,0
11642,15470.0,4509.0,1,0
11643,15471.0,4509.0,1,0
11644,15472.0,4509.0,1,1
11645,15473.0,4509.0,1,0
11646,15474.0,4509.0,1,0
11647,15475.0,4509.0,1,0
11648,15476.0,4510.0,1,1
11649,15479.0,4510.0,1,1
11650,15481.0,4511.0,1,1
11651,15482.0,4511.0,1,0
11652,15484.0,4511.0,1,0
11653,15485.0,4512.0,1,0
11654,15486.0,4513.0,1,0
11655,15489.0,4513.0,1,0
11656,15490.0,4513.0,1,0
11657,15491.0,4513.0,1,1
11658,15493.0,4515.0,1,0
11659,15494.0,4515.0,1,1
11660,15495.0,4515.0,1,1
11661,15498.0,4515.0,1,1
11662,15499.0,4516.0,1,0
11663,15500.0,4516.0,1,1
11664,15501.0,4516.0,1,0
11665,15502.0,4516.0,1,0
11666,15503.0,4516.0,1,0
11667,15504.0,4517.0,1,0
11668,15506.0,4517.0,1,0
11669,15507.0,4518.0,1,1
11670,15508.0,4518.0,1,0
11671,15510.0,4519.0,1,0
11672,15512.0,4519.0,1,0
11673,15513.0,4519.0,1,1
11674,15514.0,4519.0,1,0
11675,15515.0,4520.0,1,0
11676,15516.0,4520.0,1,0
11677,15517.0,4522.0,1,0
11678,15518.0,4524.0,1,1
11679,15519.0,4524.0,1,0
11680,15520.0,4524.0,1,1
11681,15521.0,4524.0,1,1
11682,15522.0,4524.0,1,0
11683,15523.0,4525.0,1,0
11684,15524.0,4525.0,1,0
11685,15525.0,4525.0,1,1
11686,15527.0,4526.0,1,1
11687,15528.0,4526.0,1,0
11688,15529.0,4526.0,1,0
11689,15530.0,4526.0,1,1
11690,15532.0,4527.0,1,0
11691,15533.0,4531.0,1,1
11692,15534.0,4531.0,1,0
11693,15535.0,4531.0,1,0
11694,15536.0,4531.0,1,0
11695,15537.0,4531.0,1,0
11696,15538.0,4531.0,1,1
11697,15539.0,4532.0,1,0
11698,15540.0,4532.0,1,0
11699,15541.0,4532.0,1,0
11700,15542.0,4532.0,1,1
11701,15543.0,4532.0,1,1
11702,15544.0,4532.0,1,0
11703,15545.0,4533.0,1,0
11704,15546.0,4533.0,1,1
11705,15547.0,4533.0,1,0
11706,15548.0,4533.0,1,0
11707,15550.0,4534.0,1,0
11708,15551.0,4534.0,1,0
11709,15552.0,4534.0,1,0
11710,15554.0,4534.0,1,0
11711,15555.0,4534.0,1,0
11712,15557.0,4534.0,1,0
11713,15559.0,4536.0,1,0
11714,15560.0,4536.0,1,1
11715,15561.0,4536.0,1,1
11716,15562.0,4536.0,1,1
11717,15563.0,4536.0,1,0
11718,15565.0,4537.0,1,0
11719,15568.0,4538.0,1,0
11720,15571.0,4538.0,1,1
11721,15572.0,4539.0,1,0
11722,15573.0,4539.0,1,0
11723,15574.0,4539.0,1,1
11724,15575.0,4539.0,1,1
11725,15577.0,4539.0,1,1
11726,15579.0,4540.0,1,0
11727,15580.0,4540.0,1,0
11728,15582.0,4540.0,1,1
11729,15583.0,4541.0,1,0
11730,15584.0,4541.0,1,1
11731,15585.0,4541.0,1,1
11732,15586.0,4541.0,1,0
11733,15588.0,4542.0,1,0
11734,15590.0,4542.0,1,1
11735,15591.0,4542.0,1,0
11736,15592.0,4542.0,1,0
11737,15593.0,4542.0,1,1
11738,15594.0,4543.0,1,0
11739,15596.0,4544.0,1,1
11740,15598.0,4545.0,1,0
11741,15600.0,4545.0,1,0
11742,15601.0,4545.0,1,1
11743,15602.0,4545.0,1,0
11744,15603.0,4545.0,1,0
11745,15604.0,4546.0,1,1
11746,15605.0,4546.0,1,0
11747,15607.0,4547.0,1,0
11748,15608.0,4547.0,1,1
11749,15609.0,4547.0,1,0
11750,15610.0,4547.0,1,0
11751,15611.0,4547.0,1,1
11752,15612.0,4548.0,1,0
11753,15614.0,4548.0,1,0
11754,15616.0,4548.0,1,0
11755,15617.0,4548.0,1,1
11756,15618.0,4549.0,1,0
11757,15619.0,4550.0,1,0
11758,15620.0,4551.0,1,0
11759,15621.0,4551.0,1,0
11760,15622.0,4551.0,1,0
11761,15623.0,4551.0,1,1
11762,15624.0,4551.0,1,0
11763,15625.0,4552.0,1,0
11764,15626.0,4552.0,1,0
11765,15628.0,4552.0,1,0
11766,15629.0,4552.0,1,0
11767,15633.0,4553.0,1,0
11768,15634.0,4553.0,1,1
11769,15635.0,4554.0,1,1
11770,15637.0,4554.0,1,0
11771,15638.0,4555.0,1,0
11772,15639.0,4555.0,1,0
11773,15641.0,4556.0,1,1
11774,15643.0,4556.0,1,0
11775,15645.0,4557.0,1,0
11776,15646.0,4558.0,1,1
11777,15647.0,4558.0,1,1
11778,15648.0,4558.0,1,1
11779,15649.0,4559.0,1,0
11780,15651.0,4559.0,1,0
11781,15653.0,4559.0,1,1
11782,15654.0,4560.0,1,0
11783,15655.0,4560.0,1,0
11784,15656.0,4560.0,1,1
11785,15659.0,4561.0,1,1
11786,15660.0,4561.0,1,0
11787,15661.0,4561.0,1,0
11788,15663.0,4561.0,1,0
11789,15664.0,4561.0,1,0
11790,15665.0,4561.0,1,1
11791,15666.0,4562.0,1,1
11792,15667.0,4562.0,1,1
11793,15668.0,4562.0,1,0
11794,15669.0,4562.0,1,0
11795,15670.0,4563.0,1,1
11796,15671.0,4563.0,1,0
11797,15673.0,4563.0,1,1
11798,15674.0,4564.0,1,0
11799,15676.0,4565.0,1,1
11800,15677.0,4565.0,1,1
11801,15678.0,4565.0,1,0
11802,15679.0,4565.0,1,0
11803,15680.0,4565.0,1,1
11804,15681.0,4565.0,1,0
11805,15682.0,4566.0,1,0
11806,15684.0,4566.0,1,0
11807,15686.0,4566.0,1,1
11808,15687.0,4566.0,1,0
11809,15689.0,4566.0,1,0
11810,15691.0,4567.0,1,0
11811,15692.0,4567.0,1,0
11812,15693.0,4567.0,1,0
11813,15694.0,4568.0,1,0
11814,15696.0,4568.0,1,1
11815,15697.0,4568.0,1,0
11816,15698.0,4568.0,1,1
11817,15699.0,4568.0,1,0
11818,15700.0,4569.0,1,1
11819,15701.0,4570.0,1,0
11820,15704.0,4570.0,1,0
11821,15705.0,4570.0,1,0
11822,15706.0,4570.0,1,1
11823,15708.0,4571.0,1,0
11824,15709.0,4571.0,1,0
11825,15710.0,4571.0,1,0
11826,15711.0,4571.0,1,0
11827,15713.0,4572.0,1,0
11828,15716.0,4572.0,1,0
11829,15717.0,4572.0,1,1
11830,15718.0,4572.0,1,0
11831,15719.0,4572.0,1,0
11832,15720.0,4572.0,1,1
11833,15721.0,4573.0,1,1
11834,15722.0,4573.0,1,0
11835,15723.0,4574.0,1,0
11836,15726.0,4574.0,1,1
11837,15727.0,4574.0,1,0
11838,15728.0,4574.0,1,1
11839,15730.0,4575.0,1,0
11840,15731.0,4575.0,1,0
11841,15734.0,4575.0,1,0
11842,15735.0,4575.0,1,1
11843,15736.0,4575.0,1,0
11844,15737.0,4576.0,1,0
11845,15738.0,4576.0,1,0
11846,15739.0,4576.0,1,0
11847,15740.0,4577.0,1,0
11848,15742.0,4577.0,1,1
11849,15743.0,4578.0,1,0
11850,15744.0,4578.0,1,0
11851,15745.0,4579.0,1,0
11852,15746.0,4579.0,1,1
11853,15747.0,4579.0,1,1
11854,15748.0,4579.0,1,0
11855,15751.0,4580.0,1,0
11856,15752.0,4581.0,1,0
11857,15753.0,4581.0,1,1
11858,15754.0,4581.0,1,0
11859,15755.0,4582.0,1,0
11860,15756.0,4582.0,1,1
11861,15758.0,4583.0,1,0
11862,15759.0,4583.0,1,0
11863,15761.0,4584.0,1,0
11864,15762.0,4584.0,1,0
11865,15763.0,4584.0,1,0
11866,15765.0,4586.0,1,0
11867,15766.0,4586.0,1,1
11868,15767.0,4586.0,1,1
11869,15769.0,4588.0,1,1
11870,15770.0,4588.0,1,0
11871,15771.0,4589.0,1,0
11872,15772.0,4589.0,1,0
11873,15775.0,4590.0,1,0
11874,15776.0,4591.0,1,0
11875,15778.0,4591.0,1,0
11876,15779.0,4591.0,1,1
11877,15780.0,4591.0,1,1
11878,15781.0,4592.0,1,0
11879,15782.0,4592.0,1,0
11880,15783.0,4593.0,1,0
11881,15784.0,4593.0,1,0
11882,15785.0,4593.0,1,0
11883,15787.0,4594.0,1,0
11884,15788.0,4594.0,1,1
11885,15789.0,4594.0,1,0
11886,15790.0,4594.0,1,1
11887,15791.0,4594.0,1,1
11888,15794.0,4595.0,1,0
11889,15799.0,4597.0,1,0
11890,15800.0,4597.0,1,1
11891,15801.0,4597.0,1,1
11892,15802.0,4597.0,1,0
11893,15803.0,4597.0,1,0
11894,15804.0,4598.0,1,0
11895,15805.0,4598.0,1,0
11896,15806.0,4599.0,1,1
11897,15807.0,4599.0,1,0
11898,15808.0,4599.0,1,0
11899,15809.0,4599.0,1,0
11900,15812.0,4600.0,1,0
11901,15813.0,4600.0,1,0
11902,15814.0,4600.0,1,1
11903,15817.0,4601.0,1,1
11904,15818.0,4601.0,1,0
11905,15819.0,4602.0,1,1
11906,15820.0,4602.0,1,0
11907,15821.0,4602.0,1,0
11908,15822.0,4602.0,1,0
11909,15823.0,4602.0,1,0
11910,15824.0,4602.0,1,0
11911,15825.0,4604.0,1,1
11912,15826.0,4605.0,1,0
11913,15827.0,4605.0,1,0
11914,15828.0,4605.0,1,1
11915,15829.0,4605.0,1,1
11916,15831.0,4605.0,1,0
11917,15833.0,4606.0,1,0
11918,15835.0,4606.0,1,1
11919,15836.0,4606.0,1,0
11920,15837.0,4607.0,1,0
11921,15838.0,4607.0,1,0
11922,15839.0,4608.0,1,1
11923,15840.0,4608.0,1,0
11924,15841.0,4609.0,1,1
11925,15844.0,4609.0,1,0
11926,15845.0,4609.0,1,0
11927,15846.0,4609.0,1,0
11928,15848.0,4611.0,1,0
11929,15849.0,4611.0,1,1
11930,15850.0,4611.0,1,0
11931,15851.0,4612.0,1,0
11932,15854.0,4613.0,1,1
11933,15857.0,4613.0,1,0
11934,15859.0,4614.0,1,0
11935,15861.0,4614.0,1,0
11936,15862.0,4614.0,1,0
11937,15865.0,4614.0,1,0
11938,15866.0,4615.0,1,1
11939,15867.0,4615.0,1,1
11940,15869.0,4615.0,1,0
11941,15870.0,4617.0,1,0
11942,15871.0,4617.0,1,0
11943,15872.0,4617.0,1,0
11944,15873.0,4617.0,1,0
11945,15874.0,4618.0,1,0
11946,15876.0,4618.0,1,0
11947,15878.0,4618.0,1,1
11948,15879.0,4618.0,1,0
11949,15880.0,4618.0,1,1
11950,15881.0,4619.0,1,1
11951,15882.0,4620.0,1,0
11952,15885.0,4620.0,1,1
11953,15888.0,4621.0,1,0
11954,15890.0,4621.0,1,0
11955,15891.0,4621.0,1,0
11956,15892.0,4621.0,1,0
11957,15893.0,4621.0,1,0
11958,15894.0,4621.0,1,0
11959,15895.0,4622.0,1,1
11960,15896.0,4622.0,1,1
11961,15897.0,4622.0,1,1
11962,15899.0,4622.0,1,0
11963,15900.0,4622.0,1,0
11964,15901.0,4622.0,1,0
11965,15902.0,4622.0,1,1
11966,15904.0,4622.0,1,0
11967,15905.0,4623.0,1,1
11968,15906.0,4623.0,1,1
11969,15909.0,4623.0,1,1
11970,15910.0,4623.0,1,1
11971,15911.0,4624.0,1,0
11972,15912.0,4624.0,1,0
11973,15913.0,4626.0,1,0
11974,15914.0,4626.0,1,0
11975,15915.0,4626.0,1,0
11976,15916.0,4627.0,1,0
11977,15917.0,4627.0,1,0
11978,15918.0,4627.0,1,0
11979,15919.0,4628.0,1,1
11980,15920.0,4629.0,1,0
11981,15921.0,4631.0,1,0
11982,15922.0,4631.0,1,0
11983,15923.0,4631.0,1,0
11984,15924.0,4632.0,1,0
11985,15925.0,4632.0,1,1
11986,15926.0,4632.0,1,0
11987,15928.0,4632.0,1,0
11988,15929.0,4633.0,1,1
11989,15930.0,4633.0,1,1
11990,15931.0,4634.0,1,0
11991,15932.0,4634.0,1,1
11992,15933.0,4634.0,1,1
11993,15934.0,4635.0,1,0
11994,15935.0,4636.0,1,1
11995,15936.0,4636.0,1,0
11996,15937.0,4636.0,1,1
11997,15938.0,4636.0,1,0
11998,15939.0,4636.0,1,1
11999,15940.0,4636.0,1,0
12000,15941.0,4636.0,1,0
12001,15942.0,4637.0,1,0
12002,15943.0,4637.0,1,0
12003,15944.0,4637.0,1,0
12004,15945.0,4638.0,1,0
12005,15948.0,4639.0,1,0
12006,15949.0,4639.0,1,0
12007,15950.0,4639.0,1,1
12008,15951.0,4640.0,1,0
12009,15952.0,4640.0,1,0
12010,15953.0,4641.0,1,1
12011,15954.0,4641.0,1,0
12012,15955.0,4641.0,1,1
12013,15957.0,4641.0,1,0
12014,15960.0,4643.0,1,0
12015,15961.0,4643.0,1,0
12016,15965.0,4644.0,1,1
12017,15966.0,4645.0,1,0
12018,15968.0,4646.0,1,1
12019,15969.0,4646.0,1,1
12020,15970.0,4647.0,1,1
12021,15973.0,4648.0,1,1
12022,15974.0,4648.0,1,0
12023,15975.0,4648.0,1,0
12024,15976.0,4649.0,1,0
12025,15977.0,4650.0,1,0
12026,15979.0,4652.0,1,0
12027,15982.0,4652.0,1,1
12028,15983.0,4654.0,1,0
12029,15984.0,4654.0,1,1
12030,15985.0,4654.0,1,0
12031,15986.0,4654.0,1,0
12032,15987.0,4654.0,1,0
12033,15988.0,4654.0,1,0
12034,15989.0,4654.0,1,1
12035,15990.0,4655.0,1,1
12036,15991.0,4655.0,1,1
12037,15992.0,4655.0,1,0
12038,15995.0,4657.0,1,0
12039,15996.0,4657.0,1,0
12040,15997.0,4658.0,1,1
12041,15998.0,4658.0,1,0
12042,15999.0,4658.0,1,0
12043,16000.0,4659.0,1,0
12044,16001.0,4659.0,1,0
12045,16002.0,4659.0,1,1
12046,16003.0,4659.0,1,0
12047,16006.0,4659.0,1,1
12048,16007.0,4660.0,1,1
12049,16008.0,4660.0,1,0
12050,16009.0,4660.0,1,0
12051,16010.0,4660.0,1,1
12052,16011.0,4660.0,1,0
12053,16012.0,4660.0,1,0
12054,16013.0,4660.0,1,1
12055,16015.0,4661.0,1,0
12056,16016.0,4661.0,1,1
12057,16017.0,4661.0,1,1
12058,16018.0,4662.0,1,1
12059,16019.0,4662.0,1,0
12060,16021.0,4662.0,1,0
12061,16022.0,4663.0,1,1
12062,16023.0,4663.0,1,0
12063,16024.0,4663.0,1,0
12064,16025.0,4663.0,1,0
12065,16026.0,4663.0,1,1
12066,16027.0,4665.0,1,0
12067,16028.0,4665.0,1,1
12068,16029.0,4665.0,1,1
12069,16030.0,4665.0,1,1
12070,16032.0,4666.0,1,0
12071,16033.0,4666.0,1,1
12072,16035.0,4666.0,1,0
12073,16039.0,4667.0,1,1
12074,16040.0,4668.0,1,0
12075,16041.0,4668.0,1,0
12076,16042.0,4668.0,1,1
12077,16043.0,4668.0,1,1
12078,16044.0,4669.0,1,0
12079,16046.0,4669.0,1,1
12080,16049.0,4669.0,1,0
12081,16052.0,4670.0,1,0
12082,16053.0,4670.0,1,0
12083,16055.0,4671.0,1,0
12084,16056.0,4671.0,1,0
12085,16057.0,4672.0,1,0
12086,16058.0,4672.0,1,1
12087,16059.0,4672.0,1,0
12088,16060.0,4672.0,1,1
12089,16061.0,4672.0,1,0
12090,16062.0,4672.0,1,0
12091,16063.0,4673.0,1,0
12092,16064.0,4673.0,1,1
12093,16066.0,4673.0,1,1
12094,16067.0,4674.0,1,0
12095,16071.0,4676.0,1,1
12096,16072.0,4676.0,1,1
12097,16074.0,4677.0,1,0
12098,16075.0,4677.0,1,0
12099,16076.0,4678.0,1,1
12100,16077.0,4678.0,1,0
12101,16078.0,4678.0,1,0
12102,16079.0,4678.0,1,0
12103,16080.0,4678.0,1,0
12104,16081.0,4678.0,1,1
12105,16082.0,4679.0,1,0
12106,16084.0,4680.0,1,1
12107,16085.0,4680.0,1,0
12108,16087.0,4681.0,1,0
12109,16089.0,4681.0,1,0
12110,16091.0,4681.0,1,0
12111,16092.0,4682.0,1,1
12112,16094.0,4682.0,1,1
12113,16095.0,4683.0,1,0
12114,16096.0,4683.0,1,1
12115,16097.0,4683.0,1,0
12116,16098.0,4683.0,1,0
12117,16099.0,4683.0,1,1
12118,16101.0,4683.0,1,0
12119,16102.0,4683.0,1,0
12120,16103.0,4683.0,1,1
12121,16104.0,4684.0,1,0
12122,16105.0,4684.0,1,1
12123,16106.0,4684.0,1,1
12124,16107.0,4684.0,1,0
12125,16109.0,4685.0,1,0
12126,16110.0,4685.0,1,0
12127,16112.0,4685.0,1,0
12128,16113.0,4687.0,1,0
12129,16114.0,4687.0,1,0
12130,16115.0,4687.0,1,0
12131,16116.0,4687.0,1,0
12132,16118.0,4687.0,1,0
12133,16119.0,4687.0,1,1
12134,16120.0,4688.0,1,1
12135,16122.0,4688.0,1,0
12136,16123.0,4689.0,1,0
12137,16124.0,4689.0,1,0
12138,16125.0,4689.0,1,0
12139,16126.0,4689.0,1,0
12140,16127.0,4689.0,1,0
12141,16129.0,4690.0,1,1
12142,16130.0,4691.0,1,0
12143,16132.0,4692.0,1,0
12144,16133.0,4692.0,1,0
12145,16134.0,4692.0,1,1
12146,16135.0,4692.0,1,0
12147,16136.0,4692.0,1,0
12148,16137.0,4692.0,1,0
12149,16140.0,4693.0,1,1
12150,16141.0,4693.0,1,1
12151,16144.0,4693.0,1,0
12152,16145.0,4693.0,1,1
12153,16146.0,4695.0,1,1
12154,16147.0,4696.0,1,0
12155,16148.0,4696.0,1,0
12156,16149.0,4696.0,1,0
12157,16150.0,4696.0,1,0
12158,16152.0,4696.0,1,0
12159,16153.0,4696.0,1,1
12160,16155.0,4697.0,1,0
12161,16156.0,4697.0,1,0
12162,16157.0,4697.0,1,0
12163,16158.0,4697.0,1,1
12164,16159.0,4699.0,1,1
12165,16160.0,4699.0,1,1
12166,16161.0,4699.0,1,1
12167,16164.0,4700.0,1,1
12168,16165.0,4701.0,1,0
12169,16166.0,4701.0,1,0
12170,16169.0,4702.0,1,0
12171,16170.0,4704.0,1,0
12172,16172.0,4704.0,1,1
12173,16173.0,4705.0,1,0
12174,16176.0,4705.0,1,0
12175,16177.0,4705.0,1,0
12176,16178.0,4705.0,1,0
12177,16179.0,4705.0,1,1
12178,16181.0,4706.0,1,0
12179,16182.0,4706.0,1,0
12180,16183.0,4706.0,1,0
12181,16184.0,4707.0,1,1
12182,16185.0,4707.0,1,0
12183,16186.0,4708.0,1,0
12184,16187.0,4708.0,1,1
12185,16188.0,4708.0,1,1
12186,16189.0,4709.0,1,0
12187,16190.0,4709.0,1,0
12188,16191.0,4710.0,1,1
12189,16192.0,4710.0,1,0
12190,16193.0,4710.0,1,1
12191,16194.0,4710.0,1,1
12192,16195.0,4710.0,1,0
12193,16196.0,4710.0,1,0
12194,16198.0,4711.0,1,1
12195,16199.0,4711.0,1,0
12196,16200.0,4712.0,1,0
12197,16201.0,4712.0,1,0
12198,16202.0,4712.0,1,0
12199,16203.0,4713.0,1,0
12200,16204.0,4713.0,1,0
12201,16205.0,4713.0,1,1
12202,16206.0,4714.0,1,1
12203,16207.0,4714.0,1,0
12204,16208.0,4714.0,1,1
12205,16209.0,4714.0,1,0
12206,16210.0,4714.0,1,1
12207,16211.0,4715.0,1,1
12208,16213.0,4715.0,1,0
12209,16214.0,4715.0,1,1
12210,16215.0,4716.0,1,0
12211,16216.0,4716.0,1,0
12212,16217.0,4718.0,1,0
12213,16218.0,4718.0,1,0
12214,16219.0,4722.0,1,0
12215,16221.0,4722.0,1,0
12216,16222.0,4722.0,1,1
12217,16223.0,4722.0,1,0
12218,16225.0,4722.0,1,0
12219,16226.0,4722.0,1,0
12220,16227.0,4723.0,1,0
12221,16228.0,4724.0,1,0
12222,16232.0,4724.0,1,0
12223,16234.0,4725.0,1,0
12224,16236.0,4725.0,1,0
12225,16237.0,4726.0,1,0
12226,16239.0,4726.0,1,0
12227,16240.0,4726.0,1,0
12228,16241.0,4726.0,1,1
12229,16242.0,4726.0,1,1
12230,16243.0,4727.0,1,0
12231,16244.0,4728.0,1,0
12232,16245.0,4728.0,1,0
12233,16246.0,4728.0,1,0
12234,16247.0,4728.0,1,0
12235,16248.0,4728.0,1,0
12236,16249.0,4728.0,1,0
12237,16251.0,4729.0,1,0
12238,16252.0,4729.0,1,0
12239,16253.0,4729.0,1,0
12240,16255.0,4730.0,1,1
12241,16256.0,4730.0,1,0
12242,16257.0,4731.0,1,0
12243,16258.0,4732.0,1,0
12244,16259.0,4733.0,1,1
12245,16261.0,4733.0,1,0
12246,16262.0,4733.0,1,0
12247,16265.0,4734.0,1,0
12248,16266.0,4734.0,1,0
12249,16267.0,4734.0,1,0
12250,16268.0,4735.0,1,0
12251,16270.0,4735.0,1,1
12252,16271.0,4735.0,1,1
12253,16273.0,4735.0,1,0
12254,16276.0,4736.0,1,1
12255,16278.0,4737.0,1,1
12256,16279.0,4738.0,1,1
12257,16281.0,4738.0,1,0
12258,16282.0,4738.0,1,0
12259,16283.0,4739.0,1,0
12260,16284.0,4739.0,1,0
12261,16288.0,4740.0,1,0
12262,16289.0,4741.0,1,0
12263,16290.0,4742.0,1,0
12264,16293.0,4742.0,1,0
12265,16294.0,4742.0,1,0
12266,16295.0,4743.0,1,1
12267,16296.0,4743.0,1,0
12268,16298.0,4743.0,1,0
12269,16300.0,4743.0,1,0
12270,16301.0,4743.0,1,1
12271,16302.0,4743.0,1,1
12272,16303.0,4745.0,1,0
12273,16304.0,4745.0,1,0
12274,16305.0,4745.0,1,1
12275,16306.0,4745.0,1,1
12276,16308.0,4745.0,1,1
12277,16309.0,4745.0,1,0
12278,16310.0,4745.0,1,0
12279,16312.0,4747.0,1,1
12280,16313.0,4747.0,1,1
12281,16314.0,4747.0,1,0
12282,16315.0,4748.0,1,1
12283,16316.0,4748.0,1,1
12284,16318.0,4748.0,1,1
12285,16319.0,4748.0,1,0
12286,16320.0,4749.0,1,0
12287,16322.0,4749.0,1,1
12288,16323.0,4749.0,1,1
12289,16324.0,4751.0,1,1
12290,16325.0,4751.0,1,0
12291,16329.0,4752.0,1,1
12292,16330.0,4752.0,1,1
12293,16332.0,4753.0,1,0
12294,16333.0,4753.0,1,1
12295,16334.0,4753.0,1,1
12296,16335.0,4753.0,1,0
12297,16336.0,4753.0,1,0
12298,16337.0,4753.0,1,0
12299,16340.0,4754.0,1,0
12300,16342.0,4754.0,1,0
12301,16343.0,4755.0,1,1
12302,16344.0,4756.0,1,0
12303,16345.0,4756.0,1,0
12304,16346.0,4756.0,1,1
12305,16347.0,4757.0,1,1
12306,16348.0,4759.0,1,0
12307,16350.0,4759.0,1,1
12308,16351.0,4759.0,1,0
12309,16353.0,4759.0,1,0
12310,16354.0,4760.0,1,0
12311,16355.0,4760.0,1,0
12312,16356.0,4760.0,1,0
12313,16357.0,4761.0,1,0
12314,16358.0,4761.0,1,0
12315,16360.0,4761.0,1,0
12316,16361.0,4761.0,1,1
12317,16362.0,4761.0,1,0
12318,16363.0,4762.0,1,0
12319,16365.0,4762.0,1,0
12320,16370.0,4763.0,1,0
12321,16373.0,4765.0,1,0
12322,16374.0,4765.0,1,0
12323,16375.0,4765.0,1,0
12324,16376.0,4765.0,1,1
12325,16377.0,4765.0,1,0
12326,16379.0,4766.0,1,1
12327,16380.0,4766.0,1,1
12328,16381.0,4766.0,1,0
12329,16382.0,4767.0,1,0
12330,16383.0,4767.0,1,0
12331,16384.0,4767.0,1,1
12332,16386.0,4767.0,1,0
12333,16387.0,4767.0,1,0
12334,16388.0,4767.0,1,0
12335,16389.0,4768.0,1,0
12336,16390.0,4768.0,1,0
12337,16391.0,4768.0,1,0
12338,16392.0,4769.0,1,1
12339,16394.0,4769.0,1,0
12340,16395.0,4769.0,1,0
12341,16396.0,4769.0,1,0
12342,16398.0,4770.0,1,1
12343,16399.0,4770.0,1,0
12344,16400.0,4770.0,1,0
12345,16401.0,4770.0,1,0
12346,16403.0,4771.0,1,0
12347,16406.0,4772.0,1,1
12348,16407.0,4772.0,1,1
12349,16408.0,4772.0,1,0
12350,16409.0,4773.0,1,0
12351,16411.0,4774.0,1,0
12352,16412.0,4774.0,1,1
12353,16413.0,4775.0,1,1
12354,16415.0,4775.0,1,1
12355,16416.0,4775.0,1,1
12356,16418.0,4775.0,1,0
12357,16419.0,4775.0,1,0
12358,16420.0,4775.0,1,0
12359,16421.0,4775.0,1,0
12360,16423.0,4776.0,1,0
12361,16424.0,4776.0,1,0
12362,16425.0,4776.0,1,0
12363,16426.0,4777.0,1,0
12364,16427.0,4777.0,1,1
12365,16428.0,4778.0,1,0
12366,16429.0,4778.0,1,0
12367,16431.0,4778.0,1,0
12368,16434.0,4779.0,1,0
12369,16435.0,4779.0,1,0
12370,16436.0,4779.0,1,1
12371,16437.0,4779.0,1,1
12372,16438.0,4779.0,1,1
12373,16439.0,4779.0,1,1
12374,16440.0,4780.0,1,0
12375,16441.0,4780.0,1,1
12376,16443.0,4780.0,1,0
12377,16444.0,4781.0,1,0
12378,16445.0,4781.0,1,0
12379,16446.0,4782.0,1,0
12380,16448.0,4782.0,1,0
12381,16449.0,4782.0,1,1
12382,16453.0,4782.0,1,0
12383,16456.0,4784.0,1,0
12384,16459.0,4784.0,1,1
12385,16460.0,4785.0,1,0
12386,16463.0,4785.0,1,0
12387,16464.0,4786.0,1,1
12388,16465.0,4786.0,1,1
12389,16466.0,4786.0,1,0
12390,16468.0,4787.0,1,1
12391,16469.0,4789.0,1,1
12392,16472.0,4791.0,1,1
12393,16475.0,4793.0,1,1
12394,16476.0,4793.0,1,0
12395,16477.0,4793.0,1,0
12396,16478.0,4793.0,1,0
12397,16479.0,4793.0,1,0
12398,16482.0,4794.0,1,0
12399,16483.0,4794.0,1,0
12400,16484.0,4794.0,1,1
12401,16485.0,4794.0,1,1
12402,16487.0,4795.0,1,1
12403,16488.0,4795.0,1,0
12404,16492.0,4797.0,1,0
12405,16494.0,4797.0,1,0
12406,16495.0,4797.0,1,0
12407,16496.0,4797.0,1,0
12408,16497.0,4797.0,1,0
12409,16498.0,4798.0,1,1
12410,16499.0,4798.0,1,1
12411,16500.0,4798.0,1,0
12412,16502.0,4800.0,1,0
12413,16503.0,4801.0,1,1
12414,16504.0,4801.0,1,0
12415,16505.0,4801.0,1,1
12416,16507.0,4802.0,1,0
12417,16508.0,4803.0,1,1
12418,16509.0,4803.0,1,0
12419,16510.0,4803.0,1,0
12420,16512.0,4804.0,1,1
12421,16513.0,4804.0,1,1
12422,16514.0,4804.0,1,0
12423,16515.0,4804.0,1,0
12424,16516.0,4804.0,1,1
12425,16518.0,4805.0,1,0
12426,16521.0,4805.0,1,0
12427,16523.0,4805.0,1,1
12428,16524.0,4805.0,1,0
12429,16525.0,4807.0,1,0
12430,16526.0,4807.0,1,1
12431,16527.0,4807.0,1,0
12432,16528.0,4808.0,1,0
12433,16529.0,4808.0,1,0
12434,16530.0,4808.0,1,1
12435,16532.0,4809.0,1,1
12436,16533.0,4809.0,1,0
12437,16534.0,4809.0,1,1
12438,16535.0,4810.0,1,0
12439,16536.0,4810.0,1,0
12440,16537.0,4810.0,1,0
12441,16538.0,4811.0,1,0
12442,16539.0,4811.0,1,1
12443,16542.0,4812.0,1,0
12444,16543.0,4812.0,1,0
12445,16544.0,4813.0,1,1
12446,16545.0,4814.0,1,1
12447,16548.0,4815.0,1,1
12448,16549.0,4815.0,1,0
12449,16550.0,4815.0,1,1
12450,16552.0,4815.0,1,1
12451,16553.0,4816.0,1,0
12452,16554.0,4816.0,1,0
12453,16555.0,4816.0,1,1
12454,16556.0,4817.0,1,0
12455,16557.0,4817.0,1,0
12456,16558.0,4817.0,1,1
12457,16560.0,4818.0,1,1
12458,16561.0,4818.0,1,1
12459,16562.0,4818.0,1,1
12460,16563.0,4819.0,1,0
12461,16564.0,4820.0,1,1
12462,16566.0,4822.0,1,0
12463,16567.0,4823.0,1,1
12464,16568.0,4823.0,1,0
12465,16569.0,4823.0,1,1
12466,16570.0,4823.0,1,0
12467,16572.0,4823.0,1,0
12468,16573.0,4824.0,1,1
12469,16574.0,4824.0,1,1
12470,16577.0,4824.0,1,1
12471,16578.0,4824.0,1,0
12472,16579.0,4825.0,1,0
12473,16580.0,4826.0,1,0
12474,16581.0,4827.0,1,1
12475,16582.0,4828.0,1,0
12476,16583.0,4828.0,1,1
12477,16584.0,4828.0,1,0
12478,16585.0,4828.0,1,0
12479,16586.0,4828.0,1,0
12480,16587.0,4828.0,1,1
12481,16589.0,4830.0,1,0
12482,16592.0,4830.0,1,0
12483,16594.0,4830.0,1,0
12484,16596.0,4830.0,1,0
12485,16598.0,4831.0,1,0
12486,16599.0,4832.0,1,1
12487,16600.0,4832.0,1,1
12488,16601.0,4832.0,1,0
12489,16602.0,4832.0,1,1
12490,16603.0,4833.0,1,0
12491,16605.0,4834.0,1,0
12492,16608.0,4835.0,1,0
12493,16609.0,4835.0,1,1
12494,16610.0,4835.0,1,1
12495,16611.0,4836.0,1,0
12496,16612.0,4836.0,1,0
12497,16614.0,4836.0,1,0
12498,16615.0,4836.0,1,0
12499,16616.0,4838.0,1,1
12500,16618.0,4838.0,1,1
12501,16620.0,4839.0,1,1
12502,16621.0,4839.0,1,1
12503,16622.0,4840.0,1,1
12504,16623.0,4840.0,1,0
12505,16625.0,4842.0,1,1
12506,16627.0,4842.0,1,0
12507,16628.0,4842.0,1,0
12508,16629.0,4842.0,1,0
12509,16630.0,4843.0,1,0
12510,16631.0,4843.0,1,0
12511,16633.0,4843.0,1,0
12512,16634.0,4843.0,1,0
12513,16636.0,4844.0,1,0
12514,16637.0,4845.0,1,0
12515,16638.0,4845.0,1,0
12516,16640.0,4845.0,1,0
12517,16641.0,4845.0,1,1
12518,16642.0,4846.0,1,0
12519,16643.0,4846.0,1,1
12520,16644.0,4846.0,1,0
12521,16645.0,4846.0,1,0
12522,16647.0,4846.0,1,1
12523,16648.0,4847.0,1,0
12524,16649.0,4847.0,1,1
12525,16650.0,4848.0,1,0
12526,16653.0,4848.0,1,0
12527,16654.0,4848.0,1,1
12528,16657.0,4849.0,1,0
12529,16658.0,4849.0,1,1
12530,16659.0,4849.0,1,1
12531,16660.0,4849.0,1,1
12532,16661.0,4849.0,1,1
12533,16663.0,4850.0,1,0
12534,16664.0,4850.0,1,1
12535,16665.0,4850.0,1,0
12536,16668.0,4852.0,1,0
12537,16669.0,4852.0,1,1
12538,16670.0,4852.0,1,0
12539,16671.0,4852.0,1,1
12540,16672.0,4854.0,1,0
12541,16673.0,4854.0,1,0
12542,16674.0,4854.0,1,0
12543,16676.0,4855.0,1,1
12544,16677.0,4855.0,1,1
12545,16679.0,4855.0,1,0
12546,16681.0,4856.0,1,0
12547,16682.0,4856.0,1,0
12548,16683.0,4856.0,1,0
12549,16684.0,4857.0,1,0
12550,16685.0,4857.0,1,1
12551,16687.0,4857.0,1,1
12552,16688.0,4858.0,1,0
12553,16689.0,4860.0,1,0
12554,16691.0,4860.0,1,1
12555,16692.0,4860.0,1,0
12556,16693.0,4861.0,1,1
12557,16694.0,4861.0,1,0
12558,16695.0,4861.0,1,1
12559,16696.0,4861.0,1,1
12560,16697.0,4861.0,1,0
12561,16699.0,4861.0,1,1
12562,16701.0,4863.0,1,0
12563,16702.0,4863.0,1,0
12564,16703.0,4863.0,1,1
12565,16704.0,4864.0,1,0
12566,16705.0,4865.0,1,1
12567,16706.0,4866.0,1,0
12568,16707.0,4866.0,1,1
12569,16708.0,4866.0,1,1
12570,16710.0,4867.0,1,1
12571,16714.0,4867.0,1,0
12572,16715.0,4868.0,1,0
12573,16716.0,4868.0,1,1
12574,16718.0,4868.0,1,1
12575,16719.0,4868.0,1,0
12576,16720.0,4868.0,1,1
12577,16721.0,4868.0,1,0
12578,16722.0,4868.0,1,0
12579,16723.0,4868.0,1,1
12580,16725.0,4869.0,1,0
12581,16726.0,4869.0,1,0
12582,16728.0,4869.0,1,0
12583,16729.0,4870.0,1,1
12584,16730.0,4870.0,1,0
12585,16731.0,4870.0,1,0
12586,16733.0,4871.0,1,0
12587,16734.0,4871.0,1,1
12588,16736.0,4872.0,1,0
12589,16737.0,4872.0,1,0
12590,16738.0,4873.0,1,1
12591,16741.0,4873.0,1,0
12592,16743.0,4874.0,1,1
12593,16744.0,4875.0,1,0
12594,16745.0,4875.0,1,1
12595,16747.0,4875.0,1,1
12596,16748.0,4875.0,1,1
12597,16749.0,4876.0,1,0
12598,16750.0,4877.0,1,0
12599,16751.0,4877.0,1,0
12600,16752.0,4878.0,1,0
12601,16754.0,4879.0,1,0
12602,16755.0,4879.0,1,1
12603,16756.0,4879.0,1,1
12604,16757.0,4880.0,1,0
12605,16759.0,4880.0,1,0
12606,16760.0,4880.0,1,0
12607,16761.0,4881.0,1,0
12608,16762.0,4881.0,1,0
12609,16763.0,4881.0,1,0
12610,16764.0,4881.0,1,0
12611,16766.0,4882.0,1,0
12612,16767.0,4884.0,1,0
12613,16768.0,4884.0,1,1
12614,16770.0,4884.0,1,0
12615,16771.0,4884.0,1,0
12616,16772.0,4884.0,1,0
12617,16774.0,4886.0,1,0
12618,16775.0,4886.0,1,1
12619,16776.0,4887.0,1,1
12620,16778.0,4887.0,1,0
12621,16781.0,4887.0,1,1
12622,16782.0,4888.0,1,0
12623,16783.0,4888.0,1,1
12624,16786.0,4890.0,1,0
12625,16787.0,4890.0,1,1
12626,16788.0,4890.0,1,0
12627,16789.0,4890.0,1,1
12628,16791.0,4891.0,1,1
12629,16792.0,4891.0,1,1
12630,16794.0,4891.0,1,1
12631,16795.0,4892.0,1,0
12632,16796.0,4892.0,1,0
12633,16798.0,4892.0,1,0
12634,16799.0,4892.0,1,1
12635,16801.0,4893.0,1,0
12636,16802.0,4893.0,1,1
12637,16804.0,4893.0,1,1
12638,16805.0,4893.0,1,0
12639,16806.0,4894.0,1,0
12640,16807.0,4894.0,1,1
12641,16808.0,4896.0,1,0
12642,16809.0,4896.0,1,1
12643,16810.0,4896.0,1,1
12644,16812.0,4897.0,1,0
12645,16813.0,4898.0,1,0
12646,16814.0,4898.0,1,1
12647,16816.0,4898.0,1,0
12648,16817.0,4899.0,1,0
12649,16820.0,4900.0,1,0
12650,16821.0,4901.0,1,1
12651,16824.0,4902.0,1,0
12652,16825.0,4903.0,1,1
12653,16826.0,4903.0,1,0
12654,16828.0,4903.0,1,0
12655,16829.0,4903.0,1,0
12656,16830.0,4903.0,1,1
12657,16831.0,4903.0,1,0
12658,16832.0,4903.0,1,0
12659,16834.0,4903.0,1,0
12660,16835.0,4904.0,1,1
12661,16836.0,4904.0,1,0
12662,16837.0,4904.0,1,0
12663,16838.0,4904.0,1,0
12664,16840.0,4904.0,1,1
12665,16842.0,4905.0,1,0
12666,16843.0,4905.0,1,0
12667,16845.0,4905.0,1,0
12668,16846.0,4906.0,1,1
12669,16848.0,4907.0,1,1
12670,16849.0,4907.0,1,0
12671,16850.0,4907.0,1,0
12672,16851.0,4907.0,1,0
12673,16853.0,4907.0,1,1
12674,16854.0,4907.0,1,1
12675,16855.0,4908.0,1,0
12676,16856.0,4908.0,1,0
12677,16857.0,4908.0,1,0
12678,16858.0,4908.0,1,0
12679,16859.0,4908.0,1,1
12680,16860.0,4908.0,1,0
12681,16861.0,4909.0,1,0
12682,16862.0,4909.0,1,1
12683,16865.0,4909.0,1,1
12684,16866.0,4910.0,1,0
12685,16867.0,4910.0,1,1
12686,16868.0,4910.0,1,0
12687,16869.0,4910.0,1,1
12688,16870.0,4910.0,1,0
12689,16871.0,4910.0,1,0
12690,16872.0,4911.0,1,1
12691,16873.0,4911.0,1,1
12692,16874.0,4911.0,1,1
12693,16876.0,4912.0,1,1
12694,16877.0,4913.0,1,1
12695,16878.0,4913.0,1,1
12696,16879.0,4913.0,1,1
12697,16880.0,4913.0,1,1
12698,16882.0,4914.0,1,0
12699,16884.0,4914.0,1,0
12700,16885.0,4915.0,1,0
12701,16886.0,4915.0,1,0
12702,16887.0,4915.0,1,0
12703,16888.0,4915.0,1,1
12704,16889.0,4915.0,1,0
12705,16890.0,4916.0,1,0
12706,16891.0,4916.0,1,1
12707,16892.0,4916.0,1,0
12708,16893.0,4916.0,1,1
12709,16895.0,4916.0,1,1
12710,16896.0,4916.0,1,1
12711,16897.0,4916.0,1,1
12712,16899.0,4917.0,1,1
12713,16900.0,4918.0,1,0
12714,16902.0,4918.0,1,1
12715,16904.0,4920.0,1,0
12716,16905.0,4920.0,1,0
12717,16907.0,4920.0,1,0
12718,16908.0,4921.0,1,0
12719,16909.0,4921.0,1,1
12720,16910.0,4921.0,1,0
12721,16911.0,4922.0,1,1
12722,16912.0,4922.0,1,0
12723,16913.0,4922.0,1,0
12724,16915.0,4922.0,1,1
12725,16916.0,4923.0,1,1
12726,16917.0,4923.0,1,1
12727,16918.0,4923.0,1,1
12728,16919.0,4923.0,1,1
12729,16920.0,4924.0,1,0
12730,16921.0,4924.0,1,1
12731,16922.0,4924.0,1,0
12732,16923.0,4924.0,1,0
12733,16924.0,4924.0,1,0
12734,16925.0,4924.0,1,0
12735,16926.0,4924.0,1,0
12736,16927.0,4925.0,1,1
12737,16928.0,4925.0,1,1
12738,16929.0,4925.0,1,1
12739,16930.0,4925.0,1,1
12740,16931.0,4925.0,1,0
12741,16932.0,4926.0,1,0
12742,16933.0,4926.0,1,1
12743,16936.0,4927.0,1,1
12744,16938.0,4928.0,1,0
12745,16939.0,4928.0,1,1
12746,16941.0,4928.0,1,1
12747,16942.0,4929.0,1,0
12748,16944.0,4929.0,1,1
12749,16945.0,4929.0,1,1
12750,16946.0,4929.0,1,0
12751,16947.0,4929.0,1,0
12752,16948.0,4929.0,1,0
12753,16950.0,4930.0,1,1
12754,16952.0,4931.0,1,0
12755,16953.0,4932.0,1,0
12756,16954.0,4932.0,1,0
12757,16955.0,4932.0,1,0
12758,16956.0,4932.0,1,0
12759,16961.0,4937.0,1,1
12760,16962.0,4938.0,1,0
12761,16963.0,4938.0,1,0
12762,16964.0,4938.0,1,0
12763,16965.0,4939.0,1,0
12764,16966.0,4939.0,1,0
12765,16967.0,4939.0,1,0
12766,16968.0,4939.0,1,0
12767,16969.0,4939.0,1,0
12768,16970.0,4939.0,1,1
12769,16972.0,4940.0,1,1
12770,16973.0,4940.0,1,0
12771,16974.0,4940.0,1,1
12772,16975.0,4940.0,1,0
12773,16976.0,4940.0,1,1
12774,16977.0,4940.0,1,0
12775,16978.0,4941.0,1,1
12776,16979.0,4941.0,1,0
12777,16980.0,4941.0,1,0
12778,16981.0,4942.0,1,0
12779,16983.0,4943.0,1,1
12780,16984.0,4943.0,1,0
12781,16986.0,4943.0,1,0
12782,16987.0,4943.0,1,0
12783,16990.0,4944.0,1,1
12784,16991.0,4944.0,1,0
12785,16992.0,4946.0,1,1
12786,16993.0,4947.0,1,0
12787,16994.0,4947.0,1,0
12788,16995.0,4948.0,1,1
12789,16996.0,4948.0,1,0
12790,16998.0,4949.0,1,0
12791,16999.0,4949.0,1,0
12792,17002.0,4950.0,1,0
12793,17004.0,4951.0,1,0
12794,17005.0,4951.0,1,0
12795,17006.0,4951.0,1,0
12796,17007.0,4951.0,1,0
12797,17008.0,4951.0,1,1
12798,17010.0,4951.0,1,0
12799,17011.0,4951.0,1,0
12800,17012.0,4951.0,1,0
12801,17013.0,4952.0,1,0
12802,17014.0,4952.0,1,0
12803,17015.0,4952.0,1,0
12804,17017.0,4952.0,1,0
12805,17018.0,4952.0,1,1
12806,17019.0,4952.0,1,1
12807,17020.0,4953.0,1,1
12808,17021.0,4953.0,1,0
12809,17022.0,4954.0,1,0
12810,17023.0,4954.0,1,0
12811,17024.0,4954.0,1,0
12812,17025.0,4955.0,1,0
12813,17026.0,4956.0,1,0
12814,17029.0,4958.0,1,0
12815,17031.0,4958.0,1,1
12816,17032.0,4959.0,1,1
12817,17033.0,4959.0,1,0
12818,17034.0,4960.0,1,0
12819,17036.0,4960.0,1,0
12820,17037.0,4960.0,1,1
12821,17038.0,4960.0,1,1
12822,17039.0,4960.0,1,0
12823,17042.0,4961.0,1,0
12824,17043.0,4961.0,1,0
12825,17044.0,4962.0,1,1
12826,17046.0,4962.0,1,1
12827,17047.0,4962.0,1,1
12828,17052.0,4964.0,1,0
12829,17053.0,4964.0,1,0
12830,17054.0,4964.0,1,0
12831,17055.0,4964.0,1,0
12832,17057.0,4964.0,1,0
12833,17058.0,4964.0,1,1
12834,17059.0,4964.0,1,1
12835,17061.0,4965.0,1,0
12836,17062.0,4965.0,1,0
12837,17063.0,4965.0,1,0
12838,17064.0,4965.0,1,1
12839,17065.0,4966.0,1,0
12840,17067.0,4969.0,1,0
12841,17068.0,4969.0,1,0
12842,17069.0,4969.0,1,1
12843,17070.0,4969.0,1,0
12844,17071.0,4969.0,1,1
12845,17072.0,4969.0,1,0
12846,17074.0,4969.0,1,0
12847,17075.0,4969.0,1,0
12848,17077.0,4970.0,1,0
12849,17080.0,4972.0,1,0
12850,17081.0,4973.0,1,1
12851,17082.0,4974.0,1,0
12852,17083.0,4974.0,1,0
12853,17084.0,4974.0,1,1
12854,17085.0,4974.0,1,0
12855,17086.0,4975.0,1,0
12856,17087.0,4975.0,1,1
12857,17088.0,4975.0,1,0
12858,17089.0,4975.0,1,1
12859,17090.0,4976.0,1,0
12860,17091.0,4976.0,1,0
12861,17092.0,4977.0,1,0
12862,17093.0,4977.0,1,0
12863,17094.0,4977.0,1,0
12864,17097.0,4978.0,1,0
12865,17098.0,4978.0,1,0
12866,17099.0,4979.0,1,1
12867,17100.0,4979.0,1,1
12868,17103.0,4981.0,1,0
12869,17105.0,4982.0,1,0
12870,17107.0,4982.0,1,1
12871,17108.0,4982.0,1,0
12872,17109.0,4982.0,1,0
12873,17110.0,4982.0,1,0
12874,17111.0,4983.0,1,1
12875,17112.0,4983.0,1,0
12876,17113.0,4983.0,1,1
12877,17114.0,4983.0,1,1
12878,17117.0,4986.0,1,0
12879,17118.0,4986.0,1,0
12880,17119.0,4986.0,1,0
12881,17120.0,4986.0,1,0
12882,17122.0,4988.0,1,1
12883,17125.0,4989.0,1,0
12884,17127.0,4989.0,1,0
12885,17128.0,4990.0,1,0
12886,17131.0,4990.0,1,1
12887,17132.0,4990.0,1,0
12888,17133.0,4990.0,1,0
12889,17134.0,4991.0,1,1
12890,17135.0,4991.0,1,1
12891,17136.0,4991.0,1,0
12892,17139.0,4992.0,1,0
12893,17141.0,4992.0,1,0
12894,17142.0,4992.0,1,1
12895,17144.0,4993.0,1,0
12896,17145.0,4993.0,1,1
12897,17146.0,4993.0,1,0
12898,17148.0,4994.0,1,1
12899,17149.0,4994.0,1,0
12900,17150.0,4994.0,1,1
12901,17151.0,4995.0,1,0
12902,17152.0,4995.0,1,1
12903,17153.0,4995.0,1,0
12904,17154.0,4995.0,1,1
12905,17155.0,4995.0,1,0
12906,17157.0,4995.0,1,0
12907,17158.0,4996.0,1,0
12908,17159.0,4996.0,1,1
12909,17160.0,4997.0,1,0
12910,17161.0,4997.0,1,1
12911,17162.0,4997.0,1,0
12912,17163.0,4997.0,1,1
12913,17164.0,4998.0,1,1
12914,17166.0,4998.0,1,1
12915,17167.0,4998.0,1,1
12916,17170.0,4999.0,1,0
12917,17172.0,4999.0,1,1
12918,17173.0,4999.0,1,0
12919,17174.0,4999.0,1,1
12920,17175.0,4999.0,1,0
12921,17177.0,5000.0,1,1
12922,17178.0,5000.0,1,1
12923,17179.0,5001.0,1,0
12924,17180.0,5001.0,1,1
12925,17181.0,5002.0,1,1
12926,17182.0,5002.0,1,1
12927,17183.0,5002.0,1,1
12928,17184.0,5002.0,1,0
12929,17185.0,5002.0,1,0
12930,17187.0,5002.0,1,0
12931,17188.0,5002.0,1,0
12932,17189.0,5002.0,1,0
12933,17191.0,5003.0,1,0
12934,17193.0,5004.0,1,1
12935,17194.0,5004.0,1,0
12936,17195.0,5004.0,1,0
12937,17196.0,5004.0,1,0
12938,17197.0,5004.0,1,1
12939,17198.0,5004.0,1,0
12940,17199.0,5004.0,1,0
12941,17200.0,5004.0,1,0
12942,17201.0,5005.0,1,1
12943,17202.0,5005.0,1,1
12944,17203.0,5005.0,1,1
12945,17204.0,5005.0,1,0
12946,17205.0,5006.0,1,0
12947,17206.0,5006.0,1,1
12948,17208.0,5006.0,1,1
12949,17209.0,5006.0,1,1
12950,17210.0,5006.0,1,1
12951,17211.0,5008.0,1,0
12952,17212.0,5008.0,1,1
12953,17214.0,5008.0,1,0
12954,17215.0,5009.0,1,1
12955,17216.0,5010.0,1,0
12956,17218.0,5010.0,1,0
12957,17219.0,5011.0,1,1
12958,17220.0,5012.0,1,0
12959,17222.0,5015.0,1,0
12960,17223.0,5015.0,1,1
12961,17224.0,5015.0,1,1
12962,17225.0,5016.0,1,0
12963,17226.0,5016.0,1,1
12964,17227.0,5016.0,1,1
12965,17229.0,5017.0,1,1
12966,17230.0,5017.0,1,0
12967,17231.0,5017.0,1,1
12968,17232.0,5017.0,1,1
12969,17234.0,5019.0,1,1
12970,17235.0,5019.0,1,1
12971,17238.0,5020.0,1,1
12972,17239.0,5021.0,1,0
12973,17242.0,5022.0,1,0
12974,17243.0,5022.0,1,1
12975,17246.0,5022.0,1,1
12976,17247.0,5022.0,1,0
12977,17248.0,5022.0,1,0
12978,17250.0,5023.0,1,1
12979,17251.0,5023.0,1,0
12980,17253.0,5024.0,1,1
12981,17257.0,5026.0,1,1
12982,17258.0,5026.0,1,1
12983,17259.0,5026.0,1,1
12984,17261.0,5026.0,1,0
12985,17262.0,5026.0,1,0
12986,17263.0,5026.0,1,0
12987,17264.0,5027.0,1,0
12988,17265.0,5027.0,1,0
12989,17266.0,5027.0,1,0
12990,17267.0,5027.0,1,0
12991,17268.0,5027.0,1,0
12992,17269.0,5027.0,1,1
12993,17272.0,5027.0,1,0
12994,17273.0,5028.0,1,1
12995,17274.0,5028.0,1,1
12996,17275.0,5029.0,1,1
12997,17276.0,5029.0,1,0
12998,17277.0,5029.0,1,0
12999,17278.0,5029.0,1,0
13000,17280.0,5029.0,1,0
13001,17281.0,5029.0,1,0
13002,17282.0,5029.0,1,1
13003,17283.0,5029.0,1,1
13004,17284.0,5029.0,1,1
13005,17287.0,5031.0,1,1
13006,17288.0,5033.0,1,1
13007,17292.0,5033.0,1,0
13008,17293.0,5033.0,1,0
13009,17294.0,5034.0,1,0
13010,17295.0,5034.0,1,0
13011,17297.0,5034.0,1,0
13012,17298.0,5034.0,1,1
13013,17299.0,5035.0,1,0
13014,17300.0,5035.0,1,0
13015,17303.0,5036.0,1,1
13016,17304.0,5036.0,1,0
13017,17305.0,5036.0,1,0
13018,17307.0,5039.0,1,1
13019,17309.0,5039.0,1,1
13020,17310.0,5039.0,1,1
13021,17311.0,5039.0,1,1
13022,17312.0,5040.0,1,1
13023,17313.0,5040.0,1,0
13024,17314.0,5040.0,1,0
13025,17315.0,5040.0,1,1
13026,17317.0,5041.0,1,0
13027,17318.0,5041.0,1,1
13028,17319.0,5041.0,1,0
13029,17320.0,5041.0,1,1
13030,17321.0,5041.0,1,0
13031,17322.0,5041.0,1,0
13032,17323.0,5042.0,1,0
13033,17324.0,5042.0,1,1
13034,17325.0,5042.0,1,1
13035,17326.0,5042.0,1,1
13036,17327.0,5042.0,1,1
13037,17328.0,5043.0,1,0
13038,17329.0,5043.0,1,1
13039,17330.0,5043.0,1,1
13040,17331.0,5043.0,1,0
13041,17332.0,5043.0,1,1
13042,17335.0,5044.0,1,1
13043,17336.0,5045.0,1,0
13044,17337.0,5046.0,1,1
13045,17338.0,5046.0,1,0
13046,17339.0,5047.0,1,1
13047,17343.0,5047.0,1,0
13048,17344.0,5047.0,1,1
13049,17347.0,5048.0,1,0
13050,17348.0,5048.0,1,0
13051,17349.0,5049.0,1,1
13052,17350.0,5049.0,1,0
13053,17351.0,5049.0,1,0
13054,17353.0,5049.0,1,1
13055,17355.0,5049.0,1,0
13056,17356.0,5050.0,1,1
13057,17358.0,5050.0,1,1
13058,17359.0,5050.0,1,0
13059,17362.0,5051.0,1,1
13060,17364.0,5054.0,1,0
13061,17366.0,5054.0,1,0
13062,17367.0,5056.0,1,0
13063,17368.0,5056.0,1,1
13064,17370.0,5057.0,1,1
13065,17371.0,5057.0,1,0
13066,17374.0,5057.0,1,0
13067,17375.0,5058.0,1,0
13068,17376.0,5058.0,1,0
13069,17377.0,5058.0,1,1
13070,17378.0,5059.0,1,0
13071,17381.0,5060.0,1,1
13072,17382.0,5060.0,1,0
13073,17384.0,5060.0,1,0
13074,17386.0,5062.0,1,1
13075,17387.0,5062.0,1,0
13076,17388.0,5062.0,1,0
13077,17390.0,5062.0,1,0
13078,17391.0,5062.0,1,1
13079,17392.0,5062.0,1,0
13080,17393.0,5062.0,1,0
13081,17394.0,5062.0,1,1
13082,17395.0,5062.0,1,0
13083,17396.0,5063.0,1,0
13084,17397.0,5063.0,1,0
13085,17398.0,5063.0,1,0
13086,17399.0,5063.0,1,1
13087,17401.0,5064.0,1,1
13088,17403.0,5064.0,1,0
13089,17405.0,5064.0,1,0
13090,17407.0,5064.0,1,0
13091,17408.0,5064.0,1,0
13092,17409.0,5064.0,1,0
13093,17410.0,5065.0,1,1
13094,17411.0,5065.0,1,1
13095,17412.0,5065.0,1,1
13096,17413.0,5065.0,1,0
13097,17415.0,5066.0,1,0
13098,17416.0,5066.0,1,1
13099,17417.0,5067.0,1,0
13100,17418.0,5067.0,1,0
13101,17420.0,5067.0,1,0
13102,17421.0,5067.0,1,1
13103,17422.0,5068.0,1,1
13104,17425.0,5069.0,1,1
13105,17426.0,5069.0,1,0
13106,17427.0,5070.0,1,0
13107,17428.0,5070.0,1,1
13108,17430.0,5071.0,1,0
13109,17431.0,5072.0,1,1
13110,17432.0,5072.0,1,0
13111,17434.0,5072.0,1,0
13112,17435.0,5072.0,1,0
13113,17436.0,5073.0,1,0
13114,17437.0,5073.0,1,0
13115,17438.0,5073.0,1,0
13116,17440.0,5073.0,1,1
13117,17441.0,5073.0,1,0
13118,17442.0,5073.0,1,1
13119,17443.0,5074.0,1,0
13120,17444.0,5074.0,1,0
13121,17445.0,5075.0,1,0
13122,17446.0,5075.0,1,0
13123,17447.0,5075.0,1,0
13124,17448.0,5076.0,1,0
13125,17449.0,5076.0,1,0
13126,17450.0,5077.0,1,1
13127,17451.0,5078.0,1,1
13128,17453.0,5078.0,1,0
13129,17456.0,5081.0,1,0
13130,17457.0,5081.0,1,0
13131,17458.0,5081.0,1,0
13132,17459.0,5082.0,1,0
13133,17460.0,5082.0,1,1
13134,17461.0,5082.0,1,0
13135,17462.0,5083.0,1,0
13136,17464.0,5085.0,1,0
13137,17465.0,5085.0,1,1
13138,17467.0,5085.0,1,0
13139,17469.0,5089.0,1,1
13140,17470.0,5090.0,1,0
13141,17473.0,5091.0,1,0
13142,17474.0,5091.0,1,1
13143,17475.0,5091.0,1,1
13144,17477.0,5092.0,1,0
13145,17478.0,5092.0,1,0
13146,17479.0,5092.0,1,0
13147,17480.0,5092.0,1,0
13148,17481.0,5092.0,1,0
13149,17482.0,5093.0,1,1
13150,17483.0,5093.0,1,1
13151,17484.0,5093.0,1,0
13152,17485.0,5093.0,1,0
13153,17486.0,5093.0,1,1
13154,17488.0,5094.0,1,1
13155,17490.0,5094.0,1,1
13156,17491.0,5094.0,1,0
13157,17492.0,5094.0,1,0
13158,17494.0,5094.0,1,0
13159,17495.0,5094.0,1,0
13160,17496.0,5095.0,1,1
13161,17497.0,5095.0,1,1
13162,17499.0,5095.0,1,0
13163,17501.0,5096.0,1,0
13164,17502.0,5097.0,1,0
13165,17505.0,5097.0,1,0
13166,17506.0,5097.0,1,0
13167,17507.0,5098.0,1,0
13168,17508.0,5098.0,1,1
13169,17509.0,5098.0,1,0
13170,17510.0,5099.0,1,1
13171,17511.0,5099.0,1,0
13172,17512.0,5099.0,1,0
13173,17513.0,5100.0,1,0
13174,17514.0,5100.0,1,1
13175,17515.0,5101.0,1,0
13176,17516.0,5102.0,1,1
13177,17517.0,5103.0,1,0
13178,17518.0,5104.0,1,0
13179,17519.0,5105.0,1,0
13180,17520.0,5105.0,1,0
13181,17521.0,5105.0,1,1
13182,17523.0,5105.0,1,0
13183,17526.0,5106.0,1,0
13184,17527.0,5107.0,1,1
13185,17528.0,5107.0,1,0
13186,17529.0,5107.0,1,0
13187,17530.0,5107.0,1,0
13188,17531.0,5107.0,1,0
13189,17532.0,5107.0,1,1
13190,17534.0,5108.0,1,0
13191,17535.0,5108.0,1,1
13192,17536.0,5108.0,1,0
13193,17537.0,5109.0,1,1
13194,17539.0,5110.0,1,1
13195,17540.0,5110.0,1,1
13196,17541.0,5111.0,1,1
13197,17542.0,5111.0,1,1
13198,17543.0,5111.0,1,0
13199,17544.0,5113.0,1,1
13200,17545.0,5113.0,1,0
13201,17546.0,5113.0,1,0
13202,17547.0,5114.0,1,0
13203,17548.0,5114.0,1,1
13204,17549.0,5114.0,1,0
13205,17550.0,5114.0,1,0
13206,17551.0,5116.0,1,0
13207,17552.0,5116.0,1,0
13208,17554.0,5117.0,1,0
13209,17555.0,5117.0,1,0
13210,17556.0,5117.0,1,0
13211,17557.0,5118.0,1,0
13212,17558.0,5118.0,1,0
13213,17559.0,5118.0,1,1
13214,17560.0,5118.0,1,0
13215,17561.0,5118.0,1,0
13216,17563.0,5118.0,1,0
13217,17564.0,5118.0,1,0
13218,17565.0,5118.0,1,0
13219,17566.0,5118.0,1,0
13220,17567.0,5118.0,1,0
13221,17570.0,5121.0,1,0
13222,17571.0,5121.0,1,0
13223,17572.0,5121.0,1,0
13224,17574.0,5122.0,1,0
13225,17575.0,5123.0,1,0
13226,17576.0,5123.0,1,1
13227,17577.0,5123.0,1,0
13228,17578.0,5123.0,1,0
13229,17579.0,5124.0,1,0
13230,17581.0,5125.0,1,0
13231,17582.0,5126.0,1,1
13232,17583.0,5126.0,1,1
13233,17584.0,5127.0,1,0
13234,17585.0,5127.0,1,1
13235,17586.0,5127.0,1,1
13236,17587.0,5128.0,1,0
13237,17588.0,5128.0,1,1
13238,17590.0,5129.0,1,0
13239,17592.0,5129.0,1,0
13240,17593.0,5131.0,1,0
13241,17594.0,5131.0,1,0
13242,17595.0,5131.0,1,0
13243,17596.0,5131.0,1,0
13244,17597.0,5131.0,1,1
13245,17598.0,5132.0,1,1
13246,17599.0,5132.0,1,0
13247,17600.0,5132.0,1,1
13248,17601.0,5132.0,1,0
13249,17602.0,5133.0,1,0
13250,17604.0,5134.0,1,0
13251,17606.0,5135.0,1,1
13252,17607.0,5135.0,1,0
13253,17608.0,5136.0,1,0
13254,17609.0,5136.0,1,1
13255,17611.0,5137.0,1,0
13256,17612.0,5137.0,1,1
13257,17613.0,5138.0,1,1
13258,17614.0,5138.0,1,1
13259,17615.0,5139.0,1,1
13260,17616.0,5139.0,1,1
13261,17617.0,5139.0,1,0
13262,17618.0,5139.0,1,0
13263,17620.0,5139.0,1,0
13264,17621.0,5139.0,1,0
13265,17623.0,5140.0,1,0
13266,17624.0,5141.0,1,0
13267,17625.0,5141.0,1,0
13268,17626.0,5141.0,1,0
13269,17627.0,5141.0,1,0
13270,17628.0,5141.0,1,0
13271,17630.0,5141.0,1,0
13272,17631.0,5141.0,1,0
13273,17633.0,5143.0,1,0
13274,17634.0,5143.0,1,0
13275,17635.0,5144.0,1,0
13276,17637.0,5146.0,1,0
13277,17638.0,5146.0,1,1
13278,17639.0,5147.0,1,0
13279,17640.0,5147.0,1,0
13280,17641.0,5147.0,1,0
13281,17643.0,5147.0,1,1
13282,17644.0,5147.0,1,0
13283,17645.0,5148.0,1,0
13284,17647.0,5149.0,1,0
13285,17648.0,5149.0,1,0
13286,17649.0,5150.0,1,0
13287,17650.0,5150.0,1,0
13288,17652.0,5151.0,1,0
13289,17655.0,5152.0,1,0
13290,17656.0,5152.0,1,0
13291,17657.0,5152.0,1,1
13292,17658.0,5152.0,1,0
13293,17660.0,5152.0,1,0
13294,17662.0,5153.0,1,1
13295,17663.0,5153.0,1,0
13296,17664.0,5154.0,1,0
13297,17665.0,5154.0,1,0
13298,17667.0,5155.0,1,0
13299,17669.0,5156.0,1,0
13300,17670.0,5157.0,1,0
13301,17671.0,5157.0,1,0
13302,17672.0,5157.0,1,0
13303,17673.0,5157.0,1,1
13304,17674.0,5157.0,1,0
13305,17675.0,5158.0,1,0
13306,17678.0,5161.0,1,1
13307,17679.0,5163.0,1,0
13308,17680.0,5163.0,1,1
13309,17681.0,5164.0,1,0
13310,17683.0,5165.0,1,0
13311,17685.0,5166.0,1,0
13312,17686.0,5166.0,1,0
13313,17688.0,5166.0,1,0
13314,17689.0,5166.0,1,1
13315,17690.0,5166.0,1,1
13316,17691.0,5167.0,1,1
13317,17696.0,5168.0,1,0
13318,17697.0,5168.0,1,0
13319,17698.0,5168.0,1,0
13320,17699.0,5168.0,1,0
13321,17700.0,5168.0,1,0
13322,17701.0,5169.0,1,0
13323,17703.0,5169.0,1,1
13324,17704.0,5169.0,1,1
13325,17705.0,5170.0,1,1
13326,17706.0,5170.0,1,0
13327,17707.0,5170.0,1,0
13328,17708.0,5170.0,1,1
13329,17709.0,5171.0,1,0
13330,17710.0,5171.0,1,0
13331,17713.0,5172.0,1,0
13332,17714.0,5172.0,1,0
13333,17716.0,5172.0,1,1
13334,17718.0,5173.0,1,0
13335,17720.0,5173.0,1,0
13336,17723.0,5174.0,1,0
13337,17724.0,5174.0,1,0
13338,17725.0,5174.0,1,0
13339,17726.0,5174.0,1,1
13340,17727.0,5174.0,1,1
13341,17729.0,5174.0,1,0
13342,17730.0,5174.0,1,0
13343,17731.0,5175.0,1,1
13344,17732.0,5175.0,1,0
13345,17733.0,5176.0,1,0
13346,17734.0,5176.0,1,0
13347,17736.0,5178.0,1,0
13348,17737.0,5179.0,1,0
13349,17742.0,5180.0,1,0
13350,17743.0,5181.0,1,1
13351,17745.0,5181.0,1,0
13352,17747.0,5181.0,1,0
13353,17748.0,5182.0,1,1
13354,17749.0,5182.0,1,0
13355,17750.0,5182.0,1,0
13356,17751.0,5182.0,1,1
13357,17752.0,5182.0,1,1
13358,17753.0,5183.0,1,0
13359,17754.0,5183.0,1,0
13360,17755.0,5184.0,1,0
13361,17756.0,5184.0,1,1
13362,17757.0,5184.0,1,0
13363,17759.0,5184.0,1,1
13364,17761.0,5185.0,1,0
13365,17762.0,5185.0,1,0
13366,17763.0,5185.0,1,0
13367,17764.0,5185.0,1,0
13368,17765.0,5185.0,1,0
13369,17768.0,5186.0,1,0
13370,17769.0,5186.0,1,0
13371,17771.0,5187.0,1,0
13372,17772.0,5187.0,1,0
13373,17773.0,5187.0,1,1
13374,17774.0,5187.0,1,0
13375,17776.0,5187.0,1,0
13376,17777.0,5187.0,1,0
13377,17779.0,5187.0,1,1
13378,17781.0,5188.0,1,0
13379,17782.0,5188.0,1,0
13380,17783.0,5188.0,1,0
13381,17784.0,5188.0,1,1
13382,17785.0,5188.0,1,0
13383,17786.0,5189.0,1,1
13384,17788.0,5189.0,1,0
13385,17790.0,5189.0,1,0
13386,17791.0,5190.0,1,0
13387,17792.0,5190.0,1,1
13388,17793.0,5190.0,1,0
13389,17794.0,5190.0,1,0
13390,17795.0,5190.0,1,0
13391,17796.0,5191.0,1,1
13392,17797.0,5191.0,1,0
13393,17798.0,5191.0,1,1
13394,17799.0,5192.0,1,0
13395,17800.0,5192.0,1,1
13396,17801.0,5192.0,1,1
13397,17802.0,5192.0,1,0
13398,17803.0,5192.0,1,0
13399,17804.0,5194.0,1,0
13400,17806.0,5194.0,1,0
13401,17807.0,5195.0,1,1
13402,17808.0,5195.0,1,0
13403,17810.0,5195.0,1,1
13404,17811.0,5196.0,1,1
13405,17812.0,5196.0,1,0
13406,17813.0,5196.0,1,0
13407,17814.0,5196.0,1,0
13408,17815.0,5196.0,1,0
13409,17816.0,5197.0,1,0
13410,17817.0,5197.0,1,1
13411,17818.0,5197.0,1,0
13412,17820.0,5197.0,1,1
13413,17821.0,5197.0,1,0
13414,17822.0,5197.0,1,0
13415,17824.0,5198.0,1,1
13416,17825.0,5198.0,1,0
13417,17826.0,5199.0,1,0
13418,17827.0,5199.0,1,1
13419,17828.0,5199.0,1,0
13420,17829.0,5199.0,1,0
13421,17831.0,5200.0,1,1
13422,17832.0,5201.0,1,1
13423,17833.0,5202.0,1,1
13424,17834.0,5202.0,1,0
13425,17835.0,5204.0,1,0
13426,17836.0,5204.0,1,1
13427,17838.0,5205.0,1,0
13428,17839.0,5206.0,1,0
13429,17840.0,5206.0,1,1
13430,17841.0,5206.0,1,0
13431,17842.0,5206.0,1,0
13432,17844.0,5206.0,1,1
13433,17845.0,5207.0,1,0
13434,17846.0,5207.0,1,0
13435,17847.0,5208.0,1,0
13436,17850.0,5208.0,1,0
13437,17851.0,5209.0,1,1
13438,17855.0,5210.0,1,0
13439,17856.0,5211.0,1,0
13440,17857.0,5211.0,1,0
13441,17861.0,5212.0,1,1
13442,17862.0,5213.0,1,0
13443,17864.0,5214.0,1,1
13444,17865.0,5214.0,1,1
13445,17866.0,5215.0,1,0
13446,17869.0,5215.0,1,1
13447,17870.0,5215.0,1,0
13448,17871.0,5215.0,1,1
13449,17872.0,5217.0,1,0
13450,17875.0,5217.0,1,0
13451,17876.0,5217.0,1,0
13452,17877.0,5217.0,1,0
13453,17878.0,5217.0,1,1
13454,17879.0,5217.0,1,0
13455,17880.0,5218.0,1,0
13456,17881.0,5218.0,1,0
13457,17882.0,5219.0,1,1
13458,17883.0,5219.0,1,1
13459,17884.0,5219.0,1,0
13460,17886.0,5220.0,1,0
13461,17887.0,5220.0,1,1
13462,17888.0,5220.0,1,1
13463,17893.0,5222.0,1,0
13464,17894.0,5222.0,1,0
13465,17895.0,5222.0,1,0
13466,17896.0,5222.0,1,1
13467,17899.0,5223.0,1,0
13468,17900.0,5223.0,1,0
13469,17901.0,5224.0,1,0
13470,17902.0,5224.0,1,0
13471,17904.0,5224.0,1,0
13472,17906.0,5225.0,1,1
13473,17907.0,5225.0,1,0
13474,17909.0,5225.0,1,1
13475,17910.0,5226.0,1,1
13476,17913.0,5226.0,1,0
13477,17914.0,5226.0,1,0
13478,17915.0,5227.0,1,0
13479,17916.0,5227.0,1,0
13480,17917.0,5228.0,1,1
13481,17918.0,5228.0,1,0
13482,17919.0,5228.0,1,1
13483,17920.0,5229.0,1,0
13484,17921.0,5229.0,1,0
13485,17922.0,5229.0,1,0
13486,17923.0,5229.0,1,0
13487,17925.0,5229.0,1,1
13488,17927.0,5230.0,1,1
13489,17928.0,5230.0,1,0
13490,17929.0,5230.0,1,0
13491,17930.0,5230.0,1,0
13492,17931.0,5230.0,1,0
13493,17932.0,5230.0,1,1
13494,17933.0,5232.0,1,0
13495,17934.0,5232.0,1,0
13496,17935.0,5232.0,1,0
13497,17936.0,5232.0,1,1
13498,17937.0,5233.0,1,0
13499,17938.0,5233.0,1,0
13500,17939.0,5233.0,1,0
13501,17940.0,5233.0,1,0
13502,17941.0,5234.0,1,1
13503,17942.0,5234.0,1,0
13504,17943.0,5234.0,1,0
13505,17944.0,5234.0,1,1
13506,17946.0,5235.0,1,0
13507,17947.0,5236.0,1,1
13508,17951.0,5236.0,1,0
13509,17952.0,5236.0,1,0
13510,17953.0,5237.0,1,0
13511,17955.0,5237.0,1,1
13512,17956.0,5237.0,1,0
13513,17958.0,5237.0,1,1
13514,17959.0,5238.0,1,0
13515,17960.0,5238.0,1,1
13516,17961.0,5238.0,1,0
13517,17962.0,5238.0,1,0
13518,17963.0,5238.0,1,1
13519,17964.0,5239.0,1,0
13520,17966.0,5239.0,1,0
13521,17969.0,5240.0,1,0
13522,17970.0,5240.0,1,0
13523,17973.0,5241.0,1,0
13524,17975.0,5241.0,1,0
13525,17977.0,5242.0,1,0
13526,17978.0,5243.0,1,0
13527,17980.0,5243.0,1,0
13528,17981.0,5243.0,1,0
13529,17982.0,5243.0,1,1
13530,17983.0,5244.0,1,0
13531,17985.0,5245.0,1,0
13532,17986.0,5247.0,1,0
13533,17987.0,5247.0,1,0
13534,17988.0,5248.0,1,1
13535,17991.0,5249.0,1,1
13536,17992.0,5249.0,1,1
13537,17993.0,5250.0,1,0
13538,17994.0,5251.0,1,0
13539,17995.0,5251.0,1,0
13540,17996.0,5252.0,1,1
13541,17997.0,5252.0,1,1
13542,17998.0,5252.0,1,1
13543,18000.0,5253.0,1,0
13544,18002.0,5253.0,1,0
13545,18004.0,5254.0,1,0
13546,18005.0,5254.0,1,0
13547,18006.0,5255.0,1,0
13548,18008.0,5256.0,1,1
13549,18009.0,5256.0,1,1
13550,18010.0,5256.0,1,1
13551,18011.0,5256.0,1,0
13552,18012.0,5256.0,1,1
13553,18014.0,5257.0,1,0
13554,18016.0,5258.0,1,1
13555,18017.0,5258.0,1,1
13556,18019.0,5258.0,1,1
13557,18020.0,5258.0,1,1
13558,18021.0,5258.0,1,0
13559,18022.0,5259.0,1,0
13560,18023.0,5259.0,1,0
13561,18024.0,5259.0,1,0
13562,18025.0,5259.0,1,0
13563,18026.0,5259.0,1,0
13564,18027.0,5260.0,1,0
13565,18028.0,5260.0,1,0
13566,18030.0,5260.0,1,0
13567,18031.0,5261.0,1,0
13568,18032.0,5261.0,1,0
13569,18033.0,5261.0,1,1
13570,18035.0,5261.0,1,1
13571,18036.0,5261.0,1,1
13572,18037.0,5261.0,1,0
13573,18040.0,5262.0,1,1
13574,18041.0,5263.0,1,0
13575,18042.0,5263.0,1,1
13576,18043.0,5263.0,1,0
13577,18044.0,5263.0,1,0
13578,18045.0,5265.0,1,0
13579,18046.0,5265.0,1,0
13580,18047.0,5266.0,1,1
13581,18049.0,5266.0,1,0
13582,18050.0,5266.0,1,1
13583,18051.0,5266.0,1,0
13584,18052.0,5266.0,1,0
13585,18053.0,5266.0,1,0
13586,18054.0,5267.0,1,0
13587,18055.0,5267.0,1,1
13588,18058.0,5268.0,1,0
13589,18059.0,5269.0,1,0
13590,18060.0,5270.0,1,0
13591,18061.0,5270.0,1,0
13592,18062.0,5270.0,1,0
13593,18064.0,5270.0,1,0
13594,18065.0,5271.0,1,0
13595,18067.0,5271.0,1,1
13596,18069.0,5271.0,1,1
13597,18070.0,5271.0,1,0
13598,18072.0,5271.0,1,1
13599,18073.0,5272.0,1,0
13600,18074.0,5273.0,1,0
13601,18075.0,5273.0,1,1
13602,18076.0,5274.0,1,0
13603,18078.0,5274.0,1,1
13604,18079.0,5274.0,1,0
13605,18080.0,5275.0,1,0
13606,18081.0,5275.0,1,1
13607,18082.0,5276.0,1,0
13608,18084.0,5276.0,1,0
13609,18085.0,5276.0,1,1
13610,18087.0,5276.0,1,1
13611,18090.0,5277.0,1,0
13612,18091.0,5278.0,1,0
13613,18093.0,5278.0,1,0
13614,18095.0,5279.0,1,0
13615,18096.0,5279.0,1,1
13616,18099.0,5279.0,1,0
13617,18100.0,5280.0,1,0
13618,18102.0,5280.0,1,0
13619,18103.0,5280.0,1,0
13620,18105.0,5280.0,1,1
13621,18106.0,5281.0,1,0
13622,18107.0,5281.0,1,0
13623,18108.0,5281.0,1,0
13624,18109.0,5281.0,1,0
13625,18111.0,5281.0,1,0
13626,18112.0,5281.0,1,1
13627,18113.0,5281.0,1,0
13628,18115.0,5283.0,1,0
13629,18116.0,5283.0,1,1
13630,18118.0,5283.0,1,1
13631,18119.0,5283.0,1,1
13632,18122.0,5285.0,1,0
13633,18123.0,5285.0,1,1
13634,18124.0,5286.0,1,1
13635,18125.0,5286.0,1,0
13636,18126.0,5286.0,1,0
13637,18127.0,5286.0,1,0
13638,18128.0,5286.0,1,1
13639,18130.0,5286.0,1,1
13640,18131.0,5286.0,1,0
13641,18133.0,5287.0,1,0
13642,18134.0,5287.0,1,0
13643,18135.0,5287.0,1,1
13644,18136.0,5288.0,1,1
13645,18138.0,5288.0,1,1
13646,18140.0,5288.0,1,1
13647,18141.0,5288.0,1,0
13648,18142.0,5288.0,1,0
13649,18143.0,5289.0,1,0
13650,18145.0,5290.0,1,0
13651,18146.0,5290.0,1,0
13652,18147.0,5290.0,1,0
13653,18148.0,5290.0,1,1
13654,18149.0,5290.0,1,0
13655,18151.0,5291.0,1,0
13656,18152.0,5291.0,1,1
13657,18153.0,5291.0,1,0
13658,18154.0,5291.0,1,0
13659,18157.0,5292.0,1,0
13660,18158.0,5292.0,1,0
13661,18159.0,5292.0,1,0
13662,18161.0,5293.0,1,0
13663,18162.0,5294.0,1,1
13664,18163.0,5294.0,1,0
13665,18164.0,5294.0,1,0
13666,18165.0,5294.0,1,0
13667,18169.0,5296.0,1,1
13668,18170.0,5296.0,1,0
13669,18174.0,5298.0,1,1
13670,18175.0,5298.0,1,1
13671,18176.0,5298.0,1,0
13672,18177.0,5298.0,1,0
13673,18178.0,5298.0,1,1
13674,18179.0,5298.0,1,1
13675,18180.0,5299.0,1,1
13676,18181.0,5299.0,1,0
13677,18183.0,5299.0,1,1
13678,18184.0,5299.0,1,1
13679,18185.0,5299.0,1,1
13680,18186.0,5300.0,1,0
13681,18187.0,5300.0,1,0
13682,18188.0,5300.0,1,0
13683,18190.0,5300.0,1,1
13684,18191.0,5300.0,1,1
13685,18192.0,5300.0,1,0
13686,18193.0,5300.0,1,0
13687,18195.0,5302.0,1,1
13688,18196.0,5302.0,1,0
13689,18197.0,5302.0,1,0
13690,18198.0,5302.0,1,0
13691,18199.0,5302.0,1,0
13692,18200.0,5303.0,1,0
13693,18202.0,5303.0,1,0
13694,18203.0,5304.0,1,1
13695,18204.0,5304.0,1,1
13696,18205.0,5304.0,1,1
13697,18206.0,5304.0,1,0
13698,18207.0,5305.0,1,0
13699,18208.0,5305.0,1,0
13700,18213.0,5306.0,1,0
13701,18214.0,5306.0,1,0
13702,18215.0,5308.0,1,1
13703,18216.0,5308.0,1,1
13704,18218.0,5308.0,1,0
13705,18219.0,5308.0,1,0
13706,18220.0,5308.0,1,1
13707,18221.0,5308.0,1,0
13708,18222.0,5309.0,1,1
13709,18223.0,5309.0,1,0
13710,18224.0,5309.0,1,1
13711,18225.0,5310.0,1,0
13712,18226.0,5311.0,1,0
13713,18228.0,5312.0,1,1
13714,18229.0,5312.0,1,1
13715,18230.0,5312.0,1,0
13716,18231.0,5312.0,1,0
13717,18232.0,5312.0,1,1
13718,18233.0,5312.0,1,1
13719,18234.0,5313.0,1,0
13720,18235.0,5313.0,1,1
13721,18236.0,5313.0,1,1
13722,18238.0,5313.0,1,0
13723,18239.0,5313.0,1,0
13724,18240.0,5313.0,1,0
13725,18241.0,5313.0,1,1
13726,18243.0,5314.0,1,0
13727,18244.0,5314.0,1,0
13728,18246.0,5315.0,1,0
13729,18247.0,5315.0,1,1
13730,18248.0,5315.0,1,0
13731,18250.0,5316.0,1,1
13732,18251.0,5316.0,1,0
13733,18253.0,5317.0,1,1
13734,18254.0,5317.0,1,0
13735,18255.0,5317.0,1,0
13736,18257.0,5317.0,1,1
13737,18258.0,5318.0,1,0
13738,18259.0,5318.0,1,0
13739,18262.0,5319.0,1,0
13740,18263.0,5319.0,1,0
13741,18264.0,5319.0,1,0
13742,18265.0,5320.0,1,0
13743,18267.0,5320.0,1,1
13744,18268.0,5321.0,1,0
13745,18270.0,5321.0,1,1
13746,18271.0,5321.0,1,0
13747,18272.0,5322.0,1,0
13748,18273.0,5322.0,1,1
13749,18274.0,5322.0,1,0
13750,18275.0,5322.0,1,0
13751,18276.0,5322.0,1,1
13752,18277.0,5323.0,1,0
13753,18279.0,5323.0,1,0
13754,18280.0,5323.0,1,0
13755,18282.0,5324.0,1,1
13756,18284.0,5324.0,1,1
13757,18285.0,5325.0,1,1
13758,18287.0,5325.0,1,1
13759,18288.0,5325.0,1,0
13760,18289.0,5326.0,1,1
13761,18290.0,5326.0,1,1
13762,18291.0,5326.0,1,0
13763,18292.0,5326.0,1,1
13764,18293.0,5326.0,1,1
13765,18295.0,5327.0,1,0
13766,18298.0,5328.0,1,1
13767,18299.0,5328.0,1,1
13768,18300.0,5328.0,1,0
13769,18301.0,5329.0,1,1
13770,18302.0,5329.0,1,0
13771,18303.0,5329.0,1,0
13772,18304.0,5329.0,1,0
13773,18305.0,5329.0,1,0
13774,18306.0,5329.0,1,1
13775,18307.0,5330.0,1,1
13776,18308.0,5330.0,1,1
13777,18310.0,5330.0,1,1
13778,18311.0,5330.0,1,1
13779,18313.0,5330.0,1,1
13780,18315.0,5331.0,1,1
13781,18318.0,5331.0,1,1
13782,18319.0,5331.0,1,0
13783,18320.0,5332.0,1,0
13784,18321.0,5332.0,1,1
13785,18322.0,5333.0,1,0
13786,18324.0,5336.0,1,0
13787,18325.0,5337.0,1,0
13788,18326.0,5337.0,1,0
13789,18327.0,5337.0,1,0
13790,18328.0,5337.0,1,0
13791,18329.0,5337.0,1,0
13792,18330.0,5338.0,1,0
13793,18334.0,5339.0,1,0
13794,18335.0,5339.0,1,1
13795,18336.0,5339.0,1,0
13796,18337.0,5339.0,1,0
13797,18338.0,5339.0,1,1
13798,18339.0,5339.0,1,0
13799,18340.0,5339.0,1,0
13800,18341.0,5339.0,1,1
13801,18342.0,5339.0,1,0
13802,18343.0,5340.0,1,0
13803,18346.0,5341.0,1,0
13804,18347.0,5342.0,1,0
13805,18349.0,5342.0,1,1
13806,18351.0,5343.0,1,1
13807,18352.0,5344.0,1,0
13808,18353.0,5344.0,1,0
13809,18355.0,5345.0,1,0
13810,18357.0,5346.0,1,0
13811,18360.0,5348.0,1,0
13812,18361.0,5348.0,1,0
13813,18362.0,5348.0,1,1
13814,18364.0,5349.0,1,0
13815,18366.0,5349.0,1,1
13816,18367.0,5349.0,1,0
13817,18368.0,5349.0,1,0
13818,18369.0,5349.0,1,0
13819,18370.0,5350.0,1,0
13820,18371.0,5350.0,1,0
13821,18372.0,5350.0,1,1
13822,18373.0,5351.0,1,0
13823,18374.0,5351.0,1,0
13824,18375.0,5351.0,1,1
13825,18376.0,5351.0,1,1
13826,18377.0,5351.0,1,0
13827,18381.0,5352.0,1,1
13828,18382.0,5352.0,1,1
13829,18383.0,5353.0,1,0
13830,18384.0,5353.0,1,1
13831,18385.0,5353.0,1,0
13832,18386.0,5353.0,1,0
13833,18387.0,5353.0,1,1
13834,18388.0,5353.0,1,0
13835,18389.0,5353.0,1,1
13836,18390.0,5354.0,1,0
13837,18391.0,5354.0,1,0
13838,18392.0,5354.0,1,0
13839,18393.0,5354.0,1,0
13840,18394.0,5354.0,1,1
13841,18396.0,5354.0,1,1
13842,18397.0,5354.0,1,1
13843,18400.0,5356.0,1,0
13844,18401.0,5357.0,1,0
13845,18402.0,5357.0,1,0
13846,18403.0,5357.0,1,0
13847,18404.0,5357.0,1,0
13848,18405.0,5359.0,1,1
13849,18406.0,5359.0,1,0
13850,18407.0,5359.0,1,0
13851,18408.0,5359.0,1,0
13852,18409.0,5360.0,1,0
13853,18410.0,5360.0,1,0
13854,18411.0,5360.0,1,0
13855,18412.0,5361.0,1,0
13856,18414.0,5362.0,1,0
13857,18415.0,5362.0,1,1
13858,18417.0,5363.0,1,0
13859,18418.0,5364.0,1,0
13860,18420.0,5364.0,1,0
13861,18421.0,5364.0,1,0
13862,18422.0,5364.0,1,0
13863,18423.0,5364.0,1,1
13864,18424.0,5365.0,1,0
13865,18425.0,5365.0,1,0
13866,18426.0,5365.0,1,0
13867,18427.0,5365.0,1,1
13868,18428.0,5366.0,1,1
13869,18429.0,5366.0,1,0
13870,18430.0,5366.0,1,1
13871,18431.0,5366.0,1,1
13872,18432.0,5366.0,1,0
13873,18434.0,5367.0,1,1
13874,18435.0,5367.0,1,0
13875,18437.0,5368.0,1,0
13876,18438.0,5368.0,1,0
13877,18441.0,5369.0,1,0
13878,18442.0,5369.0,1,0
13879,18443.0,5369.0,1,0
13880,18445.0,5370.0,1,0
13881,18447.0,5370.0,1,1
13882,18448.0,5371.0,1,1
13883,18449.0,5371.0,1,1
13884,18450.0,5371.0,1,0
13885,18451.0,5371.0,1,0
13886,18452.0,5371.0,1,0
13887,18453.0,5372.0,1,1
13888,18454.0,5372.0,1,0
13889,18455.0,5372.0,1,1
13890,18456.0,5372.0,1,1
13891,18458.0,5373.0,1,1
13892,18459.0,5373.0,1,1
13893,18461.0,5373.0,1,0
13894,18463.0,5373.0,1,0
13895,18466.0,5375.0,1,0
13896,18469.0,5376.0,1,1
13897,18472.0,5376.0,1,1
13898,18473.0,5376.0,1,0
13899,18474.0,5376.0,1,0
13900,18478.0,5377.0,1,1
13901,18479.0,5377.0,1,0
13902,18482.0,5378.0,1,0
13903,18483.0,5378.0,1,1
13904,18484.0,5378.0,1,0
13905,18485.0,5378.0,1,0
13906,18487.0,5379.0,1,1
13907,18489.0,5379.0,1,1
13908,18490.0,5379.0,1,0
13909,18491.0,5379.0,1,0
13910,18494.0,5380.0,1,1
13911,18495.0,5381.0,1,0
13912,18497.0,5381.0,1,1
13913,18498.0,5382.0,1,0
13914,18499.0,5383.0,1,1
13915,18500.0,5383.0,1,0
13916,18505.0,5385.0,1,0
13917,18507.0,5386.0,1,0
13918,18508.0,5386.0,1,1
13919,18509.0,5387.0,1,0
13920,18510.0,5387.0,1,0
13921,18511.0,5388.0,1,0
13922,18512.0,5389.0,1,0
13923,18513.0,5389.0,1,0
13924,18514.0,5389.0,1,0
13925,18516.0,5390.0,1,1
13926,18517.0,5390.0,1,1
13927,18518.0,5390.0,1,0
13928,18519.0,5391.0,1,0
13929,18520.0,5392.0,1,0
13930,18521.0,5392.0,1,0
13931,18522.0,5392.0,1,0
13932,18525.0,5395.0,1,0
13933,18526.0,5395.0,1,0
13934,18527.0,5395.0,1,0
13935,18528.0,5395.0,1,0
13936,18530.0,5398.0,1,0
13937,18531.0,5398.0,1,0
13938,18532.0,5398.0,1,0
13939,18533.0,5399.0,1,1
13940,18534.0,5399.0,1,0
13941,18535.0,5400.0,1,0
13942,18536.0,5401.0,1,0
13943,18537.0,5401.0,1,0
13944,18539.0,5402.0,1,0
13945,18540.0,5402.0,1,0
13946,18541.0,5403.0,1,0
13947,18542.0,5403.0,1,0
13948,18544.0,5404.0,1,0
13949,18545.0,5404.0,1,1
13950,18547.0,5405.0,1,1
13951,18548.0,5405.0,1,0
13952,18549.0,5405.0,1,0
13953,18550.0,5405.0,1,1
13954,18551.0,5406.0,1,1
13955,18553.0,5406.0,1,0
13956,18554.0,5406.0,1,1
13957,18555.0,5406.0,1,1
13958,18557.0,5406.0,1,0
13959,18558.0,5407.0,1,0
13960,18560.0,5407.0,1,0
13961,18561.0,5407.0,1,1
13962,18563.0,5408.0,1,0
13963,18564.0,5408.0,1,1
13964,18566.0,5408.0,1,0
13965,18567.0,5408.0,1,0
13966,18568.0,5409.0,1,0
13967,18570.0,5410.0,1,0
13968,18571.0,5410.0,1,0
13969,18572.0,5410.0,1,0
13970,18574.0,5412.0,1,1
13971,18576.0,5413.0,1,0
13972,18577.0,5413.0,1,0
13973,18578.0,5413.0,1,0
13974,18579.0,5413.0,1,0
13975,18580.0,5413.0,1,0
13976,18581.0,5414.0,1,0
13977,18583.0,5414.0,1,0
13978,18584.0,5415.0,1,1
13979,18586.0,5415.0,1,1
13980,18587.0,5415.0,1,0
13981,18588.0,5418.0,1,0
13982,18589.0,5418.0,1,1
13983,18590.0,5418.0,1,0
13984,18591.0,5418.0,1,1
13985,18592.0,5419.0,1,1
13986,18593.0,5419.0,1,0
13987,18595.0,5420.0,1,0
13988,18596.0,5420.0,1,1
13989,18597.0,5421.0,1,1
13990,18598.0,5421.0,1,1
13991,18601.0,5423.0,1,1
13992,18604.0,5423.0,1,1
13993,18605.0,5423.0,1,0
13994,18606.0,5423.0,1,0
13995,18607.0,5424.0,1,0
13996,18608.0,5425.0,1,0
13997,18609.0,5425.0,1,0
13998,18610.0,5425.0,1,0
13999,18611.0,5426.0,1,0
14000,18612.0,5426.0,1,0
14001,18613.0,5426.0,1,0
14002,18614.0,5426.0,1,1
14003,18615.0,5426.0,1,0
14004,18616.0,5426.0,1,0
14005,18617.0,5427.0,1,0
14006,18618.0,5427.0,1,0
14007,18619.0,5427.0,1,0
14008,18620.0,5427.0,1,1
14009,18621.0,5427.0,1,0
14010,18622.0,5427.0,1,0
14011,18623.0,5428.0,1,0
14012,18624.0,5428.0,1,0
14013,18626.0,5430.0,1,0
14014,18627.0,5430.0,1,0
14015,18628.0,5430.0,1,0
14016,18629.0,5430.0,1,0
14017,18630.0,5430.0,1,1
14018,18631.0,5430.0,1,0
14019,18632.0,5431.0,1,1
14020,18633.0,5431.0,1,0
14021,18636.0,5432.0,1,0
14022,18637.0,5432.0,1,0
14023,18638.0,5432.0,1,0
14024,18639.0,5432.0,1,1
14025,18640.0,5432.0,1,0
14026,18641.0,5432.0,1,0
14027,18642.0,5433.0,1,0
14028,18643.0,5433.0,1,1
14029,18644.0,5433.0,1,1
14030,18645.0,5433.0,1,0
14031,18647.0,5434.0,1,0
14032,18649.0,5434.0,1,0
14033,18650.0,5434.0,1,0
14034,18652.0,5434.0,1,1
14035,18654.0,5434.0,1,0
14036,18655.0,5434.0,1,0
14037,18657.0,5435.0,1,0
14038,18658.0,5435.0,1,0
14039,18659.0,5435.0,1,1
14040,18660.0,5436.0,1,0
14041,18661.0,5436.0,1,0
14042,18662.0,5436.0,1,0
14043,18665.0,5437.0,1,1
14044,18666.0,5438.0,1,1
14045,18667.0,5438.0,1,0
14046,18668.0,5438.0,1,1
14047,18669.0,5439.0,1,1
14048,18671.0,5439.0,1,0
14049,18672.0,5439.0,1,1
14050,18673.0,5439.0,1,0
14051,18674.0,5439.0,1,1
14052,18675.0,5440.0,1,0
14053,18676.0,5440.0,1,0
14054,18677.0,5440.0,1,0
14055,18678.0,5440.0,1,0
14056,18679.0,5441.0,1,1
14057,18680.0,5442.0,1,1
14058,18681.0,5442.0,1,0
14059,18684.0,5443.0,1,0
14060,18685.0,5443.0,1,0
14061,18686.0,5444.0,1,0
14062,18687.0,5444.0,1,0
14063,18688.0,5445.0,1,0
14064,18690.0,5447.0,1,1
14065,18691.0,5447.0,1,1
14066,18692.0,5447.0,1,0
14067,18693.0,5448.0,1,0
14068,18694.0,5448.0,1,1
14069,18695.0,5449.0,1,0
14070,18696.0,5449.0,1,0
14071,18697.0,5450.0,1,1
14072,18698.0,5451.0,1,1
14073,18699.0,5451.0,1,0
14074,18701.0,5451.0,1,0
14075,18702.0,5451.0,1,1
14076,18704.0,5452.0,1,1
14077,18706.0,5452.0,1,1
14078,18710.0,5453.0,1,0
14079,18714.0,5453.0,1,0
14080,18715.0,5454.0,1,1
14081,18716.0,5454.0,1,0
14082,18717.0,5454.0,1,0
14083,18718.0,5454.0,1,0
14084,18719.0,5454.0,1,1
14085,18720.0,5454.0,1,0
14086,18721.0,5454.0,1,0
14087,18722.0,5454.0,1,1
14088,18723.0,5454.0,1,0
14089,18724.0,5455.0,1,1
14090,18727.0,5456.0,1,1
14091,18728.0,5456.0,1,1
14092,18729.0,5456.0,1,0
14093,18730.0,5456.0,1,0
14094,18732.0,5456.0,1,0
14095,18733.0,5457.0,1,1
14096,18734.0,5457.0,1,0
14097,18735.0,5457.0,1,1
14098,18737.0,5457.0,1,0
14099,18739.0,5458.0,1,0
14100,18740.0,5459.0,1,0
14101,18741.0,5459.0,1,0
14102,18742.0,5459.0,1,1
14103,18743.0,5459.0,1,1
14104,18744.0,5460.0,1,0
14105,18746.0,5461.0,1,1
14106,18747.0,5461.0,1,0
14107,18748.0,5461.0,1,0
14108,18749.0,5461.0,1,1
14109,18750.0,5461.0,1,0
14110,18751.0,5461.0,1,1
14111,18752.0,5462.0,1,0
14112,18753.0,5462.0,1,0
14113,18754.0,5462.0,1,1
14114,18755.0,5462.0,1,0
14115,18756.0,5462.0,1,1
14116,18757.0,5463.0,1,1
14117,18758.0,5463.0,1,1
14118,18759.0,5464.0,1,1
14119,18760.0,5464.0,1,1
14120,18762.0,5464.0,1,0
14121,18763.0,5464.0,1,0
14122,18764.0,5464.0,1,0
14123,18765.0,5464.0,1,0
14124,18766.0,5464.0,1,0
14125,18770.0,5465.0,1,1
14126,18771.0,5465.0,1,0
14127,18772.0,5465.0,1,1
14128,18773.0,5466.0,1,0
14129,18774.0,5466.0,1,0
14130,18775.0,5466.0,1,0
14131,18776.0,5466.0,1,1
14132,18779.0,5467.0,1,0
14133,18780.0,5467.0,1,0
14134,18781.0,5467.0,1,0
14135,18782.0,5467.0,1,1
14136,18783.0,5467.0,1,1
14137,18784.0,5470.0,1,0
14138,18786.0,5471.0,1,0
14139,18787.0,5471.0,1,0
14140,18789.0,5471.0,1,1
14141,18790.0,5471.0,1,0
14142,18791.0,5471.0,1,1
14143,18792.0,5471.0,1,0
14144,18793.0,5473.0,1,0
14145,18794.0,5473.0,1,1
14146,18795.0,5473.0,1,0
14147,18796.0,5474.0,1,0
14148,18797.0,5475.0,1,0
14149,18798.0,5475.0,1,1
14150,18799.0,5475.0,1,0
14151,18800.0,5475.0,1,0
14152,18801.0,5475.0,1,0
14153,18803.0,5475.0,1,1
14154,18804.0,5476.0,1,0
14155,18805.0,5477.0,1,1
14156,18806.0,5478.0,1,0
14157,18807.0,5478.0,1,1
14158,18808.0,5478.0,1,0
14159,18809.0,5479.0,1,1
14160,18810.0,5479.0,1,0
14161,18811.0,5479.0,1,1
14162,18812.0,5479.0,1,0
14163,18813.0,5479.0,1,1
14164,18814.0,5480.0,1,1
14165,18816.0,5480.0,1,1
14166,18818.0,5481.0,1,0
14167,18819.0,5481.0,1,0
14168,18820.0,5481.0,1,0
14169,18821.0,5481.0,1,0
14170,18823.0,5482.0,1,0
14171,18825.0,5484.0,1,0
14172,18826.0,5484.0,1,1
14173,18827.0,5484.0,1,0
14174,18828.0,5484.0,1,0
14175,18829.0,5484.0,1,0
14176,18830.0,5484.0,1,0
14177,18831.0,5484.0,1,1
14178,18832.0,5484.0,1,0
14179,18833.0,5484.0,1,0
14180,18834.0,5485.0,1,1
14181,18835.0,5486.0,1,1
14182,18836.0,5486.0,1,0
14183,18838.0,5487.0,1,1
14184,18840.0,5488.0,1,0
14185,18843.0,5488.0,1,0
14186,18844.0,5488.0,1,0
14187,18846.0,5488.0,1,1
14188,18847.0,5488.0,1,0
14189,18848.0,5489.0,1,0
14190,18849.0,5489.0,1,1
14191,18850.0,5489.0,1,1
14192,18851.0,5489.0,1,0
14193,18852.0,5489.0,1,0
14194,18855.0,5489.0,1,0
14195,18856.0,5490.0,1,0
14196,18857.0,5490.0,1,0
14197,18858.0,5490.0,1,1
14198,18859.0,5490.0,1,0
14199,18860.0,5490.0,1,1
14200,18861.0,5490.0,1,0
14201,18862.0,5491.0,1,0
14202,18863.0,5491.0,1,1
14203,18864.0,5491.0,1,0
14204,18865.0,5491.0,1,1
14205,18866.0,5491.0,1,0
14206,18867.0,5492.0,1,0
14207,18869.0,5492.0,1,0
14208,18870.0,5492.0,1,1
14209,18872.0,5492.0,1,0
14210,18874.0,5492.0,1,0
14211,18876.0,5494.0,1,0
14212,18877.0,5494.0,1,1
14213,18878.0,5494.0,1,0
14214,18880.0,5495.0,1,1
14215,18881.0,5495.0,1,1
14216,18883.0,5495.0,1,0
14217,18885.0,5495.0,1,0
14218,18886.0,5495.0,1,1
14219,18887.0,5497.0,1,0
14220,18888.0,5498.0,1,0
14221,18889.0,5498.0,1,0
14222,18890.0,5498.0,1,1
14223,18891.0,5498.0,1,0
14224,18892.0,5499.0,1,0
14225,18894.0,5499.0,1,1
14226,18895.0,5499.0,1,0
14227,18898.0,5500.0,1,1
14228,18899.0,5500.0,1,1
14229,18900.0,5500.0,1,0
14230,18901.0,5500.0,1,1
14231,18902.0,5500.0,1,0
14232,18903.0,5500.0,1,1
14233,18904.0,5500.0,1,0
14234,18905.0,5500.0,1,0
14235,18906.0,5501.0,1,0
14236,18907.0,5501.0,1,1
14237,18908.0,5503.0,1,0
14238,18909.0,5503.0,1,1
14239,18910.0,5504.0,1,0
14240,18911.0,5504.0,1,0
14241,18912.0,5505.0,1,1
14242,18913.0,5505.0,1,0
14243,18917.0,5506.0,1,1
14244,18918.0,5506.0,1,0
14245,18919.0,5506.0,1,0
14246,18922.0,5507.0,1,1
14247,18923.0,5508.0,1,0
14248,18924.0,5508.0,1,0
14249,18925.0,5508.0,1,1
14250,18928.0,5508.0,1,0
14251,18929.0,5508.0,1,1
14252,18930.0,5509.0,1,0
14253,18931.0,5509.0,1,0
14254,18932.0,5509.0,1,0
14255,18933.0,5509.0,1,1
14256,18934.0,5509.0,1,0
14257,18935.0,5509.0,1,0
14258,18936.0,5510.0,1,0
14259,18937.0,5510.0,1,1
14260,18939.0,5511.0,1,1
14261,18940.0,5511.0,1,0
14262,18941.0,5512.0,1,1
14263,18942.0,5512.0,1,0
14264,18943.0,5512.0,1,0
14265,18944.0,5512.0,1,0
14266,18945.0,5512.0,1,0
14267,18946.0,5512.0,1,1
14268,18948.0,5513.0,1,0
14269,18949.0,5513.0,1,0
14270,18950.0,5513.0,1,0
14271,18951.0,5513.0,1,1
14272,18952.0,5514.0,1,0
14273,18955.0,5514.0,1,0
14274,18956.0,5514.0,1,0
14275,18958.0,5516.0,1,0
14276,18959.0,5516.0,1,1
14277,18960.0,5517.0,1,1
14278,18962.0,5517.0,1,0
14279,18963.0,5517.0,1,1
14280,18964.0,5517.0,1,0
14281,18965.0,5517.0,1,0
14282,18966.0,5518.0,1,1
14283,18967.0,5518.0,1,0
14284,18969.0,5519.0,1,1
14285,18970.0,5519.0,1,0
14286,18971.0,5519.0,1,1
14287,18972.0,5519.0,1,0
14288,18973.0,5520.0,1,0
14289,18975.0,5520.0,1,0
14290,18977.0,5521.0,1,1
14291,18978.0,5521.0,1,0
14292,18979.0,5521.0,1,0
14293,18980.0,5521.0,1,0
14294,18981.0,5521.0,1,1
14295,18982.0,5523.0,1,0
14296,18983.0,5523.0,1,0
14297,18984.0,5523.0,1,1
14298,18985.0,5524.0,1,0
14299,18986.0,5524.0,1,0
14300,18987.0,5524.0,1,0
14301,18988.0,5524.0,1,0
14302,18989.0,5524.0,1,0
14303,18990.0,5524.0,1,0
14304,18991.0,5524.0,1,0
14305,18994.0,5526.0,1,0
14306,18995.0,5526.0,1,0
14307,18996.0,5527.0,1,1
14308,18997.0,5527.0,1,1
14309,18998.0,5529.0,1,0
14310,18999.0,5529.0,1,1
14311,19001.0,5529.0,1,1
14312,19002.0,5529.0,1,0
14313,19003.0,5529.0,1,0
14314,19004.0,5530.0,1,0
14315,19005.0,5530.0,1,0
14316,19007.0,5532.0,1,0
14317,19008.0,5532.0,1,0
14318,19009.0,5532.0,1,0
14319,19010.0,5533.0,1,0
14320,19013.0,5535.0,1,0
14321,19014.0,5535.0,1,0
14322,19015.0,5535.0,1,1
14323,19016.0,5535.0,1,0
14324,19017.0,5535.0,1,1
14325,19018.0,5535.0,1,0
14326,19019.0,5536.0,1,1
14327,19020.0,5536.0,1,1
14328,19022.0,5536.0,1,1
14329,19025.0,5536.0,1,1
14330,19026.0,5536.0,1,1
14331,19027.0,5537.0,1,1
14332,19029.0,5538.0,1,0
14333,19030.0,5538.0,1,0
14334,19031.0,5538.0,1,0
14335,19035.0,5539.0,1,0
14336,19036.0,5539.0,1,0
14337,19037.0,5540.0,1,1
14338,19038.0,5542.0,1,1
14339,19039.0,5542.0,1,1
14340,19040.0,5542.0,1,0
14341,19041.0,5542.0,1,0
14342,19042.0,5543.0,1,0
14343,19043.0,5543.0,1,0
14344,19044.0,5544.0,1,0
14345,19046.0,5545.0,1,0
14346,19048.0,5546.0,1,0
14347,19049.0,5546.0,1,0
14348,19050.0,5546.0,1,0
14349,19054.0,5547.0,1,0
14350,19056.0,5548.0,1,0
14351,19057.0,5548.0,1,0
14352,19058.0,5549.0,1,0
14353,19060.0,5549.0,1,0
14354,19061.0,5550.0,1,1
14355,19062.0,5550.0,1,0
14356,19063.0,5550.0,1,1
14357,19064.0,5551.0,1,0
14358,19065.0,5551.0,1,1
14359,19066.0,5551.0,1,0
14360,19067.0,5552.0,1,0
14361,19068.0,5552.0,1,1
14362,19069.0,5552.0,1,1
14363,19070.0,5552.0,1,0
14364,19071.0,5554.0,1,0
14365,19074.0,5555.0,1,0
14366,19075.0,5555.0,1,0
14367,19077.0,5555.0,1,0
14368,19081.0,5556.0,1,1
14369,19082.0,5557.0,1,1
14370,19083.0,5557.0,1,0
14371,19084.0,5558.0,1,0
14372,19087.0,5559.0,1,0
14373,19088.0,5559.0,1,0
14374,19089.0,5559.0,1,0
14375,19091.0,5560.0,1,0
14376,19092.0,5560.0,1,0
14377,19093.0,5560.0,1,0
14378,19094.0,5560.0,1,0
14379,19095.0,5560.0,1,1
14380,19096.0,5561.0,1,0
14381,19097.0,5562.0,1,0
14382,19098.0,5562.0,1,1
14383,19099.0,5562.0,1,1
14384,19100.0,5562.0,1,1
14385,19101.0,5562.0,1,0
14386,19103.0,5562.0,1,0
14387,19104.0,5562.0,1,1
14388,19105.0,5562.0,1,1
14389,19106.0,5563.0,1,1
14390,19108.0,5563.0,1,0
14391,19109.0,5563.0,1,0
14392,19110.0,5563.0,1,0
14393,19112.0,5564.0,1,0
14394,19113.0,5564.0,1,0
14395,19114.0,5565.0,1,1
14396,19116.0,5566.0,1,0
14397,19117.0,5567.0,1,0
14398,19118.0,5569.0,1,0
14399,19119.0,5569.0,1,0
14400,19120.0,5569.0,1,0
14401,19122.0,5569.0,1,0
14402,19123.0,5569.0,1,0
14403,19124.0,5569.0,1,0
14404,19125.0,5570.0,1,0
14405,19126.0,5570.0,1,1
14406,19127.0,5570.0,1,0
14407,19128.0,5570.0,1,0
14408,19129.0,5570.0,1,0
14409,19132.0,5570.0,1,0
14410,19134.0,5571.0,1,1
14411,19135.0,5571.0,1,0
14412,19136.0,5571.0,1,0
14413,19137.0,5571.0,1,1
14414,19138.0,5571.0,1,0
14415,19139.0,5571.0,1,0
14416,19140.0,5571.0,1,0
14417,19141.0,5572.0,1,0
14418,19142.0,5573.0,1,0
14419,19143.0,5573.0,1,0
14420,19144.0,5573.0,1,0
14421,19145.0,5573.0,1,0
14422,19146.0,5575.0,1,0
14423,19147.0,5575.0,1,0
14424,19148.0,5575.0,1,0
14425,19149.0,5576.0,1,0
14426,19150.0,5576.0,1,1
14427,19151.0,5577.0,1,0
14428,19154.0,5577.0,1,0
14429,19156.0,5577.0,1,0
14430,19157.0,5580.0,1,1
14431,19158.0,5580.0,1,1
14432,19160.0,5580.0,1,0
14433,19163.0,5580.0,1,0
14434,19164.0,5581.0,1,0
14435,19165.0,5581.0,1,0
14436,19166.0,5581.0,1,0
14437,19168.0,5582.0,1,0
14438,19170.0,5582.0,1,1
14439,19171.0,5582.0,1,0
14440,19172.0,5582.0,1,0
14441,19173.0,5582.0,1,0
14442,19174.0,5582.0,1,0
14443,19175.0,5582.0,1,1
14444,19178.0,5583.0,1,1
14445,19179.0,5583.0,1,0
14446,19180.0,5584.0,1,0
14447,19183.0,5585.0,1,0
14448,19186.0,5586.0,1,1
14449,19187.0,5586.0,1,1
14450,19188.0,5586.0,1,0
14451,19189.0,5587.0,1,0
14452,19190.0,5587.0,1,0
14453,19191.0,5587.0,1,0
14454,19192.0,5587.0,1,0
14455,19193.0,5587.0,1,0
14456,19195.0,5590.0,1,0
14457,19197.0,5591.0,1,1
14458,19198.0,5591.0,1,0
14459,19199.0,5591.0,1,0
14460,19200.0,5592.0,1,1
14461,19201.0,5592.0,1,1
14462,19202.0,5592.0,1,0
14463,19203.0,5593.0,1,1
14464,19204.0,5593.0,1,0
14465,19208.0,5593.0,1,0
14466,19209.0,5594.0,1,0
14467,19210.0,5595.0,1,0
14468,19214.0,5597.0,1,0
14469,19215.0,5597.0,1,1
14470,19216.0,5597.0,1,0
14471,19217.0,5597.0,1,1
14472,19218.0,5597.0,1,0
14473,19220.0,5597.0,1,1
14474,19222.0,5599.0,1,0
14475,19223.0,5600.0,1,0
14476,19224.0,5600.0,1,0
14477,19227.0,5602.0,1,0
14478,19228.0,5602.0,1,0
14479,19229.0,5602.0,1,1
14480,19230.0,5602.0,1,1
14481,19232.0,5602.0,1,1
14482,19234.0,5603.0,1,0
14483,19235.0,5603.0,1,0
14484,19236.0,5603.0,1,0
14485,19237.0,5604.0,1,1
14486,19238.0,5605.0,1,1
14487,19239.0,5605.0,1,0
14488,19240.0,5605.0,1,1
14489,19242.0,5605.0,1,1
14490,19243.0,5606.0,1,0
14491,19244.0,5606.0,1,1
14492,19245.0,5606.0,1,0
14493,19246.0,5606.0,1,0
14494,19247.0,5607.0,1,0
14495,19248.0,5608.0,1,1
14496,19249.0,5608.0,1,0
14497,19251.0,5609.0,1,1
14498,19252.0,5609.0,1,0
14499,19253.0,5609.0,1,1
14500,19254.0,5609.0,1,1
14501,19255.0,5609.0,1,0
14502,19257.0,5609.0,1,0
14503,19259.0,5610.0,1,0
14504,19260.0,5611.0,1,0
14505,19262.0,5611.0,1,0
14506,19263.0,5611.0,1,0
14507,19264.0,5612.0,1,1
14508,19265.0,5612.0,1,0
14509,19266.0,5612.0,1,0
14510,19267.0,5612.0,1,0
14511,19269.0,5612.0,1,1
14512,19271.0,5612.0,1,0
14513,19272.0,5612.0,1,1
14514,19274.0,5613.0,1,0
14515,19275.0,5613.0,1,1
14516,19276.0,5613.0,1,0
14517,19277.0,5613.0,1,0
14518,19278.0,5614.0,1,0
14519,19279.0,5614.0,1,0
14520,19281.0,5614.0,1,1
14521,19282.0,5614.0,1,1
14522,19283.0,5614.0,1,1
14523,19284.0,5615.0,1,1
14524,19285.0,5615.0,1,0
14525,19286.0,5615.0,1,0
14526,19287.0,5615.0,1,1
14527,19288.0,5615.0,1,0
14528,19289.0,5615.0,1,0
14529,19290.0,5615.0,1,0
14530,19291.0,5615.0,1,1
14531,19292.0,5615.0,1,1
14532,19295.0,5616.0,1,0
14533,19296.0,5616.0,1,0
14534,19298.0,5617.0,1,1
14535,19299.0,5617.0,1,0
14536,19300.0,5618.0,1,0
14537,19301.0,5619.0,1,0
14538,19302.0,5619.0,1,0
14539,19303.0,5619.0,1,1
14540,19304.0,5619.0,1,0
14541,19305.0,5619.0,1,0
14542,19306.0,5619.0,1,0
14543,19307.0,5620.0,1,0
14544,19310.0,5621.0,1,0
14545,19312.0,5621.0,1,1
14546,19313.0,5622.0,1,0
14547,19314.0,5622.0,1,1
14548,19315.0,5622.0,1,0
14549,19316.0,5622.0,1,0
14550,19318.0,5623.0,1,1
14551,19319.0,5623.0,1,0
14552,19320.0,5623.0,1,0
14553,19324.0,5624.0,1,0
14554,19326.0,5624.0,1,1
14555,19327.0,5624.0,1,1
14556,19329.0,5624.0,1,0
14557,19331.0,5625.0,1,1
14558,19332.0,5625.0,1,0
14559,19333.0,5625.0,1,0
14560,19334.0,5626.0,1,0
14561,19335.0,5626.0,1,0
14562,19336.0,5626.0,1,0
14563,19338.0,5626.0,1,0
14564,19339.0,5626.0,1,1
14565,19340.0,5627.0,1,0
14566,19342.0,5627.0,1,0
14567,19343.0,5627.0,1,0
14568,19344.0,5627.0,1,0
14569,19346.0,5628.0,1,0
14570,19347.0,5628.0,1,0
14571,19348.0,5628.0,1,0
14572,19349.0,5628.0,1,0
14573,19351.0,5628.0,1,1
14574,19352.0,5629.0,1,0
14575,19353.0,5629.0,1,1
14576,19355.0,5629.0,1,0
14577,19356.0,5629.0,1,0
14578,19357.0,5629.0,1,0
14579,19358.0,5629.0,1,0
14580,19359.0,5629.0,1,0
14581,19364.0,5633.0,1,1
14582,19365.0,5633.0,1,1
14583,19367.0,5633.0,1,1
14584,19368.0,5634.0,1,0
14585,19369.0,5635.0,1,0
14586,19370.0,5637.0,1,0
14587,19371.0,5637.0,1,1
14588,19372.0,5637.0,1,0
14589,19375.0,5638.0,1,0
14590,19376.0,5638.0,1,0
14591,19380.0,5639.0,1,1
14592,19381.0,5639.0,1,1
14593,19382.0,5640.0,1,0
14594,19383.0,5640.0,1,0
14595,19384.0,5640.0,1,1
14596,19385.0,5640.0,1,0
14597,19386.0,5642.0,1,0
14598,19387.0,5643.0,1,0
14599,19389.0,5644.0,1,0
14600,19390.0,5644.0,1,0
14601,19391.0,5645.0,1,0
14602,19393.0,5646.0,1,1
14603,19394.0,5646.0,1,0
14604,19395.0,5646.0,1,0
14605,19397.0,5647.0,1,0
14606,19398.0,5647.0,1,0
14607,19399.0,5648.0,1,0
14608,19400.0,5648.0,1,1
14609,19401.0,5648.0,1,1
14610,19403.0,5652.0,1,0
14611,19407.0,5655.0,1,1
14612,19411.0,5656.0,1,1
14613,19412.0,5656.0,1,0
14614,19413.0,5656.0,1,0
14615,19414.0,5657.0,1,0
14616,19415.0,5657.0,1,0
14617,19416.0,5657.0,1,0
14618,19417.0,5658.0,1,1
14619,19419.0,5658.0,1,0
14620,19421.0,5658.0,1,0
14621,19422.0,5659.0,1,1
14622,19423.0,5659.0,1,0
14623,19424.0,5660.0,1,0
14624,19426.0,5660.0,1,1
14625,19427.0,5660.0,1,0
14626,19428.0,5660.0,1,0
14627,19429.0,5660.0,1,1
14628,19430.0,5660.0,1,1
14629,19431.0,5660.0,1,0
14630,19432.0,5661.0,1,0
14631,19433.0,5661.0,1,0
14632,19435.0,5661.0,1,1
14633,19436.0,5661.0,1,1
14634,19437.0,5661.0,1,0
14635,19438.0,5663.0,1,0
14636,19442.0,5664.0,1,0
14637,19444.0,5665.0,1,1
14638,19445.0,5666.0,1,1
14639,19446.0,5667.0,1,0
14640,19447.0,5667.0,1,1
14641,19448.0,5667.0,1,1
14642,19449.0,5667.0,1,1
14643,19450.0,5667.0,1,0
14644,19451.0,5667.0,1,0
14645,19452.0,5667.0,1,0
14646,19454.0,5668.0,1,0
14647,19455.0,5668.0,1,0
14648,19456.0,5670.0,1,0
14649,19457.0,5670.0,1,0
14650,19458.0,5670.0,1,1
14651,19459.0,5670.0,1,0
14652,19461.0,5671.0,1,0
14653,19462.0,5672.0,1,0
14654,19463.0,5672.0,1,1
14655,19466.0,5676.0,1,0
14656,19467.0,5676.0,1,1
14657,19469.0,5677.0,1,1
14658,19471.0,5678.0,1,1
14659,19472.0,5679.0,1,0
14660,19473.0,5679.0,1,0
14661,19474.0,5679.0,1,1
14662,19475.0,5679.0,1,1
14663,19476.0,5679.0,1,1
14664,19477.0,5679.0,1,0
14665,19478.0,5679.0,1,0
14666,19479.0,5679.0,1,0
14667,19480.0,5679.0,1,1
14668,19481.0,5679.0,1,0
14669,19482.0,5680.0,1,0
14670,19483.0,5680.0,1,1
14671,19484.0,5680.0,1,1
14672,19485.0,5680.0,1,0
14673,19487.0,5681.0,1,0
14674,19489.0,5682.0,1,1
14675,19491.0,5682.0,1,0
14676,19492.0,5682.0,1,1
14677,19493.0,5683.0,1,1
14678,19494.0,5683.0,1,0
14679,19495.0,5683.0,1,1
14680,19496.0,5683.0,1,0
14681,19497.0,5683.0,1,1
14682,19498.0,5683.0,1,1
14683,19499.0,5683.0,1,0
14684,19500.0,5683.0,1,0
14685,19501.0,5683.0,1,1
14686,19502.0,5684.0,1,0
14687,19503.0,5684.0,1,0
14688,19504.0,5684.0,1,0
14689,19505.0,5684.0,1,1
14690,19506.0,5684.0,1,0
14691,19508.0,5685.0,1,0
14692,19509.0,5685.0,1,0
14693,19510.0,5685.0,1,1
14694,19511.0,5685.0,1,0
14695,19513.0,5685.0,1,0
14696,19514.0,5686.0,1,1
14697,19515.0,5686.0,1,0
14698,19516.0,5687.0,1,1
14699,19518.0,5687.0,1,0
14700,19520.0,5687.0,1,0
14701,19522.0,5688.0,1,0
14702,19523.0,5688.0,1,0
14703,19525.0,5689.0,1,0
14704,19528.0,5689.0,1,1
14705,19529.0,5689.0,1,0
14706,19530.0,5690.0,1,1
14707,19531.0,5691.0,1,0
14708,19532.0,5691.0,1,0
14709,19533.0,5691.0,1,0
14710,19534.0,5691.0,1,1
14711,19535.0,5692.0,1,0
14712,19536.0,5692.0,1,1
14713,19538.0,5692.0,1,0
14714,19540.0,5693.0,1,0
14715,19541.0,5693.0,1,0
14716,19543.0,5693.0,1,1
14717,19544.0,5694.0,1,0
14718,19545.0,5694.0,1,1
14719,19546.0,5695.0,1,0
14720,19547.0,5695.0,1,0
14721,19551.0,5695.0,1,1
14722,19552.0,5695.0,1,0
14723,19554.0,5697.0,1,1
14724,19555.0,5697.0,1,0
14725,19557.0,5697.0,1,1
14726,19558.0,5697.0,1,1
14727,19559.0,5698.0,1,0
14728,19560.0,5699.0,1,0
14729,19561.0,5699.0,1,0
14730,19563.0,5699.0,1,0
14731,19565.0,5699.0,1,1
14732,19567.0,5699.0,1,1
14733,19568.0,5699.0,1,1
14734,19571.0,5699.0,1,1
14735,19576.0,5701.0,1,1
14736,19577.0,5701.0,1,0
14737,19578.0,5701.0,1,0
14738,19579.0,5701.0,1,1
14739,19580.0,5701.0,1,1
14740,19582.0,5702.0,1,1
14741,19583.0,5702.0,1,0
14742,19584.0,5702.0,1,1
14743,19586.0,5702.0,1,1
14744,19588.0,5703.0,1,0
14745,19589.0,5703.0,1,0
14746,19590.0,5703.0,1,0
14747,19591.0,5703.0,1,0
14748,19592.0,5704.0,1,0
14749,19593.0,5704.0,1,0
14750,19594.0,5704.0,1,0
14751,19595.0,5705.0,1,1
14752,19597.0,5705.0,1,0
14753,19598.0,5705.0,1,1
14754,19599.0,5705.0,1,1
14755,19600.0,5705.0,1,0
14756,19603.0,5706.0,1,1
14757,19604.0,5706.0,1,0
14758,19605.0,5706.0,1,0
14759,19606.0,5706.0,1,1
14760,19609.0,5708.0,1,1
14761,19612.0,5709.0,1,0
14762,19613.0,5709.0,1,1
14763,19614.0,5709.0,1,1
14764,19618.0,5710.0,1,0
14765,19619.0,5710.0,1,1
14766,19620.0,5710.0,1,0
14767,19621.0,5710.0,1,0
14768,19622.0,5711.0,1,1
14769,19623.0,5711.0,1,0
14770,19625.0,5711.0,1,0
14771,19627.0,5712.0,1,0
14772,19628.0,5712.0,1,1
14773,19629.0,5713.0,1,1
14774,19630.0,5713.0,1,0
14775,19631.0,5713.0,1,0
14776,19632.0,5713.0,1,1
14777,19633.0,5713.0,1,0
14778,19636.0,5714.0,1,0
14779,19637.0,5715.0,1,0
14780,19640.0,5716.0,1,1
14781,19641.0,5716.0,1,0
14782,19642.0,5716.0,1,1
14783,19643.0,5716.0,1,0
14784,19644.0,5717.0,1,0
14785,19645.0,5717.0,1,0
14786,19647.0,5718.0,1,0
14787,19648.0,5718.0,1,0
14788,19651.0,5718.0,1,0
14789,19652.0,5719.0,1,1
14790,19653.0,5719.0,1,1
14791,19654.0,5719.0,1,1
14792,19657.0,5719.0,1,0
14793,19658.0,5719.0,1,0
14794,19659.0,5720.0,1,1
14795,19660.0,5720.0,1,0
14796,19663.0,5721.0,1,1
14797,19664.0,5721.0,1,0
14798,19666.0,5721.0,1,0
14799,19668.0,5722.0,1,0
14800,19669.0,5722.0,1,0
14801,19670.0,5722.0,1,1
14802,19671.0,5722.0,1,0
14803,19674.0,5722.0,1,1
14804,19675.0,5722.0,1,0
14805,19676.0,5722.0,1,1
14806,19678.0,5723.0,1,0
14807,19679.0,5723.0,1,1
14808,19680.0,5723.0,1,0
14809,19681.0,5724.0,1,1
14810,19682.0,5724.0,1,1
14811,19683.0,5725.0,1,0
14812,19684.0,5725.0,1,0
14813,19686.0,5725.0,1,0
14814,19687.0,5725.0,1,0
14815,19688.0,5726.0,1,1
14816,19690.0,5726.0,1,0
14817,19691.0,5726.0,1,1
14818,19692.0,5726.0,1,0
14819,19693.0,5727.0,1,0
14820,19695.0,5727.0,1,0
14821,19697.0,5727.0,1,1
14822,19698.0,5728.0,1,1
14823,19699.0,5729.0,1,1
14824,19700.0,5729.0,1,0
14825,19701.0,5730.0,1,0
14826,19702.0,5730.0,1,0
14827,19703.0,5731.0,1,0
14828,19704.0,5732.0,1,0
14829,19705.0,5732.0,1,1
14830,19706.0,5734.0,1,0
14831,19707.0,5734.0,1,0
14832,19709.0,5735.0,1,0
14833,19711.0,5735.0,1,0
14834,19712.0,5735.0,1,1
14835,19714.0,5736.0,1,1
14836,19715.0,5736.0,1,0
14837,19716.0,5737.0,1,0
14838,19717.0,5737.0,1,0
14839,19718.0,5738.0,1,0
14840,19719.0,5738.0,1,0
14841,19720.0,5738.0,1,1
14842,19721.0,5739.0,1,0
14843,19724.0,5740.0,1,0
14844,19725.0,5740.0,1,0
14845,19726.0,5740.0,1,0
14846,19727.0,5740.0,1,0
14847,19728.0,5741.0,1,0
14848,19729.0,5741.0,1,0
14849,19730.0,5741.0,1,0
14850,19732.0,5741.0,1,1
14851,19733.0,5742.0,1,1
14852,19734.0,5742.0,1,0
14853,19735.0,5742.0,1,0
14854,19737.0,5742.0,1,1
14855,19738.0,5743.0,1,0
14856,19739.0,5743.0,1,0
14857,19741.0,5744.0,1,1
14858,19743.0,5744.0,1,1
14859,19744.0,5744.0,1,0
14860,19745.0,5744.0,1,0
14861,19746.0,5744.0,1,1
14862,19747.0,5744.0,1,0
14863,19748.0,5745.0,1,0
14864,19749.0,5745.0,1,1
14865,19750.0,5745.0,1,1
14866,19751.0,5745.0,1,1
14867,19752.0,5745.0,1,0
14868,19754.0,5745.0,1,0
14869,19755.0,5746.0,1,0
14870,19757.0,5747.0,1,1
14871,19759.0,5748.0,1,0
14872,19760.0,5748.0,1,1
14873,19762.0,5749.0,1,1
14874,19764.0,5749.0,1,1
14875,19765.0,5749.0,1,0
14876,19768.0,5749.0,1,1
14877,19770.0,5749.0,1,1
14878,19771.0,5750.0,1,0
14879,19772.0,5750.0,1,1
14880,19774.0,5750.0,1,0
14881,19775.0,5750.0,1,0
14882,19776.0,5750.0,1,0
14883,19777.0,5751.0,1,0
14884,19779.0,5751.0,1,1
14885,19780.0,5751.0,1,0
14886,19781.0,5751.0,1,1
14887,19783.0,5752.0,1,0
14888,19784.0,5752.0,1,1
14889,19785.0,5752.0,1,1
14890,19786.0,5753.0,1,0
14891,19787.0,5753.0,1,0
14892,19788.0,5753.0,1,0
14893,19789.0,5753.0,1,1
14894,19790.0,5753.0,1,1
14895,19792.0,5754.0,1,0
14896,19793.0,5755.0,1,0
14897,19794.0,5755.0,1,0
14898,19795.0,5756.0,1,0
14899,19796.0,5756.0,1,0
14900,19797.0,5756.0,1,1
14901,19798.0,5757.0,1,1
14902,19799.0,5757.0,1,0
14903,19801.0,5757.0,1,0
14904,19802.0,5757.0,1,0
14905,19803.0,5758.0,1,0
14906,19804.0,5758.0,1,0
14907,19805.0,5758.0,1,1
14908,19806.0,5758.0,1,0
14909,19807.0,5758.0,1,0
14910,19808.0,5759.0,1,0
14911,19809.0,5759.0,1,0
14912,19811.0,5760.0,1,1
14913,19812.0,5760.0,1,0
14914,19814.0,5761.0,1,0
14915,19815.0,5761.0,1,0
14916,19816.0,5762.0,1,0
14917,19818.0,5762.0,1,0
14918,19819.0,5762.0,1,0
14919,19822.0,5763.0,1,0
14920,19823.0,5763.0,1,1
14921,19824.0,5763.0,1,1
14922,19826.0,5764.0,1,1
14923,19827.0,5764.0,1,0
14924,19831.0,5765.0,1,1
14925,19832.0,5767.0,1,1
14926,19833.0,5768.0,1,0
14927,19835.0,5768.0,1,0
14928,19836.0,5768.0,1,1
14929,19837.0,5768.0,1,0
14930,19838.0,5768.0,1,1
14931,19839.0,5769.0,1,1
14932,19840.0,5769.0,1,0
14933,19841.0,5769.0,1,1
14934,19842.0,5769.0,1,1
14935,19843.0,5769.0,1,0
14936,19844.0,5769.0,1,0
14937,19845.0,5769.0,1,0
14938,19846.0,5769.0,1,0
14939,19847.0,5770.0,1,0
14940,19848.0,5770.0,1,0
14941,19849.0,5770.0,1,1
14942,19851.0,5771.0,1,1
14943,19852.0,5771.0,1,0
14944,19853.0,5771.0,1,1
14945,19854.0,5772.0,1,0
14946,19855.0,5772.0,1,0
14947,19856.0,5772.0,1,0
14948,19857.0,5772.0,1,1
14949,19858.0,5772.0,1,1
14950,19860.0,5772.0,1,0
14951,19861.0,5773.0,1,1
14952,19863.0,5773.0,1,0
14953,19865.0,5773.0,1,0
14954,19866.0,5774.0,1,1
14955,19867.0,5774.0,1,0
14956,19868.0,5774.0,1,0
14957,19869.0,5775.0,1,0
14958,19871.0,5775.0,1,1
14959,19872.0,5775.0,1,1
14960,19873.0,5776.0,1,0
14961,19874.0,5776.0,1,0
14962,19876.0,5777.0,1,0
14963,19877.0,5777.0,1,0
14964,19880.0,5778.0,1,1
14965,19882.0,5779.0,1,1
14966,19883.0,5779.0,1,1
14967,19884.0,5779.0,1,0
14968,19885.0,5779.0,1,0
14969,19886.0,5780.0,1,0
14970,19888.0,5780.0,1,1
14971,19890.0,5780.0,1,0
14972,19892.0,5781.0,1,0
14973,19894.0,5782.0,1,1
14974,19895.0,5782.0,1,1
14975,19897.0,5784.0,1,1
14976,19898.0,5784.0,1,0
14977,19901.0,5784.0,1,1
14978,19902.0,5785.0,1,0
14979,19903.0,5785.0,1,1
14980,19904.0,5785.0,1,0
14981,19905.0,5785.0,1,0
14982,19906.0,5786.0,1,0
14983,19907.0,5786.0,1,0
14984,19908.0,5787.0,1,1
14985,19909.0,5787.0,1,0
14986,19911.0,5789.0,1,0
14987,19912.0,5789.0,1,0
14988,19913.0,5789.0,1,0
14989,19914.0,5789.0,1,0
14990,19917.0,5790.0,1,0
14991,19918.0,5790.0,1,0
14992,19919.0,5790.0,1,1
14993,19920.0,5790.0,1,0
14994,19921.0,5791.0,1,1
14995,19922.0,5791.0,1,0
14996,19923.0,5791.0,1,1
14997,19924.0,5792.0,1,0
14998,19925.0,5793.0,1,0
14999,19929.0,5793.0,1,1
15000,19931.0,5793.0,1,0
15001,19932.0,5793.0,1,0
15002,19933.0,5793.0,1,1
15003,19936.0,5793.0,1,1
15004,19937.0,5794.0,1,1
15005,19938.0,5795.0,1,0
15006,19939.0,5795.0,1,0
15007,19940.0,5796.0,1,1
15008,19941.0,5796.0,1,0
15009,19943.0,5796.0,1,1
15010,19944.0,5797.0,1,0
15011,19945.0,5798.0,1,1
15012,19946.0,5798.0,1,0
15013,19947.0,5799.0,1,0
15014,19948.0,5799.0,1,0
15015,19950.0,5800.0,1,1
15016,19951.0,5800.0,1,0
15017,19954.0,5801.0,1,1
15018,19955.0,5801.0,1,0
15019,19957.0,5801.0,1,1
15020,19958.0,5801.0,1,0
15021,19960.0,5802.0,1,0
15022,19962.0,5802.0,1,1
15023,19963.0,5803.0,1,0
15024,19964.0,5803.0,1,1
15025,19966.0,5804.0,1,1
15026,19967.0,5805.0,1,1
15027,19968.0,5805.0,1,1
15028,19969.0,5805.0,1,0
15029,19970.0,5805.0,1,1
15030,19972.0,5805.0,1,0
15031,19975.0,5807.0,1,1
15032,19977.0,5807.0,1,1
15033,19979.0,5808.0,1,0
15034,19980.0,5808.0,1,0
15035,19981.0,5808.0,1,0
15036,19985.0,5810.0,1,0
15037,19986.0,5810.0,1,1
15038,19987.0,5810.0,1,1
15039,19988.0,5810.0,1,0
15040,19990.0,5811.0,1,0
15041,19992.0,5812.0,1,0
15042,19993.0,5812.0,1,0
15043,19994.0,5813.0,1,1
15044,19995.0,5813.0,1,0
15045,19996.0,5814.0,1,1
15046,19997.0,5814.0,1,0
15047,19998.0,5814.0,1,1
15048,19999.0,5814.0,1,0
15049,20000.0,5815.0,1,1
15050,20001.0,5815.0,1,0
15051,20002.0,5815.0,1,0
15052,20003.0,5815.0,1,1
15053,20004.0,5816.0,1,0
15054,20006.0,5816.0,1,0
15055,20007.0,5816.0,1,1
15056,20009.0,5816.0,1,0
15057,20010.0,5817.0,1,0
15058,20011.0,5817.0,1,1
15059,20013.0,5817.0,1,0
15060,20014.0,5817.0,1,0
15061,20015.0,5817.0,1,0
15062,20016.0,5817.0,1,1
15063,20018.0,5818.0,1,0
15064,20019.0,5818.0,1,1
15065,20020.0,5819.0,1,0
15066,20021.0,5819.0,1,0
15067,20022.0,5819.0,1,1
15068,20023.0,5819.0,1,0
15069,20024.0,5819.0,1,0
15070,20025.0,5819.0,1,0
15071,20026.0,5820.0,1,0
15072,20027.0,5820.0,1,0
15073,20028.0,5820.0,1,0
15074,20029.0,5820.0,1,0
15075,20030.0,5821.0,1,0
15076,20031.0,5821.0,1,0
15077,20033.0,5821.0,1,1
15078,20034.0,5822.0,1,1
15079,20035.0,5822.0,1,0
15080,20036.0,5822.0,1,0
15081,20037.0,5822.0,1,0
15082,20038.0,5823.0,1,0
15083,20039.0,5823.0,1,0
15084,20041.0,5824.0,1,0
15085,20042.0,5824.0,1,0
15086,20044.0,5825.0,1,0
15087,20045.0,5825.0,1,0
15088,20047.0,5826.0,1,0
15089,20049.0,5826.0,1,1
15090,20051.0,5828.0,1,0
15091,20052.0,5828.0,1,0
15092,20053.0,5828.0,1,0
15093,20054.0,5828.0,1,1
15094,20055.0,5828.0,1,0
15095,20057.0,5829.0,1,0
15096,20058.0,5829.0,1,1
15097,20059.0,5829.0,1,1
15098,20060.0,5829.0,1,0
15099,20061.0,5829.0,1,0
15100,20062.0,5829.0,1,0
15101,20063.0,5829.0,1,1
15102,20064.0,5830.0,1,1
15103,20065.0,5831.0,1,0
15104,20066.0,5831.0,1,0
15105,20067.0,5832.0,1,0
15106,20068.0,5832.0,1,0
15107,20069.0,5833.0,1,1
15108,20073.0,5833.0,1,0
15109,20075.0,5833.0,1,1
15110,20076.0,5834.0,1,0
15111,20078.0,5834.0,1,0
15112,20079.0,5834.0,1,1
15113,20080.0,5834.0,1,0
15114,20081.0,5834.0,1,0
15115,20082.0,5835.0,1,0
15116,20083.0,5836.0,1,0
15117,20084.0,5836.0,1,0
15118,20085.0,5837.0,1,0
15119,20086.0,5837.0,1,0
15120,20087.0,5839.0,1,1
15121,20089.0,5840.0,1,0
15122,20090.0,5840.0,1,0
15123,20094.0,5843.0,1,1
15124,20095.0,5843.0,1,0
15125,20096.0,5843.0,1,1
15126,20097.0,5844.0,1,0
15127,20098.0,5844.0,1,1
15128,20099.0,5844.0,1,1
15129,20100.0,5844.0,1,0
15130,20101.0,5844.0,1,0
15131,20103.0,5844.0,1,0
15132,20104.0,5845.0,1,1
15133,20105.0,5845.0,1,0
15134,20106.0,5845.0,1,0
15135,20107.0,5846.0,1,0
15136,20109.0,5846.0,1,0
15137,20111.0,5846.0,1,1
15138,20113.0,5847.0,1,0
15139,20114.0,5847.0,1,0
15140,20115.0,5847.0,1,1
15141,20116.0,5847.0,1,0
15142,20118.0,5847.0,1,0
15143,20119.0,5847.0,1,0
15144,20120.0,5847.0,1,0
15145,20121.0,5848.0,1,0
15146,20122.0,5848.0,1,1
15147,20123.0,5849.0,1,0
15148,20124.0,5850.0,1,0
15149,20125.0,5851.0,1,0
15150,20126.0,5851.0,1,0
15151,20127.0,5851.0,1,0
15152,20128.0,5852.0,1,1
15153,20129.0,5852.0,1,1
15154,20130.0,5852.0,1,0
15155,20131.0,5853.0,1,0
15156,20133.0,5853.0,1,0
15157,20134.0,5854.0,1,0
15158,20136.0,5854.0,1,0
15159,20137.0,5854.0,1,1
15160,20138.0,5854.0,1,1
15161,20139.0,5855.0,1,0
15162,20140.0,5855.0,1,0
15163,20141.0,5857.0,1,1
15164,20142.0,5857.0,1,1
15165,20143.0,5857.0,1,0
15166,20144.0,5857.0,1,0
15167,20146.0,5857.0,1,0
15168,20147.0,5858.0,1,0
15169,20148.0,5858.0,1,0
15170,20149.0,5858.0,1,0
15171,20150.0,5858.0,1,0
15172,20152.0,5858.0,1,0
15173,20153.0,5858.0,1,1
15174,20154.0,5858.0,1,0
15175,20155.0,5858.0,1,0
15176,20156.0,5858.0,1,1
15177,20157.0,5859.0,1,0
15178,20158.0,5860.0,1,1
15179,20159.0,5860.0,1,0
15180,20160.0,5860.0,1,1
15181,20161.0,5861.0,1,0
15182,20162.0,5861.0,1,0
15183,20163.0,5861.0,1,0
15184,20165.0,5861.0,1,0
15185,20166.0,5862.0,1,0
15186,20168.0,5862.0,1,1
15187,20171.0,5862.0,1,0
15188,20173.0,5862.0,1,0
15189,20174.0,5863.0,1,0
15190,20175.0,5863.0,1,1
15191,20176.0,5863.0,1,0
15192,20177.0,5863.0,1,0
15193,20179.0,5863.0,1,1
15194,20182.0,5864.0,1,0
15195,20184.0,5866.0,1,0
15196,20185.0,5866.0,1,1
15197,20186.0,5867.0,1,0
15198,20188.0,5867.0,1,1
15199,20189.0,5867.0,1,0
15200,20190.0,5867.0,1,1
15201,20192.0,5868.0,1,1
15202,20195.0,5868.0,1,0
15203,20197.0,5868.0,1,0
15204,20198.0,5868.0,1,0
15205,20199.0,5869.0,1,0
15206,20200.0,5869.0,1,1
15207,20201.0,5869.0,1,0
15208,20202.0,5869.0,1,0
15209,20203.0,5870.0,1,0
15210,20204.0,5870.0,1,1
15211,20205.0,5871.0,1,0
15212,20206.0,5871.0,1,1
15213,20207.0,5871.0,1,0
15214,20209.0,5872.0,1,0
15215,20213.0,5876.0,1,0
15216,20215.0,5878.0,1,0
15217,20216.0,5878.0,1,1
15218,20217.0,5878.0,1,1
15219,20218.0,5878.0,1,0
15220,20219.0,5879.0,1,0
15221,20220.0,5879.0,1,1
15222,20221.0,5880.0,1,0
15223,20222.0,5880.0,1,0
15224,20223.0,5880.0,1,0
15225,20224.0,5880.0,1,0
15226,20225.0,5880.0,1,0
15227,20226.0,5880.0,1,0
15228,20227.0,5881.0,1,1
15229,20228.0,5881.0,1,0
15230,20229.0,5882.0,1,0
15231,20230.0,5883.0,1,0
15232,20231.0,5883.0,1,1
15233,20232.0,5883.0,1,1
15234,20233.0,5883.0,1,1
15235,20234.0,5883.0,1,0
15236,20235.0,5883.0,1,1
15237,20236.0,5883.0,1,1
15238,20237.0,5883.0,1,0
15239,20238.0,5884.0,1,0
15240,20239.0,5885.0,1,0
15241,20240.0,5885.0,1,0
15242,20241.0,5886.0,1,0
15243,20242.0,5887.0,1,1
15244,20243.0,5887.0,1,1
15245,20244.0,5889.0,1,0
15246,20245.0,5889.0,1,0
15247,20246.0,5889.0,1,0
15248,20247.0,5889.0,1,0
15249,20248.0,5889.0,1,0
15250,20249.0,5890.0,1,0
15251,20251.0,5890.0,1,0
15252,20252.0,5890.0,1,0
15253,20253.0,5891.0,1,0
15254,20255.0,5891.0,1,1
15255,20256.0,5891.0,1,0
15256,20257.0,5891.0,1,0
15257,20258.0,5891.0,1,0
15258,20259.0,5892.0,1,1
15259,20261.0,5892.0,1,0
15260,20262.0,5892.0,1,0
15261,20264.0,5892.0,1,1
15262,20266.0,5893.0,1,0
15263,20267.0,5893.0,1,1
15264,20268.0,5893.0,1,0
15265,20270.0,5894.0,1,1
15266,20271.0,5894.0,1,0
15267,20272.0,5895.0,1,0
15268,20273.0,5895.0,1,0
15269,20274.0,5895.0,1,1
15270,20275.0,5895.0,1,0
15271,20276.0,5896.0,1,1
15272,20277.0,5898.0,1,1
15273,20280.0,5898.0,1,0
15274,20281.0,5898.0,1,0
15275,20282.0,5898.0,1,1
15276,20283.0,5898.0,1,1
15277,20284.0,5899.0,1,0
15278,20286.0,5899.0,1,1
15279,20289.0,5900.0,1,0
15280,20290.0,5900.0,1,0
15281,20292.0,5901.0,1,0
15282,20293.0,5901.0,1,0
15283,20294.0,5901.0,1,1
15284,20295.0,5902.0,1,1
15285,20296.0,5903.0,1,0
15286,20297.0,5903.0,1,0
15287,20298.0,5904.0,1,0
15288,20299.0,5906.0,1,0
15289,20301.0,5906.0,1,0
15290,20302.0,5906.0,1,0
15291,20304.0,5907.0,1,1
15292,20305.0,5907.0,1,1
15293,20306.0,5908.0,1,0
15294,20308.0,5908.0,1,0
15295,20309.0,5909.0,1,1
15296,20310.0,5909.0,1,0
15297,20311.0,5910.0,1,0
15298,20313.0,5911.0,1,0
15299,20314.0,5911.0,1,0
15300,20317.0,5912.0,1,0
15301,20318.0,5912.0,1,1
15302,20319.0,5913.0,1,1
15303,20320.0,5913.0,1,1
15304,20321.0,5913.0,1,1
15305,20322.0,5913.0,1,0
15306,20323.0,5914.0,1,0
15307,20324.0,5914.0,1,1
15308,20325.0,5914.0,1,0
15309,20327.0,5915.0,1,1
15310,20328.0,5916.0,1,1
15311,20329.0,5916.0,1,0
15312,20331.0,5916.0,1,0
15313,20333.0,5917.0,1,0
15314,20337.0,5919.0,1,0
15315,20339.0,5919.0,1,1
15316,20340.0,5919.0,1,0
15317,20341.0,5919.0,1,0
15318,20343.0,5920.0,1,0
15319,20344.0,5921.0,1,0
15320,20345.0,5921.0,1,1
15321,20346.0,5921.0,1,0
15322,20347.0,5921.0,1,1
15323,20348.0,5921.0,1,1
15324,20349.0,5921.0,1,0
15325,20351.0,5922.0,1,0
15326,20352.0,5922.0,1,0
15327,20353.0,5922.0,1,0
15328,20354.0,5922.0,1,0
15329,20355.0,5923.0,1,0
15330,20356.0,5924.0,1,0
15331,20357.0,5924.0,1,1
15332,20358.0,5924.0,1,0
15333,20359.0,5925.0,1,0
15334,20360.0,5925.0,1,0
15335,20361.0,5925.0,1,0
15336,20364.0,5926.0,1,0
15337,20365.0,5926.0,1,0
15338,20366.0,5927.0,1,0
15339,20368.0,5927.0,1,0
15340,20369.0,5927.0,1,0
15341,20370.0,5927.0,1,0
15342,20371.0,5928.0,1,0
15343,20372.0,5928.0,1,0
15344,20373.0,5929.0,1,1
15345,20374.0,5929.0,1,1
15346,20376.0,5929.0,1,0
15347,20377.0,5929.0,1,0
15348,20379.0,5930.0,1,0
15349,20380.0,5930.0,1,0
15350,20382.0,5931.0,1,1
15351,20383.0,5931.0,1,0
15352,20386.0,5932.0,1,0
15353,20387.0,5932.0,1,0
15354,20388.0,5932.0,1,0
15355,20390.0,5932.0,1,1
15356,20391.0,5933.0,1,1
15357,20394.0,5935.0,1,0
15358,20395.0,5936.0,1,0
15359,20397.0,5936.0,1,0
15360,20398.0,5936.0,1,0
15361,20400.0,5937.0,1,1
15362,20401.0,5937.0,1,0
15363,20402.0,5938.0,1,0
15364,20403.0,5938.0,1,0
15365,20405.0,5938.0,1,0
15366,20407.0,5938.0,1,0
15367,20408.0,5938.0,1,1
15368,20409.0,5939.0,1,0
15369,20410.0,5939.0,1,0
15370,20412.0,5939.0,1,0
15371,20414.0,5939.0,1,0
15372,20416.0,5940.0,1,1
15373,20417.0,5940.0,1,1
15374,20418.0,5940.0,1,0
15375,20419.0,5940.0,1,0
15376,20421.0,5940.0,1,0
15377,20422.0,5941.0,1,0
15378,20423.0,5941.0,1,0
15379,20424.0,5941.0,1,0
15380,20426.0,5943.0,1,0
15381,20427.0,5943.0,1,1
15382,20428.0,5945.0,1,1
15383,20429.0,5945.0,1,1
15384,20430.0,5945.0,1,0
15385,20431.0,5945.0,1,0
15386,20433.0,5946.0,1,1
15387,20434.0,5946.0,1,1
15388,20435.0,5947.0,1,0
15389,20436.0,5947.0,1,0
15390,20437.0,5947.0,1,0
15391,20438.0,5947.0,1,1
15392,20439.0,5947.0,1,1
15393,20440.0,5948.0,1,0
15394,20441.0,5948.0,1,0
15395,20442.0,5948.0,1,0
15396,20443.0,5949.0,1,1
15397,20444.0,5949.0,1,0
15398,20445.0,5949.0,1,0
15399,20446.0,5950.0,1,0
15400,20447.0,5950.0,1,1
15401,20448.0,5951.0,1,0
15402,20450.0,5951.0,1,0
15403,20451.0,5951.0,1,1
15404,20452.0,5952.0,1,0
15405,20453.0,5952.0,1,1
15406,20454.0,5952.0,1,0
15407,20455.0,5952.0,1,0
15408,20456.0,5952.0,1,0
15409,20458.0,5952.0,1,1
15410,20459.0,5952.0,1,0
15411,20460.0,5953.0,1,0
15412,20462.0,5953.0,1,1
15413,20463.0,5953.0,1,0
15414,20464.0,5953.0,1,0
15415,20465.0,5953.0,1,1
15416,20469.0,5954.0,1,0
15417,20470.0,5954.0,1,1
15418,20472.0,5954.0,1,0
15419,20473.0,5955.0,1,0
15420,20474.0,5956.0,1,0
15421,20475.0,5956.0,1,0
15422,20478.0,5957.0,1,1
15423,20480.0,5957.0,1,0
15424,20481.0,5957.0,1,1
15425,20482.0,5957.0,1,1
15426,20483.0,5957.0,1,0
15427,20484.0,5957.0,1,0
15428,20488.0,5958.0,1,1
15429,20490.0,5959.0,1,0
15430,20492.0,5959.0,1,0
15431,20493.0,5959.0,1,1
15432,20494.0,5959.0,1,1
15433,20495.0,5959.0,1,0
15434,20496.0,5960.0,1,0
15435,20497.0,5960.0,1,0
15436,20498.0,5960.0,1,0
15437,20499.0,5960.0,1,1
15438,20500.0,5960.0,1,1
15439,20501.0,5960.0,1,1
15440,20502.0,5961.0,1,1
15441,20504.0,5961.0,1,0
15442,20505.0,5961.0,1,0
15443,20507.0,5962.0,1,0
15444,20509.0,5963.0,1,1
15445,20511.0,5963.0,1,0
15446,20512.0,5964.0,1,0
15447,20513.0,5965.0,1,0
15448,20514.0,5966.0,1,0
15449,20515.0,5966.0,1,0
15450,20517.0,5966.0,1,0
15451,20518.0,5967.0,1,0
15452,20519.0,5967.0,1,1
15453,20520.0,5967.0,1,0
15454,20521.0,5967.0,1,1
15455,20523.0,5968.0,1,0
15456,20524.0,5969.0,1,0
15457,20525.0,5969.0,1,0
15458,20526.0,5969.0,1,1
15459,20527.0,5970.0,1,0
15460,20530.0,5972.0,1,1
15461,20532.0,5972.0,1,0
15462,20533.0,5973.0,1,0
15463,20534.0,5973.0,1,0
15464,20535.0,5973.0,1,0
15465,20536.0,5973.0,1,1
15466,20537.0,5973.0,1,0
15467,20538.0,5973.0,1,0
15468,20539.0,5973.0,1,0
15469,20542.0,5975.0,1,0
15470,20545.0,5977.0,1,0
15471,20547.0,5978.0,1,1
15472,20548.0,5978.0,1,0
15473,20549.0,5978.0,1,0
15474,20551.0,5978.0,1,0
15475,20552.0,5978.0,1,0
15476,20554.0,5979.0,1,0
15477,20555.0,5979.0,1,0
15478,20556.0,5979.0,1,1
15479,20558.0,5979.0,1,1
15480,20559.0,5979.0,1,0
15481,20560.0,5979.0,1,1
15482,20562.0,5980.0,1,1
15483,20563.0,5980.0,1,0
15484,20564.0,5980.0,1,0
15485,20566.0,5980.0,1,1
15486,20567.0,5980.0,1,0
15487,20568.0,5980.0,1,1
15488,20571.0,5981.0,1,0
15489,20572.0,5981.0,1,0
15490,20573.0,5981.0,1,0
15491,20574.0,5981.0,1,0
15492,20575.0,5982.0,1,0
15493,20576.0,5983.0,1,1
15494,20577.0,5983.0,1,0
15495,20578.0,5983.0,1,0
15496,20580.0,5985.0,1,0
15497,20581.0,5985.0,1,0
15498,20583.0,5985.0,1,0
15499,20584.0,5986.0,1,0
15500,20585.0,5986.0,1,1
15501,20586.0,5987.0,1,0
15502,20587.0,5987.0,1,0
15503,20589.0,5987.0,1,0
15504,20591.0,5988.0,1,1
15505,20592.0,5988.0,1,0
15506,20593.0,5989.0,1,0
15507,20594.0,5989.0,1,0
15508,20595.0,5989.0,1,1
15509,20598.0,5989.0,1,0
15510,20600.0,5990.0,1,0
15511,20601.0,5991.0,1,1
15512,20602.0,5992.0,1,0
15513,20604.0,5992.0,1,0
15514,20605.0,5992.0,1,1
15515,20606.0,5993.0,1,0
15516,20607.0,5993.0,1,1
15517,20608.0,5993.0,1,1
15518,20610.0,5993.0,1,0
15519,20611.0,5993.0,1,1
15520,20612.0,5993.0,1,0
15521,20613.0,5993.0,1,1
15522,20614.0,5994.0,1,1
15523,20617.0,5995.0,1,0
15524,20618.0,5995.0,1,0
15525,20620.0,5997.0,1,1
15526,20621.0,5997.0,1,0
15527,20623.0,6000.0,1,0
15528,20625.0,6001.0,1,0
15529,20627.0,6002.0,1,0
15530,20628.0,6002.0,1,0
15531,20629.0,6002.0,1,0
15532,20630.0,6002.0,1,0
15533,20631.0,6002.0,1,0
15534,20632.0,6002.0,1,0
15535,20633.0,6002.0,1,0
15536,20634.0,6002.0,1,0
15537,20635.0,6002.0,1,0
15538,20637.0,6003.0,1,0
15539,20638.0,6003.0,1,0
15540,20639.0,6004.0,1,0
15541,20640.0,6004.0,1,1
15542,20641.0,6004.0,1,1
15543,20643.0,6004.0,1,0
15544,20644.0,6004.0,1,0
15545,20646.0,6004.0,1,0
15546,20647.0,6005.0,1,1
15547,20648.0,6005.0,1,1
15548,20649.0,6006.0,1,0
15549,20650.0,6007.0,1,0
15550,20651.0,6007.0,1,0
15551,20652.0,6007.0,1,0
15552,20653.0,6007.0,1,0
15553,20655.0,6007.0,1,0
15554,20657.0,6008.0,1,1
15555,20658.0,6008.0,1,1
15556,20660.0,6008.0,1,1
15557,20661.0,6008.0,1,1
15558,20662.0,6009.0,1,0
15559,20663.0,6009.0,1,0
15560,20664.0,6009.0,1,0
15561,20665.0,6009.0,1,0
15562,20666.0,6010.0,1,0
15563,20667.0,6011.0,1,0
15564,20668.0,6011.0,1,1
15565,20670.0,6011.0,1,0
15566,20671.0,6012.0,1,1
15567,20672.0,6012.0,1,1
15568,20673.0,6012.0,1,1
15569,20674.0,6013.0,1,1
15570,20676.0,6013.0,1,0
15571,20677.0,6014.0,1,0
15572,20678.0,6014.0,1,0
15573,20679.0,6014.0,1,1
15574,20680.0,6014.0,1,1
15575,20681.0,6014.0,1,1
15576,20682.0,6015.0,1,0
15577,20683.0,6015.0,1,0
15578,20684.0,6016.0,1,0
15579,20685.0,6017.0,1,0
15580,20686.0,6017.0,1,0
15581,20689.0,6017.0,1,1
15582,20691.0,6018.0,1,1
15583,20692.0,6018.0,1,0
15584,20694.0,6019.0,1,1
15585,20695.0,6019.0,1,0
15586,20697.0,6020.0,1,0
15587,20698.0,6020.0,1,0
15588,20700.0,6021.0,1,1
15589,20701.0,6021.0,1,0
15590,20702.0,6022.0,1,0
15591,20703.0,6024.0,1,0
15592,20704.0,6024.0,1,0
15593,20705.0,6024.0,1,0
15594,20706.0,6024.0,1,0
15595,20707.0,6025.0,1,0
15596,20708.0,6025.0,1,0
15597,20711.0,6026.0,1,1
15598,20713.0,6026.0,1,1
15599,20714.0,6026.0,1,1
15600,20715.0,6028.0,1,0
15601,20716.0,6028.0,1,0
15602,20719.0,6028.0,1,1
15603,20720.0,6028.0,1,1
15604,20722.0,6029.0,1,0
15605,20723.0,6029.0,1,0
15606,20726.0,6030.0,1,1
15607,20728.0,6030.0,1,0
15608,20731.0,6031.0,1,0
15609,20733.0,6031.0,1,0
15610,20734.0,6032.0,1,0
15611,20735.0,6032.0,1,0
15612,20736.0,6032.0,1,1
15613,20737.0,6033.0,1,1
15614,20738.0,6033.0,1,1
15615,20740.0,6033.0,1,0
15616,20741.0,6033.0,1,1
15617,20746.0,6036.0,1,1
15618,20747.0,6037.0,1,0
15619,20748.0,6038.0,1,0
15620,20749.0,6038.0,1,0
15621,20750.0,6038.0,1,0
15622,20751.0,6038.0,1,0
15623,20752.0,6038.0,1,1
15624,20753.0,6038.0,1,1
15625,20755.0,6039.0,1,0
15626,20756.0,6039.0,1,1
15627,20757.0,6040.0,1,1
15628,20759.0,6040.0,1,0
15629,20760.0,6040.0,1,1
15630,20761.0,6040.0,1,0
15631,20763.0,6041.0,1,0
15632,20764.0,6041.0,1,0
15633,20767.0,6043.0,1,0
15634,20769.0,6044.0,1,0
15635,20770.0,6044.0,1,0
15636,20771.0,6044.0,1,0
15637,20774.0,6045.0,1,0
15638,20775.0,6045.0,1,0
15639,20776.0,6045.0,1,0
15640,20777.0,6045.0,1,0
15641,20778.0,6045.0,1,0
15642,20780.0,6046.0,1,0
15643,20782.0,6047.0,1,0
15644,20783.0,6048.0,1,0
15645,20784.0,6049.0,1,0
15646,20785.0,6049.0,1,0
15647,20788.0,6050.0,1,1
15648,20789.0,6050.0,1,0
15649,20794.0,6052.0,1,0
15650,20796.0,6052.0,1,1
15651,20798.0,6053.0,1,0
15652,20800.0,6053.0,1,1
15653,20803.0,6056.0,1,1
15654,20804.0,6056.0,1,0
15655,20806.0,6056.0,1,0
15656,20807.0,6057.0,1,0
15657,20808.0,6057.0,1,0
15658,20809.0,6057.0,1,1
15659,20810.0,6059.0,1,0
15660,20814.0,6060.0,1,0
15661,20815.0,6060.0,1,1
15662,20816.0,6060.0,1,1
15663,20817.0,6061.0,1,0
15664,20819.0,6061.0,1,0
15665,20821.0,6062.0,1,1
15666,20822.0,6062.0,1,1
15667,20826.0,6063.0,1,1
15668,20828.0,6064.0,1,0
15669,20829.0,6065.0,1,0
15670,20830.0,6065.0,1,1
15671,20831.0,6065.0,1,0
15672,20833.0,6067.0,1,0
15673,20835.0,6067.0,1,0
15674,20836.0,6068.0,1,1
15675,20837.0,6068.0,1,1
15676,20838.0,6069.0,1,1
15677,20839.0,6069.0,1,1
15678,20840.0,6069.0,1,0
15679,20841.0,6070.0,1,1
15680,20843.0,6070.0,1,0
15681,20844.0,6071.0,1,0
15682,20845.0,6071.0,1,0
15683,20846.0,6071.0,1,1
15684,20847.0,6071.0,1,1
15685,20848.0,6071.0,1,1
15686,20849.0,6073.0,1,1
15687,20850.0,6073.0,1,0
15688,20851.0,6073.0,1,0
15689,20852.0,6073.0,1,0
15690,20853.0,6074.0,1,0
15691,20854.0,6075.0,1,0
15692,20857.0,6076.0,1,0
15693,20858.0,6076.0,1,0
15694,20861.0,6076.0,1,0
15695,20864.0,6077.0,1,1
15696,20865.0,6077.0,1,1
15697,20868.0,6079.0,1,0
15698,20869.0,6081.0,1,1
15699,20871.0,6081.0,1,0
15700,20872.0,6081.0,1,0
15701,20873.0,6081.0,1,0
15702,20874.0,6081.0,1,1
15703,20877.0,6083.0,1,0
15704,20878.0,6083.0,1,0
15705,20879.0,6083.0,1,0
15706,20881.0,6084.0,1,0
15707,20885.0,6084.0,1,0
15708,20886.0,6084.0,1,0
15709,20887.0,6085.0,1,0
15710,20888.0,6085.0,1,0
15711,20889.0,6086.0,1,1
15712,20891.0,6086.0,1,1
15713,20892.0,6086.0,1,0
15714,20893.0,6087.0,1,1
15715,20894.0,6087.0,1,0
15716,20895.0,6087.0,1,1
15717,20897.0,6088.0,1,0
15718,20899.0,6088.0,1,0
15719,20901.0,6089.0,1,0
15720,20902.0,6089.0,1,0
15721,20903.0,6089.0,1,0
15722,20904.0,6089.0,1,1
15723,20905.0,6089.0,1,1
15724,20906.0,6089.0,1,1
15725,20908.0,6091.0,1,0
15726,20909.0,6091.0,1,0
15727,20910.0,6091.0,1,0
15728,20911.0,6091.0,1,0
15729,20913.0,6091.0,1,0
15730,20915.0,6092.0,1,0
15731,20916.0,6092.0,1,0
15732,20918.0,6092.0,1,0
15733,20920.0,6092.0,1,0
15734,20921.0,6092.0,1,0
15735,20923.0,6093.0,1,0
15736,20925.0,6093.0,1,1
15737,20928.0,6093.0,1,0
15738,20929.0,6093.0,1,1
15739,20930.0,6094.0,1,0
15740,20931.0,6094.0,1,0
15741,20933.0,6094.0,1,1
15742,20934.0,6094.0,1,0
15743,20935.0,6094.0,1,0
15744,20937.0,6095.0,1,0
15745,20938.0,6096.0,1,1
15746,20941.0,6097.0,1,1
15747,20942.0,6097.0,1,1
15748,20943.0,6097.0,1,0
15749,20944.0,6098.0,1,1
15750,20947.0,6099.0,1,0
15751,20949.0,6099.0,1,0
15752,20950.0,6100.0,1,1
15753,20951.0,6100.0,1,0
15754,20953.0,6100.0,1,1
15755,20954.0,6100.0,1,0
15756,20956.0,6100.0,1,1
15757,20958.0,6101.0,1,0
15758,20960.0,6101.0,1,0
15759,20961.0,6101.0,1,0
15760,20962.0,6102.0,1,1
15761,20963.0,6102.0,1,1
15762,20964.0,6103.0,1,1
15763,20966.0,6104.0,1,1
15764,20967.0,6105.0,1,0
15765,20968.0,6105.0,1,1
15766,20969.0,6106.0,1,0
15767,20970.0,6107.0,1,1
15768,20971.0,6107.0,1,1
15769,20972.0,6107.0,1,0
15770,20973.0,6107.0,1,0
15771,20975.0,6107.0,1,1
15772,20976.0,6107.0,1,1
15773,20977.0,6107.0,1,1
15774,20978.0,6107.0,1,1
15775,20979.0,6107.0,1,0
15776,20980.0,6108.0,1,0
15777,20981.0,6108.0,1,0
15778,20982.0,6108.0,1,1
15779,20983.0,6109.0,1,0
15780,20984.0,6109.0,1,0
15781,20986.0,6109.0,1,1
15782,20987.0,6110.0,1,1
15783,20989.0,6112.0,1,0
15784,20990.0,6112.0,1,0
15785,20992.0,6112.0,1,0
15786,20993.0,6113.0,1,0
15787,20995.0,6114.0,1,0
15788,20996.0,6114.0,1,0
15789,20997.0,6115.0,1,0
15790,20998.0,6116.0,1,0
15791,20999.0,6116.0,1,0
15792,21001.0,6116.0,1,0
15793,21003.0,6118.0,1,0
15794,21004.0,6118.0,1,0
15795,21005.0,6118.0,1,0
15796,21006.0,6118.0,1,0
15797,21008.0,6118.0,1,1
15798,21009.0,6119.0,1,1
15799,21010.0,6119.0,1,1
15800,21011.0,6120.0,1,1
15801,21012.0,6120.0,1,1
15802,21013.0,6120.0,1,0
15803,21015.0,6122.0,1,0
15804,21016.0,6122.0,1,0
15805,21017.0,6122.0,1,0
15806,21018.0,6122.0,1,0
15807,21019.0,6122.0,1,0
15808,21020.0,6122.0,1,0
15809,21021.0,6122.0,1,0
15810,21022.0,6122.0,1,0
15811,21024.0,6123.0,1,0
15812,21025.0,6123.0,1,0
15813,21026.0,6124.0,1,0
15814,21028.0,6125.0,1,1
15815,21029.0,6125.0,1,0
15816,21030.0,6125.0,1,1
15817,21031.0,6126.0,1,1
15818,21033.0,6126.0,1,1
15819,21035.0,6127.0,1,1
15820,21036.0,6127.0,1,0
15821,21037.0,6127.0,1,1
15822,21038.0,6127.0,1,0
15823,21039.0,6128.0,1,0
15824,21040.0,6128.0,1,0
15825,21041.0,6129.0,1,1
15826,21042.0,6129.0,1,0
15827,21043.0,6129.0,1,0
15828,21044.0,6129.0,1,0
15829,21045.0,6129.0,1,0
15830,21046.0,6130.0,1,1
15831,21048.0,6130.0,1,0
15832,21051.0,6131.0,1,0
15833,21053.0,6132.0,1,0
15834,21054.0,6133.0,1,0
15835,21055.0,6133.0,1,1
15836,21056.0,6133.0,1,0
15837,21057.0,6133.0,1,1
15838,21059.0,6133.0,1,1
15839,21060.0,6133.0,1,0
15840,21061.0,6134.0,1,0
15841,21062.0,6134.0,1,0
15842,21063.0,6134.0,1,0
15843,21064.0,6134.0,1,0
15844,21065.0,6134.0,1,0
15845,21066.0,6135.0,1,1
15846,21068.0,6136.0,1,0
15847,21069.0,6136.0,1,0
15848,21070.0,6136.0,1,0
15849,21071.0,6137.0,1,0
15850,21072.0,6137.0,1,0
15851,21073.0,6137.0,1,1
15852,21074.0,6137.0,1,1
15853,21075.0,6137.0,1,0
15854,21077.0,6139.0,1,0
15855,21078.0,6139.0,1,1
15856,21079.0,6140.0,1,1
15857,21081.0,6141.0,1,1
15858,21082.0,6141.0,1,0
15859,21083.0,6141.0,1,0
15860,21085.0,6141.0,1,0
15861,21086.0,6142.0,1,0
15862,21087.0,6142.0,1,0
15863,21088.0,6142.0,1,1
15864,21090.0,6142.0,1,1
15865,21092.0,6142.0,1,0
15866,21094.0,6143.0,1,0
15867,21095.0,6143.0,1,0
15868,21096.0,6143.0,1,0
15869,21098.0,6144.0,1,1
15870,21099.0,6144.0,1,0
15871,21100.0,6145.0,1,1
15872,21101.0,6146.0,1,0
15873,21102.0,6146.0,1,1
15874,21103.0,6146.0,1,1
15875,21104.0,6146.0,1,1
15876,21105.0,6146.0,1,1
15877,21106.0,6147.0,1,0
15878,21107.0,6147.0,1,0
15879,21108.0,6148.0,1,1
15880,21109.0,6148.0,1,1
15881,21110.0,6148.0,1,1
15882,21111.0,6149.0,1,0
15883,21112.0,6149.0,1,1
15884,21113.0,6149.0,1,1
15885,21114.0,6150.0,1,0
15886,21115.0,6150.0,1,1
15887,21116.0,6150.0,1,0
15888,21117.0,6150.0,1,1
15889,21118.0,6151.0,1,0
15890,21119.0,6151.0,1,1
15891,21120.0,6151.0,1,0
15892,21122.0,6151.0,1,0
15893,21124.0,6151.0,1,1
15894,21126.0,6152.0,1,0
15895,21127.0,6152.0,1,0
15896,21128.0,6152.0,1,1
15897,21132.0,6152.0,1,0
15898,21134.0,6153.0,1,0
15899,21135.0,6154.0,1,0
15900,21138.0,6154.0,1,1
15901,21139.0,6155.0,1,0
15902,21140.0,6155.0,1,0
15903,21142.0,6155.0,1,1
15904,21144.0,6156.0,1,1
15905,21145.0,6156.0,1,1
15906,21147.0,6157.0,1,0
15907,21148.0,6157.0,1,1
15908,21149.0,6157.0,1,0
15909,21150.0,6159.0,1,1
15910,21151.0,6160.0,1,0
15911,21152.0,6160.0,1,0
15912,21153.0,6160.0,1,1
15913,21154.0,6160.0,1,0
15914,21155.0,6160.0,1,1
15915,21156.0,6161.0,1,0
15916,21158.0,6162.0,1,0
15917,21159.0,6162.0,1,0
15918,21160.0,6162.0,1,1
15919,21161.0,6162.0,1,0
15920,21162.0,6163.0,1,0
15921,21163.0,6163.0,1,1
15922,21164.0,6163.0,1,0
15923,21165.0,6163.0,1,1
15924,21167.0,6163.0,1,0
15925,21170.0,6164.0,1,1
15926,21172.0,6166.0,1,0
15927,21174.0,6166.0,1,0
15928,21175.0,6167.0,1,1
15929,21177.0,6167.0,1,1
15930,21179.0,6167.0,1,0
15931,21180.0,6169.0,1,0
15932,21181.0,6169.0,1,1
15933,21182.0,6169.0,1,0
15934,21186.0,6169.0,1,0
15935,21188.0,6170.0,1,0
15936,21189.0,6171.0,1,0
15937,21190.0,6171.0,1,1
15938,21191.0,6172.0,1,1
15939,21192.0,6172.0,1,1
15940,21193.0,6172.0,1,1
15941,21194.0,6172.0,1,1
15942,21196.0,6173.0,1,1
15943,21197.0,6173.0,1,1
15944,21198.0,6173.0,1,0
15945,21200.0,6174.0,1,1
15946,21201.0,6174.0,1,0
15947,21202.0,6174.0,1,0
15948,21204.0,6175.0,1,0
15949,21205.0,6176.0,1,0
15950,21206.0,6176.0,1,0
15951,21207.0,6176.0,1,0
15952,21208.0,6177.0,1,1
15953,21209.0,6179.0,1,0
15954,21210.0,6179.0,1,1
15955,21212.0,6179.0,1,0
15956,21213.0,6179.0,1,0
15957,21214.0,6179.0,1,0
15958,21215.0,6180.0,1,0
15959,21216.0,6180.0,1,0
15960,21217.0,6180.0,1,1
15961,21219.0,6182.0,1,1
15962,21220.0,6182.0,1,0
15963,21222.0,6183.0,1,0
15964,21225.0,6184.0,1,1
15965,21226.0,6185.0,1,0
15966,21227.0,6185.0,1,0
15967,21228.0,6185.0,1,1
15968,21230.0,6186.0,1,1
15969,21231.0,6186.0,1,1
15970,21232.0,6186.0,1,0
15971,21234.0,6187.0,1,0
15972,21235.0,6187.0,1,0
15973,21236.0,6188.0,1,1
15974,21238.0,6188.0,1,1
15975,21239.0,6188.0,1,0
15976,21240.0,6188.0,1,1
15977,21241.0,6189.0,1,0
15978,21242.0,6189.0,1,0
15979,21243.0,6189.0,1,0
15980,21244.0,6189.0,1,0
15981,21245.0,6189.0,1,0
15982,21247.0,6190.0,1,1
15983,21248.0,6190.0,1,1
15984,21249.0,6190.0,1,0
15985,21250.0,6190.0,1,0
15986,21251.0,6191.0,1,0
15987,21252.0,6191.0,1,0
15988,21253.0,6191.0,1,0
15989,21254.0,6192.0,1,1
15990,21255.0,6192.0,1,0
15991,21256.0,6192.0,1,0
15992,21257.0,6192.0,1,0
15993,21259.0,6193.0,1,0
15994,21261.0,6194.0,1,0
15995,21262.0,6196.0,1,0
15996,21264.0,6196.0,1,0
15997,21265.0,6197.0,1,0
15998,21266.0,6197.0,1,0
15999,21267.0,6197.0,1,1
16000,21268.0,6197.0,1,0
16001,21269.0,6197.0,1,1
16002,21270.0,6197.0,1,1
16003,21271.0,6197.0,1,1
16004,21272.0,6198.0,1,0
16005,21274.0,6198.0,1,0
16006,21275.0,6198.0,1,0
16007,21277.0,6198.0,1,0
16008,21278.0,6199.0,1,0
16009,21279.0,6200.0,1,0
16010,21280.0,6200.0,1,0
16011,21282.0,6201.0,1,1
16012,21284.0,6201.0,1,0
16013,21285.0,6201.0,1,0
16014,21286.0,6201.0,1,0
16015,21287.0,6201.0,1,0
16016,21288.0,6201.0,1,1
16017,21289.0,6202.0,1,0
16018,21290.0,6202.0,1,0
16019,21291.0,6202.0,1,0
16020,21293.0,6205.0,1,0
16021,21294.0,6205.0,1,0
16022,21296.0,6205.0,1,0
16023,21297.0,6205.0,1,1
16024,21298.0,6205.0,1,0
16025,21299.0,6205.0,1,0
16026,21300.0,6205.0,1,0
16027,21301.0,6206.0,1,0
16028,21303.0,6206.0,1,0
16029,21304.0,6206.0,1,1
16030,21305.0,6207.0,1,0
16031,21306.0,6207.0,1,1
16032,21307.0,6207.0,1,0
16033,21308.0,6207.0,1,0
16034,21309.0,6208.0,1,0
16035,21310.0,6209.0,1,0
16036,21312.0,6209.0,1,1
16037,21313.0,6209.0,1,0
16038,21314.0,6210.0,1,0
16039,21315.0,6210.0,1,0
16040,21316.0,6210.0,1,0
16041,21318.0,6211.0,1,1
16042,21319.0,6211.0,1,0
16043,21320.0,6211.0,1,0
16044,21321.0,6211.0,1,0
16045,21324.0,6212.0,1,0
16046,21325.0,6212.0,1,1
16047,21327.0,6213.0,1,0
16048,21329.0,6214.0,1,0
16049,21330.0,6214.0,1,0
16050,21332.0,6214.0,1,1
16051,21334.0,6215.0,1,0
16052,21335.0,6215.0,1,0
16053,21336.0,6215.0,1,0
16054,21337.0,6215.0,1,1
16055,21338.0,6216.0,1,1
16056,21339.0,6217.0,1,0
16057,21340.0,6217.0,1,1
16058,21342.0,6217.0,1,0
16059,21343.0,6218.0,1,0
16060,21344.0,6218.0,1,0
16061,21345.0,6218.0,1,0
16062,21346.0,6218.0,1,1
16063,21347.0,6218.0,1,0
16064,21348.0,6219.0,1,0
16065,21349.0,6220.0,1,0
16066,21350.0,6221.0,1,1
16067,21351.0,6221.0,1,1
16068,21352.0,6222.0,1,0
16069,21353.0,6222.0,1,0
16070,21354.0,6222.0,1,0
16071,21355.0,6223.0,1,0
16072,21356.0,6224.0,1,0
16073,21358.0,6226.0,1,0
16074,21359.0,6226.0,1,0
16075,21363.0,6226.0,1,0
16076,21364.0,6226.0,1,1
16077,21366.0,6226.0,1,1
16078,21367.0,6227.0,1,0
16079,21368.0,6227.0,1,1
16080,21369.0,6227.0,1,1
16081,21371.0,6229.0,1,0
16082,21372.0,6229.0,1,0
16083,21373.0,6229.0,1,0
16084,21374.0,6229.0,1,1
16085,21379.0,6232.0,1,0
16086,21380.0,6233.0,1,1
16087,21384.0,6233.0,1,0
16088,21385.0,6233.0,1,1
16089,21387.0,6235.0,1,0
16090,21388.0,6235.0,1,0
16091,21389.0,6235.0,1,1
16092,21390.0,6235.0,1,1
16093,21391.0,6235.0,1,0
16094,21392.0,6235.0,1,0
16095,21395.0,6236.0,1,1
16096,21397.0,6237.0,1,0
16097,21398.0,6238.0,1,0
16098,21399.0,6238.0,1,0
16099,21400.0,6238.0,1,0
16100,21402.0,6238.0,1,1
16101,21404.0,6239.0,1,1
16102,21405.0,6239.0,1,1
16103,21406.0,6239.0,1,0
16104,21407.0,6240.0,1,1
16105,21408.0,6240.0,1,1
16106,21409.0,6240.0,1,0
16107,21411.0,6241.0,1,1
16108,21412.0,6241.0,1,1
16109,21413.0,6241.0,1,0
16110,21415.0,6242.0,1,1
16111,21416.0,6244.0,1,1
16112,21417.0,6245.0,1,1
16113,21418.0,6245.0,1,0
16114,21419.0,6245.0,1,1
16115,21421.0,6245.0,1,0
16116,21423.0,6246.0,1,0
16117,21424.0,6246.0,1,0
16118,21425.0,6247.0,1,0
16119,21431.0,6248.0,1,1
16120,21432.0,6249.0,1,0
16121,21433.0,6249.0,1,0
16122,21434.0,6249.0,1,0
16123,21435.0,6249.0,1,0
16124,21436.0,6250.0,1,1
16125,21438.0,6251.0,1,0
16126,21439.0,6251.0,1,0
16127,21440.0,6251.0,1,0
16128,21441.0,6251.0,1,1
16129,21442.0,6252.0,1,1
16130,21443.0,6252.0,1,0
16131,21444.0,6253.0,1,1
16132,21445.0,6253.0,1,1
16133,21446.0,6253.0,1,1
16134,21447.0,6253.0,1,1
16135,21448.0,6253.0,1,1
16136,21451.0,6253.0,1,0
16137,21453.0,6254.0,1,0
16138,21454.0,6254.0,1,0
16139,21455.0,6254.0,1,0
16140,21456.0,6254.0,1,0
16141,21457.0,6255.0,1,0
16142,21458.0,6255.0,1,0
16143,21459.0,6255.0,1,0
16144,21460.0,6256.0,1,0
16145,21462.0,6256.0,1,1
16146,21463.0,6257.0,1,0
16147,21467.0,6257.0,1,0
16148,21468.0,6258.0,1,1
16149,21469.0,6258.0,1,0
16150,21472.0,6259.0,1,0
16151,21473.0,6259.0,1,0
16152,21474.0,6260.0,1,0
16153,21477.0,6261.0,1,0
16154,21480.0,6261.0,1,0
16155,21482.0,6262.0,1,0
16156,21483.0,6262.0,1,0
16157,21484.0,6263.0,1,0
16158,21485.0,6263.0,1,0
16159,21486.0,6266.0,1,0
16160,21487.0,6266.0,1,0
16161,21490.0,6268.0,1,1
16162,21491.0,6268.0,1,0
16163,21492.0,6268.0,1,0
16164,21493.0,6268.0,1,1
16165,21494.0,6268.0,1,1
16166,21495.0,6268.0,1,0
16167,21496.0,6269.0,1,0
16168,21498.0,6270.0,1,1
16169,21500.0,6271.0,1,0
16170,21502.0,6273.0,1,0
16171,21503.0,6273.0,1,0
16172,21504.0,6274.0,1,0
16173,21505.0,6275.0,1,0
16174,21506.0,6275.0,1,0
16175,21508.0,6275.0,1,0
16176,21509.0,6275.0,1,1
16177,21510.0,6276.0,1,0
16178,21511.0,6277.0,1,0
16179,21512.0,6277.0,1,0
16180,21515.0,6277.0,1,1
16181,21518.0,6278.0,1,0
16182,21519.0,6279.0,1,1
16183,21520.0,6279.0,1,0
16184,21523.0,6279.0,1,1
16185,21525.0,6279.0,1,1
16186,21526.0,6279.0,1,0
16187,21527.0,6279.0,1,0
16188,21528.0,6279.0,1,0
16189,21529.0,6280.0,1,1
16190,21530.0,6281.0,1,0
16191,21534.0,6282.0,1,1
16192,21535.0,6282.0,1,0
16193,21536.0,6282.0,1,0
16194,21539.0,6283.0,1,1
16195,21540.0,6284.0,1,0
16196,21541.0,6285.0,1,1
16197,21544.0,6286.0,1,1
16198,21546.0,6286.0,1,0
16199,21547.0,6286.0,1,0
16200,21549.0,6287.0,1,0
16201,21550.0,6287.0,1,0
16202,21551.0,6288.0,1,0
16203,21552.0,6288.0,1,0
16204,21554.0,6290.0,1,0
16205,21555.0,6290.0,1,0
16206,21556.0,6290.0,1,0
16207,21557.0,6290.0,1,1
16208,21559.0,6291.0,1,1
16209,21560.0,6291.0,1,0
16210,21561.0,6291.0,1,0
16211,21562.0,6291.0,1,0
16212,21563.0,6291.0,1,0
16213,21564.0,6291.0,1,1
16214,21567.0,6294.0,1,1
16215,21568.0,6294.0,1,0
16216,21570.0,6295.0,1,0
16217,21571.0,6295.0,1,1
16218,21573.0,6295.0,1,0
16219,21574.0,6295.0,1,1
16220,21575.0,6295.0,1,0
16221,21576.0,6296.0,1,1
16222,21577.0,6296.0,1,1
16223,21578.0,6296.0,1,0
16224,21580.0,6297.0,1,1
16225,21581.0,6297.0,1,0
16226,21582.0,6297.0,1,0
16227,21583.0,6297.0,1,0
16228,21584.0,6297.0,1,0
16229,21586.0,6298.0,1,0
16230,21587.0,6298.0,1,0
16231,21589.0,6299.0,1,1
16232,21590.0,6299.0,1,1
16233,21591.0,6299.0,1,0
16234,21593.0,6299.0,1,0
16235,21595.0,6300.0,1,0
16236,21596.0,6300.0,1,1
16237,21598.0,6300.0,1,0
16238,21599.0,6301.0,1,0
16239,21600.0,6301.0,1,0
16240,21601.0,6301.0,1,0
16241,21603.0,6301.0,1,0
16242,21604.0,6301.0,1,0
16243,21605.0,6301.0,1,1
16244,21607.0,6301.0,1,1
16245,21608.0,6301.0,1,0
16246,21609.0,6302.0,1,0
16247,21610.0,6302.0,1,0
16248,21611.0,6302.0,1,1
16249,21612.0,6303.0,1,0
16250,21613.0,6303.0,1,0
16251,21614.0,6303.0,1,0
16252,21615.0,6304.0,1,0
16253,21616.0,6304.0,1,1
16254,21617.0,6304.0,1,0
16255,21618.0,6304.0,1,1
16256,21619.0,6304.0,1,1
16257,21621.0,6304.0,1,1
16258,21622.0,6305.0,1,0
16259,21623.0,6305.0,1,1
16260,21624.0,6305.0,1,0
16261,21625.0,6305.0,1,0
16262,21627.0,6306.0,1,0
16263,21628.0,6306.0,1,0
16264,21630.0,6308.0,1,0
16265,21631.0,6308.0,1,0
16266,21632.0,6308.0,1,0
16267,21634.0,6309.0,1,0
16268,21636.0,6310.0,1,0
16269,21637.0,6310.0,1,0
16270,21638.0,6310.0,1,1
16271,21639.0,6311.0,1,0
16272,21640.0,6311.0,1,0
16273,21641.0,6311.0,1,1
16274,21642.0,6311.0,1,1
16275,21643.0,6311.0,1,0
16276,21644.0,6311.0,1,0
16277,21645.0,6311.0,1,1
16278,21647.0,6312.0,1,0
16279,21648.0,6313.0,1,1
16280,21650.0,6314.0,1,0
16281,21651.0,6314.0,1,0
16282,21652.0,6314.0,1,0
16283,21653.0,6314.0,1,0
16284,21654.0,6314.0,1,1
16285,21655.0,6314.0,1,1
16286,21656.0,6314.0,1,0
16287,21657.0,6315.0,1,1
16288,21660.0,6316.0,1,0
16289,21661.0,6317.0,1,1
16290,21662.0,6317.0,1,1
16291,21663.0,6317.0,1,0
16292,21664.0,6319.0,1,1
16293,21665.0,6320.0,1,0
16294,21668.0,6320.0,1,1
16295,21672.0,6321.0,1,0
16296,21673.0,6321.0,1,0
16297,21674.0,6321.0,1,0
16298,21675.0,6321.0,1,1
16299,21677.0,6322.0,1,1
16300,21679.0,6323.0,1,0
16301,21680.0,6324.0,1,1
16302,21681.0,6324.0,1,1
16303,21682.0,6325.0,1,0
16304,21683.0,6325.0,1,1
16305,21684.0,6325.0,1,1
16306,21686.0,6325.0,1,1
16307,21687.0,6326.0,1,0
16308,21688.0,6327.0,1,1
16309,21689.0,6327.0,1,1
16310,21690.0,6327.0,1,1
16311,21691.0,6327.0,1,1
16312,21692.0,6327.0,1,0
16313,21694.0,6328.0,1,0
16314,21695.0,6328.0,1,0
16315,21696.0,6328.0,1,1
16316,21697.0,6329.0,1,0
16317,21698.0,6330.0,1,0
16318,21702.0,6331.0,1,1
16319,21703.0,6332.0,1,1
16320,21704.0,6332.0,1,0
16321,21706.0,6333.0,1,0
16322,21708.0,6334.0,1,0
16323,21709.0,6334.0,1,0
16324,21712.0,6334.0,1,0
16325,21713.0,6334.0,1,1
16326,21714.0,6334.0,1,0
16327,21715.0,6335.0,1,0
16328,21716.0,6337.0,1,0
16329,21718.0,6338.0,1,0
16330,21721.0,6338.0,1,0
16331,21722.0,6338.0,1,0
16332,21724.0,6339.0,1,0
16333,21725.0,6339.0,1,1
16334,21726.0,6339.0,1,0
16335,21727.0,6339.0,1,0
16336,21728.0,6340.0,1,0
16337,21729.0,6341.0,1,0
16338,21731.0,6341.0,1,0
16339,21732.0,6341.0,1,1
16340,21734.0,6343.0,1,0
16341,21735.0,6343.0,1,1
16342,21736.0,6343.0,1,0
16343,21737.0,6343.0,1,0
16344,21738.0,6343.0,1,1
16345,21740.0,6345.0,1,0
16346,21741.0,6346.0,1,1
16347,21742.0,6346.0,1,0
16348,21744.0,6346.0,1,0
16349,21745.0,6346.0,1,0
16350,21746.0,6347.0,1,0
16351,21747.0,6347.0,1,0
16352,21749.0,6348.0,1,1
16353,21750.0,6348.0,1,1
16354,21751.0,6348.0,1,0
16355,21754.0,6350.0,1,0
16356,21755.0,6350.0,1,0
16357,21756.0,6352.0,1,0
16358,21759.0,6352.0,1,0
16359,21760.0,6352.0,1,0
16360,21761.0,6353.0,1,1
16361,21763.0,6353.0,1,1
16362,21764.0,6353.0,1,0
16363,21765.0,6353.0,1,1
16364,21766.0,6353.0,1,0
16365,21768.0,6353.0,1,1
16366,21769.0,6353.0,1,0
16367,21770.0,6354.0,1,1
16368,21771.0,6354.0,1,1
16369,21772.0,6354.0,1,0
16370,21773.0,6354.0,1,1
16371,21774.0,6354.0,1,1
16372,21775.0,6355.0,1,0
16373,21776.0,6355.0,1,1
16374,21778.0,6355.0,1,1
16375,21779.0,6355.0,1,0
16376,21780.0,6356.0,1,0
16377,21781.0,6357.0,1,0
16378,21782.0,6357.0,1,0
16379,21783.0,6357.0,1,1
16380,21784.0,6357.0,1,1
16381,21785.0,6357.0,1,0
16382,21786.0,6357.0,1,0
16383,21788.0,6357.0,1,0
16384,21790.0,6357.0,1,1
16385,21793.0,6359.0,1,0
16386,21794.0,6359.0,1,1
16387,21795.0,6359.0,1,1
16388,21796.0,6359.0,1,1
16389,21798.0,6359.0,1,0
16390,21799.0,6359.0,1,0
16391,21801.0,6360.0,1,0
16392,21802.0,6360.0,1,0
16393,21803.0,6361.0,1,1
16394,21805.0,6362.0,1,0
16395,21807.0,6362.0,1,1
16396,21810.0,6363.0,1,0
16397,21811.0,6363.0,1,0
16398,21812.0,6363.0,1,1
16399,21814.0,6363.0,1,0
16400,21815.0,6363.0,1,0
16401,21816.0,6364.0,1,0
16402,21817.0,6364.0,1,1
16403,21818.0,6364.0,1,0
16404,21819.0,6365.0,1,1
16405,21821.0,6366.0,1,0
16406,21822.0,6367.0,1,0
16407,21825.0,6368.0,1,0
16408,21826.0,6368.0,1,0
16409,21827.0,6368.0,1,0
16410,21829.0,6369.0,1,0
16411,21830.0,6369.0,1,0
16412,21831.0,6369.0,1,0
16413,21832.0,6369.0,1,0
16414,21834.0,6369.0,1,0
16415,21835.0,6369.0,1,1
16416,21836.0,6369.0,1,0
16417,21837.0,6369.0,1,1
16418,21838.0,6370.0,1,0
16419,21839.0,6370.0,1,0
16420,21840.0,6370.0,1,1
16421,21843.0,6370.0,1,0
16422,21844.0,6370.0,1,1
16423,21845.0,6371.0,1,0
16424,21846.0,6371.0,1,1
16425,21847.0,6371.0,1,0
16426,21848.0,6371.0,1,0
16427,21850.0,6371.0,1,1
16428,21851.0,6372.0,1,0
16429,21852.0,6372.0,1,0
16430,21853.0,6373.0,1,1
16431,21854.0,6373.0,1,0
16432,21855.0,6373.0,1,0
16433,21857.0,6374.0,1,0
16434,21858.0,6374.0,1,1
16435,21859.0,6374.0,1,0
16436,21860.0,6374.0,1,0
16437,21864.0,6377.0,1,0
16438,21865.0,6377.0,1,0
16439,21866.0,6378.0,1,1
16440,21868.0,6378.0,1,1
16441,21869.0,6378.0,1,1
16442,21870.0,6378.0,1,0
16443,21871.0,6379.0,1,1
16444,21872.0,6379.0,1,0
16445,21873.0,6379.0,1,0
16446,21875.0,6381.0,1,0
16447,21876.0,6381.0,1,0
16448,21877.0,6381.0,1,1
16449,21879.0,6382.0,1,0
16450,21880.0,6382.0,1,0
16451,21881.0,6382.0,1,0
16452,21882.0,6382.0,1,0
16453,21883.0,6383.0,1,1
16454,21884.0,6383.0,1,0
16455,21885.0,6383.0,1,0
16456,21886.0,6383.0,1,1
16457,21889.0,6384.0,1,0
16458,21891.0,6384.0,1,0
16459,21892.0,6384.0,1,0
16460,21893.0,6384.0,1,1
16461,21896.0,6385.0,1,0
16462,21898.0,6386.0,1,0
16463,21899.0,6386.0,1,1
16464,21900.0,6386.0,1,1
16465,21901.0,6386.0,1,1
16466,21902.0,6386.0,1,1
16467,21903.0,6387.0,1,1
16468,21904.0,6387.0,1,0
16469,21906.0,6387.0,1,0
16470,21910.0,6388.0,1,1
16471,21911.0,6388.0,1,1
16472,21912.0,6388.0,1,0
16473,21914.0,6389.0,1,0
16474,21915.0,6389.0,1,0
16475,21916.0,6389.0,1,1
16476,21917.0,6390.0,1,0
16477,21919.0,6390.0,1,1
16478,21921.0,6391.0,1,1
16479,21922.0,6391.0,1,0
16480,21923.0,6392.0,1,1
16481,21924.0,6393.0,1,1
16482,21925.0,6393.0,1,1
16483,21926.0,6393.0,1,1
16484,21928.0,6393.0,1,0
16485,21930.0,6394.0,1,1
16486,21931.0,6394.0,1,1
16487,21932.0,6394.0,1,0
16488,21934.0,6395.0,1,0
16489,21936.0,6395.0,1,1
16490,21937.0,6395.0,1,0
16491,21938.0,6396.0,1,0
16492,21939.0,6396.0,1,1
16493,21940.0,6396.0,1,1
16494,21941.0,6397.0,1,0
16495,21942.0,6397.0,1,1
16496,21943.0,6398.0,1,1
16497,21944.0,6398.0,1,0
16498,21945.0,6399.0,1,0
16499,21948.0,6399.0,1,0
16500,21949.0,6399.0,1,0
16501,21950.0,6400.0,1,0
16502,21951.0,6400.0,1,1
16503,21952.0,6400.0,1,0
16504,21953.0,6401.0,1,0
16505,21955.0,6402.0,1,0
16506,21957.0,6403.0,1,1
16507,21959.0,6404.0,1,0
16508,21962.0,6406.0,1,1
16509,21963.0,6406.0,1,1
16510,21966.0,6407.0,1,1
16511,21969.0,6408.0,1,1
16512,21970.0,6409.0,1,0
16513,21973.0,6410.0,1,0
16514,21974.0,6410.0,1,0
16515,21976.0,6410.0,1,0
16516,21978.0,6411.0,1,1
16517,21979.0,6411.0,1,1
16518,21981.0,6411.0,1,0
16519,21983.0,6411.0,1,1
16520,21984.0,6411.0,1,0
16521,21985.0,6412.0,1,0
16522,21986.0,6414.0,1,0
16523,21987.0,6414.0,1,0
16524,21988.0,6415.0,1,1
16525,21989.0,6415.0,1,0
16526,21990.0,6415.0,1,0
16527,21991.0,6415.0,1,0
16528,21993.0,6417.0,1,0
16529,21994.0,6417.0,1,1
16530,21995.0,6417.0,1,0
16531,21996.0,6417.0,1,1
16532,21999.0,6419.0,1,0
16533,22000.0,6419.0,1,1
16534,22001.0,6419.0,1,1
16535,22003.0,6419.0,1,1
16536,22005.0,6420.0,1,0
16537,22006.0,6420.0,1,0
16538,22008.0,6421.0,1,0
16539,22009.0,6421.0,1,0
16540,22012.0,6424.0,1,1
16541,22013.0,6424.0,1,0
16542,22014.0,6424.0,1,0
16543,22015.0,6424.0,1,0
16544,22016.0,6424.0,1,0
16545,22017.0,6425.0,1,1
16546,22019.0,6425.0,1,0
16547,22020.0,6425.0,1,1
16548,22022.0,6425.0,1,0
16549,22023.0,6425.0,1,0
16550,22024.0,6425.0,1,0
16551,22025.0,6425.0,1,1
16552,22026.0,6426.0,1,0
16553,22027.0,6426.0,1,1
16554,22028.0,6426.0,1,0
16555,22029.0,6426.0,1,1
16556,22030.0,6426.0,1,0
16557,22031.0,6427.0,1,0
16558,22032.0,6428.0,1,0
16559,22033.0,6428.0,1,0
16560,22034.0,6428.0,1,0
16561,22035.0,6429.0,1,1
16562,22037.0,6429.0,1,0
16563,22038.0,6430.0,1,0
16564,22041.0,6431.0,1,0
16565,22042.0,6431.0,1,0
16566,22044.0,6432.0,1,0
16567,22046.0,6432.0,1,1
16568,22047.0,6432.0,1,0
16569,22048.0,6433.0,1,0
16570,22050.0,6433.0,1,0
16571,22051.0,6433.0,1,0
16572,22052.0,6433.0,1,1
16573,22053.0,6434.0,1,1
16574,22054.0,6434.0,1,0
16575,22057.0,6435.0,1,1
16576,22059.0,6436.0,1,0
16577,22061.0,6436.0,1,0
16578,22062.0,6436.0,1,0
16579,22063.0,6436.0,1,0
16580,22065.0,6436.0,1,1
16581,22066.0,6437.0,1,1
16582,22070.0,6439.0,1,0
16583,22072.0,6439.0,1,1
16584,22073.0,6439.0,1,1
16585,22074.0,6439.0,1,1
16586,22075.0,6439.0,1,0
16587,22076.0,6439.0,1,0
16588,22078.0,6439.0,1,0
16589,22079.0,6440.0,1,0
16590,22080.0,6440.0,1,0
16591,22081.0,6441.0,1,0
16592,22082.0,6441.0,1,1
16593,22084.0,6441.0,1,0
16594,22085.0,6441.0,1,0
16595,22086.0,6442.0,1,0
16596,22088.0,6442.0,1,0
16597,22089.0,6443.0,1,0
16598,22090.0,6444.0,1,1
16599,22091.0,6444.0,1,0
16600,22094.0,6445.0,1,1
16601,22095.0,6445.0,1,1
16602,22098.0,6445.0,1,0
16603,22099.0,6445.0,1,1
16604,22101.0,6446.0,1,0
16605,22102.0,6446.0,1,0
16606,22104.0,6447.0,1,0
16607,22105.0,6447.0,1,1
16608,22106.0,6447.0,1,0
16609,22109.0,6447.0,1,0
16610,22110.0,6448.0,1,1
16611,22111.0,6448.0,1,0
16612,22112.0,6448.0,1,1
16613,22113.0,6448.0,1,0
16614,22114.0,6448.0,1,0
16615,22116.0,6449.0,1,0
16616,22117.0,6449.0,1,0
16617,22118.0,6449.0,1,0
16618,22119.0,6449.0,1,1
16619,22120.0,6449.0,1,0
16620,22121.0,6449.0,1,0
16621,22124.0,6451.0,1,0
16622,22125.0,6451.0,1,1
16623,22126.0,6452.0,1,0
16624,22127.0,6452.0,1,0
16625,22128.0,6452.0,1,1
16626,22129.0,6452.0,1,1
16627,22132.0,6454.0,1,0
16628,22133.0,6454.0,1,1
16629,22135.0,6455.0,1,0
16630,22138.0,6455.0,1,1
16631,22140.0,6455.0,1,0
16632,22141.0,6455.0,1,0
16633,22142.0,6456.0,1,0
16634,22143.0,6456.0,1,0
16635,22144.0,6456.0,1,1
16636,22145.0,6456.0,1,0
16637,22146.0,6456.0,1,0
16638,22147.0,6456.0,1,0
16639,22148.0,6457.0,1,0
16640,22149.0,6458.0,1,1
16641,22151.0,6459.0,1,1
16642,22152.0,6459.0,1,0
16643,22153.0,6459.0,1,1
16644,22156.0,6460.0,1,1
16645,22158.0,6462.0,1,0
16646,22162.0,6462.0,1,0
16647,22163.0,6463.0,1,0
16648,22164.0,6463.0,1,1
16649,22166.0,6463.0,1,0
16650,22167.0,6463.0,1,1
16651,22168.0,6464.0,1,0
16652,22169.0,6465.0,1,1
16653,22170.0,6465.0,1,1
16654,22172.0,6466.0,1,1
16655,22173.0,6466.0,1,1
16656,22174.0,6466.0,1,0
16657,22175.0,6466.0,1,0
16658,22176.0,6466.0,1,1
16659,22177.0,6467.0,1,0
16660,22178.0,6467.0,1,0
16661,22179.0,6468.0,1,0
16662,22180.0,6468.0,1,0
16663,22181.0,6468.0,1,0
16664,22183.0,6470.0,1,0
16665,22184.0,6470.0,1,0
16666,22185.0,6470.0,1,1
16667,22186.0,6471.0,1,1
16668,22187.0,6471.0,1,0
16669,22188.0,6471.0,1,1
16670,22189.0,6471.0,1,0
16671,22191.0,6471.0,1,1
16672,22192.0,6471.0,1,0
16673,22193.0,6472.0,1,0
16674,22197.0,6474.0,1,0
16675,22198.0,6474.0,1,0
16676,22199.0,6475.0,1,1
16677,22200.0,6475.0,1,1
16678,22201.0,6476.0,1,1
16679,22202.0,6476.0,1,0
16680,22203.0,6476.0,1,0
16681,22204.0,6476.0,1,1
16682,22210.0,6478.0,1,0
16683,22211.0,6478.0,1,0
16684,22213.0,6479.0,1,0
16685,22214.0,6479.0,1,1
16686,22216.0,6480.0,1,1
16687,22217.0,6481.0,1,0
16688,22218.0,6482.0,1,1
16689,22219.0,6482.0,1,1
16690,22220.0,6482.0,1,0
16691,22222.0,6483.0,1,0
16692,22223.0,6483.0,1,0
16693,22224.0,6483.0,1,0
16694,22225.0,6483.0,1,1
16695,22226.0,6483.0,1,0
16696,22227.0,6484.0,1,1
16697,22228.0,6484.0,1,1
16698,22229.0,6484.0,1,0
16699,22231.0,6485.0,1,0
16700,22233.0,6486.0,1,1
16701,22234.0,6486.0,1,0
16702,22235.0,6486.0,1,0
16703,22236.0,6486.0,1,1
16704,22238.0,6486.0,1,0
16705,22239.0,6486.0,1,1
16706,22240.0,6486.0,1,1
16707,22241.0,6486.0,1,0
16708,22242.0,6486.0,1,1
16709,22243.0,6487.0,1,0
16710,22244.0,6487.0,1,1
16711,22245.0,6488.0,1,1
16712,22246.0,6488.0,1,0
16713,22247.0,6488.0,1,0
16714,22248.0,6488.0,1,0
16715,22249.0,6489.0,1,1
16716,22250.0,6489.0,1,0
16717,22251.0,6489.0,1,0
16718,22252.0,6489.0,1,1
16719,22254.0,6491.0,1,0
16720,22255.0,6491.0,1,0
16721,22256.0,6491.0,1,1
16722,22258.0,6492.0,1,1
16723,22259.0,6492.0,1,0
16724,22260.0,6492.0,1,0
16725,22261.0,6492.0,1,1
16726,22262.0,6492.0,1,0
16727,22263.0,6493.0,1,1
16728,22264.0,6493.0,1,0
16729,22265.0,6493.0,1,1
16730,22266.0,6493.0,1,1
16731,22267.0,6493.0,1,1
16732,22268.0,6493.0,1,0
16733,22269.0,6494.0,1,0
16734,22270.0,6496.0,1,0
16735,22271.0,6496.0,1,1
16736,22273.0,6496.0,1,0
16737,22274.0,6497.0,1,0
16738,22275.0,6497.0,1,1
16739,22276.0,6497.0,1,1
16740,22277.0,6498.0,1,0
16741,22278.0,6498.0,1,0
16742,22279.0,6498.0,1,0
16743,22280.0,6498.0,1,1
16744,22281.0,6499.0,1,1
16745,22282.0,6499.0,1,1
16746,22283.0,6499.0,1,0
16747,22284.0,6501.0,1,1
16748,22285.0,6502.0,1,1
16749,22286.0,6502.0,1,0
16750,22287.0,6502.0,1,1
16751,22288.0,6502.0,1,1
16752,22289.0,6502.0,1,0
16753,22290.0,6502.0,1,1
16754,22291.0,6502.0,1,0
16755,22293.0,6503.0,1,0
16756,22295.0,6503.0,1,0
16757,22297.0,6504.0,1,1
16758,22298.0,6504.0,1,1
16759,22299.0,6504.0,1,1
16760,22303.0,6506.0,1,1
16761,22306.0,6507.0,1,0
16762,22308.0,6508.0,1,1
16763,22309.0,6508.0,1,0
16764,22310.0,6508.0,1,0
16765,22311.0,6508.0,1,1
16766,22312.0,6508.0,1,1
16767,22313.0,6508.0,1,0
16768,22314.0,6508.0,1,0
16769,22315.0,6508.0,1,1
16770,22316.0,6509.0,1,1
16771,22317.0,6509.0,1,1
16772,22319.0,6509.0,1,0
16773,22320.0,6509.0,1,1
16774,22322.0,6509.0,1,1
16775,22323.0,6510.0,1,1
16776,22326.0,6510.0,1,0
16777,22328.0,6510.0,1,0
16778,22330.0,6510.0,1,1
16779,22331.0,6511.0,1,1
16780,22332.0,6511.0,1,1
16781,22333.0,6511.0,1,0
16782,22334.0,6511.0,1,1
16783,22337.0,6512.0,1,0
16784,22338.0,6512.0,1,1
16785,22339.0,6512.0,1,1
16786,22340.0,6514.0,1,1
16787,22341.0,6515.0,1,0
16788,22342.0,6516.0,1,1
16789,22343.0,6516.0,1,0
16790,22345.0,6516.0,1,0
16791,22346.0,6517.0,1,0
16792,22348.0,6518.0,1,1
16793,22349.0,6518.0,1,0
16794,22350.0,6518.0,1,0
16795,22351.0,6518.0,1,0
16796,22352.0,6518.0,1,0
16797,22353.0,6519.0,1,1
16798,22355.0,6519.0,1,1
16799,22356.0,6519.0,1,1
16800,22357.0,6519.0,1,0
16801,22358.0,6520.0,1,0
16802,22359.0,6520.0,1,1
16803,22360.0,6520.0,1,1
16804,22361.0,6521.0,1,0
16805,22362.0,6521.0,1,1
16806,22363.0,6521.0,1,0
16807,22364.0,6521.0,1,0
16808,22365.0,6521.0,1,0
16809,22366.0,6521.0,1,0
16810,22367.0,6521.0,1,1
16811,22368.0,6522.0,1,0
16812,22370.0,6522.0,1,1
16813,22371.0,6523.0,1,0
16814,22372.0,6523.0,1,0
16815,22376.0,6524.0,1,0
16816,22377.0,6525.0,1,1
16817,22378.0,6525.0,1,0
16818,22379.0,6525.0,1,0
16819,22380.0,6525.0,1,1
16820,22381.0,6525.0,1,0
16821,22382.0,6526.0,1,0
16822,22383.0,6526.0,1,0
16823,22384.0,6526.0,1,0
16824,22385.0,6526.0,1,0
16825,22386.0,6526.0,1,1
16826,22389.0,6527.0,1,1
16827,22391.0,6528.0,1,0
16828,22392.0,6528.0,1,1
16829,22394.0,6528.0,1,1
16830,22395.0,6529.0,1,1
16831,22397.0,6530.0,1,0
16832,22399.0,6531.0,1,0
16833,22401.0,6531.0,1,1
16834,22402.0,6532.0,1,0
16835,22405.0,6532.0,1,0
16836,22406.0,6532.0,1,0
16837,22407.0,6533.0,1,0
16838,22409.0,6533.0,1,0
16839,22411.0,6533.0,1,0
16840,22412.0,6533.0,1,0
16841,22414.0,6533.0,1,0
16842,22415.0,6534.0,1,0
16843,22416.0,6534.0,1,0
16844,22417.0,6534.0,1,1
16845,22418.0,6534.0,1,0
16846,22419.0,6534.0,1,0
16847,22420.0,6534.0,1,1
16848,22421.0,6534.0,1,1
16849,22422.0,6534.0,1,0
16850,22425.0,6535.0,1,0
16851,22427.0,6535.0,1,1
16852,22428.0,6535.0,1,0
16853,22429.0,6536.0,1,1
16854,22430.0,6536.0,1,0
16855,22431.0,6536.0,1,0
16856,22432.0,6536.0,1,1
16857,22434.0,6536.0,1,1
16858,22435.0,6536.0,1,0
16859,22436.0,6536.0,1,1
16860,22437.0,6536.0,1,1
16861,22438.0,6536.0,1,1
16862,22439.0,6536.0,1,0
16863,22440.0,6537.0,1,0
16864,22441.0,6537.0,1,1
16865,22442.0,6537.0,1,1
16866,22443.0,6537.0,1,0
16867,22444.0,6537.0,1,1
16868,22447.0,6538.0,1,1
16869,22450.0,6538.0,1,0
16870,22452.0,6538.0,1,1
16871,22453.0,6538.0,1,0
16872,22454.0,6539.0,1,0
16873,22456.0,6539.0,1,1
16874,22458.0,6539.0,1,1
16875,22459.0,6539.0,1,0
16876,22461.0,6539.0,1,0
16877,22463.0,6540.0,1,0
16878,22464.0,6540.0,1,1
16879,22466.0,6541.0,1,0
16880,22469.0,6541.0,1,0
16881,22470.0,6542.0,1,1
16882,22471.0,6542.0,1,0
16883,22472.0,6543.0,1,1
16884,22475.0,6544.0,1,0
16885,22476.0,6545.0,1,0
16886,22477.0,6545.0,1,0
16887,22478.0,6545.0,1,0
16888,22479.0,6546.0,1,0
16889,22480.0,6546.0,1,0
16890,22481.0,6547.0,1,0
16891,22482.0,6547.0,1,0
16892,22483.0,6547.0,1,0
16893,22485.0,6548.0,1,1
16894,22486.0,6548.0,1,0
16895,22487.0,6548.0,1,1
16896,22488.0,6549.0,1,0
16897,22489.0,6549.0,1,1
16898,22490.0,6550.0,1,0
16899,22491.0,6550.0,1,0
16900,22492.0,6550.0,1,1
16901,22493.0,6551.0,1,0
16902,22494.0,6551.0,1,0
16903,22495.0,6551.0,1,1
16904,22497.0,6552.0,1,1
16905,22498.0,6552.0,1,0
16906,22500.0,6552.0,1,0
16907,22503.0,6553.0,1,0
16908,22504.0,6553.0,1,0
16909,22506.0,6553.0,1,0
16910,22507.0,6553.0,1,0
16911,22508.0,6554.0,1,1
16912,22509.0,6554.0,1,0
16913,22510.0,6554.0,1,0
16914,22512.0,6554.0,1,1
16915,22513.0,6555.0,1,0
16916,22514.0,6555.0,1,0
16917,22517.0,6556.0,1,1
16918,22518.0,6556.0,1,0
16919,22519.0,6556.0,1,0
16920,22520.0,6556.0,1,1
16921,22521.0,6556.0,1,1
16922,22522.0,6557.0,1,1
16923,22524.0,6557.0,1,0
16924,22526.0,6558.0,1,1
16925,22527.0,6558.0,1,0
16926,22529.0,6558.0,1,1
16927,22530.0,6559.0,1,0
16928,22532.0,6560.0,1,0
16929,22536.0,6562.0,1,0
16930,22537.0,6563.0,1,0
16931,22538.0,6563.0,1,0
16932,22539.0,6564.0,1,0
16933,22540.0,6564.0,1,1
16934,22541.0,6565.0,1,0
16935,22542.0,6566.0,1,1
16936,22544.0,6567.0,1,0
16937,22545.0,6567.0,1,1
16938,22546.0,6567.0,1,0
16939,22547.0,6567.0,1,1
16940,22548.0,6568.0,1,0
16941,22549.0,6568.0,1,0
16942,22550.0,6568.0,1,1
16943,22551.0,6568.0,1,0
16944,22552.0,6568.0,1,1
16945,22553.0,6568.0,1,0
16946,22554.0,6568.0,1,0
16947,22556.0,6569.0,1,0
16948,22558.0,6569.0,1,0
16949,22559.0,6569.0,1,1
16950,22560.0,6569.0,1,0
16951,22561.0,6570.0,1,0
16952,22562.0,6570.0,1,0
16953,22563.0,6570.0,1,0
16954,22564.0,6570.0,1,1
16955,22566.0,6571.0,1,0
16956,22567.0,6572.0,1,0
16957,22568.0,6573.0,1,1
16958,22569.0,6573.0,1,0
16959,22570.0,6573.0,1,0
16960,22571.0,6573.0,1,1
16961,22572.0,6573.0,1,1
16962,22573.0,6574.0,1,1
16963,22574.0,6574.0,1,1
16964,22575.0,6574.0,1,0
16965,22576.0,6574.0,1,0
16966,22577.0,6574.0,1,0
16967,22579.0,6575.0,1,1
16968,22580.0,6575.0,1,0
16969,22581.0,6575.0,1,0
16970,22582.0,6576.0,1,0
16971,22583.0,6576.0,1,0
16972,22584.0,6576.0,1,0
16973,22585.0,6577.0,1,0
16974,22587.0,6578.0,1,1
16975,22589.0,6578.0,1,0
16976,22590.0,6580.0,1,1
16977,22591.0,6581.0,1,1
16978,22592.0,6581.0,1,1
16979,22593.0,6581.0,1,0
16980,22596.0,6582.0,1,1
16981,22597.0,6582.0,1,1
16982,22598.0,6583.0,1,0
16983,22599.0,6583.0,1,0
16984,22600.0,6583.0,1,1
16985,22601.0,6583.0,1,0
16986,22602.0,6584.0,1,0
16987,22603.0,6584.0,1,0
16988,22604.0,6584.0,1,0
16989,22605.0,6585.0,1,1
16990,22606.0,6585.0,1,0
16991,22608.0,6585.0,1,0
16992,22609.0,6585.0,1,0
16993,22610.0,6585.0,1,0
16994,22611.0,6586.0,1,1
16995,22612.0,6586.0,1,1
16996,22613.0,6586.0,1,1
16997,22615.0,6587.0,1,0
16998,22619.0,6587.0,1,0
16999,22620.0,6588.0,1,0
17000,22624.0,6588.0,1,0
17001,22625.0,6588.0,1,1
17002,22627.0,6588.0,1,0
17003,22628.0,6589.0,1,0
17004,22629.0,6590.0,1,0
17005,22630.0,6590.0,1,1
17006,22632.0,6592.0,1,1
17007,22633.0,6593.0,1,1
17008,22634.0,6593.0,1,0
17009,22635.0,6593.0,1,0
17010,22637.0,6594.0,1,0
17011,22638.0,6594.0,1,1
17012,22640.0,6594.0,1,1
17013,22641.0,6594.0,1,0
17014,22642.0,6594.0,1,1
17015,22643.0,6594.0,1,1
17016,22644.0,6595.0,1,0
17017,22645.0,6595.0,1,0
17018,22647.0,6595.0,1,0
17019,22648.0,6596.0,1,0
17020,22650.0,6596.0,1,0
17021,22652.0,6596.0,1,0
17022,22654.0,6597.0,1,0
17023,22655.0,6597.0,1,0
17024,22657.0,6598.0,1,0
17025,22658.0,6598.0,1,0
17026,22659.0,6598.0,1,0
17027,22660.0,6598.0,1,0
17028,22662.0,6599.0,1,1
17029,22664.0,6599.0,1,1
17030,22665.0,6599.0,1,1
17031,22667.0,6601.0,1,1
17032,22668.0,6601.0,1,0
17033,22669.0,6601.0,1,0
17034,22671.0,6601.0,1,1
17035,22672.0,6602.0,1,0
17036,22673.0,6602.0,1,0
17037,22675.0,6602.0,1,0
17038,22677.0,6603.0,1,0
17039,22678.0,6603.0,1,1
17040,22681.0,6603.0,1,1
17041,22682.0,6603.0,1,0
17042,22683.0,6604.0,1,1
17043,22684.0,6604.0,1,0
17044,22685.0,6604.0,1,1
17045,22686.0,6604.0,1,1
17046,22688.0,6605.0,1,0
17047,22689.0,6605.0,1,0
17048,22690.0,6607.0,1,0
17049,22692.0,6608.0,1,1
17050,22693.0,6608.0,1,1
17051,22694.0,6608.0,1,0
17052,22695.0,6608.0,1,0
17053,22696.0,6609.0,1,1
17054,22697.0,6609.0,1,1
17055,22698.0,6609.0,1,1
17056,22700.0,6610.0,1,0
17057,22701.0,6610.0,1,0
17058,22702.0,6610.0,1,0
17059,22703.0,6610.0,1,0
17060,22704.0,6610.0,1,0
17061,22705.0,6611.0,1,0
17062,22706.0,6611.0,1,0
17063,22709.0,6612.0,1,0
17064,22710.0,6612.0,1,1
17065,22711.0,6614.0,1,0
17066,22712.0,6614.0,1,0
17067,22713.0,6614.0,1,0
17068,22714.0,6614.0,1,1
17069,22715.0,6614.0,1,0
17070,22716.0,6614.0,1,1
17071,22717.0,6614.0,1,0
17072,22718.0,6614.0,1,1
17073,22721.0,6615.0,1,1
17074,22722.0,6616.0,1,1
17075,22723.0,6616.0,1,0
17076,22724.0,6616.0,1,0
17077,22725.0,6617.0,1,0
17078,22727.0,6618.0,1,0
17079,22728.0,6618.0,1,0
17080,22729.0,6618.0,1,1
17081,22730.0,6618.0,1,0
17082,22732.0,6619.0,1,0
17083,22734.0,6619.0,1,0
17084,22735.0,6619.0,1,0
17085,22736.0,6619.0,1,0
17086,22737.0,6619.0,1,1
17087,22738.0,6620.0,1,1
17088,22739.0,6620.0,1,0
17089,22740.0,6620.0,1,0
17090,22741.0,6620.0,1,0
17091,22742.0,6620.0,1,0
17092,22746.0,6623.0,1,0
17093,22747.0,6623.0,1,1
17094,22748.0,6623.0,1,1
17095,22750.0,6625.0,1,0
17096,22751.0,6625.0,1,0
17097,22752.0,6626.0,1,0
17098,22753.0,6626.0,1,0
17099,22754.0,6626.0,1,0
17100,22756.0,6627.0,1,1
17101,22757.0,6628.0,1,0
17102,22758.0,6628.0,1,0
17103,22760.0,6629.0,1,0
17104,22761.0,6629.0,1,0
17105,22762.0,6629.0,1,1
17106,22763.0,6630.0,1,1
17107,22765.0,6631.0,1,0
17108,22768.0,6632.0,1,1
17109,22769.0,6632.0,1,0
17110,22770.0,6632.0,1,1
17111,22771.0,6633.0,1,0
17112,22774.0,6633.0,1,1
17113,22775.0,6633.0,1,0
17114,22776.0,6633.0,1,1
17115,22777.0,6634.0,1,1
17116,22779.0,6634.0,1,0
17117,22780.0,6635.0,1,0
17118,22781.0,6635.0,1,0
17119,22782.0,6635.0,1,0
17120,22783.0,6635.0,1,0
17121,22785.0,6636.0,1,1
17122,22787.0,6637.0,1,0
17123,22788.0,6637.0,1,0
17124,22789.0,6637.0,1,1
17125,22791.0,6638.0,1,0
17126,22794.0,6639.0,1,1
17127,22796.0,6639.0,1,1
17128,22797.0,6639.0,1,1
17129,22799.0,6640.0,1,0
17130,22802.0,6641.0,1,0
17131,22803.0,6641.0,1,0
17132,22804.0,6642.0,1,0
17133,22805.0,6643.0,1,0
17134,22806.0,6643.0,1,1
17135,22807.0,6643.0,1,1
17136,22808.0,6644.0,1,1
17137,22810.0,6644.0,1,0
17138,22811.0,6644.0,1,0
17139,22812.0,6645.0,1,0
17140,22813.0,6646.0,1,0
17141,22814.0,6647.0,1,1
17142,22816.0,6647.0,1,1
17143,22818.0,6647.0,1,1
17144,22820.0,6648.0,1,0
17145,22823.0,6649.0,1,1
17146,22824.0,6649.0,1,0
17147,22825.0,6649.0,1,0
17148,22826.0,6649.0,1,0
17149,22828.0,6650.0,1,0
17150,22829.0,6651.0,1,0
17151,22830.0,6651.0,1,1
17152,22831.0,6652.0,1,0
17153,22834.0,6652.0,1,1
17154,22835.0,6652.0,1,1
17155,22836.0,6652.0,1,0
17156,22838.0,6653.0,1,1
17157,22839.0,6653.0,1,1
17158,22840.0,6653.0,1,1
17159,22841.0,6653.0,1,0
17160,22843.0,6654.0,1,1
17161,22844.0,6654.0,1,0
17162,22845.0,6654.0,1,0
17163,22846.0,6654.0,1,0
17164,22848.0,6654.0,1,0
17165,22851.0,6655.0,1,0
17166,22852.0,6655.0,1,1
17167,22855.0,6655.0,1,0
17168,22857.0,6655.0,1,0
17169,22859.0,6657.0,1,0
17170,22860.0,6657.0,1,0
17171,22861.0,6657.0,1,0
17172,22863.0,6657.0,1,0
17173,22864.0,6657.0,1,0
17174,22865.0,6658.0,1,1
17175,22866.0,6659.0,1,0
17176,22867.0,6659.0,1,0
17177,22868.0,6659.0,1,1
17178,22871.0,6659.0,1,0
17179,22872.0,6660.0,1,1
17180,22874.0,6660.0,1,0
17181,22879.0,6662.0,1,0
17182,22880.0,6662.0,1,0
17183,22882.0,6662.0,1,0
17184,22883.0,6662.0,1,0
17185,22884.0,6662.0,1,0
17186,22886.0,6665.0,1,0
17187,22887.0,6666.0,1,1
17188,22889.0,6666.0,1,0
17189,22891.0,6667.0,1,0
17190,22892.0,6667.0,1,1
17191,22893.0,6667.0,1,1
17192,22894.0,6667.0,1,0
17193,22896.0,6668.0,1,1
17194,22898.0,6668.0,1,0
17195,22899.0,6668.0,1,0
17196,22900.0,6668.0,1,0
17197,22901.0,6669.0,1,0
17198,22902.0,6670.0,1,0
17199,22903.0,6670.0,1,1
17200,22904.0,6670.0,1,0
17201,22906.0,6670.0,1,1
17202,22907.0,6670.0,1,1
17203,22908.0,6670.0,1,1
17204,22909.0,6670.0,1,0
17205,22911.0,6671.0,1,0
17206,22912.0,6672.0,1,0
17207,22913.0,6672.0,1,0
17208,22914.0,6672.0,1,0
17209,22916.0,6672.0,1,1
17210,22919.0,6672.0,1,1
17211,22920.0,6672.0,1,0
17212,22922.0,6673.0,1,1
17213,22925.0,6673.0,1,0
17214,22926.0,6673.0,1,1
17215,22927.0,6673.0,1,0
17216,22928.0,6673.0,1,0
17217,22929.0,6674.0,1,0
17218,22930.0,6675.0,1,0
17219,22931.0,6676.0,1,1
17220,22932.0,6677.0,1,0
17221,22933.0,6677.0,1,1
17222,22934.0,6677.0,1,1
17223,22935.0,6677.0,1,0
17224,22938.0,6678.0,1,1
17225,22940.0,6678.0,1,0
17226,22941.0,6678.0,1,1
17227,22942.0,6678.0,1,0
17228,22943.0,6678.0,1,0
17229,22946.0,6679.0,1,1
17230,22947.0,6679.0,1,1
17231,22948.0,6679.0,1,1
17232,22949.0,6680.0,1,0
17233,22950.0,6680.0,1,1
17234,22951.0,6681.0,1,0
17235,22952.0,6681.0,1,0
17236,22953.0,6682.0,1,0
17237,22954.0,6682.0,1,0
17238,22955.0,6682.0,1,0
17239,22959.0,6683.0,1,0
17240,22960.0,6684.0,1,0
17241,22961.0,6684.0,1,0
17242,22962.0,6684.0,1,0
17243,22963.0,6684.0,1,1
17244,22964.0,6686.0,1,0
17245,22965.0,6687.0,1,0
17246,22966.0,6687.0,1,1
17247,22968.0,6687.0,1,1
17248,22969.0,6687.0,1,0
17249,22970.0,6687.0,1,0
17250,22973.0,6688.0,1,0
17251,22975.0,6688.0,1,1
17252,22978.0,6689.0,1,1
17253,22979.0,6689.0,1,0
17254,22981.0,6690.0,1,0
17255,22982.0,6690.0,1,0
17256,22987.0,6692.0,1,0
17257,22989.0,6692.0,1,1
17258,22990.0,6693.0,1,1
17259,22991.0,6695.0,1,0
17260,22992.0,6696.0,1,1
17261,22993.0,6696.0,1,0
17262,22994.0,6697.0,1,0
17263,22997.0,6697.0,1,0
17264,22999.0,6698.0,1,1
17265,23002.0,6699.0,1,1
17266,23003.0,6699.0,1,0
17267,23004.0,6699.0,1,0
17268,23006.0,6701.0,1,0
17269,23008.0,6701.0,1,0
17270,23010.0,6702.0,1,1
17271,23011.0,6702.0,1,0
17272,23012.0,6702.0,1,1
17273,23013.0,6702.0,1,0
17274,23014.0,6703.0,1,0
17275,23015.0,6703.0,1,0
17276,23016.0,6704.0,1,0
17277,23018.0,6704.0,1,1
17278,23019.0,6704.0,1,1
17279,23021.0,6704.0,1,0
17280,23022.0,6704.0,1,1
17281,23023.0,6704.0,1,1
17282,23025.0,6704.0,1,0
17283,23027.0,6704.0,1,1
17284,23028.0,6705.0,1,0
17285,23029.0,6705.0,1,1
17286,23030.0,6706.0,1,0
17287,23032.0,6707.0,1,0
17288,23033.0,6708.0,1,0
17289,23034.0,6708.0,1,0
17290,23035.0,6708.0,1,0
17291,23036.0,6708.0,1,0
17292,23037.0,6708.0,1,1
17293,23038.0,6708.0,1,0
17294,23039.0,6708.0,1,0
17295,23040.0,6709.0,1,1
17296,23041.0,6709.0,1,0
17297,23042.0,6709.0,1,0
17298,23043.0,6709.0,1,0
17299,23045.0,6709.0,1,1
17300,23046.0,6709.0,1,1
17301,23047.0,6710.0,1,0
17302,23048.0,6710.0,1,1
17303,23049.0,6710.0,1,0
17304,23050.0,6710.0,1,1
17305,23051.0,6710.0,1,0
17306,23053.0,6711.0,1,0
17307,23057.0,6713.0,1,0
17308,23060.0,6713.0,1,0
17309,23061.0,6714.0,1,0
17310,23062.0,6714.0,1,1
17311,23064.0,6714.0,1,0
17312,23065.0,6715.0,1,1
17313,23067.0,6716.0,1,1
17314,23070.0,6717.0,1,0
17315,23071.0,6717.0,1,1
17316,23073.0,6717.0,1,0
17317,23074.0,6718.0,1,0
17318,23076.0,6718.0,1,1
17319,23077.0,6718.0,1,0
17320,23078.0,6718.0,1,0
17321,23079.0,6718.0,1,0
17322,23081.0,6718.0,1,0
17323,23082.0,6718.0,1,1
17324,23083.0,6719.0,1,1
17325,23084.0,6719.0,1,0
17326,23086.0,6720.0,1,0
17327,23088.0,6720.0,1,0
17328,23090.0,6721.0,1,1
17329,23091.0,6721.0,1,0
17330,23092.0,6721.0,1,0
17331,23093.0,6721.0,1,0
17332,23094.0,6721.0,1,1
17333,23095.0,6722.0,1,0
17334,23096.0,6722.0,1,1
17335,23097.0,6722.0,1,0
17336,23098.0,6722.0,1,0
17337,23099.0,6722.0,1,0
17338,23100.0,6723.0,1,0
17339,23101.0,6723.0,1,0
17340,23102.0,6723.0,1,0
17341,23103.0,6723.0,1,0
17342,23104.0,6723.0,1,1
17343,23105.0,6723.0,1,0
17344,23106.0,6724.0,1,0
17345,23107.0,6724.0,1,1
17346,23108.0,6724.0,1,1
17347,23109.0,6724.0,1,0
17348,23110.0,6724.0,1,0
17349,23111.0,6724.0,1,0
17350,23113.0,6725.0,1,0
17351,23115.0,6725.0,1,0
17352,23116.0,6725.0,1,1
17353,23118.0,6726.0,1,1
17354,23119.0,6726.0,1,0
17355,23120.0,6726.0,1,1
17356,23121.0,6726.0,1,0
17357,23122.0,6726.0,1,1
17358,23123.0,6726.0,1,0
17359,23124.0,6727.0,1,0
17360,23125.0,6727.0,1,0
17361,23126.0,6727.0,1,0
17362,23127.0,6728.0,1,1
17363,23128.0,6728.0,1,0
17364,23129.0,6728.0,1,0
17365,23131.0,6730.0,1,1
17366,23132.0,6730.0,1,1
17367,23133.0,6731.0,1,1
17368,23135.0,6732.0,1,0
17369,23136.0,6734.0,1,1
17370,23137.0,6734.0,1,1
17371,23139.0,6734.0,1,1
17372,23141.0,6735.0,1,1
17373,23143.0,6735.0,1,1
17374,23145.0,6735.0,1,0
17375,23146.0,6736.0,1,0
17376,23147.0,6737.0,1,0
17377,23148.0,6738.0,1,0
17378,23149.0,6739.0,1,0
17379,23150.0,6739.0,1,0
17380,23151.0,6739.0,1,1
17381,23152.0,6739.0,1,1
17382,23153.0,6739.0,1,1
17383,23154.0,6739.0,1,0
17384,23157.0,6740.0,1,1
17385,23159.0,6740.0,1,1
17386,23160.0,6741.0,1,0
17387,23163.0,6742.0,1,0
17388,23165.0,6743.0,1,1
17389,23166.0,6743.0,1,1
17390,23168.0,6744.0,1,1
17391,23169.0,6744.0,1,0
17392,23170.0,6745.0,1,0
17393,23172.0,6745.0,1,0
17394,23173.0,6745.0,1,0
17395,23174.0,6746.0,1,0
17396,23177.0,6748.0,1,0
17397,23178.0,6748.0,1,0
17398,23180.0,6748.0,1,0
17399,23181.0,6748.0,1,1
17400,23182.0,6749.0,1,0
17401,23183.0,6750.0,1,0
17402,23184.0,6750.0,1,0
17403,23185.0,6750.0,1,0
17404,23186.0,6750.0,1,0
17405,23187.0,6750.0,1,0
17406,23188.0,6750.0,1,1
17407,23190.0,6751.0,1,0
17408,23191.0,6751.0,1,0
17409,23193.0,6751.0,1,1
17410,23194.0,6752.0,1,1
17411,23195.0,6752.0,1,0
17412,23196.0,6752.0,1,0
17413,23197.0,6752.0,1,0
17414,23199.0,6754.0,1,0
17415,23200.0,6754.0,1,0
17416,23201.0,6754.0,1,0
17417,23202.0,6754.0,1,0
17418,23203.0,6755.0,1,0
17419,23204.0,6755.0,1,0
17420,23205.0,6755.0,1,1
17421,23206.0,6756.0,1,1
17422,23207.0,6756.0,1,0
17423,23208.0,6756.0,1,0
17424,23209.0,6756.0,1,1
17425,23210.0,6756.0,1,1
17426,23211.0,6756.0,1,1
17427,23212.0,6757.0,1,1
17428,23213.0,6757.0,1,1
17429,23214.0,6758.0,1,0
17430,23215.0,6758.0,1,0
17431,23216.0,6758.0,1,1
17432,23218.0,6758.0,1,0
17433,23219.0,6758.0,1,0
17434,23220.0,6758.0,1,1
17435,23221.0,6758.0,1,0
17436,23222.0,6759.0,1,0
17437,23223.0,6759.0,1,1
17438,23225.0,6759.0,1,0
17439,23226.0,6760.0,1,0
17440,23227.0,6760.0,1,0
17441,23228.0,6762.0,1,0
17442,23230.0,6763.0,1,0
17443,23231.0,6763.0,1,1
17444,23232.0,6763.0,1,1
17445,23233.0,6764.0,1,0
17446,23235.0,6765.0,1,0
17447,23239.0,6767.0,1,0
17448,23240.0,6769.0,1,1
17449,23241.0,6769.0,1,1
17450,23244.0,6769.0,1,0
17451,23245.0,6771.0,1,0
17452,23246.0,6771.0,1,0
17453,23249.0,6771.0,1,1
17454,23251.0,6772.0,1,1
17455,23252.0,6772.0,1,0
17456,23253.0,6772.0,1,1
17457,23255.0,6772.0,1,0
17458,23256.0,6772.0,1,0
17459,23257.0,6773.0,1,0
17460,23258.0,6773.0,1,0
17461,23259.0,6773.0,1,0
17462,23260.0,6773.0,1,1
17463,23261.0,6773.0,1,0
17464,23262.0,6773.0,1,0
17465,23263.0,6774.0,1,0
17466,23264.0,6774.0,1,0
17467,23265.0,6774.0,1,0
17468,23266.0,6774.0,1,1
17469,23267.0,6775.0,1,1
17470,23268.0,6775.0,1,0
17471,23270.0,6776.0,1,0
17472,23272.0,6776.0,1,1
17473,23274.0,6778.0,1,0
17474,23275.0,6778.0,1,1
17475,23277.0,6779.0,1,1
17476,23278.0,6780.0,1,0
17477,23279.0,6780.0,1,1
17478,23281.0,6781.0,1,0
17479,23282.0,6782.0,1,0
17480,23283.0,6782.0,1,1
17481,23284.0,6782.0,1,0
17482,23285.0,6782.0,1,0
17483,23286.0,6782.0,1,0
17484,23288.0,6782.0,1,1
17485,23294.0,6783.0,1,1
17486,23295.0,6784.0,1,1
17487,23296.0,6784.0,1,0
17488,23299.0,6786.0,1,1
17489,23300.0,6786.0,1,0
17490,23303.0,6787.0,1,1
17491,23304.0,6787.0,1,1
17492,23305.0,6787.0,1,0
17493,23306.0,6787.0,1,0
17494,23307.0,6788.0,1,1
17495,23308.0,6788.0,1,0
17496,23310.0,6788.0,1,0
17497,23311.0,6788.0,1,1
17498,23314.0,6788.0,1,0
17499,23316.0,6789.0,1,1
17500,23317.0,6789.0,1,0
17501,23318.0,6790.0,1,1
17502,23319.0,6790.0,1,0
17503,23320.0,6790.0,1,1
17504,23321.0,6790.0,1,0
17505,23323.0,6791.0,1,0
17506,23324.0,6791.0,1,0
17507,23325.0,6791.0,1,0
17508,23326.0,6791.0,1,1
17509,23327.0,6792.0,1,1
17510,23331.0,6792.0,1,1
17511,23332.0,6792.0,1,1
17512,23333.0,6793.0,1,0
17513,23334.0,6793.0,1,0
17514,23335.0,6794.0,1,0
17515,23336.0,6794.0,1,1
17516,23337.0,6794.0,1,0
17517,23338.0,6796.0,1,1
17518,23341.0,6797.0,1,0
17519,23342.0,6797.0,1,0
17520,23343.0,6797.0,1,0
17521,23344.0,6797.0,1,0
17522,23345.0,6797.0,1,0
17523,23346.0,6798.0,1,0
17524,23347.0,6798.0,1,0
17525,23349.0,6798.0,1,0
17526,23350.0,6798.0,1,0
17527,23351.0,6798.0,1,0
17528,23352.0,6799.0,1,0
17529,23353.0,6799.0,1,1
17530,23354.0,6800.0,1,0
17531,23355.0,6800.0,1,0
17532,23356.0,6800.0,1,1
17533,23357.0,6800.0,1,0
17534,23358.0,6800.0,1,0
17535,23360.0,6801.0,1,0
17536,23362.0,6801.0,1,0
17537,23364.0,6803.0,1,1
17538,23365.0,6803.0,1,0
17539,23367.0,6804.0,1,0
17540,23370.0,6805.0,1,0
17541,23372.0,6805.0,1,0
17542,23373.0,6806.0,1,1
17543,23374.0,6806.0,1,0
17544,23375.0,6806.0,1,1
17545,23376.0,6806.0,1,1
17546,23377.0,6807.0,1,0
17547,23378.0,6808.0,1,0
17548,23381.0,6808.0,1,0
17549,23382.0,6809.0,1,0
17550,23383.0,6809.0,1,0
17551,23385.0,6812.0,1,1
17552,23386.0,6812.0,1,0
17553,23387.0,6812.0,1,0
17554,23388.0,6813.0,1,0
17555,23389.0,6813.0,1,1
17556,23390.0,6813.0,1,1
17557,23391.0,6813.0,1,1
17558,23392.0,6813.0,1,1
17559,23393.0,6813.0,1,0
17560,23394.0,6814.0,1,0
17561,23395.0,6814.0,1,0
17562,23396.0,6815.0,1,0
17563,23399.0,6815.0,1,1
17564,23400.0,6815.0,1,0
17565,23401.0,6817.0,1,1
17566,23402.0,6817.0,1,0
17567,23403.0,6817.0,1,1
17568,23404.0,6817.0,1,0
17569,23407.0,6818.0,1,0
17570,23408.0,6818.0,1,1
17571,23409.0,6818.0,1,0
17572,23410.0,6818.0,1,0
17573,23411.0,6819.0,1,0
17574,23412.0,6819.0,1,0
17575,23413.0,6819.0,1,1
17576,23415.0,6819.0,1,0
17577,23416.0,6819.0,1,1
17578,23417.0,6820.0,1,0
17579,23418.0,6820.0,1,0
17580,23419.0,6820.0,1,1
17581,23420.0,6820.0,1,0
17582,23421.0,6820.0,1,1
17583,23422.0,6820.0,1,1
17584,23423.0,6821.0,1,1
17585,23425.0,6821.0,1,1
17586,23426.0,6821.0,1,1
17587,23427.0,6821.0,1,0
17588,23428.0,6821.0,1,0
17589,23429.0,6821.0,1,0
17590,23430.0,6822.0,1,0
17591,23432.0,6823.0,1,0
17592,23434.0,6823.0,1,1
17593,23435.0,6823.0,1,0
17594,23436.0,6823.0,1,1
17595,23437.0,6823.0,1,0
17596,23439.0,6823.0,1,1
17597,23440.0,6823.0,1,1
17598,23441.0,6824.0,1,0
17599,23442.0,6824.0,1,1
17600,23443.0,6824.0,1,0
17601,23444.0,6824.0,1,0
17602,23445.0,6824.0,1,1
17603,23446.0,6824.0,1,0
17604,23447.0,6825.0,1,1
17605,23448.0,6825.0,1,1
17606,23449.0,6825.0,1,0
17607,23450.0,6826.0,1,0
17608,23451.0,6827.0,1,0
17609,23453.0,6827.0,1,0
17610,23454.0,6827.0,1,1
17611,23455.0,6828.0,1,0
17612,23456.0,6828.0,1,1
17613,23457.0,6829.0,1,0
17614,23458.0,6829.0,1,0
17615,23459.0,6829.0,1,0
17616,23460.0,6829.0,1,1
17617,23461.0,6829.0,1,0
17618,23462.0,6829.0,1,1
17619,23463.0,6830.0,1,0
17620,23464.0,6831.0,1,0
17621,23466.0,6832.0,1,1
17622,23467.0,6832.0,1,0
17623,23468.0,6832.0,1,0
17624,23470.0,6832.0,1,0
17625,23472.0,6833.0,1,1
17626,23473.0,6833.0,1,0
17627,23474.0,6834.0,1,0
17628,23475.0,6835.0,1,1
17629,23477.0,6835.0,1,1
17630,23479.0,6835.0,1,0
17631,23480.0,6835.0,1,1
17632,23481.0,6835.0,1,1
17633,23483.0,6836.0,1,1
17634,23485.0,6837.0,1,1
17635,23486.0,6838.0,1,0
17636,23488.0,6838.0,1,0
17637,23489.0,6838.0,1,0
17638,23490.0,6838.0,1,0
17639,23492.0,6838.0,1,0
17640,23493.0,6839.0,1,1
17641,23494.0,6839.0,1,1
17642,23495.0,6840.0,1,0
17643,23497.0,6841.0,1,0
17644,23498.0,6841.0,1,1
17645,23502.0,6842.0,1,1
17646,23503.0,6842.0,1,1
17647,23504.0,6843.0,1,0
17648,23506.0,6844.0,1,1
17649,23507.0,6844.0,1,0
17650,23508.0,6844.0,1,0
17651,23509.0,6844.0,1,0
17652,23510.0,6844.0,1,0
17653,23511.0,6844.0,1,1
17654,23514.0,6845.0,1,0
17655,23515.0,6845.0,1,1
17656,23517.0,6847.0,1,0
17657,23519.0,6849.0,1,0
17658,23520.0,6850.0,1,1
17659,23521.0,6851.0,1,0
17660,23522.0,6851.0,1,0
17661,23523.0,6851.0,1,1
17662,23525.0,6852.0,1,0
17663,23527.0,6852.0,1,1
17664,23528.0,6852.0,1,0
17665,23529.0,6852.0,1,0
17666,23530.0,6852.0,1,0
17667,23532.0,6854.0,1,0
17668,23534.0,6855.0,1,1
17669,23535.0,6855.0,1,0
17670,23536.0,6855.0,1,0
17671,23537.0,6855.0,1,0
17672,23538.0,6855.0,1,1
17673,23540.0,6856.0,1,0
17674,23541.0,6857.0,1,1
17675,23544.0,6859.0,1,0
17676,23545.0,6859.0,1,0
17677,23546.0,6859.0,1,1
17678,23548.0,6859.0,1,0
17679,23549.0,6859.0,1,0
17680,23550.0,6860.0,1,0
17681,23551.0,6860.0,1,0
17682,23552.0,6860.0,1,0
17683,23554.0,6860.0,1,0
17684,23556.0,6861.0,1,0
17685,23557.0,6863.0,1,1
17686,23558.0,6863.0,1,0
17687,23559.0,6863.0,1,0
17688,23560.0,6864.0,1,0
17689,23561.0,6864.0,1,1
17690,23564.0,6864.0,1,0
17691,23566.0,6864.0,1,1
17692,23568.0,6866.0,1,1
17693,23570.0,6866.0,1,1
17694,23571.0,6866.0,1,0
17695,23572.0,6867.0,1,1
17696,23573.0,6867.0,1,0
17697,23574.0,6867.0,1,0
17698,23575.0,6867.0,1,0
17699,23576.0,6868.0,1,0
17700,23577.0,6869.0,1,1
17701,23578.0,6869.0,1,0
17702,23582.0,6869.0,1,0
17703,23583.0,6869.0,1,0
17704,23584.0,6870.0,1,0
17705,23586.0,6870.0,1,0
17706,23587.0,6870.0,1,0
17707,23588.0,6870.0,1,0
17708,23589.0,6872.0,1,1
17709,23590.0,6872.0,1,0
17710,23591.0,6872.0,1,0
17711,23593.0,6873.0,1,0
17712,23594.0,6874.0,1,1
17713,23595.0,6875.0,1,0
17714,23596.0,6875.0,1,1
17715,23600.0,6877.0,1,1
17716,23601.0,6878.0,1,0
17717,23602.0,6878.0,1,0
17718,23603.0,6878.0,1,0
17719,23604.0,6878.0,1,1
17720,23606.0,6878.0,1,0
17721,23609.0,6879.0,1,1
17722,23610.0,6879.0,1,0
17723,23611.0,6879.0,1,1
17724,23613.0,6880.0,1,0
17725,23614.0,6880.0,1,1
17726,23616.0,6880.0,1,1
17727,23617.0,6881.0,1,1
17728,23618.0,6881.0,1,0
17729,23619.0,6882.0,1,0
17730,23620.0,6882.0,1,0
17731,23621.0,6882.0,1,0
17732,23622.0,6882.0,1,0
17733,23623.0,6883.0,1,1
17734,23624.0,6883.0,1,0
17735,23625.0,6883.0,1,0
17736,23626.0,6883.0,1,0
17737,23627.0,6883.0,1,1
17738,23628.0,6883.0,1,1
17739,23629.0,6883.0,1,0
17740,23631.0,6883.0,1,0
17741,23632.0,6884.0,1,0
17742,23633.0,6885.0,1,0
17743,23634.0,6885.0,1,0
17744,23635.0,6885.0,1,0
17745,23636.0,6886.0,1,1
17746,23637.0,6886.0,1,0
17747,23639.0,6886.0,1,0
17748,23640.0,6887.0,1,0
17749,23641.0,6887.0,1,0
17750,23642.0,6887.0,1,0
17751,23644.0,6887.0,1,0
17752,23646.0,6887.0,1,1
17753,23647.0,6888.0,1,1
17754,23648.0,6888.0,1,0
17755,23649.0,6888.0,1,1
17756,23650.0,6888.0,1,0
17757,23651.0,6888.0,1,0
17758,23653.0,6888.0,1,0
17759,23654.0,6889.0,1,0
17760,23655.0,6889.0,1,1
17761,23657.0,6889.0,1,0
17762,23658.0,6889.0,1,1
17763,23659.0,6889.0,1,0
17764,23661.0,6890.0,1,1
17765,23662.0,6890.0,1,0
17766,23663.0,6890.0,1,0
17767,23665.0,6890.0,1,0
17768,23666.0,6890.0,1,1
17769,23668.0,6890.0,1,0
17770,23669.0,6890.0,1,0
17771,23670.0,6891.0,1,0
17772,23671.0,6891.0,1,0
17773,23673.0,6892.0,1,1
17774,23674.0,6893.0,1,1
17775,23675.0,6894.0,1,0
17776,23676.0,6894.0,1,0
17777,23677.0,6895.0,1,0
17778,23678.0,6895.0,1,0
17779,23679.0,6895.0,1,1
17780,23680.0,6895.0,1,0
17781,23681.0,6896.0,1,0
17782,23682.0,6896.0,1,0
17783,23683.0,6896.0,1,1
17784,23684.0,6897.0,1,0
17785,23687.0,6898.0,1,0
17786,23688.0,6898.0,1,0
17787,23689.0,6898.0,1,0
17788,23690.0,6898.0,1,0
17789,23691.0,6898.0,1,0
17790,23692.0,6899.0,1,1
17791,23694.0,6899.0,1,0
17792,23695.0,6900.0,1,0
17793,23696.0,6900.0,1,0
17794,23698.0,6900.0,1,0
17795,23699.0,6900.0,1,1
17796,23700.0,6901.0,1,0
17797,23701.0,6902.0,1,0
17798,23702.0,6902.0,1,1
17799,23703.0,6902.0,1,1
17800,23704.0,6902.0,1,0
17801,23705.0,6902.0,1,1
17802,23706.0,6904.0,1,0
17803,23707.0,6904.0,1,1
17804,23708.0,6905.0,1,0
17805,23709.0,6906.0,1,0
17806,23710.0,6906.0,1,0
17807,23711.0,6906.0,1,0
17808,23713.0,6907.0,1,0
17809,23714.0,6907.0,1,1
17810,23715.0,6907.0,1,1
17811,23716.0,6908.0,1,0
17812,23717.0,6908.0,1,0
17813,23718.0,6909.0,1,0
17814,23719.0,6909.0,1,0
17815,23721.0,6909.0,1,1
17816,23722.0,6909.0,1,1
17817,23723.0,6910.0,1,1
17818,23724.0,6910.0,1,0
17819,23725.0,6911.0,1,1
17820,23726.0,6911.0,1,1
17821,23727.0,6911.0,1,0
17822,23728.0,6912.0,1,1
17823,23729.0,6912.0,1,0
17824,23731.0,6912.0,1,1
17825,23732.0,6913.0,1,0
17826,23734.0,6914.0,1,0
17827,23736.0,6915.0,1,0
17828,23737.0,6915.0,1,0
17829,23738.0,6916.0,1,1
17830,23740.0,6917.0,1,1
17831,23741.0,6917.0,1,0
17832,23742.0,6917.0,1,0
17833,23743.0,6918.0,1,0
17834,23746.0,6918.0,1,0
17835,23748.0,6919.0,1,1
17836,23749.0,6920.0,1,0
17837,23750.0,6920.0,1,1
17838,23751.0,6921.0,1,0
17839,23753.0,6921.0,1,1
17840,23755.0,6924.0,1,1
17841,23756.0,6924.0,1,0
17842,23757.0,6924.0,1,1
17843,23758.0,6924.0,1,0
17844,23759.0,6924.0,1,1
17845,23760.0,6924.0,1,0
17846,23761.0,6925.0,1,0
17847,23762.0,6925.0,1,1
17848,23763.0,6925.0,1,0
17849,23764.0,6926.0,1,0
17850,23766.0,6926.0,1,1
17851,23769.0,6928.0,1,1
17852,23771.0,6929.0,1,0
17853,23775.0,6930.0,1,0
17854,23776.0,6930.0,1,0
17855,23777.0,6930.0,1,1
17856,23778.0,6930.0,1,0
17857,23779.0,6932.0,1,0
17858,23782.0,6932.0,1,0
17859,23783.0,6932.0,1,1
17860,23785.0,6933.0,1,0
17861,23786.0,6933.0,1,0
17862,23787.0,6933.0,1,1
17863,23788.0,6933.0,1,0
17864,23789.0,6934.0,1,0
17865,23792.0,6935.0,1,0
17866,23793.0,6936.0,1,0
17867,23794.0,6936.0,1,0
17868,23795.0,6936.0,1,1
17869,23797.0,6937.0,1,0
17870,23798.0,6937.0,1,0
17871,23799.0,6937.0,1,0
17872,23800.0,6937.0,1,1
17873,23801.0,6937.0,1,0
17874,23802.0,6937.0,1,0
17875,23803.0,6937.0,1,1
17876,23804.0,6938.0,1,1
17877,23806.0,6939.0,1,0
17878,23807.0,6939.0,1,0
17879,23809.0,6940.0,1,0
17880,23810.0,6940.0,1,1
17881,23811.0,6940.0,1,0
17882,23812.0,6940.0,1,0
17883,23813.0,6940.0,1,0
17884,23814.0,6941.0,1,1
17885,23815.0,6941.0,1,0
17886,23817.0,6943.0,1,1
17887,23818.0,6943.0,1,1
17888,23819.0,6943.0,1,0
17889,23820.0,6943.0,1,0
17890,23821.0,6944.0,1,1
17891,23822.0,6944.0,1,1
17892,23823.0,6945.0,1,0
17893,23824.0,6945.0,1,0
17894,23825.0,6945.0,1,0
17895,23829.0,6946.0,1,1
17896,23830.0,6947.0,1,0
17897,23831.0,6947.0,1,0
17898,23832.0,6947.0,1,1
17899,23833.0,6947.0,1,0
17900,23834.0,6947.0,1,0
17901,23836.0,6947.0,1,1
17902,23837.0,6947.0,1,1
17903,23838.0,6948.0,1,0
17904,23839.0,6948.0,1,0
17905,23840.0,6948.0,1,0
17906,23841.0,6949.0,1,0
17907,23842.0,6950.0,1,1
17908,23843.0,6951.0,1,1
17909,23844.0,6951.0,1,0
17910,23846.0,6952.0,1,1
17911,23847.0,6952.0,1,1
17912,23848.0,6952.0,1,0
17913,23849.0,6952.0,1,1
17914,23850.0,6952.0,1,0
17915,23852.0,6953.0,1,0
17916,23854.0,6953.0,1,1
17917,23855.0,6953.0,1,0
17918,23856.0,6953.0,1,1
17919,23857.0,6954.0,1,0
17920,23859.0,6955.0,1,0
17921,23860.0,6956.0,1,0
17922,23862.0,6957.0,1,1
17923,23864.0,6957.0,1,0
17924,23865.0,6957.0,1,0
17925,23866.0,6958.0,1,0
17926,23867.0,6958.0,1,0
17927,23868.0,6959.0,1,0
17928,23869.0,6959.0,1,0
17929,23871.0,6959.0,1,0
17930,23873.0,6960.0,1,1
17931,23874.0,6960.0,1,0
17932,23875.0,6960.0,1,1
17933,23877.0,6961.0,1,0
17934,23878.0,6963.0,1,1
17935,23879.0,6965.0,1,1
17936,23880.0,6965.0,1,1
17937,23882.0,6965.0,1,1
17938,23883.0,6965.0,1,0
17939,23884.0,6966.0,1,0
17940,23885.0,6966.0,1,0
17941,23886.0,6966.0,1,1
17942,23888.0,6966.0,1,0
17943,23889.0,6967.0,1,0
17944,23890.0,6967.0,1,0
17945,23891.0,6967.0,1,0
17946,23895.0,6967.0,1,1
17947,23896.0,6967.0,1,1
17948,23898.0,6969.0,1,0
17949,23899.0,6969.0,1,0
17950,23900.0,6969.0,1,0
17951,23902.0,6970.0,1,0
17952,23903.0,6970.0,1,1
17953,23905.0,6970.0,1,1
17954,23906.0,6970.0,1,1
17955,23907.0,6971.0,1,1
17956,23908.0,6972.0,1,0
17957,23909.0,6972.0,1,1
17958,23910.0,6973.0,1,0
17959,23912.0,6973.0,1,0
17960,23913.0,6974.0,1,0
17961,23914.0,6974.0,1,1
17962,23915.0,6974.0,1,0
17963,23917.0,6974.0,1,0
17964,23919.0,6974.0,1,0
17965,23921.0,6975.0,1,0
17966,23922.0,6975.0,1,1
17967,23923.0,6975.0,1,0
17968,23924.0,6975.0,1,0
17969,23926.0,6976.0,1,1
17970,23927.0,6976.0,1,0
17971,23929.0,6976.0,1,1
17972,23930.0,6976.0,1,1
17973,23931.0,6976.0,1,1
17974,23932.0,6977.0,1,0
17975,23933.0,6977.0,1,1
17976,23934.0,6977.0,1,0
17977,23937.0,6978.0,1,0
17978,23938.0,6979.0,1,1
17979,23940.0,6979.0,1,1
17980,23941.0,6979.0,1,0
17981,23942.0,6979.0,1,1
17982,23943.0,6979.0,1,1
17983,23945.0,6980.0,1,0
17984,23946.0,6981.0,1,0
17985,23948.0,6981.0,1,1
17986,23949.0,6981.0,1,0
17987,23951.0,6981.0,1,1
17988,23952.0,6981.0,1,0
17989,23954.0,6982.0,1,0
17990,23955.0,6983.0,1,0
17991,23956.0,6983.0,1,0
17992,23958.0,6983.0,1,0
17993,23959.0,6983.0,1,0
17994,23962.0,6984.0,1,1
17995,23963.0,6984.0,1,0
17996,23964.0,6984.0,1,0
17997,23966.0,6985.0,1,1
17998,23971.0,6986.0,1,0
17999,23972.0,6986.0,1,0
18000,23973.0,6986.0,1,1
18001,23974.0,6986.0,1,0
18002,23975.0,6987.0,1,0
18003,23976.0,6987.0,1,1
18004,23977.0,6988.0,1,0
18005,23979.0,6989.0,1,0
18006,23980.0,6991.0,1,0
18007,23981.0,6991.0,1,1
18008,23982.0,6992.0,1,1
18009,23984.0,6993.0,1,0
18010,23985.0,6993.0,1,1
18011,23986.0,6994.0,1,0
18012,23987.0,6994.0,1,1
18013,23989.0,6995.0,1,1
18014,23990.0,6996.0,1,0
18015,23992.0,6996.0,1,1
18016,23993.0,6996.0,1,1
18017,23995.0,6997.0,1,0
18018,23997.0,6997.0,1,0
18019,24000.0,6998.0,1,0
18020,24001.0,6998.0,1,0
18021,24003.0,6999.0,1,1
18022,24005.0,6999.0,1,0
18023,24006.0,6999.0,1,0
18024,24007.0,7000.0,1,1
18025,24008.0,7000.0,1,0
18026,24009.0,7000.0,1,1
18027,24015.0,7000.0,1,1
18028,24017.0,7001.0,1,0
18029,24018.0,7002.0,1,1
18030,24019.0,7002.0,1,1
18031,24020.0,7002.0,1,0
18032,24021.0,7002.0,1,0
18033,24022.0,7002.0,1,1
18034,24023.0,7003.0,1,1
18035,24024.0,7003.0,1,0
18036,24025.0,7003.0,1,0
18037,24026.0,7003.0,1,0
18038,24027.0,7004.0,1,0
18039,24028.0,7004.0,1,1
18040,24029.0,7004.0,1,0
18041,24031.0,7004.0,1,0
18042,24032.0,7004.0,1,0
18043,24033.0,7005.0,1,0
18044,24034.0,7005.0,1,0
18045,24035.0,7005.0,1,1
18046,24037.0,7005.0,1,1
18047,24038.0,7005.0,1,0
18048,24039.0,7005.0,1,1
18049,24040.0,7005.0,1,0
18050,24041.0,7006.0,1,0
18051,24042.0,7006.0,1,1
18052,24043.0,7006.0,1,1
18053,24044.0,7007.0,1,0
18054,24045.0,7007.0,1,1
18055,24048.0,7007.0,1,1
18056,24049.0,7007.0,1,1
18057,24050.0,7008.0,1,1
18058,24051.0,7008.0,1,0
18059,24052.0,7008.0,1,1
18060,24054.0,7008.0,1,1
18061,24055.0,7009.0,1,0
18062,24057.0,7009.0,1,0
18063,24059.0,7010.0,1,0
18064,24060.0,7012.0,1,0
18065,24061.0,7014.0,1,0
18066,24063.0,7015.0,1,0
18067,24065.0,7016.0,1,0
18068,24066.0,7016.0,1,0
18069,24067.0,7016.0,1,1
18070,24068.0,7016.0,1,1
18071,24069.0,7016.0,1,1
18072,24070.0,7017.0,1,0
18073,24073.0,7018.0,1,1
18074,24074.0,7019.0,1,1
18075,24077.0,7021.0,1,0
18076,24078.0,7021.0,1,0
18077,24079.0,7021.0,1,1
18078,24080.0,7021.0,1,0
18079,24081.0,7022.0,1,0
18080,24082.0,7023.0,1,0
18081,24083.0,7023.0,1,0
18082,24084.0,7024.0,1,0
18083,24085.0,7025.0,1,1
18084,24087.0,7026.0,1,0
18085,24088.0,7026.0,1,0
18086,24090.0,7026.0,1,1
18087,24091.0,7026.0,1,1
18088,24092.0,7026.0,1,1
18089,24093.0,7027.0,1,1
18090,24094.0,7027.0,1,0
18091,24095.0,7028.0,1,0
18092,24096.0,7028.0,1,0
18093,24097.0,7028.0,1,0
18094,24099.0,7028.0,1,0
18095,24100.0,7028.0,1,1
18096,24102.0,7028.0,1,1
18097,24103.0,7029.0,1,0
18098,24104.0,7029.0,1,0
18099,24105.0,7029.0,1,1
18100,24106.0,7029.0,1,0
18101,24108.0,7030.0,1,1
18102,24109.0,7030.0,1,0
18103,24111.0,7030.0,1,0
18104,24112.0,7030.0,1,1
18105,24113.0,7031.0,1,0
18106,24115.0,7031.0,1,0
18107,24116.0,7031.0,1,0
18108,24119.0,7031.0,1,1
18109,24122.0,7031.0,1,0
18110,24123.0,7032.0,1,0
18111,24124.0,7032.0,1,1
18112,24125.0,7032.0,1,0
18113,24126.0,7033.0,1,0
18114,24127.0,7033.0,1,0
18115,24129.0,7033.0,1,0
18116,24130.0,7033.0,1,1
18117,24131.0,7033.0,1,1
18118,24133.0,7033.0,1,1
18119,24134.0,7034.0,1,0
18120,24136.0,7036.0,1,0
18121,24137.0,7037.0,1,1
18122,24139.0,7037.0,1,0
18123,24140.0,7037.0,1,0
18124,24141.0,7037.0,1,1
18125,24142.0,7038.0,1,0
18126,24143.0,7038.0,1,0
18127,24144.0,7038.0,1,0
18128,24145.0,7038.0,1,1
18129,24147.0,7039.0,1,0
18130,24148.0,7039.0,1,0
18131,24149.0,7040.0,1,1
18132,24150.0,7040.0,1,1
18133,24151.0,7041.0,1,0
18134,24153.0,7041.0,1,0
18135,24154.0,7041.0,1,0
18136,24155.0,7042.0,1,0
18137,24156.0,7043.0,1,0
18138,24157.0,7043.0,1,1
18139,24158.0,7043.0,1,1
18140,24159.0,7043.0,1,1
18141,24160.0,7044.0,1,0
18142,24161.0,7045.0,1,1
18143,24162.0,7045.0,1,0
18144,24163.0,7045.0,1,1
18145,24164.0,7046.0,1,1
18146,24166.0,7046.0,1,1
18147,24167.0,7046.0,1,0
18148,24168.0,7046.0,1,0
18149,24169.0,7046.0,1,0
18150,24170.0,7046.0,1,0
18151,24171.0,7047.0,1,0
18152,24173.0,7048.0,1,0
18153,24174.0,7048.0,1,0
18154,24175.0,7048.0,1,0
18155,24176.0,7048.0,1,0
18156,24179.0,7048.0,1,0
18157,24180.0,7048.0,1,0
18158,24181.0,7049.0,1,0
18159,24182.0,7049.0,1,0
18160,24183.0,7049.0,1,1
18161,24184.0,7049.0,1,0
18162,24185.0,7049.0,1,0
18163,24186.0,7049.0,1,1
18164,24187.0,7049.0,1,0
18165,24189.0,7050.0,1,1
18166,24190.0,7050.0,1,1
18167,24191.0,7050.0,1,1
18168,24192.0,7051.0,1,1
18169,24195.0,7051.0,1,0
18170,24196.0,7052.0,1,1
18171,24197.0,7052.0,1,0
18172,24198.0,7053.0,1,0
18173,24199.0,7053.0,1,0
18174,24200.0,7053.0,1,1
18175,24201.0,7054.0,1,0
18176,24202.0,7054.0,1,0
18177,24203.0,7055.0,1,0
18178,24204.0,7055.0,1,1
18179,24207.0,7056.0,1,0
18180,24208.0,7057.0,1,1
18181,24209.0,7057.0,1,1
18182,24210.0,7057.0,1,0
18183,24212.0,7057.0,1,1
18184,24213.0,7058.0,1,0
18185,24214.0,7058.0,1,0
18186,24215.0,7059.0,1,0
18187,24216.0,7061.0,1,1
18188,24217.0,7061.0,1,0
18189,24218.0,7061.0,1,1
18190,24219.0,7061.0,1,1
18191,24220.0,7062.0,1,0
18192,24221.0,7062.0,1,0
18193,24223.0,7062.0,1,0
18194,24224.0,7062.0,1,0
18195,24226.0,7063.0,1,0
18196,24227.0,7063.0,1,0
18197,24228.0,7065.0,1,0
18198,24229.0,7066.0,1,0
18199,24230.0,7066.0,1,0
18200,24231.0,7066.0,1,0
18201,24232.0,7067.0,1,0
18202,24233.0,7068.0,1,0
18203,24234.0,7069.0,1,1
18204,24235.0,7069.0,1,0
18205,24236.0,7069.0,1,0
18206,24237.0,7069.0,1,0
18207,24238.0,7070.0,1,0
18208,24241.0,7071.0,1,0
18209,24242.0,7071.0,1,0
18210,24243.0,7071.0,1,1
18211,24244.0,7071.0,1,1
18212,24245.0,7071.0,1,0
18213,24246.0,7071.0,1,0
18214,24247.0,7071.0,1,0
18215,24248.0,7071.0,1,0
18216,24249.0,7072.0,1,0
18217,24250.0,7072.0,1,1
18218,24252.0,7072.0,1,1
18219,24253.0,7073.0,1,0
18220,24254.0,7073.0,1,0
18221,24256.0,7073.0,1,1
18222,24257.0,7074.0,1,1
18223,24258.0,7075.0,1,1
18224,24259.0,7075.0,1,0
18225,24260.0,7076.0,1,1
18226,24261.0,7076.0,1,0
18227,24262.0,7076.0,1,0
18228,24263.0,7076.0,1,0
18229,24265.0,7077.0,1,0
18230,24266.0,7078.0,1,0
18231,24267.0,7078.0,1,0
18232,24268.0,7078.0,1,0
18233,24270.0,7079.0,1,0
18234,24271.0,7079.0,1,1
18235,24272.0,7080.0,1,0
18236,24273.0,7080.0,1,0
18237,24274.0,7080.0,1,0
18238,24275.0,7080.0,1,0
18239,24277.0,7081.0,1,0
18240,24278.0,7081.0,1,0
18241,24279.0,7081.0,1,1
18242,24280.0,7082.0,1,0
18243,24281.0,7083.0,1,0
18244,24282.0,7083.0,1,1
18245,24283.0,7083.0,1,0
18246,24284.0,7083.0,1,0
18247,24287.0,7084.0,1,0
18248,24288.0,7084.0,1,0
18249,24289.0,7084.0,1,0
18250,24290.0,7085.0,1,1
18251,24292.0,7085.0,1,0
18252,24293.0,7086.0,1,0
18253,24295.0,7086.0,1,0
18254,24296.0,7086.0,1,1
18255,24297.0,7087.0,1,0
18256,24300.0,7088.0,1,0
18257,24301.0,7088.0,1,0
18258,24302.0,7088.0,1,0
18259,24303.0,7088.0,1,1
18260,24304.0,7088.0,1,0
18261,24307.0,7089.0,1,0
18262,24309.0,7089.0,1,1
18263,24310.0,7089.0,1,0
18264,24315.0,7091.0,1,0
18265,24316.0,7092.0,1,0
18266,24317.0,7093.0,1,0
18267,24320.0,7093.0,1,0
18268,24322.0,7093.0,1,0
18269,24324.0,7094.0,1,0
18270,24325.0,7094.0,1,0
18271,24326.0,7094.0,1,0
18272,24327.0,7094.0,1,0
18273,24331.0,7095.0,1,1
18274,24332.0,7095.0,1,0
18275,24333.0,7095.0,1,1
18276,24334.0,7095.0,1,0
18277,24335.0,7096.0,1,0
18278,24336.0,7096.0,1,1
18279,24339.0,7097.0,1,1
18280,24340.0,7097.0,1,0
18281,24341.0,7097.0,1,1
18282,24342.0,7099.0,1,0
18283,24344.0,7099.0,1,0
18284,24345.0,7099.0,1,1
18285,24346.0,7099.0,1,0
18286,24347.0,7099.0,1,0
18287,24348.0,7099.0,1,0
18288,24349.0,7099.0,1,0
18289,24350.0,7099.0,1,0
18290,24352.0,7100.0,1,0
18291,24353.0,7100.0,1,0
18292,24354.0,7101.0,1,0
18293,24359.0,7102.0,1,1
18294,24360.0,7102.0,1,1
18295,24362.0,7102.0,1,0
18296,24364.0,7102.0,1,0
18297,24365.0,7102.0,1,0
18298,24366.0,7103.0,1,1
18299,24368.0,7103.0,1,0
18300,24369.0,7103.0,1,0
18301,24373.0,7104.0,1,1
18302,24374.0,7104.0,1,0
18303,24375.0,7104.0,1,1
18304,24376.0,7105.0,1,0
18305,24381.0,7106.0,1,1
18306,24382.0,7106.0,1,1
18307,24383.0,7107.0,1,0
18308,24384.0,7107.0,1,1
18309,24385.0,7107.0,1,1
18310,24386.0,7108.0,1,0
18311,24387.0,7109.0,1,0
18312,24388.0,7110.0,1,0
18313,24390.0,7110.0,1,0
18314,24391.0,7110.0,1,0
18315,24393.0,7110.0,1,0
18316,24394.0,7110.0,1,1
18317,24395.0,7110.0,1,0
18318,24397.0,7111.0,1,1
18319,24398.0,7111.0,1,0
18320,24399.0,7112.0,1,0
18321,24400.0,7112.0,1,0
18322,24401.0,7112.0,1,0
18323,24402.0,7113.0,1,0
18324,24403.0,7114.0,1,0
18325,24405.0,7115.0,1,1
18326,24407.0,7115.0,1,0
18327,24408.0,7115.0,1,0
18328,24409.0,7116.0,1,0
18329,24413.0,7117.0,1,1
18330,24414.0,7117.0,1,0
18331,24415.0,7117.0,1,0
18332,24417.0,7117.0,1,1
18333,24418.0,7118.0,1,0
18334,24419.0,7118.0,1,0
18335,24420.0,7118.0,1,1
18336,24421.0,7118.0,1,0
18337,24424.0,7121.0,1,0
18338,24426.0,7122.0,1,0
18339,24428.0,7122.0,1,0
18340,24429.0,7122.0,1,0
18341,24430.0,7122.0,1,1
18342,24431.0,7123.0,1,1
18343,24433.0,7124.0,1,0
18344,24435.0,7124.0,1,1
18345,24437.0,7125.0,1,0
18346,24439.0,7126.0,1,1
18347,24441.0,7126.0,1,0
18348,24442.0,7126.0,1,1
18349,24444.0,7127.0,1,0
18350,24445.0,7127.0,1,1
18351,24449.0,7128.0,1,0
18352,24450.0,7128.0,1,0
18353,24451.0,7128.0,1,1
18354,24453.0,7128.0,1,1
18355,24454.0,7129.0,1,1
18356,24455.0,7129.0,1,0
18357,24456.0,7129.0,1,1
18358,24458.0,7131.0,1,1
18359,24459.0,7131.0,1,0
18360,24460.0,7131.0,1,1
18361,24461.0,7132.0,1,1
18362,24462.0,7132.0,1,0
18363,24465.0,7132.0,1,1
18364,24467.0,7132.0,1,0
18365,24468.0,7132.0,1,0
18366,24469.0,7133.0,1,0
18367,24470.0,7133.0,1,0
18368,24471.0,7134.0,1,1
18369,24472.0,7134.0,1,0
18370,24474.0,7134.0,1,1
18371,24475.0,7134.0,1,0
18372,24476.0,7136.0,1,0
18373,24479.0,7136.0,1,1
18374,24483.0,7137.0,1,1
18375,24484.0,7137.0,1,0
18376,24485.0,7138.0,1,0
18377,24487.0,7139.0,1,0
18378,24488.0,7139.0,1,1
18379,24489.0,7139.0,1,0
18380,24490.0,7139.0,1,0
18381,24491.0,7139.0,1,0
18382,24492.0,7139.0,1,0
18383,24493.0,7139.0,1,0
18384,24494.0,7140.0,1,1
18385,24495.0,7140.0,1,0
18386,24496.0,7140.0,1,0
18387,24498.0,7140.0,1,0
18388,24499.0,7141.0,1,0
18389,24500.0,7141.0,1,0
18390,24501.0,7141.0,1,1
18391,24502.0,7142.0,1,0
18392,24504.0,7142.0,1,1
18393,24505.0,7142.0,1,0
18394,24506.0,7142.0,1,0
18395,24509.0,7143.0,1,0
18396,24510.0,7143.0,1,0
18397,24511.0,7143.0,1,0
18398,24512.0,7143.0,1,0
18399,24513.0,7144.0,1,1
18400,24514.0,7144.0,1,0
18401,24518.0,7145.0,1,1
18402,24519.0,7146.0,1,0
18403,24520.0,7146.0,1,0
18404,24521.0,7146.0,1,0
18405,24522.0,7147.0,1,0
18406,24525.0,7148.0,1,0
18407,24526.0,7149.0,1,0
18408,24527.0,7149.0,1,0
18409,24529.0,7149.0,1,1
18410,24530.0,7150.0,1,0
18411,24532.0,7150.0,1,0
18412,24533.0,7150.0,1,0
18413,24534.0,7150.0,1,0
18414,24535.0,7151.0,1,1
18415,24536.0,7151.0,1,0
18416,24537.0,7151.0,1,0
18417,24538.0,7151.0,1,0
18418,24539.0,7151.0,1,0
18419,24540.0,7151.0,1,1
18420,24543.0,7153.0,1,1
18421,24544.0,7153.0,1,0
18422,24546.0,7153.0,1,0
18423,24547.0,7153.0,1,1
18424,24548.0,7153.0,1,1
18425,24549.0,7153.0,1,0
18426,24550.0,7153.0,1,0
18427,24551.0,7154.0,1,1
18428,24552.0,7154.0,1,0
18429,24553.0,7155.0,1,0
18430,24555.0,7156.0,1,0
18431,24556.0,7156.0,1,0
18432,24557.0,7156.0,1,1
18433,24558.0,7156.0,1,1
18434,24559.0,7157.0,1,0
18435,24560.0,7157.0,1,1
18436,24561.0,7157.0,1,0
18437,24562.0,7158.0,1,1
18438,24565.0,7159.0,1,0
18439,24566.0,7160.0,1,0
18440,24567.0,7162.0,1,0
18441,24568.0,7162.0,1,1
18442,24570.0,7163.0,1,0
18443,24571.0,7163.0,1,1
18444,24572.0,7163.0,1,1
18445,24574.0,7164.0,1,1
18446,24575.0,7164.0,1,0
18447,24576.0,7164.0,1,1
18448,24577.0,7164.0,1,1
18449,24578.0,7164.0,1,1
18450,24581.0,7165.0,1,0
18451,24582.0,7166.0,1,0
18452,24584.0,7167.0,1,1
18453,24585.0,7167.0,1,0
18454,24587.0,7168.0,1,0
18455,24588.0,7168.0,1,1
18456,24589.0,7168.0,1,1
18457,24590.0,7168.0,1,0
18458,24591.0,7168.0,1,0
18459,24593.0,7169.0,1,0
18460,24594.0,7170.0,1,0
18461,24597.0,7170.0,1,0
18462,24598.0,7170.0,1,0
18463,24599.0,7170.0,1,0
18464,24603.0,7171.0,1,0
18465,24604.0,7171.0,1,0
18466,24605.0,7172.0,1,0
18467,24606.0,7172.0,1,0
18468,24608.0,7172.0,1,1
18469,24609.0,7172.0,1,0
18470,24610.0,7173.0,1,0
18471,24611.0,7173.0,1,1
18472,24612.0,7173.0,1,1
18473,24613.0,7173.0,1,1
18474,24614.0,7173.0,1,0
18475,24616.0,7174.0,1,0
18476,24618.0,7174.0,1,0
18477,24620.0,7174.0,1,0
18478,24621.0,7175.0,1,1
18479,24622.0,7175.0,1,1
18480,24623.0,7175.0,1,0
18481,24624.0,7175.0,1,1
18482,24626.0,7175.0,1,1
18483,24627.0,7176.0,1,1
18484,24628.0,7176.0,1,1
18485,24629.0,7176.0,1,0
18486,24630.0,7176.0,1,0
18487,24631.0,7176.0,1,0
18488,24632.0,7176.0,1,1
18489,24633.0,7176.0,1,1
18490,24634.0,7176.0,1,1
18491,24635.0,7176.0,1,0
18492,24638.0,7177.0,1,0
18493,24640.0,7177.0,1,0
18494,24641.0,7178.0,1,0
18495,24642.0,7178.0,1,1
18496,24644.0,7178.0,1,1
18497,24645.0,7180.0,1,1
18498,24647.0,7180.0,1,0
18499,24648.0,7180.0,1,1
18500,24649.0,7180.0,1,0
18501,24650.0,7181.0,1,0
18502,24652.0,7181.0,1,0
18503,24653.0,7181.0,1,1
18504,24654.0,7182.0,1,1
18505,24655.0,7182.0,1,0
18506,24657.0,7182.0,1,0
18507,24659.0,7182.0,1,0
18508,24661.0,7182.0,1,0
18509,24663.0,7182.0,1,1
18510,24664.0,7183.0,1,0
18511,24665.0,7183.0,1,1
18512,24666.0,7183.0,1,0
18513,24667.0,7183.0,1,1
18514,24668.0,7184.0,1,0
18515,24669.0,7184.0,1,0
18516,24670.0,7184.0,1,1
18517,24671.0,7184.0,1,1
18518,24672.0,7185.0,1,0
18519,24673.0,7185.0,1,0
18520,24674.0,7185.0,1,1
18521,24675.0,7186.0,1,0
18522,24676.0,7186.0,1,0
18523,24677.0,7186.0,1,0
18524,24678.0,7187.0,1,0
18525,24680.0,7187.0,1,1
18526,24681.0,7187.0,1,0
18527,24682.0,7187.0,1,0
18528,24683.0,7188.0,1,0
18529,24684.0,7188.0,1,1
18530,24685.0,7188.0,1,0
18531,24686.0,7188.0,1,1
18532,24687.0,7188.0,1,0
18533,24688.0,7188.0,1,1
18534,24689.0,7188.0,1,0
18535,24690.0,7188.0,1,0
18536,24691.0,7188.0,1,1
18537,24692.0,7189.0,1,1
18538,24693.0,7189.0,1,1
18539,24695.0,7189.0,1,0
18540,24697.0,7190.0,1,0
18541,24699.0,7191.0,1,0
18542,24700.0,7191.0,1,0
18543,24701.0,7192.0,1,0
18544,24703.0,7193.0,1,0
18545,24704.0,7193.0,1,0
18546,24705.0,7193.0,1,0
18547,24706.0,7194.0,1,0
18548,24707.0,7194.0,1,0
18549,24708.0,7194.0,1,1
18550,24710.0,7194.0,1,1
18551,24712.0,7196.0,1,0
18552,24713.0,7196.0,1,1
18553,24714.0,7196.0,1,0
18554,24716.0,7196.0,1,1
18555,24717.0,7197.0,1,0
18556,24719.0,7197.0,1,0
18557,24720.0,7197.0,1,0
18558,24721.0,7197.0,1,0
18559,24723.0,7198.0,1,0
18560,24725.0,7199.0,1,1
18561,24727.0,7201.0,1,1
18562,24728.0,7201.0,1,0
18563,24730.0,7201.0,1,0
18564,24731.0,7201.0,1,0
18565,24734.0,7202.0,1,0
18566,24735.0,7202.0,1,0
18567,24736.0,7202.0,1,0
18568,24737.0,7202.0,1,0
18569,24738.0,7202.0,1,0
18570,24739.0,7202.0,1,0
18571,24740.0,7203.0,1,1
18572,24741.0,7203.0,1,0
18573,24742.0,7203.0,1,0
18574,24743.0,7203.0,1,0
18575,24749.0,7204.0,1,1
18576,24751.0,7204.0,1,0
18577,24752.0,7204.0,1,1
18578,24754.0,7205.0,1,0
18579,24755.0,7205.0,1,0
18580,24756.0,7205.0,1,1
18581,24758.0,7205.0,1,1
18582,24759.0,7205.0,1,1
18583,24760.0,7205.0,1,0
18584,24762.0,7206.0,1,1
18585,24764.0,7206.0,1,0
18586,24765.0,7206.0,1,0
18587,24767.0,7207.0,1,1
18588,24768.0,7208.0,1,1
18589,24770.0,7209.0,1,0
18590,24771.0,7209.0,1,0
18591,24772.0,7209.0,1,1
18592,24773.0,7209.0,1,0
18593,24774.0,7209.0,1,1
18594,24776.0,7209.0,1,0
18595,24777.0,7209.0,1,0
18596,24778.0,7209.0,1,1
18597,24782.0,7211.0,1,1
18598,24783.0,7211.0,1,0
18599,24784.0,7211.0,1,0
18600,24785.0,7211.0,1,0
18601,24786.0,7211.0,1,0
18602,24787.0,7211.0,1,0
18603,24788.0,7212.0,1,1
18604,24789.0,7212.0,1,0
18605,24790.0,7213.0,1,0
18606,24791.0,7213.0,1,1
18607,24792.0,7213.0,1,0
18608,24794.0,7214.0,1,0
18609,24795.0,7214.0,1,0
18610,24796.0,7215.0,1,0
18611,24797.0,7216.0,1,0
18612,24798.0,7216.0,1,0
18613,24799.0,7216.0,1,0
18614,24802.0,7217.0,1,0
18615,24803.0,7217.0,1,0
18616,24804.0,7217.0,1,1
18617,24805.0,7217.0,1,0
18618,24807.0,7218.0,1,0
18619,24808.0,7218.0,1,1
18620,24810.0,7219.0,1,0
18621,24812.0,7219.0,1,0
18622,24813.0,7219.0,1,0
18623,24814.0,7219.0,1,0
18624,24815.0,7219.0,1,0
18625,24816.0,7220.0,1,0
18626,24817.0,7220.0,1,1
18627,24818.0,7220.0,1,1
18628,24819.0,7220.0,1,1
18629,24821.0,7221.0,1,0
18630,24825.0,7221.0,1,1
18631,24826.0,7222.0,1,1
18632,24827.0,7222.0,1,0
18633,24828.0,7222.0,1,0
18634,24829.0,7222.0,1,1
18635,24830.0,7222.0,1,1
18636,24831.0,7223.0,1,1
18637,24832.0,7223.0,1,0
18638,24834.0,7224.0,1,1
18639,24835.0,7224.0,1,1
18640,24836.0,7224.0,1,0
18641,24838.0,7225.0,1,0
18642,24840.0,7225.0,1,1
18643,24841.0,7225.0,1,1
18644,24842.0,7225.0,1,0
18645,24843.0,7226.0,1,0
18646,24844.0,7226.0,1,0
18647,24846.0,7227.0,1,0
18648,24849.0,7230.0,1,0
18649,24850.0,7230.0,1,0
18650,24851.0,7230.0,1,0
18651,24852.0,7230.0,1,1
18652,24853.0,7230.0,1,1
18653,24854.0,7231.0,1,0
18654,24856.0,7231.0,1,0
18655,24857.0,7231.0,1,0
18656,24858.0,7232.0,1,0
18657,24859.0,7232.0,1,0
18658,24861.0,7232.0,1,0
18659,24862.0,7233.0,1,0
18660,24863.0,7234.0,1,0
18661,24864.0,7234.0,1,0
18662,24866.0,7235.0,1,0
18663,24867.0,7235.0,1,0
18664,24869.0,7236.0,1,0
18665,24870.0,7236.0,1,1
18666,24871.0,7236.0,1,0
18667,24872.0,7237.0,1,1
18668,24873.0,7237.0,1,1
18669,24874.0,7237.0,1,0
18670,24875.0,7238.0,1,1
18671,24876.0,7238.0,1,0
18672,24877.0,7239.0,1,1
18673,24878.0,7239.0,1,1
18674,24879.0,7239.0,1,0
18675,24880.0,7239.0,1,0
18676,24882.0,7239.0,1,1
18677,24883.0,7239.0,1,0
18678,24885.0,7240.0,1,1
18679,24887.0,7241.0,1,0
18680,24888.0,7241.0,1,0
18681,24889.0,7242.0,1,1
18682,24890.0,7242.0,1,1
18683,24891.0,7242.0,1,0
18684,24892.0,7243.0,1,1
18685,24894.0,7243.0,1,0
18686,24895.0,7243.0,1,1
18687,24896.0,7244.0,1,0
18688,24897.0,7244.0,1,1
18689,24898.0,7244.0,1,0
18690,24899.0,7244.0,1,1
18691,24901.0,7244.0,1,1
18692,24902.0,7244.0,1,1
18693,24903.0,7245.0,1,1
18694,24904.0,7245.0,1,0
18695,24906.0,7246.0,1,0
18696,24907.0,7246.0,1,0
18697,24909.0,7248.0,1,1
18698,24910.0,7248.0,1,1
18699,24912.0,7248.0,1,0
18700,24913.0,7249.0,1,1
18701,24916.0,7249.0,1,0
18702,24917.0,7250.0,1,0
18703,24918.0,7250.0,1,0
18704,24919.0,7250.0,1,0
18705,24920.0,7250.0,1,1
18706,24921.0,7250.0,1,0
18707,24922.0,7250.0,1,1
18708,24923.0,7250.0,1,0
18709,24924.0,7251.0,1,0
18710,24925.0,7251.0,1,1
18711,24926.0,7251.0,1,0
18712,24927.0,7251.0,1,0
18713,24929.0,7251.0,1,1
18714,24930.0,7252.0,1,1
18715,24932.0,7252.0,1,1
18716,24933.0,7252.0,1,0
18717,24934.0,7252.0,1,0
18718,24935.0,7252.0,1,0
18719,24936.0,7253.0,1,1
18720,24937.0,7253.0,1,1
18721,24938.0,7254.0,1,0
18722,24939.0,7254.0,1,0
18723,24940.0,7255.0,1,1
18724,24943.0,7256.0,1,0
18725,24944.0,7257.0,1,0
18726,24945.0,7257.0,1,1
18727,24946.0,7258.0,1,0
18728,24947.0,7258.0,1,0
18729,24948.0,7259.0,1,1
18730,24949.0,7259.0,1,1
18731,24950.0,7259.0,1,0
18732,24951.0,7259.0,1,0
18733,24952.0,7259.0,1,0
18734,24954.0,7260.0,1,0
18735,24957.0,7261.0,1,1
18736,24959.0,7261.0,1,0
18737,24960.0,7261.0,1,0
18738,24961.0,7261.0,1,0
18739,24962.0,7261.0,1,1
18740,24963.0,7261.0,1,1
18741,24964.0,7262.0,1,0
18742,24965.0,7262.0,1,1
18743,24966.0,7262.0,1,0
18744,24967.0,7263.0,1,1
18745,24970.0,7263.0,1,0
18746,24971.0,7264.0,1,1
18747,24972.0,7264.0,1,0
18748,24973.0,7264.0,1,0
18749,24975.0,7265.0,1,0
18750,24976.0,7265.0,1,1
18751,24977.0,7265.0,1,0
18752,24978.0,7265.0,1,0
18753,24979.0,7266.0,1,1
18754,24980.0,7266.0,1,0
18755,24983.0,7266.0,1,0
18756,24984.0,7266.0,1,0
18757,24985.0,7266.0,1,0
18758,24986.0,7266.0,1,1
18759,24987.0,7267.0,1,1
18760,24988.0,7267.0,1,1
18761,24989.0,7267.0,1,0
18762,24990.0,7268.0,1,1
18763,24991.0,7269.0,1,1
18764,24992.0,7269.0,1,1
18765,24993.0,7270.0,1,1
18766,24994.0,7270.0,1,0
18767,24995.0,7271.0,1,0
18768,24997.0,7271.0,1,1
18769,24999.0,7272.0,1,0
18770,25000.0,7272.0,1,0
18771,25001.0,7273.0,1,0
18772,25005.0,7274.0,1,1
18773,25006.0,7274.0,1,0
18774,25007.0,7275.0,1,1
18775,25008.0,7275.0,1,0
18776,25009.0,7275.0,1,0
18777,25010.0,7276.0,1,1
18778,25011.0,7277.0,1,0
18779,25012.0,7277.0,1,0
18780,25013.0,7277.0,1,0
18781,25014.0,7278.0,1,0
18782,25015.0,7278.0,1,0
18783,25016.0,7278.0,1,0
18784,25017.0,7279.0,1,0
18785,25018.0,7279.0,1,1
18786,25019.0,7279.0,1,0
18787,25020.0,7279.0,1,1
18788,25021.0,7280.0,1,1
18789,25022.0,7281.0,1,0
18790,25024.0,7282.0,1,0
18791,25025.0,7282.0,1,0
18792,25026.0,7283.0,1,0
18793,25030.0,7284.0,1,1
18794,25031.0,7284.0,1,0
18795,25033.0,7285.0,1,0
18796,25034.0,7285.0,1,1
18797,25035.0,7285.0,1,0
18798,25036.0,7286.0,1,0
18799,25037.0,7286.0,1,1
18800,25038.0,7286.0,1,0
18801,25039.0,7286.0,1,1
18802,25040.0,7286.0,1,0
18803,25041.0,7287.0,1,0
18804,25042.0,7287.0,1,1
18805,25044.0,7288.0,1,1
18806,25045.0,7288.0,1,0
18807,25047.0,7289.0,1,0
18808,25048.0,7289.0,1,1
18809,25049.0,7289.0,1,1
18810,25050.0,7289.0,1,1
18811,25051.0,7290.0,1,1
18812,25052.0,7290.0,1,1
18813,25053.0,7291.0,1,1
18814,25054.0,7291.0,1,0
18815,25055.0,7292.0,1,1
18816,25056.0,7292.0,1,0
18817,25057.0,7292.0,1,0
18818,25058.0,7292.0,1,0
18819,25061.0,7292.0,1,0
18820,25062.0,7292.0,1,0
18821,25065.0,7293.0,1,1
18822,25066.0,7293.0,1,0
18823,25067.0,7293.0,1,0
18824,25068.0,7293.0,1,0
18825,25069.0,7293.0,1,0
18826,25070.0,7294.0,1,0
18827,25071.0,7294.0,1,0
18828,25072.0,7294.0,1,0
18829,25073.0,7295.0,1,1
18830,25074.0,7295.0,1,0
18831,25075.0,7296.0,1,0
18832,25076.0,7296.0,1,1
18833,25077.0,7296.0,1,1
18834,25078.0,7296.0,1,0
18835,25079.0,7296.0,1,1
18836,25080.0,7296.0,1,1
18837,25082.0,7297.0,1,0
18838,25083.0,7298.0,1,1
18839,25084.0,7298.0,1,0
18840,25085.0,7298.0,1,1
18841,25088.0,7299.0,1,1
18842,25089.0,7299.0,1,0
18843,25090.0,7300.0,1,0
18844,25091.0,7300.0,1,1
18845,25092.0,7301.0,1,0
18846,25093.0,7301.0,1,0
18847,25094.0,7303.0,1,1
18848,25095.0,7303.0,1,0
18849,25096.0,7303.0,1,0
18850,25097.0,7303.0,1,1
18851,25099.0,7304.0,1,1
18852,25101.0,7304.0,1,0
18853,25103.0,7305.0,1,0
18854,25105.0,7305.0,1,1
18855,25106.0,7305.0,1,0
18856,25107.0,7305.0,1,0
18857,25108.0,7306.0,1,0
18858,25110.0,7306.0,1,0
18859,25111.0,7307.0,1,0
18860,25112.0,7307.0,1,1
18861,25113.0,7307.0,1,0
18862,25114.0,7307.0,1,1
18863,25115.0,7307.0,1,0
18864,25116.0,7307.0,1,0
18865,25117.0,7307.0,1,0
18866,25118.0,7307.0,1,1
18867,25119.0,7307.0,1,1
18868,25120.0,7307.0,1,0
18869,25121.0,7308.0,1,1
18870,25122.0,7308.0,1,0
18871,25123.0,7308.0,1,1
18872,25124.0,7308.0,1,0
18873,25125.0,7308.0,1,1
18874,25126.0,7309.0,1,1
18875,25130.0,7310.0,1,0
18876,25131.0,7310.0,1,0
18877,25133.0,7310.0,1,1
18878,25134.0,7312.0,1,1
18879,25135.0,7312.0,1,1
18880,25136.0,7312.0,1,0
18881,25138.0,7312.0,1,0
18882,25141.0,7312.0,1,0
18883,25142.0,7312.0,1,1
18884,25143.0,7312.0,1,1
18885,25144.0,7313.0,1,1
18886,25145.0,7313.0,1,0
18887,25146.0,7313.0,1,1
18888,25147.0,7313.0,1,0
18889,25148.0,7316.0,1,0
18890,25149.0,7316.0,1,1
18891,25151.0,7316.0,1,1
18892,25152.0,7317.0,1,1
18893,25153.0,7317.0,1,0
18894,25154.0,7317.0,1,0
18895,25155.0,7317.0,1,1
18896,25156.0,7317.0,1,1
18897,25157.0,7317.0,1,0
18898,25158.0,7318.0,1,1
18899,25162.0,7319.0,1,0
18900,25164.0,7319.0,1,0
18901,25165.0,7320.0,1,1
18902,25166.0,7320.0,1,1
18903,25167.0,7321.0,1,1
18904,25169.0,7321.0,1,0
18905,25170.0,7321.0,1,0
18906,25171.0,7322.0,1,0
18907,25172.0,7322.0,1,0
18908,25174.0,7322.0,1,0
18909,25175.0,7322.0,1,0
18910,25176.0,7324.0,1,0
18911,25177.0,7324.0,1,0
18912,25178.0,7325.0,1,1
18913,25179.0,7325.0,1,0
18914,25180.0,7325.0,1,0
18915,25181.0,7325.0,1,0
18916,25182.0,7325.0,1,1
18917,25183.0,7326.0,1,1
18918,25184.0,7326.0,1,0
18919,25185.0,7326.0,1,1
18920,25186.0,7326.0,1,0
18921,25188.0,7326.0,1,0
18922,25189.0,7327.0,1,1
18923,25191.0,7327.0,1,0
18924,25192.0,7327.0,1,0
18925,25193.0,7327.0,1,1
18926,25194.0,7327.0,1,0
18927,25195.0,7328.0,1,1
18928,25196.0,7328.0,1,1
18929,25197.0,7328.0,1,0
18930,25200.0,7329.0,1,1
18931,25201.0,7330.0,1,1
18932,25202.0,7330.0,1,1
18933,25204.0,7331.0,1,1
18934,25205.0,7331.0,1,0
18935,25206.0,7331.0,1,1
18936,25207.0,7331.0,1,0
18937,25208.0,7331.0,1,0
18938,25210.0,7331.0,1,0
18939,25211.0,7332.0,1,1
18940,25214.0,7334.0,1,0
18941,25216.0,7334.0,1,0
18942,25217.0,7334.0,1,0
18943,25218.0,7334.0,1,0
18944,25219.0,7335.0,1,1
18945,25221.0,7335.0,1,0
18946,25222.0,7335.0,1,0
18947,25223.0,7335.0,1,0
18948,25225.0,7336.0,1,0
18949,25228.0,7337.0,1,0
18950,25230.0,7337.0,1,0
18951,25231.0,7339.0,1,1
18952,25233.0,7339.0,1,0
18953,25234.0,7339.0,1,0
18954,25235.0,7339.0,1,0
18955,25236.0,7339.0,1,0
18956,25238.0,7340.0,1,0
18957,25239.0,7340.0,1,1
18958,25240.0,7340.0,1,1
18959,25241.0,7340.0,1,0
18960,25244.0,7341.0,1,0
18961,25245.0,7341.0,1,0
18962,25246.0,7342.0,1,1
18963,25247.0,7342.0,1,1
18964,25249.0,7342.0,1,1
18965,25250.0,7343.0,1,0
18966,25251.0,7344.0,1,1
18967,25252.0,7345.0,1,0
18968,25253.0,7345.0,1,0
18969,25255.0,7345.0,1,0
18970,25256.0,7345.0,1,1
18971,25257.0,7345.0,1,1
18972,25259.0,7345.0,1,1
18973,25260.0,7345.0,1,0
18974,25261.0,7347.0,1,1
18975,25263.0,7348.0,1,0
18976,25266.0,7349.0,1,1
18977,25268.0,7350.0,1,1
18978,25269.0,7350.0,1,0
18979,25270.0,7350.0,1,0
18980,25272.0,7350.0,1,1
18981,25274.0,7352.0,1,0
18982,25275.0,7352.0,1,0
18983,25276.0,7352.0,1,0
18984,25277.0,7352.0,1,0
18985,25280.0,7354.0,1,1
18986,25281.0,7355.0,1,1
18987,25282.0,7355.0,1,0
18988,25283.0,7356.0,1,1
18989,25284.0,7356.0,1,1
18990,25285.0,7356.0,1,1
18991,25286.0,7356.0,1,0
18992,25288.0,7358.0,1,1
18993,25290.0,7359.0,1,0
18994,25291.0,7359.0,1,0
18995,25292.0,7359.0,1,1
18996,25293.0,7359.0,1,0
18997,25294.0,7360.0,1,1
18998,25295.0,7362.0,1,0
18999,25296.0,7363.0,1,0
19000,25298.0,7365.0,1,0
19001,25299.0,7365.0,1,0
19002,25300.0,7365.0,1,0
19003,25301.0,7366.0,1,0
19004,25302.0,7366.0,1,1
19005,25303.0,7366.0,1,1
19006,25304.0,7367.0,1,1
19007,25305.0,7367.0,1,0
19008,25306.0,7367.0,1,0
19009,25309.0,7368.0,1,0
19010,25311.0,7368.0,1,0
19011,25314.0,7369.0,1,1
19012,25315.0,7369.0,1,1
19013,25316.0,7369.0,1,0
19014,25317.0,7369.0,1,0
19015,25318.0,7370.0,1,1
19016,25320.0,7370.0,1,1
19017,25322.0,7370.0,1,1
19018,25323.0,7370.0,1,1
19019,25324.0,7370.0,1,1
19020,25325.0,7371.0,1,1
19021,25326.0,7371.0,1,0
19022,25327.0,7371.0,1,0
19023,25328.0,7371.0,1,1
19024,25329.0,7371.0,1,1
19025,25330.0,7371.0,1,1
19026,25333.0,7373.0,1,0
19027,25334.0,7373.0,1,0
19028,25336.0,7374.0,1,0
19029,25337.0,7374.0,1,0
19030,25338.0,7375.0,1,0
19031,25339.0,7376.0,1,1
19032,25340.0,7376.0,1,1
19033,25341.0,7377.0,1,0
19034,25343.0,7378.0,1,0
19035,25345.0,7378.0,1,0
19036,25346.0,7379.0,1,0
19037,25347.0,7379.0,1,0
19038,25348.0,7379.0,1,1
19039,25349.0,7379.0,1,1
19040,25352.0,7379.0,1,1
19041,25354.0,7379.0,1,0
19042,25355.0,7379.0,1,0
19043,25356.0,7381.0,1,0
19044,25357.0,7381.0,1,0
19045,25358.0,7381.0,1,1
19046,25359.0,7381.0,1,1
19047,25360.0,7381.0,1,0
19048,25362.0,7382.0,1,0
19049,25363.0,7382.0,1,0
19050,25365.0,7382.0,1,0
19051,25366.0,7383.0,1,1
19052,25367.0,7383.0,1,0
19053,25368.0,7383.0,1,0
19054,25369.0,7383.0,1,1
19055,25370.0,7383.0,1,1
19056,25371.0,7383.0,1,0
19057,25372.0,7384.0,1,0
19058,25377.0,7385.0,1,0
19059,25378.0,7386.0,1,0
19060,25380.0,7386.0,1,0
19061,25382.0,7386.0,1,0
19062,25384.0,7387.0,1,0
19063,25385.0,7387.0,1,0
19064,25386.0,7387.0,1,0
19065,25387.0,7387.0,1,1
19066,25388.0,7387.0,1,1
19067,25390.0,7387.0,1,1
19068,25392.0,7387.0,1,1
19069,25395.0,7388.0,1,0
19070,25396.0,7388.0,1,0
19071,25397.0,7388.0,1,0
19072,25398.0,7388.0,1,0
19073,25399.0,7388.0,1,0
19074,25400.0,7388.0,1,0
19075,25401.0,7389.0,1,1
19076,25402.0,7389.0,1,0
19077,25403.0,7390.0,1,1
19078,25404.0,7390.0,1,1
19079,25405.0,7390.0,1,0
19080,25406.0,7390.0,1,0
19081,25407.0,7390.0,1,1
19082,25408.0,7390.0,1,0
19083,25409.0,7391.0,1,0
19084,25414.0,7391.0,1,1
19085,25416.0,7392.0,1,1
19086,25417.0,7392.0,1,0
19087,25418.0,7393.0,1,0
19088,25419.0,7393.0,1,0
19089,25421.0,7393.0,1,1
19090,25422.0,7393.0,1,1
19091,25424.0,7394.0,1,1
19092,25425.0,7394.0,1,1
19093,25426.0,7394.0,1,1
19094,25427.0,7394.0,1,0
19095,25428.0,7395.0,1,0
19096,25429.0,7395.0,1,0
19097,25431.0,7395.0,1,0
19098,25432.0,7395.0,1,0
19099,25433.0,7396.0,1,0
19100,25434.0,7396.0,1,0
19101,25435.0,7396.0,1,0
19102,25436.0,7396.0,1,0
19103,25437.0,7396.0,1,0
19104,25438.0,7396.0,1,0
19105,25439.0,7396.0,1,0
19106,25440.0,7397.0,1,0
19107,25441.0,7397.0,1,1
19108,25442.0,7397.0,1,1
19109,25444.0,7397.0,1,0
19110,25446.0,7399.0,1,0
19111,25448.0,7399.0,1,1
19112,25449.0,7400.0,1,0
19113,25450.0,7400.0,1,0
19114,25451.0,7400.0,1,0
19115,25452.0,7400.0,1,0
19116,25453.0,7400.0,1,1
19117,25454.0,7400.0,1,0
19118,25455.0,7400.0,1,0
19119,25456.0,7401.0,1,0
19120,25457.0,7401.0,1,0
19121,25461.0,7402.0,1,1
19122,25462.0,7404.0,1,0
19123,25464.0,7404.0,1,1
19124,25465.0,7404.0,1,0
19125,25466.0,7404.0,1,0
19126,25467.0,7404.0,1,0
19127,25468.0,7405.0,1,1
19128,25469.0,7405.0,1,0
19129,25470.0,7405.0,1,1
19130,25471.0,7405.0,1,1
19131,25472.0,7406.0,1,1
19132,25473.0,7406.0,1,0
19133,25474.0,7406.0,1,0
19134,25475.0,7406.0,1,0
19135,25476.0,7406.0,1,0
19136,25477.0,7407.0,1,0
19137,25478.0,7407.0,1,0
19138,25479.0,7408.0,1,0
19139,25480.0,7408.0,1,0
19140,25481.0,7408.0,1,1
19141,25483.0,7408.0,1,1
19142,25485.0,7408.0,1,0
19143,25486.0,7409.0,1,0
19144,25487.0,7409.0,1,0
19145,25490.0,7409.0,1,0
19146,25491.0,7409.0,1,0
19147,25492.0,7411.0,1,0
19148,25494.0,7414.0,1,0
19149,25495.0,7415.0,1,0
19150,25496.0,7415.0,1,0
19151,25497.0,7415.0,1,0
19152,25498.0,7415.0,1,1
19153,25499.0,7416.0,1,1
19154,25500.0,7416.0,1,1
19155,25501.0,7417.0,1,0
19156,25503.0,7419.0,1,0
19157,25504.0,7419.0,1,1
19158,25505.0,7419.0,1,0
19159,25506.0,7420.0,1,1
19160,25508.0,7421.0,1,1
19161,25509.0,7421.0,1,0
19162,25510.0,7421.0,1,0
19163,25511.0,7421.0,1,1
19164,25513.0,7421.0,1,1
19165,25515.0,7421.0,1,0
19166,25516.0,7422.0,1,0
19167,25518.0,7422.0,1,1
19168,25519.0,7422.0,1,0
19169,25520.0,7423.0,1,1
19170,25521.0,7423.0,1,0
19171,25522.0,7423.0,1,0
19172,25524.0,7423.0,1,0
19173,25525.0,7423.0,1,0
19174,25526.0,7423.0,1,0
19175,25528.0,7424.0,1,1
19176,25529.0,7424.0,1,0
19177,25530.0,7424.0,1,0
19178,25531.0,7424.0,1,0
19179,25533.0,7424.0,1,1
19180,25534.0,7424.0,1,0
19181,25535.0,7425.0,1,0
19182,25536.0,7425.0,1,0
19183,25537.0,7425.0,1,1
19184,25538.0,7425.0,1,1
19185,25539.0,7426.0,1,1
19186,25540.0,7426.0,1,0
19187,25541.0,7426.0,1,0
19188,25542.0,7426.0,1,0
19189,25543.0,7426.0,1,1
19190,25544.0,7427.0,1,1
19191,25546.0,7428.0,1,1
19192,25547.0,7428.0,1,0
19193,25549.0,7428.0,1,0
19194,25551.0,7428.0,1,0
19195,25552.0,7429.0,1,1
19196,25554.0,7429.0,1,0
19197,25556.0,7430.0,1,0
19198,25557.0,7430.0,1,1
19199,25560.0,7431.0,1,0
19200,25561.0,7431.0,1,1
19201,25562.0,7431.0,1,0
19202,25563.0,7431.0,1,0
19203,25564.0,7431.0,1,1
19204,25566.0,7432.0,1,1
19205,25567.0,7432.0,1,0
19206,25568.0,7432.0,1,0
19207,25572.0,7432.0,1,0
19208,25574.0,7432.0,1,0
19209,25575.0,7433.0,1,0
19210,25576.0,7433.0,1,0
19211,25577.0,7434.0,1,0
19212,25578.0,7434.0,1,1
19213,25579.0,7434.0,1,1
19214,25580.0,7434.0,1,0
19215,25581.0,7434.0,1,1
19216,25582.0,7435.0,1,0
19217,25584.0,7435.0,1,0
19218,25586.0,7435.0,1,0
19219,25587.0,7435.0,1,0
19220,25588.0,7435.0,1,0
19221,25589.0,7436.0,1,0
19222,25590.0,7436.0,1,0
19223,25591.0,7436.0,1,0
19224,25592.0,7436.0,1,1
19225,25593.0,7437.0,1,0
19226,25594.0,7437.0,1,1
19227,25595.0,7437.0,1,0
19228,25596.0,7437.0,1,0
19229,25597.0,7437.0,1,0
19230,25598.0,7438.0,1,1
19231,25599.0,7438.0,1,0
19232,25600.0,7438.0,1,1
19233,25601.0,7438.0,1,0
19234,25602.0,7438.0,1,1
19235,25603.0,7439.0,1,0
19236,25605.0,7439.0,1,0
19237,25606.0,7439.0,1,0
19238,25607.0,7440.0,1,1
19239,25609.0,7440.0,1,0
19240,25610.0,7441.0,1,1
19241,25613.0,7442.0,1,0
19242,25614.0,7442.0,1,0
19243,25616.0,7442.0,1,1
19244,25617.0,7442.0,1,1
19245,25618.0,7443.0,1,0
19246,25619.0,7443.0,1,0
19247,25620.0,7443.0,1,0
19248,25621.0,7443.0,1,0
19249,25623.0,7443.0,1,1
19250,25624.0,7444.0,1,0
19251,25625.0,7444.0,1,1
19252,25627.0,7445.0,1,0
19253,25628.0,7445.0,1,0
19254,25630.0,7446.0,1,0
19255,25632.0,7447.0,1,0
19256,25633.0,7447.0,1,0
19257,25634.0,7447.0,1,1
19258,25635.0,7447.0,1,0
19259,25637.0,7447.0,1,1
19260,25638.0,7448.0,1,0
19261,25639.0,7449.0,1,0
19262,25640.0,7449.0,1,1
19263,25642.0,7449.0,1,0
19264,25643.0,7450.0,1,0
19265,25644.0,7450.0,1,1
19266,25645.0,7450.0,1,0
19267,25647.0,7450.0,1,0
19268,25648.0,7451.0,1,1
19269,25649.0,7451.0,1,0
19270,25650.0,7451.0,1,1
19271,25652.0,7453.0,1,1
19272,25653.0,7453.0,1,0
19273,25655.0,7453.0,1,1
19274,25656.0,7454.0,1,0
19275,25657.0,7454.0,1,1
19276,25658.0,7454.0,1,1
19277,25659.0,7454.0,1,1
19278,25661.0,7454.0,1,0
19279,25662.0,7456.0,1,0
19280,25663.0,7456.0,1,0
19281,25665.0,7456.0,1,0
19282,25666.0,7456.0,1,0
19283,25667.0,7457.0,1,1
19284,25668.0,7457.0,1,0
19285,25670.0,7460.0,1,1
19286,25671.0,7461.0,1,0
19287,25673.0,7462.0,1,0
19288,25674.0,7462.0,1,0
19289,25675.0,7463.0,1,0
19290,25677.0,7464.0,1,1
19291,25678.0,7464.0,1,1
19292,25680.0,7464.0,1,0
19293,25681.0,7465.0,1,1
19294,25684.0,7465.0,1,0
19295,25685.0,7465.0,1,0
19296,25687.0,7465.0,1,0
19297,25688.0,7466.0,1,0
19298,25689.0,7466.0,1,0
19299,25690.0,7466.0,1,0
19300,25692.0,7467.0,1,0
19301,25693.0,7468.0,1,1
19302,25694.0,7468.0,1,1
19303,25696.0,7468.0,1,0
19304,25697.0,7469.0,1,0
19305,25698.0,7469.0,1,0
19306,25699.0,7469.0,1,0
19307,25701.0,7469.0,1,0
19308,25704.0,7470.0,1,1
19309,25705.0,7470.0,1,0
19310,25706.0,7470.0,1,0
19311,25708.0,7470.0,1,1
19312,25710.0,7471.0,1,1
19313,25711.0,7471.0,1,0
19314,25712.0,7472.0,1,0
19315,25716.0,7473.0,1,1
19316,25717.0,7473.0,1,0
19317,25719.0,7474.0,1,0
19318,25720.0,7474.0,1,0
19319,25721.0,7474.0,1,0
19320,25722.0,7474.0,1,0
19321,25724.0,7474.0,1,0
19322,25725.0,7474.0,1,0
19323,25727.0,7475.0,1,0
19324,25728.0,7476.0,1,0
19325,25729.0,7476.0,1,0
19326,25730.0,7476.0,1,0
19327,25731.0,7476.0,1,0
19328,25732.0,7477.0,1,0
19329,25733.0,7477.0,1,0
19330,25735.0,7478.0,1,0
19331,25736.0,7478.0,1,0
19332,25737.0,7478.0,1,1
19333,25738.0,7478.0,1,1
19334,25739.0,7478.0,1,0
19335,25740.0,7478.0,1,0
19336,25741.0,7478.0,1,1
19337,25742.0,7479.0,1,0
19338,25743.0,7479.0,1,0
19339,25744.0,7479.0,1,0
19340,25745.0,7480.0,1,0
19341,25746.0,7480.0,1,0
19342,25747.0,7480.0,1,0
19343,25748.0,7480.0,1,1
19344,25750.0,7481.0,1,1
19345,25751.0,7482.0,1,1
19346,25752.0,7483.0,1,1
19347,25753.0,7483.0,1,0
19348,25756.0,7483.0,1,1
19349,25757.0,7483.0,1,0
19350,25760.0,7485.0,1,0
19351,25761.0,7485.0,1,0
19352,25763.0,7485.0,1,1
19353,25764.0,7485.0,1,1
19354,25766.0,7486.0,1,1
19355,25768.0,7486.0,1,0
19356,25769.0,7486.0,1,1
19357,25771.0,7486.0,1,0
19358,25772.0,7487.0,1,1
19359,25773.0,7487.0,1,0
19360,25775.0,7488.0,1,0
19361,25776.0,7488.0,1,0
19362,25778.0,7489.0,1,1
19363,25780.0,7490.0,1,1
19364,25781.0,7490.0,1,0
19365,25784.0,7492.0,1,1
19366,25785.0,7492.0,1,1
19367,25786.0,7492.0,1,1
19368,25788.0,7493.0,1,1
19369,25789.0,7493.0,1,1
19370,25791.0,7493.0,1,0
19371,25792.0,7493.0,1,1
19372,25794.0,7493.0,1,0
19373,25795.0,7494.0,1,0
19374,25796.0,7494.0,1,0
19375,25797.0,7494.0,1,0
19376,25798.0,7495.0,1,0
19377,25799.0,7495.0,1,1
19378,25800.0,7495.0,1,1
19379,25801.0,7496.0,1,0
19380,25803.0,7496.0,1,1
19381,25804.0,7497.0,1,0
19382,25805.0,7497.0,1,0
19383,25807.0,7497.0,1,0
19384,25809.0,7497.0,1,0
19385,25810.0,7498.0,1,0
19386,25813.0,7498.0,1,0
19387,25814.0,7498.0,1,1
19388,25815.0,7498.0,1,1
19389,25816.0,7499.0,1,0
19390,25817.0,7499.0,1,0
19391,25818.0,7499.0,1,0
19392,25820.0,7500.0,1,0
19393,25821.0,7501.0,1,0
19394,25822.0,7501.0,1,0
19395,25823.0,7501.0,1,0
19396,25825.0,7502.0,1,0
19397,25826.0,7503.0,1,1
19398,25827.0,7503.0,1,0
19399,25829.0,7504.0,1,0
19400,25830.0,7504.0,1,1
19401,25831.0,7505.0,1,0
19402,25833.0,7506.0,1,0
19403,25835.0,7507.0,1,0
19404,25836.0,7507.0,1,0
19405,25837.0,7507.0,1,1
19406,25838.0,7507.0,1,1
19407,25839.0,7508.0,1,1
19408,25841.0,7509.0,1,0
19409,25842.0,7509.0,1,0
19410,25843.0,7510.0,1,1
19411,25844.0,7510.0,1,0
19412,25845.0,7510.0,1,1
19413,25847.0,7510.0,1,1
19414,25848.0,7510.0,1,0
19415,25849.0,7511.0,1,0
19416,25850.0,7511.0,1,0
19417,25851.0,7511.0,1,1
19418,25853.0,7511.0,1,1
19419,25854.0,7511.0,1,1
19420,25855.0,7512.0,1,0
19421,25856.0,7512.0,1,0
19422,25857.0,7512.0,1,0
19423,25858.0,7512.0,1,0
19424,25859.0,7512.0,1,1
19425,25861.0,7512.0,1,0
19426,25862.0,7513.0,1,0
19427,25863.0,7513.0,1,0
19428,25864.0,7513.0,1,1
19429,25865.0,7513.0,1,1
19430,25866.0,7514.0,1,1
19431,25867.0,7514.0,1,0
19432,25868.0,7514.0,1,0
19433,25870.0,7514.0,1,0
19434,25871.0,7514.0,1,1
19435,25872.0,7515.0,1,0
19436,25873.0,7515.0,1,0
19437,25876.0,7516.0,1,1
19438,25877.0,7516.0,1,0
19439,25878.0,7516.0,1,1
19440,25879.0,7516.0,1,1
19441,25880.0,7516.0,1,0
19442,25882.0,7517.0,1,0
19443,25884.0,7517.0,1,0
19444,25886.0,7517.0,1,0
19445,25887.0,7518.0,1,0
19446,25888.0,7518.0,1,1
19447,25889.0,7518.0,1,0
19448,25890.0,7518.0,1,0
19449,25892.0,7520.0,1,0
19450,25893.0,7520.0,1,0
19451,25895.0,7522.0,1,1
19452,25896.0,7522.0,1,1
19453,25899.0,7522.0,1,1
19454,25903.0,7524.0,1,1
19455,25904.0,7524.0,1,1
19456,25905.0,7524.0,1,0
19457,25906.0,7525.0,1,0
19458,25907.0,7525.0,1,0
19459,25908.0,7525.0,1,0
19460,25909.0,7526.0,1,1
19461,25910.0,7526.0,1,0
19462,25912.0,7527.0,1,1
19463,25913.0,7528.0,1,1
19464,25914.0,7528.0,1,1
19465,25915.0,7528.0,1,0
19466,25916.0,7528.0,1,1
19467,25917.0,7528.0,1,1
19468,25918.0,7529.0,1,0
19469,25920.0,7529.0,1,0
19470,25921.0,7529.0,1,0
19471,25922.0,7529.0,1,1
19472,25923.0,7529.0,1,0
19473,25924.0,7529.0,1,0
19474,25926.0,7530.0,1,1
19475,25927.0,7530.0,1,0
19476,25928.0,7530.0,1,0
19477,25929.0,7530.0,1,0
19478,25932.0,7531.0,1,0
19479,25934.0,7532.0,1,1
19480,25935.0,7533.0,1,0
19481,25936.0,7533.0,1,1
19482,25937.0,7533.0,1,0
19483,25938.0,7533.0,1,0
19484,25940.0,7533.0,1,1
19485,25942.0,7534.0,1,0
19486,25943.0,7534.0,1,1
19487,25945.0,7534.0,1,1
19488,25946.0,7534.0,1,1
19489,25947.0,7534.0,1,1
19490,25948.0,7534.0,1,0
19491,25949.0,7535.0,1,0
19492,25950.0,7535.0,1,0
19493,25951.0,7535.0,1,0
19494,25952.0,7535.0,1,0
19495,25953.0,7535.0,1,0
19496,25954.0,7535.0,1,0
19497,25955.0,7536.0,1,0
19498,25956.0,7536.0,1,1
19499,25957.0,7536.0,1,0
19500,25959.0,7537.0,1,0
19501,25961.0,7538.0,1,1
19502,25962.0,7538.0,1,0
19503,25964.0,7538.0,1,0
19504,25965.0,7538.0,1,0
19505,25966.0,7540.0,1,1
19506,25967.0,7541.0,1,0
19507,25969.0,7541.0,1,1
19508,25971.0,7541.0,1,0
19509,25972.0,7543.0,1,0
19510,25973.0,7543.0,1,0
19511,25974.0,7544.0,1,1
19512,25975.0,7545.0,1,0
19513,25976.0,7546.0,1,0
19514,25977.0,7546.0,1,0
19515,25978.0,7546.0,1,0
19516,25979.0,7546.0,1,0
19517,25980.0,7546.0,1,0
19518,25981.0,7547.0,1,0
19519,25982.0,7548.0,1,1
19520,25983.0,7548.0,1,1
19521,25985.0,7548.0,1,1
19522,25986.0,7548.0,1,1
19523,25987.0,7548.0,1,0
19524,25988.0,7548.0,1,1
19525,25989.0,7548.0,1,0
19526,25990.0,7549.0,1,1
19527,25991.0,7550.0,1,1
19528,25992.0,7552.0,1,0
19529,25993.0,7552.0,1,0
19530,25995.0,7552.0,1,0
19531,25996.0,7552.0,1,0
19532,25997.0,7552.0,1,1
19533,25998.0,7552.0,1,0
19534,25999.0,7553.0,1,0
19535,26000.0,7553.0,1,1
19536,26003.0,7554.0,1,0
19537,26004.0,7554.0,1,0
19538,26005.0,7554.0,1,1
19539,26006.0,7555.0,1,0
19540,26007.0,7555.0,1,1
19541,26008.0,7555.0,1,1
19542,26009.0,7555.0,1,1
19543,26010.0,7556.0,1,0
19544,26011.0,7556.0,1,0
19545,26012.0,7556.0,1,0
19546,26013.0,7556.0,1,0
19547,26014.0,7556.0,1,1
19548,26015.0,7556.0,1,0
19549,26016.0,7556.0,1,0
19550,26017.0,7556.0,1,0
19551,26019.0,7556.0,1,1
19552,26020.0,7557.0,1,0
19553,26021.0,7557.0,1,0
19554,26022.0,7557.0,1,0
19555,26023.0,7558.0,1,0
19556,26024.0,7558.0,1,1
19557,26026.0,7559.0,1,0
19558,26027.0,7559.0,1,0
19559,26029.0,7559.0,1,0
19560,26030.0,7559.0,1,1
19561,26031.0,7560.0,1,0
19562,26032.0,7560.0,1,0
19563,26033.0,7560.0,1,0
19564,26034.0,7560.0,1,0
19565,26035.0,7560.0,1,0
19566,26037.0,7560.0,1,1
19567,26038.0,7560.0,1,0
19568,26041.0,7562.0,1,1
19569,26043.0,7562.0,1,0
19570,26044.0,7562.0,1,0
19571,26045.0,7562.0,1,0
19572,26046.0,7562.0,1,0
19573,26047.0,7563.0,1,0
19574,26048.0,7563.0,1,0
19575,26049.0,7563.0,1,0
19576,26050.0,7564.0,1,1
19577,26051.0,7564.0,1,0
19578,26052.0,7564.0,1,0
19579,26053.0,7565.0,1,1
19580,26054.0,7565.0,1,1
19581,26055.0,7565.0,1,1
19582,26056.0,7565.0,1,1
19583,26058.0,7566.0,1,0
19584,26059.0,7566.0,1,0
19585,26060.0,7566.0,1,0
19586,26061.0,7566.0,1,0
19587,26062.0,7567.0,1,0
19588,26063.0,7568.0,1,0
19589,26066.0,7569.0,1,0
19590,26067.0,7571.0,1,1
19591,26068.0,7571.0,1,0
19592,26069.0,7571.0,1,0
19593,26070.0,7571.0,1,1
19594,26071.0,7572.0,1,1
19595,26073.0,7572.0,1,0
19596,26074.0,7572.0,1,0
19597,26075.0,7572.0,1,0
19598,26076.0,7572.0,1,0
19599,26079.0,7572.0,1,0
19600,26080.0,7573.0,1,0
19601,26081.0,7573.0,1,0
19602,26082.0,7573.0,1,0
19603,26083.0,7573.0,1,1
19604,26084.0,7573.0,1,0
19605,26085.0,7573.0,1,1
19606,26086.0,7573.0,1,0
19607,26087.0,7574.0,1,0
19608,26088.0,7574.0,1,1
19609,26089.0,7575.0,1,0
19610,26090.0,7575.0,1,1
19611,26091.0,7576.0,1,0
19612,26092.0,7576.0,1,1
19613,26094.0,7576.0,1,1
19614,26095.0,7578.0,1,0
19615,26096.0,7578.0,1,1
19616,26097.0,7579.0,1,0
19617,26098.0,7579.0,1,1
19618,26100.0,7579.0,1,0
19619,26101.0,7580.0,1,0
19620,26102.0,7580.0,1,0
19621,26104.0,7581.0,1,1
19622,26105.0,7582.0,1,0
19623,26106.0,7582.0,1,0
19624,26107.0,7582.0,1,1
19625,26108.0,7583.0,1,0
19626,26109.0,7584.0,1,0
19627,26110.0,7585.0,1,0
19628,26112.0,7586.0,1,0
19629,26114.0,7586.0,1,0
19630,26115.0,7586.0,1,0
19631,26116.0,7587.0,1,0
19632,26118.0,7588.0,1,0
19633,26119.0,7588.0,1,1
19634,26122.0,7589.0,1,0
19635,26123.0,7590.0,1,0
19636,26125.0,7591.0,1,1
19637,26126.0,7592.0,1,0
19638,26127.0,7592.0,1,0
19639,26128.0,7592.0,1,0
19640,26129.0,7592.0,1,1
19641,26130.0,7593.0,1,0
19642,26131.0,7593.0,1,0
19643,26133.0,7594.0,1,1
19644,26137.0,7594.0,1,0
19645,26139.0,7595.0,1,1
19646,26140.0,7595.0,1,0
19647,26141.0,7595.0,1,1
19648,26142.0,7595.0,1,1
19649,26143.0,7596.0,1,0
19650,26144.0,7596.0,1,0
19651,26145.0,7596.0,1,1
19652,26146.0,7596.0,1,1
19653,26147.0,7597.0,1,0
19654,26149.0,7598.0,1,1
19655,26150.0,7598.0,1,0
19656,26151.0,7598.0,1,1
19657,26153.0,7598.0,1,0
19658,26154.0,7599.0,1,1
19659,26155.0,7599.0,1,0
19660,26156.0,7599.0,1,0
19661,26157.0,7599.0,1,0
19662,26158.0,7599.0,1,1
19663,26159.0,7599.0,1,0
19664,26160.0,7600.0,1,1
19665,26161.0,7601.0,1,0
19666,26162.0,7601.0,1,0
19667,26163.0,7601.0,1,0
19668,26164.0,7601.0,1,0
19669,26165.0,7602.0,1,1
19670,26167.0,7603.0,1,0
19671,26168.0,7603.0,1,0
19672,26169.0,7603.0,1,1
19673,26170.0,7603.0,1,0
19674,26172.0,7603.0,1,0
19675,26174.0,7603.0,1,0
19676,26176.0,7604.0,1,1
19677,26177.0,7604.0,1,0
19678,26178.0,7604.0,1,0
19679,26179.0,7605.0,1,0
19680,26180.0,7605.0,1,1
19681,26181.0,7606.0,1,0
19682,26182.0,7606.0,1,0
19683,26183.0,7606.0,1,0
19684,26184.0,7607.0,1,0
19685,26185.0,7607.0,1,0
19686,26186.0,7608.0,1,0
19687,26187.0,7608.0,1,0
19688,26188.0,7608.0,1,0
19689,26190.0,7610.0,1,0
19690,26191.0,7610.0,1,0
19691,26193.0,7610.0,1,1
19692,26194.0,7611.0,1,1
19693,26195.0,7611.0,1,0
19694,26196.0,7611.0,1,0
19695,26198.0,7612.0,1,0
19696,26199.0,7612.0,1,0
19697,26200.0,7613.0,1,0
19698,26201.0,7613.0,1,0
19699,26204.0,7615.0,1,0
19700,26205.0,7615.0,1,1
19701,26207.0,7616.0,1,0
19702,26208.0,7616.0,1,0
19703,26209.0,7616.0,1,0
19704,26210.0,7617.0,1,0
19705,26211.0,7617.0,1,1
19706,26212.0,7617.0,1,1
19707,26213.0,7617.0,1,1
19708,26214.0,7617.0,1,0
19709,26215.0,7617.0,1,0
19710,26216.0,7618.0,1,0
19711,26217.0,7618.0,1,1
19712,26218.0,7618.0,1,0
19713,26220.0,7618.0,1,1
19714,26222.0,7619.0,1,0
19715,26223.0,7619.0,1,0
19716,26224.0,7619.0,1,0
19717,26225.0,7619.0,1,1
19718,26226.0,7619.0,1,1
19719,26227.0,7619.0,1,1
19720,26229.0,7620.0,1,0
19721,26230.0,7620.0,1,0
19722,26231.0,7620.0,1,1
19723,26232.0,7621.0,1,1
19724,26233.0,7621.0,1,1
19725,26234.0,7621.0,1,1
19726,26235.0,7621.0,1,0
19727,26237.0,7621.0,1,1
19728,26238.0,7622.0,1,1
19729,26239.0,7622.0,1,0
19730,26240.0,7624.0,1,0
19731,26241.0,7624.0,1,0
19732,26242.0,7624.0,1,0
19733,26243.0,7625.0,1,0
19734,26244.0,7627.0,1,0
19735,26246.0,7628.0,1,0
19736,26248.0,7628.0,1,0
19737,26250.0,7630.0,1,1
19738,26251.0,7630.0,1,1
19739,26252.0,7630.0,1,1
19740,26253.0,7631.0,1,0
19741,26255.0,7632.0,1,1
19742,26256.0,7632.0,1,1
19743,26257.0,7632.0,1,1
19744,26258.0,7632.0,1,0
19745,26259.0,7633.0,1,0
19746,26260.0,7633.0,1,1
19747,26261.0,7633.0,1,0
19748,26262.0,7633.0,1,1
19749,26263.0,7633.0,1,0
19750,26264.0,7633.0,1,1
19751,26265.0,7634.0,1,0
19752,26268.0,7634.0,1,0
19753,26269.0,7634.0,1,1
19754,26271.0,7636.0,1,1
19755,26272.0,7636.0,1,0
19756,26274.0,7636.0,1,1
19757,26275.0,7636.0,1,0
19758,26276.0,7636.0,1,0
19759,26277.0,7636.0,1,1
19760,26278.0,7636.0,1,1
19761,26279.0,7637.0,1,0
19762,26281.0,7638.0,1,0
19763,26282.0,7638.0,1,0
19764,26283.0,7639.0,1,0
19765,26284.0,7639.0,1,1
19766,26288.0,7639.0,1,1
19767,26289.0,7640.0,1,1
19768,26292.0,7640.0,1,1
19769,26294.0,7641.0,1,0
19770,26295.0,7641.0,1,0
19771,26296.0,7641.0,1,0
19772,26297.0,7641.0,1,1
19773,26298.0,7642.0,1,0
19774,26299.0,7642.0,1,1
19775,26300.0,7642.0,1,0
19776,26301.0,7642.0,1,0
19777,26303.0,7643.0,1,0
19778,26305.0,7643.0,1,0
19779,26306.0,7644.0,1,0
19780,26307.0,7644.0,1,0
19781,26308.0,7644.0,1,0
19782,26309.0,7644.0,1,0
19783,26310.0,7645.0,1,1
19784,26311.0,7645.0,1,1
19785,26313.0,7646.0,1,0
19786,26314.0,7647.0,1,1
19787,26315.0,7647.0,1,1
19788,26318.0,7648.0,1,0
19789,26321.0,7649.0,1,0
19790,26323.0,7650.0,1,0
19791,26324.0,7650.0,1,0
19792,26326.0,7651.0,1,1
19793,26327.0,7652.0,1,0
19794,26328.0,7652.0,1,0
19795,26330.0,7652.0,1,1
19796,26331.0,7652.0,1,0
19797,26333.0,7653.0,1,0
19798,26334.0,7653.0,1,1
19799,26337.0,7655.0,1,1
19800,26338.0,7656.0,1,0
19801,26340.0,7656.0,1,0
19802,26341.0,7656.0,1,1
19803,26342.0,7656.0,1,0
19804,26343.0,7656.0,1,0
19805,26344.0,7656.0,1,1
19806,26345.0,7656.0,1,1
19807,26346.0,7657.0,1,1
19808,26347.0,7657.0,1,0
19809,26348.0,7658.0,1,0
19810,26349.0,7658.0,1,1
19811,26350.0,7658.0,1,0
19812,26352.0,7658.0,1,0
19813,26353.0,7659.0,1,0
19814,26354.0,7659.0,1,1
19815,26355.0,7660.0,1,0
19816,26357.0,7660.0,1,0
19817,26358.0,7660.0,1,0
19818,26359.0,7660.0,1,0
19819,26360.0,7660.0,1,0
19820,26362.0,7660.0,1,1
19821,26363.0,7660.0,1,0
19822,26364.0,7661.0,1,0
19823,26366.0,7661.0,1,1
19824,26367.0,7661.0,1,0
19825,26368.0,7661.0,1,0
19826,26369.0,7661.0,1,0
19827,26370.0,7662.0,1,0
19828,26371.0,7662.0,1,0
19829,26372.0,7662.0,1,1
19830,26374.0,7662.0,1,0
19831,26375.0,7662.0,1,1
19832,26376.0,7663.0,1,0
19833,26377.0,7663.0,1,1
19834,26378.0,7663.0,1,1
19835,26379.0,7664.0,1,0
19836,26380.0,7665.0,1,1
19837,26381.0,7665.0,1,1
19838,26382.0,7665.0,1,0
19839,26383.0,7665.0,1,1
19840,26384.0,7665.0,1,1
19841,26385.0,7666.0,1,0
19842,26386.0,7666.0,1,0
19843,26387.0,7666.0,1,1
19844,26388.0,7666.0,1,0
19845,26389.0,7666.0,1,1
19846,26390.0,7667.0,1,0
19847,26391.0,7667.0,1,0
19848,26392.0,7667.0,1,1
19849,26393.0,7668.0,1,0
19850,26394.0,7668.0,1,0
19851,26395.0,7668.0,1,1
19852,26397.0,7670.0,1,0
19853,26398.0,7671.0,1,0
19854,26400.0,7671.0,1,1
19855,26401.0,7671.0,1,1
19856,26403.0,7671.0,1,1
19857,26405.0,7673.0,1,0
19858,26406.0,7673.0,1,1
19859,26407.0,7674.0,1,0
19860,26408.0,7674.0,1,0
19861,26409.0,7674.0,1,0
19862,26410.0,7674.0,1,1
19863,26412.0,7675.0,1,0
19864,26413.0,7675.0,1,1
19865,26415.0,7675.0,1,1
19866,26416.0,7675.0,1,0
19867,26417.0,7675.0,1,0
19868,26418.0,7675.0,1,0
19869,26420.0,7676.0,1,0
19870,26421.0,7676.0,1,1
19871,26422.0,7677.0,1,0
19872,26424.0,7677.0,1,0
19873,26425.0,7677.0,1,0
19874,26426.0,7677.0,1,0
19875,26427.0,7678.0,1,0
19876,26428.0,7678.0,1,0
19877,26431.0,7679.0,1,1
19878,26432.0,7679.0,1,1
19879,26433.0,7679.0,1,1
19880,26435.0,7682.0,1,1
19881,26436.0,7683.0,1,0
19882,26437.0,7684.0,1,1
19883,26439.0,7684.0,1,0
19884,26441.0,7685.0,1,0
19885,26442.0,7685.0,1,0
19886,26444.0,7685.0,1,0
19887,26445.0,7685.0,1,0
19888,26446.0,7685.0,1,1
19889,26449.0,7686.0,1,1
19890,26450.0,7687.0,1,0
19891,26451.0,7687.0,1,1
19892,26453.0,7688.0,1,1
19893,26455.0,7688.0,1,0
19894,26456.0,7689.0,1,0
19895,26457.0,7689.0,1,1
19896,26458.0,7689.0,1,0
19897,26459.0,7690.0,1,0
19898,26460.0,7691.0,1,0
19899,26461.0,7692.0,1,1
19900,26465.0,7693.0,1,0
19901,26466.0,7693.0,1,1
19902,26467.0,7693.0,1,1
19903,26469.0,7694.0,1,1
19904,26470.0,7695.0,1,0
19905,26471.0,7695.0,1,1
19906,26472.0,7695.0,1,0
19907,26473.0,7696.0,1,0
19908,26475.0,7696.0,1,1
19909,26476.0,7697.0,1,1
19910,26477.0,7697.0,1,0
19911,26478.0,7697.0,1,0
19912,26481.0,7698.0,1,1
19913,26484.0,7698.0,1,1
19914,26485.0,7699.0,1,0
19915,26486.0,7699.0,1,0
19916,26487.0,7699.0,1,0
19917,26488.0,7699.0,1,1
19918,26489.0,7700.0,1,0
19919,26490.0,7700.0,1,0
19920,26493.0,7702.0,1,1
19921,26494.0,7703.0,1,0
19922,26495.0,7703.0,1,0
19923,26496.0,7703.0,1,0
19924,26498.0,7705.0,1,0
19925,26499.0,7705.0,1,0
19926,26500.0,7706.0,1,0
19927,26501.0,7706.0,1,0
19928,26502.0,7706.0,1,1
19929,26503.0,7706.0,1,0
19930,26504.0,7708.0,1,0
19931,26505.0,7708.0,1,0
19932,26506.0,7708.0,1,0
19933,26508.0,7709.0,1,0
19934,26510.0,7709.0,1,0
19935,26513.0,7709.0,1,0
19936,26514.0,7709.0,1,0
19937,26515.0,7709.0,1,1
19938,26516.0,7710.0,1,0
19939,26517.0,7710.0,1,0
19940,26518.0,7710.0,1,1
19941,26519.0,7710.0,1,1
19942,26520.0,7710.0,1,0
19943,26521.0,7710.0,1,1
19944,26522.0,7711.0,1,1
19945,26523.0,7711.0,1,0
19946,26525.0,7711.0,1,0
19947,26526.0,7711.0,1,0
19948,26528.0,7713.0,1,0
19949,26529.0,7713.0,1,1
19950,26530.0,7714.0,1,0
19951,26532.0,7715.0,1,1
19952,26534.0,7716.0,1,1
19953,26535.0,7716.0,1,1
19954,26537.0,7717.0,1,0
19955,26538.0,7717.0,1,1
19956,26539.0,7717.0,1,0
19957,26540.0,7717.0,1,0
19958,26541.0,7718.0,1,0
19959,26542.0,7718.0,1,0
19960,26543.0,7718.0,1,0
19961,26544.0,7719.0,1,0
19962,26546.0,7719.0,1,1
19963,26547.0,7720.0,1,1
19964,26548.0,7720.0,1,0
19965,26549.0,7720.0,1,0
19966,26550.0,7721.0,1,0
19967,26551.0,7721.0,1,1
19968,26553.0,7721.0,1,0
19969,26555.0,7722.0,1,0
19970,26557.0,7723.0,1,0
19971,26558.0,7723.0,1,0
19972,26559.0,7724.0,1,0
19973,26562.0,7725.0,1,0
19974,26564.0,7726.0,1,1
19975,26565.0,7726.0,1,0
19976,26566.0,7726.0,1,0
19977,26568.0,7726.0,1,0
19978,26569.0,7727.0,1,1
19979,26570.0,7727.0,1,1
19980,26571.0,7727.0,1,0
19981,26573.0,7727.0,1,0
19982,26575.0,7727.0,1,0
19983,26576.0,7727.0,1,0
19984,26577.0,7728.0,1,0
19985,26578.0,7728.0,1,0
19986,26579.0,7728.0,1,1
19987,26580.0,7729.0,1,0
19988,26582.0,7729.0,1,0
19989,26583.0,7730.0,1,0
19990,26584.0,7730.0,1,1
19991,26585.0,7731.0,1,0
19992,26586.0,7731.0,1,0
19993,26588.0,7731.0,1,0
19994,26589.0,7732.0,1,1
19995,26590.0,7732.0,1,0
19996,26591.0,7732.0,1,0
19997,26592.0,7733.0,1,0
19998,26594.0,7733.0,1,1
19999,26595.0,7733.0,1,1
20000,26596.0,7733.0,1,0
20001,26598.0,7733.0,1,0
20002,26599.0,7733.0,1,0
20003,26600.0,7734.0,1,0
20004,26601.0,7734.0,1,0
20005,26603.0,7734.0,1,0
20006,26606.0,7734.0,1,1
20007,26608.0,7735.0,1,0
20008,26609.0,7735.0,1,0
20009,26610.0,7736.0,1,0
20010,26611.0,7736.0,1,0
20011,26612.0,7736.0,1,0
20012,26613.0,7736.0,1,1
20013,26614.0,7736.0,1,1
20014,26617.0,7737.0,1,0
20015,26618.0,7738.0,1,0
20016,26619.0,7739.0,1,0
20017,26620.0,7739.0,1,0
20018,26621.0,7739.0,1,1
20019,26623.0,7740.0,1,1
20020,26625.0,7741.0,1,0
20021,26626.0,7741.0,1,1
20022,26627.0,7741.0,1,1
20023,26629.0,7742.0,1,1
20024,26630.0,7742.0,1,1
20025,26631.0,7742.0,1,0
20026,26632.0,7742.0,1,0
20027,26633.0,7743.0,1,1
20028,26634.0,7743.0,1,0
20029,26635.0,7743.0,1,1
20030,26636.0,7744.0,1,1
20031,26638.0,7744.0,1,0
20032,26639.0,7744.0,1,0
20033,26640.0,7746.0,1,1
20034,26641.0,7747.0,1,0
20035,26643.0,7747.0,1,1
20036,26644.0,7747.0,1,0
20037,26645.0,7747.0,1,0
20038,26649.0,7747.0,1,0
20039,26650.0,7747.0,1,0
20040,26652.0,7748.0,1,0
20041,26653.0,7748.0,1,1
20042,26654.0,7748.0,1,0
20043,26655.0,7748.0,1,0
20044,26657.0,7748.0,1,0
20045,26658.0,7748.0,1,0
20046,26659.0,7749.0,1,0
20047,26660.0,7749.0,1,1
20048,26663.0,7750.0,1,0
20049,26664.0,7751.0,1,1
20050,26665.0,7752.0,1,0
20051,26666.0,7752.0,1,1
20052,26667.0,7752.0,1,0
20053,26668.0,7752.0,1,1
20054,26669.0,7752.0,1,0
20055,26670.0,7752.0,1,1
20056,26671.0,7753.0,1,0
20057,26672.0,7753.0,1,0
20058,26673.0,7753.0,1,1
20059,26675.0,7753.0,1,1
20060,26676.0,7754.0,1,1
20061,26677.0,7754.0,1,0
20062,26678.0,7754.0,1,0
20063,26679.0,7755.0,1,1
20064,26680.0,7755.0,1,0
20065,26681.0,7755.0,1,0
20066,26682.0,7755.0,1,1
20067,26683.0,7755.0,1,1
20068,26684.0,7756.0,1,0
20069,26685.0,7756.0,1,1
20070,26687.0,7757.0,1,0
20071,26688.0,7757.0,1,1
20072,26689.0,7757.0,1,1
20073,26690.0,7757.0,1,0
20074,26692.0,7758.0,1,0
20075,26693.0,7759.0,1,0
20076,26694.0,7759.0,1,0
20077,26695.0,7759.0,1,1
20078,26697.0,7760.0,1,0
20079,26698.0,7760.0,1,0
20080,26699.0,7760.0,1,0
20081,26700.0,7760.0,1,1
20082,26701.0,7760.0,1,1
20083,26702.0,7761.0,1,1
20084,26703.0,7761.0,1,0
20085,26704.0,7761.0,1,0
20086,26706.0,7762.0,1,1
20087,26707.0,7764.0,1,0
20088,26708.0,7764.0,1,1
20089,26709.0,7764.0,1,0
20090,26710.0,7764.0,1,1
20091,26713.0,7765.0,1,0
20092,26715.0,7765.0,1,0
20093,26716.0,7765.0,1,0
20094,26717.0,7766.0,1,0
20095,26718.0,7766.0,1,1
20096,26719.0,7766.0,1,1
20097,26722.0,7767.0,1,1
20098,26723.0,7767.0,1,0
20099,26725.0,7768.0,1,0
20100,26726.0,7768.0,1,1
20101,26727.0,7769.0,1,0
20102,26729.0,7769.0,1,1
20103,26730.0,7769.0,1,1
20104,26731.0,7769.0,1,0
20105,26732.0,7769.0,1,0
20106,26733.0,7770.0,1,0
20107,26736.0,7770.0,1,0
20108,26738.0,7771.0,1,0
20109,26740.0,7771.0,1,1
20110,26741.0,7772.0,1,0
20111,26744.0,7772.0,1,0
20112,26746.0,7772.0,1,0
20113,26748.0,7772.0,1,1
20114,26749.0,7772.0,1,1
20115,26751.0,7773.0,1,0
20116,26752.0,7773.0,1,0
20117,26753.0,7773.0,1,0
20118,26754.0,7773.0,1,0
20119,26755.0,7773.0,1,1
20120,26756.0,7773.0,1,0
20121,26757.0,7773.0,1,1
20122,26758.0,7774.0,1,1
20123,26759.0,7774.0,1,0
20124,26760.0,7774.0,1,1
20125,26761.0,7774.0,1,0
20126,26762.0,7775.0,1,0
20127,26763.0,7775.0,1,1
20128,26764.0,7775.0,1,0
20129,26765.0,7775.0,1,0
20130,26766.0,7775.0,1,0
20131,26768.0,7775.0,1,0
20132,26769.0,7775.0,1,0
20133,26771.0,7777.0,1,1
20134,26772.0,7777.0,1,0
20135,26773.0,7777.0,1,0
20136,26774.0,7778.0,1,0
20137,26775.0,7778.0,1,0
20138,26777.0,7778.0,1,1
20139,26780.0,7779.0,1,0
20140,26781.0,7779.0,1,0
20141,26782.0,7779.0,1,0
20142,26783.0,7779.0,1,1
20143,26789.0,7781.0,1,0
20144,26790.0,7781.0,1,0
20145,26792.0,7783.0,1,0
20146,26793.0,7784.0,1,0
20147,26796.0,7785.0,1,0
20148,26797.0,7785.0,1,1
20149,26798.0,7785.0,1,0
20150,26800.0,7786.0,1,1
20151,26801.0,7786.0,1,0
20152,26803.0,7787.0,1,0
20153,26804.0,7787.0,1,1
20154,26806.0,7788.0,1,0
20155,26807.0,7788.0,1,0
20156,26808.0,7788.0,1,1
20157,26810.0,7789.0,1,0
20158,26811.0,7789.0,1,0
20159,26812.0,7789.0,1,0
20160,26813.0,7789.0,1,0
20161,26814.0,7789.0,1,0
20162,26815.0,7789.0,1,1
20163,26816.0,7790.0,1,0
20164,26817.0,7790.0,1,1
20165,26818.0,7790.0,1,0
20166,26819.0,7790.0,1,0
20167,26821.0,7790.0,1,0
20168,26822.0,7791.0,1,0
20169,26823.0,7791.0,1,1
20170,26824.0,7791.0,1,1
20171,26827.0,7791.0,1,1
20172,26828.0,7792.0,1,1
20173,26829.0,7792.0,1,0
20174,26830.0,7792.0,1,1
20175,26832.0,7793.0,1,0
20176,26833.0,7793.0,1,1
20177,26834.0,7793.0,1,0
20178,26835.0,7793.0,1,1
20179,26837.0,7794.0,1,1
20180,26838.0,7794.0,1,0
20181,26839.0,7794.0,1,1
20182,26840.0,7794.0,1,1
20183,26842.0,7794.0,1,1
20184,26843.0,7795.0,1,0
20185,26844.0,7795.0,1,0
20186,26846.0,7796.0,1,1
20187,26848.0,7797.0,1,0
20188,26849.0,7797.0,1,0
20189,26850.0,7797.0,1,0
20190,26851.0,7797.0,1,0
20191,26852.0,7797.0,1,0
20192,26853.0,7797.0,1,1
20193,26854.0,7798.0,1,1
20194,26856.0,7798.0,1,1
20195,26857.0,7799.0,1,0
20196,26858.0,7799.0,1,1
20197,26859.0,7800.0,1,1
20198,26860.0,7801.0,1,1
20199,26861.0,7801.0,1,1
20200,26863.0,7801.0,1,0
20201,26864.0,7801.0,1,1
20202,26866.0,7801.0,1,0
20203,26867.0,7801.0,1,0
20204,26868.0,7802.0,1,0
20205,26869.0,7802.0,1,0
20206,26870.0,7802.0,1,1
20207,26871.0,7802.0,1,0
20208,26873.0,7804.0,1,0
20209,26874.0,7804.0,1,0
20210,26876.0,7805.0,1,1
20211,26877.0,7805.0,1,1
20212,26878.0,7805.0,1,0
20213,26880.0,7806.0,1,0
20214,26881.0,7806.0,1,0
20215,26882.0,7806.0,1,1
20216,26883.0,7806.0,1,0
20217,26884.0,7806.0,1,0
20218,26885.0,7807.0,1,0
20219,26887.0,7807.0,1,0
20220,26888.0,7808.0,1,0
20221,26889.0,7809.0,1,1
20222,26890.0,7809.0,1,0
20223,26891.0,7809.0,1,0
20224,26892.0,7809.0,1,1
20225,26895.0,7810.0,1,0
20226,26896.0,7810.0,1,0
20227,26897.0,7810.0,1,0
20228,26898.0,7811.0,1,0
20229,26899.0,7811.0,1,0
20230,26900.0,7812.0,1,0
20231,26901.0,7812.0,1,0
20232,26902.0,7812.0,1,0
20233,26903.0,7812.0,1,1
20234,26904.0,7812.0,1,0
20235,26905.0,7812.0,1,0
20236,26906.0,7812.0,1,0
20237,26907.0,7813.0,1,0
20238,26909.0,7814.0,1,0
20239,26910.0,7814.0,1,0
20240,26911.0,7815.0,1,1
20241,26912.0,7815.0,1,0
20242,26914.0,7816.0,1,1
20243,26917.0,7817.0,1,0
20244,26918.0,7817.0,1,1
20245,26919.0,7817.0,1,0
20246,26920.0,7817.0,1,0
20247,26921.0,7817.0,1,0
20248,26922.0,7817.0,1,1
20249,26923.0,7817.0,1,0
20250,26925.0,7818.0,1,0
20251,26930.0,7819.0,1,0
20252,26931.0,7820.0,1,0
20253,26933.0,7820.0,1,0
20254,26934.0,7820.0,1,0
20255,26936.0,7821.0,1,0
20256,26938.0,7821.0,1,1
20257,26939.0,7821.0,1,0
20258,26940.0,7821.0,1,1
20259,26941.0,7821.0,1,1
20260,26942.0,7823.0,1,1
20261,26943.0,7823.0,1,0
20262,26945.0,7824.0,1,0
20263,26946.0,7824.0,1,0
20264,26947.0,7824.0,1,0
20265,26948.0,7824.0,1,1
20266,26950.0,7825.0,1,0
20267,26951.0,7825.0,1,0
20268,26952.0,7826.0,1,0
20269,26953.0,7826.0,1,1
20270,26954.0,7827.0,1,0
20271,26955.0,7827.0,1,0
20272,26956.0,7829.0,1,0
20273,26959.0,7829.0,1,0
20274,26961.0,7829.0,1,0
20275,26962.0,7829.0,1,1
20276,26963.0,7830.0,1,0
20277,26964.0,7830.0,1,1
20278,26965.0,7830.0,1,0
20279,26966.0,7831.0,1,0
20280,26967.0,7832.0,1,0
20281,26969.0,7832.0,1,0
20282,26970.0,7832.0,1,0
20283,26971.0,7832.0,1,1
20284,26972.0,7832.0,1,1
20285,26974.0,7833.0,1,0
20286,26975.0,7833.0,1,1
20287,26976.0,7834.0,1,0
20288,26977.0,7834.0,1,0
20289,26978.0,7834.0,1,0
20290,26979.0,7834.0,1,1
20291,26981.0,7836.0,1,0
20292,26982.0,7836.0,1,1
20293,26983.0,7836.0,1,0
20294,26984.0,7836.0,1,1
20295,26985.0,7836.0,1,0
20296,26986.0,7836.0,1,0
20297,26988.0,7837.0,1,1
20298,26989.0,7837.0,1,0
20299,26990.0,7837.0,1,0
20300,26991.0,7838.0,1,1
20301,26992.0,7838.0,1,1
20302,26993.0,7838.0,1,1
20303,26994.0,7838.0,1,1
20304,26995.0,7839.0,1,1
20305,26996.0,7839.0,1,0
20306,26997.0,7841.0,1,0
20307,26998.0,7841.0,1,0
20308,27000.0,7842.0,1,1
20309,27001.0,7842.0,1,0
20310,27002.0,7842.0,1,0
20311,27003.0,7842.0,1,0
20312,27005.0,7843.0,1,1
20313,27006.0,7843.0,1,1
20314,27007.0,7843.0,1,1
20315,27009.0,7844.0,1,0
20316,27010.0,7844.0,1,0
20317,27011.0,7845.0,1,0
20318,27013.0,7846.0,1,1
20319,27014.0,7846.0,1,0
20320,27015.0,7846.0,1,0
20321,27017.0,7848.0,1,1
20322,27019.0,7848.0,1,0
20323,27022.0,7849.0,1,1
20324,27023.0,7850.0,1,1
20325,27025.0,7850.0,1,0
20326,27026.0,7851.0,1,0
20327,27027.0,7851.0,1,0
20328,27029.0,7852.0,1,1
20329,27030.0,7852.0,1,0
20330,27031.0,7853.0,1,0
20331,27032.0,7853.0,1,0
20332,27033.0,7853.0,1,0
20333,27034.0,7855.0,1,0
20334,27035.0,7855.0,1,1
20335,27037.0,7855.0,1,1
20336,27038.0,7855.0,1,1
20337,27039.0,7856.0,1,1
20338,27042.0,7856.0,1,1
20339,27043.0,7856.0,1,0
20340,27044.0,7856.0,1,1
20341,27046.0,7857.0,1,0
20342,27047.0,7858.0,1,0
20343,27049.0,7858.0,1,0
20344,27050.0,7858.0,1,0
20345,27051.0,7859.0,1,1
20346,27052.0,7859.0,1,0
20347,27053.0,7860.0,1,1
20348,27054.0,7860.0,1,1
20349,27055.0,7860.0,1,0
20350,27056.0,7860.0,1,0
20351,27057.0,7861.0,1,0
20352,27060.0,7862.0,1,0
20353,27061.0,7862.0,1,1
20354,27062.0,7862.0,1,0
20355,27063.0,7862.0,1,0
20356,27065.0,7863.0,1,1
20357,27066.0,7863.0,1,0
20358,27069.0,7867.0,1,1
20359,27070.0,7867.0,1,1
20360,27071.0,7867.0,1,1
20361,27072.0,7868.0,1,1
20362,27074.0,7869.0,1,0
20363,27075.0,7869.0,1,1
20364,27076.0,7869.0,1,1
20365,27077.0,7869.0,1,1
20366,27078.0,7869.0,1,1
20367,27080.0,7869.0,1,1
20368,27081.0,7870.0,1,1
20369,27083.0,7870.0,1,0
20370,27084.0,7870.0,1,0
20371,27085.0,7870.0,1,0
20372,27086.0,7871.0,1,0
20373,27087.0,7871.0,1,0
20374,27088.0,7871.0,1,1
20375,27090.0,7872.0,1,0
20376,27092.0,7872.0,1,0
20377,27093.0,7872.0,1,1
20378,27095.0,7873.0,1,1
20379,27098.0,7875.0,1,0
20380,27099.0,7876.0,1,1
20381,27100.0,7876.0,1,1
20382,27101.0,7877.0,1,1
20383,27102.0,7877.0,1,1
20384,27103.0,7877.0,1,1
20385,27105.0,7878.0,1,1
20386,27106.0,7878.0,1,1
20387,27108.0,7878.0,1,0
20388,27109.0,7879.0,1,0
20389,27111.0,7879.0,1,0
20390,27113.0,7880.0,1,0
20391,27114.0,7880.0,1,1
20392,27115.0,7881.0,1,0
20393,27116.0,7881.0,1,0
20394,27117.0,7881.0,1,0
20395,27118.0,7882.0,1,0
20396,27120.0,7884.0,1,0
20397,27121.0,7884.0,1,0
20398,27124.0,7886.0,1,0
20399,27125.0,7886.0,1,0
20400,27126.0,7886.0,1,0
20401,27127.0,7887.0,1,0
20402,27129.0,7887.0,1,0
20403,27130.0,7887.0,1,0
20404,27132.0,7887.0,1,1
20405,27134.0,7888.0,1,0
20406,27135.0,7888.0,1,0
20407,27136.0,7888.0,1,0
20408,27137.0,7888.0,1,1
20409,27139.0,7888.0,1,1
20410,27140.0,7888.0,1,1
20411,27142.0,7889.0,1,1
20412,27143.0,7889.0,1,0
20413,27145.0,7890.0,1,0
20414,27146.0,7891.0,1,0
20415,27147.0,7891.0,1,1
20416,27148.0,7891.0,1,0
20417,27149.0,7891.0,1,0
20418,27150.0,7891.0,1,0
20419,27151.0,7892.0,1,1
20420,27153.0,7892.0,1,0
20421,27154.0,7893.0,1,0
20422,27155.0,7893.0,1,0
20423,27156.0,7893.0,1,1
20424,27157.0,7893.0,1,0
20425,27158.0,7893.0,1,0
20426,27160.0,7893.0,1,0
20427,27162.0,7894.0,1,1
20428,27164.0,7894.0,1,0
20429,27166.0,7895.0,1,0
20430,27167.0,7896.0,1,0
20431,27169.0,7896.0,1,0
20432,27170.0,7897.0,1,0
20433,27171.0,7897.0,1,0
20434,27172.0,7897.0,1,0
20435,27173.0,7898.0,1,0
20436,27174.0,7898.0,1,1
20437,27176.0,7899.0,1,0
20438,27178.0,7902.0,1,0
20439,27180.0,7902.0,1,0
20440,27181.0,7902.0,1,0
20441,27182.0,7902.0,1,1
20442,27183.0,7902.0,1,0
20443,27186.0,7904.0,1,0
20444,27188.0,7904.0,1,1
20445,27189.0,7905.0,1,1
20446,27190.0,7905.0,1,0
20447,27191.0,7906.0,1,0
20448,27192.0,7907.0,1,0
20449,27193.0,7907.0,1,0
20450,27194.0,7907.0,1,0
20451,27198.0,7908.0,1,0
20452,27199.0,7908.0,1,0
20453,27200.0,7908.0,1,0
20454,27201.0,7909.0,1,1
20455,27202.0,7909.0,1,1
20456,27203.0,7909.0,1,1
20457,27205.0,7910.0,1,0
20458,27208.0,7911.0,1,1
20459,27209.0,7911.0,1,1
20460,27210.0,7911.0,1,0
20461,27211.0,7911.0,1,0
20462,27212.0,7911.0,1,0
20463,27213.0,7912.0,1,0
20464,27214.0,7912.0,1,1
20465,27215.0,7912.0,1,1
20466,27216.0,7913.0,1,0
20467,27217.0,7914.0,1,0
20468,27218.0,7914.0,1,1
20469,27219.0,7914.0,1,0
20470,27220.0,7916.0,1,0
20471,27221.0,7916.0,1,1
20472,27222.0,7917.0,1,0
20473,27223.0,7918.0,1,0
20474,27224.0,7918.0,1,1
20475,27225.0,7919.0,1,0
20476,27227.0,7919.0,1,0
20477,27228.0,7919.0,1,1
20478,27229.0,7919.0,1,1
20479,27230.0,7920.0,1,0
20480,27232.0,7920.0,1,1
20481,27234.0,7921.0,1,1
20482,27236.0,7922.0,1,1
20483,27237.0,7922.0,1,1
20484,27238.0,7922.0,1,1
20485,27239.0,7922.0,1,0
20486,27240.0,7922.0,1,0
20487,27241.0,7923.0,1,1
20488,27242.0,7923.0,1,0
20489,27243.0,7923.0,1,0
20490,27246.0,7924.0,1,0
20491,27247.0,7924.0,1,0
20492,27248.0,7924.0,1,0
20493,27250.0,7925.0,1,0
20494,27253.0,7925.0,1,0
20495,27254.0,7925.0,1,0
20496,27255.0,7925.0,1,1
20497,27257.0,7926.0,1,0
20498,27259.0,7926.0,1,0
20499,27260.0,7926.0,1,0
20500,27261.0,7927.0,1,1
20501,27264.0,7927.0,1,1
20502,27265.0,7928.0,1,0
20503,27266.0,7928.0,1,0
20504,27267.0,7929.0,1,1
20505,27268.0,7929.0,1,0
20506,27269.0,7929.0,1,0
20507,27270.0,7929.0,1,0
20508,27271.0,7929.0,1,0
20509,27272.0,7930.0,1,0
20510,27273.0,7930.0,1,1
20511,27274.0,7930.0,1,1
20512,27275.0,7931.0,1,1
20513,27276.0,7931.0,1,1
20514,27277.0,7932.0,1,0
20515,27278.0,7933.0,1,1
20516,27279.0,7933.0,1,0
20517,27280.0,7933.0,1,0
20518,27283.0,7934.0,1,1
20519,27284.0,7934.0,1,0
20520,27285.0,7934.0,1,0
20521,27287.0,7934.0,1,0
20522,27289.0,7937.0,1,0
20523,27291.0,7937.0,1,0
20524,27293.0,7937.0,1,0
20525,27294.0,7937.0,1,0
20526,27295.0,7938.0,1,0
20527,27296.0,7938.0,1,0
20528,27297.0,7938.0,1,0
20529,27298.0,7938.0,1,0
20530,27300.0,7938.0,1,0
20531,27302.0,7939.0,1,0
20532,27303.0,7939.0,1,1
20533,27304.0,7939.0,1,1
20534,27306.0,7941.0,1,0
20535,27307.0,7942.0,1,0
20536,27308.0,7944.0,1,0
20537,27309.0,7945.0,1,0
20538,27310.0,7945.0,1,0
20539,27311.0,7945.0,1,1
20540,27312.0,7945.0,1,0
20541,27314.0,7946.0,1,0
20542,27315.0,7946.0,1,0
20543,27316.0,7946.0,1,1
20544,27317.0,7947.0,1,0
20545,27318.0,7947.0,1,1
20546,27319.0,7947.0,1,1
20547,27320.0,7948.0,1,0
20548,27321.0,7948.0,1,0
20549,27322.0,7948.0,1,1
20550,27323.0,7949.0,1,0
20551,27324.0,7949.0,1,0
20552,27326.0,7949.0,1,0
20553,27327.0,7950.0,1,0
20554,27328.0,7950.0,1,0
20555,27329.0,7951.0,1,1
20556,27330.0,7952.0,1,0
20557,27332.0,7954.0,1,0
20558,27333.0,7954.0,1,0
20559,27334.0,7955.0,1,1
20560,27336.0,7956.0,1,0
20561,27337.0,7956.0,1,0
20562,27338.0,7956.0,1,1
20563,27339.0,7958.0,1,0
20564,27340.0,7958.0,1,0
20565,27341.0,7959.0,1,0
20566,27342.0,7959.0,1,0
20567,27343.0,7959.0,1,0
20568,27344.0,7959.0,1,0
20569,27345.0,7960.0,1,0
20570,27347.0,7960.0,1,0
20571,27348.0,7961.0,1,0
20572,27349.0,7961.0,1,0
20573,27350.0,7961.0,1,0
20574,27352.0,7961.0,1,0
20575,27353.0,7961.0,1,0
20576,27354.0,7961.0,1,1
20577,27356.0,7962.0,1,0
20578,27357.0,7962.0,1,1
20579,27359.0,7962.0,1,0
20580,27360.0,7962.0,1,0
20581,27361.0,7962.0,1,1
20582,27362.0,7963.0,1,1
20583,27363.0,7963.0,1,0
20584,27364.0,7963.0,1,1
20585,27366.0,7964.0,1,0
20586,27367.0,7964.0,1,0
20587,27370.0,7965.0,1,0
20588,27371.0,7965.0,1,1
20589,27372.0,7965.0,1,1
20590,27373.0,7965.0,1,1
20591,27374.0,7965.0,1,0
20592,27375.0,7965.0,1,0
20593,27376.0,7965.0,1,0
20594,27377.0,7965.0,1,0
20595,27378.0,7966.0,1,0
20596,27379.0,7966.0,1,0
20597,27380.0,7967.0,1,1
20598,27381.0,7968.0,1,1
20599,27383.0,7969.0,1,0
20600,27384.0,7970.0,1,1
20601,27385.0,7970.0,1,1
20602,27386.0,7970.0,1,0
20603,27387.0,7971.0,1,0
20604,27390.0,7973.0,1,1
20605,27391.0,7973.0,1,1
20606,27392.0,7974.0,1,0
20607,27393.0,7974.0,1,1
20608,27398.0,7975.0,1,1
20609,27399.0,7976.0,1,0
20610,27400.0,7976.0,1,1
20611,27403.0,7978.0,1,0
20612,27404.0,7978.0,1,0
20613,27405.0,7978.0,1,0
20614,27406.0,7978.0,1,1
20615,27407.0,7978.0,1,0
20616,27408.0,7979.0,1,0
20617,27410.0,7979.0,1,0
20618,27412.0,7981.0,1,0
20619,27413.0,7981.0,1,1
20620,27414.0,7981.0,1,0
20621,27415.0,7981.0,1,1
20622,27416.0,7981.0,1,0
20623,27417.0,7982.0,1,0
20624,27418.0,7982.0,1,1
20625,27419.0,7982.0,1,0
20626,27420.0,7983.0,1,0
20627,27421.0,7983.0,1,1
20628,27422.0,7984.0,1,1
20629,27423.0,7984.0,1,0
20630,27424.0,7984.0,1,0
20631,27425.0,7984.0,1,0
20632,27429.0,7985.0,1,0
20633,27431.0,7985.0,1,0
20634,27433.0,7985.0,1,1
20635,27434.0,7985.0,1,0
20636,27435.0,7986.0,1,0
20637,27438.0,7987.0,1,0
20638,27439.0,7987.0,1,0
20639,27440.0,7987.0,1,0
20640,27441.0,7988.0,1,0
20641,27442.0,7988.0,1,0
20642,27444.0,7989.0,1,0
20643,27446.0,7990.0,1,0
20644,27448.0,7991.0,1,0
20645,27450.0,7991.0,1,0
20646,27451.0,7992.0,1,0
20647,27452.0,7992.0,1,1
20648,27453.0,7992.0,1,0
20649,27454.0,7992.0,1,0
20650,27455.0,7992.0,1,0
20651,27456.0,7992.0,1,0
20652,27457.0,7993.0,1,0
20653,27458.0,7993.0,1,0
20654,27459.0,7993.0,1,0
20655,27460.0,7993.0,1,1
20656,27461.0,7994.0,1,0
20657,27468.0,7996.0,1,1
20658,27470.0,7996.0,1,0
20659,27472.0,7997.0,1,1
20660,27473.0,7997.0,1,0
20661,27474.0,7997.0,1,0
20662,27475.0,7999.0,1,1
20663,27477.0,7999.0,1,1
20664,27479.0,7999.0,1,0
20665,27480.0,8000.0,1,0
20666,27481.0,8000.0,1,1
20667,27482.0,8000.0,1,1
20668,27483.0,8000.0,1,0
20669,27484.0,8002.0,1,0
20670,27485.0,8003.0,1,0
20671,27486.0,8003.0,1,0
20672,27488.0,8004.0,1,0
20673,27489.0,8005.0,1,1
20674,27490.0,8005.0,1,0
20675,27491.0,8005.0,1,0
20676,27492.0,8005.0,1,0
20677,27493.0,8005.0,1,1
20678,27494.0,8007.0,1,0
20679,27496.0,8007.0,1,1
20680,27497.0,8007.0,1,0
20681,27498.0,8007.0,1,0
20682,27499.0,8007.0,1,0
20683,27500.0,8007.0,1,1
20684,27501.0,8008.0,1,0
20685,27502.0,8008.0,1,1
20686,27503.0,8008.0,1,0
20687,27508.0,8010.0,1,1
20688,27509.0,8010.0,1,0
20689,27510.0,8010.0,1,0
20690,27511.0,8011.0,1,0
20691,27513.0,8011.0,1,1
20692,27514.0,8011.0,1,1
20693,27515.0,8011.0,1,0
20694,27516.0,8011.0,1,0
20695,27518.0,8012.0,1,0
20696,27520.0,8013.0,1,1
20697,27521.0,8013.0,1,1
20698,27523.0,8015.0,1,0
20699,27524.0,8015.0,1,0
20700,27525.0,8017.0,1,1
20701,27527.0,8017.0,1,0
20702,27529.0,8018.0,1,1
20703,27530.0,8018.0,1,1
20704,27534.0,8019.0,1,0
20705,27536.0,8019.0,1,0
20706,27537.0,8019.0,1,1
20707,27539.0,8019.0,1,0
20708,27540.0,8020.0,1,0
20709,27541.0,8020.0,1,1
20710,27542.0,8020.0,1,1
20711,27543.0,8020.0,1,0
20712,27544.0,8021.0,1,0
20713,27545.0,8021.0,1,0
20714,27546.0,8021.0,1,1
20715,27547.0,8021.0,1,1
20716,27550.0,8022.0,1,0
20717,27552.0,8023.0,1,0
20718,27553.0,8023.0,1,1
20719,27554.0,8023.0,1,0
20720,27555.0,8023.0,1,1
20721,27556.0,8023.0,1,0
20722,27558.0,8024.0,1,0
20723,27559.0,8024.0,1,0
20724,27560.0,8025.0,1,0
20725,27561.0,8025.0,1,0
20726,27562.0,8025.0,1,0
20727,27563.0,8025.0,1,0
20728,27564.0,8026.0,1,1
20729,27565.0,8026.0,1,0
20730,27568.0,8027.0,1,1
20731,27569.0,8027.0,1,0
20732,27571.0,8028.0,1,1
20733,27572.0,8029.0,1,1
20734,27573.0,8029.0,1,1
20735,27574.0,8029.0,1,0
20736,27575.0,8030.0,1,0
20737,27578.0,8033.0,1,0
20738,27579.0,8033.0,1,1
20739,27580.0,8033.0,1,0
20740,27581.0,8033.0,1,1
20741,27582.0,8034.0,1,0
20742,27583.0,8034.0,1,1
20743,27584.0,8035.0,1,1
20744,27586.0,8036.0,1,0
20745,27588.0,8036.0,1,0
20746,27589.0,8037.0,1,1
20747,27590.0,8037.0,1,0
20748,27592.0,8037.0,1,0
20749,27593.0,8037.0,1,1
20750,27594.0,8037.0,1,0
20751,27595.0,8040.0,1,1
20752,27596.0,8041.0,1,0
20753,27597.0,8042.0,1,0
20754,27598.0,8043.0,1,1
20755,27600.0,8043.0,1,0
20756,27601.0,8043.0,1,0
20757,27602.0,8044.0,1,1
20758,27603.0,8044.0,1,1
20759,27604.0,8044.0,1,1
20760,27605.0,8044.0,1,1
20761,27606.0,8044.0,1,0
20762,27607.0,8045.0,1,1
20763,27609.0,8045.0,1,0
20764,27610.0,8045.0,1,1
20765,27611.0,8045.0,1,0
20766,27613.0,8046.0,1,0
20767,27614.0,8046.0,1,0
20768,27615.0,8046.0,1,0
20769,27616.0,8046.0,1,1
20770,27617.0,8046.0,1,0
20771,27619.0,8048.0,1,1
20772,27620.0,8048.0,1,0
20773,27621.0,8048.0,1,0
20774,27622.0,8048.0,1,1
20775,27623.0,8048.0,1,0
20776,27624.0,8048.0,1,1
20777,27625.0,8048.0,1,0
20778,27627.0,8049.0,1,1
20779,27629.0,8050.0,1,0
20780,27630.0,8050.0,1,0
20781,27631.0,8051.0,1,0
20782,27633.0,8051.0,1,1
20783,27634.0,8052.0,1,0
20784,27635.0,8052.0,1,1
20785,27636.0,8052.0,1,0
20786,27639.0,8053.0,1,1
20787,27640.0,8053.0,1,0
20788,27641.0,8053.0,1,0
20789,27642.0,8054.0,1,1
20790,27643.0,8054.0,1,0
20791,27644.0,8054.0,1,0
20792,27645.0,8054.0,1,0
20793,27646.0,8054.0,1,0
20794,27652.0,8057.0,1,0
20795,27654.0,8058.0,1,0
20796,27655.0,8058.0,1,0
20797,27656.0,8058.0,1,0
20798,27657.0,8058.0,1,1
20799,27658.0,8058.0,1,0
20800,27660.0,8059.0,1,1
20801,27662.0,8061.0,1,0
20802,27663.0,8061.0,1,0
20803,27664.0,8061.0,1,0
20804,27665.0,8062.0,1,0
20805,27666.0,8062.0,1,0
20806,27667.0,8062.0,1,0
20807,27668.0,8063.0,1,1
20808,27670.0,8063.0,1,0
20809,27671.0,8063.0,1,0
20810,27672.0,8064.0,1,1
20811,27673.0,8064.0,1,0
20812,27676.0,8064.0,1,1
20813,27677.0,8065.0,1,0
20814,27678.0,8065.0,1,1
20815,27680.0,8066.0,1,0
20816,27681.0,8066.0,1,1
20817,27682.0,8066.0,1,0
20818,27683.0,8066.0,1,1
20819,27684.0,8066.0,1,0
20820,27687.0,8068.0,1,0
20821,27689.0,8069.0,1,1
20822,27690.0,8069.0,1,0
20823,27691.0,8069.0,1,1
20824,27692.0,8069.0,1,0
20825,27694.0,8069.0,1,1
20826,27695.0,8070.0,1,0
20827,27696.0,8070.0,1,1
20828,27697.0,8071.0,1,0
20829,27699.0,8072.0,1,0
20830,27700.0,8072.0,1,1
20831,27701.0,8072.0,1,0
20832,27702.0,8072.0,1,1
20833,27703.0,8072.0,1,1
20834,27705.0,8072.0,1,1
20835,27706.0,8072.0,1,0
20836,27707.0,8073.0,1,0
20837,27708.0,8073.0,1,1
20838,27709.0,8074.0,1,1
20839,27711.0,8074.0,1,1
20840,27712.0,8074.0,1,0
20841,27713.0,8074.0,1,0
20842,27715.0,8075.0,1,1
20843,27716.0,8075.0,1,0
20844,27719.0,8076.0,1,0
20845,27721.0,8077.0,1,0
20846,27722.0,8077.0,1,0
20847,27723.0,8077.0,1,1
20848,27724.0,8078.0,1,0
20849,27726.0,8078.0,1,0
20850,27728.0,8079.0,1,0
20851,27729.0,8079.0,1,1
20852,27730.0,8080.0,1,0
20853,27731.0,8081.0,1,0
20854,27732.0,8081.0,1,1
20855,27733.0,8081.0,1,0
20856,27734.0,8081.0,1,0
20857,27736.0,8081.0,1,0
20858,27737.0,8082.0,1,0
20859,27738.0,8083.0,1,0
20860,27741.0,8083.0,1,0
20861,27742.0,8083.0,1,0
20862,27743.0,8084.0,1,1
20863,27744.0,8084.0,1,0
20864,27746.0,8084.0,1,0
20865,27747.0,8084.0,1,0
20866,27749.0,8084.0,1,0
20867,27750.0,8084.0,1,0
20868,27752.0,8085.0,1,1
20869,27753.0,8085.0,1,0
20870,27754.0,8085.0,1,0
20871,27756.0,8086.0,1,0
20872,27757.0,8086.0,1,1
20873,27758.0,8086.0,1,0
20874,27759.0,8086.0,1,1
20875,27761.0,8087.0,1,0
20876,27762.0,8087.0,1,0
20877,27766.0,8088.0,1,0
20878,27767.0,8088.0,1,0
20879,27769.0,8089.0,1,1
20880,27770.0,8089.0,1,1
20881,27771.0,8089.0,1,0
20882,27772.0,8090.0,1,0
20883,27773.0,8092.0,1,1
20884,27775.0,8093.0,1,0
20885,27776.0,8093.0,1,1
20886,27778.0,8093.0,1,1
20887,27779.0,8094.0,1,0
20888,27781.0,8094.0,1,0
20889,27782.0,8094.0,1,0
20890,27783.0,8095.0,1,1
20891,27785.0,8095.0,1,0
20892,27787.0,8095.0,1,1
20893,27788.0,8096.0,1,0
20894,27789.0,8097.0,1,0
20895,27790.0,8097.0,1,0
20896,27792.0,8097.0,1,0
20897,27793.0,8097.0,1,1
20898,27794.0,8098.0,1,0
20899,27797.0,8098.0,1,1
20900,27798.0,8099.0,1,0
20901,27799.0,8100.0,1,0
20902,27801.0,8100.0,1,0
20903,27802.0,8100.0,1,0
20904,27803.0,8101.0,1,0
20905,27804.0,8101.0,1,0
20906,27805.0,8102.0,1,1
20907,27807.0,8102.0,1,0
20908,27808.0,8103.0,1,0
20909,27809.0,8103.0,1,0
20910,27811.0,8104.0,1,1
20911,27812.0,8105.0,1,1
20912,27813.0,8106.0,1,1
20913,27814.0,8106.0,1,0
20914,27816.0,8107.0,1,1
20915,27817.0,8107.0,1,0
20916,27818.0,8108.0,1,1
20917,27819.0,8108.0,1,0
20918,27820.0,8108.0,1,0
20919,27821.0,8108.0,1,0
20920,27822.0,8109.0,1,0
20921,27823.0,8109.0,1,0
20922,27824.0,8109.0,1,0
20923,27826.0,8109.0,1,0
20924,27830.0,8112.0,1,1
20925,27831.0,8112.0,1,1
20926,27832.0,8113.0,1,0
20927,27833.0,8113.0,1,0
20928,27834.0,8113.0,1,0
20929,27835.0,8114.0,1,1
20930,27836.0,8114.0,1,1
20931,27838.0,8115.0,1,0
20932,27839.0,8115.0,1,1
20933,27840.0,8115.0,1,1
20934,27842.0,8117.0,1,0
20935,27846.0,8118.0,1,0
20936,27847.0,8119.0,1,0
20937,27850.0,8120.0,1,0
20938,27852.0,8120.0,1,0
20939,27856.0,8122.0,1,0
20940,27858.0,8122.0,1,0
20941,27859.0,8123.0,1,0
20942,27860.0,8123.0,1,0
20943,27861.0,8123.0,1,1
20944,27862.0,8123.0,1,0
20945,27863.0,8123.0,1,1
20946,27864.0,8123.0,1,1
20947,27865.0,8124.0,1,1
20948,27867.0,8124.0,1,0
20949,27868.0,8124.0,1,1
20950,27870.0,8125.0,1,0
20951,27871.0,8126.0,1,0
20952,27872.0,8126.0,1,1
20953,27874.0,8127.0,1,0
20954,27875.0,8128.0,1,0
20955,27876.0,8128.0,1,0
20956,27877.0,8128.0,1,0
20957,27879.0,8128.0,1,0
20958,27880.0,8129.0,1,0
20959,27881.0,8129.0,1,0
20960,27882.0,8130.0,1,0
20961,27883.0,8130.0,1,1
20962,27884.0,8130.0,1,1
20963,27885.0,8130.0,1,0
20964,27887.0,8130.0,1,0
20965,27889.0,8131.0,1,1
20966,27890.0,8131.0,1,0
20967,27891.0,8131.0,1,0
20968,27893.0,8131.0,1,0
20969,27894.0,8131.0,1,0
20970,27895.0,8131.0,1,0
20971,27896.0,8131.0,1,0
20972,27897.0,8132.0,1,0
20973,27898.0,8132.0,1,0
20974,27900.0,8133.0,1,0
20975,27901.0,8133.0,1,0
20976,27902.0,8133.0,1,1
20977,27903.0,8133.0,1,0
20978,27904.0,8134.0,1,0
20979,27906.0,8134.0,1,0
20980,27908.0,8135.0,1,0
20981,27909.0,8136.0,1,1
20982,27910.0,8136.0,1,0
20983,27911.0,8136.0,1,0
20984,27913.0,8137.0,1,0
20985,27914.0,8137.0,1,0
20986,27915.0,8138.0,1,1
20987,27917.0,8140.0,1,1
20988,27918.0,8140.0,1,1
20989,27919.0,8140.0,1,0
20990,27923.0,8141.0,1,0
20991,27924.0,8141.0,1,0
20992,27925.0,8141.0,1,0
20993,27926.0,8141.0,1,0
20994,27929.0,8142.0,1,0
20995,27930.0,8142.0,1,0
20996,27931.0,8143.0,1,0
20997,27934.0,8144.0,1,0
20998,27936.0,8144.0,1,0
20999,27937.0,8144.0,1,1
21000,27938.0,8144.0,1,1
21001,27940.0,8144.0,1,1
21002,27942.0,8145.0,1,1
21003,27943.0,8146.0,1,1
21004,27944.0,8146.0,1,0
21005,27945.0,8147.0,1,0
21006,27946.0,8148.0,1,0
21007,27947.0,8149.0,1,0
21008,27948.0,8149.0,1,1
21009,27949.0,8149.0,1,1
21010,27950.0,8150.0,1,1
21011,27952.0,8151.0,1,0
21012,27953.0,8151.0,1,1
21013,27956.0,8152.0,1,0
21014,27957.0,8153.0,1,0
21015,27958.0,8153.0,1,0
21016,27959.0,8153.0,1,0
21017,27960.0,8153.0,1,0
21018,27961.0,8153.0,1,0
21019,27962.0,8154.0,1,0
21020,27963.0,8154.0,1,1
21021,27964.0,8155.0,1,0
21022,27965.0,8155.0,1,1
21023,27966.0,8156.0,1,0
21024,27967.0,8156.0,1,1
21025,27968.0,8156.0,1,1
21026,27970.0,8156.0,1,1
21027,27971.0,8156.0,1,0
21028,27973.0,8157.0,1,0
21029,27975.0,8158.0,1,1
21030,27978.0,8159.0,1,0
21031,27979.0,8159.0,1,0
21032,27980.0,8159.0,1,1
21033,27982.0,8159.0,1,1
21034,27984.0,8160.0,1,0
21035,27985.0,8160.0,1,1
21036,27986.0,8160.0,1,0
21037,27987.0,8160.0,1,1
21038,27989.0,8161.0,1,0
21039,27990.0,8161.0,1,0
21040,27991.0,8161.0,1,0
21041,27992.0,8162.0,1,0
21042,27993.0,8162.0,1,0
21043,27994.0,8163.0,1,0
21044,27996.0,8164.0,1,0
21045,27997.0,8165.0,1,0
21046,27999.0,8165.0,1,1
21047,28000.0,8165.0,1,0
21048,28001.0,8165.0,1,0
21049,28002.0,8166.0,1,0
21050,28003.0,8166.0,1,0
21051,28004.0,8166.0,1,0
21052,28006.0,8166.0,1,0
21053,28007.0,8166.0,1,0
21054,28008.0,8166.0,1,0
21055,28011.0,8167.0,1,1
21056,28012.0,8167.0,1,1
21057,28013.0,8167.0,1,0
21058,28014.0,8167.0,1,1
21059,28015.0,8167.0,1,0
21060,28016.0,8167.0,1,0
21061,28017.0,8167.0,1,0
21062,28018.0,8168.0,1,0
21063,28019.0,8169.0,1,0
21064,28020.0,8169.0,1,0
21065,28021.0,8170.0,1,1
21066,28022.0,8170.0,1,0
21067,28023.0,8170.0,1,0
21068,28027.0,8171.0,1,1
21069,28028.0,8171.0,1,0
21070,28029.0,8171.0,1,0
21071,28031.0,8172.0,1,0
21072,28032.0,8172.0,1,0
21073,28033.0,8172.0,1,1
21074,28037.0,8173.0,1,1
21075,28039.0,8173.0,1,0
21076,28040.0,8173.0,1,0
21077,28041.0,8173.0,1,1
21078,28043.0,8174.0,1,0
21079,28046.0,8175.0,1,0
21080,28048.0,8175.0,1,0
21081,28049.0,8176.0,1,0
21082,28050.0,8177.0,1,0
21083,28051.0,8177.0,1,0
21084,28054.0,8177.0,1,0
21085,28056.0,8177.0,1,1
21086,28057.0,8177.0,1,0
21087,28058.0,8177.0,1,1
21088,28059.0,8178.0,1,1
21089,28060.0,8178.0,1,0
21090,28062.0,8179.0,1,0
21091,28063.0,8179.0,1,0
21092,28064.0,8179.0,1,0
21093,28068.0,8179.0,1,0
21094,28071.0,8180.0,1,0
21095,28072.0,8180.0,1,0
21096,28073.0,8180.0,1,0
21097,28075.0,8181.0,1,0
21098,28076.0,8181.0,1,0
21099,28078.0,8182.0,1,0
21100,28079.0,8182.0,1,0
21101,28080.0,8182.0,1,0
21102,28082.0,8183.0,1,1
21103,28083.0,8183.0,1,0
21104,28084.0,8183.0,1,0
21105,28087.0,8185.0,1,1
21106,28088.0,8185.0,1,0
21107,28089.0,8185.0,1,0
21108,28091.0,8186.0,1,0
21109,28092.0,8186.0,1,1
21110,28093.0,8186.0,1,1
21111,28094.0,8186.0,1,0
21112,28095.0,8187.0,1,0
21113,28096.0,8187.0,1,0
21114,28097.0,8188.0,1,1
21115,28099.0,8189.0,1,1
21116,28100.0,8190.0,1,0
21117,28101.0,8190.0,1,1
21118,28102.0,8190.0,1,0
21119,28104.0,8190.0,1,0
21120,28106.0,8191.0,1,0
21121,28107.0,8191.0,1,1
21122,28108.0,8191.0,1,0
21123,28110.0,8192.0,1,0
21124,28111.0,8192.0,1,1
21125,28112.0,8192.0,1,1
21126,28114.0,8192.0,1,0
21127,28115.0,8193.0,1,0
21128,28116.0,8193.0,1,0
21129,28117.0,8194.0,1,0
21130,28118.0,8194.0,1,1
21131,28119.0,8194.0,1,0
21132,28120.0,8194.0,1,0
21133,28121.0,8195.0,1,0
21134,28124.0,8195.0,1,1
21135,28125.0,8196.0,1,1
21136,28128.0,8199.0,1,1
21137,28129.0,8199.0,1,1
21138,28130.0,8199.0,1,0
21139,28131.0,8199.0,1,0
21140,28132.0,8200.0,1,1
21141,28133.0,8200.0,1,1
21142,28135.0,8200.0,1,0
21143,28136.0,8200.0,1,1
21144,28137.0,8201.0,1,0
21145,28139.0,8202.0,1,1
21146,28140.0,8203.0,1,0
21147,28141.0,8203.0,1,1
21148,28142.0,8203.0,1,0
21149,28143.0,8204.0,1,0
21150,28144.0,8204.0,1,0
21151,28145.0,8204.0,1,0
21152,28146.0,8204.0,1,0
21153,28148.0,8205.0,1,1
21154,28149.0,8205.0,1,0
21155,28152.0,8206.0,1,1
21156,28153.0,8206.0,1,0
21157,28154.0,8206.0,1,1
21158,28155.0,8206.0,1,0
21159,28156.0,8207.0,1,0
21160,28157.0,8207.0,1,1
21161,28158.0,8207.0,1,0
21162,28159.0,8207.0,1,0
21163,28162.0,8208.0,1,0
21164,28163.0,8208.0,1,1
21165,28164.0,8208.0,1,1
21166,28166.0,8208.0,1,0
21167,28167.0,8209.0,1,0
21168,28168.0,8210.0,1,0
21169,28169.0,8210.0,1,0
21170,28170.0,8210.0,1,1
21171,28171.0,8210.0,1,0
21172,28173.0,8211.0,1,0
21173,28174.0,8212.0,1,0
21174,28176.0,8212.0,1,1
21175,28177.0,8212.0,1,1
21176,28179.0,8213.0,1,1
21177,28181.0,8213.0,1,0
21178,28182.0,8214.0,1,0
21179,28184.0,8214.0,1,1
21180,28185.0,8214.0,1,0
21181,28186.0,8215.0,1,1
21182,28190.0,8216.0,1,0
21183,28192.0,8216.0,1,1
21184,28194.0,8216.0,1,0
21185,28196.0,8218.0,1,0
21186,28197.0,8218.0,1,0
21187,28198.0,8218.0,1,0
21188,28199.0,8218.0,1,0
21189,28200.0,8218.0,1,0
21190,28201.0,8219.0,1,1
21191,28202.0,8219.0,1,0
21192,28203.0,8220.0,1,0
21193,28204.0,8220.0,1,0
21194,28205.0,8220.0,1,1
21195,28206.0,8220.0,1,1
21196,28208.0,8220.0,1,0
21197,28209.0,8220.0,1,0
21198,28210.0,8221.0,1,0
21199,28211.0,8222.0,1,0
21200,28212.0,8222.0,1,0
21201,28213.0,8222.0,1,1
21202,28214.0,8222.0,1,0
21203,28215.0,8222.0,1,0
21204,28217.0,8222.0,1,1
21205,28218.0,8223.0,1,0
21206,28220.0,8223.0,1,0
21207,28221.0,8224.0,1,0
21208,28222.0,8224.0,1,1
21209,28223.0,8225.0,1,0
21210,28225.0,8225.0,1,1
21211,28226.0,8225.0,1,1
21212,28227.0,8226.0,1,0
21213,28228.0,8227.0,1,0
21214,28229.0,8227.0,1,0
21215,28230.0,8228.0,1,0
21216,28231.0,8228.0,1,0
21217,28232.0,8228.0,1,0
21218,28233.0,8228.0,1,0
21219,28234.0,8228.0,1,0
21220,28236.0,8229.0,1,0
21221,28237.0,8229.0,1,1
21222,28238.0,8230.0,1,0
21223,28240.0,8230.0,1,0
21224,28241.0,8230.0,1,1
21225,28242.0,8231.0,1,0
21226,28243.0,8232.0,1,0
21227,28244.0,8232.0,1,0
21228,28245.0,8232.0,1,0
21229,28246.0,8232.0,1,0
21230,28247.0,8232.0,1,1
21231,28248.0,8232.0,1,0
21232,28249.0,8233.0,1,0
21233,28250.0,8233.0,1,0
21234,28251.0,8233.0,1,1
21235,28252.0,8233.0,1,0
21236,28254.0,8234.0,1,1
21237,28255.0,8234.0,1,1
21238,28256.0,8235.0,1,0
21239,28257.0,8236.0,1,1
21240,28258.0,8236.0,1,0
21241,28259.0,8236.0,1,0
21242,28260.0,8236.0,1,0
21243,28261.0,8237.0,1,0
21244,28262.0,8237.0,1,0
21245,28263.0,8237.0,1,0
21246,28264.0,8237.0,1,0
21247,28266.0,8238.0,1,1
21248,28267.0,8239.0,1,1
21249,28268.0,8240.0,1,1
21250,28269.0,8240.0,1,0
21251,28271.0,8240.0,1,1
21252,28272.0,8240.0,1,0
21253,28273.0,8240.0,1,1
21254,28274.0,8240.0,1,0
21255,28275.0,8240.0,1,1
21256,28276.0,8241.0,1,1
21257,28278.0,8241.0,1,1
21258,28279.0,8241.0,1,0
21259,28280.0,8241.0,1,0
21260,28281.0,8242.0,1,0
21261,28282.0,8242.0,1,0
21262,28284.0,8242.0,1,1
21263,28286.0,8243.0,1,1
21264,28288.0,8244.0,1,0
21265,28289.0,8244.0,1,0
21266,28290.0,8244.0,1,1
21267,28293.0,8244.0,1,1
21268,28296.0,8245.0,1,1
21269,28297.0,8246.0,1,0
21270,28298.0,8246.0,1,0
21271,28299.0,8247.0,1,1
21272,28300.0,8248.0,1,1
21273,28301.0,8248.0,1,0
21274,28302.0,8248.0,1,0
21275,28304.0,8248.0,1,0
21276,28305.0,8248.0,1,0
21277,28306.0,8249.0,1,0
21278,28307.0,8250.0,1,1
21279,28309.0,8250.0,1,1
21280,28310.0,8250.0,1,0
21281,28311.0,8250.0,1,0
21282,28312.0,8251.0,1,1
21283,28313.0,8251.0,1,1
21284,28314.0,8251.0,1,0
21285,28315.0,8252.0,1,0
21286,28316.0,8252.0,1,1
21287,28317.0,8252.0,1,1
21288,28318.0,8252.0,1,1
21289,28321.0,8253.0,1,1
21290,28322.0,8253.0,1,1
21291,28323.0,8253.0,1,1
21292,28326.0,8253.0,1,0
21293,28327.0,8253.0,1,1
21294,28328.0,8254.0,1,0
21295,28329.0,8254.0,1,0
21296,28330.0,8256.0,1,0
21297,28332.0,8256.0,1,0
21298,28333.0,8256.0,1,0
21299,28334.0,8256.0,1,0
21300,28336.0,8256.0,1,0
21301,28338.0,8257.0,1,1
21302,28339.0,8257.0,1,1
21303,28341.0,8258.0,1,0
21304,28344.0,8259.0,1,0
21305,28345.0,8260.0,1,1
21306,28347.0,8261.0,1,0
21307,28349.0,8261.0,1,1
21308,28350.0,8261.0,1,0
21309,28351.0,8261.0,1,0
21310,28352.0,8261.0,1,1
21311,28353.0,8261.0,1,1
21312,28354.0,8262.0,1,0
21313,28355.0,8262.0,1,1
21314,28356.0,8262.0,1,0
21315,28357.0,8262.0,1,1
21316,28358.0,8262.0,1,1
21317,28361.0,8263.0,1,0
21318,28364.0,8263.0,1,1
21319,28365.0,8263.0,1,0
21320,28366.0,8263.0,1,0
21321,28367.0,8263.0,1,0
21322,28369.0,8264.0,1,1
21323,28370.0,8264.0,1,0
21324,28372.0,8265.0,1,0
21325,28373.0,8265.0,1,0
21326,28374.0,8265.0,1,0
21327,28376.0,8266.0,1,1
21328,28377.0,8266.0,1,0
21329,28378.0,8267.0,1,0
21330,28379.0,8267.0,1,0
21331,28383.0,8269.0,1,0
21332,28384.0,8269.0,1,1
21333,28385.0,8269.0,1,0
21334,28386.0,8269.0,1,0
21335,28390.0,8270.0,1,0
21336,28391.0,8270.0,1,0
21337,28392.0,8270.0,1,0
21338,28393.0,8271.0,1,0
21339,28394.0,8271.0,1,0
21340,28395.0,8271.0,1,0
21341,28396.0,8271.0,1,0
21342,28397.0,8271.0,1,0
21343,28398.0,8271.0,1,0
21344,28399.0,8271.0,1,1
21345,28400.0,8272.0,1,0
21346,28401.0,8272.0,1,0
21347,28402.0,8273.0,1,0
21348,28403.0,8273.0,1,1
21349,28404.0,8273.0,1,0
21350,28405.0,8273.0,1,0
21351,28406.0,8273.0,1,0
21352,28407.0,8273.0,1,1
21353,28408.0,8274.0,1,0
21354,28409.0,8275.0,1,1
21355,28410.0,8276.0,1,0
21356,28411.0,8276.0,1,1
21357,28412.0,8276.0,1,0
21358,28413.0,8276.0,1,0
21359,28414.0,8276.0,1,0
21360,28416.0,8276.0,1,1
21361,28417.0,8276.0,1,0
21362,28418.0,8277.0,1,1
21363,28419.0,8277.0,1,0
21364,28420.0,8277.0,1,1
21365,28421.0,8278.0,1,1
21366,28422.0,8278.0,1,0
21367,28423.0,8279.0,1,0
21368,28424.0,8279.0,1,1
21369,28425.0,8279.0,1,1
21370,28426.0,8279.0,1,1
21371,28427.0,8279.0,1,0
21372,28429.0,8279.0,1,0
21373,28431.0,8280.0,1,0
21374,28432.0,8281.0,1,0
21375,28434.0,8281.0,1,0
21376,28435.0,8281.0,1,1
21377,28436.0,8281.0,1,0
21378,28437.0,8281.0,1,0
21379,28438.0,8281.0,1,0
21380,28439.0,8282.0,1,0
21381,28441.0,8282.0,1,1
21382,28442.0,8283.0,1,1
21383,28443.0,8283.0,1,0
21384,28444.0,8283.0,1,0
21385,28445.0,8283.0,1,0
21386,28446.0,8283.0,1,0
21387,28451.0,8284.0,1,0
21388,28452.0,8284.0,1,0
21389,28453.0,8285.0,1,0
21390,28455.0,8287.0,1,1
21391,28456.0,8287.0,1,0
21392,28457.0,8287.0,1,0
21393,28458.0,8288.0,1,0
21394,28460.0,8288.0,1,1
21395,28461.0,8289.0,1,1
21396,28462.0,8289.0,1,0
21397,28463.0,8289.0,1,1
21398,28464.0,8290.0,1,1
21399,28466.0,8290.0,1,0
21400,28467.0,8290.0,1,0
21401,28468.0,8290.0,1,1
21402,28469.0,8290.0,1,1
21403,28471.0,8291.0,1,1
21404,28472.0,8291.0,1,0
21405,28473.0,8292.0,1,0
21406,28474.0,8292.0,1,0
21407,28475.0,8292.0,1,1
21408,28476.0,8292.0,1,0
21409,28479.0,8293.0,1,0
21410,28480.0,8293.0,1,0
21411,28481.0,8293.0,1,1
21412,28484.0,8295.0,1,0
21413,28485.0,8296.0,1,1
21414,28487.0,8296.0,1,0
21415,28488.0,8296.0,1,1
21416,28489.0,8297.0,1,0
21417,28490.0,8297.0,1,0
21418,28491.0,8297.0,1,0
21419,28492.0,8297.0,1,1
21420,28493.0,8297.0,1,1
21421,28494.0,8298.0,1,1
21422,28495.0,8299.0,1,0
21423,28496.0,8299.0,1,0
21424,28497.0,8299.0,1,0
21425,28498.0,8299.0,1,0
21426,28499.0,8300.0,1,0
21427,28500.0,8300.0,1,0
21428,28503.0,8301.0,1,0
21429,28505.0,8301.0,1,0
21430,28506.0,8302.0,1,0
21431,28508.0,8303.0,1,1
21432,28510.0,8303.0,1,0
21433,28512.0,8303.0,1,0
21434,28513.0,8304.0,1,0
21435,28517.0,8305.0,1,1
21436,28518.0,8305.0,1,0
21437,28519.0,8305.0,1,0
21438,28520.0,8305.0,1,0
21439,28522.0,8306.0,1,0
21440,28523.0,8306.0,1,0
21441,28524.0,8306.0,1,0
21442,28526.0,8307.0,1,0
21443,28528.0,8308.0,1,1
21444,28529.0,8309.0,1,0
21445,28530.0,8310.0,1,0
21446,28531.0,8310.0,1,0
21447,28533.0,8310.0,1,0
21448,28536.0,8312.0,1,0
21449,28538.0,8312.0,1,1
21450,28540.0,8312.0,1,1
21451,28542.0,8312.0,1,0
21452,28543.0,8313.0,1,1
21453,28545.0,8313.0,1,0
21454,28546.0,8313.0,1,1
21455,28548.0,8313.0,1,1
21456,28549.0,8314.0,1,0
21457,28550.0,8315.0,1,1
21458,28551.0,8317.0,1,1
21459,28552.0,8317.0,1,0
21460,28553.0,8318.0,1,0
21461,28554.0,8318.0,1,1
21462,28556.0,8318.0,1,0
21463,28558.0,8320.0,1,0
21464,28559.0,8320.0,1,0
21465,28561.0,8320.0,1,1
21466,28562.0,8321.0,1,0
21467,28563.0,8321.0,1,1
21468,28564.0,8322.0,1,1
21469,28568.0,8324.0,1,0
21470,28571.0,8324.0,1,1
21471,28572.0,8325.0,1,0
21472,28573.0,8326.0,1,0
21473,28574.0,8326.0,1,0
21474,28576.0,8327.0,1,1
21475,28577.0,8327.0,1,0
21476,28578.0,8328.0,1,0
21477,28579.0,8328.0,1,0
21478,28581.0,8328.0,1,1
21479,28582.0,8328.0,1,0
21480,28583.0,8328.0,1,0
21481,28585.0,8329.0,1,0
21482,28586.0,8330.0,1,1
21483,28587.0,8331.0,1,0
21484,28588.0,8332.0,1,0
21485,28589.0,8333.0,1,1
21486,28590.0,8333.0,1,1
21487,28591.0,8335.0,1,0
21488,28592.0,8335.0,1,1
21489,28594.0,8337.0,1,0
21490,28595.0,8338.0,1,0
21491,28596.0,8338.0,1,0
21492,28597.0,8338.0,1,0
21493,28598.0,8338.0,1,1
21494,28599.0,8338.0,1,0
21495,28600.0,8340.0,1,1
21496,28601.0,8341.0,1,0
21497,28602.0,8342.0,1,0
21498,28603.0,8342.0,1,0
21499,28604.0,8342.0,1,0
21500,28605.0,8343.0,1,0
21501,28607.0,8344.0,1,0
21502,28608.0,8344.0,1,1
21503,28609.0,8344.0,1,1
21504,28610.0,8344.0,1,0
21505,28611.0,8344.0,1,0
21506,28612.0,8345.0,1,0
21507,28613.0,8345.0,1,0
21508,28615.0,8345.0,1,1
21509,28616.0,8345.0,1,0
21510,28617.0,8345.0,1,1
21511,28618.0,8345.0,1,1
21512,28619.0,8345.0,1,0
21513,28620.0,8346.0,1,1
21514,28621.0,8346.0,1,0
21515,28624.0,8348.0,1,1
21516,28625.0,8348.0,1,0
21517,28627.0,8348.0,1,0
21518,28628.0,8348.0,1,1
21519,28629.0,8348.0,1,0
21520,28630.0,8348.0,1,0
21521,28632.0,8349.0,1,0
21522,28633.0,8349.0,1,1
21523,28636.0,8349.0,1,0
21524,28637.0,8350.0,1,0
21525,28639.0,8351.0,1,0
21526,28641.0,8352.0,1,1
21527,28642.0,8352.0,1,1
21528,28643.0,8353.0,1,1
21529,28644.0,8353.0,1,0
21530,28646.0,8354.0,1,1
21531,28647.0,8354.0,1,0
21532,28649.0,8355.0,1,1
21533,28650.0,8355.0,1,0
21534,28651.0,8355.0,1,1
21535,28652.0,8355.0,1,0
21536,28653.0,8355.0,1,0
21537,28654.0,8356.0,1,1
21538,28655.0,8357.0,1,1
21539,28656.0,8357.0,1,0
21540,28657.0,8357.0,1,0
21541,28659.0,8357.0,1,1
21542,28660.0,8357.0,1,0
21543,28663.0,8358.0,1,0
21544,28664.0,8358.0,1,0
21545,28665.0,8358.0,1,1
21546,28666.0,8358.0,1,0
21547,28667.0,8358.0,1,0
21548,28668.0,8359.0,1,0
21549,28670.0,8360.0,1,0
21550,28671.0,8360.0,1,0
21551,28672.0,8360.0,1,0
21552,28673.0,8361.0,1,0
21553,28674.0,8361.0,1,1
21554,28675.0,8361.0,1,0
21555,28676.0,8362.0,1,0
21556,28677.0,8362.0,1,0
21557,28680.0,8363.0,1,1
21558,28681.0,8363.0,1,0
21559,28682.0,8363.0,1,0
21560,28684.0,8363.0,1,0
21561,28685.0,8364.0,1,1
21562,28688.0,8365.0,1,1
21563,28690.0,8367.0,1,0
21564,28691.0,8367.0,1,0
21565,28692.0,8367.0,1,1
21566,28693.0,8367.0,1,1
21567,28696.0,8368.0,1,0
21568,28700.0,8369.0,1,0
21569,28701.0,8370.0,1,1
21570,28702.0,8370.0,1,0
21571,28704.0,8370.0,1,0
21572,28705.0,8370.0,1,0
21573,28708.0,8371.0,1,0
21574,28709.0,8371.0,1,0
21575,28710.0,8372.0,1,1
21576,28711.0,8373.0,1,1
21577,28712.0,8373.0,1,1
21578,28713.0,8373.0,1,0
21579,28714.0,8374.0,1,0
21580,28715.0,8375.0,1,1
21581,28716.0,8375.0,1,0
21582,28717.0,8376.0,1,0
21583,28718.0,8376.0,1,0
21584,28719.0,8376.0,1,0
21585,28720.0,8376.0,1,0
21586,28721.0,8377.0,1,0
21587,28722.0,8377.0,1,1
21588,28724.0,8377.0,1,0
21589,28725.0,8378.0,1,1
21590,28726.0,8378.0,1,0
21591,28729.0,8378.0,1,0
21592,28730.0,8378.0,1,0
21593,28731.0,8378.0,1,0
21594,28733.0,8378.0,1,1
21595,28734.0,8379.0,1,0
21596,28738.0,8379.0,1,1
21597,28740.0,8379.0,1,0
21598,28741.0,8380.0,1,1
21599,28742.0,8380.0,1,0
21600,28743.0,8380.0,1,0
21601,28745.0,8380.0,1,1
21602,28746.0,8380.0,1,0
21603,28747.0,8380.0,1,1
21604,28749.0,8381.0,1,0
21605,28750.0,8381.0,1,0
21606,28751.0,8381.0,1,1
21607,28754.0,8381.0,1,1
21608,28755.0,8382.0,1,0
21609,28756.0,8382.0,1,0
21610,28757.0,8382.0,1,0
21611,28758.0,8384.0,1,0
21612,28760.0,8385.0,1,0
21613,28762.0,8385.0,1,0
21614,28763.0,8385.0,1,0
21615,28764.0,8385.0,1,0
21616,28765.0,8386.0,1,0
21617,28766.0,8386.0,1,1
21618,28767.0,8387.0,1,1
21619,28770.0,8388.0,1,1
21620,28771.0,8388.0,1,1
21621,28774.0,8389.0,1,0
21622,28775.0,8390.0,1,1
21623,28776.0,8391.0,1,0
21624,28777.0,8391.0,1,1
21625,28779.0,8391.0,1,0
21626,28781.0,8391.0,1,0
21627,28782.0,8392.0,1,1
21628,28783.0,8392.0,1,0
21629,28785.0,8392.0,1,0
21630,28787.0,8392.0,1,1
21631,28788.0,8392.0,1,0
21632,28789.0,8393.0,1,0
21633,28790.0,8393.0,1,0
21634,28791.0,8393.0,1,0
21635,28792.0,8393.0,1,1
21636,28793.0,8393.0,1,0
21637,28794.0,8394.0,1,0
21638,28795.0,8394.0,1,0
21639,28796.0,8394.0,1,0
21640,28798.0,8394.0,1,0
21641,28799.0,8394.0,1,1
21642,28800.0,8395.0,1,0
21643,28801.0,8395.0,1,0
21644,28802.0,8395.0,1,0
21645,28803.0,8395.0,1,0
21646,28804.0,8396.0,1,0
21647,28805.0,8396.0,1,0
21648,28806.0,8397.0,1,1
21649,28807.0,8397.0,1,0
21650,28809.0,8397.0,1,0
21651,28810.0,8398.0,1,1
21652,28813.0,8400.0,1,1
21653,28814.0,8400.0,1,1
21654,28815.0,8400.0,1,0
21655,28817.0,8401.0,1,1
21656,28818.0,8401.0,1,0
21657,28819.0,8401.0,1,0
21658,28820.0,8401.0,1,0
21659,28822.0,8401.0,1,1
21660,28823.0,8402.0,1,1
21661,28824.0,8402.0,1,0
21662,28826.0,8402.0,1,1
21663,28827.0,8403.0,1,1
21664,28828.0,8403.0,1,0
21665,28830.0,8403.0,1,0
21666,28831.0,8404.0,1,0
21667,28833.0,8405.0,1,1
21668,28834.0,8405.0,1,1
21669,28835.0,8406.0,1,0
21670,28837.0,8406.0,1,0
21671,28839.0,8407.0,1,0
21672,28840.0,8407.0,1,0
21673,28841.0,8407.0,1,1
21674,28844.0,8407.0,1,0
21675,28845.0,8407.0,1,0
21676,28847.0,8408.0,1,1
21677,28848.0,8408.0,1,0
21678,28849.0,8409.0,1,1
21679,28850.0,8409.0,1,1
21680,28851.0,8410.0,1,1
21681,28852.0,8410.0,1,0
21682,28853.0,8411.0,1,0
21683,28854.0,8411.0,1,1
21684,28855.0,8411.0,1,1
21685,28856.0,8412.0,1,0
21686,28857.0,8413.0,1,0
21687,28859.0,8414.0,1,0
21688,28860.0,8414.0,1,1
21689,28861.0,8415.0,1,0
21690,28864.0,8415.0,1,0
21691,28865.0,8415.0,1,0
21692,28866.0,8415.0,1,1
21693,28867.0,8415.0,1,0
21694,28868.0,8415.0,1,0
21695,28869.0,8415.0,1,0
21696,28870.0,8415.0,1,0
21697,28871.0,8415.0,1,0
21698,28872.0,8415.0,1,0
21699,28873.0,8415.0,1,0
21700,28874.0,8415.0,1,1
21701,28875.0,8416.0,1,0
21702,28878.0,8417.0,1,0
21703,28879.0,8419.0,1,1
21704,28880.0,8419.0,1,1
21705,28881.0,8419.0,1,0
21706,28882.0,8419.0,1,0
21707,28883.0,8420.0,1,1
21708,28884.0,8420.0,1,0
21709,28885.0,8420.0,1,0
21710,28886.0,8420.0,1,0
21711,28887.0,8420.0,1,0
21712,28888.0,8421.0,1,0
21713,28889.0,8421.0,1,1
21714,28890.0,8421.0,1,0
21715,28891.0,8422.0,1,0
21716,28894.0,8422.0,1,1
21717,28896.0,8423.0,1,1
21718,28897.0,8423.0,1,0
21719,28899.0,8424.0,1,1
21720,28900.0,8424.0,1,1
21721,28901.0,8424.0,1,0
21722,28902.0,8424.0,1,1
21723,28903.0,8424.0,1,0
21724,28907.0,8426.0,1,0
21725,28909.0,8426.0,1,0
21726,28910.0,8427.0,1,0
21727,28912.0,8427.0,1,0
21728,28913.0,8427.0,1,0
21729,28915.0,8427.0,1,1
21730,28916.0,8428.0,1,0
21731,28917.0,8428.0,1,1
21732,28918.0,8428.0,1,1
21733,28919.0,8430.0,1,0
21734,28921.0,8430.0,1,0
21735,28923.0,8431.0,1,0
21736,28924.0,8432.0,1,0
21737,28925.0,8432.0,1,0
21738,28926.0,8432.0,1,0
21739,28928.0,8433.0,1,1
21740,28929.0,8433.0,1,1
21741,28931.0,8433.0,1,0
21742,28932.0,8434.0,1,0
21743,28933.0,8435.0,1,0
21744,28934.0,8435.0,1,0
21745,28935.0,8435.0,1,0
21746,28936.0,8436.0,1,0
21747,28937.0,8436.0,1,0
21748,28938.0,8436.0,1,1
21749,28940.0,8437.0,1,0
21750,28941.0,8437.0,1,0
21751,28942.0,8437.0,1,0
21752,28943.0,8437.0,1,0
21753,28945.0,8438.0,1,0
21754,28947.0,8438.0,1,0
21755,28948.0,8439.0,1,0
21756,28949.0,8439.0,1,0
21757,28950.0,8439.0,1,0
21758,28951.0,8440.0,1,0
21759,28953.0,8441.0,1,1
21760,28954.0,8441.0,1,0
21761,28956.0,8442.0,1,0
21762,28958.0,8443.0,1,0
21763,28959.0,8443.0,1,0
21764,28960.0,8443.0,1,0
21765,28962.0,8443.0,1,1
21766,28963.0,8444.0,1,1
21767,28964.0,8444.0,1,0
21768,28965.0,8444.0,1,0
21769,28966.0,8444.0,1,0
21770,28967.0,8444.0,1,0
21771,28968.0,8446.0,1,0
21772,28969.0,8446.0,1,1
21773,28970.0,8446.0,1,0
21774,28973.0,8446.0,1,1
21775,28976.0,8447.0,1,1
21776,28977.0,8447.0,1,0
21777,28978.0,8447.0,1,0
21778,28979.0,8447.0,1,0
21779,28980.0,8447.0,1,0
21780,28981.0,8448.0,1,0
21781,28982.0,8448.0,1,0
21782,28985.0,8448.0,1,1
21783,28986.0,8448.0,1,0
21784,28987.0,8449.0,1,1
21785,28989.0,8449.0,1,0
21786,28990.0,8450.0,1,0
21787,28991.0,8450.0,1,0
21788,28992.0,8450.0,1,1
21789,28993.0,8450.0,1,0
21790,28994.0,8450.0,1,0
21791,28996.0,8451.0,1,0
21792,28997.0,8451.0,1,0
21793,28998.0,8452.0,1,0
21794,29001.0,8452.0,1,0
21795,29002.0,8452.0,1,1
21796,29004.0,8454.0,1,0
21797,29006.0,8455.0,1,1
21798,29007.0,8456.0,1,0
21799,29008.0,8456.0,1,1
21800,29011.0,8456.0,1,1
21801,29012.0,8457.0,1,0
21802,29014.0,8458.0,1,0
21803,29015.0,8458.0,1,0
21804,29016.0,8458.0,1,0
21805,29017.0,8458.0,1,0
21806,29019.0,8460.0,1,0
21807,29020.0,8460.0,1,0
21808,29023.0,8460.0,1,1
21809,29025.0,8460.0,1,1
21810,29026.0,8461.0,1,0
21811,29028.0,8462.0,1,1
21812,29029.0,8462.0,1,0
21813,29030.0,8462.0,1,1
21814,29031.0,8462.0,1,0
21815,29032.0,8462.0,1,0
21816,29035.0,8463.0,1,0
21817,29036.0,8463.0,1,0
21818,29037.0,8463.0,1,0
21819,29038.0,8463.0,1,0
21820,29039.0,8463.0,1,0
21821,29040.0,8465.0,1,0
21822,29041.0,8465.0,1,1
21823,29042.0,8465.0,1,0
21824,29046.0,8468.0,1,1
21825,29047.0,8468.0,1,0
21826,29048.0,8468.0,1,1
21827,29049.0,8468.0,1,1
21828,29050.0,8469.0,1,0
21829,29051.0,8470.0,1,0
21830,29052.0,8470.0,1,0
21831,29053.0,8470.0,1,0
21832,29054.0,8470.0,1,0
21833,29055.0,8471.0,1,1
21834,29056.0,8472.0,1,0
21835,29057.0,8472.0,1,1
21836,29058.0,8473.0,1,0
21837,29059.0,8473.0,1,1
21838,29060.0,8473.0,1,0
21839,29061.0,8473.0,1,0
21840,29063.0,8475.0,1,1
21841,29064.0,8475.0,1,1
21842,29067.0,8477.0,1,0
21843,29068.0,8477.0,1,1
21844,29069.0,8477.0,1,0
21845,29070.0,8477.0,1,0
21846,29071.0,8477.0,1,0
21847,29073.0,8478.0,1,1
21848,29075.0,8480.0,1,0
21849,29076.0,8480.0,1,0
21850,29077.0,8480.0,1,1
21851,29078.0,8480.0,1,1
21852,29079.0,8480.0,1,0
21853,29080.0,8481.0,1,0
21854,29081.0,8481.0,1,0
21855,29082.0,8481.0,1,1
21856,29083.0,8481.0,1,1
21857,29084.0,8481.0,1,1
21858,29085.0,8481.0,1,0
21859,29086.0,8481.0,1,0
21860,29087.0,8482.0,1,1
21861,29088.0,8482.0,1,0
21862,29089.0,8482.0,1,1
21863,29090.0,8482.0,1,0
21864,29091.0,8482.0,1,0
21865,29092.0,8482.0,1,0
21866,29093.0,8482.0,1,1
21867,29094.0,8482.0,1,1
21868,29095.0,8482.0,1,0
21869,29096.0,8482.0,1,0
21870,29098.0,8483.0,1,1
21871,29099.0,8484.0,1,1
21872,29100.0,8484.0,1,1
21873,29102.0,8485.0,1,1
21874,29103.0,8485.0,1,1
21875,29104.0,8485.0,1,0
21876,29105.0,8486.0,1,0
21877,29108.0,8486.0,1,0
21878,29109.0,8486.0,1,1
21879,29110.0,8486.0,1,1
21880,29111.0,8487.0,1,1
21881,29112.0,8487.0,1,0
21882,29114.0,8488.0,1,0
21883,29115.0,8489.0,1,1
21884,29117.0,8490.0,1,1
21885,29118.0,8490.0,1,1
21886,29119.0,8491.0,1,1
21887,29120.0,8491.0,1,1
21888,29121.0,8491.0,1,1
21889,29123.0,8492.0,1,0
21890,29124.0,8492.0,1,0
21891,29126.0,8492.0,1,1
21892,29127.0,8493.0,1,0
21893,29130.0,8495.0,1,0
21894,29131.0,8495.0,1,0
21895,29132.0,8496.0,1,0
21896,29133.0,8496.0,1,0
21897,29134.0,8496.0,1,1
21898,29135.0,8496.0,1,1
21899,29136.0,8496.0,1,1
21900,29137.0,8497.0,1,0
21901,29139.0,8499.0,1,0
21902,29140.0,8499.0,1,1
21903,29141.0,8499.0,1,0
21904,29142.0,8499.0,1,1
21905,29144.0,8500.0,1,0
21906,29148.0,8502.0,1,0
21907,29149.0,8502.0,1,1
21908,29151.0,8502.0,1,0
21909,29154.0,8502.0,1,1
21910,29155.0,8503.0,1,0
21911,29156.0,8503.0,1,0
21912,29158.0,8504.0,1,1
21913,29160.0,8505.0,1,0
21914,29163.0,8505.0,1,1
21915,29164.0,8506.0,1,0
21916,29166.0,8506.0,1,0
21917,29168.0,8508.0,1,0
21918,29169.0,8508.0,1,0
21919,29171.0,8508.0,1,0
21920,29172.0,8508.0,1,0
21921,29174.0,8510.0,1,0
21922,29175.0,8510.0,1,1
21923,29176.0,8511.0,1,0
21924,29178.0,8513.0,1,0
21925,29179.0,8513.0,1,1
21926,29181.0,8514.0,1,0
21927,29182.0,8514.0,1,1
21928,29183.0,8514.0,1,1
21929,29184.0,8514.0,1,0
21930,29185.0,8514.0,1,0
21931,29186.0,8514.0,1,0
21932,29187.0,8514.0,1,0
21933,29189.0,8515.0,1,0
21934,29190.0,8515.0,1,0
21935,29191.0,8515.0,1,1
21936,29192.0,8516.0,1,0
21937,29193.0,8516.0,1,0
21938,29194.0,8516.0,1,0
21939,29195.0,8516.0,1,0
21940,29197.0,8516.0,1,0
21941,29198.0,8517.0,1,1
21942,29199.0,8517.0,1,0
21943,29200.0,8517.0,1,0
21944,29201.0,8517.0,1,0
21945,29202.0,8517.0,1,0
21946,29204.0,8517.0,1,0
21947,29205.0,8518.0,1,0
21948,29206.0,8518.0,1,0
21949,29208.0,8518.0,1,1
21950,29210.0,8518.0,1,0
21951,29211.0,8519.0,1,1
21952,29212.0,8519.0,1,0
21953,29214.0,8519.0,1,1
21954,29216.0,8520.0,1,0
21955,29217.0,8520.0,1,1
21956,29218.0,8521.0,1,1
21957,29219.0,8521.0,1,0
21958,29221.0,8521.0,1,0
21959,29223.0,8521.0,1,1
21960,29224.0,8521.0,1,0
21961,29225.0,8521.0,1,0
21962,29226.0,8521.0,1,1
21963,29227.0,8521.0,1,0
21964,29230.0,8522.0,1,0
21965,29231.0,8522.0,1,1
21966,29232.0,8522.0,1,0
21967,29234.0,8523.0,1,0
21968,29235.0,8523.0,1,1
21969,29236.0,8523.0,1,0
21970,29237.0,8523.0,1,0
21971,29239.0,8523.0,1,0
21972,29241.0,8524.0,1,0
21973,29243.0,8524.0,1,0
21974,29246.0,8526.0,1,0
21975,29247.0,8526.0,1,0
21976,29248.0,8527.0,1,1
21977,29249.0,8527.0,1,1
21978,29250.0,8528.0,1,1
21979,29251.0,8528.0,1,0
21980,29252.0,8528.0,1,0
21981,29256.0,8530.0,1,1
21982,29257.0,8531.0,1,0
21983,29259.0,8531.0,1,1
21984,29263.0,8531.0,1,0
21985,29264.0,8531.0,1,0
21986,29265.0,8531.0,1,0
21987,29266.0,8532.0,1,0
21988,29268.0,8533.0,1,1
21989,29269.0,8533.0,1,1
21990,29273.0,8534.0,1,0
21991,29274.0,8534.0,1,0
21992,29276.0,8535.0,1,0
21993,29277.0,8535.0,1,0
21994,29279.0,8536.0,1,0
21995,29280.0,8536.0,1,1
21996,29281.0,8537.0,1,0
21997,29282.0,8537.0,1,0
21998,29283.0,8538.0,1,0
21999,29285.0,8539.0,1,0
22000,29286.0,8539.0,1,0
22001,29287.0,8539.0,1,1
22002,29289.0,8539.0,1,0
22003,29292.0,8540.0,1,0
22004,29293.0,8540.0,1,0
22005,29294.0,8540.0,1,0
22006,29296.0,8541.0,1,1
22007,29297.0,8541.0,1,1
22008,29299.0,8542.0,1,1
22009,29300.0,8542.0,1,0
22010,29301.0,8542.0,1,0
22011,29302.0,8542.0,1,1
22012,29303.0,8542.0,1,0
22013,29304.0,8542.0,1,0
22014,29305.0,8542.0,1,1
22015,29307.0,8543.0,1,0
22016,29308.0,8543.0,1,1
22017,29309.0,8543.0,1,1
22018,29310.0,8544.0,1,0
22019,29312.0,8545.0,1,0
22020,29313.0,8545.0,1,1
22021,29315.0,8545.0,1,0
22022,29318.0,8546.0,1,0
22023,29321.0,8547.0,1,0
22024,29322.0,8548.0,1,0
22025,29323.0,8548.0,1,0
22026,29324.0,8548.0,1,0
22027,29325.0,8549.0,1,0
22028,29326.0,8551.0,1,0
22029,29327.0,8551.0,1,1
22030,29328.0,8551.0,1,1
22031,29329.0,8551.0,1,0
22032,29330.0,8551.0,1,0
22033,29331.0,8551.0,1,0
22034,29332.0,8551.0,1,0
22035,29333.0,8551.0,1,0
22036,29334.0,8552.0,1,0
22037,29335.0,8552.0,1,1
22038,29336.0,8553.0,1,0
22039,29337.0,8553.0,1,0
22040,29339.0,8554.0,1,0
22041,29340.0,8554.0,1,0
22042,29341.0,8554.0,1,0
22043,29342.0,8554.0,1,0
22044,29343.0,8554.0,1,0
22045,29346.0,8555.0,1,0
22046,29347.0,8556.0,1,1
22047,29348.0,8556.0,1,0
22048,29349.0,8556.0,1,1
22049,29351.0,8557.0,1,0
22050,29352.0,8557.0,1,0
22051,29354.0,8557.0,1,0
22052,29355.0,8557.0,1,0
22053,29356.0,8558.0,1,0
22054,29357.0,8558.0,1,0
22055,29359.0,8558.0,1,1
22056,29360.0,8559.0,1,1
22057,29361.0,8561.0,1,0
22058,29362.0,8561.0,1,0
22059,29363.0,8561.0,1,0
22060,29364.0,8561.0,1,0
22061,29365.0,8561.0,1,0
22062,29367.0,8562.0,1,0
22063,29368.0,8562.0,1,1
22064,29369.0,8562.0,1,1
22065,29370.0,8562.0,1,0
22066,29371.0,8562.0,1,0
22067,29372.0,8562.0,1,0
22068,29373.0,8563.0,1,0
22069,29376.0,8564.0,1,0
22070,29377.0,8565.0,1,1
22071,29378.0,8565.0,1,0
22072,29379.0,8565.0,1,0
22073,29380.0,8565.0,1,0
22074,29381.0,8567.0,1,1
22075,29383.0,8568.0,1,1
22076,29385.0,8568.0,1,1
22077,29386.0,8568.0,1,0
22078,29388.0,8569.0,1,1
22079,29390.0,8569.0,1,1
22080,29391.0,8570.0,1,1
22081,29392.0,8570.0,1,0
22082,29393.0,8570.0,1,0
22083,29395.0,8571.0,1,0
22084,29397.0,8571.0,1,0
22085,29398.0,8572.0,1,1
22086,29399.0,8572.0,1,0
22087,29402.0,8572.0,1,0
22088,29403.0,8572.0,1,0
22089,29404.0,8573.0,1,0
22090,29405.0,8573.0,1,0
22091,29408.0,8575.0,1,1
22092,29409.0,8575.0,1,0
22093,29410.0,8576.0,1,0
22094,29412.0,8576.0,1,0
22095,29413.0,8576.0,1,0
22096,29414.0,8576.0,1,1
22097,29415.0,8577.0,1,1
22098,29416.0,8577.0,1,0
22099,29417.0,8577.0,1,1
22100,29420.0,8577.0,1,0
22101,29422.0,8579.0,1,0
22102,29423.0,8581.0,1,0
22103,29424.0,8581.0,1,1
22104,29425.0,8581.0,1,1
22105,29426.0,8581.0,1,0
22106,29427.0,8581.0,1,1
22107,29429.0,8582.0,1,0
22108,29430.0,8582.0,1,1
22109,29431.0,8582.0,1,0
22110,29433.0,8582.0,1,1
22111,29434.0,8583.0,1,0
22112,29436.0,8583.0,1,0
22113,29437.0,8583.0,1,1
22114,29440.0,8583.0,1,0
22115,29441.0,8583.0,1,1
22116,29442.0,8583.0,1,0
22117,29443.0,8584.0,1,0
22118,29444.0,8584.0,1,1
22119,29445.0,8584.0,1,0
22120,29446.0,8584.0,1,0
22121,29447.0,8584.0,1,0
22122,29448.0,8586.0,1,0
22123,29449.0,8587.0,1,0
22124,29451.0,8588.0,1,0
22125,29453.0,8589.0,1,0
22126,29454.0,8589.0,1,0
22127,29456.0,8590.0,1,1
22128,29457.0,8590.0,1,1
22129,29458.0,8590.0,1,1
22130,29459.0,8590.0,1,0
22131,29460.0,8590.0,1,1
22132,29461.0,8591.0,1,0
22133,29464.0,8594.0,1,1
22134,29465.0,8594.0,1,1
22135,29467.0,8594.0,1,0
22136,29468.0,8595.0,1,1
22137,29469.0,8596.0,1,0
22138,29471.0,8596.0,1,0
22139,29475.0,8597.0,1,0
22140,29476.0,8597.0,1,1
22141,29477.0,8597.0,1,1
22142,29478.0,8597.0,1,0
22143,29479.0,8598.0,1,0
22144,29480.0,8598.0,1,0
22145,29481.0,8598.0,1,0
22146,29482.0,8598.0,1,1
22147,29483.0,8598.0,1,0
22148,29485.0,8599.0,1,0
22149,29487.0,8599.0,1,0
22150,29490.0,8600.0,1,0
22151,29491.0,8600.0,1,1
22152,29492.0,8601.0,1,1
22153,29493.0,8601.0,1,1
22154,29494.0,8601.0,1,0
22155,29495.0,8601.0,1,0
22156,29497.0,8601.0,1,1
22157,29498.0,8602.0,1,1
22158,29499.0,8603.0,1,0
22159,29502.0,8604.0,1,0
22160,29504.0,8604.0,1,0
22161,29505.0,8604.0,1,1
22162,29507.0,8605.0,1,0
22163,29508.0,8605.0,1,1
22164,29510.0,8606.0,1,0
22165,29511.0,8607.0,1,0
22166,29512.0,8607.0,1,0
22167,29513.0,8608.0,1,1
22168,29514.0,8608.0,1,0
22169,29515.0,8608.0,1,1
22170,29516.0,8608.0,1,0
22171,29517.0,8608.0,1,0
22172,29519.0,8609.0,1,0
22173,29520.0,8609.0,1,0
22174,29521.0,8609.0,1,1
22175,29522.0,8610.0,1,0
22176,29524.0,8610.0,1,0
22177,29525.0,8611.0,1,0
22178,29526.0,8611.0,1,0
22179,29527.0,8611.0,1,0
22180,29529.0,8612.0,1,1
22181,29530.0,8612.0,1,0
22182,29531.0,8612.0,1,0
22183,29532.0,8613.0,1,1
22184,29533.0,8613.0,1,0
22185,29534.0,8614.0,1,0
22186,29535.0,8614.0,1,0
22187,29537.0,8615.0,1,0
22188,29538.0,8615.0,1,0
22189,29540.0,8616.0,1,0
22190,29541.0,8616.0,1,1
22191,29542.0,8616.0,1,0
22192,29543.0,8616.0,1,0
22193,29544.0,8616.0,1,0
22194,29545.0,8616.0,1,1
22195,29547.0,8616.0,1,1
22196,29549.0,8617.0,1,1
22197,29550.0,8617.0,1,1
22198,29552.0,8617.0,1,1
22199,29553.0,8617.0,1,0
22200,29554.0,8617.0,1,1
22201,29555.0,8618.0,1,0
22202,29556.0,8618.0,1,0
22203,29557.0,8618.0,1,0
22204,29558.0,8618.0,1,0
22205,29559.0,8619.0,1,0
22206,29560.0,8619.0,1,0
22207,29561.0,8619.0,1,1
22208,29562.0,8619.0,1,0
22209,29565.0,8621.0,1,0
22210,29566.0,8622.0,1,0
22211,29568.0,8623.0,1,0
22212,29571.0,8624.0,1,1
22213,29572.0,8624.0,1,1
22214,29573.0,8624.0,1,0
22215,29574.0,8625.0,1,0
22216,29576.0,8625.0,1,0
22217,29578.0,8626.0,1,0
22218,29580.0,8626.0,1,0
22219,29582.0,8626.0,1,0
22220,29583.0,8626.0,1,1
22221,29584.0,8626.0,1,0
22222,29585.0,8626.0,1,1
22223,29586.0,8626.0,1,1
22224,29588.0,8626.0,1,1
22225,29589.0,8626.0,1,0
22226,29590.0,8627.0,1,0
22227,29591.0,8627.0,1,0
22228,29592.0,8628.0,1,1
22229,29593.0,8628.0,1,1
22230,29594.0,8628.0,1,1
22231,29595.0,8628.0,1,0
22232,29596.0,8628.0,1,1
22233,29597.0,8628.0,1,0
22234,29598.0,8628.0,1,1
22235,29599.0,8629.0,1,0
22236,29600.0,8629.0,1,1
22237,29601.0,8629.0,1,0
22238,29602.0,8629.0,1,1
22239,29603.0,8630.0,1,0
22240,29604.0,8630.0,1,0
22241,29605.0,8630.0,1,0
22242,29608.0,8631.0,1,0
22243,29609.0,8631.0,1,0
22244,29614.0,8632.0,1,0
22245,29617.0,8634.0,1,1
22246,29618.0,8634.0,1,0
22247,29619.0,8635.0,1,0
22248,29620.0,8635.0,1,0
22249,29621.0,8635.0,1,0
22250,29622.0,8635.0,1,0
22251,29623.0,8635.0,1,0
22252,29624.0,8636.0,1,0
22253,29625.0,8636.0,1,1
22254,29626.0,8636.0,1,1
22255,29627.0,8636.0,1,0
22256,29628.0,8636.0,1,1
22257,29629.0,8636.0,1,0
22258,29630.0,8637.0,1,1
22259,29631.0,8637.0,1,1
22260,29632.0,8637.0,1,0
22261,29633.0,8638.0,1,0
22262,29634.0,8638.0,1,0
22263,29635.0,8638.0,1,0
22264,29638.0,8638.0,1,1
22265,29639.0,8639.0,1,0
22266,29640.0,8639.0,1,0
22267,29641.0,8639.0,1,1
22268,29643.0,8639.0,1,0
22269,29645.0,8640.0,1,0
22270,29646.0,8640.0,1,0
22271,29647.0,8641.0,1,1
22272,29648.0,8641.0,1,0
22273,29649.0,8642.0,1,1
22274,29650.0,8642.0,1,0
22275,29651.0,8642.0,1,0
22276,29653.0,8642.0,1,1
22277,29654.0,8642.0,1,0
22278,29655.0,8642.0,1,1
22279,29656.0,8643.0,1,0
22280,29657.0,8643.0,1,1
22281,29658.0,8643.0,1,0
22282,29659.0,8643.0,1,1
22283,29660.0,8643.0,1,0
22284,29663.0,8644.0,1,0
22285,29664.0,8645.0,1,1
22286,29665.0,8645.0,1,1
22287,29666.0,8645.0,1,0
22288,29667.0,8645.0,1,1
22289,29668.0,8645.0,1,1
22290,29670.0,8645.0,1,0
22291,29672.0,8646.0,1,0
22292,29673.0,8646.0,1,0
22293,29675.0,8646.0,1,1
22294,29677.0,8647.0,1,0
22295,29678.0,8647.0,1,0
22296,29679.0,8647.0,1,0
22297,29680.0,8647.0,1,0
22298,29682.0,8647.0,1,0
22299,29683.0,8647.0,1,0
22300,29685.0,8647.0,1,0
22301,29686.0,8647.0,1,0
22302,29687.0,8647.0,1,0
22303,29689.0,8648.0,1,0
22304,29690.0,8648.0,1,1
22305,29691.0,8648.0,1,0
22306,29692.0,8648.0,1,1
22307,29694.0,8649.0,1,0
22308,29695.0,8649.0,1,0
22309,29696.0,8649.0,1,1
22310,29697.0,8649.0,1,0
22311,29699.0,8649.0,1,0
22312,29700.0,8649.0,1,1
22313,29701.0,8649.0,1,0
22314,29702.0,8650.0,1,0
22315,29704.0,8650.0,1,0
22316,29705.0,8650.0,1,1
22317,29707.0,8651.0,1,0
22318,29708.0,8651.0,1,0
22319,29710.0,8651.0,1,1
22320,29711.0,8651.0,1,1
22321,29712.0,8652.0,1,1
22322,29714.0,8653.0,1,1
22323,29715.0,8654.0,1,0
22324,29716.0,8654.0,1,1
22325,29717.0,8654.0,1,1
22326,29718.0,8654.0,1,1
22327,29720.0,8656.0,1,0
22328,29721.0,8656.0,1,0
22329,29722.0,8656.0,1,0
22330,29723.0,8656.0,1,0
22331,29724.0,8656.0,1,0
22332,29725.0,8656.0,1,1
22333,29727.0,8657.0,1,0
22334,29729.0,8657.0,1,0
22335,29730.0,8657.0,1,1
22336,29734.0,8658.0,1,1
22337,29737.0,8659.0,1,0
22338,29739.0,8659.0,1,0
22339,29740.0,8659.0,1,0
22340,29741.0,8661.0,1,0
22341,29742.0,8661.0,1,0
22342,29743.0,8662.0,1,0
22343,29744.0,8662.0,1,1
22344,29745.0,8662.0,1,1
22345,29746.0,8663.0,1,0
22346,29747.0,8663.0,1,0
22347,29749.0,8663.0,1,0
22348,29751.0,8664.0,1,0
22349,29752.0,8665.0,1,0
22350,29753.0,8666.0,1,1
22351,29754.0,8667.0,1,1
22352,29757.0,8668.0,1,0
22353,29758.0,8668.0,1,0
22354,29759.0,8668.0,1,0
22355,29760.0,8669.0,1,0
22356,29762.0,8669.0,1,0
22357,29763.0,8669.0,1,0
22358,29764.0,8669.0,1,0
22359,29765.0,8671.0,1,0
22360,29767.0,8671.0,1,0
22361,29768.0,8672.0,1,0
22362,29769.0,8672.0,1,0
22363,29770.0,8673.0,1,0
22364,29774.0,8673.0,1,0
22365,29775.0,8673.0,1,0
22366,29776.0,8673.0,1,1
22367,29778.0,8674.0,1,1
22368,29779.0,8674.0,1,0
22369,29781.0,8676.0,1,0
22370,29783.0,8676.0,1,0
22371,29784.0,8676.0,1,0
22372,29785.0,8676.0,1,0
22373,29786.0,8678.0,1,0
22374,29787.0,8678.0,1,0
22375,29789.0,8678.0,1,1
22376,29790.0,8678.0,1,1
22377,29792.0,8678.0,1,0
22378,29793.0,8678.0,1,0
22379,29794.0,8679.0,1,0
22380,29795.0,8679.0,1,0
22381,29796.0,8679.0,1,0
22382,29797.0,8679.0,1,1
22383,29798.0,8680.0,1,0
22384,29799.0,8681.0,1,0
22385,29801.0,8681.0,1,1
22386,29802.0,8683.0,1,0
22387,29803.0,8683.0,1,1
22388,29804.0,8683.0,1,1
22389,29805.0,8683.0,1,1
22390,29806.0,8683.0,1,0
22391,29807.0,8684.0,1,0
22392,29808.0,8684.0,1,1
22393,29809.0,8685.0,1,0
22394,29813.0,8687.0,1,1
22395,29814.0,8687.0,1,1
22396,29815.0,8687.0,1,1
22397,29816.0,8687.0,1,0
22398,29817.0,8687.0,1,0
22399,29819.0,8688.0,1,1
22400,29820.0,8688.0,1,1
22401,29821.0,8688.0,1,0
22402,29822.0,8689.0,1,1
22403,29823.0,8689.0,1,1
22404,29826.0,8689.0,1,0
22405,29827.0,8689.0,1,1
22406,29830.0,8690.0,1,0
22407,29832.0,8691.0,1,1
22408,29833.0,8692.0,1,1
22409,29834.0,8692.0,1,0
22410,29835.0,8692.0,1,0
22411,29836.0,8692.0,1,1
22412,29837.0,8692.0,1,0
22413,29838.0,8692.0,1,0
22414,29840.0,8693.0,1,0
22415,29842.0,8693.0,1,0
22416,29844.0,8693.0,1,0
22417,29846.0,8693.0,1,1
22418,29847.0,8694.0,1,0
22419,29848.0,8694.0,1,0
22420,29849.0,8694.0,1,1
22421,29850.0,8694.0,1,0
22422,29851.0,8695.0,1,1
22423,29852.0,8695.0,1,0
22424,29854.0,8696.0,1,0
22425,29855.0,8696.0,1,0
22426,29857.0,8697.0,1,0
22427,29858.0,8697.0,1,0
22428,29859.0,8697.0,1,1
22429,29861.0,8697.0,1,0
22430,29862.0,8697.0,1,1
22431,29863.0,8697.0,1,1
22432,29864.0,8698.0,1,1
22433,29865.0,8698.0,1,0
22434,29867.0,8698.0,1,0
22435,29868.0,8698.0,1,0
22436,29869.0,8698.0,1,0
22437,29870.0,8698.0,1,0
22438,29872.0,8698.0,1,0
22439,29873.0,8699.0,1,0
22440,29874.0,8699.0,1,0
22441,29875.0,8699.0,1,0
22442,29876.0,8699.0,1,0
22443,29877.0,8699.0,1,0
22444,29879.0,8700.0,1,1
22445,29880.0,8700.0,1,1
22446,29882.0,8701.0,1,0
22447,29883.0,8701.0,1,0
22448,29884.0,8701.0,1,0
22449,29885.0,8701.0,1,1
22450,29886.0,8701.0,1,0
22451,29887.0,8701.0,1,1
22452,29888.0,8702.0,1,1
22453,29889.0,8702.0,1,0
22454,29890.0,8702.0,1,0
22455,29891.0,8702.0,1,0
22456,29893.0,8703.0,1,1
22457,29894.0,8703.0,1,0
22458,29895.0,8703.0,1,0
22459,29897.0,8704.0,1,0
22460,29898.0,8705.0,1,1
22461,29899.0,8706.0,1,0
22462,29900.0,8707.0,1,0
22463,29901.0,8708.0,1,1
22464,29902.0,8708.0,1,1
22465,29903.0,8708.0,1,0
22466,29904.0,8709.0,1,1
22467,29906.0,8709.0,1,0
22468,29912.0,8710.0,1,1
22469,29914.0,8710.0,1,0
22470,29918.0,8712.0,1,0
22471,29921.0,8714.0,1,0
22472,29922.0,8714.0,1,0
22473,29923.0,8714.0,1,0
22474,29924.0,8715.0,1,0
22475,29925.0,8715.0,1,0
22476,29926.0,8716.0,1,0
22477,29927.0,8716.0,1,0
22478,29928.0,8716.0,1,1
22479,29931.0,8716.0,1,0
22480,29932.0,8716.0,1,0
22481,29933.0,8716.0,1,0
22482,29934.0,8717.0,1,0
22483,29935.0,8718.0,1,0
22484,29937.0,8718.0,1,0
22485,29938.0,8718.0,1,0
22486,29939.0,8718.0,1,1
22487,29940.0,8719.0,1,0
22488,29941.0,8719.0,1,0
22489,29942.0,8719.0,1,0
22490,29943.0,8719.0,1,0
22491,29945.0,8719.0,1,1
22492,29947.0,8720.0,1,0
22493,29948.0,8720.0,1,0
22494,29949.0,8721.0,1,0
22495,29950.0,8722.0,1,0
22496,29951.0,8722.0,1,1
22497,29953.0,8723.0,1,0
22498,29954.0,8724.0,1,0
22499,29955.0,8724.0,1,0
22500,29956.0,8724.0,1,0
22501,29957.0,8725.0,1,0
22502,29959.0,8725.0,1,0
22503,29960.0,8725.0,1,0
22504,29961.0,8725.0,1,0
22505,29962.0,8725.0,1,0
22506,29963.0,8725.0,1,0
22507,29964.0,8726.0,1,0
22508,29967.0,8727.0,1,0
22509,29968.0,8727.0,1,1
22510,29969.0,8728.0,1,0
22511,29970.0,8729.0,1,0
22512,29971.0,8729.0,1,0
22513,29972.0,8729.0,1,0
22514,29973.0,8731.0,1,1
22515,29974.0,8733.0,1,0
22516,29975.0,8733.0,1,1
22517,29976.0,8733.0,1,1
22518,29977.0,8734.0,1,0
22519,29978.0,8735.0,1,0
22520,29979.0,8735.0,1,0
22521,29980.0,8735.0,1,0
22522,29981.0,8735.0,1,1
22523,29982.0,8735.0,1,1
22524,29984.0,8735.0,1,0
22525,29985.0,8735.0,1,0
22526,29986.0,8736.0,1,0
22527,29987.0,8736.0,1,1
22528,29988.0,8736.0,1,0
22529,29989.0,8736.0,1,1
22530,29990.0,8737.0,1,0
22531,29993.0,8737.0,1,1
22532,29994.0,8737.0,1,0
22533,29995.0,8739.0,1,0
22534,29996.0,8739.0,1,0
22535,29998.0,8739.0,1,0
22536,29999.0,8739.0,1,0
22537,30000.0,8740.0,1,0
22538,30001.0,8740.0,1,0
22539,30002.0,8740.0,1,0
22540,30003.0,8740.0,1,0
22541,30004.0,8741.0,1,0
22542,30005.0,8741.0,1,0
22543,30008.0,8741.0,1,0
22544,30010.0,8743.0,1,0
22545,30011.0,8743.0,1,0
22546,30012.0,8744.0,1,0
22547,30013.0,8744.0,1,0
22548,30015.0,8745.0,1,0
22549,30016.0,8745.0,1,0
22550,30017.0,8745.0,1,0
22551,30018.0,8746.0,1,0
22552,30019.0,8746.0,1,0
22553,30020.0,8747.0,1,1
22554,30021.0,8748.0,1,1
22555,30023.0,8748.0,1,1
22556,30024.0,8749.0,1,0
22557,30025.0,8749.0,1,0
22558,30026.0,8749.0,1,0
22559,30027.0,8749.0,1,0
22560,30029.0,8750.0,1,0
22561,30030.0,8750.0,1,0
22562,30031.0,8750.0,1,0
22563,30033.0,8750.0,1,1
22564,30034.0,8750.0,1,1
22565,30035.0,8751.0,1,1
22566,30036.0,8752.0,1,0
22567,30038.0,8753.0,1,0
22568,30039.0,8753.0,1,1
22569,30040.0,8753.0,1,0
22570,30041.0,8754.0,1,0
22571,30042.0,8754.0,1,1
22572,30043.0,8754.0,1,0
22573,30044.0,8755.0,1,1
22574,30045.0,8755.0,1,0
22575,30046.0,8755.0,1,1
22576,30047.0,8755.0,1,0
22577,30048.0,8756.0,1,0
22578,30049.0,8756.0,1,1
22579,30050.0,8756.0,1,1
22580,30051.0,8756.0,1,1
22581,30052.0,8757.0,1,0
22582,30054.0,8757.0,1,1
22583,30057.0,8758.0,1,0
22584,30058.0,8758.0,1,1
22585,30059.0,8758.0,1,1
22586,30060.0,8759.0,1,0
22587,30061.0,8759.0,1,0
22588,30062.0,8759.0,1,1
22589,30063.0,8759.0,1,1
22590,30064.0,8759.0,1,0
22591,30066.0,8760.0,1,1
22592,30067.0,8760.0,1,0
22593,30068.0,8760.0,1,0
22594,30069.0,8760.0,1,1
22595,30070.0,8760.0,1,0
22596,30071.0,8760.0,1,0
22597,30072.0,8761.0,1,0
22598,30076.0,8762.0,1,0
22599,30077.0,8763.0,1,0
22600,30078.0,8763.0,1,1
22601,30079.0,8763.0,1,0
22602,30080.0,8763.0,1,0
22603,30081.0,8764.0,1,0
22604,30082.0,8764.0,1,1
22605,30085.0,8764.0,1,0
22606,30087.0,8764.0,1,0
22607,30088.0,8764.0,1,1
22608,30089.0,8765.0,1,1
22609,30090.0,8765.0,1,1
22610,30091.0,8765.0,1,1
22611,30092.0,8765.0,1,0
22612,30093.0,8765.0,1,0
22613,30094.0,8766.0,1,0
22614,30096.0,8766.0,1,1
22615,30100.0,8766.0,1,1
22616,30101.0,8767.0,1,1
22617,30102.0,8767.0,1,0
22618,30106.0,8769.0,1,1
22619,30107.0,8769.0,1,0
22620,30108.0,8770.0,1,0
22621,30109.0,8770.0,1,1
22622,30110.0,8770.0,1,1
22623,30111.0,8770.0,1,0
22624,30112.0,8771.0,1,0
22625,30113.0,8771.0,1,0
22626,30115.0,8771.0,1,0
22627,30117.0,8772.0,1,0
22628,30118.0,8772.0,1,1
22629,30119.0,8772.0,1,0
22630,30121.0,8772.0,1,0
22631,30122.0,8772.0,1,0
22632,30123.0,8772.0,1,0
22633,30125.0,8773.0,1,1
22634,30127.0,8773.0,1,0
22635,30128.0,8773.0,1,0
22636,30131.0,8774.0,1,1
22637,30132.0,8774.0,1,1
22638,30133.0,8774.0,1,1
22639,30134.0,8774.0,1,1
22640,30135.0,8774.0,1,0
22641,30137.0,8774.0,1,0
22642,30139.0,8775.0,1,0
22643,30140.0,8775.0,1,1
22644,30142.0,8775.0,1,0
22645,30143.0,8775.0,1,0
22646,30144.0,8776.0,1,1
22647,30145.0,8777.0,1,0
22648,30146.0,8777.0,1,1
22649,30147.0,8777.0,1,0
22650,30149.0,8778.0,1,0
22651,30150.0,8779.0,1,1
22652,30151.0,8780.0,1,1
22653,30152.0,8780.0,1,0
22654,30153.0,8780.0,1,1
22655,30154.0,8780.0,1,0
22656,30155.0,8781.0,1,0
22657,30159.0,8783.0,1,0
22658,30160.0,8783.0,1,0
22659,30162.0,8783.0,1,1
22660,30163.0,8783.0,1,0
22661,30164.0,8784.0,1,1
22662,30165.0,8784.0,1,0
22663,30166.0,8784.0,1,0
22664,30168.0,8786.0,1,0
22665,30169.0,8787.0,1,0
22666,30171.0,8788.0,1,0
22667,30172.0,8789.0,1,1
22668,30174.0,8790.0,1,1
22669,30176.0,8790.0,1,1
22670,30177.0,8790.0,1,0
22671,30178.0,8790.0,1,0
22672,30179.0,8791.0,1,1
22673,30180.0,8791.0,1,0
22674,30181.0,8792.0,1,0
22675,30183.0,8792.0,1,0
22676,30184.0,8792.0,1,0
22677,30185.0,8792.0,1,0
22678,30187.0,8792.0,1,0
22679,30190.0,8792.0,1,1
22680,30191.0,8792.0,1,0
22681,30193.0,8794.0,1,0
22682,30194.0,8794.0,1,0
22683,30195.0,8794.0,1,0
22684,30197.0,8794.0,1,0
22685,30199.0,8795.0,1,0
22686,30202.0,8796.0,1,1
22687,30203.0,8796.0,1,1
22688,30204.0,8797.0,1,0
22689,30206.0,8798.0,1,0
22690,30207.0,8798.0,1,0
22691,30208.0,8799.0,1,0
22692,30209.0,8799.0,1,0
22693,30210.0,8800.0,1,1
22694,30212.0,8801.0,1,0
22695,30213.0,8801.0,1,1
22696,30214.0,8801.0,1,1
22697,30215.0,8801.0,1,0
22698,30216.0,8802.0,1,0
22699,30217.0,8802.0,1,0
22700,30218.0,8802.0,1,0
22701,30219.0,8802.0,1,0
22702,30220.0,8802.0,1,1
22703,30221.0,8803.0,1,1
22704,30222.0,8803.0,1,1
22705,30223.0,8803.0,1,0
22706,30224.0,8804.0,1,0
22707,30225.0,8804.0,1,1
22708,30226.0,8804.0,1,1
22709,30227.0,8805.0,1,1
22710,30230.0,8805.0,1,0
22711,30232.0,8805.0,1,0
22712,30233.0,8806.0,1,0
22713,30234.0,8806.0,1,0
22714,30235.0,8806.0,1,0
22715,30236.0,8806.0,1,0
22716,30237.0,8807.0,1,1
22717,30238.0,8807.0,1,0
22718,30239.0,8807.0,1,1
22719,30240.0,8808.0,1,0
22720,30241.0,8808.0,1,1
22721,30242.0,8808.0,1,1
22722,30243.0,8809.0,1,0
22723,30244.0,8809.0,1,0
22724,30245.0,8809.0,1,0
22725,30246.0,8809.0,1,0
22726,30247.0,8809.0,1,1
22727,30248.0,8809.0,1,1
22728,30249.0,8810.0,1,0
22729,30251.0,8811.0,1,0
22730,30253.0,8812.0,1,1
22731,30254.0,8812.0,1,0
22732,30255.0,8812.0,1,0
22733,30256.0,8813.0,1,1
22734,30258.0,8813.0,1,1
22735,30260.0,8813.0,1,1
22736,30261.0,8813.0,1,0
22737,30262.0,8813.0,1,1
22738,30266.0,8815.0,1,0
22739,30267.0,8815.0,1,0
22740,30268.0,8815.0,1,0
22741,30269.0,8815.0,1,1
22742,30270.0,8815.0,1,0
22743,30272.0,8816.0,1,1
22744,30273.0,8816.0,1,0
22745,30274.0,8816.0,1,0
22746,30275.0,8817.0,1,0
22747,30276.0,8817.0,1,0
22748,30277.0,8817.0,1,0
22749,30278.0,8817.0,1,0
22750,30279.0,8817.0,1,0
22751,30281.0,8818.0,1,1
22752,30284.0,8820.0,1,0
22753,30286.0,8820.0,1,0
22754,30287.0,8820.0,1,1
22755,30289.0,8820.0,1,0
22756,30290.0,8820.0,1,0
22757,30291.0,8821.0,1,1
22758,30292.0,8821.0,1,1
22759,30294.0,8821.0,1,1
22760,30296.0,8822.0,1,1
22761,30297.0,8822.0,1,1
22762,30298.0,8823.0,1,1
22763,30299.0,8823.0,1,0
22764,30301.0,8823.0,1,1
22765,30303.0,8823.0,1,1
22766,30304.0,8823.0,1,0
22767,30305.0,8824.0,1,1
22768,30307.0,8825.0,1,0
22769,30309.0,8826.0,1,1
22770,30311.0,8826.0,1,0
22771,30314.0,8827.0,1,1
22772,30316.0,8827.0,1,1
22773,30317.0,8827.0,1,0
22774,30318.0,8827.0,1,1
22775,30319.0,8828.0,1,1
22776,30322.0,8828.0,1,0
22777,30324.0,8829.0,1,1
22778,30325.0,8829.0,1,0
22779,30326.0,8829.0,1,0
22780,30327.0,8829.0,1,0
22781,30328.0,8829.0,1,0
22782,30329.0,8829.0,1,0
22783,30330.0,8829.0,1,0
22784,30331.0,8829.0,1,0
22785,30332.0,8830.0,1,1
22786,30333.0,8830.0,1,0
22787,30335.0,8830.0,1,0
22788,30336.0,8830.0,1,1
22789,30339.0,8831.0,1,0
22790,30340.0,8832.0,1,1
22791,30341.0,8832.0,1,1
22792,30342.0,8832.0,1,0
22793,30343.0,8832.0,1,1
22794,30344.0,8832.0,1,1
22795,30345.0,8833.0,1,0
22796,30346.0,8833.0,1,0
22797,30349.0,8834.0,1,0
22798,30351.0,8834.0,1,0
22799,30353.0,8835.0,1,1
22800,30355.0,8835.0,1,1
22801,30356.0,8836.0,1,0
22802,30357.0,8836.0,1,1
22803,30358.0,8836.0,1,0
22804,30360.0,8836.0,1,0
22805,30361.0,8836.0,1,0
22806,30362.0,8836.0,1,0
22807,30363.0,8837.0,1,1
22808,30364.0,8837.0,1,0
22809,30365.0,8837.0,1,0
22810,30366.0,8837.0,1,1
22811,30367.0,8837.0,1,1
22812,30368.0,8838.0,1,0
22813,30370.0,8838.0,1,1
22814,30371.0,8838.0,1,0
22815,30372.0,8838.0,1,0
22816,30373.0,8838.0,1,1
22817,30376.0,8840.0,1,0
22818,30378.0,8841.0,1,1
22819,30379.0,8841.0,1,1
22820,30380.0,8841.0,1,0
22821,30381.0,8842.0,1,0
22822,30382.0,8842.0,1,1
22823,30386.0,8843.0,1,1
22824,30388.0,8843.0,1,0
22825,30390.0,8843.0,1,0
22826,30391.0,8844.0,1,1
22827,30393.0,8844.0,1,0
22828,30394.0,8844.0,1,0
22829,30395.0,8844.0,1,1
22830,30396.0,8845.0,1,0
22831,30397.0,8845.0,1,0
22832,30402.0,8847.0,1,0
22833,30403.0,8847.0,1,1
22834,30404.0,8847.0,1,1
22835,30405.0,8847.0,1,1
22836,30406.0,8848.0,1,1
22837,30408.0,8848.0,1,0
22838,30409.0,8849.0,1,1
22839,30410.0,8849.0,1,1
22840,30411.0,8849.0,1,1
22841,30412.0,8849.0,1,1
22842,30413.0,8850.0,1,0
22843,30414.0,8850.0,1,0
22844,30415.0,8850.0,1,0
22845,30416.0,8850.0,1,0
22846,30418.0,8851.0,1,1
22847,30422.0,8852.0,1,0
22848,30423.0,8852.0,1,1
22849,30424.0,8852.0,1,1
22850,30425.0,8852.0,1,0
22851,30426.0,8853.0,1,1
22852,30427.0,8853.0,1,0
22853,30428.0,8854.0,1,0
22854,30429.0,8854.0,1,0
22855,30430.0,8854.0,1,0
22856,30431.0,8854.0,1,0
22857,30432.0,8855.0,1,1
22858,30434.0,8856.0,1,1
22859,30435.0,8856.0,1,1
22860,30436.0,8856.0,1,0
22861,30437.0,8856.0,1,0
22862,30438.0,8857.0,1,1
22863,30439.0,8857.0,1,0
22864,30440.0,8858.0,1,0
22865,30443.0,8859.0,1,0
22866,30445.0,8860.0,1,1
22867,30451.0,8862.0,1,1
22868,30452.0,8863.0,1,0
22869,30453.0,8864.0,1,0
22870,30454.0,8865.0,1,0
22871,30455.0,8865.0,1,1
22872,30456.0,8865.0,1,1
22873,30457.0,8865.0,1,0
22874,30458.0,8865.0,1,0
22875,30459.0,8865.0,1,0
22876,30460.0,8865.0,1,0
22877,30461.0,8865.0,1,0
22878,30462.0,8866.0,1,0
22879,30463.0,8866.0,1,0
22880,30465.0,8867.0,1,0
22881,30466.0,8867.0,1,1
22882,30467.0,8867.0,1,1
22883,30468.0,8868.0,1,0
22884,30469.0,8868.0,1,0
22885,30470.0,8868.0,1,1
22886,30471.0,8868.0,1,1
22887,30472.0,8869.0,1,0
22888,30473.0,8869.0,1,0
22889,30474.0,8869.0,1,0
22890,30476.0,8870.0,1,0
22891,30477.0,8870.0,1,0
22892,30478.0,8870.0,1,0
22893,30479.0,8870.0,1,0
22894,30480.0,8871.0,1,0
22895,30481.0,8871.0,1,1
22896,30482.0,8872.0,1,1
22897,30483.0,8872.0,1,0
22898,30484.0,8872.0,1,0
22899,30485.0,8872.0,1,1
22900,30486.0,8873.0,1,1
22901,30487.0,8873.0,1,0
22902,30489.0,8874.0,1,0
22903,30490.0,8874.0,1,1
22904,30491.0,8875.0,1,1
22905,30492.0,8875.0,1,0
22906,30497.0,8875.0,1,0
22907,30498.0,8876.0,1,0
22908,30499.0,8877.0,1,1
22909,30501.0,8877.0,1,1
22910,30503.0,8878.0,1,0
22911,30504.0,8879.0,1,1
22912,30508.0,8881.0,1,0
22913,30509.0,8881.0,1,1
22914,30510.0,8881.0,1,1
22915,30511.0,8881.0,1,0
22916,30512.0,8882.0,1,1
22917,30513.0,8882.0,1,1
22918,30514.0,8883.0,1,0
22919,30515.0,8884.0,1,0
22920,30517.0,8884.0,1,1
22921,30518.0,8884.0,1,0
22922,30519.0,8884.0,1,1
22923,30520.0,8885.0,1,0
22924,30521.0,8885.0,1,1
22925,30524.0,8886.0,1,0
22926,30525.0,8887.0,1,0
22927,30526.0,8887.0,1,1
22928,30527.0,8888.0,1,0
22929,30528.0,8888.0,1,1
22930,30529.0,8888.0,1,0
22931,30530.0,8888.0,1,1
22932,30532.0,8889.0,1,0
22933,30533.0,8889.0,1,0
22934,30535.0,8890.0,1,1
22935,30536.0,8891.0,1,1
22936,30537.0,8891.0,1,0
22937,30538.0,8891.0,1,0
22938,30539.0,8891.0,1,0
22939,30540.0,8892.0,1,1
22940,30543.0,8894.0,1,0
22941,30544.0,8894.0,1,1
22942,30546.0,8894.0,1,1
22943,30547.0,8894.0,1,1
22944,30548.0,8895.0,1,1
22945,30549.0,8896.0,1,0
22946,30550.0,8896.0,1,0
22947,30551.0,8896.0,1,1
22948,30552.0,8896.0,1,0
22949,30553.0,8896.0,1,0
22950,30555.0,8896.0,1,0
22951,30556.0,8897.0,1,0
22952,30557.0,8898.0,1,0
22953,30558.0,8899.0,1,1
22954,30559.0,8899.0,1,1
22955,30560.0,8899.0,1,1
22956,30561.0,8899.0,1,0
22957,30562.0,8900.0,1,1
22958,30563.0,8900.0,1,1
22959,30564.0,8900.0,1,0
22960,30565.0,8900.0,1,0
22961,30566.0,8900.0,1,1
22962,30567.0,8900.0,1,1
22963,30568.0,8900.0,1,0
22964,30569.0,8900.0,1,0
22965,30570.0,8901.0,1,1
22966,30571.0,8901.0,1,1
22967,30572.0,8901.0,1,1
22968,30573.0,8902.0,1,1
22969,30574.0,8903.0,1,0
22970,30575.0,8903.0,1,0
22971,30576.0,8903.0,1,1
22972,30577.0,8904.0,1,0
22973,30578.0,8904.0,1,0
22974,30579.0,8904.0,1,0
22975,30580.0,8904.0,1,0
22976,30581.0,8905.0,1,0
22977,30582.0,8905.0,1,0
22978,30583.0,8906.0,1,0
22979,30586.0,8907.0,1,0
22980,30587.0,8907.0,1,1
22981,30591.0,8909.0,1,1
22982,30592.0,8909.0,1,1
22983,30593.0,8909.0,1,1
22984,30594.0,8910.0,1,0
22985,30595.0,8910.0,1,0
22986,30596.0,8911.0,1,1
22987,30597.0,8911.0,1,0
22988,30598.0,8912.0,1,1
22989,30600.0,8912.0,1,1
22990,30602.0,8913.0,1,1
22991,30603.0,8913.0,1,0
22992,30604.0,8913.0,1,0
22993,30605.0,8914.0,1,1
22994,30606.0,8914.0,1,1
22995,30608.0,8915.0,1,1
22996,30610.0,8916.0,1,0
22997,30612.0,8917.0,1,0
22998,30614.0,8917.0,1,0
22999,30615.0,8917.0,1,0
23000,30616.0,8917.0,1,0
23001,30617.0,8918.0,1,0
23002,30618.0,8918.0,1,0
23003,30619.0,8918.0,1,0
23004,30621.0,8919.0,1,0
23005,30623.0,8920.0,1,0
23006,30624.0,8921.0,1,0
23007,30625.0,8921.0,1,0
23008,30626.0,8921.0,1,0
23009,30628.0,8923.0,1,0
23010,30629.0,8923.0,1,0
23011,30632.0,8924.0,1,0
23012,30633.0,8924.0,1,1
23013,30634.0,8925.0,1,0
23014,30635.0,8925.0,1,0
23015,30636.0,8925.0,1,1
23016,30637.0,8925.0,1,0
23017,30638.0,8925.0,1,1
23018,30639.0,8925.0,1,0
23019,30640.0,8925.0,1,0
23020,30641.0,8925.0,1,1
23021,30642.0,8926.0,1,0
23022,30644.0,8927.0,1,0
23023,30645.0,8927.0,1,0
23024,30646.0,8927.0,1,1
23025,30647.0,8927.0,1,1
23026,30648.0,8927.0,1,1
23027,30649.0,8927.0,1,1
23028,30650.0,8927.0,1,1
23029,30652.0,8927.0,1,1
23030,30653.0,8928.0,1,0
23031,30655.0,8928.0,1,0
23032,30656.0,8928.0,1,1
23033,30657.0,8928.0,1,1
23034,30658.0,8929.0,1,0
23035,30660.0,8930.0,1,1
23036,30661.0,8930.0,1,1
23037,30662.0,8930.0,1,0
23038,30663.0,8931.0,1,0
23039,30664.0,8931.0,1,1
23040,30665.0,8932.0,1,1
23041,30666.0,8932.0,1,1
23042,30668.0,8933.0,1,0
23043,30670.0,8935.0,1,0
23044,30671.0,8935.0,1,0
23045,30672.0,8935.0,1,1
23046,30674.0,8935.0,1,0
23047,30676.0,8936.0,1,1
23048,30677.0,8936.0,1,1
23049,30678.0,8936.0,1,1
23050,30679.0,8936.0,1,0
23051,30681.0,8936.0,1,1
23052,30683.0,8937.0,1,0
23053,30685.0,8938.0,1,0
23054,30686.0,8939.0,1,0
23055,30687.0,8940.0,1,0
23056,30688.0,8940.0,1,1
23057,30690.0,8940.0,1,1
23058,30693.0,8941.0,1,0
23059,30694.0,8941.0,1,1
23060,30695.0,8941.0,1,0
23061,30696.0,8941.0,1,1
23062,30698.0,8942.0,1,0
23063,30699.0,8942.0,1,0
23064,30700.0,8942.0,1,0
23065,30702.0,8942.0,1,1
23066,30703.0,8943.0,1,1
23067,30705.0,8943.0,1,0
23068,30706.0,8944.0,1,0
23069,30708.0,8944.0,1,0
23070,30709.0,8944.0,1,0
23071,30710.0,8945.0,1,1
23072,30711.0,8945.0,1,0
23073,30712.0,8945.0,1,0
23074,30713.0,8945.0,1,1
23075,30714.0,8946.0,1,1
23076,30715.0,8946.0,1,1
23077,30716.0,8946.0,1,1
23078,30717.0,8946.0,1,0
23079,30718.0,8946.0,1,0
23080,30719.0,8946.0,1,0
23081,30720.0,8948.0,1,0
23082,30721.0,8948.0,1,0
23083,30722.0,8949.0,1,0
23084,30723.0,8949.0,1,1
23085,30724.0,8949.0,1,0
23086,30725.0,8949.0,1,0
23087,30727.0,8949.0,1,0
23088,30728.0,8949.0,1,1
23089,30729.0,8950.0,1,0
23090,30730.0,8950.0,1,0
23091,30731.0,8950.0,1,0
23092,30733.0,8950.0,1,1
23093,30734.0,8950.0,1,0
23094,30735.0,8950.0,1,0
23095,30736.0,8950.0,1,0
23096,30737.0,8951.0,1,0
23097,30738.0,8951.0,1,0
23098,30739.0,8951.0,1,0
23099,30740.0,8951.0,1,1
23100,30742.0,8953.0,1,0
23101,30743.0,8953.0,1,0
23102,30744.0,8953.0,1,1
23103,30746.0,8954.0,1,1
23104,30747.0,8954.0,1,0
23105,30749.0,8954.0,1,0
23106,30750.0,8954.0,1,0
23107,30751.0,8955.0,1,1
23108,30753.0,8955.0,1,1
23109,30754.0,8955.0,1,0
23110,30756.0,8956.0,1,0
23111,30758.0,8957.0,1,1
23112,30759.0,8957.0,1,0
23113,30760.0,8958.0,1,1
23114,30761.0,8959.0,1,1
23115,30763.0,8959.0,1,0
23116,30764.0,8959.0,1,1
23117,30765.0,8961.0,1,0
23118,30766.0,8961.0,1,0
23119,30767.0,8961.0,1,1
23120,30768.0,8961.0,1,0
23121,30769.0,8961.0,1,1
23122,30770.0,8962.0,1,0
23123,30771.0,8962.0,1,1
23124,30772.0,8963.0,1,1
23125,30773.0,8963.0,1,0
23126,30774.0,8963.0,1,0
23127,30775.0,8963.0,1,1
23128,30776.0,8963.0,1,0
23129,30777.0,8963.0,1,0
23130,30778.0,8964.0,1,0
23131,30780.0,8964.0,1,1
23132,30781.0,8964.0,1,0
23133,30782.0,8965.0,1,1
23134,30783.0,8965.0,1,0
23135,30784.0,8965.0,1,1
23136,30785.0,8966.0,1,0
23137,30786.0,8966.0,1,0
23138,30787.0,8967.0,1,0
23139,30788.0,8967.0,1,0
23140,30791.0,8968.0,1,1
23141,30792.0,8969.0,1,1
23142,30793.0,8969.0,1,0
23143,30794.0,8969.0,1,1
23144,30796.0,8970.0,1,0
23145,30797.0,8971.0,1,0
23146,30799.0,8971.0,1,1
23147,30800.0,8971.0,1,0
23148,30803.0,8972.0,1,1
23149,30804.0,8972.0,1,1
23150,30805.0,8974.0,1,1
23151,30806.0,8974.0,1,0
23152,30809.0,8975.0,1,1
23153,30810.0,8975.0,1,0
23154,30811.0,8976.0,1,1
23155,30813.0,8976.0,1,0
23156,30814.0,8976.0,1,0
23157,30815.0,8976.0,1,0
23158,30816.0,8977.0,1,1
23159,30817.0,8977.0,1,0
23160,30818.0,8978.0,1,0
23161,30819.0,8978.0,1,1
23162,30821.0,8978.0,1,0
23163,30822.0,8978.0,1,0
23164,30823.0,8979.0,1,0
23165,30824.0,8979.0,1,1
23166,30826.0,8979.0,1,1
23167,30827.0,8980.0,1,0
23168,30829.0,8980.0,1,0
23169,30830.0,8980.0,1,1
23170,30831.0,8982.0,1,0
23171,30834.0,8983.0,1,1
23172,30836.0,8983.0,1,1
23173,30838.0,8983.0,1,1
23174,30839.0,8983.0,1,0
23175,30842.0,8984.0,1,1
23176,30843.0,8984.0,1,0
23177,30844.0,8984.0,1,0
23178,30845.0,8984.0,1,0
23179,30846.0,8985.0,1,1
23180,30847.0,8986.0,1,0
23181,30849.0,8986.0,1,0
23182,30852.0,8987.0,1,0
23183,30854.0,8987.0,1,1
23184,30855.0,8987.0,1,0
23185,30856.0,8987.0,1,0
23186,30858.0,8988.0,1,0
23187,30859.0,8988.0,1,0
23188,30860.0,8989.0,1,0
23189,30861.0,8989.0,1,1
23190,30863.0,8991.0,1,0
23191,30864.0,8991.0,1,0
23192,30865.0,8992.0,1,0
23193,30866.0,8993.0,1,1
23194,30868.0,8993.0,1,1
23195,30869.0,8993.0,1,1
23196,30871.0,8994.0,1,0
23197,30872.0,8994.0,1,0
23198,30873.0,8994.0,1,0
23199,30874.0,8994.0,1,1
23200,30875.0,8995.0,1,0
23201,30877.0,8995.0,1,1
23202,30878.0,8996.0,1,0
23203,30879.0,8996.0,1,0
23204,30880.0,8996.0,1,0
23205,30881.0,8996.0,1,0
23206,30882.0,8996.0,1,0
23207,30883.0,8997.0,1,0
23208,30884.0,8997.0,1,0
23209,30886.0,8997.0,1,0
23210,30887.0,8997.0,1,1
23211,30888.0,8998.0,1,1
23212,30890.0,8998.0,1,0
23213,30892.0,8999.0,1,0
23214,30896.0,9000.0,1,0
23215,30898.0,9000.0,1,0
23216,30901.0,9001.0,1,0
23217,30902.0,9001.0,1,1
23218,30903.0,9001.0,1,1
23219,30904.0,9001.0,1,0
23220,30905.0,9002.0,1,0
23221,30907.0,9002.0,1,1
23222,30908.0,9002.0,1,1
23223,30910.0,9003.0,1,1
23224,30912.0,9004.0,1,0
23225,30914.0,9004.0,1,0
23226,30915.0,9005.0,1,0
23227,30916.0,9006.0,1,1
23228,30917.0,9006.0,1,0
23229,30919.0,9006.0,1,0
23230,30920.0,9007.0,1,0
23231,30921.0,9007.0,1,1
23232,30922.0,9007.0,1,0
23233,30923.0,9007.0,1,1
23234,30924.0,9007.0,1,0
23235,30925.0,9007.0,1,1
23236,30926.0,9007.0,1,1
23237,30927.0,9007.0,1,0
23238,30928.0,9008.0,1,1
23239,30929.0,9008.0,1,0
23240,30930.0,9008.0,1,0
23241,30934.0,9009.0,1,0
23242,30935.0,9009.0,1,0
23243,30936.0,9010.0,1,1
23244,30937.0,9010.0,1,0
23245,30938.0,9011.0,1,0
23246,30940.0,9012.0,1,0
23247,30941.0,9013.0,1,1
23248,30942.0,9013.0,1,1
23249,30943.0,9014.0,1,0
23250,30944.0,9014.0,1,1
23251,30945.0,9014.0,1,0
23252,30946.0,9014.0,1,0
23253,30947.0,9014.0,1,0
23254,30949.0,9015.0,1,0
23255,30950.0,9015.0,1,0
23256,30952.0,9015.0,1,0
23257,30953.0,9016.0,1,1
23258,30954.0,9016.0,1,0
23259,30956.0,9016.0,1,1
23260,30957.0,9016.0,1,0
23261,30958.0,9016.0,1,1
23262,30959.0,9017.0,1,0
23263,30960.0,9017.0,1,1
23264,30961.0,9018.0,1,0
23265,30963.0,9018.0,1,0
23266,30964.0,9018.0,1,1
23267,30965.0,9019.0,1,1
23268,30968.0,9019.0,1,1
23269,30969.0,9019.0,1,1
23270,30970.0,9020.0,1,1
23271,30971.0,9020.0,1,0
23272,30972.0,9020.0,1,0
23273,30973.0,9020.0,1,0
23274,30974.0,9021.0,1,0
23275,30975.0,9021.0,1,0
23276,30976.0,9021.0,1,1
23277,30977.0,9023.0,1,0
23278,30979.0,9024.0,1,1
23279,30981.0,9025.0,1,0
23280,30983.0,9025.0,1,0
23281,30984.0,9025.0,1,0
23282,30985.0,9025.0,1,0
23283,30986.0,9025.0,1,0
23284,30987.0,9025.0,1,0
23285,30988.0,9026.0,1,0
23286,30989.0,9026.0,1,0
23287,30991.0,9027.0,1,0
23288,30992.0,9027.0,1,1
23289,30994.0,9027.0,1,0
23290,30995.0,9028.0,1,0
23291,30996.0,9028.0,1,1
23292,30997.0,9028.0,1,0
23293,30998.0,9029.0,1,1
23294,30999.0,9029.0,1,0
23295,31000.0,9029.0,1,0
23296,31004.0,9031.0,1,1
23297,31005.0,9032.0,1,0
23298,31006.0,9032.0,1,0
23299,31007.0,9032.0,1,0
23300,31008.0,9033.0,1,0
23301,31009.0,9033.0,1,1
23302,31010.0,9033.0,1,1
23303,31012.0,9033.0,1,0
23304,31014.0,9033.0,1,0
23305,31016.0,9033.0,1,1
23306,31017.0,9034.0,1,0
23307,31018.0,9034.0,1,0
23308,31019.0,9034.0,1,0
23309,31020.0,9034.0,1,1
23310,31021.0,9035.0,1,0
23311,31022.0,9035.0,1,0
23312,31023.0,9035.0,1,0
23313,31024.0,9036.0,1,1
23314,31025.0,9036.0,1,1
23315,31026.0,9036.0,1,0
23316,31027.0,9036.0,1,0
23317,31028.0,9037.0,1,0
23318,31029.0,9037.0,1,0
23319,31031.0,9037.0,1,1
23320,31032.0,9037.0,1,1
23321,31033.0,9037.0,1,0
23322,31034.0,9038.0,1,0
23323,31035.0,9038.0,1,0
23324,31036.0,9039.0,1,0
23325,31037.0,9039.0,1,0
23326,31038.0,9039.0,1,1
23327,31040.0,9039.0,1,1
23328,31041.0,9040.0,1,1
23329,31042.0,9040.0,1,0
23330,31043.0,9040.0,1,0
23331,31044.0,9041.0,1,0
23332,31045.0,9041.0,1,0
23333,31046.0,9041.0,1,0
23334,31048.0,9042.0,1,0
23335,31049.0,9042.0,1,0
23336,31050.0,9043.0,1,0
23337,31051.0,9043.0,1,0
23338,31052.0,9043.0,1,1
23339,31053.0,9043.0,1,0
23340,31057.0,9046.0,1,0
23341,31058.0,9046.0,1,0
23342,31059.0,9046.0,1,0
23343,31060.0,9046.0,1,0
23344,31061.0,9046.0,1,1
23345,31062.0,9047.0,1,0
23346,31063.0,9047.0,1,0
23347,31065.0,9048.0,1,0
23348,31067.0,9048.0,1,0
23349,31068.0,9048.0,1,0
23350,31069.0,9049.0,1,0
23351,31070.0,9049.0,1,0
23352,31071.0,9049.0,1,0
23353,31072.0,9049.0,1,1
23354,31073.0,9049.0,1,1
23355,31074.0,9050.0,1,0
23356,31077.0,9051.0,1,0
23357,31078.0,9051.0,1,1
23358,31080.0,9051.0,1,1
23359,31081.0,9051.0,1,0
23360,31082.0,9051.0,1,0
23361,31084.0,9052.0,1,1
23362,31085.0,9053.0,1,1
23363,31086.0,9053.0,1,1
23364,31087.0,9053.0,1,0
23365,31089.0,9053.0,1,1
23366,31090.0,9053.0,1,0
23367,31092.0,9054.0,1,0
23368,31093.0,9055.0,1,0
23369,31095.0,9056.0,1,1
23370,31096.0,9057.0,1,1
23371,31097.0,9057.0,1,0
23372,31098.0,9057.0,1,0
23373,31099.0,9057.0,1,1
23374,31100.0,9057.0,1,1
23375,31102.0,9059.0,1,1
23376,31103.0,9059.0,1,0
23377,31104.0,9059.0,1,0
23378,31105.0,9059.0,1,0
23379,31106.0,9059.0,1,1
23380,31107.0,9060.0,1,1
23381,31108.0,9060.0,1,1
23382,31110.0,9060.0,1,0
23383,31112.0,9061.0,1,0
23384,31113.0,9061.0,1,0
23385,31116.0,9062.0,1,0
23386,31117.0,9062.0,1,0
23387,31119.0,9063.0,1,1
23388,31120.0,9064.0,1,1
23389,31121.0,9064.0,1,0
23390,31122.0,9064.0,1,1
23391,31123.0,9064.0,1,1
23392,31124.0,9064.0,1,0
23393,31125.0,9065.0,1,1
23394,31126.0,9065.0,1,0
23395,31127.0,9066.0,1,1
23396,31128.0,9066.0,1,0
23397,31129.0,9066.0,1,0
23398,31130.0,9066.0,1,0
23399,31132.0,9067.0,1,0
23400,31134.0,9067.0,1,0
23401,31136.0,9067.0,1,0
23402,31137.0,9067.0,1,0
23403,31138.0,9068.0,1,1
23404,31139.0,9068.0,1,0
23405,31140.0,9068.0,1,1
23406,31141.0,9069.0,1,0
23407,31142.0,9069.0,1,0
23408,31144.0,9069.0,1,0
23409,31146.0,9070.0,1,0
23410,31147.0,9070.0,1,1
23411,31149.0,9071.0,1,1
23412,31150.0,9073.0,1,0
23413,31153.0,9073.0,1,0
23414,31154.0,9074.0,1,1
23415,31155.0,9075.0,1,0
23416,31156.0,9075.0,1,1
23417,31157.0,9075.0,1,0
23418,31158.0,9075.0,1,0
23419,31159.0,9075.0,1,0
23420,31160.0,9075.0,1,0
23421,31161.0,9076.0,1,1
23422,31163.0,9076.0,1,1
23423,31164.0,9076.0,1,1
23424,31166.0,9077.0,1,1
23425,31167.0,9078.0,1,1
23426,31168.0,9078.0,1,0
23427,31170.0,9080.0,1,0
23428,31171.0,9080.0,1,1
23429,31172.0,9080.0,1,1
23430,31173.0,9080.0,1,1
23431,31175.0,9080.0,1,0
23432,31176.0,9080.0,1,1
23433,31177.0,9081.0,1,1
23434,31178.0,9081.0,1,0
23435,31180.0,9082.0,1,0
23436,31181.0,9082.0,1,0
23437,31182.0,9083.0,1,0
23438,31183.0,9083.0,1,0
23439,31184.0,9083.0,1,1
23440,31185.0,9083.0,1,0
23441,31188.0,9084.0,1,0
23442,31189.0,9084.0,1,0
23443,31190.0,9085.0,1,0
23444,31191.0,9086.0,1,0
23445,31192.0,9086.0,1,1
23446,31193.0,9087.0,1,0
23447,31195.0,9088.0,1,0
23448,31196.0,9088.0,1,0
23449,31197.0,9088.0,1,0
23450,31198.0,9089.0,1,0
23451,31199.0,9089.0,1,0
23452,31201.0,9090.0,1,0
23453,31204.0,9092.0,1,1
23454,31205.0,9092.0,1,1
23455,31206.0,9093.0,1,1
23456,31208.0,9095.0,1,0
23457,31209.0,9095.0,1,0
23458,31210.0,9096.0,1,0
23459,31211.0,9096.0,1,0
23460,31212.0,9096.0,1,0
23461,31214.0,9096.0,1,1
23462,31215.0,9096.0,1,0
23463,31216.0,9096.0,1,1
23464,31217.0,9096.0,1,1
23465,31219.0,9097.0,1,0
23466,31220.0,9098.0,1,1
23467,31221.0,9098.0,1,1
23468,31222.0,9098.0,1,0
23469,31223.0,9098.0,1,0
23470,31224.0,9098.0,1,1
23471,31225.0,9099.0,1,1
23472,31226.0,9099.0,1,0
23473,31228.0,9099.0,1,0
23474,31229.0,9099.0,1,0
23475,31230.0,9100.0,1,0
23476,31231.0,9100.0,1,0
23477,31233.0,9100.0,1,0
23478,31234.0,9100.0,1,0
23479,31237.0,9101.0,1,0
23480,31238.0,9102.0,1,0
23481,31239.0,9102.0,1,0
23482,31240.0,9102.0,1,0
23483,31241.0,9102.0,1,0
23484,31243.0,9102.0,1,1
23485,31244.0,9103.0,1,0
23486,31246.0,9104.0,1,1
23487,31247.0,9105.0,1,0
23488,31249.0,9105.0,1,0
23489,31250.0,9105.0,1,0
23490,31251.0,9105.0,1,0
23491,31252.0,9105.0,1,0
23492,31254.0,9105.0,1,1
23493,31255.0,9105.0,1,0
23494,31256.0,9105.0,1,0
23495,31257.0,9106.0,1,0
23496,31258.0,9107.0,1,1
23497,31259.0,9107.0,1,0
23498,31260.0,9107.0,1,1
23499,31261.0,9107.0,1,0
23500,31262.0,9107.0,1,0
23501,31263.0,9109.0,1,0
23502,31264.0,9110.0,1,0
23503,31266.0,9111.0,1,0
23504,31267.0,9111.0,1,0
23505,31268.0,9112.0,1,0
23506,31269.0,9112.0,1,0
23507,31270.0,9112.0,1,0
23508,31271.0,9112.0,1,0
23509,31273.0,9113.0,1,1
23510,31274.0,9113.0,1,1
23511,31275.0,9114.0,1,1
23512,31276.0,9114.0,1,0
23513,31278.0,9114.0,1,1
23514,31280.0,9116.0,1,0
23515,31281.0,9116.0,1,0
23516,31282.0,9116.0,1,0
23517,31283.0,9116.0,1,0
23518,31284.0,9116.0,1,0
23519,31286.0,9118.0,1,1
23520,31289.0,9118.0,1,0
23521,31291.0,9120.0,1,0
23522,31293.0,9121.0,1,0
23523,31294.0,9122.0,1,1
23524,31295.0,9122.0,1,0
23525,31296.0,9123.0,1,0
23526,31297.0,9123.0,1,0
23527,31298.0,9123.0,1,0
23528,31299.0,9123.0,1,0
23529,31300.0,9124.0,1,0
23530,31301.0,9124.0,1,1
23531,31302.0,9124.0,1,1
23532,31303.0,9124.0,1,1
23533,31304.0,9124.0,1,0
23534,31305.0,9124.0,1,0
23535,31307.0,9124.0,1,0
23536,31308.0,9125.0,1,0
23537,31309.0,9126.0,1,0
23538,31310.0,9127.0,1,0
23539,31311.0,9127.0,1,0
23540,31312.0,9127.0,1,1
23541,31313.0,9127.0,1,0
23542,31314.0,9127.0,1,0
23543,31315.0,9127.0,1,0
23544,31317.0,9128.0,1,0
23545,31318.0,9128.0,1,1
23546,31321.0,9129.0,1,0
23547,31322.0,9130.0,1,0
23548,31323.0,9130.0,1,0
23549,31324.0,9131.0,1,0
23550,31325.0,9131.0,1,0
23551,31326.0,9132.0,1,0
23552,31327.0,9132.0,1,1
23553,31328.0,9132.0,1,1
23554,31329.0,9133.0,1,1
23555,31330.0,9133.0,1,0
23556,31331.0,9133.0,1,1
23557,31332.0,9133.0,1,1
23558,31334.0,9134.0,1,1
23559,31335.0,9134.0,1,1
23560,31336.0,9134.0,1,1
23561,31337.0,9134.0,1,1
23562,31338.0,9135.0,1,0
23563,31339.0,9135.0,1,0
23564,31340.0,9136.0,1,1
23565,31341.0,9136.0,1,0
23566,31342.0,9137.0,1,0
23567,31344.0,9137.0,1,1
23568,31345.0,9137.0,1,1
23569,31346.0,9137.0,1,0
23570,31348.0,9137.0,1,0
23571,31349.0,9138.0,1,0
23572,31350.0,9138.0,1,0
23573,31352.0,9138.0,1,1
23574,31354.0,9139.0,1,0
23575,31355.0,9140.0,1,1
23576,31356.0,9140.0,1,0
23577,31359.0,9142.0,1,0
23578,31360.0,9142.0,1,0
23579,31362.0,9142.0,1,0
23580,31363.0,9142.0,1,1
23581,31364.0,9143.0,1,1
23582,31365.0,9143.0,1,0
23583,31367.0,9143.0,1,0
23584,31368.0,9143.0,1,0
23585,31370.0,9144.0,1,0
23586,31371.0,9144.0,1,0
23587,31372.0,9144.0,1,1
23588,31373.0,9144.0,1,0
23589,31374.0,9144.0,1,1
23590,31375.0,9145.0,1,0
23591,31376.0,9146.0,1,0
23592,31378.0,9146.0,1,0
23593,31379.0,9146.0,1,0
23594,31380.0,9146.0,1,1
23595,31381.0,9146.0,1,1
23596,31383.0,9147.0,1,0
23597,31384.0,9147.0,1,0
23598,31385.0,9147.0,1,1
23599,31386.0,9147.0,1,0
23600,31388.0,9147.0,1,0
23601,31390.0,9148.0,1,1
23602,31391.0,9148.0,1,0
23603,31392.0,9148.0,1,1
23604,31393.0,9148.0,1,0
23605,31394.0,9148.0,1,0
23606,31395.0,9149.0,1,1
23607,31396.0,9149.0,1,0
23608,31398.0,9149.0,1,0
23609,31399.0,9149.0,1,0
23610,31400.0,9149.0,1,1
23611,31402.0,9150.0,1,1
23612,31403.0,9150.0,1,0
23613,31404.0,9150.0,1,1
23614,31405.0,9151.0,1,0
23615,31406.0,9151.0,1,1
23616,31407.0,9152.0,1,1
23617,31408.0,9152.0,1,1
23618,31409.0,9152.0,1,1
23619,31410.0,9152.0,1,0
23620,31411.0,9152.0,1,0
23621,31412.0,9153.0,1,0
23622,31413.0,9153.0,1,0
23623,31414.0,9153.0,1,1
23624,31417.0,9153.0,1,0
23625,31418.0,9153.0,1,1
23626,31419.0,9153.0,1,0
23627,31420.0,9153.0,1,0
23628,31422.0,9154.0,1,0
23629,31423.0,9154.0,1,0
23630,31425.0,9154.0,1,0
23631,31426.0,9155.0,1,0
23632,31428.0,9155.0,1,0
23633,31429.0,9156.0,1,0
23634,31430.0,9156.0,1,0
23635,31433.0,9157.0,1,0
23636,31436.0,9158.0,1,1
23637,31437.0,9158.0,1,1
23638,31438.0,9158.0,1,0
23639,31439.0,9158.0,1,0
23640,31440.0,9158.0,1,1
23641,31441.0,9158.0,1,1
23642,31442.0,9159.0,1,1
23643,31444.0,9159.0,1,0
23644,31445.0,9159.0,1,0
23645,31446.0,9159.0,1,1
23646,31447.0,9159.0,1,1
23647,31449.0,9160.0,1,0
23648,31450.0,9161.0,1,0
23649,31451.0,9161.0,1,0
23650,31453.0,9161.0,1,0
23651,31454.0,9161.0,1,1
23652,31455.0,9161.0,1,1
23653,31456.0,9162.0,1,1
23654,31457.0,9163.0,1,1
23655,31458.0,9163.0,1,1
23656,31460.0,9165.0,1,0
23657,31462.0,9165.0,1,0
23658,31463.0,9165.0,1,0
23659,31464.0,9165.0,1,0
23660,31465.0,9165.0,1,0
23661,31466.0,9165.0,1,1
23662,31468.0,9166.0,1,0
23663,31469.0,9166.0,1,0
23664,31470.0,9166.0,1,0
23665,31471.0,9166.0,1,0
23666,31472.0,9166.0,1,0
23667,31473.0,9167.0,1,1
23668,31474.0,9167.0,1,1
23669,31475.0,9168.0,1,0
23670,31476.0,9168.0,1,0
23671,31477.0,9168.0,1,0
23672,31478.0,9168.0,1,0
23673,31479.0,9168.0,1,0
23674,31480.0,9168.0,1,1
23675,31481.0,9168.0,1,1
23676,31482.0,9168.0,1,0
23677,31483.0,9168.0,1,1
23678,31484.0,9168.0,1,1
23679,31485.0,9168.0,1,0
23680,31486.0,9168.0,1,1
23681,31487.0,9170.0,1,0
23682,31489.0,9170.0,1,0
23683,31490.0,9170.0,1,0
23684,31491.0,9170.0,1,1
23685,31492.0,9170.0,1,0
23686,31493.0,9170.0,1,0
23687,31494.0,9170.0,1,0
23688,31495.0,9171.0,1,0
23689,31497.0,9172.0,1,1
23690,31498.0,9172.0,1,0
23691,31499.0,9172.0,1,1
23692,31500.0,9172.0,1,0
23693,31501.0,9172.0,1,0
23694,31502.0,9172.0,1,0
23695,31504.0,9173.0,1,1
23696,31505.0,9173.0,1,1
23697,31506.0,9173.0,1,0
23698,31507.0,9174.0,1,0
23699,31508.0,9174.0,1,1
23700,31509.0,9174.0,1,0
23701,31510.0,9174.0,1,1
23702,31511.0,9174.0,1,1
23703,31512.0,9174.0,1,0
23704,31514.0,9175.0,1,1
23705,31516.0,9175.0,1,1
23706,31517.0,9176.0,1,0
23707,31518.0,9176.0,1,1
23708,31520.0,9176.0,1,1
23709,31521.0,9176.0,1,0
23710,31522.0,9176.0,1,0
23711,31523.0,9177.0,1,0
23712,31526.0,9177.0,1,0
23713,31527.0,9178.0,1,1
23714,31528.0,9178.0,1,1
23715,31529.0,9178.0,1,0
23716,31530.0,9179.0,1,1
23717,31531.0,9179.0,1,0
23718,31532.0,9179.0,1,0
23719,31534.0,9180.0,1,0
23720,31535.0,9180.0,1,0
23721,31536.0,9181.0,1,0
23722,31537.0,9181.0,1,1
23723,31539.0,9181.0,1,1
23724,31540.0,9181.0,1,0
23725,31541.0,9182.0,1,0
23726,31542.0,9182.0,1,0
23727,31543.0,9183.0,1,0
23728,31544.0,9183.0,1,0
23729,31545.0,9184.0,1,0
23730,31547.0,9185.0,1,1
23731,31550.0,9186.0,1,0
23732,31551.0,9186.0,1,0
23733,31552.0,9186.0,1,0
23734,31554.0,9186.0,1,1
23735,31557.0,9187.0,1,0
23736,31558.0,9187.0,1,1
23737,31559.0,9187.0,1,0
23738,31560.0,9188.0,1,1
23739,31561.0,9188.0,1,0
23740,31562.0,9188.0,1,0
23741,31563.0,9188.0,1,0
23742,31564.0,9188.0,1,1
23743,31566.0,9188.0,1,1
23744,31567.0,9188.0,1,0
23745,31569.0,9189.0,1,0
23746,31570.0,9189.0,1,0
23747,31571.0,9189.0,1,1
23748,31572.0,9190.0,1,0
23749,31573.0,9190.0,1,1
23750,31574.0,9190.0,1,0
23751,31576.0,9191.0,1,1
23752,31578.0,9191.0,1,1
23753,31579.0,9192.0,1,0
23754,31580.0,9192.0,1,0
23755,31582.0,9192.0,1,1
23756,31584.0,9193.0,1,0
23757,31585.0,9193.0,1,1
23758,31586.0,9193.0,1,0
23759,31587.0,9193.0,1,1
23760,31588.0,9194.0,1,1
23761,31589.0,9194.0,1,1
23762,31592.0,9195.0,1,0
23763,31593.0,9195.0,1,0
23764,31594.0,9195.0,1,0
23765,31595.0,9195.0,1,0
23766,31597.0,9196.0,1,0
23767,31600.0,9196.0,1,1
23768,31604.0,9197.0,1,0
23769,31605.0,9197.0,1,0
23770,31608.0,9198.0,1,0
23771,31609.0,9198.0,1,1
23772,31611.0,9198.0,1,0
23773,31612.0,9198.0,1,0
23774,31613.0,9199.0,1,0
23775,31617.0,9199.0,1,0
23776,31619.0,9201.0,1,0
23777,31620.0,9201.0,1,0
23778,31626.0,9203.0,1,0
23779,31627.0,9203.0,1,1
23780,31628.0,9204.0,1,0
23781,31629.0,9204.0,1,1
23782,31630.0,9204.0,1,0
23783,31631.0,9204.0,1,1
23784,31634.0,9205.0,1,0
23785,31636.0,9205.0,1,1
23786,31638.0,9206.0,1,1
23787,31639.0,9206.0,1,0
23788,31640.0,9206.0,1,1
23789,31641.0,9206.0,1,0
23790,31643.0,9207.0,1,0
23791,31645.0,9208.0,1,0
23792,31648.0,9209.0,1,1
23793,31649.0,9209.0,1,1
23794,31650.0,9209.0,1,1
23795,31651.0,9209.0,1,1
23796,31652.0,9209.0,1,0
23797,31653.0,9209.0,1,0
23798,31654.0,9209.0,1,1
23799,31656.0,9211.0,1,0
23800,31658.0,9211.0,1,0
23801,31659.0,9211.0,1,0
23802,31660.0,9212.0,1,1
23803,31662.0,9212.0,1,0
23804,31663.0,9212.0,1,0
23805,31666.0,9213.0,1,0
23806,31667.0,9213.0,1,0
23807,31668.0,9213.0,1,0
23808,31669.0,9213.0,1,1
23809,31670.0,9213.0,1,1
23810,31672.0,9214.0,1,0
23811,31673.0,9215.0,1,0
23812,31674.0,9215.0,1,1
23813,31676.0,9215.0,1,0
23814,31677.0,9216.0,1,0
23815,31678.0,9216.0,1,0
23816,31679.0,9216.0,1,0
23817,31680.0,9216.0,1,0
23818,31681.0,9216.0,1,0
23819,31682.0,9216.0,1,0
23820,31683.0,9217.0,1,1
23821,31686.0,9217.0,1,0
23822,31687.0,9217.0,1,0
23823,31689.0,9219.0,1,0
23824,31690.0,9220.0,1,1
23825,31692.0,9220.0,1,0
23826,31694.0,9220.0,1,0
23827,31695.0,9220.0,1,1
23828,31697.0,9220.0,1,1
23829,31699.0,9220.0,1,0
23830,31700.0,9220.0,1,0
23831,31701.0,9220.0,1,0
23832,31702.0,9220.0,1,1
23833,31703.0,9221.0,1,0
23834,31705.0,9221.0,1,0
23835,31706.0,9222.0,1,1
23836,31708.0,9223.0,1,0
23837,31709.0,9223.0,1,0
23838,31710.0,9223.0,1,1
23839,31711.0,9224.0,1,0
23840,31712.0,9224.0,1,0
23841,31713.0,9225.0,1,0
23842,31714.0,9225.0,1,0
23843,31716.0,9226.0,1,1
23844,31718.0,9226.0,1,0
23845,31719.0,9226.0,1,0
23846,31721.0,9226.0,1,1
23847,31722.0,9226.0,1,0
23848,31723.0,9227.0,1,1
23849,31724.0,9227.0,1,1
23850,31725.0,9228.0,1,1
23851,31727.0,9228.0,1,0
23852,31729.0,9229.0,1,0
23853,31730.0,9229.0,1,0
23854,31733.0,9230.0,1,1
23855,31735.0,9230.0,1,0
23856,31737.0,9230.0,1,0
23857,31738.0,9230.0,1,0
23858,31739.0,9230.0,1,1
23859,31740.0,9230.0,1,0
23860,31741.0,9230.0,1,0
23861,31742.0,9231.0,1,0
23862,31743.0,9231.0,1,1
23863,31744.0,9231.0,1,0
23864,31745.0,9231.0,1,0
23865,31746.0,9231.0,1,0
23866,31747.0,9231.0,1,1
23867,31748.0,9231.0,1,0
23868,31749.0,9232.0,1,1
23869,31750.0,9232.0,1,0
23870,31751.0,9233.0,1,0
23871,31752.0,9234.0,1,0
23872,31753.0,9234.0,1,0
23873,31755.0,9235.0,1,0
23874,31756.0,9236.0,1,0
23875,31757.0,9236.0,1,0
23876,31758.0,9237.0,1,1
23877,31759.0,9237.0,1,1
23878,31760.0,9238.0,1,1
23879,31762.0,9238.0,1,0
23880,31764.0,9240.0,1,0
23881,31765.0,9240.0,1,1
23882,31766.0,9240.0,1,1
23883,31767.0,9240.0,1,0
23884,31769.0,9241.0,1,0
23885,31770.0,9241.0,1,0
23886,31771.0,9241.0,1,0
23887,31773.0,9242.0,1,1
23888,31775.0,9242.0,1,0
23889,31777.0,9242.0,1,1
23890,31778.0,9242.0,1,0
23891,31779.0,9242.0,1,0
23892,31780.0,9242.0,1,0
23893,31781.0,9242.0,1,0
23894,31782.0,9243.0,1,1
23895,31784.0,9243.0,1,1
23896,31786.0,9245.0,1,1
23897,31787.0,9245.0,1,0
23898,31789.0,9245.0,1,1
23899,31792.0,9245.0,1,0
23900,31793.0,9245.0,1,0
23901,31794.0,9245.0,1,0
23902,31795.0,9246.0,1,0
23903,31796.0,9246.0,1,0
23904,31797.0,9246.0,1,0
23905,31799.0,9247.0,1,1
23906,31800.0,9247.0,1,1
23907,31803.0,9247.0,1,1
23908,31804.0,9247.0,1,0
23909,31806.0,9247.0,1,0
23910,31807.0,9247.0,1,0
23911,31808.0,9248.0,1,0
23912,31809.0,9248.0,1,1
23913,31810.0,9248.0,1,0
23914,31811.0,9248.0,1,0
23915,31812.0,9248.0,1,0
23916,31813.0,9248.0,1,1
23917,31814.0,9249.0,1,1
23918,31816.0,9251.0,1,0
23919,31817.0,9251.0,1,0
23920,31818.0,9251.0,1,1
23921,31819.0,9251.0,1,0
23922,31820.0,9252.0,1,1
23923,31821.0,9252.0,1,1
23924,31822.0,9252.0,1,0
23925,31823.0,9253.0,1,0
23926,31824.0,9253.0,1,1
23927,31826.0,9253.0,1,1
23928,31827.0,9253.0,1,0
23929,31830.0,9253.0,1,1
23930,31833.0,9254.0,1,0
23931,31834.0,9254.0,1,0
23932,31835.0,9254.0,1,1
23933,31836.0,9254.0,1,0
23934,31837.0,9255.0,1,1
23935,31838.0,9255.0,1,0
23936,31840.0,9255.0,1,0
23937,31841.0,9255.0,1,0
23938,31843.0,9256.0,1,0
23939,31845.0,9256.0,1,0
23940,31846.0,9256.0,1,0
23941,31848.0,9257.0,1,0
23942,31849.0,9257.0,1,0
23943,31850.0,9257.0,1,1
23944,31852.0,9258.0,1,0
23945,31853.0,9258.0,1,0
23946,31856.0,9258.0,1,0
23947,31858.0,9259.0,1,1
23948,31859.0,9260.0,1,1
23949,31860.0,9260.0,1,0
23950,31861.0,9261.0,1,0
23951,31863.0,9262.0,1,0
23952,31864.0,9262.0,1,0
23953,31865.0,9263.0,1,1
23954,31867.0,9263.0,1,0
23955,31868.0,9265.0,1,1
23956,31869.0,9265.0,1,0
23957,31870.0,9265.0,1,1
23958,31871.0,9265.0,1,1
23959,31872.0,9265.0,1,1
23960,31874.0,9266.0,1,0
23961,31875.0,9268.0,1,0
23962,31876.0,9268.0,1,0
23963,31877.0,9269.0,1,0
23964,31878.0,9269.0,1,0
23965,31879.0,9269.0,1,1
23966,31880.0,9269.0,1,0
23967,31881.0,9269.0,1,1
23968,31882.0,9270.0,1,0
23969,31883.0,9270.0,1,1
23970,31884.0,9270.0,1,1
23971,31885.0,9270.0,1,1
23972,31887.0,9270.0,1,0
23973,31889.0,9271.0,1,0
23974,31891.0,9271.0,1,0
23975,31892.0,9271.0,1,0
23976,31893.0,9271.0,1,0
23977,31894.0,9271.0,1,0
23978,31895.0,9272.0,1,0
23979,31896.0,9272.0,1,0
23980,31897.0,9272.0,1,0
23981,31898.0,9273.0,1,0
23982,31899.0,9273.0,1,0
23983,31900.0,9273.0,1,0
23984,31901.0,9273.0,1,1
23985,31903.0,9274.0,1,1
23986,31904.0,9275.0,1,1
23987,31905.0,9276.0,1,1
23988,31906.0,9276.0,1,1
23989,31907.0,9276.0,1,0
23990,31909.0,9277.0,1,0
23991,31910.0,9277.0,1,0
23992,31911.0,9277.0,1,0
23993,31913.0,9277.0,1,0
23994,31919.0,9279.0,1,0
23995,31920.0,9279.0,1,1
23996,31921.0,9279.0,1,1
23997,31924.0,9280.0,1,0
23998,31925.0,9280.0,1,1
23999,31926.0,9281.0,1,0
24000,31927.0,9281.0,1,0
24001,31928.0,9281.0,1,1
24002,31929.0,9281.0,1,0
24003,31930.0,9282.0,1,0
24004,31931.0,9282.0,1,0
24005,31932.0,9282.0,1,1
24006,31934.0,9283.0,1,1
24007,31936.0,9283.0,1,1
24008,31938.0,9284.0,1,1
24009,31939.0,9284.0,1,0
24010,31940.0,9285.0,1,0
24011,31941.0,9285.0,1,0
24012,31942.0,9285.0,1,1
24013,31943.0,9285.0,1,0
24014,31944.0,9286.0,1,1
24015,31945.0,9286.0,1,0
24016,31946.0,9286.0,1,1
24017,31947.0,9286.0,1,0
24018,31948.0,9286.0,1,1
24019,31949.0,9287.0,1,0
24020,31950.0,9287.0,1,0
24021,31951.0,9287.0,1,0
24022,31952.0,9287.0,1,0
24023,31953.0,9287.0,1,0
24024,31954.0,9288.0,1,0
24025,31955.0,9288.0,1,0
24026,31956.0,9288.0,1,0
24027,31957.0,9288.0,1,1
24028,31958.0,9290.0,1,1
24029,31959.0,9291.0,1,0
24030,31960.0,9292.0,1,0
24031,31961.0,9292.0,1,1
24032,31963.0,9292.0,1,0
24033,31964.0,9292.0,1,0
24034,31965.0,9292.0,1,0
24035,31966.0,9292.0,1,0
24036,31967.0,9292.0,1,0
24037,31969.0,9293.0,1,0
24038,31970.0,9293.0,1,0
24039,31971.0,9293.0,1,1
24040,31973.0,9294.0,1,0
24041,31975.0,9294.0,1,0
24042,31976.0,9294.0,1,1
24043,31978.0,9294.0,1,0
24044,31979.0,9294.0,1,0
24045,31981.0,9295.0,1,1
24046,31982.0,9296.0,1,1
24047,31983.0,9297.0,1,0
24048,31984.0,9297.0,1,0
24049,31985.0,9297.0,1,0
24050,31986.0,9297.0,1,0
24051,31987.0,9298.0,1,0
24052,31988.0,9298.0,1,0
24053,31990.0,9298.0,1,1
24054,31991.0,9298.0,1,0
24055,31993.0,9299.0,1,0
24056,31994.0,9299.0,1,0
24057,31995.0,9301.0,1,0
24058,31997.0,9301.0,1,1
24059,31998.0,9301.0,1,0
24060,31999.0,9301.0,1,0
24061,32000.0,9301.0,1,0
24062,32001.0,9301.0,1,0
24063,32002.0,9301.0,1,1
24064,32003.0,9302.0,1,0
24065,32004.0,9302.0,1,1
24066,32007.0,9303.0,1,0
24067,32008.0,9303.0,1,0
24068,32009.0,9304.0,1,0
24069,32010.0,9305.0,1,0
24070,32011.0,9305.0,1,0
24071,32015.0,9307.0,1,1
24072,32016.0,9307.0,1,0
24073,32017.0,9307.0,1,0
24074,32019.0,9307.0,1,1
24075,32021.0,9308.0,1,0
24076,32022.0,9308.0,1,1
24077,32023.0,9308.0,1,0
24078,32025.0,9308.0,1,1
24079,32026.0,9308.0,1,0
24080,32027.0,9308.0,1,0
24081,32028.0,9309.0,1,0
24082,32030.0,9309.0,1,1
24083,32031.0,9309.0,1,0
24084,32033.0,9310.0,1,1
24085,32034.0,9310.0,1,1
24086,32035.0,9310.0,1,0
24087,32037.0,9311.0,1,1
24088,32038.0,9311.0,1,0
24089,32039.0,9312.0,1,0
24090,32040.0,9312.0,1,1
24091,32041.0,9312.0,1,0
24092,32042.0,9312.0,1,1
24093,32044.0,9313.0,1,0
24094,32046.0,9313.0,1,1
24095,32047.0,9313.0,1,0
24096,32048.0,9313.0,1,1
24097,32051.0,9315.0,1,1
24098,32053.0,9315.0,1,0
24099,32056.0,9317.0,1,1
24100,32057.0,9317.0,1,1
24101,32058.0,9317.0,1,0
24102,32059.0,9317.0,1,0
24103,32061.0,9317.0,1,0
24104,32064.0,9318.0,1,0
24105,32065.0,9318.0,1,0
24106,32066.0,9319.0,1,1
24107,32067.0,9319.0,1,0
24108,32068.0,9319.0,1,0
24109,32069.0,9319.0,1,1
24110,32070.0,9319.0,1,0
24111,32071.0,9319.0,1,0
24112,32072.0,9319.0,1,0
24113,32073.0,9319.0,1,1
24114,32076.0,9320.0,1,0
24115,32077.0,9321.0,1,1
24116,32078.0,9321.0,1,1
24117,32079.0,9322.0,1,1
24118,32081.0,9322.0,1,1
24119,32083.0,9322.0,1,0
24120,32084.0,9323.0,1,0
24121,32085.0,9323.0,1,0
24122,32089.0,9323.0,1,0
24123,32090.0,9324.0,1,0
24124,32093.0,9324.0,1,1
24125,32094.0,9324.0,1,0
24126,32095.0,9325.0,1,1
24127,32096.0,9325.0,1,1
24128,32100.0,9329.0,1,1
24129,32101.0,9330.0,1,1
24130,32102.0,9330.0,1,0
24131,32105.0,9331.0,1,0
24132,32107.0,9331.0,1,0
24133,32108.0,9331.0,1,0
24134,32109.0,9331.0,1,0
24135,32110.0,9332.0,1,0
24136,32111.0,9332.0,1,0
24137,32112.0,9333.0,1,0
24138,32113.0,9333.0,1,0
24139,32115.0,9334.0,1,0
24140,32116.0,9334.0,1,0
24141,32117.0,9334.0,1,0
24142,32118.0,9334.0,1,1
24143,32119.0,9334.0,1,0
24144,32121.0,9335.0,1,0
24145,32122.0,9335.0,1,0
24146,32124.0,9335.0,1,1
24147,32125.0,9335.0,1,0
24148,32126.0,9335.0,1,0
24149,32127.0,9335.0,1,0
24150,32128.0,9336.0,1,1
24151,32129.0,9336.0,1,0
24152,32130.0,9336.0,1,0
24153,32131.0,9336.0,1,0
24154,32132.0,9336.0,1,0
24155,32133.0,9337.0,1,1
24156,32134.0,9337.0,1,1
24157,32136.0,9337.0,1,1
24158,32137.0,9338.0,1,0
24159,32138.0,9338.0,1,0
24160,32139.0,9338.0,1,0
24161,32140.0,9339.0,1,0
24162,32141.0,9339.0,1,0
24163,32144.0,9340.0,1,0
24164,32145.0,9340.0,1,0
24165,32146.0,9340.0,1,1
24166,32149.0,9340.0,1,1
24167,32150.0,9340.0,1,0
24168,32152.0,9341.0,1,0
24169,32153.0,9341.0,1,0
24170,32157.0,9342.0,1,1
24171,32158.0,9343.0,1,0
24172,32160.0,9344.0,1,0
24173,32161.0,9345.0,1,1
24174,32162.0,9345.0,1,0
24175,32163.0,9345.0,1,0
24176,32164.0,9345.0,1,0
24177,32165.0,9346.0,1,0
24178,32166.0,9346.0,1,0
24179,32167.0,9346.0,1,0
24180,32168.0,9346.0,1,1
24181,32169.0,9347.0,1,1
24182,32170.0,9347.0,1,0
24183,32171.0,9348.0,1,0
24184,32172.0,9348.0,1,1
24185,32174.0,9348.0,1,0
24186,32175.0,9348.0,1,1
24187,32176.0,9349.0,1,0
24188,32178.0,9349.0,1,0
24189,32179.0,9350.0,1,1
24190,32180.0,9350.0,1,0
24191,32181.0,9350.0,1,1
24192,32182.0,9351.0,1,1
24193,32183.0,9351.0,1,0
24194,32184.0,9351.0,1,0
24195,32185.0,9351.0,1,0
24196,32187.0,9351.0,1,0
24197,32188.0,9351.0,1,0
24198,32190.0,9353.0,1,0
24199,32192.0,9353.0,1,1
24200,32193.0,9354.0,1,0
24201,32194.0,9354.0,1,1
24202,32195.0,9354.0,1,1
24203,32196.0,9354.0,1,0
24204,32197.0,9355.0,1,0
24205,32198.0,9355.0,1,1
24206,32199.0,9355.0,1,0
24207,32200.0,9356.0,1,0
24208,32201.0,9356.0,1,1
24209,32202.0,9356.0,1,0
24210,32203.0,9356.0,1,0
24211,32204.0,9356.0,1,1
24212,32205.0,9357.0,1,0
24213,32207.0,9357.0,1,0
24214,32208.0,9357.0,1,1
24215,32211.0,9358.0,1,0
24216,32212.0,9358.0,1,1
24217,32214.0,9358.0,1,1
24218,32215.0,9358.0,1,0
24219,32216.0,9359.0,1,0
24220,32217.0,9360.0,1,0
24221,32219.0,9361.0,1,0
24222,32220.0,9361.0,1,0
24223,32221.0,9362.0,1,0
24224,32224.0,9362.0,1,0
24225,32225.0,9362.0,1,0
24226,32226.0,9362.0,1,1
24227,32227.0,9364.0,1,0
24228,32229.0,9365.0,1,0
24229,32230.0,9366.0,1,1
24230,32231.0,9366.0,1,0
24231,32233.0,9366.0,1,0
24232,32236.0,9366.0,1,0
24233,32237.0,9367.0,1,0
24234,32238.0,9367.0,1,0
24235,32239.0,9367.0,1,0
24236,32240.0,9367.0,1,0
24237,32241.0,9367.0,1,0
24238,32242.0,9367.0,1,0
24239,32243.0,9367.0,1,0
24240,32245.0,9368.0,1,0
24241,32246.0,9370.0,1,0
24242,32247.0,9370.0,1,0
24243,32248.0,9370.0,1,1
24244,32249.0,9370.0,1,0
24245,32250.0,9370.0,1,0
24246,32251.0,9370.0,1,0
24247,32255.0,9371.0,1,0
24248,32256.0,9371.0,1,0
24249,32258.0,9372.0,1,0
24250,32259.0,9372.0,1,0
24251,32260.0,9372.0,1,0
24252,32261.0,9372.0,1,1
24253,32262.0,9373.0,1,0
24254,32263.0,9374.0,1,1
24255,32264.0,9374.0,1,0
24256,32265.0,9374.0,1,1
24257,32267.0,9375.0,1,0
24258,32269.0,9375.0,1,1
24259,32270.0,9375.0,1,1
24260,32271.0,9376.0,1,0
24261,32274.0,9376.0,1,1
24262,32275.0,9376.0,1,0
24263,32276.0,9377.0,1,0
24264,32277.0,9377.0,1,0
24265,32278.0,9378.0,1,1
24266,32279.0,9378.0,1,0
24267,32281.0,9378.0,1,0
24268,32282.0,9379.0,1,0
24269,32283.0,9379.0,1,1
24270,32284.0,9380.0,1,1
24271,32287.0,9380.0,1,0
24272,32289.0,9380.0,1,0
24273,32290.0,9383.0,1,0
24274,32291.0,9383.0,1,1
24275,32292.0,9383.0,1,1
24276,32294.0,9383.0,1,0
24277,32297.0,9385.0,1,1
24278,32298.0,9385.0,1,1
24279,32302.0,9387.0,1,1
24280,32304.0,9388.0,1,0
24281,32306.0,9388.0,1,0
24282,32307.0,9388.0,1,0
24283,32311.0,9389.0,1,0
24284,32312.0,9389.0,1,0
24285,32313.0,9389.0,1,0
24286,32314.0,9389.0,1,0
24287,32315.0,9389.0,1,0
24288,32316.0,9389.0,1,1
24289,32319.0,9390.0,1,0
24290,32320.0,9390.0,1,1
24291,32322.0,9390.0,1,0
24292,32323.0,9390.0,1,1
24293,32324.0,9391.0,1,1
24294,32326.0,9392.0,1,0
24295,32327.0,9392.0,1,0
24296,32328.0,9392.0,1,0
24297,32330.0,9393.0,1,0
24298,32331.0,9393.0,1,1
24299,32333.0,9393.0,1,0
24300,32334.0,9393.0,1,1
24301,32335.0,9394.0,1,1
24302,32337.0,9394.0,1,0
24303,32339.0,9395.0,1,1
24304,32340.0,9395.0,1,0
24305,32341.0,9395.0,1,0
24306,32342.0,9395.0,1,1
24307,32343.0,9395.0,1,0
24308,32344.0,9395.0,1,0
24309,32346.0,9395.0,1,0
24310,32347.0,9396.0,1,0
24311,32349.0,9396.0,1,0
24312,32350.0,9396.0,1,1
24313,32351.0,9397.0,1,1
24314,32352.0,9397.0,1,0
24315,32354.0,9398.0,1,1
24316,32355.0,9398.0,1,0
24317,32358.0,9398.0,1,0
24318,32359.0,9398.0,1,0
24319,32360.0,9399.0,1,0
24320,32361.0,9399.0,1,1
24321,32362.0,9399.0,1,1
24322,32363.0,9399.0,1,1
24323,32364.0,9399.0,1,0
24324,32365.0,9399.0,1,0
24325,32366.0,9399.0,1,0
24326,32367.0,9400.0,1,0
24327,32368.0,9400.0,1,0
24328,32369.0,9400.0,1,0
24329,32370.0,9400.0,1,0
24330,32372.0,9401.0,1,0
24331,32373.0,9401.0,1,0
24332,32374.0,9402.0,1,1
24333,32375.0,9403.0,1,0
24334,32377.0,9403.0,1,0
24335,32378.0,9404.0,1,0
24336,32379.0,9405.0,1,1
24337,32381.0,9405.0,1,0
24338,32383.0,9407.0,1,0
24339,32384.0,9407.0,1,0
24340,32385.0,9408.0,1,0
24341,32387.0,9409.0,1,1
24342,32388.0,9412.0,1,1
24343,32390.0,9413.0,1,0
24344,32391.0,9413.0,1,1
24345,32392.0,9413.0,1,0
24346,32393.0,9413.0,1,0
24347,32395.0,9414.0,1,0
24348,32396.0,9414.0,1,0
24349,32397.0,9414.0,1,0
24350,32398.0,9414.0,1,0
24351,32399.0,9414.0,1,0
24352,32400.0,9415.0,1,1
24353,32403.0,9415.0,1,0
24354,32404.0,9416.0,1,0
24355,32405.0,9417.0,1,0
24356,32406.0,9417.0,1,0
24357,32407.0,9417.0,1,0
24358,32409.0,9417.0,1,0
24359,32410.0,9418.0,1,0
24360,32411.0,9418.0,1,1
24361,32412.0,9418.0,1,1
24362,32413.0,9419.0,1,0
24363,32415.0,9419.0,1,0
24364,32417.0,9419.0,1,0
24365,32418.0,9419.0,1,1
24366,32419.0,9419.0,1,0
24367,32421.0,9419.0,1,0
24368,32422.0,9419.0,1,1
24369,32423.0,9420.0,1,1
24370,32425.0,9421.0,1,1
24371,32426.0,9421.0,1,0
24372,32427.0,9421.0,1,1
24373,32428.0,9421.0,1,0
24374,32429.0,9422.0,1,0
24375,32431.0,9423.0,1,1
24376,32432.0,9423.0,1,0
24377,32434.0,9424.0,1,0
24378,32435.0,9424.0,1,0
24379,32437.0,9425.0,1,0
24380,32440.0,9425.0,1,1
24381,32442.0,9427.0,1,0
24382,32443.0,9427.0,1,0
24383,32444.0,9427.0,1,0
24384,32446.0,9428.0,1,0
24385,32448.0,9428.0,1,0
24386,32450.0,9428.0,1,0
24387,32451.0,9428.0,1,0
24388,32452.0,9428.0,1,0
24389,32453.0,9429.0,1,1
24390,32455.0,9429.0,1,0
24391,32456.0,9429.0,1,0
24392,32457.0,9429.0,1,0
24393,32458.0,9429.0,1,1
24394,32460.0,9430.0,1,1
24395,32461.0,9430.0,1,0
24396,32462.0,9430.0,1,0
24397,32463.0,9430.0,1,0
24398,32464.0,9431.0,1,0
24399,32465.0,9431.0,1,0
24400,32466.0,9433.0,1,0
24401,32467.0,9433.0,1,0
24402,32468.0,9433.0,1,0
24403,32469.0,9433.0,1,1
24404,32470.0,9434.0,1,0
24405,32471.0,9434.0,1,0
24406,32472.0,9435.0,1,0
24407,32476.0,9437.0,1,1
24408,32477.0,9437.0,1,0
24409,32478.0,9437.0,1,0
24410,32479.0,9437.0,1,1
24411,32481.0,9438.0,1,0
24412,32482.0,9438.0,1,0
24413,32483.0,9438.0,1,0
24414,32484.0,9438.0,1,0
24415,32485.0,9438.0,1,0
24416,32487.0,9438.0,1,0
24417,32488.0,9439.0,1,1
24418,32489.0,9439.0,1,0
24419,32490.0,9439.0,1,0
24420,32491.0,9439.0,1,0
24421,32492.0,9439.0,1,0
24422,32493.0,9440.0,1,0
24423,32495.0,9440.0,1,0
24424,32496.0,9440.0,1,1
24425,32498.0,9441.0,1,0
24426,32499.0,9441.0,1,1
24427,32500.0,9441.0,1,0
24428,32501.0,9443.0,1,0
24429,32502.0,9444.0,1,0
24430,32503.0,9444.0,1,0
24431,32504.0,9444.0,1,0
24432,32506.0,9444.0,1,0
24433,32507.0,9445.0,1,1
24434,32508.0,9446.0,1,1
24435,32510.0,9446.0,1,0
24436,32511.0,9446.0,1,0
24437,32512.0,9447.0,1,0
24438,32513.0,9447.0,1,0
24439,32515.0,9448.0,1,1
24440,32517.0,9448.0,1,1
24441,32518.0,9448.0,1,0
24442,32519.0,9448.0,1,1
24443,32520.0,9448.0,1,1
24444,32523.0,9449.0,1,1
24445,32524.0,9450.0,1,0
24446,32525.0,9450.0,1,1
24447,32526.0,9450.0,1,0
24448,32527.0,9451.0,1,1
24449,32529.0,9451.0,1,1
24450,32530.0,9451.0,1,0
24451,32532.0,9452.0,1,1
24452,32533.0,9452.0,1,1
24453,32534.0,9452.0,1,1
24454,32535.0,9452.0,1,1
24455,32537.0,9452.0,1,1
24456,32539.0,9453.0,1,1
24457,32540.0,9453.0,1,0
24458,32541.0,9454.0,1,1
24459,32542.0,9454.0,1,0
24460,32544.0,9454.0,1,0
24461,32545.0,9454.0,1,1
24462,32546.0,9454.0,1,0
24463,32548.0,9455.0,1,0
24464,32549.0,9455.0,1,1
24465,32551.0,9456.0,1,0
24466,32552.0,9457.0,1,0
24467,32553.0,9457.0,1,0
24468,32554.0,9457.0,1,1
24469,32556.0,9457.0,1,0
24470,32557.0,9458.0,1,0
24471,32558.0,9458.0,1,1
24472,32559.0,9458.0,1,0
24473,32560.0,9458.0,1,0
24474,32561.0,9458.0,1,0
24475,32562.0,9459.0,1,1
24476,32563.0,9459.0,1,0
24477,32565.0,9460.0,1,1
24478,32566.0,9460.0,1,1
24479,32567.0,9460.0,1,0
24480,32568.0,9460.0,1,0
24481,32569.0,9460.0,1,0
24482,32570.0,9461.0,1,0
24483,32571.0,9461.0,1,1
24484,32572.0,9462.0,1,0
24485,32573.0,9462.0,1,0
24486,32574.0,9462.0,1,0
24487,32576.0,9463.0,1,1
24488,32577.0,9464.0,1,0
24489,32578.0,9464.0,1,0
24490,32579.0,9465.0,1,0
24491,32581.0,9465.0,1,1
24492,32582.0,9465.0,1,0
24493,32583.0,9465.0,1,0
24494,32585.0,9465.0,1,0
24495,32586.0,9466.0,1,0
24496,32587.0,9466.0,1,0
24497,32589.0,9466.0,1,0
24498,32590.0,9467.0,1,1
24499,32591.0,9467.0,1,1
24500,32592.0,9467.0,1,0
24501,32593.0,9467.0,1,1
24502,32594.0,9467.0,1,0
24503,32595.0,9468.0,1,0
24504,32596.0,9468.0,1,0
24505,32597.0,9468.0,1,0
24506,32598.0,9468.0,1,1
24507,32599.0,9468.0,1,1
24508,32600.0,9468.0,1,0
24509,32602.0,9469.0,1,1
24510,32603.0,9469.0,1,1
24511,32604.0,9469.0,1,0
24512,32605.0,9469.0,1,1
24513,32606.0,9470.0,1,1
24514,32610.0,9471.0,1,0
24515,32613.0,9472.0,1,0
24516,32615.0,9472.0,1,1
24517,32616.0,9472.0,1,0
24518,32617.0,9472.0,1,0
24519,32618.0,9473.0,1,0
24520,32620.0,9473.0,1,1
24521,32622.0,9473.0,1,0
24522,32623.0,9473.0,1,1
24523,32625.0,9473.0,1,1
24524,32626.0,9473.0,1,1
24525,32627.0,9474.0,1,1
24526,32628.0,9474.0,1,0
24527,32629.0,9474.0,1,0
24528,32630.0,9474.0,1,0
24529,32631.0,9475.0,1,0
24530,32632.0,9475.0,1,1
24531,32635.0,9475.0,1,1
24532,32636.0,9476.0,1,0
24533,32637.0,9477.0,1,1
24534,32638.0,9477.0,1,1
24535,32639.0,9477.0,1,0
24536,32640.0,9477.0,1,1
24537,32641.0,9477.0,1,0
24538,32642.0,9477.0,1,0
24539,32643.0,9478.0,1,0
24540,32644.0,9478.0,1,0
24541,32645.0,9478.0,1,0
24542,32646.0,9478.0,1,0
24543,32647.0,9479.0,1,0
24544,32648.0,9479.0,1,0
24545,32649.0,9479.0,1,0
24546,32650.0,9479.0,1,0
24547,32654.0,9480.0,1,0
24548,32655.0,9480.0,1,0
24549,32656.0,9480.0,1,0
24550,32657.0,9480.0,1,0
24551,32658.0,9480.0,1,1
24552,32660.0,9480.0,1,0
24553,32661.0,9481.0,1,0
24554,32662.0,9483.0,1,0
24555,32663.0,9484.0,1,0
24556,32664.0,9484.0,1,0
24557,32666.0,9485.0,1,0
24558,32667.0,9486.0,1,0
24559,32668.0,9486.0,1,0
24560,32669.0,9487.0,1,1
24561,32670.0,9487.0,1,1
24562,32671.0,9487.0,1,0
24563,32674.0,9488.0,1,0
24564,32675.0,9488.0,1,0
24565,32677.0,9490.0,1,0
24566,32678.0,9491.0,1,1
24567,32679.0,9491.0,1,1
24568,32681.0,9492.0,1,1
24569,32683.0,9492.0,1,1
24570,32686.0,9493.0,1,0
24571,32689.0,9493.0,1,0
24572,32690.0,9494.0,1,1
24573,32691.0,9494.0,1,0
24574,32692.0,9494.0,1,0
24575,32693.0,9494.0,1,1
24576,32694.0,9495.0,1,1
24577,32696.0,9497.0,1,1
24578,32697.0,9499.0,1,1
24579,32698.0,9500.0,1,1
24580,32699.0,9500.0,1,0
24581,32700.0,9500.0,1,1
24582,32701.0,9500.0,1,1
24583,32702.0,9501.0,1,0
24584,32703.0,9501.0,1,1
24585,32704.0,9501.0,1,0
24586,32705.0,9502.0,1,1
24587,32706.0,9503.0,1,0
24588,32707.0,9503.0,1,0
24589,32709.0,9504.0,1,1
24590,32710.0,9504.0,1,0
24591,32711.0,9504.0,1,1
24592,32712.0,9504.0,1,0
24593,32713.0,9505.0,1,0
24594,32714.0,9506.0,1,0
24595,32716.0,9507.0,1,1
24596,32717.0,9507.0,1,1
24597,32718.0,9508.0,1,1
24598,32720.0,9510.0,1,0
24599,32721.0,9510.0,1,0
24600,32722.0,9512.0,1,0
24601,32723.0,9512.0,1,0
24602,32724.0,9512.0,1,1
24603,32725.0,9512.0,1,1
24604,32727.0,9512.0,1,0
24605,32728.0,9512.0,1,0
24606,32729.0,9512.0,1,0
24607,32730.0,9512.0,1,1
24608,32731.0,9512.0,1,1
24609,32733.0,9513.0,1,1
24610,32734.0,9513.0,1,0
24611,32735.0,9514.0,1,0
24612,32736.0,9514.0,1,0
24613,32737.0,9514.0,1,0
24614,32738.0,9514.0,1,0
24615,32739.0,9514.0,1,0
24616,32741.0,9515.0,1,0
24617,32743.0,9516.0,1,0
24618,32744.0,9517.0,1,1
24619,32745.0,9517.0,1,0
24620,32746.0,9518.0,1,1
24621,32749.0,9518.0,1,0
24622,32750.0,9518.0,1,1
24623,32751.0,9518.0,1,0
24624,32752.0,9519.0,1,0
24625,32754.0,9519.0,1,1
24626,32755.0,9519.0,1,0
24627,32756.0,9519.0,1,0
24628,32757.0,9519.0,1,1
24629,32758.0,9519.0,1,1
24630,32760.0,9519.0,1,1
24631,32761.0,9520.0,1,0
24632,32763.0,9521.0,1,0
24633,32765.0,9522.0,1,0
24634,32766.0,9522.0,1,1
24635,32767.0,9523.0,1,0
24636,32768.0,9524.0,1,1
24637,32769.0,9524.0,1,0
24638,32770.0,9524.0,1,1
24639,32771.0,9524.0,1,0
24640,32772.0,9525.0,1,0
24641,32773.0,9526.0,1,0
24642,32774.0,9526.0,1,0
24643,32775.0,9526.0,1,0
24644,32779.0,9527.0,1,0
24645,32780.0,9527.0,1,0
24646,32781.0,9527.0,1,0
24647,32782.0,9527.0,1,0
24648,32783.0,9527.0,1,0
24649,32785.0,9527.0,1,1
24650,32787.0,9528.0,1,0
24651,32788.0,9528.0,1,1
24652,32790.0,9528.0,1,0
24653,32791.0,9528.0,1,0
24654,32792.0,9529.0,1,0
24655,32793.0,9530.0,1,1
24656,32794.0,9530.0,1,0
24657,32795.0,9531.0,1,0
24658,32796.0,9531.0,1,0
24659,32797.0,9531.0,1,1
24660,32798.0,9531.0,1,0
24661,32799.0,9531.0,1,0
24662,32800.0,9531.0,1,0
24663,32801.0,9531.0,1,1
24664,32802.0,9531.0,1,0
24665,32803.0,9532.0,1,1
24666,32804.0,9532.0,1,1
24667,32806.0,9532.0,1,0
24668,32807.0,9534.0,1,0
24669,32808.0,9534.0,1,0
24670,32809.0,9534.0,1,0
24671,32810.0,9534.0,1,1
24672,32812.0,9535.0,1,1
24673,32815.0,9537.0,1,1
24674,32817.0,9538.0,1,0
24675,32818.0,9538.0,1,0
24676,32819.0,9538.0,1,1
24677,32820.0,9538.0,1,0
24678,32821.0,9539.0,1,1
24679,32822.0,9540.0,1,0
24680,32823.0,9540.0,1,0
24681,32825.0,9540.0,1,0
24682,32826.0,9540.0,1,0
24683,32827.0,9540.0,1,0
24684,32829.0,9540.0,1,1
24685,32830.0,9541.0,1,0
24686,32831.0,9541.0,1,0
24687,32832.0,9541.0,1,0
24688,32833.0,9541.0,1,0
24689,32834.0,9541.0,1,1
24690,32836.0,9541.0,1,0
24691,32838.0,9542.0,1,0
24692,32839.0,9542.0,1,0
24693,32840.0,9542.0,1,0
24694,32841.0,9542.0,1,1
24695,32843.0,9543.0,1,0
24696,32844.0,9543.0,1,0
24697,32845.0,9544.0,1,0
24698,32846.0,9544.0,1,0
24699,32847.0,9544.0,1,0
24700,32848.0,9545.0,1,0
24701,32849.0,9545.0,1,0
24702,32850.0,9545.0,1,1
24703,32851.0,9545.0,1,1
24704,32852.0,9546.0,1,0
24705,32853.0,9546.0,1,0
24706,32855.0,9546.0,1,0
24707,32856.0,9546.0,1,0
24708,32857.0,9546.0,1,0
24709,32859.0,9546.0,1,0
24710,32861.0,9547.0,1,0
24711,32862.0,9547.0,1,0
24712,32863.0,9548.0,1,0
24713,32864.0,9548.0,1,0
24714,32866.0,9549.0,1,1
24715,32867.0,9549.0,1,0
24716,32868.0,9549.0,1,1
24717,32869.0,9549.0,1,0
24718,32870.0,9550.0,1,0
24719,32872.0,9550.0,1,1
24720,32873.0,9550.0,1,1
24721,32874.0,9551.0,1,0
24722,32875.0,9551.0,1,1
24723,32876.0,9551.0,1,0
24724,32879.0,9553.0,1,0
24725,32880.0,9554.0,1,0
24726,32881.0,9554.0,1,1
24727,32882.0,9555.0,1,0
24728,32883.0,9556.0,1,0
24729,32884.0,9556.0,1,0
24730,32885.0,9556.0,1,1
24731,32886.0,9557.0,1,0
24732,32887.0,9557.0,1,0
24733,32888.0,9557.0,1,0
24734,32889.0,9557.0,1,0
24735,32890.0,9557.0,1,0
24736,32891.0,9557.0,1,0
24737,32892.0,9558.0,1,0
24738,32895.0,9558.0,1,0
24739,32897.0,9558.0,1,1
24740,32898.0,9558.0,1,1
24741,32899.0,9558.0,1,0
24742,32900.0,9559.0,1,1
24743,32901.0,9560.0,1,1
24744,32902.0,9560.0,1,0
24745,32904.0,9560.0,1,0
24746,32905.0,9560.0,1,0
24747,32906.0,9560.0,1,0
24748,32907.0,9560.0,1,1
24749,32908.0,9560.0,1,0
24750,32909.0,9561.0,1,0
24751,32910.0,9562.0,1,0
24752,32912.0,9562.0,1,0
24753,32913.0,9562.0,1,0
24754,32914.0,9563.0,1,0
24755,32915.0,9563.0,1,0
24756,32916.0,9563.0,1,1
24757,32918.0,9564.0,1,0
24758,32919.0,9564.0,1,0
24759,32921.0,9565.0,1,0
24760,32922.0,9566.0,1,0
24761,32923.0,9566.0,1,0
24762,32924.0,9566.0,1,1
24763,32925.0,9566.0,1,1
24764,32927.0,9566.0,1,1
24765,32928.0,9566.0,1,0
24766,32929.0,9567.0,1,0
24767,32931.0,9567.0,1,0
24768,32932.0,9567.0,1,1
24769,32933.0,9567.0,1,1
24770,32934.0,9567.0,1,0
24771,32935.0,9567.0,1,0
24772,32936.0,9568.0,1,0
24773,32937.0,9568.0,1,1
24774,32940.0,9568.0,1,0
24775,32941.0,9568.0,1,0
24776,32942.0,9568.0,1,0
24777,32944.0,9570.0,1,1
24778,32947.0,9571.0,1,0
24779,32949.0,9571.0,1,1
24780,32951.0,9572.0,1,0
24781,32952.0,9572.0,1,0
24782,32953.0,9572.0,1,0
24783,32954.0,9572.0,1,0
24784,32955.0,9572.0,1,0
24785,32956.0,9574.0,1,1
24786,32957.0,9574.0,1,0
24787,32958.0,9574.0,1,0
24788,32959.0,9574.0,1,0
24789,32960.0,9574.0,1,1
24790,32962.0,9574.0,1,0
24791,32965.0,9574.0,1,1
24792,32966.0,9575.0,1,0
24793,32967.0,9575.0,1,1
24794,32969.0,9576.0,1,1
24795,32970.0,9576.0,1,0
24796,32971.0,9576.0,1,1
24797,32972.0,9576.0,1,0
24798,32974.0,9576.0,1,0
24799,32975.0,9577.0,1,0
24800,32976.0,9577.0,1,0
24801,32977.0,9577.0,1,0
24802,32978.0,9578.0,1,1
24803,32980.0,9580.0,1,1
24804,32981.0,9581.0,1,0
24805,32982.0,9581.0,1,1
24806,32984.0,9581.0,1,1
24807,32985.0,9583.0,1,0
24808,32987.0,9584.0,1,0
24809,32988.0,9584.0,1,0
24810,32989.0,9584.0,1,0
24811,32990.0,9584.0,1,0
24812,32992.0,9585.0,1,1
24813,32995.0,9586.0,1,0
24814,32996.0,9586.0,1,0
24815,32997.0,9586.0,1,1
24816,32998.0,9586.0,1,0
24817,33000.0,9587.0,1,0
24818,33001.0,9587.0,1,1
24819,33005.0,9587.0,1,0
24820,33008.0,9588.0,1,0
24821,33009.0,9588.0,1,0
24822,33010.0,9588.0,1,1
24823,33011.0,9590.0,1,1
24824,33012.0,9590.0,1,1
24825,33013.0,9590.0,1,0
24826,33014.0,9590.0,1,1
24827,33015.0,9590.0,1,0
24828,33016.0,9590.0,1,1
24829,33017.0,9590.0,1,0
24830,33018.0,9591.0,1,0
24831,33019.0,9591.0,1,0
24832,33021.0,9592.0,1,0
24833,33022.0,9592.0,1,0
24834,33023.0,9592.0,1,1
24835,33024.0,9593.0,1,0
24836,33025.0,9593.0,1,0
24837,33027.0,9594.0,1,1
24838,33028.0,9594.0,1,0
24839,33029.0,9594.0,1,0
24840,33030.0,9594.0,1,0
24841,33033.0,9595.0,1,0
24842,33035.0,9595.0,1,0
24843,33036.0,9595.0,1,0
24844,33037.0,9595.0,1,0
24845,33038.0,9596.0,1,0
24846,33040.0,9596.0,1,0
24847,33042.0,9597.0,1,0
24848,33043.0,9597.0,1,1
24849,33044.0,9598.0,1,0
24850,33045.0,9598.0,1,1
24851,33047.0,9600.0,1,0
24852,33048.0,9601.0,1,1
24853,33049.0,9602.0,1,0
24854,33051.0,9603.0,1,0
24855,33052.0,9603.0,1,0
24856,33053.0,9603.0,1,0
24857,33055.0,9603.0,1,0
24858,33056.0,9604.0,1,0
24859,33057.0,9604.0,1,1
24860,33058.0,9604.0,1,0
24861,33059.0,9604.0,1,0
24862,33060.0,9604.0,1,1
24863,33061.0,9604.0,1,0
24864,33062.0,9604.0,1,1
24865,33063.0,9604.0,1,1
24866,33064.0,9604.0,1,1
24867,33065.0,9605.0,1,0
24868,33066.0,9605.0,1,0
24869,33067.0,9606.0,1,0
24870,33071.0,9606.0,1,1
24871,33072.0,9606.0,1,1
24872,33075.0,9608.0,1,0
24873,33077.0,9610.0,1,0
24874,33078.0,9610.0,1,0
24875,33079.0,9611.0,1,1
24876,33081.0,9611.0,1,0
24877,33082.0,9611.0,1,0
24878,33083.0,9611.0,1,1
24879,33086.0,9612.0,1,0
24880,33090.0,9614.0,1,0
24881,33091.0,9614.0,1,0
24882,33092.0,9614.0,1,0
24883,33093.0,9615.0,1,0
24884,33095.0,9615.0,1,0
24885,33096.0,9616.0,1,1
24886,33097.0,9616.0,1,0
24887,33098.0,9617.0,1,0
24888,33099.0,9617.0,1,1
24889,33101.0,9617.0,1,1
24890,33102.0,9618.0,1,0
24891,33104.0,9618.0,1,1
24892,33105.0,9618.0,1,0
24893,33106.0,9618.0,1,0
24894,33108.0,9619.0,1,1
24895,33109.0,9619.0,1,1
24896,33111.0,9620.0,1,0
24897,33113.0,9622.0,1,0
24898,33114.0,9623.0,1,0
24899,33115.0,9623.0,1,0
24900,33116.0,9623.0,1,0
24901,33117.0,9623.0,1,0
24902,33120.0,9624.0,1,0
24903,33121.0,9625.0,1,0
24904,33122.0,9625.0,1,0
24905,33123.0,9625.0,1,0
24906,33125.0,9626.0,1,1
24907,33127.0,9626.0,1,1
24908,33128.0,9627.0,1,0
24909,33129.0,9627.0,1,1
24910,33130.0,9627.0,1,0
24911,33131.0,9628.0,1,0
24912,33132.0,9628.0,1,0
24913,33134.0,9628.0,1,1
24914,33136.0,9628.0,1,0
24915,33138.0,9629.0,1,0
24916,33140.0,9629.0,1,0
24917,33141.0,9630.0,1,1
24918,33143.0,9631.0,1,0
24919,33144.0,9631.0,1,0
24920,33147.0,9631.0,1,0
24921,33148.0,9632.0,1,1
24922,33149.0,9632.0,1,0
24923,33150.0,9633.0,1,0
24924,33151.0,9633.0,1,1
24925,33152.0,9633.0,1,0
24926,33153.0,9634.0,1,0
24927,33155.0,9634.0,1,0
24928,33157.0,9635.0,1,0
24929,33158.0,9635.0,1,1
24930,33159.0,9635.0,1,0
24931,33160.0,9635.0,1,0
24932,33161.0,9636.0,1,0
24933,33162.0,9636.0,1,0
24934,33163.0,9636.0,1,1
24935,33164.0,9636.0,1,1
24936,33165.0,9636.0,1,0
24937,33166.0,9636.0,1,1
24938,33167.0,9636.0,1,1
24939,33168.0,9637.0,1,0
24940,33169.0,9638.0,1,1
24941,33170.0,9638.0,1,1
24942,33171.0,9638.0,1,0
24943,33172.0,9638.0,1,0
24944,33173.0,9638.0,1,0
24945,33175.0,9639.0,1,1
24946,33176.0,9640.0,1,0
24947,33177.0,9640.0,1,1
24948,33178.0,9640.0,1,0
24949,33179.0,9640.0,1,0
24950,33181.0,9640.0,1,0
24951,33183.0,9641.0,1,0
24952,33185.0,9642.0,1,0
24953,33186.0,9642.0,1,0
24954,33188.0,9643.0,1,0
24955,33189.0,9643.0,1,1
24956,33190.0,9643.0,1,0
24957,33192.0,9643.0,1,0
24958,33193.0,9643.0,1,0
24959,33194.0,9644.0,1,0
24960,33195.0,9644.0,1,1
24961,33196.0,9644.0,1,0
24962,33198.0,9645.0,1,1
24963,33199.0,9645.0,1,1
24964,33200.0,9645.0,1,1
24965,33201.0,9646.0,1,0
24966,33202.0,9646.0,1,0
24967,33203.0,9646.0,1,0
24968,33204.0,9646.0,1,0
24969,33206.0,9646.0,1,0
24970,33208.0,9647.0,1,0
24971,33209.0,9647.0,1,1
24972,33210.0,9649.0,1,0
24973,33211.0,9649.0,1,1
24974,33212.0,9649.0,1,0
24975,33213.0,9649.0,1,1
24976,33214.0,9649.0,1,1
24977,33215.0,9650.0,1,0
24978,33216.0,9650.0,1,0
24979,33217.0,9650.0,1,0
24980,33218.0,9650.0,1,1
24981,33219.0,9650.0,1,0
24982,33220.0,9651.0,1,0
24983,33222.0,9651.0,1,1
24984,33223.0,9651.0,1,0
24985,33224.0,9651.0,1,0
24986,33225.0,9652.0,1,0
24987,33226.0,9652.0,1,1
24988,33227.0,9653.0,1,1
24989,33228.0,9653.0,1,1
24990,33229.0,9653.0,1,1
24991,33230.0,9653.0,1,1
24992,33231.0,9653.0,1,0
24993,33233.0,9654.0,1,0
24994,33234.0,9654.0,1,0
24995,33235.0,9654.0,1,0
24996,33236.0,9655.0,1,1
24997,33237.0,9655.0,1,1
24998,33238.0,9655.0,1,0
24999,33239.0,9655.0,1,1
25000,33240.0,9656.0,1,0
25001,33241.0,9656.0,1,0
25002,33242.0,9656.0,1,1
25003,33244.0,9657.0,1,0
25004,33246.0,9658.0,1,1
25005,33247.0,9658.0,1,0
25006,33248.0,9658.0,1,0
25007,33249.0,9658.0,1,1
25008,33250.0,9659.0,1,1
25009,33252.0,9659.0,1,0
25010,33253.0,9659.0,1,0
25011,33254.0,9659.0,1,0
25012,33257.0,9660.0,1,0
25013,33258.0,9660.0,1,1
25014,33260.0,9660.0,1,0
25015,33261.0,9660.0,1,0
25016,33262.0,9661.0,1,1
25017,33263.0,9662.0,1,0
25018,33265.0,9663.0,1,0
25019,33266.0,9663.0,1,0
25020,33267.0,9663.0,1,1
25021,33268.0,9663.0,1,0
25022,33269.0,9664.0,1,1
25023,33271.0,9664.0,1,0
25024,33272.0,9664.0,1,1
25025,33275.0,9666.0,1,0
25026,33276.0,9666.0,1,1
25027,33278.0,9666.0,1,1
25028,33280.0,9667.0,1,1
25029,33281.0,9667.0,1,0
25030,33282.0,9667.0,1,1
25031,33283.0,9667.0,1,0
25032,33284.0,9667.0,1,1
25033,33285.0,9667.0,1,1
25034,33287.0,9668.0,1,1
25035,33289.0,9668.0,1,0
25036,33291.0,9669.0,1,0
25037,33292.0,9669.0,1,1
25038,33293.0,9670.0,1,1
25039,33294.0,9670.0,1,0
25040,33295.0,9671.0,1,0
25041,33297.0,9671.0,1,0
25042,33298.0,9671.0,1,0
25043,33299.0,9672.0,1,0
25044,33300.0,9672.0,1,0
25045,33301.0,9672.0,1,0
25046,33303.0,9673.0,1,1
25047,33304.0,9673.0,1,0
25048,33305.0,9673.0,1,0
25049,33306.0,9673.0,1,0
25050,33307.0,9673.0,1,1
25051,33309.0,9674.0,1,0
25052,33312.0,9674.0,1,0
25053,33313.0,9674.0,1,0
25054,33315.0,9674.0,1,0
25055,33316.0,9675.0,1,1
25056,33317.0,9675.0,1,0
25057,33318.0,9675.0,1,1
25058,33319.0,9675.0,1,0
25059,33320.0,9675.0,1,0
25060,33322.0,9676.0,1,1
25061,33323.0,9677.0,1,0
25062,33324.0,9677.0,1,0
25063,33325.0,9677.0,1,0
25064,33326.0,9677.0,1,1
25065,33327.0,9677.0,1,1
25066,33328.0,9678.0,1,1
25067,33330.0,9678.0,1,0
25068,33331.0,9679.0,1,0
25069,33332.0,9679.0,1,0
25070,33333.0,9679.0,1,0
25071,33335.0,9679.0,1,1
25072,33337.0,9680.0,1,0
25073,33338.0,9681.0,1,0
25074,33339.0,9681.0,1,0
25075,33340.0,9682.0,1,0
25076,33341.0,9682.0,1,0
25077,33342.0,9682.0,1,0
25078,33343.0,9682.0,1,1
25079,33345.0,9682.0,1,0
25080,33347.0,9683.0,1,1
25081,33348.0,9683.0,1,1
25082,33350.0,9684.0,1,0
25083,33351.0,9685.0,1,1
25084,33352.0,9685.0,1,1
25085,33353.0,9686.0,1,0
25086,33354.0,9686.0,1,0
25087,33359.0,9687.0,1,0
25088,33360.0,9688.0,1,1
25089,33361.0,9688.0,1,0
25090,33362.0,9688.0,1,0
25091,33363.0,9688.0,1,1
25092,33366.0,9689.0,1,0
25093,33367.0,9689.0,1,0
25094,33369.0,9690.0,1,0
25095,33370.0,9690.0,1,0
25096,33371.0,9690.0,1,1
25097,33372.0,9690.0,1,1
25098,33373.0,9690.0,1,0
25099,33376.0,9692.0,1,1
25100,33378.0,9692.0,1,1
25101,33379.0,9693.0,1,0
25102,33380.0,9693.0,1,1
25103,33381.0,9693.0,1,0
25104,33382.0,9693.0,1,1
25105,33383.0,9694.0,1,0
25106,33385.0,9694.0,1,0
25107,33386.0,9694.0,1,1
25108,33388.0,9694.0,1,0
25109,33389.0,9694.0,1,0
25110,33390.0,9694.0,1,1
25111,33391.0,9694.0,1,0
25112,33392.0,9695.0,1,0
25113,33393.0,9695.0,1,0
25114,33394.0,9696.0,1,0
25115,33395.0,9696.0,1,0
25116,33398.0,9697.0,1,0
25117,33400.0,9697.0,1,0
25118,33403.0,9698.0,1,0
25119,33406.0,9699.0,1,0
25120,33407.0,9699.0,1,0
25121,33408.0,9699.0,1,1
25122,33410.0,9700.0,1,0
25123,33412.0,9701.0,1,0
25124,33414.0,9701.0,1,0
25125,33417.0,9702.0,1,1
25126,33418.0,9702.0,1,0
25127,33419.0,9703.0,1,0
25128,33422.0,9706.0,1,1
25129,33424.0,9707.0,1,0
25130,33425.0,9707.0,1,0
25131,33426.0,9707.0,1,1
25132,33427.0,9707.0,1,1
25133,33428.0,9707.0,1,0
25134,33430.0,9708.0,1,0
25135,33432.0,9708.0,1,1
25136,33433.0,9708.0,1,1
25137,33436.0,9708.0,1,0
25138,33437.0,9709.0,1,0
25139,33438.0,9709.0,1,1
25140,33439.0,9709.0,1,1
25141,33440.0,9709.0,1,1
25142,33441.0,9710.0,1,1
25143,33444.0,9710.0,1,1
25144,33445.0,9710.0,1,1
25145,33446.0,9710.0,1,0
25146,33447.0,9710.0,1,1
25147,33449.0,9710.0,1,0
25148,33451.0,9711.0,1,0
25149,33454.0,9711.0,1,0
25150,33455.0,9712.0,1,0
25151,33458.0,9713.0,1,0
25152,33459.0,9714.0,1,0
25153,33460.0,9714.0,1,0
25154,33461.0,9714.0,1,0
25155,33462.0,9714.0,1,0
25156,33463.0,9715.0,1,0
25157,33465.0,9715.0,1,1
25158,33466.0,9716.0,1,1
25159,33471.0,9717.0,1,0
25160,33472.0,9717.0,1,0
25161,33473.0,9717.0,1,1
25162,33474.0,9717.0,1,1
25163,33476.0,9718.0,1,1
25164,33477.0,9718.0,1,1
25165,33478.0,9718.0,1,1
25166,33479.0,9718.0,1,0
25167,33480.0,9719.0,1,0
25168,33483.0,9720.0,1,0
25169,33484.0,9720.0,1,1
25170,33485.0,9721.0,1,0
25171,33486.0,9721.0,1,1
25172,33487.0,9721.0,1,0
25173,33488.0,9722.0,1,0
25174,33491.0,9723.0,1,0
25175,33493.0,9724.0,1,0
25176,33494.0,9724.0,1,0
25177,33495.0,9724.0,1,0
25178,33496.0,9724.0,1,1
25179,33497.0,9725.0,1,0
25180,33498.0,9726.0,1,1
25181,33499.0,9726.0,1,1
25182,33500.0,9726.0,1,0
25183,33501.0,9727.0,1,1
25184,33504.0,9727.0,1,0
25185,33505.0,9728.0,1,0
25186,33506.0,9728.0,1,0
25187,33508.0,9730.0,1,0
25188,33509.0,9731.0,1,1
25189,33510.0,9732.0,1,0
25190,33511.0,9732.0,1,0
25191,33512.0,9733.0,1,1
25192,33513.0,9733.0,1,1
25193,33514.0,9733.0,1,1
25194,33515.0,9733.0,1,0
25195,33516.0,9734.0,1,0
25196,33517.0,9734.0,1,0
25197,33519.0,9734.0,1,0
25198,33520.0,9735.0,1,1
25199,33521.0,9735.0,1,1
25200,33524.0,9736.0,1,1
25201,33525.0,9738.0,1,1
25202,33526.0,9739.0,1,0
25203,33527.0,9739.0,1,1
25204,33528.0,9739.0,1,0
25205,33529.0,9740.0,1,1
25206,33530.0,9740.0,1,1
25207,33531.0,9740.0,1,1
25208,33533.0,9740.0,1,1
25209,33534.0,9740.0,1,1
25210,33535.0,9740.0,1,0
25211,33537.0,9741.0,1,0
25212,33538.0,9741.0,1,1
25213,33539.0,9741.0,1,0
25214,33540.0,9742.0,1,1
25215,33543.0,9742.0,1,0
25216,33544.0,9742.0,1,0
25217,33545.0,9742.0,1,0
25218,33546.0,9743.0,1,1
25219,33547.0,9743.0,1,0
25220,33548.0,9745.0,1,0
25221,33549.0,9746.0,1,0
25222,33552.0,9746.0,1,0
25223,33553.0,9746.0,1,0
25224,33554.0,9748.0,1,0
25225,33555.0,9748.0,1,0
25226,33556.0,9748.0,1,0
25227,33557.0,9749.0,1,0
25228,33558.0,9749.0,1,1
25229,33559.0,9749.0,1,0
25230,33561.0,9749.0,1,1
25231,33562.0,9750.0,1,0
25232,33563.0,9750.0,1,0
25233,33564.0,9750.0,1,0
25234,33565.0,9750.0,1,0
25235,33566.0,9750.0,1,1
25236,33567.0,9751.0,1,1
25237,33568.0,9751.0,1,0
25238,33569.0,9752.0,1,1
25239,33570.0,9752.0,1,0
25240,33571.0,9752.0,1,1
25241,33572.0,9752.0,1,0
25242,33573.0,9753.0,1,1
25243,33574.0,9754.0,1,0
25244,33575.0,9754.0,1,1
25245,33576.0,9754.0,1,0
25246,33578.0,9754.0,1,0
25247,33579.0,9754.0,1,1
25248,33580.0,9754.0,1,0
25249,33582.0,9755.0,1,0
25250,33584.0,9755.0,1,1
25251,33585.0,9757.0,1,1
25252,33586.0,9757.0,1,1
25253,33587.0,9758.0,1,0
25254,33588.0,9758.0,1,0
25255,33589.0,9758.0,1,1
25256,33590.0,9758.0,1,1
25257,33591.0,9758.0,1,0
25258,33592.0,9758.0,1,0
25259,33593.0,9758.0,1,0
25260,33594.0,9758.0,1,0
25261,33595.0,9758.0,1,0
25262,33596.0,9759.0,1,0
25263,33597.0,9760.0,1,0
25264,33598.0,9761.0,1,0
25265,33599.0,9761.0,1,0
25266,33600.0,9761.0,1,0
25267,33601.0,9761.0,1,1
25268,33602.0,9761.0,1,0
25269,33603.0,9762.0,1,0
25270,33604.0,9762.0,1,1
25271,33605.0,9762.0,1,1
25272,33606.0,9762.0,1,1
25273,33609.0,9763.0,1,1
25274,33610.0,9764.0,1,1
25275,33611.0,9764.0,1,0
25276,33612.0,9764.0,1,1
25277,33613.0,9764.0,1,0
25278,33614.0,9766.0,1,1
25279,33615.0,9766.0,1,0
25280,33616.0,9766.0,1,1
25281,33617.0,9766.0,1,1
25282,33618.0,9767.0,1,1
25283,33620.0,9767.0,1,0
25284,33621.0,9767.0,1,0
25285,33622.0,9767.0,1,0
25286,33625.0,9768.0,1,0
25287,33626.0,9768.0,1,0
25288,33627.0,9768.0,1,0
25289,33628.0,9769.0,1,0
25290,33630.0,9770.0,1,1
25291,33633.0,9771.0,1,0
25292,33634.0,9771.0,1,0
25293,33636.0,9771.0,1,0
25294,33637.0,9772.0,1,0
25295,33638.0,9773.0,1,1
25296,33639.0,9773.0,1,1
25297,33642.0,9774.0,1,0
25298,33644.0,9774.0,1,0
25299,33645.0,9774.0,1,0
25300,33646.0,9775.0,1,1
25301,33647.0,9775.0,1,1
25302,33649.0,9777.0,1,0
25303,33650.0,9777.0,1,0
25304,33651.0,9777.0,1,1
25305,33652.0,9777.0,1,0
25306,33653.0,9777.0,1,1
25307,33654.0,9777.0,1,0
25308,33655.0,9777.0,1,0
25309,33656.0,9777.0,1,1
25310,33657.0,9777.0,1,1
25311,33659.0,9778.0,1,0
25312,33660.0,9778.0,1,1
25313,33661.0,9778.0,1,0
25314,33662.0,9778.0,1,0
25315,33663.0,9779.0,1,0
25316,33664.0,9779.0,1,0
25317,33665.0,9780.0,1,1
25318,33666.0,9780.0,1,0
25319,33667.0,9781.0,1,0
25320,33670.0,9783.0,1,0
25321,33671.0,9783.0,1,0
25322,33672.0,9783.0,1,1
25323,33673.0,9783.0,1,0
25324,33674.0,9784.0,1,0
25325,33676.0,9785.0,1,0
25326,33678.0,9785.0,1,1
25327,33679.0,9785.0,1,0
25328,33680.0,9785.0,1,0
25329,33681.0,9785.0,1,1
25330,33682.0,9786.0,1,1
25331,33683.0,9786.0,1,0
25332,33685.0,9786.0,1,1
25333,33686.0,9786.0,1,0
25334,33687.0,9786.0,1,1
25335,33688.0,9787.0,1,1
25336,33689.0,9787.0,1,0
25337,33692.0,9787.0,1,0
25338,33693.0,9789.0,1,1
25339,33694.0,9789.0,1,0
25340,33695.0,9789.0,1,0
25341,33696.0,9789.0,1,0
25342,33698.0,9791.0,1,0
25343,33699.0,9791.0,1,1
25344,33700.0,9791.0,1,0
25345,33701.0,9791.0,1,0
25346,33703.0,9792.0,1,1
25347,33704.0,9792.0,1,0
25348,33705.0,9793.0,1,0
25349,33707.0,9793.0,1,1
25350,33708.0,9793.0,1,1
25351,33709.0,9793.0,1,0
25352,33710.0,9793.0,1,0
25353,33713.0,9793.0,1,0
25354,33715.0,9794.0,1,0
25355,33716.0,9794.0,1,0
25356,33717.0,9794.0,1,0
25357,33718.0,9794.0,1,0
25358,33719.0,9795.0,1,0
25359,33720.0,9796.0,1,1
25360,33721.0,9797.0,1,0
25361,33723.0,9798.0,1,0
25362,33725.0,9798.0,1,0
25363,33727.0,9799.0,1,1
25364,33728.0,9799.0,1,1
25365,33729.0,9799.0,1,1
25366,33730.0,9799.0,1,0
25367,33731.0,9800.0,1,1
25368,33732.0,9800.0,1,0
25369,33735.0,9800.0,1,1
25370,33736.0,9800.0,1,0
25371,33737.0,9801.0,1,1
25372,33738.0,9801.0,1,0
25373,33739.0,9801.0,1,0
25374,33741.0,9802.0,1,0
25375,33743.0,9802.0,1,0
25376,33745.0,9803.0,1,0
25377,33746.0,9803.0,1,0
25378,33747.0,9803.0,1,0
25379,33749.0,9803.0,1,0
25380,33750.0,9803.0,1,1
25381,33751.0,9804.0,1,0
25382,33752.0,9804.0,1,1
25383,33753.0,9804.0,1,0
25384,33754.0,9804.0,1,0
25385,33755.0,9804.0,1,0
25386,33757.0,9805.0,1,0
25387,33758.0,9805.0,1,0
25388,33759.0,9805.0,1,0
25389,33760.0,9806.0,1,0
25390,33762.0,9806.0,1,1
25391,33763.0,9807.0,1,0
25392,33764.0,9807.0,1,0
25393,33765.0,9807.0,1,0
25394,33767.0,9807.0,1,0
25395,33768.0,9808.0,1,0
25396,33769.0,9808.0,1,1
25397,33770.0,9810.0,1,0
25398,33771.0,9810.0,1,0
25399,33772.0,9810.0,1,0
25400,33773.0,9810.0,1,0
25401,33774.0,9810.0,1,1
25402,33775.0,9811.0,1,1
25403,33776.0,9811.0,1,0
25404,33777.0,9811.0,1,1
25405,33779.0,9812.0,1,0
25406,33780.0,9812.0,1,0
25407,33783.0,9812.0,1,0
25408,33784.0,9812.0,1,1
25409,33785.0,9813.0,1,1
25410,33786.0,9814.0,1,0
25411,33788.0,9814.0,1,1
25412,33789.0,9815.0,1,0
25413,33790.0,9815.0,1,0
25414,33791.0,9817.0,1,1
25415,33792.0,9817.0,1,0
25416,33793.0,9817.0,1,1
25417,33794.0,9817.0,1,0
25418,33796.0,9817.0,1,1
25419,33797.0,9817.0,1,0
25420,33798.0,9817.0,1,0
25421,33799.0,9818.0,1,0
25422,33800.0,9818.0,1,0
25423,33801.0,9818.0,1,1
25424,33803.0,9818.0,1,1
25425,33804.0,9818.0,1,0
25426,33806.0,9821.0,1,0
25427,33807.0,9821.0,1,0
25428,33808.0,9821.0,1,0
25429,33809.0,9821.0,1,0
25430,33810.0,9821.0,1,0
25431,33811.0,9821.0,1,1
25432,33812.0,9821.0,1,0
25433,33813.0,9822.0,1,0
25434,33815.0,9822.0,1,1
25435,33817.0,9822.0,1,1
25436,33818.0,9822.0,1,0
25437,33819.0,9822.0,1,0
25438,33820.0,9823.0,1,1
25439,33822.0,9823.0,1,0
25440,33823.0,9823.0,1,0
25441,33824.0,9823.0,1,1
25442,33825.0,9823.0,1,0
25443,33826.0,9824.0,1,0
25444,33827.0,9824.0,1,0
25445,33829.0,9824.0,1,1
25446,33832.0,9825.0,1,0
25447,33833.0,9825.0,1,0
25448,33834.0,9826.0,1,0
25449,33836.0,9826.0,1,0
25450,33837.0,9827.0,1,0
25451,33840.0,9828.0,1,1
25452,33841.0,9828.0,1,0
25453,33843.0,9828.0,1,1
25454,33844.0,9829.0,1,0
25455,33845.0,9829.0,1,1
25456,33847.0,9829.0,1,0
25457,33848.0,9829.0,1,1
25458,33849.0,9830.0,1,1
25459,33851.0,9830.0,1,0
25460,33855.0,9831.0,1,0
25461,33856.0,9832.0,1,0
25462,33857.0,9832.0,1,1
25463,33858.0,9832.0,1,1
25464,33859.0,9832.0,1,0
25465,33860.0,9833.0,1,0
25466,33861.0,9833.0,1,1
25467,33864.0,9833.0,1,1
25468,33865.0,9833.0,1,0
25469,33866.0,9834.0,1,1
25470,33867.0,9835.0,1,1
25471,33869.0,9835.0,1,1
25472,33870.0,9835.0,1,0
25473,33872.0,9835.0,1,0
25474,33873.0,9835.0,1,1
25475,33874.0,9835.0,1,0
25476,33875.0,9836.0,1,1
25477,33877.0,9836.0,1,0
25478,33878.0,9837.0,1,1
25479,33879.0,9837.0,1,0
25480,33881.0,9838.0,1,0
25481,33882.0,9838.0,1,0
25482,33883.0,9838.0,1,0
25483,33884.0,9838.0,1,0
25484,33885.0,9838.0,1,1
25485,33886.0,9838.0,1,0
25486,33887.0,9839.0,1,0
25487,33888.0,9839.0,1,1
25488,33890.0,9839.0,1,0
25489,33893.0,9840.0,1,0
25490,33894.0,9840.0,1,1
25491,33895.0,9840.0,1,0
25492,33896.0,9841.0,1,0
25493,33897.0,9841.0,1,0
25494,33898.0,9841.0,1,0
25495,33901.0,9842.0,1,1
25496,33902.0,9842.0,1,0
25497,33903.0,9842.0,1,0
25498,33904.0,9842.0,1,1
25499,33905.0,9842.0,1,0
25500,33906.0,9843.0,1,0
25501,33907.0,9843.0,1,1
25502,33908.0,9843.0,1,1
25503,33909.0,9843.0,1,0
25504,33912.0,9844.0,1,0
25505,33913.0,9844.0,1,0
25506,33914.0,9844.0,1,0
25507,33916.0,9844.0,1,1
25508,33917.0,9845.0,1,0
25509,33918.0,9845.0,1,0
25510,33919.0,9845.0,1,1
25511,33920.0,9846.0,1,1
25512,33921.0,9846.0,1,0
25513,33922.0,9846.0,1,0
25514,33923.0,9847.0,1,1
25515,33924.0,9847.0,1,1
25516,33925.0,9847.0,1,1
25517,33926.0,9847.0,1,1
25518,33928.0,9847.0,1,1
25519,33931.0,9848.0,1,0
25520,33933.0,9849.0,1,0
25521,33934.0,9849.0,1,0
25522,33935.0,9850.0,1,0
25523,33936.0,9850.0,1,0
25524,33937.0,9850.0,1,0
25525,33939.0,9850.0,1,0
25526,33941.0,9851.0,1,1
25527,33942.0,9851.0,1,1
25528,33945.0,9852.0,1,1
25529,33946.0,9852.0,1,0
25530,33947.0,9852.0,1,1
25531,33948.0,9852.0,1,0
25532,33949.0,9853.0,1,0
25533,33951.0,9853.0,1,1
25534,33952.0,9853.0,1,0
25535,33953.0,9853.0,1,0
25536,33954.0,9854.0,1,0
25537,33955.0,9854.0,1,0
25538,33957.0,9854.0,1,1
25539,33958.0,9854.0,1,0
25540,33959.0,9854.0,1,1
25541,33962.0,9854.0,1,1
25542,33963.0,9855.0,1,0
25543,33964.0,9855.0,1,1
25544,33965.0,9855.0,1,0
25545,33966.0,9855.0,1,1
25546,33967.0,9856.0,1,1
25547,33969.0,9858.0,1,0
25548,33970.0,9858.0,1,0
25549,33971.0,9858.0,1,0
25550,33972.0,9859.0,1,1
25551,33973.0,9859.0,1,1
25552,33975.0,9859.0,1,0
25553,33976.0,9859.0,1,0
25554,33977.0,9859.0,1,0
25555,33978.0,9860.0,1,0
25556,33979.0,9861.0,1,0
25557,33980.0,9861.0,1,0
25558,33981.0,9862.0,1,0
25559,33984.0,9862.0,1,1
25560,33987.0,9863.0,1,0
25561,33988.0,9863.0,1,1
25562,33989.0,9863.0,1,0
25563,33990.0,9863.0,1,1
25564,33991.0,9863.0,1,0
25565,33992.0,9864.0,1,0
25566,33993.0,9864.0,1,0
25567,33996.0,9865.0,1,0
25568,33997.0,9866.0,1,1
25569,33998.0,9866.0,1,0
25570,33999.0,9866.0,1,0
25571,34001.0,9866.0,1,1
25572,34002.0,9866.0,1,0
25573,34003.0,9866.0,1,0
25574,34004.0,9867.0,1,0
25575,34005.0,9868.0,1,0
25576,34009.0,9868.0,1,1
25577,34010.0,9869.0,1,1
25578,34011.0,9869.0,1,0
25579,34012.0,9869.0,1,0
25580,34014.0,9869.0,1,1
25581,34015.0,9870.0,1,1
25582,34016.0,9870.0,1,0
25583,34020.0,9871.0,1,1
25584,34022.0,9871.0,1,1
25585,34023.0,9871.0,1,0
25586,34024.0,9872.0,1,1
25587,34025.0,9872.0,1,1
25588,34028.0,9873.0,1,0
25589,34029.0,9874.0,1,1
25590,34030.0,9874.0,1,0
25591,34031.0,9874.0,1,1
25592,34032.0,9875.0,1,1
25593,34033.0,9875.0,1,0
25594,34034.0,9875.0,1,0
25595,34035.0,9875.0,1,1
25596,34036.0,9876.0,1,0
25597,34037.0,9876.0,1,0
25598,34038.0,9876.0,1,0
25599,34040.0,9877.0,1,0
25600,34042.0,9877.0,1,0
25601,34043.0,9878.0,1,0
25602,34044.0,9878.0,1,1
25603,34046.0,9878.0,1,1
25604,34048.0,9879.0,1,0
25605,34049.0,9879.0,1,0
25606,34050.0,9879.0,1,0
25607,34051.0,9879.0,1,1
25608,34052.0,9879.0,1,0
25609,34053.0,9879.0,1,0
25610,34055.0,9880.0,1,0
25611,34056.0,9881.0,1,1
25612,34058.0,9881.0,1,0
25613,34060.0,9882.0,1,0
25614,34061.0,9882.0,1,0
25615,34062.0,9883.0,1,0
25616,34063.0,9883.0,1,0
25617,34064.0,9883.0,1,0
25618,34066.0,9883.0,1,0
25619,34067.0,9884.0,1,1
25620,34068.0,9885.0,1,1
25621,34069.0,9885.0,1,0
25622,34071.0,9885.0,1,0
25623,34072.0,9886.0,1,0
25624,34073.0,9886.0,1,0
25625,34074.0,9886.0,1,1
25626,34075.0,9886.0,1,1
25627,34076.0,9886.0,1,0
25628,34077.0,9887.0,1,0
25629,34078.0,9887.0,1,1
25630,34079.0,9887.0,1,1
25631,34081.0,9888.0,1,0
25632,34083.0,9888.0,1,1
25633,34084.0,9889.0,1,0
25634,34085.0,9889.0,1,1
25635,34087.0,9889.0,1,1
25636,34088.0,9889.0,1,0
25637,34090.0,9890.0,1,0
25638,34091.0,9890.0,1,0
25639,34093.0,9890.0,1,0
25640,34094.0,9890.0,1,1
25641,34095.0,9891.0,1,0
25642,34096.0,9891.0,1,0
25643,34097.0,9892.0,1,1
25644,34098.0,9893.0,1,0
25645,34100.0,9893.0,1,0
25646,34101.0,9893.0,1,0
25647,34102.0,9893.0,1,1
25648,34104.0,9894.0,1,0
25649,34105.0,9894.0,1,1
25650,34106.0,9894.0,1,0
25651,34107.0,9895.0,1,0
25652,34108.0,9895.0,1,0
25653,34109.0,9895.0,1,1
25654,34110.0,9895.0,1,0
25655,34112.0,9895.0,1,0
25656,34114.0,9895.0,1,0
25657,34115.0,9896.0,1,0
25658,34116.0,9897.0,1,1
25659,34117.0,9898.0,1,1
25660,34120.0,9899.0,1,0
25661,34121.0,9899.0,1,1
25662,34122.0,9900.0,1,0
25663,34125.0,9902.0,1,0
25664,34126.0,9902.0,1,1
25665,34127.0,9902.0,1,1
25666,34128.0,9902.0,1,0
25667,34129.0,9902.0,1,0
25668,34130.0,9902.0,1,0
25669,34132.0,9903.0,1,0
25670,34133.0,9904.0,1,0
25671,34134.0,9904.0,1,0
25672,34137.0,9906.0,1,0
25673,34139.0,9906.0,1,0
25674,34140.0,9908.0,1,0
25675,34142.0,9909.0,1,1
25676,34143.0,9909.0,1,0
25677,34144.0,9909.0,1,1
25678,34145.0,9909.0,1,0
25679,34146.0,9910.0,1,1
25680,34147.0,9910.0,1,0
25681,34148.0,9910.0,1,0
25682,34149.0,9910.0,1,0
25683,34150.0,9910.0,1,0
25684,34152.0,9911.0,1,0
25685,34153.0,9911.0,1,0
25686,34155.0,9911.0,1,0
25687,34156.0,9912.0,1,1
25688,34157.0,9912.0,1,0
25689,34158.0,9912.0,1,1
25690,34159.0,9912.0,1,1
25691,34160.0,9912.0,1,0
25692,34161.0,9912.0,1,0
25693,34162.0,9912.0,1,0
25694,34163.0,9912.0,1,0
25695,34166.0,9913.0,1,0
25696,34167.0,9913.0,1,0
25697,34168.0,9913.0,1,0
25698,34170.0,9913.0,1,1
25699,34171.0,9914.0,1,1
25700,34172.0,9914.0,1,1
25701,34173.0,9914.0,1,0
25702,34174.0,9915.0,1,0
25703,34175.0,9915.0,1,0
25704,34176.0,9915.0,1,0
25705,34177.0,9915.0,1,0
25706,34179.0,9915.0,1,1
25707,34180.0,9915.0,1,0
25708,34182.0,9915.0,1,0
25709,34183.0,9917.0,1,0
25710,34184.0,9917.0,1,1
25711,34185.0,9917.0,1,1
25712,34186.0,9917.0,1,0
25713,34187.0,9917.0,1,1
25714,34189.0,9917.0,1,0
25715,34190.0,9918.0,1,1
25716,34191.0,9919.0,1,1
25717,34192.0,9919.0,1,0
25718,34193.0,9919.0,1,1
25719,34195.0,9919.0,1,0
25720,34196.0,9919.0,1,0
25721,34198.0,9920.0,1,0
25722,34200.0,9921.0,1,1
25723,34204.0,9922.0,1,1
25724,34205.0,9922.0,1,0
25725,34206.0,9922.0,1,0
25726,34208.0,9923.0,1,0
25727,34209.0,9925.0,1,0
25728,34210.0,9925.0,1,1
25729,34211.0,9926.0,1,0
25730,34212.0,9927.0,1,0
25731,34213.0,9927.0,1,0
25732,34214.0,9927.0,1,0
25733,34215.0,9927.0,1,0
25734,34216.0,9927.0,1,1
25735,34217.0,9928.0,1,1
25736,34218.0,9928.0,1,1
25737,34219.0,9928.0,1,0
25738,34220.0,9928.0,1,0
25739,34221.0,9928.0,1,1
25740,34222.0,9929.0,1,0
25741,34223.0,9929.0,1,0
25742,34224.0,9929.0,1,0
25743,34227.0,9930.0,1,0
25744,34228.0,9931.0,1,1
25745,34232.0,9931.0,1,1
25746,34233.0,9931.0,1,0
25747,34234.0,9931.0,1,0
25748,34235.0,9931.0,1,0
25749,34237.0,9932.0,1,0
25750,34238.0,9932.0,1,0
25751,34239.0,9932.0,1,1
25752,34241.0,9933.0,1,0
25753,34242.0,9933.0,1,1
25754,34243.0,9933.0,1,1
25755,34244.0,9933.0,1,0
25756,34245.0,9933.0,1,1
25757,34246.0,9934.0,1,1
25758,34247.0,9934.0,1,1
25759,34248.0,9934.0,1,0
25760,34249.0,9935.0,1,0
25761,34251.0,9935.0,1,0
25762,34252.0,9937.0,1,1
25763,34254.0,9937.0,1,0
25764,34255.0,9937.0,1,0
25765,34257.0,9937.0,1,0
25766,34258.0,9938.0,1,1
25767,34259.0,9938.0,1,0
25768,34260.0,9938.0,1,0
25769,34261.0,9939.0,1,1
25770,34262.0,9939.0,1,0
25771,34263.0,9939.0,1,1
25772,34264.0,9939.0,1,0
25773,34265.0,9940.0,1,0
25774,34266.0,9941.0,1,1
25775,34267.0,9941.0,1,1
25776,34269.0,9941.0,1,0
25777,34270.0,9941.0,1,0
25778,34272.0,9943.0,1,0
25779,34273.0,9943.0,1,1
25780,34275.0,9943.0,1,1
25781,34276.0,9943.0,1,1
25782,34277.0,9944.0,1,1
25783,34278.0,9944.0,1,0
25784,34279.0,9944.0,1,1
25785,34280.0,9944.0,1,0
25786,34281.0,9945.0,1,0
25787,34282.0,9946.0,1,0
25788,34285.0,9947.0,1,0
25789,34286.0,9948.0,1,0
25790,34287.0,9948.0,1,0
25791,34288.0,9948.0,1,0
25792,34289.0,9949.0,1,0
25793,34291.0,9951.0,1,0
25794,34292.0,9952.0,1,0
25795,34293.0,9953.0,1,0
25796,34295.0,9953.0,1,1
25797,34296.0,9953.0,1,1
25798,34299.0,9954.0,1,0
25799,34300.0,9954.0,1,1
25800,34301.0,9954.0,1,0
25801,34302.0,9954.0,1,0
25802,34304.0,9954.0,1,0
25803,34307.0,9955.0,1,1
25804,34308.0,9955.0,1,1
25805,34311.0,9957.0,1,1
25806,34313.0,9958.0,1,1
25807,34314.0,9958.0,1,1
25808,34316.0,9958.0,1,0
25809,34317.0,9958.0,1,0
25810,34318.0,9958.0,1,1
25811,34319.0,9958.0,1,0
25812,34320.0,9959.0,1,0
25813,34321.0,9959.0,1,0
25814,34322.0,9960.0,1,0
25815,34323.0,9960.0,1,0
25816,34324.0,9960.0,1,0
25817,34326.0,9961.0,1,0
25818,34327.0,9961.0,1,1
25819,34329.0,9961.0,1,0
25820,34330.0,9961.0,1,0
25821,34331.0,9962.0,1,1
25822,34332.0,9963.0,1,0
25823,34333.0,9963.0,1,1
25824,34334.0,9963.0,1,1
25825,34335.0,9963.0,1,0
25826,34336.0,9964.0,1,1
25827,34337.0,9965.0,1,0
25828,34340.0,9966.0,1,0
25829,34341.0,9966.0,1,1
25830,34344.0,9967.0,1,1
25831,34346.0,9967.0,1,1
25832,34347.0,9969.0,1,1
25833,34348.0,9969.0,1,0
25834,34349.0,9970.0,1,1
25835,34350.0,9971.0,1,1
25836,34353.0,9972.0,1,0
25837,34354.0,9972.0,1,1
25838,34355.0,9972.0,1,0
25839,34356.0,9972.0,1,0
25840,34358.0,9972.0,1,0
25841,34359.0,9972.0,1,0
25842,34360.0,9972.0,1,1
25843,34361.0,9972.0,1,1
25844,34362.0,9973.0,1,0
25845,34363.0,9973.0,1,0
25846,34364.0,9973.0,1,0
25847,34365.0,9974.0,1,0
25848,34366.0,9975.0,1,0
25849,34367.0,9975.0,1,0
25850,34368.0,9975.0,1,1
25851,34369.0,9976.0,1,0
25852,34370.0,9976.0,1,0
25853,34371.0,9976.0,1,0
25854,34373.0,9976.0,1,1
25855,34375.0,9976.0,1,1
25856,34376.0,9978.0,1,1
25857,34377.0,9978.0,1,0
25858,34378.0,9978.0,1,1
25859,34379.0,9978.0,1,0
25860,34380.0,9979.0,1,1
25861,34381.0,9979.0,1,0
25862,34382.0,9980.0,1,1
25863,34383.0,9980.0,1,0
25864,34385.0,9980.0,1,1
25865,34386.0,9980.0,1,0
25866,34388.0,9981.0,1,0
25867,34389.0,9981.0,1,0
25868,34390.0,9981.0,1,0
25869,34391.0,9982.0,1,0
25870,34392.0,9982.0,1,1
25871,34393.0,9982.0,1,1
25872,34394.0,9982.0,1,1
25873,34395.0,9983.0,1,1
25874,34396.0,9984.0,1,0
25875,34397.0,9985.0,1,0
25876,34399.0,9985.0,1,1
25877,34400.0,9985.0,1,0
25878,34402.0,9986.0,1,0
25879,34403.0,9986.0,1,0
25880,34404.0,9986.0,1,0
25881,34405.0,9986.0,1,0
25882,34406.0,9987.0,1,0
25883,34407.0,9987.0,1,1
25884,34410.0,9987.0,1,1
25885,34411.0,9987.0,1,0
25886,34412.0,9987.0,1,0
25887,34413.0,9987.0,1,0
25888,34416.0,9988.0,1,0
25889,34419.0,9988.0,1,0
25890,34420.0,9988.0,1,1
25891,34422.0,9989.0,1,1
25892,34423.0,9990.0,1,0
25893,34424.0,9990.0,1,0
25894,34425.0,9990.0,1,0
25895,34426.0,9991.0,1,0
25896,34429.0,9994.0,1,1
25897,34430.0,9994.0,1,0
25898,34431.0,9994.0,1,1
25899,34433.0,9994.0,1,0
25900,34434.0,9995.0,1,1
25901,34440.0,9996.0,1,0
25902,34441.0,9996.0,1,0
25903,34442.0,9996.0,1,0
25904,34443.0,9996.0,1,0
25905,34445.0,9997.0,1,1
25906,34446.0,9997.0,1,0
25907,34448.0,9997.0,1,0
25908,34449.0,9998.0,1,1
25909,34450.0,9998.0,1,0
25910,34451.0,9998.0,1,0
25911,34452.0,9998.0,1,1
25912,34453.0,9998.0,1,0
25913,34456.0,10000.0,1,0
