order_id,user_id,checkout_id,order_value,delivery_fee,coupon_value,cancelled,margin
1,1,1,319.08,0,0,0,57.43
2,1,2,335.76,0,0,0,60.44
3,1,6,313.48,30,0,0,56.43
4,2,8,355.01,0,0,0,63.9
5,2,11,378.53,0,50,0,68.14
6,3,12,508.38,0,0,0,91.51
7,4,14,298.61,0,20,0,53.75
8,6,18,274.93,30,0,0,49.49
9,6,19,405.26,0,0,0,72.95
10,6,20,246.95,30,0,0,44.45
11,7,24,326.54,0,0,0,58.78
12,8,25,240.5,30,50,0,43.29
13,10,27,331.51,0,20,0,59.67
14,10,28,296.1,0,50,0,53.3
15,12,32,324.98,0,20,0,58.5
16,12,33,413.25,0,0,0,74.38
17,13,36,244.69,30,50,0,44.04
18,14,39,316.91,0,0,0,57.04
19,20,47,381.26,0,0,1,68.63
20,21,50,232.47,30,20,0,41.84
21,21,52,367.74,0,0,0,66.19
22,22,58,380.0,0,0,0,68.4
23,22,59,489.72,0,0,0,88.15
24,22,60,307.72,30,0,0,55.39
25,24,63,304.3,30,0,0,54.77
26,24,65,100.32,30,20,0,18.06
27,25,70,319.35,30,0,0,57.48
28,27,73,312.53,0,20,0,56.26
29,28,76,416.66,0,50,0,75.0
30,28,77,337.78,0,50,0,60.8
31,28,78,205.49,30,20,0,36.99
32,32,82,241.21,30,0,0,43.42
33,33,85,323.75,30,0,0,58.28
34,34,87,215.11,30,20,1,38.72
35,34,88,380.81,0,0,0,68.55
36,35,90,393.92,0,50,0,70.91
37,35,92,340.73,0,20,0,61.33
38,36,94,417.31,0,0,0,75.12
39,37,96,381.39,0,50,0,68.65
40,37,97,296.66,30,0,0,53.4
41,37,99,406.26,0,0,0,73.13
42,38,101,336.01,0,0,0,60.48
43,38,103,289.81,30,0,0,52.17
44,42,110,324.27,0,20,0,58.37
45,42,111,242.53,30,50,0,43.66
46,45,114,324.4,30,0,0,58.39
47,47,122,389.18,0,0,0,70.05
48,48,126,298.52,0,50,0,53.73
49,49,127,282.26,30,0,0,50.81
50,49,128,373.69,0,0,0,67.26
51,49,129,308.76,0,0,0,55.58
52,51,130,448.26,0,20,0,80.69
53,51,132,251.16,30,0,0,45.21
54,51,133,483.77,0,0,0,87.08
55,51,134,234.66,30,20,0,42.24
56,52,136,317.52,0,0,0,57.15
57,52,137,348.09,0,0,0,62.66
58,57,144,309.94,0,0,0,55.79
59,57,145,301.1,30,0,0,54.2
60,58,149,173.92,30,20,0,31.31
61,60,153,312.43,0,0,0,56.24
62,63,159,188.94,30,0,0,34.01
63,63,160,316.47,30,0,0,56.96
64,64,166,258.59,30,50,0,46.55
65,65,168,221.03,30,50,0,39.79
66,65,169,311.34,0,0,0,56.04
67,67,172,326.62,0,0,1,58.79
68,70,178,246.53,30,0,0,44.38
69,75,184,419.36,0,50,0,75.48
70,76,185,354.64,0,20,0,63.84
71,77,188,347.37,0,0,0,62.53
72,79,193,131.61,30,0,0,23.69
73,81,199,202.25,30,0,0,36.4
74,81,201,284.45,30,20,0,51.2
75,82,203,388.08,0,0,0,69.85
76,83,208,209.54,30,50,0,37.72
77,83,209,222.46,30,50,0,40.04
78,83,212,404.07,0,50,0,72.73
79,85,213,300.6,30,0,0,54.11
80,85,214,423.68,0,0,0,76.26
81,85,219,378.28,0,0,0,68.09
82,86,221,382.24,0,0,0,68.8
83,88,223,348.98,0,50,0,62.82
84,93,231,200.34,30,50,0,36.06
85,94,234,208.3,30,0,0,37.49
86,97,239,246.44,30,20,0,44.36
87,99,242,228.48,30,50,0,41.13
88,99,243,316.51,0,20,0,56.97
89,102,247,509.07,0,0,0,91.63
90,102,248,326.01,0,20,0,58.68
91,102,251,324.92,0,20,0,58.49
92,103,253,447.17,0,0,0,80.49
93,106,254,406.85,0,0,0,73.23
94,106,256,222.67,30,50,0,40.08
95,107,257,297.73,0,20,0,53.59
96,109,261,340.55,0,0,0,61.3
97,109,262,264.46,30,20,0,47.6
98,109,263,295.11,0,20,1,53.12
99,110,264,504.14,0,0,0,90.75
100,111,265,80.0,30,0,0,14.4
101,111,266,330.55,0,0,0,59.5
102,112,269,440.57,0,20,0,79.3
103,114,272,311.61,0,20,0,56.09
104,115,281,393.32,0,0,0,70.8
105,115,283,312.99,0,0,0,56.34
106,116,287,265.37,30,0,0,47.77
107,117,290,382.86,0,0,0,68.91
108,118,293,333.28,0,20,0,59.99
109,118,295,316.35,30,0,0,56.94
110,121,298,428.62,0,0,0,77.15
111,121,299,286.88,0,50,0,51.64
112,122,300,430.05,0,0,0,77.41
113,122,301,394.7,0,0,0,71.05
114,124,303,305.11,0,0,0,54.92
115,125,304,338.37,0,20,0,60.91
116,126,309,121.26,30,20,0,21.83
117,127,313,376.36,0,20,0,67.74
118,127,314,324.62,30,0,0,58.43
119,128,317,478.17,0,20,0,86.07
120,130,320,392.47,0,50,0,70.64
121,130,322,175.24,30,50,0,31.54
122,131,328,405.26,0,0,0,72.95
123,131,329,330.08,0,0,0,59.41
124,131,330,221.93,30,20,0,39.95
125,132,333,279.0,30,20,0,50.22
126,133,335,307.07,0,0,0,55.27
127,133,336,63.46,30,50,0,11.42
128,134,337,291.74,0,50,0,52.51
129,137,342,221.83,30,50,0,39.93
130,137,344,339.36,0,20,0,61.08
131,138,352,247.86,30,0,0,44.61
132,138,353,275.68,30,0,0,49.62
133,138,354,216.88,30,0,0,39.04
134,139,357,280.19,30,0,0,50.43
135,139,358,321.41,30,0,0,57.85
136,140,360,444.33,0,0,0,79.98
137,144,367,504.48,0,20,0,90.81
138,144,368,256.07,30,0,0,46.09
139,145,369,354.83,0,50,0,63.87
140,145,370,478.24,0,20,0,86.08
141,146,371,355.74,0,0,0,64.03
142,147,372,255.6,30,50,0,46.01
143,148,376,271.33,30,50,0,48.84
144,149,377,306.09,30,0,0,55.1
145,150,379,276.38,30,0,0,49.75
146,151,382,241.93,30,0,0,43.55
147,152,388,455.2,0,0,0,81.94
148,153,391,271.56,30,0,0,48.88
149,155,394,315.23,0,0,0,56.74
150,156,398,276.42,30,0,0,49.76
151,157,399,377.94,0,0,1,68.03
152,157,400,339.64,0,0,0,61.14
153,157,401,303.76,30,0,0,54.68
154,157,402,344.37,0,0,0,61.99
155,161,408,317.25,0,0,0,57.1
156,165,414,372.16,0,20,0,66.99
157,166,420,330.04,0,0,0,59.41
158,166,421,361.06,0,20,0,64.99
159,166,422,263.52,30,50,0,47.43
160,167,423,283.72,30,20,0,51.07
161,168,426,320.63,0,0,0,57.71
162,168,427,307.07,30,0,0,55.27
163,169,429,387.09,0,20,0,69.68
164,172,436,272.1,30,20,0,48.98
165,175,441,351.94,0,0,0,63.35
166,176,443,318.74,0,0,0,57.37
167,176,444,346.37,0,0,0,62.35
168,176,446,515.51,0,0,0,92.79
169,176,447,346.26,0,50,0,62.33
170,179,456,329.64,0,50,0,59.34
171,180,458,310.15,0,50,0,55.83
172,181,459,425.18,0,0,0,76.53
173,181,463,262.26,30,0,0,47.21
174,182,465,325.87,30,0,0,58.66
175,183,468,220.42,30,50,0,39.68
176,183,470,285.38,30,20,0,51.37
177,184,471,347.83,0,0,0,62.61
178,184,472,304.23,0,20,0,54.76
179,184,473,327.75,0,0,0,59.0
180,186,477,259.65,30,20,0,46.74
181,187,478,333.95,0,0,0,60.11
182,187,480,314.66,30,0,0,56.64
183,187,483,388.67,0,0,0,69.96
184,189,486,382.07,0,0,0,68.77
185,190,489,404.38,0,0,0,72.79
186,191,490,265.28,30,20,0,47.75
187,192,491,283.12,0,50,1,50.96
188,192,492,328.18,30,0,0,59.07
189,193,495,499.81,0,0,0,89.97
190,193,497,225.03,30,0,0,40.51
191,195,505,265.73,30,50,0,47.83
192,196,507,429.34,0,0,0,77.28
193,198,512,336.39,0,50,0,60.55
194,199,514,331.19,0,0,0,59.61
195,200,518,308.11,0,50,0,55.46
196,201,521,282.58,30,0,0,50.86
197,201,522,264.08,30,0,0,47.53
198,203,527,313.32,0,0,0,56.4
199,203,529,281.19,0,50,0,50.61
200,204,536,325.77,0,20,0,58.64
201,207,543,273.72,30,50,0,49.27
202,208,545,225.57,30,50,0,40.6
203,208,546,320.18,30,0,0,57.63
204,208,548,252.77,30,0,0,45.5
205,208,550,352.52,0,50,0,63.45
206,211,556,472.68,0,0,0,85.08
207,212,559,185.76,30,0,0,33.44
208,215,568,261.83,30,50,0,47.13
209,216,570,413.85,0,20,0,74.49
210,216,571,307.75,0,20,0,55.4
211,216,573,315.88,0,0,0,56.86
212,216,576,322.06,0,0,0,57.97
213,216,578,384.28,0,0,0,69.17
214,218,580,302.71,0,0,0,54.49
215,218,581,306.98,30,0,0,55.26
216,218,583,461.61,0,0,0,83.09
217,219,587,205.11,30,20,0,36.92
218,222,589,259.18,30,50,0,46.65
219,222,591,324.89,0,0,0,58.48
220,224,595,365.57,0,50,0,65.8
221,225,597,319.96,0,0,0,57.59
222,226,598,281.04,0,50,0,50.59
223,230,606,370.03,0,20,0,66.61
224,231,608,330.11,0,50,0,59.42
225,232,611,297.32,0,50,0,53.52
226,232,613,247.11,30,0,0,44.48
227,233,615,347.33,0,0,0,62.52
228,235,619,427.38,0,20,0,76.93
229,235,620,300.83,0,0,0,54.15
230,237,628,215.28,30,50,0,38.75
231,238,630,367.18,0,0,0,66.09
232,238,632,370.27,0,20,0,66.65
233,239,634,471.58,0,0,0,84.88
234,239,636,365.8,0,20,0,65.84
235,239,637,196.55,30,0,0,35.38
236,240,638,311.1,0,0,0,56.0
237,241,642,246.03,30,50,0,44.29
238,241,644,439.55,0,0,0,79.12
239,242,645,50.0,30,50,0,9.0
240,242,646,406.01,0,50,0,73.08
241,242,647,520.35,0,0,0,93.66
242,243,651,342.56,0,0,0,61.66
243,243,652,358.62,0,50,0,64.55
244,244,653,344.74,0,50,0,62.05
245,245,654,579.48,0,50,0,104.31
246,245,656,453.14,0,0,0,81.57
247,247,661,341.53,0,0,0,61.48
248,248,665,362.44,0,0,0,65.24
249,248,666,331.1,0,0,0,59.6
250,249,668,319.84,30,0,0,57.57
251,250,669,250.76,30,20,0,45.14
252,250,671,449.49,0,50,1,80.91
253,250,672,399.24,0,0,0,71.86
254,250,674,167.79,30,0,0,30.2
255,252,681,270.28,30,20,0,48.65
256,252,683,173.95,30,50,0,31.31
257,254,686,337.25,0,20,0,60.7
258,255,691,199.66,30,0,0,35.94
259,256,694,234.63,30,50,0,42.23
260,256,695,391.93,0,0,0,70.55
261,256,697,384.52,0,50,0,69.21
262,256,698,320.61,0,0,0,57.71
263,257,702,315.53,0,0,0,56.8
264,259,704,323.14,0,0,0,58.17
265,261,710,274.06,30,20,0,49.33
266,262,717,295.63,30,0,1,53.21
267,262,718,415.11,0,0,0,74.72
268,263,721,372.89,0,0,0,67.12
269,263,723,382.99,0,20,0,68.94
270,264,724,262.45,0,50,0,47.24
271,266,731,310.98,0,0,0,55.98
272,266,733,312.94,0,0,0,56.33
273,267,734,163.45,30,50,0,29.42
274,268,738,429.99,0,0,0,77.4
275,271,742,273.78,30,50,0,49.28
276,272,744,376.41,0,0,0,67.75
277,273,746,152.06,30,0,0,27.37
278,274,749,279.02,0,50,0,50.22
279,274,751,377.8,0,0,0,68.0
280,274,752,420.84,0,0,0,75.75
281,274,753,391.61,0,20,0,70.49
282,275,757,86.67,30,50,0,15.6
283,276,760,360.09,0,20,0,64.82
284,277,762,376.03,0,20,0,67.69
285,278,764,376.75,0,50,0,67.82
286,279,768,314.7,0,0,0,56.65
287,280,770,346.25,0,0,0,62.32
288,280,771,319.04,30,0,0,57.43
289,280,775,204.74,30,50,0,36.85
290,280,776,324.56,0,0,0,58.42
291,280,778,185.21,30,50,0,33.34
292,283,782,278.27,30,50,0,50.09
293,283,784,306.29,0,0,0,55.13
294,284,788,247.98,30,20,0,44.64
295,288,793,373.45,0,20,0,67.22
296,288,794,331.98,0,0,0,59.76
297,289,799,260.69,30,20,0,46.92
298,295,808,359.46,0,0,0,64.7
299,296,810,319.69,30,0,0,57.54
300,298,815,290.01,0,20,0,52.2
301,304,822,421.52,0,0,0,75.87
302,304,824,280.53,0,50,0,50.5
303,304,826,219.85,30,0,0,39.57
304,305,829,219.65,30,20,0,39.54
305,306,834,352.09,0,0,0,63.38
306,307,837,311.08,30,0,0,55.99
307,309,843,251.52,30,0,0,45.27
308,310,844,258.95,30,0,0,46.61
309,310,846,258.87,30,0,0,46.6
310,311,848,402.22,0,0,0,72.4
311,313,851,330.48,0,0,0,59.49
312,313,852,514.59,0,0,0,92.63
313,314,856,310.51,0,20,0,55.89
314,314,857,287.38,0,50,0,51.73
315,314,858,372.07,0,0,0,66.97
316,317,863,458.85,0,20,0,82.59
317,317,864,231.88,30,20,0,41.74
318,317,865,227.81,30,0,0,41.01
319,317,869,293.66,0,50,0,52.86
320,317,871,405.07,0,0,0,72.91
321,318,872,177.95,30,50,0,32.03
322,318,873,325.38,30,0,0,58.57
323,321,881,299.0,30,0,0,53.82
324,324,890,256.05,30,50,0,46.09
325,324,892,395.14,0,0,0,71.13
326,324,893,467.99,0,0,0,84.24
327,325,895,393.9,0,0,0,70.9
328,325,896,305.93,30,0,0,55.07
329,326,898,312.17,0,20,0,56.19
330,326,901,362.08,0,50,0,65.17
331,327,903,335.99,0,0,0,60.48
332,327,904,459.33,0,0,0,82.68
333,329,905,344.55,0,0,1,62.02
334,329,906,449.54,0,20,0,80.92
335,329,907,473.9,0,0,0,85.3
336,329,908,316.76,0,0,0,57.02
337,331,914,323.42,30,0,0,58.22
338,331,915,327.7,0,20,0,58.99
339,335,917,296.82,30,0,0,53.43
340,336,919,319.86,0,0,0,57.57
341,336,920,247.67,30,50,0,44.58
342,336,921,353.93,0,0,0,63.71
343,337,923,248.57,30,0,0,44.74
344,337,925,393.15,0,0,0,70.77
345,338,927,244.54,30,0,0,44.02
346,339,930,333.71,0,50,0,60.07
347,340,931,261.37,30,50,0,47.05
348,340,932,405.3,0,50,0,72.95
349,341,935,266.46,30,0,0,47.96
350,346,951,362.24,0,50,0,65.2
351,348,952,323.05,0,0,0,58.15
352,350,960,379.13,0,20,0,68.24
353,353,966,322.8,0,20,0,58.1
354,353,968,268.62,30,0,0,48.35
355,354,969,301.74,0,0,1,54.31
356,354,971,447.92,0,0,0,80.63
357,355,975,370.1,0,0,0,66.62
358,355,976,294.53,30,0,0,53.02
359,357,984,316.95,30,0,0,57.05
360,359,992,315.77,30,0,0,56.84
361,362,994,298.93,30,0,0,53.81
362,362,996,256.36,0,50,0,46.14
363,363,999,250.94,30,0,0,45.17
364,366,1010,325.63,0,0,0,58.61
365,367,1016,376.73,0,0,0,67.81
366,370,1022,392.67,0,20,0,70.68
367,373,1028,249.9,30,50,0,44.98
368,375,1031,367.43,0,50,0,66.14
369,376,1033,277.25,30,20,0,49.9
370,376,1034,475.7,0,0,0,85.63
371,376,1035,320.76,0,0,0,57.74
372,377,1036,302.93,0,0,0,54.53
373,378,1038,278.65,30,20,0,50.16
374,378,1043,251.75,30,50,0,45.32
375,379,1044,299.8,30,0,0,53.96
376,379,1046,368.26,0,20,0,66.29
377,379,1047,326.86,30,0,0,58.83
378,380,1050,303.7,0,20,0,54.67
379,380,1051,316.48,0,0,0,56.97
380,382,1057,404.61,0,0,0,72.83
381,385,1063,298.27,30,0,0,53.69
382,385,1064,251.72,30,50,0,45.31
383,386,1067,291.98,30,0,0,52.56
384,387,1069,314.79,30,0,0,56.66
385,388,1072,432.77,0,0,0,77.9
386,389,1073,371.05,0,0,0,66.79
387,389,1074,339.99,0,20,0,61.2
388,390,1076,340.04,0,0,0,61.21
389,391,1078,309.21,30,0,0,55.66
390,391,1079,319.5,0,0,0,57.51
391,394,1085,293.44,0,20,0,52.82
392,395,1088,300.13,0,50,0,54.02
393,395,1090,235.18,30,20,0,42.33
394,396,1093,358.43,0,0,0,64.52
395,397,1094,271.24,30,20,0,48.82
396,397,1097,355.9,0,0,0,64.06
397,398,1103,331.32,0,20,0,59.64
398,399,1104,322.12,0,0,0,57.98
399,401,1112,272.66,30,0,0,49.08
400,401,1113,307.77,30,20,0,55.4
401,402,1114,311.68,0,0,0,56.1
402,403,1119,382.37,0,0,0,68.83
403,403,1121,423.48,0,0,0,76.23
404,404,1126,300.95,0,0,0,54.17
405,405,1127,451.37,0,50,0,81.25
406,405,1128,269.52,30,0,0,48.51
407,406,1131,300.27,30,20,0,54.05
408,408,1135,410.08,0,0,0,73.81
409,408,1136,313.64,30,0,0,56.46
410,409,1138,280.42,30,20,0,50.48
411,409,1139,402.76,0,0,0,72.5
412,409,1140,216.39,30,0,0,38.95
413,413,1151,323.8,0,0,0,58.28
414,415,1153,347.99,0,50,0,62.64
415,415,1155,536.3,0,0,0,96.53
416,417,1161,180.24,30,0,0,32.44
417,418,1163,329.57,0,0,0,59.32
418,419,1165,275.21,30,20,0,49.54
419,420,1166,289.33,30,0,0,52.08
420,420,1169,197.47,30,0,0,35.54
421,420,1171,256.59,0,50,0,46.19
422,422,1173,309.94,0,20,0,55.79
423,422,1174,312.06,0,0,0,56.17
424,422,1175,413.14,0,0,0,74.37
425,423,1179,290.93,30,20,0,52.37
426,424,1180,459.81,0,0,0,82.77
427,424,1181,392.15,0,20,0,70.59
428,424,1183,360.66,0,0,0,64.92
429,425,1186,431.42,0,0,0,77.66
430,426,1190,445.72,0,0,0,80.23
431,427,1191,308.24,30,0,1,55.48
432,427,1192,265.38,30,50,0,47.77
433,428,1193,324.16,0,50,0,58.35
434,428,1194,312.93,0,0,0,56.33
435,431,1197,386.97,0,20,0,69.65
436,431,1201,332.13,0,20,0,59.78
437,431,1202,503.77,0,20,0,90.68
438,433,1207,362.09,0,0,0,65.18
439,434,1208,262.79,30,50,0,47.3
440,437,1211,340.31,0,0,0,61.26
441,437,1214,421.81,0,0,0,75.93
442,437,1215,404.89,0,0,0,72.88
443,438,1216,308.86,0,50,0,55.59
444,439,1217,427.46,0,0,0,76.94
445,440,1222,110.8,30,20,0,19.94
446,441,1225,324.77,30,0,0,58.46
447,443,1230,253.42,30,0,0,45.62
448,449,1238,244.73,30,0,0,44.05
449,449,1239,485.59,0,0,0,87.41
450,451,1241,254.65,30,50,0,45.84
451,451,1242,351.99,0,20,0,63.36
452,453,1246,248.46,30,50,0,44.72
453,457,1251,381.29,0,0,0,68.63
454,457,1252,282.81,30,20,0,50.91
455,457,1253,161.06,30,0,0,28.99
456,459,1259,183.94,30,0,0,33.11
457,459,1261,315.05,0,0,0,56.71
458,461,1262,251.78,30,50,0,45.32
459,461,1263,395.2,0,20,0,71.14
460,461,1264,313.76,0,0,0,56.48
461,462,1270,219.02,30,0,0,39.42
462,462,1272,358.03,0,0,1,64.45
463,463,1274,312.38,30,0,0,56.23
464,466,1281,320.77,0,20,0,57.74
465,466,1282,274.93,30,0,0,49.49
466,467,1284,416.58,0,20,0,74.98
467,470,1286,375.64,0,0,0,67.62
468,471,1289,305.83,0,0,0,55.05
469,471,1290,305.92,0,0,0,55.07
470,472,1295,283.34,30,0,1,51.0
471,472,1297,321.15,0,0,0,57.81
472,473,1298,417.13,0,0,0,75.08
473,474,1299,383.55,0,0,0,69.04
474,474,1300,393.45,0,0,0,70.82
475,475,1302,338.15,0,0,0,60.87
476,475,1304,486.22,0,0,0,87.52
477,475,1305,258.68,0,50,0,46.56
478,475,1307,314.8,30,0,0,56.66
479,475,1308,467.32,0,20,1,84.12
480,477,1310,365.37,0,0,0,65.77
481,477,1314,212.23,30,0,0,38.2
482,478,1315,338.79,0,50,0,60.98
483,478,1317,225.5,30,50,0,40.59
484,478,1318,417.48,0,20,0,75.15
485,479,1320,375.98,0,0,0,67.68
486,480,1321,341.93,0,0,0,61.55
487,480,1325,298.9,30,0,0,53.8
488,481,1328,329.42,0,0,0,59.3
489,483,1334,206.06,30,0,0,37.09
490,483,1335,365.21,0,0,0,65.74
491,485,1337,351.89,0,50,0,63.34
492,485,1340,351.36,0,20,0,63.24
493,486,1342,290.24,0,20,0,52.24
494,486,1343,311.12,0,0,0,56.0
495,488,1345,193.28,30,20,0,34.79
496,489,1346,382.55,0,0,0,68.86
497,490,1347,351.92,0,0,0,63.35
498,491,1348,283.33,0,50,0,51.0
499,492,1349,320.56,30,0,0,57.7
500,494,1358,375.49,0,0,0,67.59
501,495,1361,259.32,0,50,0,46.68
502,497,1365,290.46,30,0,0,52.28
503,497,1367,159.79,30,0,0,28.76
504,500,1371,318.9,30,0,0,57.4
505,500,1373,232.41,30,20,0,41.83
506,501,1375,310.16,30,0,0,55.83
507,504,1381,371.41,0,0,0,66.85
508,507,1387,357.37,0,0,0,64.33
509,509,1390,449.71,0,0,0,80.95
510,512,1393,392.8,0,0,0,70.7
511,512,1396,239.74,30,0,0,43.15
512,514,1399,262.82,30,0,0,47.31
513,519,1414,312.43,0,0,0,56.24
514,519,1416,378.24,0,0,0,68.08
515,520,1419,341.86,0,0,0,61.53
516,521,1423,319.74,0,0,0,57.55
517,522,1424,335.68,0,0,0,60.42
518,522,1426,398.32,0,20,0,71.7
519,522,1427,217.83,30,20,0,39.21
520,523,1428,382.37,0,20,0,68.83
521,523,1429,195.38,30,20,0,35.17
522,523,1431,288.6,30,0,0,51.95
523,523,1432,399.84,0,0,0,71.97
524,527,1436,334.85,0,20,0,60.27
525,528,1443,293.17,30,20,0,52.77
526,528,1444,272.1,30,0,0,48.98
527,528,1445,331.03,0,20,0,59.59
528,529,1448,202.41,30,0,0,36.43
529,529,1449,553.1,0,20,0,99.56
530,529,1450,329.03,0,20,0,59.23
531,532,1459,324.07,0,20,0,58.33
532,533,1460,263.27,30,20,0,47.39
533,533,1462,105.41,30,50,0,18.97
534,533,1463,360.48,0,0,0,64.89
535,534,1466,572.79,0,20,0,103.1
536,538,1471,320.99,0,20,0,57.78
537,539,1474,333.87,0,0,0,60.1
538,540,1478,365.66,0,20,0,65.82
539,540,1480,258.18,30,20,0,46.47
540,541,1484,335.57,0,0,0,60.4
541,542,1486,386.54,0,0,0,69.58
542,542,1487,330.69,0,0,0,59.52
543,546,1490,168.29,30,20,0,30.29
544,547,1492,488.04,0,0,0,87.85
545,547,1499,425.17,0,0,0,76.53
546,549,1503,180.73,30,0,0,32.53
547,551,1506,291.41,30,0,0,52.45
548,551,1508,323.49,30,0,0,58.23
549,552,1512,320.82,0,50,0,57.75
550,552,1513,402.78,0,0,0,72.5
551,554,1518,402.42,0,0,0,72.44
552,557,1522,333.89,0,0,0,60.1
553,559,1526,224.39,30,0,0,40.39
554,560,1528,359.5,0,0,0,64.71
555,561,1529,444.71,0,0,0,80.05
556,562,1530,292.01,0,20,0,52.56
557,564,1534,341.09,0,0,0,61.4
558,564,1535,278.99,30,20,0,50.22
559,564,1537,239.1,30,0,0,43.04
560,566,1541,327.86,30,0,0,59.01
561,566,1542,305.84,30,0,0,55.05
562,566,1543,290.3,30,0,0,52.25
563,568,1545,373.93,0,20,0,67.31
564,569,1547,321.12,30,0,0,57.8
565,570,1552,298.63,30,0,0,53.75
566,573,1557,337.99,0,0,0,60.84
567,574,1561,342.62,0,0,0,61.67
568,576,1565,314.72,30,0,0,56.65
569,577,1566,225.52,30,0,0,40.59
570,578,1572,374.7,0,0,0,67.45
571,579,1579,258.83,0,50,0,46.59
572,580,1582,234.1,30,20,0,42.14
573,583,1590,432.81,0,20,0,77.91
574,583,1594,360.18,0,0,0,64.83
575,584,1598,387.35,0,0,0,69.72
576,586,1601,416.46,0,0,0,74.96
577,586,1603,305.77,0,50,0,55.04
578,587,1604,304.86,0,0,0,54.87
579,588,1608,366.18,0,0,0,65.91
580,589,1611,255.17,0,50,0,45.93
581,589,1612,322.05,30,0,0,57.97
582,592,1614,366.57,0,0,0,65.98
583,593,1615,276.85,30,20,0,49.83
584,594,1617,277.11,30,50,0,49.88
585,594,1618,306.88,0,0,0,55.24
586,596,1623,296.35,30,0,0,53.34
587,597,1625,255.97,0,50,0,46.07
588,598,1628,432.64,0,50,0,77.88
589,599,1630,441.89,0,0,0,79.54
590,599,1631,351.6,0,50,0,63.29
591,601,1634,267.49,30,0,0,48.15
592,603,1638,371.13,0,0,0,66.8
593,603,1639,314.42,0,20,0,56.6
594,603,1641,345.02,0,0,0,62.1
595,604,1642,302.71,0,0,0,54.49
596,604,1644,179.11,30,50,0,32.24
597,605,1645,315.16,0,50,0,56.73
598,605,1647,379.39,0,0,0,68.29
599,606,1648,315.35,30,0,0,56.76
600,606,1650,452.8,0,0,0,81.5
601,607,1651,301.38,0,0,0,54.25
602,607,1653,371.15,0,20,0,66.81
603,609,1657,318.91,0,0,0,57.4
604,609,1658,341.0,0,0,0,61.38
605,615,1668,547.19,0,0,0,98.49
606,616,1669,418.62,0,0,0,75.35
607,616,1670,432.37,0,0,0,77.83
608,617,1673,444.4,0,0,0,79.99
609,618,1679,305.38,0,20,0,54.97
610,619,1681,405.79,0,0,0,73.04
611,619,1682,369.6,0,0,0,66.53
612,622,1689,116.87,30,50,0,21.04
613,623,1691,300.75,0,0,0,54.14
614,623,1693,265.15,30,50,0,47.73
615,624,1695,307.84,0,50,0,55.41
616,625,1696,233.36,30,0,0,42.0
617,626,1699,358.71,0,0,0,64.57
618,629,1705,341.98,0,50,0,61.56
619,630,1707,299.62,0,0,0,53.93
620,630,1709,217.82,30,0,0,39.21
621,632,1711,249.87,0,50,0,44.98
622,633,1712,347.14,0,0,0,62.49
623,635,1714,302.68,0,50,0,54.48
624,640,1724,322.93,0,0,0,58.13
625,641,1726,364.4,0,50,0,65.59
626,643,1730,220.64,30,0,0,39.72
627,644,1732,293.74,30,20,0,52.87
628,645,1736,255.1,0,50,0,45.92
629,649,1739,377.19,0,0,0,67.89
630,650,1742,271.15,30,0,0,48.81
631,654,1751,325.73,0,50,0,58.63
632,654,1753,349.05,0,0,0,62.83
633,656,1760,267.02,30,50,0,48.06
634,656,1761,111.42,30,0,0,20.06
635,658,1765,403.43,0,0,0,72.62
636,658,1766,319.01,30,0,0,57.42
637,660,1769,406.99,0,0,0,73.26
638,660,1771,435.03,0,0,0,78.31
639,664,1775,200.41,30,20,0,36.07
640,665,1779,264.26,30,0,0,47.57
641,666,1781,264.69,30,0,0,47.64
642,666,1783,311.52,30,0,0,56.07
643,668,1789,383.66,0,0,1,69.06
644,668,1792,307.47,0,50,0,55.34
645,668,1794,234.53,30,0,0,42.22
646,671,1800,275.37,0,50,0,49.57
647,671,1803,292.36,0,50,0,52.62
648,671,1805,345.11,0,0,0,62.12
649,673,1809,382.76,0,50,0,68.9
650,673,1811,386.49,0,50,0,69.57
651,674,1816,344.19,0,20,0,61.95
652,675,1817,352.58,0,0,0,63.46
653,675,1818,375.11,0,0,0,67.52
654,675,1819,415.41,0,0,0,74.77
655,676,1821,523.86,0,50,0,94.29
656,677,1826,355.92,0,0,0,64.07
657,677,1827,364.11,0,50,0,65.54
658,677,1828,74.47,30,50,0,13.4
659,680,1838,357.99,0,0,0,64.44
660,684,1842,422.02,0,0,0,75.96
661,687,1845,317.79,0,0,0,57.2
662,690,1854,275.75,0,50,0,49.64
663,690,1855,381.62,0,0,0,68.69
664,691,1856,331.04,0,50,1,59.59
665,691,1857,203.54,30,20,0,36.64
666,695,1860,299.17,0,0,0,53.85
667,695,1861,299.39,30,0,0,53.89
668,695,1863,212.68,30,50,0,38.28
669,697,1866,341.94,0,0,0,61.55
670,697,1867,286.99,0,20,0,51.66
671,697,1869,197.55,30,20,0,35.56
672,697,1870,265.78,0,50,0,47.84
673,700,1876,328.2,30,0,0,59.08
674,702,1877,219.61,30,0,0,39.53
675,704,1883,349.07,0,0,0,62.83
676,704,1884,332.58,0,20,0,59.86
677,704,1885,303.95,0,50,0,54.71
678,704,1887,300.17,0,50,0,54.03
679,704,1889,452.56,0,0,0,81.46
680,704,1890,341.35,0,0,0,61.44
681,707,1891,376.38,0,0,0,67.75
682,708,1893,309.49,0,0,0,55.71
683,710,1897,224.86,30,20,0,40.47
684,711,1899,304.51,0,20,0,54.81
685,711,1900,373.32,0,0,0,67.2
686,711,1901,278.27,30,20,0,50.09
687,712,1905,308.92,30,20,0,55.61
688,714,1908,239.9,30,50,0,43.18
689,714,1909,306.84,30,0,0,55.23
690,714,1911,307.82,0,0,0,55.41
691,714,1912,279.86,30,0,0,50.37
692,715,1915,411.9,0,0,0,74.14
693,716,1917,292.54,30,0,0,52.66
694,722,1926,356.28,0,0,0,64.13
695,722,1927,485.25,0,0,0,87.34
696,722,1928,315.62,30,0,0,56.81
697,724,1930,474.05,0,0,0,85.33
698,725,1933,286.88,0,50,0,51.64
699,726,1935,246.75,30,0,0,44.42
700,728,1941,378.23,0,50,0,68.08
701,728,1943,223.69,30,0,0,40.26
702,729,1945,273.4,30,50,0,49.21
703,730,1947,409.61,0,20,0,73.73
704,731,1952,183.46,30,0,0,33.02
705,732,1953,267.05,30,0,0,48.07
706,732,1954,260.04,30,50,0,46.81
707,732,1955,382.83,0,20,0,68.91
708,733,1957,314.5,0,0,1,56.61
709,734,1959,222.15,30,20,0,39.99
710,734,1960,118.04,30,50,0,21.25
711,734,1962,417.52,0,0,0,75.15
712,735,1963,300.49,30,20,0,54.09
713,735,1967,306.21,0,0,0,55.12
714,735,1968,351.39,0,0,0,63.25
715,736,1970,325.99,30,0,0,58.68
716,738,1976,147.43,30,50,0,26.54
717,743,1983,252.56,0,50,0,45.46
718,745,1988,257.93,30,0,0,46.43
719,748,1993,353.73,0,20,0,63.67
720,751,1999,372.23,0,50,0,67.0
721,751,2000,320.29,0,0,0,57.65
722,752,2003,229.92,30,0,0,41.39
723,753,2006,524.81,0,20,0,94.47
724,753,2007,233.72,30,20,0,42.07
725,753,2008,363.0,0,0,0,65.34
726,754,2009,328.76,0,0,0,59.18
727,755,2013,315.31,0,0,0,56.76
728,756,2015,340.13,0,0,0,61.22
729,759,2017,363.91,0,0,1,65.5
730,759,2018,326.46,0,0,0,58.76
731,760,2021,335.66,0,0,0,60.42
732,760,2022,206.29,30,50,0,37.13
733,761,2025,370.01,0,0,0,66.6
734,761,2027,316.92,0,0,0,57.05
735,763,2029,177.77,30,0,0,32.0
736,763,2030,317.23,0,20,0,57.1
737,765,2032,331.88,0,0,0,59.74
738,768,2038,382.84,0,0,0,68.91
739,769,2039,334.3,0,20,1,60.17
740,770,2042,438.85,0,0,0,78.99
741,773,2049,324.25,0,0,0,58.36
742,775,2056,363.54,0,20,0,65.44
743,776,2058,381.63,0,0,0,68.69
744,776,2059,298.74,30,0,0,53.77
745,777,2060,423.96,0,50,0,76.31
746,779,2066,305.3,30,0,0,54.95
747,780,2069,279.85,30,0,0,50.37
748,781,2070,323.73,30,0,0,58.27
749,781,2071,431.92,0,0,0,77.75
750,782,2072,361.32,0,0,0,65.04
751,783,2074,382.86,0,0,0,68.91
752,784,2076,262.08,30,0,0,47.17
753,787,2083,227.15,30,50,0,40.89
754,789,2089,315.42,30,0,0,56.78
755,790,2090,303.72,0,20,0,54.67
756,790,2092,322.17,30,0,0,57.99
757,791,2095,302.94,0,50,0,54.53
758,792,2098,299.29,0,50,0,53.87
759,792,2099,178.37,30,50,0,32.11
760,792,2103,239.41,30,50,0,43.09
761,792,2104,220.83,30,50,0,39.75
762,794,2106,572.82,0,0,0,103.11
763,795,2109,350.29,0,20,0,63.05
764,795,2110,367.93,0,20,0,66.23
765,798,2115,167.37,30,0,0,30.13
766,798,2116,436.85,0,0,0,78.63
767,800,2117,310.25,0,0,0,55.84
768,801,2118,427.84,0,50,0,77.01
769,803,2121,328.94,0,20,0,59.21
770,804,2124,261.54,30,20,0,47.08
771,805,2125,300.27,0,20,0,54.05
772,805,2126,376.44,0,0,0,67.76
773,805,2129,310.54,0,0,0,55.9
774,807,2130,319.23,0,0,0,57.46
775,811,2135,286.01,30,0,0,51.48
776,813,2139,459.49,0,0,0,82.71
777,813,2140,312.71,30,0,0,56.29
778,813,2142,150.09,30,0,0,27.02
779,815,2145,224.8,30,0,0,40.46
780,815,2146,195.54,30,0,0,35.2
781,817,2153,307.71,0,0,0,55.39
782,818,2155,425.77,0,0,0,76.64
783,819,2156,407.23,0,0,0,73.3
784,819,2157,244.52,30,0,0,44.01
785,821,2159,224.17,30,0,0,40.35
786,821,2164,265.52,30,50,0,47.79
787,823,2168,476.5,0,0,1,85.77
788,823,2170,281.61,30,20,0,50.69
789,827,2172,345.56,0,0,0,62.2
790,827,2173,246.15,30,50,0,44.31
791,828,2174,332.54,0,0,0,59.86
792,828,2175,385.4,0,0,0,69.37
793,828,2176,426.88,0,0,0,76.84
794,828,2177,323.86,30,0,0,58.29
795,830,2180,384.33,0,0,0,69.18
796,830,2181,370.45,0,0,0,66.68
797,830,2184,363.19,0,0,0,65.37
798,832,2188,344.28,0,0,0,61.97
799,833,2190,291.69,30,0,0,52.5
800,833,2192,300.49,0,0,0,54.09
801,833,2193,434.78,0,20,0,78.26
802,834,2195,263.64,30,0,0,47.46
803,836,2200,278.4,30,50,0,50.11
804,836,2201,313.65,0,0,0,56.46
805,836,2202,108.27,30,50,0,19.49
806,839,2209,332.15,0,50,0,59.79
807,840,2212,366.28,0,50,1,65.93
808,840,2213,308.84,30,20,0,55.59
809,841,2215,293.11,0,20,0,52.76
810,841,2216,355.3,0,20,0,63.95
811,843,2221,241.83,30,50,0,43.53
812,844,2226,198.67,30,20,0,35.76
813,844,2228,315.53,0,0,0,56.8
814,845,2229,323.23,0,50,0,58.18
815,845,2233,351.66,0,50,0,63.3
816,845,2234,495.96,0,0,0,89.27
817,848,2236,344.32,0,20,0,61.98
818,850,2239,237.08,30,0,0,42.67
819,850,2241,258.19,30,50,0,46.47
820,850,2242,330.84,0,50,0,59.55
821,851,2246,328.67,0,0,0,59.16
822,852,2249,215.29,30,20,0,38.75
823,852,2250,445.96,0,0,0,80.27
824,853,2251,507.67,0,0,0,91.38
825,855,2253,278.11,30,0,0,50.06
826,855,2255,310.91,0,0,0,55.96
827,856,2257,293.06,30,0,0,52.75
828,857,2259,468.52,0,0,0,84.33
829,858,2261,414.01,0,0,0,74.52
830,859,2264,302.28,30,0,0,54.41
831,863,2268,287.38,30,0,1,51.73
832,865,2273,292.46,30,0,0,52.64
833,865,2274,258.89,30,0,1,46.6
834,867,2277,160.11,30,0,0,28.82
835,867,2280,280.29,0,50,0,50.45
836,868,2281,307.81,30,20,1,55.41
837,868,2282,256.65,30,0,0,46.2
838,869,2284,517.38,0,0,0,93.13
839,870,2285,361.01,0,0,0,64.98
840,874,2297,304.4,0,0,0,54.79
841,879,2308,376.27,0,0,0,67.73
842,880,2310,281.11,0,20,0,50.6
843,880,2312,294.23,30,0,0,52.96
844,881,2313,183.29,30,20,0,32.99
845,882,2316,283.35,30,0,0,51.0
846,882,2318,406.06,0,0,0,73.09
847,884,2324,145.81,30,0,0,26.25
848,887,2326,284.77,0,50,0,51.26
849,889,2328,402.95,0,20,0,72.53
850,890,2330,277.2,30,50,0,49.9
851,891,2331,328.45,0,0,1,59.12
852,891,2332,357.32,0,0,0,64.32
853,891,2336,387.68,0,0,0,69.78
854,892,2341,215.78,30,0,0,38.84
855,894,2344,325.23,0,20,0,58.54
856,894,2346,205.06,30,50,0,36.91
857,895,2348,348.69,0,0,0,62.76
858,895,2349,306.71,0,0,0,55.21
859,895,2353,320.21,30,0,0,57.64
860,896,2354,339.98,0,50,0,61.2
861,897,2355,253.75,30,0,0,45.68
862,897,2356,307.87,30,0,0,55.42
863,897,2357,455.57,0,0,0,82.0
864,897,2358,321.2,0,0,0,57.82
865,901,2361,321.33,0,20,0,57.84
866,902,2362,339.41,0,20,0,61.09
867,908,2371,314.09,30,0,0,56.54
868,908,2374,363.13,0,0,0,65.36
869,909,2376,336.1,0,0,0,60.5
870,909,2378,299.14,0,50,0,53.85
871,912,2380,326.1,30,0,0,58.7
872,912,2381,218.21,30,0,0,39.28
873,914,2390,403.74,0,0,0,72.67
874,914,2393,406.28,0,20,0,73.13
875,917,2398,308.74,0,0,0,55.57
876,919,2401,314.46,30,0,0,56.6
877,919,2402,322.71,0,0,0,58.09
878,920,2405,275.38,30,0,0,49.57
879,921,2407,183.32,30,0,0,33.0
880,922,2409,386.0,0,0,0,69.48
881,924,2410,421.3,0,0,0,75.83
882,925,2411,308.28,0,0,0,55.49
883,925,2412,450.7,0,50,0,81.13
884,926,2414,401.0,0,50,0,72.18
885,926,2416,323.24,0,0,0,58.18
886,926,2417,284.12,0,50,0,51.14
887,930,2423,341.9,0,0,0,61.54
888,930,2426,422.09,0,0,0,75.98
889,931,2428,303.55,0,0,0,54.64
890,931,2430,450.41,0,20,0,81.07
891,935,2438,271.2,0,50,0,48.82
892,935,2439,441.13,0,0,0,79.4
893,937,2442,413.47,0,0,0,74.42
894,937,2443,307.49,0,50,0,55.35
895,938,2446,451.86,0,0,0,81.33
896,939,2451,250.01,0,50,0,45.0
897,939,2454,326.0,30,0,0,58.68
898,940,2456,138.47,30,0,0,24.92
899,941,2458,363.47,0,0,0,65.42
900,942,2460,182.89,30,0,0,32.92
901,942,2461,291.42,30,0,0,52.46
902,942,2463,360.03,0,0,1,64.81
903,942,2464,308.38,0,50,0,55.51
904,943,2467,410.84,0,0,0,73.95
905,944,2469,325.01,0,0,1,58.5
906,945,2470,354.74,0,0,0,63.85
907,946,2473,287.36,30,0,0,51.72
908,948,2481,158.19,30,0,0,28.47
909,955,2492,269.81,30,20,0,48.57
910,956,2494,562.42,0,0,0,101.24
911,957,2496,504.85,0,0,0,90.87
912,958,2501,307.04,30,0,0,55.27
913,958,2502,297.1,0,50,0,53.48
914,959,2504,297.0,0,20,0,53.46
915,962,2506,301.11,0,0,0,54.2
916,962,2507,294.13,0,20,0,52.94
917,964,2510,402.41,0,0,0,72.43
918,967,2517,326.5,0,0,0,58.77
919,969,2522,329.56,0,20,0,59.32
920,969,2523,218.65,30,20,0,39.36
921,969,2524,361.32,0,0,0,65.04
922,969,2525,252.8,30,0,0,45.5
923,971,2527,303.62,30,20,0,54.65
924,972,2530,451.4,0,20,0,81.25
925,973,2531,315.12,30,0,0,56.72
926,974,2533,395.66,0,0,0,71.22
927,975,2537,504.42,0,0,0,90.8
928,975,2538,368.43,0,50,0,66.32
929,975,2539,267.18,30,20,0,48.09
930,975,2540,299.71,0,50,0,53.95
931,976,2542,318.35,0,0,0,57.3
932,977,2544,260.7,0,50,0,46.93
933,977,2545,312.58,0,0,0,56.26
934,978,2548,452.26,0,0,0,81.41
935,979,2550,277.61,30,0,0,49.97
936,980,2553,469.21,0,0,0,84.46
937,980,2554,434.84,0,0,0,78.27
938,981,2558,384.14,0,50,0,69.15
939,982,2561,253.37,30,0,0,45.61
940,982,2565,395.67,0,0,0,71.22
941,983,2566,374.89,0,0,0,67.48
942,983,2567,377.64,0,0,0,67.98
943,983,2568,275.93,30,0,0,49.67
944,983,2569,317.2,0,0,0,57.1
945,983,2571,352.21,0,0,0,63.4
946,984,2574,304.89,30,0,0,54.88
947,986,2578,301.01,0,20,0,54.18
948,987,2583,409.67,0,50,0,73.74
949,989,2587,418.32,0,0,0,75.3
950,989,2588,309.26,0,0,0,55.67
951,991,2596,391.28,0,0,0,70.43
952,991,2598,583.31,0,0,0,105.0
953,991,2599,433.9,0,0,0,78.1
954,993,2604,308.38,0,50,0,55.51
955,994,2605,442.92,0,0,0,79.73
956,994,2606,284.18,30,0,0,51.15
957,994,2609,251.85,30,20,0,45.33
958,995,2610,313.05,0,20,0,56.35
959,998,2612,414.99,0,20,0,74.7
960,998,2615,337.85,0,0,0,60.81
961,999,2618,383.75,0,0,0,69.08
962,1000,2619,397.2,0,0,0,71.5
963,1005,2631,317.75,0,0,0,57.2
964,1005,2632,447.01,0,0,0,80.46
965,1005,2635,303.07,30,0,0,54.55
966,1008,2640,370.95,0,0,0,66.77
967,1008,2641,295.99,30,0,0,53.28
968,1010,2643,192.51,30,20,0,34.65
969,1010,2646,331.3,0,0,0,59.63
970,1014,2654,89.32,30,50,0,16.08
971,1015,2657,323.07,0,0,0,58.15
972,1016,2658,296.97,30,0,0,53.45
973,1016,2660,233.96,30,0,1,42.11
974,1017,2663,442.94,0,0,0,79.73
975,1017,2666,316.29,0,0,0,56.93
976,1021,2667,408.89,0,0,0,73.6
977,1026,2678,364.67,0,0,0,65.64
978,1026,2679,284.68,30,0,0,51.24
979,1028,2685,302.87,0,50,0,54.52
980,1028,2687,319.48,0,0,0,57.51
981,1030,2693,288.55,0,20,0,51.94
982,1030,2694,378.16,0,0,0,68.07
983,1031,2698,428.68,0,20,0,77.16
984,1033,2705,205.42,30,0,0,36.98
985,1033,2707,312.77,30,0,0,56.3
986,1036,2712,317.05,0,50,0,57.07
987,1038,2717,315.9,0,0,0,56.86
988,1038,2718,168.8,30,50,0,30.38
989,1039,2723,296.6,30,20,0,53.39
990,1044,2732,312.2,30,0,1,56.2
991,1045,2740,205.93,30,0,1,37.07
992,1045,2741,266.19,30,50,0,47.91
993,1047,2745,349.74,0,0,0,62.95
994,1048,2748,266.06,30,0,0,47.89
995,1049,2752,307.19,0,20,0,55.29
996,1050,2754,206.2,30,0,0,37.12
997,1051,2755,398.66,0,0,0,71.76
998,1051,2758,404.85,0,0,0,72.87
999,1052,2761,264.14,30,20,0,47.55
1000,1054,2767,317.33,30,0,0,57.12
1001,1054,2769,202.83,30,0,0,36.51
1002,1055,2770,436.71,0,0,0,78.61
1003,1058,2775,306.81,30,0,0,55.23
1004,1059,2776,446.29,0,0,0,80.33
1005,1059,2780,295.04,30,0,0,53.11
1006,1060,2782,301.77,30,20,0,54.32
1007,1061,2783,319.65,0,0,0,57.54
1008,1061,2785,309.77,30,0,0,55.76
1009,1062,2788,355.11,0,0,0,63.92
1010,1063,2789,174.24,30,20,0,31.36
1011,1064,2790,293.47,30,0,0,52.82
1012,1066,2793,375.38,0,0,0,67.57
1013,1067,2795,416.14,0,0,0,74.91
1014,1068,2798,298.08,30,0,0,53.65
1015,1069,2801,464.48,0,0,0,83.61
1016,1069,2802,578.88,0,0,0,104.2
1017,1071,2806,216.53,30,0,0,38.98
1018,1071,2807,227.91,30,0,0,41.02
1019,1071,2808,404.44,0,20,0,72.8
1020,1073,2811,317.82,30,0,0,57.21
1021,1073,2812,298.85,30,20,0,53.79
1022,1074,2815,307.39,30,20,0,55.33
1023,1074,2818,297.06,0,50,0,53.47
1024,1079,2824,382.34,0,0,0,68.82
1025,1079,2825,267.81,0,50,0,48.21
1026,1079,2826,330.62,0,0,0,59.51
1027,1080,2831,505.25,0,50,0,90.94
1028,1082,2832,300.76,0,0,0,54.14
1029,1082,2833,220.29,30,50,0,39.65
1030,1083,2836,383.69,0,20,0,69.06
1031,1087,2842,458.06,0,0,0,82.45
1032,1087,2843,320.88,0,50,0,57.76
1033,1088,2847,352.38,0,50,0,63.43
1034,1089,2850,444.8,0,0,0,80.06
1035,1089,2851,471.69,0,0,0,84.9
1036,1091,2854,320.14,0,0,0,57.63
1037,1092,2855,323.52,0,20,0,58.23
1038,1093,2857,372.54,0,0,0,67.06
1039,1094,2859,261.73,30,50,0,47.11
1040,1094,2860,303.93,0,0,0,54.71
1041,1094,2861,342.42,0,0,0,61.64
1042,1095,2862,466.47,0,0,0,83.96
1043,1095,2864,366.56,0,0,0,65.98
1044,1095,2865,370.41,0,0,0,66.67
1045,1095,2866,303.76,0,20,0,54.68
1046,1095,2867,259.03,30,20,0,46.63
1047,1096,2868,144.89,30,0,0,26.08
1048,1096,2871,450.91,0,50,0,81.16
1049,1097,2872,294.3,30,0,0,52.97
1050,1097,2875,304.15,0,50,0,54.75
1051,1100,2881,419.92,0,0,0,75.59
1052,1101,2885,303.38,30,0,0,54.61
1053,1102,2886,485.35,0,20,0,87.36
1054,1103,2888,285.51,0,20,0,51.39
1055,1104,2889,458.24,0,0,1,82.48
1056,1104,2890,299.05,0,0,0,53.83
1057,1106,2895,362.4,0,20,0,65.23
1058,1106,2896,297.66,0,50,0,53.58
1059,1106,2898,460.6,0,0,0,82.91
1060,1107,2899,396.77,0,0,0,71.42
1061,1107,2900,415.19,0,0,0,74.73
1062,1109,2903,400.25,0,0,0,72.04
1063,1111,2905,366.63,0,20,0,65.99
1064,1111,2906,288.11,0,50,0,51.86
1065,1113,2912,395.75,0,0,0,71.24
1066,1113,2914,271.35,30,0,0,48.84
1067,1118,2923,443.74,0,0,0,79.87
1068,1118,2925,475.23,0,20,0,85.54
1069,1119,2927,348.65,0,0,0,62.76
1070,1119,2929,392.47,0,0,0,70.64
1071,1123,2934,442.94,0,20,0,79.73
1072,1125,2941,335.05,0,50,0,60.31
1073,1126,2942,319.2,0,50,0,57.46
1074,1128,2945,268.04,30,50,0,48.25
1075,1128,2947,283.98,30,0,0,51.12
1076,1129,2951,304.88,0,0,0,54.88
1077,1129,2952,320.34,0,0,0,57.66
1078,1129,2954,282.89,30,0,0,50.92
1079,1129,2955,291.08,30,0,0,52.39
1080,1130,2958,452.64,0,20,0,81.48
1081,1130,2960,345.64,0,50,0,62.22
1082,1130,2961,343.95,0,0,0,61.91
1083,1132,2965,319.75,30,0,1,57.56
1084,1133,2966,454.53,0,0,0,81.82
1085,1133,2967,324.79,0,0,0,58.46
1086,1133,2968,260.4,30,0,0,46.87
1087,1134,2970,113.35,30,50,0,20.4
1088,1135,2973,471.0,0,20,0,84.78
1089,1136,2975,329.72,0,0,0,59.35
1090,1137,2977,311.31,30,0,0,56.04
1091,1138,2978,317.24,30,0,0,57.1
1092,1138,2979,269.37,0,50,0,48.49
1093,1139,2981,370.02,0,0,0,66.6
1094,1141,2988,174.47,30,50,0,31.4
1095,1141,2989,307.02,30,20,0,55.26
1096,1143,2993,362.91,0,20,0,65.32
1097,1143,2994,387.46,0,20,0,69.74
1098,1147,2999,345.41,0,0,0,62.17
1099,1147,3001,352.2,0,20,0,63.4
1100,1151,3009,325.9,30,0,0,58.66
1101,1151,3014,307.58,0,20,0,55.36
1102,1152,3015,354.07,0,0,0,63.73
1103,1153,3019,315.48,0,0,0,56.79
1104,1153,3021,376.56,0,0,0,67.78
1105,1153,3022,305.88,0,0,0,55.06
1106,1154,3023,119.67,30,0,0,21.54
1107,1156,3027,301.51,0,0,0,54.27
1108,1157,3028,458.34,0,0,0,82.5
1109,1157,3030,325.06,30,0,0,58.51
1110,1158,3032,309.16,0,20,0,55.65
1111,1158,3033,186.47,30,0,0,33.56
1112,1159,3034,288.98,30,0,0,52.02
1113,1160,3037,281.27,0,20,0,50.63
1114,1160,3038,459.54,0,0,0,82.72
1115,1160,3039,309.63,0,0,0,55.73
1116,1161,3040,228.89,30,0,0,41.2
1117,1162,3044,255.89,30,50,0,46.06
1118,1162,3045,320.8,0,0,0,57.74
1119,1162,3046,349.47,0,0,0,62.9
1120,1162,3047,366.44,0,0,0,65.96
1121,1163,3048,196.9,30,0,0,35.44
1122,1164,3049,310.36,30,0,0,55.86
1123,1167,3055,401.84,0,50,0,72.33
1124,1169,3060,320.83,0,0,0,57.75
1125,1170,3062,360.09,0,0,0,64.82
1126,1172,3063,415.59,0,0,0,74.81
1127,1172,3064,128.69,30,0,0,23.16
1128,1176,3069,395.98,0,20,0,71.28
1129,1176,3070,398.91,0,20,0,71.8
1130,1177,3075,432.71,0,0,0,77.89
1131,1177,3077,215.99,30,0,0,38.88
1132,1177,3083,330.82,0,0,1,59.55
1133,1179,3086,368.38,0,0,0,66.31
1134,1181,3091,326.81,30,0,0,58.83
1135,1181,3092,463.4,0,50,0,83.41
1136,1181,3094,211.28,30,0,0,38.03
1137,1182,3095,299.05,0,20,0,53.83
1138,1183,3097,256.28,30,50,0,46.13
1139,1183,3099,544.12,0,0,0,97.94
1140,1184,3101,486.49,0,20,1,87.57
1141,1184,3103,469.66,0,0,0,84.54
1142,1184,3104,209.82,30,0,0,37.77
1143,1185,3106,308.09,30,0,0,55.46
1144,1187,3111,270.26,0,50,0,48.65
1145,1187,3112,349.28,0,0,0,62.87
1146,1190,3125,408.15,0,0,0,73.47
1147,1191,3127,407.91,0,0,0,73.42
1148,1192,3130,325.9,30,0,0,58.66
1149,1193,3133,329.83,0,0,0,59.37
1150,1194,3139,313.5,0,0,1,56.43
1151,1194,3140,322.55,0,0,0,58.06
1152,1195,3142,261.67,30,0,0,47.1
1153,1195,3143,278.87,30,20,0,50.2
1154,1197,3146,269.3,0,50,0,48.47
1155,1198,3147,330.34,0,50,0,59.46
1156,1198,3148,217.27,30,0,0,39.11
1157,1198,3149,442.84,0,0,0,79.71
1158,1198,3150,250.59,30,20,0,45.11
1159,1202,3152,306.35,0,0,0,55.14
1160,1205,3156,433.62,0,0,1,78.05
1161,1205,3157,369.45,0,0,0,66.5
1162,1208,3161,429.54,0,20,0,77.32
1163,1209,3162,271.3,0,50,0,48.83
1164,1209,3163,282.87,0,20,0,50.92
1165,1210,3166,347.23,0,20,0,62.5
1166,1210,3168,320.3,0,0,0,57.65
1167,1211,3169,307.74,30,0,0,55.39
1168,1211,3170,278.08,30,0,0,50.05
1169,1214,3174,202.05,30,0,0,36.37
1170,1214,3175,285.43,0,20,0,51.38
1171,1214,3176,157.77,30,0,0,28.4
1172,1214,3177,412.28,0,0,0,74.21
1173,1215,3178,346.66,0,50,0,62.4
1174,1216,3180,239.03,30,0,0,43.03
1175,1216,3181,347.61,0,0,0,62.57
1176,1216,3182,446.44,0,0,0,80.36
1177,1218,3186,254.53,30,50,0,45.82
1178,1218,3187,315.16,0,0,0,56.73
1179,1220,3196,325.89,0,50,0,58.66
1180,1221,3197,508.58,0,20,0,91.54
1181,1222,3202,323.47,30,0,0,58.22
1182,1222,3203,348.56,0,0,0,62.74
1183,1222,3204,418.29,0,20,0,75.29
1184,1224,3207,266.14,30,0,0,47.91
1185,1227,3213,306.03,0,0,0,55.09
1186,1228,3215,294.74,30,20,0,53.05
1187,1229,3217,457.82,0,0,0,82.41
1188,1230,3218,361.0,0,0,1,64.98
1189,1230,3219,265.39,0,50,0,47.77
1190,1230,3221,388.87,0,50,0,70.0
1191,1230,3224,180.36,30,50,0,32.46
1192,1232,3226,254.82,30,0,0,45.87
1193,1235,3229,264.03,30,20,0,47.53
1194,1236,3231,299.24,0,0,0,53.86
1195,1236,3233,367.67,0,0,0,66.18
1196,1237,3235,181.73,30,0,0,32.71
1197,1239,3240,242.87,30,0,0,43.72
1198,1243,3242,385.79,0,20,0,69.44
1199,1243,3243,211.88,30,0,0,38.14
1200,1244,3246,294.02,0,20,0,52.92
1201,1244,3247,447.03,0,0,0,80.47
1202,1244,3248,177.84,30,50,0,32.01
1203,1246,3253,241.21,30,50,0,43.42
1204,1248,3256,264.19,30,0,0,47.55
1205,1248,3257,420.05,0,0,0,75.61
1206,1251,3263,216.86,30,0,0,39.03
1207,1252,3264,287.31,30,0,0,51.72
1208,1254,3269,251.54,30,0,0,45.28
1209,1254,3270,179.68,30,0,0,32.34
1210,1255,3275,328.47,0,50,0,59.12
1211,1255,3276,271.64,30,0,0,48.9
1212,1256,3277,393.46,0,0,0,70.82
1213,1256,3278,450.7,0,0,0,81.13
1214,1256,3279,282.87,30,20,0,50.92
1215,1257,3281,293.9,30,0,0,52.9
1216,1257,3282,461.92,0,0,0,83.15
1217,1258,3283,223.56,30,0,0,40.24
1218,1259,3285,316.77,0,50,0,57.02
1219,1259,3287,302.88,0,0,0,54.52
1220,1260,3291,344.35,0,20,1,61.98
1221,1263,3293,428.42,0,0,0,77.12
1222,1263,3294,413.36,0,0,0,74.4
1223,1264,3297,286.43,0,50,0,51.56
1224,1265,3300,309.44,0,0,0,55.7
1225,1265,3303,350.27,0,0,0,63.05
1226,1266,3307,280.83,30,20,0,50.55
1227,1268,3310,306.62,30,0,0,55.19
1228,1269,3313,317.22,0,50,0,57.1
1229,1269,3314,325.82,0,20,0,58.65
1230,1270,3317,417.37,0,0,0,75.13
1231,1270,3318,505.51,0,0,0,90.99
1232,1271,3322,298.16,30,0,0,53.67
1233,1272,3324,306.23,30,0,0,55.12
1234,1272,3326,302.46,30,0,0,54.44
1235,1273,3329,424.73,0,0,0,76.45
1236,1274,3334,327.67,0,0,0,58.98
1237,1275,3335,283.79,30,0,0,51.08
1238,1275,3336,366.09,0,20,0,65.9
1239,1276,3337,430.77,0,0,0,77.54
1240,1276,3338,341.24,0,0,0,61.42
1241,1277,3341,390.33,0,0,0,70.26
1242,1278,3343,328.19,0,0,0,59.07
1243,1279,3344,85.71,30,0,0,15.43
1244,1281,3346,369.73,0,20,0,66.55
1245,1285,3348,277.33,30,0,0,49.92
1246,1287,3353,258.52,0,50,0,46.53
1247,1288,3357,143.45,30,50,0,25.82
1248,1289,3362,322.72,0,0,0,58.09
1249,1289,3364,302.25,0,0,0,54.4
1250,1289,3365,315.93,0,0,0,56.87
1251,1290,3367,241.69,30,50,0,43.5
1252,1290,3368,349.08,0,0,0,62.83
1253,1291,3370,448.76,0,0,0,80.78
1254,1291,3371,138.84,30,50,0,24.99
1255,1292,3372,254.32,30,0,0,45.78
1256,1294,3374,323.19,0,50,0,58.17
1257,1296,3377,324.94,0,0,0,58.49
1258,1296,3379,152.95,30,50,0,27.53
1259,1299,3385,293.73,30,0,0,52.87
1260,1299,3387,394.21,0,0,0,70.96
1261,1299,3388,353.66,0,0,0,63.66
1262,1300,3389,387.01,0,0,0,69.66
1263,1301,3390,254.07,0,50,0,45.73
1264,1302,3394,336.09,0,0,0,60.5
1265,1303,3395,351.14,0,50,0,63.21
1266,1305,3396,300.42,0,0,0,54.08
1267,1305,3397,395.21,0,0,0,71.14
1268,1306,3402,174.17,30,0,1,31.35
1269,1308,3404,597.55,0,20,0,107.56
1270,1310,3407,308.41,0,20,0,55.51
1271,1311,3410,209.88,30,0,0,37.78
1272,1312,3413,424.43,0,0,0,76.4
1273,1312,3414,208.67,30,20,0,37.56
1274,1312,3415,309.56,0,0,0,55.72
1275,1313,3420,345.8,0,0,0,62.24
1276,1314,3422,286.88,0,50,0,51.64
1277,1314,3424,442.93,0,20,0,79.73
1278,1316,3428,332.91,0,0,0,59.92
1279,1319,3440,452.18,0,0,0,81.39
1280,1320,3444,323.46,0,0,0,58.22
1281,1321,3445,353.24,0,0,0,63.58
1282,1322,3447,346.08,0,0,0,62.29
1283,1322,3449,327.72,0,20,0,58.99
1284,1323,3450,337.85,0,0,0,60.81
1285,1323,3451,379.61,0,0,0,68.33
1286,1324,3454,208.95,30,50,0,37.61
1287,1325,3457,279.78,0,20,0,50.36
1288,1325,3458,373.76,0,0,0,67.28
1289,1328,3464,376.56,0,0,0,67.78
1290,1329,3466,305.55,30,0,0,55.0
1291,1332,3477,410.04,0,0,0,73.81
1292,1334,3482,369.94,0,0,0,66.59
1293,1337,3484,323.84,0,0,0,58.29
1294,1341,3492,335.5,0,0,0,60.39
1295,1342,3493,265.72,30,0,0,47.83
1296,1342,3496,295.58,30,20,0,53.2
1297,1343,3497,250.88,30,50,0,45.16
1298,1344,3498,345.96,0,0,0,62.27
1299,1344,3501,165.59,30,0,0,29.81
1300,1345,3502,297.78,0,20,0,53.6
1301,1345,3506,300.45,0,0,0,54.08
1302,1347,3509,304.87,0,50,0,54.88
1303,1348,3513,303.0,0,0,0,54.54
1304,1350,3517,257.35,30,0,0,46.32
1305,1351,3518,297.03,30,20,0,53.47
1306,1357,3529,454.83,0,0,0,81.87
1307,1358,3531,116.8,30,0,0,21.02
1308,1359,3532,297.74,30,0,0,53.59
1309,1363,3540,394.92,0,20,0,71.09
1310,1365,3541,353.85,0,0,0,63.69
1311,1365,3543,236.17,30,0,0,42.51
1312,1367,3549,272.59,30,50,0,49.07
1313,1368,3553,256.55,0,50,0,46.18
1314,1368,3556,299.59,30,0,0,53.93
1315,1369,3557,418.35,0,50,0,75.3
1316,1369,3558,341.23,0,20,0,61.42
1317,1372,3563,315.02,0,0,0,56.7
1318,1373,3569,271.68,30,50,0,48.9
1319,1373,3571,143.17,30,0,0,25.77
1320,1375,3575,311.41,0,20,0,56.05
1321,1375,3576,243.64,30,0,0,43.86
1322,1375,3577,195.67,30,0,0,35.22
1323,1381,3588,308.87,0,20,0,55.6
1324,1382,3589,426.05,0,0,0,76.69
1325,1382,3590,437.06,0,50,0,78.67
1326,1382,3591,311.69,0,20,0,56.1
1327,1382,3592,301.69,0,0,0,54.3
1328,1382,3593,314.2,0,20,0,56.56
1329,1383,3595,304.0,30,0,0,54.72
1330,1384,3597,321.44,0,0,0,57.86
1331,1387,3605,319.33,30,0,0,57.48
1332,1387,3606,337.93,0,0,0,60.83
1333,1388,3607,219.39,30,50,0,39.49
1334,1388,3608,400.69,0,50,0,72.12
1335,1388,3609,238.1,30,0,0,42.86
1336,1390,3615,267.12,30,0,1,48.08
1337,1391,3617,398.15,0,0,0,71.67
1338,1392,3619,278.93,0,50,0,50.21
1339,1392,3624,361.31,0,0,0,65.04
1340,1396,3630,288.81,0,50,0,51.99
1341,1396,3631,275.49,30,0,0,49.59
1342,1397,3632,330.34,0,0,0,59.46
1343,1398,3633,231.69,30,50,0,41.7
1344,1398,3634,277.05,0,50,0,49.87
1345,1402,3645,249.8,30,0,0,44.96
1346,1402,3647,480.44,0,0,0,86.48
1347,1403,3651,339.56,0,0,0,61.12
1348,1406,3658,231.07,30,20,0,41.59
1349,1408,3661,358.86,0,20,0,64.59
1350,1408,3662,333.57,0,20,0,60.04
1351,1410,3668,307.97,0,20,0,55.43
1352,1412,3671,289.6,0,50,0,52.13
1353,1413,3673,433.04,0,0,0,77.95
1354,1414,3678,275.44,0,50,0,49.58
1355,1416,3681,240.88,30,0,0,43.36
1356,1416,3682,535.83,0,0,0,96.45
1357,1416,3683,270.99,30,20,0,48.78
1358,1418,3686,379.45,0,20,0,68.3
1359,1420,3687,326.05,0,50,0,58.69
1360,1420,3688,395.68,0,0,0,71.22
1361,1420,3690,342.27,0,0,0,61.61
1362,1420,3691,231.37,30,50,0,41.65
1363,1420,3694,394.43,0,20,0,71.0
1364,1420,3695,428.18,0,0,0,77.07
1365,1422,3703,210.72,30,0,0,37.93
1366,1423,3704,357.88,0,50,0,64.42
1367,1423,3705,439.43,0,0,0,79.1
1368,1425,3709,307.17,0,0,0,55.29
1369,1427,3711,314.22,0,0,0,56.56
1370,1427,3712,288.45,30,20,0,51.92
1371,1427,3715,275.06,0,50,0,49.51
1372,1427,3721,307.69,0,0,0,55.38
1373,1427,3722,374.04,0,50,0,67.33
1374,1430,3726,355.61,0,0,0,64.01
1375,1431,3729,322.31,0,20,0,58.02
1376,1432,3730,266.08,30,0,0,47.89
1377,1432,3732,315.42,0,20,0,56.78
1378,1433,3737,298.33,0,20,0,53.7
1379,1433,3738,269.07,30,0,1,48.43
1380,1434,3742,405.32,0,0,1,72.96
1381,1435,3745,347.82,0,0,0,62.61
1382,1436,3747,387.65,0,0,0,69.78
1383,1437,3748,309.99,0,0,0,55.8
1384,1439,3755,312.58,0,0,1,56.26
1385,1441,3758,386.22,0,0,0,69.52
1386,1448,3770,310.14,30,0,0,55.83
1387,1450,3772,300.5,30,0,0,54.09
1388,1451,3773,382.68,0,0,0,68.88
1389,1451,3775,243.39,30,0,0,43.81
1390,1452,3776,380.97,0,0,0,68.57
1391,1452,3778,306.97,0,50,0,55.25
1392,1453,3780,497.99,0,0,0,89.64
1393,1454,3781,350.36,0,0,0,63.06
1394,1458,3788,295.81,30,0,1,53.25
1395,1458,3794,275.06,0,50,0,49.51
1396,1458,3795,220.82,30,0,0,39.75
1397,1464,3806,383.48,0,50,0,69.03
1398,1464,3808,412.99,0,0,0,74.34
1399,1465,3812,516.66,0,0,0,93.0
1400,1467,3817,272.86,0,50,0,49.11
1401,1469,3820,313.55,0,0,0,56.44
1402,1469,3821,302.19,0,0,0,54.39
1403,1469,3822,321.3,0,50,0,57.83
1404,1471,3828,314.59,30,0,0,56.63
1405,1474,3834,319.84,0,0,0,57.57
1406,1475,3835,323.52,0,0,0,58.23
1407,1475,3837,299.93,30,0,0,53.99
1408,1476,3838,438.37,0,0,0,78.91
1409,1477,3839,341.39,0,0,0,61.45
1410,1477,3840,272.95,30,50,0,49.13
1411,1478,3842,327.03,0,0,0,58.87
1412,1480,3843,327.62,0,0,0,58.97
1413,1481,3845,328.1,0,0,0,59.06
1414,1483,3849,200.25,30,20,0,36.04
1415,1485,3853,355.18,0,0,0,63.93
1416,1485,3854,298.64,30,0,0,53.76
1417,1489,3864,306.18,0,0,0,55.11
1418,1491,3866,405.11,0,0,0,72.92
1419,1492,3868,188.29,30,20,0,33.89
1420,1492,3869,312.04,0,0,0,56.17
1421,1492,3870,324.1,30,0,0,58.34
1422,1492,3871,482.41,0,0,0,86.83
1423,1493,3875,192.81,30,50,0,34.71
1424,1494,3876,322.24,30,0,0,58.0
1425,1494,3877,278.13,30,0,0,50.06
1426,1494,3878,392.63,0,0,0,70.67
1427,1497,3885,253.32,30,0,1,45.6
1428,1497,3886,328.81,30,0,0,59.19
1429,1501,3894,433.52,0,0,0,78.03
1430,1502,3896,308.94,0,20,0,55.61
1431,1504,3903,254.98,30,50,0,45.9
1432,1506,3906,346.21,0,50,0,62.32
1433,1508,3913,309.75,0,0,0,55.76
1434,1508,3914,368.55,0,0,0,66.34
1435,1509,3917,162.53,30,20,0,29.26
1436,1511,3920,60.0,30,20,0,10.8
1437,1511,3921,323.54,30,0,1,58.24
1438,1511,3922,323.79,0,0,0,58.28
1439,1512,3924,211.76,30,50,0,38.12
1440,1515,3929,422.96,0,0,0,76.13
1441,1515,3931,274.46,0,50,0,49.4
1442,1516,3934,358.02,0,20,0,64.44
1443,1519,3941,251.54,30,20,0,45.28
1444,1521,3944,303.03,0,0,0,54.55
1445,1522,3947,318.98,0,0,0,57.42
1446,1522,3948,325.08,0,0,0,58.51
1447,1525,3955,223.77,30,0,0,40.28
1448,1526,3957,265.25,30,50,0,47.74
1449,1527,3958,318.74,0,20,0,57.37
1450,1528,3960,204.61,30,50,0,36.83
1451,1531,3966,327.15,30,0,0,58.89
1452,1532,3967,528.64,0,0,1,95.16
1453,1532,3968,302.92,0,0,0,54.53
1454,1533,3971,296.12,0,20,0,53.3
1455,1534,3972,457.9,0,0,0,82.42
1456,1535,3973,325.79,30,0,0,58.64
1457,1536,3979,99.85,30,50,0,17.97
1458,1536,3980,402.23,0,0,0,72.4
1459,1537,3982,311.34,0,0,0,56.04
1460,1538,3984,412.71,0,0,0,74.29
1461,1538,3986,447.03,0,0,0,80.47
1462,1538,3988,378.89,0,0,0,68.2
1463,1538,3989,221.55,30,50,0,39.88
1464,1540,3993,418.25,0,0,0,75.28
1465,1540,3994,280.48,0,20,0,50.49
1466,1540,3997,382.83,0,20,0,68.91
1467,1545,4006,368.2,0,0,0,66.28
1468,1547,4011,401.95,0,20,0,72.35
1469,1548,4015,337.36,0,0,1,60.72
1470,1548,4020,296.87,30,0,0,53.44
1471,1549,4023,266.05,30,20,0,47.89
1472,1550,4024,213.19,30,0,0,38.37
1473,1550,4025,295.97,0,50,0,53.27
1474,1550,4027,296.34,0,20,0,53.34
1475,1551,4029,327.03,30,0,0,58.87
1476,1553,4032,393.79,0,0,0,70.88
1477,1554,4033,166.52,30,50,0,29.97
1478,1555,4034,304.36,30,20,0,54.78
1479,1557,4037,312.76,30,0,1,56.3
1480,1558,4039,300.13,0,20,0,54.02
1481,1561,4042,285.56,0,50,0,51.4
1482,1563,4046,411.48,0,0,0,74.07
1483,1563,4047,238.55,30,0,0,42.94
1484,1566,4053,260.93,0,50,0,46.97
1485,1566,4056,434.95,0,50,0,78.29
1486,1566,4060,204.38,30,0,0,36.79
1487,1566,4061,359.43,0,0,0,64.7
1488,1567,4062,380.87,0,50,0,68.56
1489,1567,4063,364.51,0,20,0,65.61
1490,1567,4065,198.95,30,0,0,35.81
1491,1571,4075,296.89,30,0,0,53.44
1492,1571,4077,305.35,0,0,0,54.96
1493,1571,4078,129.31,30,0,0,23.28
1494,1572,4080,182.78,30,50,0,32.9
1495,1573,4083,357.0,0,0,0,64.26
1496,1573,4084,284.96,0,20,0,51.29
1497,1573,4085,351.1,0,0,0,63.2
1498,1574,4086,281.97,0,50,0,50.75
1499,1575,4089,302.03,0,20,0,54.37
1500,1576,4092,385.31,0,20,0,69.36
1501,1579,4099,262.97,30,0,0,47.33
1502,1583,4108,325.0,0,20,0,58.5
1503,1585,4115,170.08,30,20,0,30.61
1504,1585,4117,311.95,0,0,0,56.15
1505,1586,4119,318.79,0,0,0,57.38
1506,1589,4124,348.46,0,0,0,62.72
1507,1590,4125,337.67,0,50,0,60.78
1508,1590,4128,420.16,0,0,0,75.63
1509,1591,4130,385.76,0,0,0,69.44
1510,1593,4132,325.52,0,50,0,58.59
1511,1593,4134,182.58,30,0,0,32.86
1512,1594,4142,293.17,30,20,0,52.77
1513,1595,4144,295.62,30,0,0,53.21
1514,1595,4145,248.54,30,0,0,44.74
1515,1596,4146,306.48,30,20,0,55.17
1516,1597,4147,417.07,0,0,0,75.07
1517,1598,4149,366.3,0,0,0,65.93
1518,1598,4150,369.17,0,0,0,66.45
1519,1599,4153,296.34,30,20,0,53.34
1520,1600,4154,309.77,0,0,0,55.76
1521,1602,4161,338.36,0,20,0,60.9
1522,1603,4162,206.37,30,20,0,37.15
1523,1604,4164,276.4,0,50,0,49.75
1524,1606,4168,380.35,0,0,0,68.46
1525,1606,4169,239.53,30,0,0,43.12
1526,1606,4171,234.43,30,0,0,42.2
1527,1608,4177,364.43,0,0,0,65.6
1528,1610,4179,218.55,30,0,0,39.34
1529,1612,4180,399.13,0,0,0,71.84
1530,1614,4184,381.24,0,0,0,68.62
1531,1614,4185,346.58,0,20,0,62.38
1532,1614,4186,416.04,0,0,0,74.89
1533,1614,4188,290.08,30,20,0,52.21
1534,1615,4189,322.28,30,0,0,58.01
1535,1615,4190,239.37,30,50,0,43.09
1536,1616,4192,234.83,30,0,0,42.27
1537,1616,4195,400.23,0,0,0,72.04
1538,1616,4197,307.89,30,20,0,55.42
1539,1617,4198,310.41,0,0,1,55.87
1540,1617,4200,346.92,0,50,0,62.45
1541,1618,4203,283.27,30,20,0,50.99
1542,1621,4207,455.16,0,0,0,81.93
1543,1621,4208,350.15,0,0,0,63.03
1544,1621,4210,328.22,30,0,0,59.08
1545,1622,4212,275.84,30,20,0,49.65
1546,1624,4217,270.38,30,50,0,48.67
1547,1625,4220,248.98,30,0,0,44.82
1548,1626,4226,312.66,0,50,0,56.28
1549,1627,4229,358.33,0,20,0,64.5
1550,1630,4230,316.58,0,0,0,56.98
1551,1631,4232,291.55,30,20,0,52.48
1552,1631,4233,423.69,0,50,0,76.26
1553,1635,4244,293.65,0,20,0,52.86
1554,1636,4246,303.67,0,50,0,54.66
1555,1637,4251,461.01,0,0,0,82.98
1556,1639,4252,409.82,0,0,0,73.77
1557,1639,4253,296.03,0,20,0,53.29
1558,1639,4254,383.62,0,50,0,69.05
1559,1640,4256,356.68,0,50,1,64.2
1560,1640,4259,330.4,0,0,0,59.47
1561,1641,4262,253.81,30,50,0,45.69
1562,1646,4272,424.85,0,20,0,76.47
1563,1646,4273,261.42,30,0,0,47.06
1564,1647,4275,439.93,0,0,0,79.19
1565,1648,4277,302.74,30,0,0,54.49
1566,1651,4282,363.0,0,20,0,65.34
1567,1653,4287,344.79,0,0,0,62.06
1568,1654,4290,240.28,30,0,0,43.25
1569,1655,4295,497.34,0,0,0,89.52
1570,1656,4300,363.1,0,0,0,65.36
1571,1657,4304,281.41,30,0,0,50.65
1572,1660,4307,332.66,0,50,0,59.88
1573,1660,4309,305.96,0,0,0,55.07
1574,1662,4313,318.58,0,50,0,57.34
1575,1662,4314,267.91,30,0,0,48.22
1576,1663,4316,323.99,30,0,0,58.32
1577,1664,4318,341.58,0,0,0,61.48
1578,1664,4319,300.44,30,0,0,54.08
1579,1665,4320,220.2,30,0,0,39.64
1580,1668,4328,304.56,0,20,0,54.82
1581,1670,4333,251.41,0,50,0,45.25
1582,1671,4334,268.7,30,0,0,48.37
1583,1671,4339,217.3,30,50,0,39.11
1584,1673,4342,317.26,0,20,0,57.11
1585,1673,4343,352.3,0,0,0,63.41
1586,1675,4347,366.83,0,0,0,66.03
1587,1675,4348,367.57,0,0,0,66.16
1588,1676,4350,355.2,0,0,0,63.94
1589,1676,4351,300.11,30,0,0,54.02
1590,1677,4353,308.79,0,50,0,55.58
1591,1677,4356,354.47,0,50,0,63.8
1592,1680,4361,276.15,0,50,0,49.71
1593,1680,4362,229.59,30,0,0,41.33
1594,1682,4365,287.85,30,0,0,51.81
1595,1683,4366,411.79,0,20,0,74.12
1596,1683,4367,167.13,30,0,0,30.08
1597,1685,4373,226.09,30,0,0,40.7
1598,1686,4376,222.68,30,0,0,40.08
1599,1688,4382,252.17,30,0,0,45.39
1600,1690,4387,334.94,0,20,0,60.29
1601,1690,4391,318.36,0,50,0,57.3
1602,1692,4393,182.45,30,0,0,32.84
1603,1693,4394,397.72,0,0,0,71.59
1604,1693,4395,362.34,0,0,0,65.22
1605,1696,4400,257.28,30,0,0,46.31
1606,1696,4402,262.81,0,50,0,47.31
1607,1696,4404,346.92,0,0,0,62.45
1608,1696,4405,271.8,30,0,0,48.92
1609,1698,4410,296.16,30,0,0,53.31
1610,1698,4411,347.0,0,0,0,62.46
1611,1699,4412,252.62,30,50,0,45.47
1612,1700,4418,355.67,0,0,0,64.02
1613,1702,4420,237.96,30,20,0,42.83
1614,1703,4421,323.03,0,20,0,58.15
1615,1703,4425,380.11,0,0,0,68.42
1616,1705,4426,277.55,30,0,0,49.96
1617,1705,4427,230.74,30,20,0,41.53
1618,1706,4428,304.53,0,0,0,54.82
1619,1706,4429,366.27,0,0,0,65.93
1620,1708,4430,367.08,0,0,0,66.07
1621,1709,4434,368.86,0,20,0,66.39
1622,1713,4439,322.6,0,0,0,58.07
1623,1714,4443,419.49,0,0,0,75.51
1624,1715,4446,444.61,0,0,0,80.03
1625,1715,4448,410.1,0,0,0,73.82
1626,1717,4454,319.21,30,0,0,57.46
1627,1717,4456,372.65,0,0,0,67.08
1628,1719,4459,237.29,30,20,0,42.71
1629,1719,4460,335.96,0,50,0,60.47
1630,1719,4462,312.77,30,0,0,56.3
1631,1720,4464,398.36,0,0,0,71.7
1632,1720,4465,287.81,30,0,0,51.81
1633,1720,4466,216.73,30,50,0,39.01
1634,1720,4467,411.97,0,0,0,74.15
1635,1721,4472,329.18,0,50,0,59.25
1636,1721,4473,390.25,0,0,0,70.24
1637,1724,4480,138.9,30,20,0,25.0
1638,1727,4488,305.18,0,0,0,54.93
1639,1728,4489,508.58,0,20,0,91.54
1640,1730,4494,259.9,30,0,0,46.78
1641,1731,4497,162.28,30,0,0,29.21
1642,1732,4498,295.2,30,20,0,53.14
1643,1732,4499,429.67,0,0,0,77.34
1644,1733,4500,366.4,0,0,0,65.95
1645,1733,4501,345.98,0,20,0,62.28
1646,1733,4502,465.69,0,0,0,83.82
1647,1734,4505,307.04,30,0,0,55.27
1648,1736,4509,561.51,0,0,0,101.07
1649,1736,4510,212.72,30,50,0,38.29
1650,1737,4512,305.59,0,0,0,55.01
1651,1738,4513,328.86,30,0,0,59.19
1652,1739,4517,373.35,0,0,0,67.2
1653,1740,4521,286.1,0,50,0,51.5
1654,1740,4522,324.43,0,0,0,58.4
1655,1741,4524,274.59,30,0,0,49.43
1656,1742,4526,349.53,0,50,0,62.92
1657,1742,4527,481.37,0,50,0,86.65
1658,1744,4533,324.62,0,0,0,58.43
1659,1745,4535,323.31,30,0,0,58.2
1660,1746,4538,255.08,0,50,0,45.91
1661,1746,4539,316.66,0,0,0,57.0
1662,1746,4540,198.96,30,20,0,35.81
1663,1746,4541,352.19,0,0,0,63.39
1664,1747,4544,289.18,30,0,0,52.05
1665,1748,4546,295.83,30,0,0,53.25
1666,1749,4548,311.78,0,0,0,56.12
1667,1750,4554,299.77,30,0,0,53.96
1668,1752,4559,261.19,30,50,0,47.01
1669,1752,4560,407.86,0,0,0,73.41
1670,1753,4563,376.38,0,0,0,67.75
1671,1754,4564,358.52,0,0,0,64.53
1672,1754,4565,385.22,0,0,0,69.34
1673,1758,4571,243.36,30,0,0,43.8
1674,1759,4575,334.7,0,0,0,60.25
1675,1760,4577,258.05,0,50,0,46.45
1676,1762,4579,392.19,0,0,1,70.59
1677,1766,4585,98.79,30,50,0,17.78
1678,1766,4587,312.09,0,0,0,56.18
1679,1768,4591,345.98,0,20,0,62.28
1680,1771,4595,287.47,30,20,0,51.74
1681,1771,4596,343.73,0,0,0,61.87
1682,1771,4597,253.81,30,20,0,45.69
1683,1771,4599,256.99,30,20,0,46.26
1684,1771,4600,315.56,0,0,0,56.8
1685,1773,4603,429.86,0,0,0,77.37
1686,1774,4606,326.28,30,0,0,58.73
1687,1774,4608,324.35,0,0,0,58.38
1688,1778,4617,328.74,0,0,0,59.17
1689,1780,4622,266.65,30,50,0,48.0
1690,1781,4624,343.39,0,20,0,61.81
1691,1781,4627,419.21,0,0,0,75.46
1692,1782,4631,276.61,30,20,0,49.79
1693,1784,4634,342.09,0,50,0,61.58
1694,1785,4638,241.66,30,0,0,43.5
1695,1786,4639,468.7,0,0,0,84.37
1696,1786,4640,271.43,30,0,0,48.86
1697,1787,4645,307.27,30,20,0,55.31
1698,1788,4648,347.6,0,20,0,62.57
1699,1789,4652,388.39,0,20,0,69.91
1700,1790,4655,426.04,0,0,1,76.69
1701,1790,4656,343.11,0,0,0,61.76
1702,1791,4661,219.61,30,50,0,39.53
1703,1791,4662,313.92,0,20,0,56.51
1704,1792,4665,436.11,0,0,0,78.5
1705,1792,4666,451.08,0,0,0,81.19
1706,1797,4673,353.03,0,50,0,63.55
1707,1797,4676,296.41,30,0,0,53.35
1708,1798,4678,316.94,0,0,0,57.05
1709,1798,4679,326.97,0,50,0,58.85
1710,1799,4681,386.48,0,0,0,69.57
1711,1800,4687,468.35,0,0,0,84.3
1712,1801,4688,191.08,30,0,0,34.39
1713,1801,4689,318.43,30,0,0,57.32
1714,1805,4693,258.73,30,50,1,46.57
1715,1805,4695,304.32,0,50,0,54.78
1716,1807,4697,357.15,0,20,0,64.29
1717,1808,4701,341.16,0,0,0,61.41
1718,1812,4710,199.19,30,20,0,35.85
1719,1812,4713,347.21,0,0,0,62.5
1720,1815,4716,502.25,0,0,0,90.4
1721,1815,4718,296.88,30,0,0,53.44
1722,1815,4720,195.56,30,50,0,35.2
1723,1817,4723,353.13,0,0,0,63.56
1724,1817,4725,531.53,0,0,0,95.68
1725,1817,4726,259.43,0,50,0,46.7
1726,1821,4729,300.3,30,20,0,54.05
1727,1822,4731,311.6,30,0,0,56.09
1728,1822,4732,308.51,0,0,0,55.53
1729,1825,4738,303.96,30,0,0,54.71
1730,1829,4748,346.19,0,20,0,62.31
1731,1829,4749,356.36,0,20,0,64.14
1732,1831,4753,370.05,0,20,0,66.61
1733,1833,4758,351.79,0,50,0,63.32
1734,1833,4759,323.66,0,50,0,58.26
1735,1834,4761,361.87,0,50,0,65.14
1736,1835,4765,398.27,0,0,0,71.69
1737,1835,4766,292.98,30,0,0,52.74
1738,1837,4768,374.1,0,0,0,67.34
1739,1839,4772,324.45,30,0,0,58.4
1740,1840,4775,246.31,30,50,0,44.34
1741,1841,4777,451.16,0,0,0,81.21
1742,1842,4780,324.52,30,0,0,58.41
1743,1843,4782,221.69,30,50,0,39.9
1744,1843,4786,431.13,0,0,0,77.6
1745,1846,4791,287.12,30,20,0,51.68
1746,1846,4793,331.92,0,0,0,59.75
1747,1849,4795,249.66,30,20,0,44.94
1748,1851,4800,273.5,30,50,0,49.23
1749,1851,4805,325.79,30,0,0,58.64
1750,1852,4807,428.3,0,0,0,77.09
1751,1852,4808,345.62,0,0,0,62.21
1752,1853,4809,186.04,30,50,0,33.49
1753,1853,4813,278.57,30,0,0,50.14
1754,1854,4814,422.52,0,0,0,76.05
1755,1854,4815,314.36,0,0,0,56.58
1756,1856,4818,365.17,0,0,0,65.73
1757,1859,4824,251.17,30,0,0,45.21
1758,1862,4827,336.14,0,20,0,60.51
1759,1862,4828,242.79,30,20,0,43.7
1760,1864,4831,269.46,30,0,0,48.5
1761,1865,4833,255.0,30,20,0,45.9
1762,1865,4834,282.33,0,50,0,50.82
1763,1866,4837,508.94,0,0,0,91.61
1764,1868,4841,252.8,30,0,0,45.5
1765,1869,4842,477.76,0,0,0,86.0
1766,1871,4847,328.4,30,0,0,59.11
1767,1872,4848,151.07,30,20,0,27.19
1768,1874,4854,395.87,0,0,0,71.26
1769,1874,4855,375.58,0,0,0,67.6
1770,1875,4856,402.03,0,20,0,72.37
1771,1875,4858,329.29,0,0,0,59.27
1772,1876,4859,316.55,30,0,0,56.98
1773,1877,4860,375.87,0,0,0,67.66
1774,1878,4863,110.41,30,0,0,19.87
1775,1879,4864,393.52,0,0,0,70.83
1776,1880,4869,428.99,0,0,0,77.22
1777,1883,4872,327.71,30,0,0,58.99
1778,1883,4873,360.32,0,50,0,64.86
1779,1884,4874,223.71,30,0,0,40.27
1780,1884,4876,388.2,0,20,0,69.88
1781,1886,4880,316.97,30,0,0,57.05
1782,1887,4881,286.69,0,50,0,51.6
1783,1887,4883,380.83,0,0,0,68.55
1784,1887,4884,332.31,0,0,0,59.82
1785,1888,4885,280.56,30,20,0,50.5
1786,1888,4887,290.33,30,0,0,52.26
1787,1888,4889,277.25,30,20,0,49.9
1788,1888,4892,260.08,0,50,0,46.81
1789,1890,4896,383.09,0,0,0,68.96
1790,1892,4899,306.65,0,0,0,55.2
1791,1894,4903,247.2,30,50,0,44.5
1792,1896,4907,317.9,30,0,0,57.22
1793,1897,4910,264.73,30,0,0,47.65
1794,1898,4915,315.02,30,0,0,56.7
1795,1898,4918,300.46,0,0,0,54.08
1796,1900,4920,401.9,0,0,0,72.34
1797,1901,4922,310.38,0,0,0,55.87
1798,1901,4923,305.36,30,0,0,54.96
1799,1903,4928,314.93,30,0,0,56.69
1800,1903,4930,465.11,0,0,0,83.72
1801,1904,4932,319.88,30,0,0,57.58
1802,1905,4933,268.33,30,20,0,48.3
1803,1906,4935,209.61,30,20,0,37.73
1804,1907,4937,290.26,30,0,0,52.25
1805,1908,4940,410.4,0,0,0,73.87
1806,1909,4943,383.42,0,50,0,69.02
1807,1911,4948,301.08,0,20,0,54.19
1808,1911,4949,355.31,0,0,0,63.96
1809,1914,4953,399.13,0,0,0,71.84
1810,1914,4954,281.4,30,0,0,50.65
1811,1914,4958,299.66,30,0,0,53.94
1812,1918,4965,320.56,30,0,0,57.7
1813,1920,4967,401.07,0,0,0,72.19
1814,1920,4968,338.36,0,20,0,60.9
1815,1920,4970,252.63,30,50,0,45.47
1816,1921,4974,218.96,30,50,0,39.41
1817,1922,4975,294.11,30,0,0,52.94
1818,1922,4976,360.24,0,0,0,64.84
1819,1923,4979,173.35,30,0,0,31.2
1820,1923,4980,334.77,0,0,0,60.26
1821,1927,4986,305.85,0,20,0,55.05
1822,1929,4992,396.88,0,50,0,71.44
1823,1929,4993,261.82,30,0,0,47.13
1824,1930,4996,342.64,0,20,0,61.68
1825,1930,4998,210.95,30,20,0,37.97
1826,1930,4999,486.53,0,0,0,87.58
1827,1935,5015,319.01,0,0,0,57.42
1828,1935,5016,310.27,30,0,0,55.85
1829,1935,5017,318.86,0,0,0,57.39
1830,1936,5018,477.07,0,50,0,85.87
1831,1937,5020,211.78,30,50,0,38.12
1832,1937,5021,306.99,30,20,0,55.26
1833,1937,5022,346.09,0,50,0,62.3
1834,1938,5024,436.36,0,50,0,78.54
1835,1938,5025,387.44,0,0,0,69.74
1836,1938,5026,192.61,30,0,0,34.67
1837,1938,5027,418.26,0,0,0,75.29
1838,1938,5028,210.65,30,0,0,37.92
1839,1938,5030,302.93,0,0,0,54.53
1840,1940,5035,402.96,0,0,0,72.53
1841,1940,5037,244.14,30,50,0,43.95
1842,1941,5038,411.64,0,0,0,74.1
1843,1941,5039,279.51,30,0,0,50.31
1844,1944,5045,325.32,0,20,0,58.56
1845,1945,5047,373.2,0,50,0,67.18
1846,1949,5065,258.67,30,0,0,46.56
1847,1949,5066,335.07,0,0,0,60.31
1848,1950,5067,339.72,0,0,0,61.15
1849,1950,5069,472.42,0,0,0,85.04
1850,1950,5072,357.78,0,0,0,64.4
1851,1951,5073,259.86,30,0,0,46.77
1852,1951,5075,161.36,30,50,0,29.04
1853,1951,5076,299.15,30,0,0,53.85
1854,1953,5081,422.67,0,0,0,76.08
1855,1953,5083,161.22,30,0,0,29.02
1856,1953,5084,189.18,30,0,0,34.05
1857,1953,5085,327.95,0,0,0,59.03
1858,1955,5087,102.05,30,50,0,18.37
1859,1956,5089,319.62,0,0,0,57.53
1860,1957,5090,348.48,0,0,0,62.73
1861,1957,5094,386.4,0,0,0,69.55
1862,1958,5095,338.18,0,50,0,60.87
1863,1958,5097,154.4,30,0,0,27.79
1864,1959,5098,380.9,0,0,0,68.56
1865,1959,5099,496.73,0,0,0,89.41
1866,1961,5102,316.79,0,0,0,57.02
1867,1964,5104,359.05,0,0,0,64.63
1868,1966,5106,496.82,0,0,0,89.43
1869,1968,5108,298.68,30,0,0,53.76
1870,1969,5110,298.42,0,50,0,53.72
1871,1971,5115,331.45,0,0,0,59.66
1872,1971,5118,249.06,30,0,0,44.83
1873,1976,5128,325.86,0,50,0,58.65
1874,1976,5130,408.83,0,0,1,73.59
1875,1978,5133,327.68,0,20,0,58.98
1876,1978,5134,377.56,0,0,0,67.96
1877,1979,5138,267.27,30,50,0,48.11
1878,1979,5140,270.36,30,0,0,48.66
1879,1982,5143,383.79,0,0,0,69.08
1880,1984,5147,322.05,0,0,0,57.97
1881,1985,5150,385.35,0,0,0,69.36
1882,1985,5151,309.46,30,0,0,55.7
1883,1987,5163,328.0,0,0,0,59.04
1884,1990,5166,601.84,0,0,0,108.33
1885,1990,5167,244.72,30,0,0,44.05
1886,1991,5170,392.5,0,0,0,70.65
1887,1992,5173,317.01,30,0,0,57.06
1888,1993,5175,306.92,0,0,0,55.25
1889,1995,5179,274.65,30,50,0,49.44
1890,1997,5181,321.55,30,0,0,57.88
1891,1998,5184,302.08,30,20,0,54.37
1892,1998,5185,331.9,0,0,0,59.74
1893,1999,5189,290.34,30,0,0,52.26
1894,2001,5191,324.89,0,0,0,58.48
1895,2001,5192,334.06,0,0,0,60.13
1896,2001,5194,349.23,0,20,1,62.86
1897,2004,5195,371.82,0,0,0,66.93
1898,2006,5201,470.03,0,0,0,84.61
1899,2009,5207,385.98,0,50,0,69.48
1900,2011,5209,282.03,30,0,0,50.77
1901,2012,5211,393.96,0,50,0,70.91
1902,2012,5212,421.8,0,0,1,75.92
1903,2013,5214,315.68,30,0,0,56.82
1904,2013,5216,300.03,30,20,0,54.01
1905,2013,5217,303.59,0,20,0,54.65
1906,2015,5220,322.59,0,0,0,58.07
1907,2015,5224,231.28,30,50,0,41.63
1908,2017,5229,366.46,0,0,0,65.96
1909,2018,5236,167.86,30,20,0,30.21
1910,2018,5238,298.45,30,20,0,53.72
1911,2018,5239,319.64,0,20,0,57.54
1912,2019,5244,291.46,30,0,0,52.46
1913,2019,5245,328.03,30,0,0,59.05
1914,2020,5246,370.09,0,0,0,66.62
1915,2021,5250,498.46,0,0,0,89.72
1916,2021,5251,305.23,0,0,0,54.94
1917,2022,5254,320.51,0,0,0,57.69
1918,2022,5255,370.0,0,0,0,66.6
1919,2022,5257,340.29,0,50,0,61.25
1920,2023,5258,253.93,30,0,0,45.71
1921,2023,5259,316.84,30,0,0,57.03
1922,2024,5261,314.44,0,20,0,56.6
1923,2026,5268,351.73,0,0,0,63.31
1924,2026,5269,367.19,0,0,0,66.09
1925,2028,5273,249.31,30,50,0,44.88
1926,2031,5278,263.47,0,50,0,47.42
1927,2034,5281,418.5,0,50,0,75.33
1928,2034,5282,431.2,0,0,0,77.62
1929,2034,5284,186.19,30,0,0,33.51
1930,2034,5285,240.51,30,0,0,43.29
1931,2035,5289,283.73,0,20,0,51.07
1932,2036,5290,395.28,0,0,0,71.15
1933,2036,5291,401.59,0,0,0,72.29
1934,2036,5292,204.45,30,0,0,36.8
1935,2036,5293,326.44,30,0,0,58.76
1936,2036,5294,417.73,0,0,0,75.19
1937,2037,5296,465.8,0,0,1,83.84
1938,2040,5300,412.35,0,0,0,74.22
1939,2044,5310,418.89,0,0,0,75.4
1940,2047,5316,341.97,0,20,0,61.55
1941,2047,5318,263.92,30,50,0,47.51
1942,2048,5320,290.32,30,0,1,52.26
1943,2048,5321,346.59,0,0,0,62.39
1944,2049,5322,452.24,0,20,0,81.4
1945,2050,5323,308.04,30,20,0,55.45
1946,2050,5324,285.79,30,0,1,51.44
1947,2053,5327,235.68,30,0,0,42.42
1948,2053,5331,531.42,0,0,0,95.66
1949,2056,5335,316.29,30,0,0,56.93
1950,2058,5340,368.71,0,0,0,66.37
1951,2058,5341,316.64,30,0,0,57.0
1952,2059,5343,274.13,30,0,0,49.34
1953,2061,5346,302.31,0,0,0,54.42
1954,2062,5348,353.75,0,50,0,63.68
1955,2063,5355,281.6,0,20,0,50.69
1956,2064,5358,271.88,30,50,0,48.94
1957,2065,5360,253.41,0,50,0,45.61
1958,2067,5365,309.18,0,0,1,55.65
1959,2068,5367,403.71,0,0,0,72.67
1960,2074,5375,304.07,0,0,0,54.73
1961,2075,5376,431.41,0,20,0,77.65
1962,2077,5378,245.81,30,20,0,44.25
1963,2078,5381,218.33,30,0,0,39.3
1964,2079,5382,313.22,0,50,0,56.38
1965,2079,5386,415.03,0,20,0,74.71
1966,2082,5391,305.27,0,0,0,54.95
1967,2082,5394,284.68,30,0,0,51.24
1968,2083,5396,391.46,0,20,0,70.46
1969,2083,5398,410.93,0,0,0,73.97
1970,2086,5404,301.63,30,20,0,54.29
1971,2086,5406,316.85,30,0,0,57.03
1972,2087,5410,276.76,30,20,0,49.82
1973,2088,5416,288.33,30,0,0,51.9
1974,2089,5419,313.0,0,20,0,56.34
1975,2089,5420,332.86,0,0,0,59.91
1976,2090,5422,337.19,0,0,0,60.69
1977,2090,5423,209.06,30,0,0,37.63
1978,2091,5424,258.97,30,0,0,46.61
1979,2093,5429,344.59,0,0,0,62.03
1980,2093,5430,392.81,0,0,0,70.71
1981,2095,5437,163.72,30,50,0,29.47
1982,2097,5448,327.9,0,20,0,59.02
1983,2097,5449,220.17,30,50,1,39.63
1984,2098,5452,363.24,0,0,0,65.38
1985,2098,5454,383.19,0,50,0,68.97
1986,2100,5457,301.42,0,50,0,54.26
1987,2100,5459,233.42,30,0,0,42.02
1988,2100,5461,287.84,30,20,0,51.81
1989,2102,5462,369.03,0,0,0,66.43
1990,2103,5463,516.37,0,0,0,92.95
1991,2103,5464,316.03,0,0,0,56.89
1992,2104,5467,414.14,0,0,0,74.55
1993,2106,5470,338.62,0,0,0,60.95
1994,2106,5472,414.03,0,20,0,74.53
1995,2108,5474,526.33,0,0,0,94.74
1996,2108,5475,217.82,30,20,0,39.21
1997,2108,5476,259.88,30,0,0,46.78
1998,2109,5478,382.89,0,0,0,68.92
1999,2111,5482,328.93,30,0,0,59.21
2000,2112,5484,359.79,0,0,0,64.76
2001,2112,5485,318.24,0,50,0,57.28
2002,2114,5488,279.74,0,20,0,50.35
2003,2115,5491,225.29,30,0,0,40.55
2004,2117,5494,191.23,30,20,1,34.42
2005,2117,5497,275.47,30,0,0,49.58
2006,2118,5498,303.79,0,20,0,54.68
2007,2119,5499,335.41,0,20,0,60.37
2008,2122,5508,426.22,0,20,0,76.72
2009,2123,5511,529.68,0,0,0,95.34
2010,2123,5512,433.64,0,0,0,78.06
2011,2123,5513,227.38,30,50,0,40.93
2012,2124,5514,246.62,30,20,0,44.39
2013,2125,5516,295.59,0,50,0,53.21
2014,2126,5520,129.87,30,50,0,23.38
2015,2128,5524,203.95,30,0,0,36.71
2016,2128,5525,298.49,0,20,0,53.73
2017,2129,5529,265.44,0,50,0,47.78
2018,2129,5531,438.02,0,0,0,78.84
2019,2130,5535,495.96,0,0,0,89.27
2020,2130,5536,421.67,0,0,1,75.9
2021,2135,5547,123.09,30,0,0,22.16
2022,2135,5548,306.93,30,0,0,55.25
2023,2136,5549,435.46,0,0,0,78.38
2024,2137,5551,480.51,0,0,0,86.49
2025,2137,5552,478.24,0,0,0,86.08
2026,2139,5554,371.79,0,20,0,66.92
2027,2141,5559,445.69,0,0,0,80.22
2028,2143,5564,335.59,0,0,0,60.41
2029,2144,5569,361.12,0,0,0,65.0
2030,2144,5570,208.33,30,0,0,37.5
2031,2144,5571,415.52,0,0,0,74.79
2032,2145,5573,263.8,30,0,0,47.48
2033,2146,5575,355.49,0,0,0,63.99
2034,2147,5576,389.6,0,0,0,70.13
2035,2147,5577,407.39,0,20,0,73.33
2036,2147,5578,310.93,0,0,0,55.97
2037,2147,5579,480.88,0,0,0,86.56
2038,2148,5580,315.54,30,0,0,56.8
2039,2150,5581,295.33,0,50,0,53.16
2040,2150,5583,398.87,0,0,0,71.8
2041,2150,5585,218.8,30,0,1,39.38
2042,2151,5589,332.54,0,0,0,59.86
2043,2151,5590,326.13,0,0,0,58.7
2044,2152,5595,400.18,0,0,0,72.03
2045,2154,5599,520.19,0,0,0,93.63
2046,2154,5601,359.43,0,0,0,64.7
2047,2155,5602,290.59,30,0,0,52.31
2048,2156,5603,406.39,0,0,0,73.15
2049,2156,5604,309.04,0,0,0,55.63
2050,2156,5605,455.13,0,20,0,81.92
2051,2158,5609,291.32,0,50,0,52.44
2052,2158,5610,366.73,0,0,0,66.01
2053,2159,5612,208.06,30,50,0,37.45
2054,2161,5616,414.61,0,50,0,74.63
2055,2164,5626,86.24,30,20,0,15.52
2056,2164,5627,368.4,0,0,0,66.31
2057,2164,5628,400.45,0,0,0,72.08
2058,2165,5634,279.04,30,0,0,50.23
2059,2167,5636,221.01,30,50,0,39.78
2060,2167,5640,360.8,0,50,0,64.94
2061,2169,5642,292.82,0,20,0,52.71
2062,2170,5649,326.72,0,0,0,58.81
2063,2173,5655,317.37,30,0,0,57.13
2064,2173,5660,300.23,30,0,0,54.04
2065,2173,5661,437.98,0,0,0,78.84
2066,2174,5662,259.82,30,0,0,46.77
2067,2174,5665,264.08,30,20,0,47.53
2068,2175,5666,344.7,0,0,0,62.05
2069,2175,5667,233.53,30,20,0,42.04
2070,2176,5668,284.25,30,0,0,51.16
2071,2177,5673,372.58,0,0,0,67.06
2072,2178,5674,317.67,0,0,0,57.18
2073,2179,5676,290.59,30,0,0,52.31
2074,2179,5678,315.75,0,0,0,56.84
2075,2179,5679,310.6,30,0,0,55.91
2076,2181,5682,105.04,30,0,0,18.91
2077,2181,5685,388.21,0,0,0,69.88
2078,2181,5687,280.2,0,50,0,50.44
2079,2184,5695,370.51,0,20,0,66.69
2080,2186,5700,305.36,0,50,0,54.96
2081,2187,5702,311.9,30,0,0,56.14
2082,2190,5709,430.71,0,20,0,77.53
2083,2190,5712,266.67,30,50,0,48.0
2084,2192,5716,318.52,0,50,0,57.33
2085,2192,5717,323.76,0,0,0,58.28
2086,2193,5721,261.18,30,0,0,47.01
2087,2195,5724,269.19,30,0,0,48.45
2088,2196,5725,432.45,0,0,0,77.84
2089,2199,5727,262.75,30,0,0,47.3
2090,2200,5730,272.88,30,50,0,49.12
2091,2200,5731,282.77,30,0,0,50.9
2092,2203,5736,302.98,30,0,0,54.54
2093,2203,5739,320.82,30,0,0,57.75
2094,2208,5745,363.21,0,0,0,65.38
2095,2208,5746,374.14,0,0,0,67.35
2096,2210,5747,274.93,30,0,0,49.49
2097,2210,5748,189.26,30,50,0,34.07
2098,2210,5749,262.98,30,0,0,47.34
2099,2211,5753,400.8,0,0,0,72.14
2100,2212,5756,323.18,0,0,0,58.17
2101,2213,5758,268.29,30,20,0,48.29
2102,2214,5761,344.35,0,0,0,61.98
2103,2214,5762,363.06,0,0,0,65.35
2104,2216,5767,309.32,30,0,0,55.68
2105,2216,5768,362.79,0,0,0,65.3
2106,2217,5770,287.66,0,50,0,51.78
2107,2217,5771,486.67,0,0,0,87.6
2108,2218,5774,325.63,0,50,0,58.61
2109,2220,5780,331.98,0,0,0,59.76
2110,2221,5781,338.57,0,0,0,60.94
2111,2221,5783,282.03,0,50,0,50.77
2112,2221,5786,308.7,0,0,0,55.57
2113,2221,5789,281.55,30,0,0,50.68
2114,2222,5793,319.2,0,0,0,57.46
2115,2223,5799,399.85,0,0,0,71.97
2116,2223,5800,396.2,0,0,0,71.32
2117,2224,5802,473.68,0,0,0,85.26
2118,2225,5805,307.53,0,0,0,55.36
2119,2225,5806,376.22,0,20,0,67.72
2120,2226,5807,344.51,0,0,0,62.01
2121,2227,5811,291.87,0,50,0,52.54
2122,2231,5819,325.37,0,0,0,58.57
2123,2233,5823,314.2,0,20,0,56.56
2124,2234,5827,559.17,0,0,0,100.65
2125,2234,5829,127.48,30,0,0,22.95
2126,2238,5838,353.77,0,20,0,63.68
2127,2239,5840,390.17,0,0,0,70.23
2128,2239,5842,251.6,0,50,0,45.29
2129,2239,5844,402.32,0,0,0,72.42
2130,2240,5847,250.64,30,20,0,45.12
2131,2241,5851,216.18,30,0,0,38.91
2132,2243,5856,351.71,0,20,0,63.31
2133,2244,5859,313.8,0,0,0,56.48
2134,2245,5865,442.27,0,0,0,79.61
2135,2245,5866,289.18,0,50,0,52.05
2136,2245,5867,300.71,0,0,0,54.13
2137,2245,5868,193.92,30,0,0,34.91
2138,2246,5870,322.58,30,0,0,58.06
2139,2247,5875,406.09,0,20,0,73.1
2140,2248,5879,467.83,0,0,0,84.21
2141,2252,5885,200.4,30,50,0,36.07
2142,2254,5887,314.82,0,0,0,56.67
2143,2254,5889,316.79,30,0,0,57.02
2144,2254,5890,439.69,0,0,0,79.14
2145,2255,5893,284.59,0,20,0,51.23
2146,2256,5897,299.48,0,50,0,53.91
2147,2259,5906,359.24,0,0,1,64.66
2148,2262,5914,341.39,0,50,0,61.45
2149,2263,5916,278.99,30,0,0,50.22
2150,2263,5917,329.3,0,0,0,59.27
2151,2263,5918,179.99,30,20,0,32.4
2152,2263,5919,339.17,0,50,0,61.05
2153,2268,5927,261.64,30,20,0,47.1
2154,2268,5928,228.64,30,0,0,41.16
2155,2271,5932,325.29,30,0,0,58.55
2156,2273,5935,363.15,0,50,0,65.37
2157,2273,5936,423.52,0,0,0,76.23
2158,2274,5937,323.84,30,0,0,58.29
2159,2275,5939,450.3,0,0,0,81.05
2160,2275,5940,231.77,30,50,0,41.72
2161,2275,5941,372.09,0,50,0,66.98
2162,2277,5946,200.13,30,50,0,36.02
2163,2277,5947,321.97,0,50,0,57.95
2164,2277,5949,440.41,0,0,0,79.27
2165,2278,5952,259.5,30,50,0,46.71
2166,2278,5953,284.97,0,20,0,51.29
2167,2278,5954,255.8,0,50,0,46.04
2168,2278,5955,170.96,30,50,0,30.77
2169,2283,5965,304.68,0,0,0,54.84
2170,2283,5968,309.56,30,0,0,55.72
2171,2284,5969,278.76,30,0,0,50.18
2172,2285,5970,464.18,0,50,0,83.55
2173,2290,5979,219.34,30,0,0,39.48
2174,2295,5990,239.1,30,50,0,43.04
2175,2295,5991,382.8,0,0,0,68.9
2176,2296,5992,173.4,30,50,0,31.21
2177,2298,5994,366.92,0,0,0,66.05
2178,2301,5998,190.41,30,20,0,34.27
2179,2301,5999,421.99,0,0,0,75.96
2180,2301,6001,209.11,30,50,0,37.64
2181,2301,6004,386.46,0,20,0,69.56
2182,2302,6006,269.49,30,0,0,48.51
2183,2302,6007,315.41,0,0,0,56.77
2184,2302,6008,391.24,0,50,0,70.42
2185,2303,6011,305.59,0,0,0,55.01
2186,2303,6012,155.75,30,50,0,28.04
2187,2305,6014,299.63,0,0,0,53.93
2188,2305,6015,319.29,30,0,0,57.47
2189,2305,6016,247.85,30,0,0,44.61
2190,2305,6018,429.59,0,0,1,77.33
2191,2309,6023,309.29,0,20,0,55.67
2192,2309,6024,475.05,0,0,0,85.51
2193,2311,6026,369.48,0,0,0,66.51
2194,2311,6027,336.33,0,0,0,60.54
2195,2311,6029,497.01,0,0,0,89.46
2196,2313,6034,301.14,30,0,0,54.21
2197,2314,6036,383.03,0,50,0,68.95
2198,2314,6037,312.65,30,0,0,56.28
2199,2314,6038,343.46,0,0,0,61.82
2200,2315,6042,581.22,0,0,0,104.62
2201,2316,6045,386.34,0,0,1,69.54
2202,2316,6046,185.54,30,20,0,33.4
2203,2318,6048,357.66,0,0,0,64.38
2204,2319,6053,261.78,30,0,0,47.12
2205,2320,6056,136.73,30,50,0,24.61
2206,2320,6058,387.2,0,0,0,69.7
2207,2321,6060,421.28,0,0,0,75.83
2208,2322,6064,223.87,30,0,0,40.3
2209,2323,6065,254.6,30,50,0,45.83
2210,2323,6066,334.89,0,0,0,60.28
2211,2327,6070,163.82,30,0,0,29.49
2212,2327,6071,342.04,0,0,0,61.57
2213,2327,6072,430.18,0,0,0,77.43
2214,2329,6074,98.99,30,50,0,17.82
2215,2330,6078,376.23,0,0,0,67.72
2216,2331,6080,317.54,0,0,0,57.16
2217,2332,6084,344.97,0,20,1,62.09
2218,2333,6088,228.2,30,20,0,41.08
2219,2333,6090,269.73,30,0,0,48.55
2220,2335,6096,468.74,0,0,0,84.37
2221,2336,6100,413.27,0,0,0,74.39
2222,2340,6103,309.16,0,0,0,55.65
2223,2342,6110,317.39,0,0,0,57.13
2224,2343,6113,355.81,0,0,0,64.05
2225,2344,6114,241.39,30,20,0,43.45
2226,2346,6117,410.01,0,50,0,73.8
2227,2346,6119,287.36,0,50,0,51.72
2228,2347,6123,290.49,0,20,0,52.29
2229,2350,6129,131.11,30,50,0,23.6
2230,2352,6130,353.08,0,20,0,63.55
2231,2353,6133,334.34,0,0,0,60.18
2232,2353,6134,284.43,30,0,0,51.2
2233,2355,6137,427.6,0,0,0,76.97
2234,2356,6141,512.29,0,0,0,92.21
2235,2357,6143,158.7,30,0,0,28.57
2236,2358,6146,312.94,0,50,0,56.33
2237,2359,6147,318.78,0,0,0,57.38
2238,2359,6149,138.49,30,20,0,24.93
2239,2360,6150,309.52,0,0,0,55.71
2240,2360,6153,337.01,0,20,0,60.66
2241,2361,6154,320.7,30,0,0,57.73
2242,2364,6158,306.8,0,20,0,55.22
2243,2364,6159,430.17,0,20,0,77.43
2244,2366,6161,301.5,0,0,0,54.27
2245,2370,6167,270.69,30,50,0,48.72
2246,2370,6168,207.42,30,50,0,37.34
2247,2371,6169,362.53,0,50,0,65.26
2248,2372,6171,328.72,30,0,0,59.17
2249,2372,6172,289.94,30,0,0,52.19
2250,2372,6174,200.61,30,0,0,36.11
2251,2375,6178,190.57,30,20,0,34.3
2252,2375,6180,365.22,0,0,0,65.74
2253,2377,6185,288.89,30,20,0,52.0
2254,2377,6187,322.44,0,20,0,58.04
2255,2377,6190,210.71,30,0,0,37.93
2256,2380,6198,249.14,30,20,0,44.85
2257,2380,6199,306.24,0,20,0,55.12
2258,2380,6200,296.68,30,0,0,53.4
2259,2383,6208,261.01,0,50,0,46.98
2260,2386,6216,343.96,0,20,0,61.91
2261,2392,6224,410.83,0,0,0,73.95
2262,2393,6225,387.44,0,50,0,69.74
2263,2394,6229,282.27,0,20,0,50.81
2264,2394,6230,343.12,0,50,0,61.76
2265,2396,6233,346.42,0,0,0,62.36
2266,2396,6235,399.32,0,0,0,71.88
2267,2396,6236,384.33,0,0,0,69.18
2268,2397,6237,274.17,30,50,0,49.35
2269,2399,6240,231.01,30,20,0,41.58
2270,2401,6243,140.01,30,50,0,25.2
2271,2402,6244,441.23,0,0,0,79.42
2272,2403,6250,434.84,0,0,0,78.27
2273,2405,6252,286.85,0,20,0,51.63
2274,2406,6254,262.83,30,50,0,47.31
2275,2407,6256,381.23,0,0,0,68.62
2276,2408,6258,299.35,0,0,0,53.88
2277,2408,6259,366.09,0,0,0,65.9
2278,2409,6260,372.93,0,0,0,67.13
2279,2409,6262,306.12,30,0,0,55.1
2280,2409,6264,359.07,0,50,0,64.63
2281,2412,6267,307.63,0,0,1,55.37
2282,2412,6268,301.25,30,0,0,54.22
2283,2414,6270,232.43,30,0,0,41.84
2284,2416,6273,322.76,30,0,0,58.1
2285,2416,6274,247.59,30,50,0,44.57
2286,2416,6276,459.47,0,20,0,82.7
2287,2416,6277,373.92,0,20,0,67.31
2288,2419,6279,299.11,0,0,0,53.84
2289,2419,6280,319.63,0,0,0,57.53
2290,2422,6284,212.7,30,20,0,38.29
2291,2423,6285,223.44,30,50,0,40.22
2292,2423,6287,364.33,0,0,0,65.58
2293,2426,6289,197.95,30,0,0,35.63
2294,2426,6290,443.7,0,20,0,79.87
2295,2426,6291,369.31,0,0,0,66.48
2296,2429,6294,323.2,0,20,0,58.18
2297,2429,6296,391.02,0,0,0,70.38
2298,2429,6297,352.05,0,0,0,63.37
2299,2431,6300,397.05,0,0,0,71.47
2300,2433,6304,293.06,0,50,0,52.75
2301,2433,6305,306.96,0,0,0,55.25
2302,2435,6308,454.42,0,20,0,81.8
2303,2438,6314,340.38,0,0,0,61.27
2304,2441,6324,376.01,0,0,0,67.68
2305,2443,6329,196.78,30,50,0,35.42
2306,2443,6331,371.14,0,20,0,66.81
2307,2443,6332,322.12,0,20,0,57.98
2308,2443,6334,306.44,0,50,0,55.16
2309,2444,6335,291.73,0,20,0,52.51
2310,2444,6339,403.42,0,50,0,72.62
2311,2445,6342,304.88,0,50,0,54.88
2312,2445,6343,275.6,30,0,0,49.61
2313,2446,6345,151.5,30,50,0,27.27
2314,2446,6346,331.73,0,0,0,59.71
2315,2447,6349,455.64,0,20,0,82.02
2316,2450,6355,253.75,30,0,0,45.68
2317,2452,6357,471.1,0,0,0,84.8
2318,2452,6359,259.46,30,50,0,46.7
2319,2453,6360,302.31,0,0,0,54.42
2320,2453,6361,372.7,0,0,0,67.09
2321,2455,6363,352.18,0,0,0,63.39
2322,2455,6364,462.31,0,50,0,83.22
2323,2455,6367,304.65,30,0,0,54.84
2324,2458,6373,365.52,0,0,0,65.79
2325,2458,6374,268.48,0,50,0,48.33
2326,2458,6375,301.53,0,20,0,54.28
2327,2458,6376,393.88,0,0,0,70.9
2328,2460,6381,261.0,0,50,0,46.98
2329,2461,6382,140.19,30,0,0,25.23
2330,2465,6391,249.07,0,50,0,44.83
2331,2468,6397,294.0,30,0,0,52.92
2332,2469,6398,293.1,30,20,0,52.76
2333,2470,6400,310.37,30,0,0,55.87
2334,2471,6401,183.38,30,0,0,33.01
2335,2471,6403,360.24,0,50,0,64.84
2336,2472,6405,557.82,0,0,0,100.41
2337,2472,6406,260.1,30,50,0,46.82
2338,2472,6407,330.16,0,0,0,59.43
2339,2472,6408,275.47,0,50,0,49.58
2340,2472,6411,432.78,0,0,0,77.9
2341,2475,6413,305.45,30,0,0,54.98
2342,2475,6414,326.86,30,0,0,58.83
2343,2475,6415,375.67,0,0,0,67.62
2344,2476,6416,208.8,30,50,0,37.58
2345,2477,6417,304.95,30,20,0,54.89
2346,2477,6421,321.02,0,20,1,57.78
2347,2478,6423,366.76,0,0,0,66.02
2348,2479,6426,256.22,0,50,0,46.12
2349,2484,6437,414.13,0,0,0,74.54
2350,2485,6440,233.69,30,50,0,42.06
2351,2485,6443,269.37,30,0,0,48.49
2352,2486,6445,305.44,0,0,0,54.98
2353,2486,6447,396.95,0,20,0,71.45
2354,2487,6448,271.16,0,50,0,48.81
2355,2487,6450,320.71,30,0,0,57.73
2356,2488,6451,380.58,0,20,0,68.5
2357,2490,6457,543.69,0,20,0,97.86
2358,2491,6458,406.49,0,20,0,73.17
2359,2491,6459,391.7,0,20,0,70.51
2360,2492,6464,306.6,0,0,0,55.19
2361,2492,6466,317.49,0,0,0,57.15
2362,2494,6470,265.23,30,50,0,47.74
2363,2494,6471,390.09,0,0,0,70.22
2364,2495,6474,528.81,0,0,0,95.19
2365,2498,6481,508.58,0,0,0,91.54
2366,2499,6483,332.54,0,0,0,59.86
2367,2503,6491,208.67,30,0,0,37.56
2368,2506,6501,339.18,0,50,0,61.05
2369,2508,6504,239.01,30,50,0,43.02
2370,2511,6512,372.5,0,50,0,67.05
2371,2511,6513,328.96,30,0,0,59.21
2372,2511,6514,361.12,0,0,0,65.0
2373,2511,6516,455.32,0,0,0,81.96
2374,2512,6520,358.06,0,0,0,64.45
2375,2512,6521,130.51,30,50,0,23.49
2376,2513,6522,494.5,0,0,0,89.01
2377,2516,6526,404.92,0,0,0,72.89
2378,2518,6531,417.39,0,20,0,75.13
2379,2519,6535,393.83,0,0,0,70.89
2380,2520,6538,352.57,0,0,0,63.46
2381,2520,6539,442.68,0,0,0,79.68
2382,2521,6540,435.02,0,20,0,78.3
2383,2521,6541,405.28,0,20,0,72.95
2384,2521,6543,302.74,30,0,0,54.49
2385,2522,6545,308.74,30,0,0,55.57
2386,2522,6546,299.52,0,20,0,53.91
2387,2523,6547,345.47,0,20,0,62.18
2388,2523,6548,303.56,0,0,0,54.64
2389,2523,6549,247.05,30,20,0,44.47
2390,2524,6550,457.56,0,50,0,82.36
2391,2524,6551,291.05,30,0,0,52.39
2392,2526,6556,313.02,30,0,0,56.34
2393,2528,6558,375.99,0,0,0,67.68
2394,2528,6563,322.49,30,0,0,58.05
2395,2528,6565,241.34,30,50,0,43.44
2396,2529,6566,278.89,30,0,0,50.2
2397,2530,6567,332.33,0,0,0,59.82
2398,2533,6569,414.52,0,0,0,74.61
2399,2538,6574,362.57,0,0,0,65.26
2400,2538,6575,314.06,0,50,0,56.53
2401,2542,6580,372.45,0,0,0,67.04
2402,2542,6581,197.92,30,50,0,35.63
2403,2548,6586,187.52,30,0,0,33.75
2404,2548,6589,240.46,30,0,0,43.28
2405,2548,6590,220.6,30,50,0,39.71
2406,2549,6591,241.71,30,0,0,43.51
2407,2552,6593,360.8,0,0,0,64.94
2408,2552,6594,251.56,30,0,0,45.28
2409,2554,6596,403.76,0,50,0,72.68
2410,2555,6597,447.7,0,50,0,80.59
2411,2556,6601,281.92,0,20,0,50.75
2412,2557,6605,392.29,0,0,0,70.61
2413,2558,6606,393.4,0,50,0,70.81
2414,2559,6608,386.79,0,0,0,69.62
2415,2560,6611,536.07,0,0,0,96.49
2416,2561,6612,255.55,0,50,0,46.0
2417,2563,6616,397.22,0,0,0,71.5
2418,2566,6622,421.84,0,50,0,75.93
2419,2566,6623,421.85,0,0,0,75.93
2420,2566,6624,298.68,0,20,0,53.76
2421,2568,6626,196.96,30,50,0,35.45
2422,2570,6630,428.37,0,0,0,77.11
2423,2570,6631,290.33,0,20,0,52.26
2424,2572,6636,143.55,30,0,0,25.84
2425,2572,6637,246.27,30,50,0,44.33
2426,2572,6638,401.59,0,50,0,72.29
2427,2573,6640,380.43,0,20,0,68.48
2428,2575,6646,340.96,0,0,0,61.37
2429,2575,6647,412.55,0,20,0,74.26
2430,2575,6648,386.6,0,50,0,69.59
2431,2577,6652,161.86,30,0,0,29.13
2432,2579,6657,302.11,30,0,0,54.38
2433,2584,6668,244.83,30,50,0,44.07
2434,2585,6674,357.77,0,50,0,64.4
2435,2586,6675,295.93,0,20,0,53.27
2436,2586,6677,366.13,0,20,0,65.9
2437,2590,6680,355.25,0,0,0,63.94
2438,2590,6682,344.03,0,20,0,61.93
2439,2592,6684,324.63,0,50,0,58.43
2440,2595,6692,203.34,30,20,0,36.6
2441,2597,6698,416.8,0,0,0,75.02
2442,2599,6702,291.53,30,0,0,52.48
2443,2599,6703,432.01,0,0,0,77.76
2444,2602,6707,157.33,30,50,0,28.32
2445,2605,6718,375.51,0,50,0,67.59
2446,2605,6719,253.26,30,0,0,45.59
2447,2606,6720,188.25,30,0,0,33.88
2448,2608,6723,327.89,0,0,1,59.02
2449,2609,6728,442.91,0,20,0,79.72
2450,2613,6737,371.16,0,20,0,66.81
2451,2615,6740,289.54,30,0,0,52.12
2452,2616,6745,434.05,0,0,0,78.13
2453,2619,6748,187.78,30,50,0,33.8
2454,2619,6749,294.2,30,0,0,52.96
2455,2620,6753,484.71,0,0,0,87.25
2456,2621,6755,416.61,0,20,0,74.99
2457,2621,6756,429.91,0,50,0,77.38
2458,2623,6759,226.69,30,50,0,40.8
2459,2624,6761,286.78,30,20,0,51.62
2460,2624,6763,160.77,30,50,0,28.94
2461,2625,6766,422.37,0,0,0,76.03
2462,2626,6768,311.38,0,50,0,56.05
2463,2626,6772,253.56,0,50,0,45.64
2464,2628,6776,246.97,30,20,0,44.45
2465,2629,6777,310.57,30,0,1,55.9
2466,2629,6778,414.07,0,0,0,74.53
2467,2630,6781,373.29,0,20,0,67.19
2468,2631,6783,374.73,0,0,0,67.45
2469,2633,6786,260.76,0,50,0,46.94
2470,2634,6792,327.54,0,0,0,58.96
2471,2636,6794,256.61,30,0,0,46.19
2472,2637,6795,202.79,30,0,0,36.5
2473,2637,6797,321.4,0,0,0,57.85
2474,2637,6798,369.04,0,0,0,66.43
2475,2637,6800,356.6,0,50,0,64.19
2476,2638,6801,318.89,0,0,0,57.4
2477,2639,6802,460.85,0,20,0,82.95
2478,2640,6804,244.36,30,20,0,43.98
2479,2641,6808,189.29,30,0,0,34.07
2480,2641,6810,315.24,0,20,0,56.74
2481,2642,6813,271.59,0,50,0,48.89
2482,2642,6814,276.59,0,50,0,49.79
2483,2643,6817,251.14,30,0,0,45.21
2484,2649,6821,290.97,0,50,0,52.37
2485,2651,6826,262.68,30,50,0,47.28
2486,2653,6829,284.84,0,50,0,51.27
2487,2655,6837,373.08,0,20,0,67.15
2488,2656,6838,405.79,0,0,0,73.04
2489,2657,6842,354.29,0,20,0,63.77
2490,2657,6844,313.27,0,20,0,56.39
2491,2657,6847,281.92,30,0,0,50.75
2492,2658,6848,364.57,0,0,0,65.62
2493,2658,6849,326.86,0,50,0,58.83
2494,2658,6854,416.62,0,0,0,74.99
2495,2659,6857,378.5,0,0,0,68.13
2496,2660,6858,197.5,30,0,0,35.55
2497,2660,6859,317.7,0,0,0,57.19
2498,2663,6869,427.09,0,20,0,76.88
2499,2663,6874,370.44,0,20,0,66.68
2500,2664,6875,401.1,0,0,0,72.2
2501,2665,6877,325.88,30,0,0,58.66
2502,2665,6878,454.22,0,0,0,81.76
2503,2667,6881,202.56,30,50,0,36.46
2504,2668,6882,372.14,0,20,0,66.99
2505,2668,6884,404.84,0,20,0,72.87
2506,2669,6887,308.11,0,0,0,55.46
2507,2671,6889,341.83,0,0,0,61.53
2508,2671,6890,304.68,30,20,0,54.84
2509,2672,6891,313.97,0,0,0,56.51
2510,2672,6892,136.5,30,0,0,24.57
2511,2676,6899,393.33,0,0,0,70.8
2512,2678,6904,338.17,0,0,1,60.87
2513,2678,6905,342.6,0,20,0,61.67
2514,2679,6906,289.64,30,0,0,52.14
2515,2679,6907,224.71,30,50,0,40.45
2516,2679,6908,297.74,30,0,0,53.59
2517,2680,6910,326.25,0,0,0,58.72
2518,2680,6913,248.92,30,0,0,44.81
2519,2680,6914,279.9,30,20,0,50.38
2520,2685,6926,472.46,0,0,0,85.04
2521,2687,6928,313.36,0,50,0,56.4
2522,2688,6930,342.15,0,0,0,61.59
2523,2688,6931,255.67,30,0,0,46.02
2524,2689,6935,537.8,0,20,0,96.8
2525,2691,6938,292.72,0,20,0,52.69
2526,2691,6939,342.0,0,0,0,61.56
2527,2693,6943,297.96,30,0,0,53.63
2528,2694,6951,331.25,0,20,0,59.62
2529,2694,6952,416.69,0,20,0,75.0
2530,2694,6954,368.22,0,0,0,66.28
2531,2695,6958,295.09,30,0,0,53.12
2532,2695,6961,206.34,30,20,0,37.14
2533,2696,6962,247.57,30,0,0,44.56
2534,2696,6963,336.43,0,0,0,60.56
2535,2696,6964,251.71,30,0,0,45.31
2536,2698,6969,359.73,0,0,0,64.75
2537,2699,6974,375.79,0,50,0,67.64
2538,2699,6975,208.32,30,0,1,37.5
2539,2700,6977,367.56,0,20,0,66.16
2540,2700,6979,237.15,30,0,0,42.69
2541,2703,6983,186.17,30,50,0,33.51
2542,2703,6984,634.15,0,20,0,114.15
2543,2704,6985,376.16,0,50,0,67.71
2544,2705,6989,395.3,0,0,0,71.15
2545,2706,6991,303.64,30,0,0,54.66
2546,2709,6992,185.56,30,0,0,33.4
2547,2710,6995,360.67,0,0,0,64.92
2548,2711,6997,214.98,30,50,0,38.7
2549,2712,6999,417.56,0,0,0,75.16
2550,2713,7002,278.3,0,50,0,50.09
2551,2713,7003,472.77,0,0,0,85.1
2552,2717,7010,156.69,30,20,0,28.2
2553,2718,7013,538.68,0,20,0,96.96
2554,2718,7014,346.2,0,0,0,62.32
2555,2718,7016,454.04,0,20,0,81.73
2556,2720,7022,351.98,0,0,0,63.36
2557,2721,7025,326.97,0,0,0,58.85
2558,2721,7026,420.83,0,0,0,75.75
2559,2722,7027,304.62,30,20,0,54.83
2560,2722,7031,289.74,30,0,0,52.15
2561,2722,7032,323.32,30,0,0,58.2
2562,2724,7034,302.32,0,0,0,54.42
2563,2724,7035,266.7,30,50,0,48.01
2564,2725,7037,404.0,0,0,0,72.72
2565,2727,7040,104.92,30,0,0,18.89
2566,2729,7041,279.0,0,20,0,50.22
2567,2730,7042,275.88,0,50,0,49.66
2568,2733,7044,391.74,0,0,0,70.51
2569,2733,7048,338.18,0,0,0,60.87
2570,2735,7054,447.12,0,0,0,80.48
2571,2735,7055,252.91,30,0,0,45.52
2572,2735,7058,275.12,30,50,0,49.52
2573,2737,7061,313.05,0,50,0,56.35
2574,2738,7066,354.71,0,20,0,63.85
2575,2742,7072,338.79,0,0,0,60.98
2576,2743,7075,366.86,0,0,0,66.03
2577,2745,7083,253.39,30,20,0,45.61
2578,2749,7089,332.95,0,0,0,59.93
2579,2750,7090,441.37,0,0,0,79.45
2580,2750,7092,322.7,30,0,0,58.09
2581,2755,7099,351.75,0,0,0,63.32
2582,2756,7102,277.26,30,0,0,49.91
2583,2757,7103,198.06,30,0,0,35.65
2584,2757,7108,280.26,0,20,0,50.45
2585,2759,7109,350.11,0,0,0,63.02
2586,2759,7110,307.2,0,0,0,55.3
2587,2759,7113,296.46,30,0,0,53.36
2588,2761,7115,199.61,30,0,0,35.93
2589,2762,7116,153.28,30,50,0,27.59
2590,2762,7118,268.25,30,50,1,48.28
2591,2766,7122,286.03,30,0,0,51.49
2592,2769,7133,262.34,30,0,0,47.22
2593,2769,7134,109.26,30,0,0,19.67
2594,2770,7136,304.15,30,0,0,54.75
2595,2772,7140,354.99,0,0,0,63.9
2596,2772,7141,233.05,30,0,0,41.95
2597,2772,7144,195.05,30,20,0,35.11
2598,2776,7152,410.78,0,20,0,73.94
2599,2777,7153,398.67,0,0,0,71.76
2600,2777,7154,391.76,0,0,0,70.52
2601,2777,7155,313.69,30,0,0,56.46
2602,2777,7156,250.15,30,50,0,45.03
2603,2778,7160,96.85,30,0,0,17.43
2604,2778,7162,407.62,0,0,0,73.37
2605,2778,7163,299.75,0,50,0,53.96
2606,2780,7164,498.1,0,0,0,89.66
2607,2780,7167,319.4,0,0,0,57.49
2608,2782,7171,165.52,30,50,0,29.79
2609,2785,7176,442.99,0,0,0,79.74
2610,2790,7184,551.12,0,0,0,99.2
2611,2790,7186,398.82,0,50,0,71.79
2612,2791,7189,305.62,30,0,0,55.01
2613,2791,7190,381.85,0,0,0,68.73
2614,2794,7193,281.59,30,0,0,50.69
2615,2796,7194,269.79,0,50,0,48.56
2616,2796,7195,326.94,0,0,0,58.85
2617,2796,7197,376.61,0,0,0,67.79
2618,2796,7198,412.29,0,0,0,74.21
2619,2798,7203,321.94,30,0,0,57.95
2620,2798,7205,241.4,30,0,0,43.45
2621,2799,7209,330.31,0,50,0,59.46
2622,2799,7210,368.24,0,0,0,66.28
2623,2800,7211,480.8,0,0,0,86.54
2624,2800,7213,311.25,30,0,0,56.02
2625,2800,7216,392.05,0,20,0,70.57
2626,2803,7221,321.22,30,0,0,57.82
2627,2803,7222,289.5,0,20,0,52.11
2628,2803,7224,267.07,30,0,0,48.07
2629,2804,7227,299.27,0,0,0,53.87
2630,2806,7232,224.59,30,20,1,40.43
2631,2806,7233,426.8,0,0,0,76.82
2632,2808,7236,343.01,0,50,0,61.74
2633,2808,7237,438.68,0,20,0,78.96
2634,2811,7242,381.71,0,0,0,68.71
2635,2813,7247,327.91,0,0,0,59.02
2636,2815,7249,193.32,30,0,0,34.8
2637,2816,7253,530.92,0,0,0,95.57
2638,2816,7254,422.84,0,20,0,76.11
2639,2821,7264,389.81,0,0,0,70.17
2640,2824,7269,454.7,0,0,0,81.85
2641,2824,7271,335.29,0,50,0,60.35
2642,2825,7272,318.28,0,0,0,57.29
2643,2825,7275,348.44,0,0,0,62.72
2644,2826,7276,231.35,30,20,0,41.64
2645,2826,7277,355.36,0,20,0,63.96
2646,2826,7278,336.38,0,0,0,60.55
2647,2827,7279,441.59,0,0,0,79.49
2648,2827,7280,282.34,0,20,0,50.82
2649,2832,7292,373.27,0,0,0,67.19
2650,2835,7294,303.67,30,0,0,54.66
2651,2835,7295,367.05,0,20,0,66.07
2652,2839,7301,311.81,30,0,0,56.13
2653,2840,7302,203.37,30,0,0,36.61
2654,2841,7305,280.45,30,0,0,50.48
2655,2843,7312,235.03,30,20,0,42.31
2656,2844,7313,301.37,0,0,0,54.25
2657,2846,7319,367.5,0,50,0,66.15
2658,2848,7323,318.87,30,0,0,57.4
2659,2851,7330,219.53,30,20,0,39.52
2660,2855,7341,301.59,0,0,0,54.29
2661,2857,7343,286.6,30,0,0,51.59
2662,2857,7345,178.13,30,50,0,32.06
2663,2858,7347,285.02,30,0,0,51.3
2664,2858,7348,323.19,30,0,0,58.17
2665,2860,7350,345.49,0,0,0,62.19
2666,2861,7353,154.94,30,50,0,27.89
2667,2863,7358,253.84,30,50,0,45.69
2668,2864,7360,343.32,0,0,0,61.8
2669,2864,7361,277.48,30,20,0,49.95
2670,2866,7366,399.38,0,0,0,71.89
2671,2867,7369,358.56,0,0,0,64.54
2672,2868,7374,221.99,30,50,0,39.96
2673,2870,7377,463.61,0,20,0,83.45
2674,2871,7379,260.28,30,50,0,46.85
2675,2871,7381,250.54,30,50,0,45.1
2676,2872,7385,323.04,0,0,0,58.15
2677,2872,7386,279.04,30,0,0,50.23
2678,2873,7387,415.15,0,0,1,74.73
2679,2874,7391,377.72,0,0,1,67.99
2680,2877,7397,332.76,0,0,0,59.9
2681,2877,7398,195.82,30,0,0,35.25
2682,2877,7400,353.71,0,0,0,63.67
2683,2879,7406,274.9,30,0,0,49.48
2684,2879,7407,351.24,0,0,0,63.22
2685,2883,7414,271.85,30,0,0,48.93
2686,2883,7415,436.36,0,0,0,78.54
2687,2886,7420,220.7,30,0,0,39.73
2688,2887,7422,315.14,0,0,0,56.73
2689,2888,7424,242.14,30,0,0,43.59
2690,2888,7426,268.79,30,0,0,48.38
2691,2888,7427,470.55,0,0,0,84.7
2692,2890,7429,318.01,0,50,0,57.24
2693,2890,7430,332.66,0,0,0,59.88
2694,2891,7432,375.58,0,0,0,67.6
2695,2891,7433,390.17,0,50,0,70.23
2696,2893,7436,176.25,30,20,0,31.72
2697,2893,7438,361.26,0,50,0,65.03
2698,2895,7439,316.66,0,50,0,57.0
2699,2895,7440,174.49,30,0,0,31.41
2700,2896,7441,360.2,0,20,0,64.84
2701,2896,7442,203.69,30,50,0,36.66
2702,2897,7446,452.52,0,0,0,81.45
2703,2897,7448,359.66,0,0,0,64.74
2704,2898,7449,311.39,0,0,0,56.05
2705,2898,7452,182.22,30,50,0,32.8
2706,2900,7459,325.76,30,0,0,58.64
2707,2901,7461,375.11,0,0,0,67.52
2708,2902,7462,231.35,30,0,0,41.64
2709,2902,7463,275.35,30,0,0,49.56
2710,2903,7464,264.49,30,0,0,47.61
2711,2903,7465,308.01,30,0,0,55.44
2712,2904,7468,280.46,30,20,0,50.48
2713,2904,7469,290.93,30,0,0,52.37
2714,2905,7470,273.22,0,50,0,49.18
2715,2907,7474,444.15,0,0,0,79.95
2716,2909,7477,320.47,0,0,1,57.68
2717,2909,7478,454.9,0,0,0,81.88
2718,2910,7480,295.94,0,20,0,53.27
2719,2910,7481,434.84,0,0,0,78.27
2720,2910,7483,328.09,30,0,0,59.06
2721,2910,7484,358.19,0,0,0,64.47
2722,2911,7486,338.12,0,20,0,60.86
2723,2911,7487,305.56,30,0,0,55.0
2724,2913,7497,352.19,0,0,0,63.39
2725,2913,7500,235.31,30,50,0,42.36
2726,2913,7501,311.73,30,0,0,56.11
2727,2913,7502,329.73,0,50,0,59.35
2728,2916,7507,290.52,0,20,0,52.29
2729,2918,7512,303.68,30,0,0,54.66
2730,2918,7513,300.66,0,0,0,54.12
2731,2918,7514,518.25,0,0,0,93.28
2732,2919,7519,373.84,0,20,0,67.29
2733,2922,7524,363.24,0,0,0,65.38
2734,2923,7525,265.8,30,50,0,47.84
2735,2923,7527,214.96,30,0,0,38.69
2736,2925,7530,255.33,30,0,0,45.96
2737,2926,7533,305.53,0,20,0,55.0
2738,2928,7538,376.0,0,0,0,67.68
2739,2928,7539,428.93,0,0,0,77.21
2740,2930,7543,380.54,0,0,0,68.5
2741,2930,7545,390.61,0,50,0,70.31
2742,2931,7546,239.19,30,0,0,43.05
2743,2932,7552,249.43,0,50,0,44.9
2744,2935,7560,324.62,30,0,0,58.43
2745,2935,7562,372.63,0,20,0,67.07
2746,2935,7564,328.8,30,0,1,59.18
2747,2939,7568,302.02,0,0,0,54.36
2748,2940,7571,245.61,30,0,0,44.21
2749,2940,7572,296.57,30,0,0,53.38
2750,2941,7573,373.39,0,0,0,67.21
2751,2941,7576,411.5,0,0,0,74.07
2752,2942,7577,310.84,30,0,0,55.95
2753,2943,7578,224.63,30,0,0,40.43
2754,2943,7580,312.66,30,0,0,56.28
2755,2944,7581,314.53,0,0,0,56.62
2756,2944,7582,273.09,30,0,0,49.16
2757,2944,7584,393.62,0,0,0,70.85
2758,2945,7586,328.73,0,0,0,59.17
2759,2950,7599,451.64,0,0,0,81.3
2760,2951,7601,279.68,30,0,0,50.34
2761,2951,7603,357.96,0,0,0,64.43
2762,2952,7608,303.72,0,50,0,54.67
2763,2953,7613,345.45,0,50,0,62.18
2764,2954,7617,260.36,30,0,0,46.86
2765,2954,7618,327.31,30,0,0,58.92
2766,2961,7635,476.51,0,0,0,85.77
2767,2963,7640,311.14,30,0,0,56.01
2768,2964,7644,355.61,0,0,0,64.01
2769,2964,7645,382.27,0,50,0,68.81
2770,2965,7647,206.99,30,20,0,37.26
2771,2967,7656,268.62,30,0,0,48.35
2772,2969,7658,365.9,0,0,0,65.86
2773,2972,7661,378.72,0,0,0,68.17
2774,2972,7662,402.81,0,20,0,72.51
2775,2973,7666,237.06,30,50,0,42.67
2776,2975,7670,294.53,30,20,0,53.02
2777,2977,7674,295.11,0,20,1,53.12
2778,2977,7677,393.78,0,0,0,70.88
2779,2978,7680,304.42,30,0,0,54.8
2780,2978,7682,370.05,0,0,0,66.61
2781,2979,7683,375.06,0,0,0,67.51
2782,2979,7684,481.23,0,0,0,86.62
2783,2979,7687,336.82,0,0,0,60.63
2784,2980,7690,292.85,0,20,0,52.71
2785,2982,7693,327.78,0,0,0,59.0
2786,2984,7698,362.98,0,0,0,65.34
2787,2985,7699,349.43,0,50,0,62.9
2788,2985,7700,332.97,0,50,0,59.93
2789,2985,7703,249.88,30,0,0,44.98
2790,2986,7705,260.43,30,20,0,46.88
2791,2987,7707,439.62,0,0,0,79.13
2792,2987,7708,315.66,0,0,0,56.82
2793,2988,7711,312.51,0,20,0,56.25
2794,2988,7713,354.64,0,0,0,63.84
2795,2989,7714,92.66,30,0,0,16.68
2796,2990,7715,251.0,30,0,0,45.18
2797,2990,7718,461.74,0,0,0,83.11
2798,2990,7719,344.94,0,0,0,62.09
2799,2991,7721,255.06,30,0,0,45.91
2800,2992,7723,269.7,30,0,0,48.55
2801,2994,7727,358.29,0,0,0,64.49
2802,2995,7729,337.85,0,50,0,60.81
2803,2999,7742,251.62,30,0,0,45.29
2804,3000,7743,423.55,0,50,0,76.24
2805,3000,7744,315.36,0,0,0,56.76
2806,3002,7749,343.16,0,0,0,61.77
2807,3002,7750,380.61,0,0,0,68.51
2808,3004,7753,463.57,0,0,0,83.44
2809,3006,7755,406.56,0,20,0,73.18
2810,3009,7764,280.63,30,0,0,50.51
2811,3009,7766,285.34,30,0,0,51.36
2812,3011,7767,314.16,0,20,0,56.55
2813,3012,7774,243.16,30,20,0,43.77
2814,3014,7780,307.35,0,0,0,55.32
2815,3016,7781,262.0,30,0,0,47.16
2816,3019,7784,359.12,0,0,0,64.64
2817,3020,7785,390.59,0,0,0,70.31
2818,3022,7789,387.67,0,0,0,69.78
2819,3023,7790,257.64,0,50,0,46.38
2820,3023,7793,369.26,0,0,0,66.47
2821,3024,7795,338.67,0,0,0,60.96
2822,3024,7796,319.55,0,0,0,57.52
2823,3024,7797,367.58,0,0,0,66.16
2824,3025,7798,451.18,0,20,0,81.21
2825,3026,7801,231.22,30,0,0,41.62
2826,3027,7804,345.31,0,50,0,62.16
2827,3027,7806,265.9,30,0,0,47.86
2828,3027,7807,327.4,0,0,0,58.93
2829,3028,7810,219.78,30,20,0,39.56
2830,3028,7812,390.83,0,0,0,70.35
2831,3029,7813,379.28,0,0,0,68.27
2832,3029,7814,352.24,0,50,0,63.4
2833,3033,7821,274.27,30,0,0,49.37
2834,3033,7822,310.7,0,20,1,55.93
2835,3037,7824,264.27,30,0,0,47.57
2836,3039,7829,367.61,0,20,0,66.17
2837,3042,7833,274.82,30,0,0,49.47
2838,3043,7839,339.19,0,0,0,61.05
2839,3043,7840,296.59,30,0,0,53.39
2840,3045,7842,315.04,0,0,0,56.71
2841,3046,7844,298.36,0,20,0,53.7
2842,3046,7845,374.28,0,0,0,67.37
2843,3047,7846,396.43,0,20,0,71.36
2844,3047,7847,338.18,0,0,0,60.87
2845,3047,7852,320.67,0,0,0,57.72
2846,3048,7857,369.91,0,20,0,66.58
2847,3048,7863,225.96,30,20,0,40.67
2848,3050,7868,318.68,0,50,0,57.36
2849,3050,7871,376.68,0,0,0,67.8
2850,3051,7873,237.96,30,0,0,42.83
2851,3055,7881,222.06,30,20,0,39.97
2852,3055,7883,196.66,30,20,0,35.4
2853,3055,7884,248.2,30,20,0,44.68
2854,3056,7887,399.67,0,0,0,71.94
2855,3058,7890,372.33,0,0,0,67.02
2856,3058,7892,141.87,30,0,0,25.54
2857,3060,7895,195.19,30,50,0,35.13
2858,3060,7896,328.36,0,50,0,59.1
2859,3062,7899,274.52,30,50,0,49.41
2860,3063,7902,441.71,0,0,0,79.51
2861,3063,7903,475.27,0,50,0,85.55
2862,3065,7906,269.64,30,50,0,48.54
2863,3066,7909,267.39,30,0,0,48.13
2864,3067,7911,234.76,30,20,0,42.26
2865,3068,7913,305.79,30,0,0,55.04
2866,3069,7915,273.81,30,0,0,49.29
2867,3070,7917,292.98,30,20,0,52.74
2868,3073,7920,246.87,30,0,0,44.44
2869,3074,7921,475.37,0,0,0,85.57
2870,3074,7923,303.79,30,20,0,54.68
2871,3075,7927,441.17,0,0,1,79.41
2872,3076,7932,342.23,0,20,0,61.6
2873,3080,7938,357.4,0,0,0,64.33
2874,3081,7939,260.15,30,0,0,46.83
2875,3082,7941,195.16,30,0,0,35.13
2876,3084,7948,424.71,0,0,0,76.45
2877,3084,7950,319.07,30,0,0,57.43
2878,3086,7952,345.23,0,0,0,62.14
2879,3086,7953,319.23,0,0,0,57.46
2880,3086,7955,400.2,0,0,0,72.04
2881,3087,7958,280.0,0,50,0,50.4
2882,3087,7961,273.01,30,20,0,49.14
2883,3088,7964,223.06,30,0,0,40.15
2884,3088,7966,304.27,0,0,0,54.77
2885,3092,7971,383.29,0,0,0,68.99
2886,3093,7973,308.92,0,20,0,55.61
2887,3093,7977,300.89,0,20,0,54.16
2888,3095,7983,317.12,30,0,0,57.08
2889,3096,7984,375.78,0,0,0,67.64
2890,3096,7985,445.95,0,0,0,80.27
2891,3097,7987,317.47,0,0,0,57.14
2892,3100,7992,279.59,0,20,0,50.33
2893,3103,8000,211.02,30,0,0,37.98
2894,3103,8001,317.74,0,0,0,57.19
2895,3105,8003,237.98,30,20,0,42.84
2896,3107,8004,252.13,0,50,0,45.38
2897,3107,8006,553.82,0,0,0,99.69
2898,3108,8007,343.44,0,20,0,61.82
2899,3108,8009,369.27,0,0,0,66.47
2900,3109,8010,284.95,30,0,0,51.29
2901,3109,8012,450.49,0,0,0,81.09
2902,3111,8016,191.54,30,50,0,34.48
2903,3113,8024,195.96,30,0,0,35.27
2904,3116,8029,301.99,0,0,0,54.36
2905,3117,8033,365.32,0,0,0,65.76
2906,3118,8036,314.56,30,0,0,56.62
2907,3118,8037,313.38,0,50,0,56.41
2908,3119,8040,386.8,0,0,0,69.62
2909,3119,8042,301.64,30,20,0,54.3
2910,3122,8049,249.02,30,0,0,44.82
2911,3124,8054,282.05,0,20,0,50.77
2912,3124,8055,299.41,0,0,0,53.89
2913,3124,8056,440.92,0,0,0,79.37
2914,3126,8059,290.34,30,0,0,52.26
2915,3130,8069,441.89,0,0,0,79.54
2916,3133,8082,372.43,0,0,0,67.04
2917,3135,8086,301.74,30,0,0,54.31
2918,3136,8088,199.5,30,0,0,35.91
2919,3136,8090,447.96,0,0,0,80.63
2920,3136,8091,332.12,0,0,0,59.78
2921,3137,8096,248.81,30,0,0,44.79
2922,3138,8101,225.31,30,0,0,40.56
2923,3138,8102,160.75,30,0,0,28.94
2924,3138,8103,289.57,30,0,0,52.12
2925,3138,8104,247.76,30,0,0,44.6
2926,3139,8106,253.92,30,50,0,45.71
2927,3142,8112,369.28,0,20,0,66.47
2928,3144,8119,338.81,0,0,0,60.99
2929,3144,8120,322.47,30,0,0,58.04
2930,3148,8127,352.79,0,0,0,63.5
2931,3149,8130,515.76,0,0,0,92.84
2932,3151,8135,273.0,0,50,0,49.14
2933,3154,8139,245.05,30,0,0,44.11
2934,3154,8140,325.87,30,0,0,58.66
2935,3156,8147,302.52,0,20,0,54.45
2936,3157,8148,261.57,0,50,0,47.08
2937,3158,8153,462.75,0,0,0,83.3
2938,3159,8155,281.85,0,50,0,50.73
2939,3161,8159,377.35,0,20,0,67.92
2940,3161,8160,191.35,30,50,0,34.44
2941,3161,8161,456.42,0,0,0,82.16
2942,3161,8162,433.19,0,0,0,77.97
2943,3164,8167,316.98,30,0,0,57.06
2944,3167,8168,298.82,0,50,0,53.79
2945,3167,8170,316.03,30,0,0,56.89
2946,3167,8171,461.64,0,0,0,83.1
2947,3168,8174,258.54,30,50,0,46.54
2948,3169,8176,330.89,0,0,0,59.56
2949,3170,8178,258.8,30,20,0,46.58
2950,3171,8182,328.06,30,0,0,59.05
2951,3173,8188,314.49,0,0,0,56.61
2952,3174,8190,327.28,30,0,1,58.91
2953,3174,8191,262.27,30,50,0,47.21
2954,3175,8194,220.35,30,0,0,39.66
2955,3178,8198,390.67,0,20,0,70.32
2956,3178,8199,362.48,0,0,0,65.25
2957,3180,8201,291.53,0,20,0,52.48
2958,3180,8202,455.63,0,0,0,82.01
2959,3182,8207,354.83,0,0,0,63.87
2960,3186,8216,438.9,0,0,0,79.0
2961,3187,8218,359.43,0,0,0,64.7
2962,3187,8219,282.01,30,20,0,50.76
2963,3189,8222,429.91,0,0,0,77.38
2964,3189,8227,344.93,0,0,0,62.09
2965,3190,8230,299.38,0,0,0,53.89
2966,3191,8232,300.96,30,0,0,54.17
2967,3191,8233,268.02,30,50,0,48.24
2968,3191,8235,419.62,0,0,0,75.53
2969,3191,8236,257.14,30,0,0,46.29
2970,3193,8238,300.75,30,0,0,54.14
2971,3193,8240,298.12,0,50,0,53.66
2972,3194,8243,444.33,0,0,0,79.98
2973,3194,8244,311.27,0,20,0,56.03
2974,3196,8247,313.03,0,20,0,56.35
2975,3196,8249,339.05,0,0,0,61.03
2976,3196,8250,405.2,0,0,0,72.94
2977,3197,8251,289.39,0,50,0,52.09
2978,3197,8254,50.0,30,50,0,9.0
2979,3198,8255,382.41,0,0,0,68.83
2980,3198,8256,400.4,0,20,0,72.07
2981,3199,8257,276.45,30,50,0,49.76
2982,3199,8258,250.02,30,0,0,45.0
2983,3199,8259,404.3,0,0,0,72.77
2984,3201,8266,362.47,0,0,0,65.24
2985,3203,8275,391.24,0,0,0,70.42
2986,3203,8277,383.25,0,0,0,68.98
2987,3203,8278,266.62,30,20,0,47.99
2988,3204,8280,376.41,0,20,0,67.75
2989,3204,8281,456.64,0,0,0,82.2
2990,3206,8283,169.11,30,0,0,30.44
2991,3206,8284,442.96,0,0,0,79.73
2992,3206,8286,316.57,0,20,0,56.98
2993,3207,8288,262.76,30,0,1,47.3
2994,3208,8291,254.63,30,50,0,45.83
2995,3208,8292,302.32,0,20,0,54.42
2996,3208,8293,360.22,0,0,0,64.84
2997,3210,8298,305.69,0,50,1,55.02
2998,3211,8302,373.34,0,0,0,67.2
2999,3211,8304,183.07,30,0,0,32.95
3000,3211,8305,317.7,0,0,0,57.19
3001,3213,8309,205.86,30,0,0,37.05
3002,3213,8310,285.83,30,0,0,51.45
3003,3214,8311,322.32,0,0,0,58.02
3004,3215,8314,307.69,0,0,0,55.38
3005,3217,8315,285.36,0,50,0,51.36
3006,3217,8317,312.39,0,0,0,56.23
3007,3218,8321,243.26,30,50,0,43.79
3008,3218,8322,382.71,0,0,0,68.89
3009,3218,8324,400.59,0,0,0,72.11
3010,3221,8326,268.16,30,20,0,48.27
3011,3221,8327,338.25,0,0,0,60.88
3012,3225,8334,145.03,30,50,0,26.11
3013,3226,8342,118.43,30,0,0,21.32
3014,3227,8343,409.28,0,0,0,73.67
3015,3229,8345,310.33,0,0,1,55.86
3016,3229,8346,300.68,0,50,0,54.12
3017,3230,8350,325.2,0,0,0,58.54
3018,3233,8352,322.71,30,0,0,58.09
3019,3233,8353,376.35,0,20,0,67.74
3020,3234,8354,417.63,0,0,0,75.17
3021,3238,8372,308.5,0,50,0,55.53
3022,3240,8375,287.88,30,20,0,51.82
3023,3242,8383,236.03,30,0,0,42.49
3024,3249,8394,267.13,30,0,0,48.08
3025,3249,8395,351.33,0,0,1,63.24
3026,3253,8401,465.19,0,0,0,83.73
3027,3254,8404,459.12,0,0,0,82.64
3028,3254,8407,239.42,30,0,0,43.1
3029,3255,8409,220.15,30,20,0,39.63
3030,3256,8410,338.93,0,0,0,61.01
3031,3259,8413,280.96,30,20,0,50.57
3032,3259,8415,314.91,30,0,0,56.68
3033,3262,8419,242.19,30,0,0,43.59
3034,3266,8428,245.99,30,0,0,44.28
3035,3266,8429,459.67,0,0,0,82.74
3036,3266,8430,487.81,0,0,0,87.81
3037,3267,8431,299.65,0,20,0,53.94
3038,3269,8434,400.97,0,0,0,72.17
3039,3272,8435,220.48,30,20,0,39.69
3040,3272,8436,340.75,0,50,0,61.34
3041,3274,8437,259.26,0,50,0,46.67
3042,3275,8440,403.11,0,0,0,72.56
3043,3276,8441,360.28,0,0,0,64.85
3044,3276,8443,292.98,30,20,0,52.74
3045,3276,8444,340.73,0,0,0,61.33
3046,3276,8445,267.85,0,50,0,48.21
3047,3278,8447,258.45,30,0,0,46.52
3048,3278,8448,415.63,0,0,0,74.81
3049,3278,8449,260.75,30,50,0,46.93
3050,3280,8451,325.34,0,0,0,58.56
3051,3280,8452,383.44,0,0,0,69.02
3052,3280,8453,357.12,0,0,0,64.28
3053,3282,8458,255.17,0,50,0,45.93
3054,3282,8459,362.71,0,20,0,65.29
3055,3283,8462,206.86,30,20,0,37.23
3056,3284,8465,313.96,30,0,0,56.51
3057,3285,8470,328.02,0,50,0,59.04
3058,3286,8472,262.36,0,50,0,47.22
3059,3287,8473,170.64,30,20,0,30.72
3060,3287,8476,332.98,0,0,0,59.94
3061,3290,8482,333.91,0,0,0,60.1
3062,3290,8483,428.76,0,0,0,77.18
3063,3291,8489,202.02,30,0,0,36.36
3064,3293,8492,391.84,0,20,0,70.53
3065,3293,8493,313.61,30,0,0,56.45
3066,3294,8494,297.97,0,20,0,53.63
3067,3295,8495,349.44,0,20,0,62.9
3068,3296,8497,510.27,0,0,0,91.85
3069,3297,8500,398.77,0,20,0,71.78
3070,3299,8505,204.98,30,0,0,36.9
3071,3300,8508,428.18,0,0,0,77.07
3072,3301,8511,302.05,0,0,0,54.37
3073,3301,8512,427.92,0,20,0,77.03
3074,3302,8518,145.85,30,0,0,26.25
3075,3302,8519,254.84,30,0,0,45.87
3076,3304,8521,262.99,30,50,0,47.34
3077,3305,8522,327.27,0,0,0,58.91
3078,3306,8524,368.64,0,0,0,66.36
3079,3306,8526,321.34,0,0,0,57.84
3080,3307,8528,303.43,0,20,0,54.62
3081,3308,8529,297.34,30,0,0,53.52
3082,3309,8531,323.16,30,0,0,58.17
3083,3312,8537,348.11,0,50,0,62.66
3084,3312,8538,632.51,0,20,0,113.85
3085,3316,8548,347.69,0,0,0,62.58
3086,3319,8551,325.39,30,0,0,58.57
3087,3319,8552,359.31,0,0,0,64.68
3088,3319,8555,459.72,0,0,0,82.75
3089,3320,8556,214.31,30,0,0,38.58
3090,3320,8559,342.26,0,0,0,61.61
3091,3321,8561,372.55,0,0,0,67.06
3092,3322,8563,309.61,30,0,0,55.73
3093,3322,8564,400.52,0,0,0,72.09
3094,3323,8566,373.79,0,20,0,67.28
3095,3323,8567,275.33,30,50,0,49.56
3096,3324,8568,305.41,0,20,1,54.97
3097,3324,8569,318.24,0,0,0,57.28
3098,3325,8572,108.43,30,20,0,19.52
3099,3325,8573,494.95,0,0,0,89.09
3100,3326,8575,353.96,0,0,0,63.71
3101,3326,8578,306.68,0,50,0,55.2
3102,3326,8582,308.18,30,0,0,55.47
3103,3327,8584,328.01,0,0,0,59.04
3104,3328,8585,224.19,30,50,0,40.35
3105,3328,8586,444.48,0,0,0,80.01
3106,3328,8589,296.59,30,20,0,53.39
3107,3331,8592,332.51,0,0,0,59.85
3108,3331,8593,293.9,30,20,0,52.9
3109,3333,8599,415.0,0,0,0,74.7
3110,3333,8600,262.48,30,0,1,47.25
3111,3333,8601,313.68,30,0,0,56.46
3112,3333,8603,319.92,0,0,0,57.59
3113,3334,8606,284.28,0,20,0,51.17
3114,3336,8607,347.59,0,20,0,62.57
3115,3338,8610,512.72,0,0,0,92.29
3116,3342,8614,278.39,30,20,0,50.11
3117,3345,8618,346.48,0,0,0,62.37
3118,3347,8621,278.22,30,20,0,50.08
3119,3347,8625,371.28,0,0,0,66.83
3120,3349,8629,205.18,30,20,0,36.93
3121,3350,8630,300.6,0,50,0,54.11
3122,3352,8633,227.21,30,0,0,40.9
3123,3353,8634,288.25,30,0,0,51.88
3124,3354,8638,255.38,30,0,0,45.97
3125,3355,8645,241.37,30,50,0,43.45
3126,3357,8648,298.75,30,20,0,53.78
3127,3357,8649,480.26,0,0,0,86.45
3128,3358,8650,474.59,0,0,0,85.43
3129,3359,8653,483.14,0,0,0,86.97
3130,3359,8654,204.91,30,0,0,36.88
3131,3363,8658,409.78,0,0,0,73.76
3132,3365,8663,275.46,30,50,0,49.58
3133,3365,8664,341.69,0,0,0,61.5
3134,3366,8666,189.56,30,50,0,34.12
3135,3368,8672,407.31,0,0,0,73.32
3136,3369,8674,337.91,0,0,0,60.82
3137,3373,8684,265.73,30,20,0,47.83
3138,3374,8686,546.8,0,50,0,98.42
3139,3375,8689,489.2,0,0,0,88.06
3140,3376,8690,253.4,30,50,0,45.61
3141,3377,8695,293.92,30,0,1,52.91
3142,3378,8696,324.8,0,0,0,58.46
3143,3378,8698,399.33,0,0,0,71.88
3144,3378,8699,483.66,0,20,0,87.06
3145,3379,8702,236.15,30,0,0,42.51
3146,3379,8707,270.82,30,0,0,48.75
3147,3383,8714,296.94,0,50,0,53.45
3148,3383,8717,327.83,0,50,0,59.01
3149,3383,8718,172.49,30,20,0,31.05
3150,3384,8719,457.99,0,0,0,82.44
3151,3384,8720,283.06,0,50,0,50.95
3152,3384,8721,418.43,0,0,0,75.32
3153,3385,8722,280.84,0,50,1,50.55
3154,3386,8726,175.13,30,50,0,31.52
3155,3387,8728,378.67,0,20,0,68.16
3156,3389,8732,398.18,0,20,0,71.67
3157,3389,8733,258.53,0,50,0,46.54
3158,3391,8736,343.57,0,20,0,61.84
3159,3391,8737,367.54,0,0,0,66.16
3160,3393,8741,346.28,0,0,0,62.33
3161,3393,8742,299.02,0,0,1,53.82
3162,3395,8744,221.43,30,0,0,39.86
3163,3395,8746,353.17,0,20,0,63.57
3164,3395,8748,220.74,30,0,0,39.73
3165,3400,8755,467.99,0,20,0,84.24
3166,3401,8757,422.59,0,0,0,76.07
3167,3405,8766,360.34,0,0,0,64.86
3168,3407,8769,145.54,30,50,0,26.2
3169,3408,8772,303.66,30,0,0,54.66
3170,3409,8773,211.52,30,50,0,38.07
3171,3409,8774,189.57,30,0,0,34.12
3172,3410,8776,321.83,30,0,0,57.93
3173,3410,8777,405.33,0,0,0,72.96
3174,3412,8782,307.09,0,0,0,55.28
3175,3412,8783,477.27,0,0,0,85.91
3176,3414,8791,149.77,30,20,0,26.96
3177,3415,8792,359.88,0,50,0,64.78
3178,3415,8795,370.14,0,0,0,66.63
3179,3415,8796,348.21,0,0,0,62.68
3180,3416,8797,242.35,30,50,0,43.62
3181,3416,8798,276.02,30,0,0,49.68
3182,3417,8799,306.82,30,0,0,55.23
3183,3418,8802,302.96,0,50,0,54.53
3184,3419,8803,291.71,30,0,0,52.51
3185,3420,8810,304.78,30,20,0,54.86
3186,3422,8811,398.36,0,0,0,71.7
3187,3422,8812,343.94,0,0,0,61.91
3188,3423,8813,421.36,0,0,0,75.84
3189,3424,8814,438.16,0,20,0,78.87
3190,3426,8819,287.37,0,50,0,51.73
3191,3426,8820,314.76,0,0,0,56.66
3192,3426,8822,299.36,0,50,0,53.88
3193,3427,8826,343.51,0,0,0,61.83
3194,3428,8828,323.77,30,0,0,58.28
3195,3429,8829,360.11,0,0,0,64.82
3196,3430,8833,278.77,30,0,0,50.18
3197,3433,8839,316.58,30,0,0,56.98
3198,3435,8841,437.78,0,0,0,78.8
3199,3435,8842,404.2,0,20,0,72.76
3200,3435,8844,283.4,30,0,0,51.01
3201,3436,8845,175.21,30,0,0,31.54
3202,3437,8846,329.0,0,0,0,59.22
3203,3437,8847,289.01,30,0,0,52.02
3204,3440,8850,436.1,0,20,0,78.5
3205,3442,8852,306.76,0,0,0,55.22
3206,3442,8855,177.84,30,50,0,32.01
3207,3443,8856,361.34,0,0,0,65.04
3208,3443,8857,507.55,0,0,0,91.36
3209,3444,8859,207.39,30,50,0,37.33
3210,3445,8861,433.56,0,0,0,78.04
3211,3445,8862,396.25,0,20,0,71.32
3212,3446,8863,228.88,30,0,0,41.2
3213,3446,8865,204.25,30,50,0,36.76
3214,3447,8866,277.04,30,20,0,49.87
3215,3447,8868,212.81,30,20,0,38.31
3216,3454,8876,331.61,0,0,0,59.69
3217,3454,8877,294.21,30,0,0,52.96
3218,3455,8885,457.48,0,50,0,82.35
3219,3456,8889,311.39,0,20,0,56.05
3220,3457,8893,396.92,0,0,0,71.45
3221,3459,8896,352.32,0,0,0,63.42
3222,3459,8897,357.97,0,0,0,64.43
3223,3460,8903,203.59,30,0,0,36.65
3224,3462,8906,277.07,30,0,0,49.87
3225,3464,8916,438.22,0,0,0,78.88
3226,3464,8917,341.84,0,20,0,61.53
3227,3467,8923,275.4,30,50,1,49.57
3228,3468,8926,251.91,30,0,0,45.34
3229,3471,8930,256.91,30,50,1,46.24
3230,3473,8931,453.72,0,20,0,81.67
3231,3473,8932,230.03,30,50,0,41.41
3232,3473,8933,353.95,0,20,0,63.71
3233,3475,8935,324.38,30,0,0,58.39
3234,3475,8937,366.3,0,0,0,65.93
3235,3476,8938,319.26,0,0,0,57.47
3236,3476,8939,285.34,30,0,0,51.36
3237,3476,8941,398.09,0,50,0,71.66
3238,3476,8943,285.5,30,20,0,51.39
3239,3477,8945,337.43,0,20,0,60.74
3240,3478,8947,317.1,30,0,0,57.08
3241,3478,8948,339.66,0,50,0,61.14
3242,3478,8950,322.92,0,0,0,58.13
3243,3480,8952,399.47,0,0,0,71.9
3244,3481,8954,318.85,0,0,0,57.39
3245,3481,8958,191.74,30,20,0,34.51
3246,3484,8963,365.97,0,0,0,65.87
3247,3484,8965,365.72,0,0,0,65.83
3248,3485,8966,109.02,30,0,0,19.62
3249,3486,8971,312.4,30,0,0,56.23
3250,3488,8979,100.85,30,20,0,18.15
3251,3489,8981,312.89,0,20,0,56.32
3252,3490,8984,309.15,0,20,0,55.65
3253,3492,8987,370.33,0,0,0,66.66
3254,3492,8988,501.29,0,0,0,90.23
3255,3493,8991,302.86,0,0,0,54.51
3256,3493,8992,398.04,0,50,1,71.65
3257,3497,9000,205.33,30,0,0,36.96
3258,3498,9002,261.78,30,50,0,47.12
3259,3499,9007,315.05,0,20,0,56.71
3260,3500,9011,411.97,0,20,0,74.15
3261,3503,9016,221.21,30,0,0,39.82
3262,3504,9020,570.88,0,0,0,102.76
3263,3506,9023,414.78,0,0,0,74.66
3264,3506,9024,351.55,0,0,0,63.28
3265,3508,9027,441.03,0,0,1,79.39
3266,3508,9028,207.63,30,0,0,37.37
3267,3509,9029,189.67,30,50,0,34.14
3268,3510,9032,313.82,30,0,0,56.49
3269,3512,9039,282.15,0,20,0,50.79
3270,3512,9042,246.06,30,0,0,44.29
3271,3512,9043,305.54,0,0,0,55.0
3272,3512,9047,295.84,0,20,0,53.25
3273,3513,9050,446.77,0,0,0,80.42
3274,3513,9052,363.25,0,0,0,65.38
3275,3513,9053,318.6,0,50,0,57.35
3276,3514,9054,370.29,0,0,0,66.65
3277,3514,9056,356.34,0,0,0,64.14
3278,3515,9059,321.37,0,50,0,57.85
3279,3516,9060,379.42,0,0,0,68.3
3280,3518,9064,217.72,30,0,0,39.19
3281,3519,9068,364.6,0,0,0,65.63
3282,3519,9069,433.5,0,0,0,78.03
3283,3519,9072,296.3,30,0,0,53.33
3284,3519,9075,382.29,0,20,0,68.81
3285,3520,9076,253.03,30,20,0,45.55
3286,3520,9077,390.37,0,0,0,70.27
3287,3520,9079,337.57,0,0,0,60.76
3288,3521,9083,416.58,0,0,0,74.98
3289,3521,9084,425.57,0,0,0,76.6
3290,3523,9088,378.75,0,0,0,68.18
3291,3523,9090,271.82,30,0,0,48.93
3292,3524,9091,339.63,0,0,0,61.13
3293,3526,9094,261.41,30,0,0,47.05
3294,3526,9097,305.33,0,0,0,54.96
3295,3527,9100,375.27,0,0,0,67.55
3296,3528,9102,316.51,30,0,0,56.97
3297,3530,9106,299.5,30,20,0,53.91
3298,3531,9108,282.58,30,0,0,50.86
3299,3531,9110,331.45,0,50,0,59.66
3300,3532,9113,378.36,0,0,0,68.1
3301,3532,9115,303.12,30,0,0,54.56
3302,3533,9119,381.85,0,0,0,68.73
3303,3536,9121,328.02,30,0,0,59.04
3304,3537,9123,338.97,0,0,0,61.01
3305,3537,9125,479.0,0,50,1,86.22
3306,3538,9128,282.68,0,20,0,50.88
3307,3539,9130,460.54,0,20,0,82.9
3308,3539,9131,476.2,0,50,0,85.72
3309,3539,9132,266.04,30,0,0,47.89
3310,3540,9133,299.26,30,0,0,53.87
3311,3541,9135,218.58,30,0,1,39.34
3312,3542,9138,269.84,0,50,0,48.57
3313,3546,9144,372.16,0,0,0,66.99
3314,3548,9148,321.8,30,0,0,57.92
3315,3548,9149,271.85,30,50,0,48.93
3316,3551,9154,311.67,30,0,0,56.1
3317,3551,9156,279.72,0,50,0,50.35
3318,3552,9157,261.52,30,50,0,47.07
3319,3552,9160,332.96,0,0,0,59.93
3320,3555,9162,127.19,30,0,0,22.89
3321,3556,9165,429.38,0,20,0,77.29
3322,3556,9168,179.38,30,20,0,32.29
3323,3558,9171,426.21,0,0,0,76.72
3324,3560,9175,328.05,30,0,0,59.05
3325,3562,9181,387.9,0,50,0,69.82
3326,3563,9187,369.32,0,0,0,66.48
3327,3564,9188,173.55,30,50,0,31.24
3328,3564,9189,485.56,0,0,0,87.4
3329,3565,9193,427.69,0,0,1,76.98
3330,3566,9194,374.8,0,0,0,67.46
3331,3568,9199,404.27,0,0,0,72.77
3332,3569,9200,417.17,0,0,0,75.09
3333,3570,9203,272.07,30,0,1,48.97
3334,3572,9205,324.73,0,0,0,58.45
3335,3573,9206,353.86,0,0,0,63.69
3336,3573,9207,289.09,30,0,0,52.04
3337,3573,9208,345.66,0,0,0,62.22
3338,3573,9209,409.95,0,0,0,73.79
3339,3575,9210,418.25,0,0,0,75.28
3340,3577,9212,342.16,0,0,0,61.59
3341,3579,9225,384.29,0,0,0,69.17
3342,3582,9228,270.85,0,50,0,48.75
3343,3584,9232,220.34,30,0,0,39.66
3344,3586,9235,391.24,0,0,0,70.42
3345,3587,9239,280.19,0,20,0,50.43
3346,3587,9243,459.18,0,0,0,82.65
3347,3587,9244,294.44,0,20,0,53.0
3348,3588,9245,347.64,0,0,0,62.58
3349,3590,9250,391.53,0,0,0,70.48
3350,3590,9252,218.34,30,50,0,39.3
3351,3590,9253,515.49,0,0,0,92.79
3352,3590,9254,283.19,0,20,0,50.97
3353,3590,9255,310.61,0,20,0,55.91
3354,3591,9256,339.15,0,0,0,61.05
3355,3591,9257,344.17,0,0,0,61.95
3356,3591,9258,196.09,30,50,0,35.3
3357,3594,9263,345.8,0,0,0,62.24
3358,3594,9264,323.75,0,0,0,58.28
3359,3594,9265,250.55,30,20,0,45.1
3360,3595,9266,330.51,0,0,0,59.49
3361,3595,9267,343.99,0,0,0,61.92
3362,3596,9268,242.03,30,50,0,43.57
3363,3596,9271,342.99,0,0,0,61.74
3364,3596,9272,414.81,0,20,0,74.67
3365,3597,9274,418.13,0,0,0,75.26
3366,3599,9278,588.27,0,0,0,105.89
3367,3599,9279,297.78,30,0,0,53.6
3368,3599,9281,322.18,0,0,0,57.99
3369,3600,9284,294.18,30,0,0,52.95
3370,3600,9285,315.33,30,0,0,56.76
3371,3603,9293,196.15,30,20,0,35.31
3372,3604,9298,289.53,0,20,0,52.12
3373,3608,9306,318.49,0,0,0,57.33
3374,3608,9308,311.49,0,0,0,56.07
3375,3609,9309,350.79,0,0,0,63.14
3376,3610,9314,310.97,30,0,0,55.97
3377,3610,9316,274.11,30,50,0,49.34
3378,3610,9317,409.6,0,0,0,73.73
3379,3610,9318,293.07,0,20,0,52.75
3380,3612,9320,290.62,0,50,1,52.31
3381,3613,9321,323.76,30,0,0,58.28
3382,3614,9324,455.47,0,0,0,81.98
3383,3615,9327,219.77,30,50,0,39.56
3384,3616,9328,422.91,0,0,0,76.12
3385,3616,9330,228.18,30,0,0,41.07
3386,3617,9332,461.29,0,20,0,83.03
3387,3618,9333,364.32,0,0,0,65.58
3388,3618,9335,327.72,30,0,0,58.99
3389,3620,9339,244.86,30,0,0,44.07
3390,3620,9340,374.37,0,0,0,67.39
3391,3620,9341,233.62,30,20,0,42.05
3392,3623,9349,468.1,0,0,0,84.26
3393,3623,9350,282.64,30,0,0,50.88
3394,3624,9353,308.66,0,0,0,55.56
3395,3625,9354,297.93,0,50,1,53.63
3396,3626,9355,232.96,30,50,1,41.93
3397,3626,9357,232.59,30,50,0,41.87
3398,3627,9360,352.69,0,0,0,63.48
3399,3627,9361,266.08,30,0,0,47.89
3400,3628,9363,430.77,0,0,0,77.54
3401,3628,9366,281.25,0,20,0,50.62
3402,3628,9367,361.58,0,0,0,65.08
3403,3628,9368,335.01,0,50,0,60.3
3404,3629,9369,210.31,30,50,0,37.86
3405,3633,9372,300.51,30,0,0,54.09
3406,3634,9373,315.95,0,50,0,56.87
3407,3634,9374,399.8,0,50,0,71.96
3408,3635,9376,284.93,30,0,0,51.29
3409,3635,9377,304.72,30,20,0,54.85
3410,3643,9394,272.65,30,0,0,49.08
3411,3647,9401,345.11,0,0,0,62.12
3412,3650,9407,266.49,30,20,0,47.97
3413,3650,9408,333.43,0,0,0,60.02
3414,3653,9418,296.14,0,20,0,53.31
3415,3654,9422,285.03,30,20,0,51.31
3416,3656,9425,197.95,30,0,0,35.63
3417,3656,9426,373.22,0,0,0,67.18
3418,3659,9432,129.3,30,50,0,23.27
3419,3659,9433,199.6,30,50,0,35.93
3420,3662,9443,425.96,0,20,0,76.67
3421,3664,9445,347.35,0,0,0,62.52
3422,3664,9449,341.51,0,0,0,61.47
3423,3665,9454,434.55,0,0,0,78.22
3424,3668,9459,362.78,0,20,0,65.3
3425,3670,9460,298.21,30,0,0,53.68
3426,3670,9461,290.1,30,0,0,52.22
3427,3670,9462,399.96,0,20,0,71.99
3428,3670,9463,463.28,0,0,0,83.39
3429,3672,9467,337.77,0,0,0,60.8
3430,3672,9468,332.46,0,50,0,59.84
3431,3672,9469,474.76,0,0,0,85.46
3432,3674,9473,416.29,0,0,0,74.93
3433,3676,9478,401.63,0,50,0,72.29
3434,3679,9485,296.53,0,20,0,53.38
3435,3682,9490,514.01,0,0,0,92.52
3436,3682,9492,428.71,0,20,0,77.17
3437,3682,9493,181.65,30,50,0,32.7
3438,3683,9495,285.93,0,20,0,51.47
3439,3683,9496,249.29,30,0,0,44.87
3440,3685,9501,328.49,0,20,0,59.13
3441,3685,9504,319.53,30,0,0,57.52
3442,3686,9506,303.23,0,0,0,54.58
3443,3687,9510,378.65,0,0,0,68.16
3444,3688,9512,394.73,0,0,0,71.05
3445,3689,9513,407.24,0,0,0,73.3
3446,3690,9516,237.54,30,0,0,42.76
3447,3692,9519,295.74,30,0,0,53.23
3448,3693,9521,291.98,30,20,0,52.56
3449,3695,9526,316.87,0,0,0,57.04
3450,3695,9527,267.62,30,0,0,48.17
3451,3697,9530,330.77,0,20,0,59.54
3452,3698,9533,410.86,0,20,0,73.95
3453,3699,9534,371.47,0,0,0,66.86
3454,3699,9536,301.71,0,50,0,54.31
3455,3699,9538,333.07,0,0,0,59.95
3456,3699,9540,407.3,0,0,0,73.31
3457,3700,9541,324.98,0,0,0,58.5
3458,3700,9542,430.99,0,50,0,77.58
3459,3701,9543,347.46,0,0,0,62.54
3460,3701,9545,206.96,30,0,0,37.25
3461,3701,9547,276.2,30,20,0,49.72
3462,3702,9548,261.25,30,0,0,47.02
3463,3703,9549,441.0,0,0,0,79.38
3464,3704,9552,351.74,0,0,0,63.31
3465,3704,9556,239.0,30,0,0,43.02
3466,3705,9560,333.56,0,0,0,60.04
3467,3706,9562,543.37,0,0,0,97.81
3468,3706,9563,314.86,0,0,0,56.67
3469,3706,9564,348.1,0,20,0,62.66
3470,3707,9566,381.37,0,0,0,68.65
3471,3707,9567,158.15,30,20,0,28.47
3472,3708,9568,342.31,0,20,0,61.62
3473,3709,9570,291.28,30,0,0,52.43
3474,3710,9572,332.87,0,50,0,59.92
3475,3711,9579,310.76,30,0,0,55.94
3476,3712,9580,327.2,0,0,0,58.9
3477,3715,9587,292.45,0,20,0,52.64
3478,3718,9590,301.29,0,50,0,54.23
3479,3719,9591,351.42,0,20,0,63.26
3480,3721,9593,263.82,30,50,0,47.49
3481,3723,9597,273.99,30,20,0,49.32
3482,3723,9598,302.3,30,20,0,54.41
3483,3724,9602,293.02,0,50,0,52.74
3484,3725,9603,369.5,0,0,0,66.51
3485,3726,9604,306.16,0,0,0,55.11
3486,3726,9606,282.59,30,0,0,50.87
3487,3728,9609,344.71,0,0,0,62.05
3488,3729,9611,325.11,30,0,0,58.52
3489,3729,9612,283.48,30,20,0,51.03
3490,3729,9613,314.77,30,0,0,56.66
3491,3731,9614,310.21,30,0,0,55.84
3492,3731,9616,395.92,0,20,0,71.27
3493,3731,9617,239.01,30,0,0,43.02
3494,3731,9618,305.68,0,50,1,55.02
3495,3731,9619,229.57,30,0,0,41.32
3496,3732,9620,414.11,0,0,0,74.54
3497,3732,9621,190.06,30,20,0,34.21
3498,3732,9623,384.92,0,20,0,69.29
3499,3732,9625,301.93,30,0,0,54.35
3500,3733,9626,179.37,30,0,0,32.29
3501,3733,9627,323.05,30,0,0,58.15
3502,3736,9632,256.77,0,50,0,46.22
3503,3736,9633,278.73,0,50,0,50.17
3504,3738,9637,392.61,0,0,0,70.67
3505,3739,9638,482.12,0,0,0,86.78
3506,3740,9639,343.59,0,0,1,61.85
3507,3742,9641,328.4,0,0,0,59.11
3508,3743,9644,274.64,30,0,0,49.44
3509,3746,9650,222.87,30,50,0,40.12
3510,3749,9657,294.11,0,20,0,52.94
3511,3749,9658,363.13,0,0,0,65.36
3512,3749,9659,379.4,0,0,0,68.29
3513,3749,9660,312.75,0,0,0,56.29
3514,3750,9662,315.12,30,0,0,56.72
3515,3751,9664,284.88,30,0,0,51.28
3516,3753,9668,331.51,0,0,0,59.67
3517,3754,9671,249.97,30,50,0,44.99
3518,3754,9673,436.91,0,20,0,78.64
3519,3755,9675,320.29,0,20,0,57.65
3520,3755,9676,260.83,0,50,0,46.95
3521,3758,9680,403.3,0,0,0,72.59
3522,3758,9682,517.07,0,0,0,93.07
3523,3760,9683,322.03,30,0,0,57.97
3524,3764,9691,238.94,30,0,0,43.01
3525,3764,9693,175.5,30,50,0,31.59
3526,3765,9695,349.45,0,0,0,62.9
3527,3767,9697,433.52,0,0,0,78.03
3528,3768,9699,270.67,30,20,0,48.72
3529,3769,9700,443.98,0,20,0,79.92
3530,3770,9704,77.28,30,50,0,13.91
3531,3770,9705,215.97,30,50,0,38.87
3532,3771,9708,350.15,0,0,0,63.03
3533,3771,9711,334.12,0,0,1,60.14
3534,3775,9714,172.65,30,0,0,31.08
3535,3776,9718,422.84,0,0,0,76.11
3536,3776,9719,313.15,0,0,0,56.37
3537,3776,9720,260.06,30,50,0,46.81
3538,3777,9721,308.36,0,0,0,55.5
3539,3779,9728,243.46,30,0,0,43.82
3540,3779,9730,370.36,0,0,0,66.66
3541,3781,9736,237.69,30,20,0,42.78
3542,3781,9737,348.37,0,0,0,62.71
3543,3781,9738,302.48,30,20,0,54.45
3544,3782,9743,240.2,30,0,0,43.24
3545,3786,9746,208.84,30,50,0,37.59
3546,3787,9750,225.8,30,50,0,40.64
3547,3787,9753,387.68,0,50,0,69.78
3548,3790,9757,295.38,30,0,0,53.17
3549,3790,9758,307.96,30,0,0,55.43
3550,3790,9759,407.59,0,50,1,73.37
3551,3791,9764,344.6,0,20,0,62.03
3552,3791,9766,325.07,30,0,0,58.51
3553,3792,9768,309.51,30,0,1,55.71
3554,3793,9770,298.79,0,50,0,53.78
3555,3793,9772,288.43,30,0,1,51.92
3556,3793,9773,254.94,30,50,0,45.89
3557,3794,9778,321.04,0,20,0,57.79
3558,3794,9780,427.7,0,0,0,76.99
3559,3798,9795,322.93,30,0,0,58.13
3560,3799,9796,277.14,30,0,0,49.89
3561,3801,9798,432.99,0,0,0,77.94
3562,3802,9800,269.26,0,50,0,48.47
3563,3802,9801,361.43,0,0,0,65.06
3564,3802,9802,262.97,0,50,0,47.33
3565,3807,9813,471.69,0,20,0,84.9
3566,3807,9816,396.45,0,20,0,71.36
3567,3810,9825,294.26,0,50,0,52.97
3568,3810,9827,284.21,0,20,0,51.16
3569,3813,9831,451.49,0,0,1,81.27
3570,3813,9833,311.39,0,50,0,56.05
3571,3814,9834,425.16,0,0,0,76.53
3572,3815,9836,341.45,0,0,0,61.46
3573,3815,9842,435.8,0,20,0,78.44
3574,3815,9843,286.29,0,20,0,51.53
3575,3817,9849,277.06,30,20,0,49.87
3576,3819,9851,210.68,30,20,0,37.92
3577,3821,9854,305.97,0,50,0,55.07
3578,3821,9856,278.34,30,20,0,50.1
3579,3823,9858,249.19,30,0,0,44.85
3580,3826,9865,283.9,30,0,0,51.1
3581,3827,9866,250.14,0,50,1,45.03
3582,3827,9867,252.77,0,50,1,45.5
3583,3828,9869,296.6,30,0,0,53.39
3584,3828,9870,360.46,0,0,0,64.88
3585,3829,9873,343.53,0,0,0,61.84
3586,3829,9874,318.76,0,20,0,57.38
3587,3830,9878,413.99,0,0,0,74.52
3588,3832,9879,236.12,30,0,0,42.5
3589,3834,9880,464.14,0,50,0,83.55
3590,3837,9886,441.21,0,0,0,79.42
3591,3842,9906,321.88,0,0,0,57.94
3592,3842,9907,344.87,0,0,0,62.08
3593,3842,9908,107.44,30,0,0,19.34
3594,3842,9910,355.3,0,0,0,63.95
3595,3842,9911,422.03,0,0,0,75.97
3596,3843,9912,423.16,0,0,0,76.17
3597,3843,9913,386.28,0,0,0,69.53
3598,3843,9914,80.0,30,0,0,14.4
3599,3843,9916,301.64,0,20,1,54.3
3600,3844,9917,319.58,30,0,0,57.52
3601,3845,9922,328.13,30,0,0,59.06
3602,3846,9925,251.89,30,50,0,45.34
3603,3847,9927,376.13,0,0,0,67.7
3604,3847,9930,312.66,0,0,0,56.28
3605,3854,9940,270.45,30,20,0,48.68
3606,3854,9942,209.6,30,0,0,37.73
3607,3857,9950,326.75,30,0,0,58.82
3608,3858,9952,385.27,0,0,0,69.35
3609,3861,9963,404.76,0,0,0,72.86
3610,3862,9966,174.16,30,50,0,31.35
3611,3864,9973,302.35,30,0,0,54.42
3612,3864,9974,303.56,0,0,0,54.64
3613,3864,9975,499.39,0,0,0,89.89
3614,3866,9978,381.96,0,20,0,68.75
3615,3867,9982,368.53,0,20,0,66.34
3616,3867,9983,163.22,30,0,0,29.38
3617,3869,9989,314.42,30,0,0,56.6
3618,3869,9990,429.2,0,0,0,77.26
3619,3871,9991,433.64,0,0,0,78.06
3620,3873,9993,462.0,0,0,0,83.16
3621,3873,9995,223.23,30,0,0,40.18
3622,3874,9996,374.5,0,0,0,67.41
3623,3875,9998,450.16,0,20,0,81.03
3624,3875,9999,295.5,30,20,0,53.19
3625,3875,10000,294.86,30,0,0,53.07
3626,3875,10002,316.2,0,0,0,56.92
3627,3875,10004,441.2,0,0,0,79.42
3628,3878,10016,432.77,0,0,0,77.9
3629,3882,10017,280.96,30,20,0,50.57
3630,3882,10019,438.1,0,0,0,78.86
3631,3883,10022,131.26,30,50,0,23.63
3632,3883,10027,365.14,0,0,0,65.73
3633,3884,10029,340.97,0,0,0,61.37
3634,3885,10030,235.08,30,20,0,42.31
3635,3886,10033,317.39,0,20,0,57.13
3636,3886,10034,323.68,30,0,0,58.26
3637,3889,10038,378.04,0,20,1,68.05
3638,3890,10039,352.35,0,0,0,63.42
3639,3891,10040,298.59,0,50,0,53.75
3640,3891,10041,256.01,30,50,0,46.08
3641,3893,10048,373.73,0,0,0,67.27
3642,3893,10049,191.62,30,20,0,34.49
3643,3894,10053,307.84,30,0,0,55.41
3644,3895,10055,171.72,30,0,0,30.91
3645,3897,10063,479.4,0,0,0,86.29
3646,3897,10066,294.36,30,20,1,52.98
3647,3898,10067,440.84,0,0,0,79.35
3648,3902,10071,447.74,0,20,0,80.59
3649,3903,10074,264.39,0,50,0,47.59
3650,3903,10076,201.49,30,20,0,36.27
3651,3904,10077,315.43,30,0,0,56.78
3652,3905,10084,299.87,30,0,0,53.98
3653,3906,10087,305.07,0,0,0,54.91
3654,3906,10088,392.09,0,20,0,70.58
3655,3907,10090,355.89,0,20,0,64.06
3656,3908,10092,313.95,0,50,0,56.51
3657,3909,10095,234.1,30,0,0,42.14
3658,3910,10098,154.17,30,50,0,27.75
3659,3911,10099,406.17,0,20,0,73.11
3660,3911,10101,324.29,30,0,0,58.37
3661,3911,10102,310.02,0,50,0,55.8
3662,3912,10105,416.3,0,50,0,74.93
3663,3913,10108,483.3,0,0,1,86.99
3664,3913,10109,281.22,0,20,0,50.62
3665,3913,10111,349.23,0,50,0,62.86
3666,3913,10112,371.45,0,0,0,66.86
3667,3915,10113,338.34,0,0,0,60.9
3668,3916,10119,389.7,0,0,0,70.15
3669,3916,10121,397.94,0,0,0,71.63
3670,3917,10122,308.7,0,0,0,55.57
3671,3917,10124,403.76,0,0,0,72.68
3672,3917,10125,437.94,0,0,0,78.83
3673,3918,10128,297.68,0,20,0,53.58
3674,3918,10129,385.94,0,0,0,69.47
3675,3920,10131,400.65,0,0,0,72.12
3676,3920,10133,354.37,0,0,0,63.79
3677,3922,10134,277.92,0,50,0,50.03
3678,3923,10137,253.59,0,50,0,45.65
3679,3924,10138,329.31,0,50,0,59.28
3680,3925,10139,210.28,30,50,0,37.85
3681,3932,10147,201.97,30,50,0,36.35
3682,3932,10148,431.48,0,0,0,77.67
3683,3938,10154,480.24,0,0,0,86.44
3684,3940,10157,256.51,30,50,0,46.17
3685,3945,10171,183.63,30,0,0,33.05
3686,3947,10177,184.03,30,50,0,33.13
3687,3948,10178,315.3,0,50,1,56.75
3688,3948,10180,367.78,0,20,0,66.2
3689,3948,10181,399.96,0,0,0,71.99
3690,3950,10183,259.36,30,0,0,46.68
3691,3953,10188,462.49,0,0,0,83.25
3692,3954,10192,275.66,30,0,0,49.62
3693,3955,10198,300.05,0,0,0,54.01
3694,3955,10199,328.69,30,0,0,59.16
3695,3956,10200,352.44,0,0,0,63.44
3696,3956,10203,267.0,30,20,0,48.06
3697,3957,10204,299.31,0,20,0,53.88
3698,3960,10206,318.2,0,0,0,57.28
3699,3960,10207,398.63,0,0,0,71.75
3700,3960,10208,330.41,0,20,0,59.47
3701,3960,10209,429.09,0,20,1,77.24
3702,3961,10212,367.04,0,50,0,66.07
3703,3963,10216,311.97,30,0,0,56.15
3704,3966,10218,455.54,0,20,0,82.0
3705,3969,10220,356.89,0,0,0,64.24
3706,3969,10222,338.85,0,50,0,60.99
3707,3970,10224,357.5,0,0,0,64.35
3708,3972,10231,112.17,30,20,0,20.19
3709,3972,10232,528.93,0,0,0,95.21
3710,3972,10234,327.09,30,0,0,58.88
3711,3973,10235,327.03,30,0,0,58.87
3712,3976,10243,464.73,0,0,0,83.65
3713,3978,10247,400.74,0,20,0,72.13
3714,3978,10249,296.16,30,20,0,53.31
3715,3980,10251,252.36,0,50,0,45.42
3716,3982,10255,195.15,30,0,0,35.13
3717,3982,10256,316.35,0,0,0,56.94
3718,3982,10261,275.86,0,50,0,49.65
3719,3984,10263,327.03,0,0,0,58.87
3720,3985,10265,451.19,0,20,1,81.21
3721,3985,10266,357.22,0,0,0,64.3
3722,3985,10267,243.91,30,50,0,43.9
3723,3988,10272,324.24,30,0,0,58.36
3724,3990,10274,347.1,0,50,0,62.48
3725,3990,10277,418.38,0,0,0,75.31
3726,3992,10280,336.22,0,0,0,60.52
3727,3993,10282,352.92,0,20,0,63.53
3728,3994,10287,293.71,30,0,0,52.87
3729,3994,10288,354.68,0,0,0,63.84
3730,3997,10292,293.3,30,0,0,52.79
3731,3997,10293,483.99,0,0,0,87.12
3732,3999,10297,325.37,30,0,0,58.57
3733,4001,10301,225.49,30,50,0,40.59
3734,4002,10302,242.41,30,0,0,43.63
3735,4002,10304,395.8,0,0,0,71.24
3736,4006,10307,262.44,30,50,0,47.24
3737,4007,10309,337.71,0,0,0,60.79
3738,4008,10312,290.95,30,20,0,52.37
3739,4008,10313,325.6,0,0,0,58.61
3740,4008,10314,432.51,0,50,0,77.85
3741,4009,10316,279.51,30,0,0,50.31
3742,4010,10318,303.66,0,50,0,54.66
3743,4010,10320,199.98,30,0,0,36.0
3744,4011,10325,382.38,0,50,0,68.83
3745,4014,10333,313.27,0,50,0,56.39
3746,4015,10335,316.26,0,0,0,56.93
3747,4015,10336,298.74,30,0,0,53.77
3748,4016,10337,276.42,30,20,0,49.76
3749,4016,10340,163.92,30,0,0,29.51
3750,4016,10341,308.39,30,0,0,55.51
3751,4016,10342,192.25,30,50,0,34.6
3752,4019,10348,307.13,30,20,0,55.28
3753,4019,10349,262.74,30,0,0,47.29
3754,4021,10357,218.56,30,0,0,39.34
3755,4022,10358,183.77,30,50,0,33.08
3756,4022,10362,245.98,30,50,0,44.28
3757,4022,10363,433.76,0,20,0,78.08
3758,4026,10369,295.26,30,0,0,53.15
3759,4029,10376,320.56,0,20,0,57.7
3760,4030,10378,253.67,30,0,0,45.66
3761,4030,10379,316.14,30,0,0,56.91
3762,4030,10383,473.21,0,20,0,85.18
3763,4030,10384,295.04,30,0,1,53.11
3764,4034,10389,370.06,0,0,0,66.61
3765,4035,10394,455.61,0,0,0,82.01
3766,4037,10397,185.33,30,20,0,33.36
3767,4040,10405,277.69,30,0,0,49.98
3768,4040,10406,450.69,0,0,0,81.12
3769,4040,10407,227.61,30,50,0,40.97
3770,4040,10410,319.03,30,0,0,57.43
3771,4042,10414,401.04,0,50,0,72.19
3772,4043,10417,314.46,0,50,0,56.6
3773,4043,10419,214.27,30,0,0,38.57
3774,4043,10421,243.28,30,20,0,43.79
3775,4046,10425,277.34,30,0,0,49.92
3776,4046,10426,309.33,30,0,0,55.68
3777,4048,10433,189.42,30,0,0,34.1
3778,4048,10435,234.78,30,50,0,42.26
3779,4053,10444,454.4,0,0,0,81.79
3780,4054,10445,262.36,30,20,0,47.22
3781,4055,10452,290.43,0,50,0,52.28
3782,4057,10455,396.67,0,20,0,71.4
3783,4057,10456,297.38,30,20,0,53.53
3784,4062,10469,304.02,0,20,0,54.72
3785,4063,10471,299.94,0,0,0,53.99
3786,4064,10472,298.78,0,20,0,53.78
3787,4064,10473,300.98,0,0,0,54.18
3788,4065,10478,196.12,30,20,0,35.3
3789,4067,10481,181.39,30,50,0,32.65
3790,4068,10484,274.42,30,0,0,49.4
3791,4069,10486,295.44,30,0,0,53.18
3792,4069,10487,315.53,30,0,0,56.8
3793,4069,10488,320.12,0,20,0,57.62
3794,4070,10489,376.24,0,0,0,67.72
3795,4071,10491,284.73,30,0,0,51.25
3796,4072,10493,307.81,0,20,0,55.41
3797,4074,10496,267.32,30,50,0,48.12
3798,4074,10497,308.79,30,0,0,55.58
3799,4076,10503,319.43,0,0,0,57.5
3800,4079,10510,341.91,0,50,0,61.54
3801,4080,10513,383.09,0,20,0,68.96
3802,4082,10517,292.04,30,20,1,52.57
3803,4083,10522,300.19,30,0,0,54.03
3804,4083,10524,367.17,0,0,0,66.09
3805,4084,10526,260.07,0,50,0,46.81
3806,4088,10531,343.81,0,0,0,61.89
3807,4091,10536,427.36,0,0,0,76.92
3808,4092,10538,434.58,0,0,0,78.22
3809,4092,10541,263.07,30,0,0,47.35
3810,4093,10545,334.52,0,0,0,60.21
3811,4093,10546,259.48,30,50,0,46.71
3812,4094,10548,404.98,0,20,0,72.9
3813,4094,10552,334.53,0,0,0,60.22
3814,4095,10553,473.13,0,0,0,85.16
3815,4095,10554,142.49,30,50,0,25.65
3816,4095,10556,255.34,30,50,0,45.96
3817,4096,10558,383.99,0,0,0,69.12
3818,4096,10560,412.82,0,0,0,74.31
3819,4099,10563,439.74,0,0,0,79.15
3820,4100,10564,325.88,0,0,0,58.66
3821,4100,10565,234.57,30,50,0,42.22
3822,4101,10566,302.22,0,0,0,54.4
3823,4101,10570,337.4,0,50,0,60.73
3824,4104,10578,425.71,0,0,0,76.63
3825,4107,10581,218.06,30,50,0,39.25
3826,4107,10583,304.47,30,0,0,54.8
3827,4108,10586,233.29,30,50,0,41.99
3828,4108,10588,358.13,0,50,0,64.46
3829,4113,10594,332.1,0,0,0,59.78
3830,4113,10598,456.58,0,0,0,82.18
3831,4115,10600,279.11,0,20,0,50.24
3832,4116,10604,369.61,0,0,0,66.53
3833,4117,10606,287.89,30,0,0,51.82
3834,4118,10609,303.13,0,0,0,54.56
3835,4118,10611,242.67,30,0,0,43.68
3836,4119,10616,387.15,0,20,0,69.69
3837,4120,10617,332.66,0,20,0,59.88
3838,4121,10621,387.11,0,0,1,69.68
3839,4121,10623,217.5,30,50,0,39.15
3840,4125,10627,490.68,0,0,0,88.32
3841,4126,10628,456.7,0,0,0,82.21
3842,4127,10630,338.81,0,0,0,60.99
3843,4134,10641,254.06,30,0,0,45.73
3844,4135,10645,360.77,0,0,0,64.94
3845,4135,10646,239.35,30,20,0,43.08
3846,4135,10647,418.66,0,0,0,75.36
3847,4137,10651,163.26,30,50,0,29.39
3848,4138,10654,382.62,0,0,0,68.87
3849,4139,10656,409.71,0,0,0,73.75
3850,4142,10659,397.3,0,0,0,71.51
3851,4143,10661,432.17,0,0,0,77.79
3852,4148,10674,333.3,0,20,0,59.99
3853,4149,10675,259.03,30,20,0,46.63
3854,4149,10676,201.4,30,0,0,36.25
3855,4151,10683,289.94,0,50,0,52.19
3856,4151,10684,478.14,0,0,0,86.07
3857,4151,10685,319.45,0,20,1,57.5
3858,4154,10686,386.02,0,0,0,69.48
3859,4154,10687,198.03,30,20,0,35.65
3860,4155,10688,386.11,0,0,0,69.5
3861,4155,10689,391.52,0,20,0,70.47
3862,4155,10690,294.47,30,20,0,53.0
3863,4157,10693,264.14,30,0,0,47.55
3864,4157,10695,350.79,0,0,0,63.14
3865,4161,10705,404.99,0,20,0,72.9
3866,4162,10707,287.82,0,20,0,51.81
3867,4162,10708,325.54,30,0,0,58.6
3868,4163,10709,165.88,30,0,0,29.86
3869,4163,10710,404.53,0,20,0,72.82
3870,4163,10711,336.43,0,0,0,60.56
3871,4164,10716,303.16,0,20,0,54.57
3872,4165,10718,238.37,30,50,0,42.91
3873,4165,10719,263.67,30,20,0,47.46
3874,4165,10721,368.48,0,0,0,66.33
3875,4168,10727,473.14,0,0,0,85.17
3876,4168,10728,229.46,30,50,0,41.3
3877,4169,10729,413.71,0,20,0,74.47
3878,4169,10730,292.76,30,20,0,52.7
3879,4170,10731,201.76,30,50,0,36.32
3880,4170,10732,345.31,0,0,0,62.16
3881,4170,10733,236.66,30,0,0,42.6
3882,4171,10736,312.44,0,20,0,56.24
3883,4171,10737,396.92,0,0,1,71.45
3884,4172,10739,334.54,0,0,0,60.22
3885,4172,10740,323.59,0,0,0,58.25
3886,4172,10744,376.4,0,0,0,67.75
3887,4172,10745,373.43,0,20,0,67.22
3888,4173,10746,345.02,0,0,0,62.1
3889,4174,10751,327.57,0,20,0,58.96
3890,4175,10752,258.41,30,20,0,46.51
3891,4183,10764,351.13,0,20,0,63.2
3892,4187,10770,310.01,0,0,1,55.8
3893,4187,10771,493.25,0,20,0,88.78
3894,4187,10772,289.29,0,50,0,52.07
3895,4188,10773,248.57,30,0,0,44.74
3896,4189,10775,353.52,0,0,0,63.63
3897,4190,10777,310.94,0,0,0,55.97
3898,4190,10778,256.15,30,20,0,46.11
3899,4190,10779,238.74,30,0,0,42.97
3900,4191,10781,517.68,0,0,0,93.18
3901,4192,10783,459.18,0,20,0,82.65
3902,4193,10784,304.21,30,0,0,54.76
3903,4193,10785,214.39,30,50,0,38.59
3904,4193,10786,351.68,0,0,0,63.3
3905,4196,10789,344.85,0,0,0,62.07
3906,4197,10790,279.83,30,0,0,50.37
3907,4197,10791,204.83,30,0,0,36.87
3908,4198,10797,243.14,30,0,0,43.77
3909,4199,10800,439.42,0,0,0,79.1
3910,4199,10801,282.16,0,20,1,50.79
3911,4199,10802,294.38,0,20,0,52.99
3912,4200,10803,271.53,30,50,0,48.88
3913,4201,10806,255.31,30,50,0,45.96
3914,4202,10809,366.4,0,50,0,65.95
3915,4202,10810,295.19,0,20,0,53.13
3916,4205,10812,362.81,0,50,0,65.31
3917,4206,10814,359.63,0,20,0,64.73
3918,4207,10817,203.42,30,50,0,36.62
3919,4217,10831,194.38,30,20,0,34.99
3920,4221,10835,220.17,30,0,0,39.63
3921,4221,10836,328.89,0,50,0,59.2
3922,4221,10838,350.76,0,20,0,63.14
3923,4222,10845,311.57,30,0,0,56.08
3924,4224,10847,280.0,30,20,0,50.4
3925,4224,10849,402.14,0,0,0,72.39
3926,4225,10851,230.87,30,0,0,41.56
3927,4225,10853,412.05,0,0,0,74.17
3928,4227,10859,425.5,0,0,0,76.59
3929,4230,10864,283.44,30,0,0,51.02
3930,4231,10865,279.81,30,0,0,50.37
3931,4231,10867,462.83,0,50,0,83.31
3932,4231,10870,412.35,0,0,0,74.22
3933,4231,10871,414.21,0,0,0,74.56
3934,4236,10878,355.58,0,50,0,64.0
3935,4236,10879,293.04,0,50,0,52.75
3936,4237,10882,297.7,30,0,0,53.59
3937,4238,10883,324.82,0,50,0,58.47
3938,4238,10887,331.64,0,0,0,59.7
3939,4239,10889,346.57,0,0,0,62.38
3940,4239,10892,290.59,30,0,0,52.31
3941,4240,10895,521.21,0,0,0,93.82
3942,4243,10901,357.97,0,0,0,64.43
3943,4248,10911,271.83,30,20,0,48.93
3944,4248,10912,304.87,0,0,0,54.88
3945,4252,10918,260.8,30,20,0,46.94
3946,4252,10921,357.35,0,0,0,64.32
3947,4254,10926,268.8,30,50,0,48.38
3948,4254,10927,391.99,0,0,0,70.56
3949,4254,10928,382.68,0,0,0,68.88
3950,4254,10929,306.16,30,0,0,55.11
3951,4256,10936,325.24,0,50,0,58.54
3952,4257,10939,203.34,30,50,0,36.6
3953,4257,10940,314.78,0,0,0,56.66
3954,4257,10942,158.2,30,20,0,28.48
3955,4258,10944,242.04,30,0,0,43.57
3956,4258,10945,314.66,0,0,0,56.64
3957,4259,10946,394.71,0,0,0,71.05
3958,4259,10948,285.69,30,0,1,51.42
3959,4260,10949,290.09,30,0,0,52.22
3960,4260,10950,339.38,0,0,0,61.09
3961,4260,10953,287.38,30,0,0,51.73
3962,4260,10954,317.77,0,50,0,57.2
3963,4261,10956,189.45,30,20,0,34.1
3964,4262,10960,157.88,30,0,0,28.42
3965,4264,10967,264.13,30,0,0,47.54
3966,4265,10969,343.87,0,0,0,61.9
3967,4267,10971,299.18,30,0,0,53.85
3968,4269,10981,460.75,0,0,0,82.94
3969,4269,10987,474.17,0,0,0,85.35
3970,4269,10988,499.33,0,0,0,89.88
3971,4270,10989,361.1,0,20,0,65.0
3972,4270,10993,221.77,30,0,0,39.92
3973,4271,10997,108.44,30,20,0,19.52
3974,4273,11001,281.42,0,50,0,50.66
3975,4273,11003,258.27,30,20,0,46.49
3976,4278,11008,262.42,0,50,0,47.24
3977,4280,11012,261.09,30,20,0,47.0
3978,4281,11015,365.15,0,0,0,65.73
3979,4281,11018,322.05,0,0,0,57.97
3980,4282,11021,325.43,30,0,0,58.58
3981,4282,11022,344.03,0,0,0,61.93
3982,4283,11023,379.92,0,0,0,68.39
3983,4286,11031,433.64,0,0,0,78.06
3984,4287,11034,138.69,30,50,0,24.96
3985,4289,11037,314.24,30,0,0,56.56
3986,4291,11042,326.53,30,0,0,58.78
3987,4293,11043,412.08,0,0,0,74.17
3988,4293,11044,398.45,0,0,0,71.72
3989,4293,11046,265.2,30,50,0,47.74
3990,4293,11047,246.94,30,0,0,44.45
3991,4299,11057,347.26,0,0,0,62.51
3992,4300,11059,192.41,30,50,0,34.63
3993,4300,11060,542.6,0,0,0,97.67
3994,4300,11062,301.24,0,0,0,54.22
3995,4300,11063,264.14,30,0,0,47.55
3996,4302,11069,307.77,0,0,0,55.4
3997,4302,11070,175.65,30,0,0,31.62
3998,4302,11071,434.79,0,0,0,78.26
3999,4302,11076,417.9,0,50,0,75.22
4000,4303,11078,314.9,0,0,0,56.68
4001,4304,11079,241.94,30,50,0,43.55
4002,4307,11085,382.89,0,0,0,68.92
4003,4308,11086,421.32,0,0,0,75.84
4004,4308,11089,310.04,0,0,0,55.81
4005,4308,11090,206.48,30,50,0,37.17
4006,4309,11091,315.86,30,0,0,56.85
4007,4310,11093,402.8,0,0,0,72.5
4008,4310,11094,200.53,30,0,0,36.1
4009,4312,11100,288.57,0,20,0,51.94
4010,4313,11104,309.94,30,0,0,55.79
4011,4313,11105,299.13,30,0,0,53.84
4012,4314,11107,317.29,30,0,0,57.11
4013,4316,11112,354.83,0,0,0,63.87
4014,4317,11113,296.36,30,0,0,53.34
4015,4318,11116,256.16,30,0,0,46.11
4016,4319,11123,422.02,0,20,0,75.96
4017,4320,11125,401.52,0,50,0,72.27
4018,4320,11126,335.67,0,0,0,60.42
4019,4321,11130,345.26,0,20,0,62.15
4020,4321,11131,315.42,0,0,0,56.78
4021,4323,11135,294.1,30,0,0,52.94
4022,4324,11140,423.7,0,0,0,76.27
4023,4325,11141,264.82,30,0,0,47.67
4024,4326,11143,375.99,0,0,0,67.68
4025,4327,11146,441.66,0,0,0,79.5
4026,4328,11150,243.9,30,50,0,43.9
4027,4328,11151,278.06,0,50,0,50.05
4028,4328,11153,411.65,0,20,0,74.1
4029,4328,11155,524.36,0,0,0,94.38
4030,4330,11159,436.81,0,20,0,78.63
4031,4331,11162,318.77,30,0,0,57.38
4032,4333,11167,272.04,0,50,0,48.97
4033,4334,11170,320.64,0,0,0,57.72
4034,4335,11171,572.35,0,0,0,103.02
4035,4337,11173,248.72,30,0,0,44.77
4036,4339,11177,259.0,30,50,0,46.62
4037,4340,11181,243.78,30,0,0,43.88
4038,4342,11184,393.64,0,20,1,70.86
4039,4343,11187,356.17,0,0,0,64.11
4040,4346,11189,346.35,0,0,0,62.34
4041,4351,11199,460.85,0,0,0,82.95
4042,4352,11202,352.18,0,20,0,63.39
4043,4352,11203,223.9,30,50,0,40.3
4044,4353,11204,118.82,30,20,0,21.39
4045,4355,11213,353.77,0,20,0,63.68
4046,4355,11214,299.65,30,0,0,53.94
4047,4355,11215,296.46,0,20,0,53.36
4048,4356,11217,359.17,0,0,0,64.65
4049,4359,11227,327.49,0,50,0,58.95
4050,4360,11229,272.04,30,0,0,48.97
4051,4360,11230,108.05,30,50,0,19.45
4052,4361,11232,253.66,30,50,0,45.66
4053,4361,11233,274.46,30,0,0,49.4
4054,4366,11248,228.29,30,50,0,41.09
4055,4367,11250,325.01,30,0,0,58.5
4056,4368,11253,330.66,0,50,0,59.52
4057,4370,11257,268.16,30,50,0,48.27
4058,4370,11258,301.25,0,0,0,54.22
4059,4370,11259,421.58,0,0,0,75.88
4060,4370,11260,247.51,30,20,0,44.55
4061,4371,11263,337.39,0,50,0,60.73
4062,4371,11265,412.98,0,0,0,74.34
4063,4373,11270,399.44,0,20,0,71.9
4064,4376,11273,313.94,30,0,0,56.51
4065,4378,11274,325.94,30,0,0,58.67
4066,4378,11276,168.08,30,50,0,30.25
4067,4379,11280,314.79,30,0,0,56.66
4068,4380,11281,304.89,0,0,0,54.88
4069,4380,11282,290.87,30,20,0,52.36
4070,4380,11283,283.81,0,20,0,51.09
4071,4381,11284,396.38,0,0,0,71.35
4072,4381,11288,312.44,0,0,0,56.24
4073,4381,11289,175.98,30,50,0,31.68
4074,4382,11291,269.68,30,50,1,48.54
4075,4382,11292,422.39,0,0,0,76.03
4076,4383,11301,410.28,0,0,0,73.85
4077,4383,11303,283.37,0,20,0,51.01
4078,4384,11305,337.25,0,0,0,60.7
4079,4386,11310,310.42,0,0,0,55.88
4080,4391,11315,165.64,30,20,0,29.82
4081,4392,11317,243.52,30,20,0,43.83
4082,4397,11325,250.52,0,50,0,45.09
4083,4397,11327,358.64,0,0,0,64.56
4084,4397,11328,383.68,0,0,0,69.06
4085,4398,11330,238.63,30,50,0,42.95
4086,4398,11331,431.62,0,20,0,77.69
4087,4398,11332,249.85,30,0,0,44.97
4088,4398,11333,367.8,0,0,0,66.2
4089,4400,11338,177.39,30,0,0,31.93
4090,4400,11339,379.67,0,0,1,68.34
4091,4400,11340,324.39,30,0,0,58.39
4092,4401,11342,229.95,30,0,0,41.39
4093,4402,11343,319.73,0,50,0,57.55
4094,4402,11345,317.36,30,0,0,57.12
4095,4403,11346,207.93,30,50,0,37.43
4096,4404,11348,313.5,0,20,0,56.43
4097,4407,11350,364.22,0,20,0,65.56
4098,4408,11351,319.67,30,0,1,57.54
4099,4408,11352,325.38,30,0,0,58.57
4100,4408,11354,462.06,0,20,0,83.17
4101,4411,11361,288.74,30,0,0,51.97
4102,4412,11364,307.59,0,20,0,55.37
4103,4417,11370,566.4,0,50,0,101.95
4104,4418,11373,310.6,30,0,0,55.91
4105,4418,11374,310.23,0,0,0,55.84
4106,4421,11378,121.82,30,20,0,21.93
4107,4421,11381,361.27,0,50,0,65.03
4108,4422,11386,264.98,30,0,0,47.7
4109,4424,11392,234.42,30,0,0,42.2
4110,4426,11394,475.42,0,0,0,85.58
4111,4426,11396,374.36,0,20,0,67.38
4112,4429,11401,218.58,30,0,0,39.34
4113,4430,11406,435.18,0,0,0,78.33
4114,4431,11409,390.0,0,0,0,70.2
4115,4433,11414,433.22,0,0,0,77.98
4116,4433,11415,289.97,0,50,0,52.19
4117,4433,11416,267.06,30,0,0,48.07
4118,4434,11417,278.35,30,50,0,50.1
4119,4435,11421,237.57,30,0,0,42.76
4120,4435,11422,397.91,0,50,0,71.62
4121,4435,11423,316.43,0,0,0,56.96
4122,4436,11424,335.41,0,50,0,60.37
4123,4436,11425,505.6,0,0,0,91.01
4124,4436,11426,384.25,0,20,0,69.16
4125,4437,11428,235.33,30,20,0,42.36
4126,4437,11429,270.4,0,50,0,48.67
4127,4438,11431,203.96,30,50,0,36.71
4128,4438,11432,275.28,30,20,0,49.55
4129,4439,11433,282.8,30,0,0,50.9
4130,4442,11434,247.17,30,50,1,44.49
4131,4443,11436,349.09,0,0,0,62.84
4132,4443,11437,387.76,0,20,0,69.8
4133,4443,11438,320.86,0,50,0,57.75
4134,4444,11441,322.81,0,20,0,58.11
4135,4446,11446,274.0,30,20,0,49.32
4136,4446,11449,106.55,30,50,0,19.18
4137,4447,11451,364.96,0,0,0,65.69
4138,4449,11458,280.92,0,20,0,50.57
4139,4450,11461,316.05,0,0,0,56.89
4140,4450,11462,310.52,0,0,0,55.89
4141,4451,11468,492.94,0,20,0,88.73
4142,4453,11474,261.95,30,0,0,47.15
4143,4453,11477,294.04,30,0,1,52.93
4144,4454,11481,406.96,0,0,0,73.25
4145,4456,11483,270.3,30,0,0,48.65
4146,4456,11484,507.03,0,0,0,91.27
4147,4457,11486,347.94,0,0,0,62.63
4148,4458,11488,272.31,30,0,0,49.02
4149,4459,11492,486.93,0,0,0,87.65
4150,4461,11495,245.21,30,0,0,44.14
4151,4461,11496,211.86,30,50,0,38.13
4152,4462,11499,290.86,0,50,0,52.35
4153,4463,11505,321.02,0,0,0,57.78
4154,4465,11508,304.52,30,0,0,54.81
4155,4469,11517,216.67,30,0,0,39.0
4156,4471,11522,293.67,30,0,0,52.86
4157,4471,11523,256.09,30,0,0,46.1
4158,4472,11525,457.27,0,0,0,82.31
4159,4472,11526,308.74,0,0,0,55.57
4160,4473,11528,405.3,0,0,0,72.95
4161,4473,11530,428.46,0,0,0,77.12
4162,4473,11531,496.65,0,0,0,89.4
4163,4474,11534,319.85,30,0,0,57.57
4164,4475,11537,169.6,30,50,0,30.53
4165,4476,11542,261.87,30,50,0,47.14
4166,4477,11545,377.19,0,0,0,67.89
4167,4478,11546,310.83,30,0,0,55.95
4168,4479,11547,376.63,0,0,0,67.79
4169,4479,11548,366.36,0,0,0,65.94
4170,4479,11549,320.39,30,0,0,57.67
4171,4479,11551,242.05,30,0,0,43.57
4172,4479,11553,139.63,30,20,0,25.13
4173,4480,11555,325.45,0,0,0,58.58
4174,4481,11557,458.09,0,0,0,82.46
4175,4481,11558,319.61,30,0,0,57.53
4176,4481,11560,320.33,0,20,0,57.66
4177,4482,11561,315.17,30,0,0,56.73
4178,4484,11564,293.12,30,0,0,52.76
4179,4485,11569,270.41,30,0,0,48.67
4180,4486,11571,291.87,30,0,0,52.54
4181,4487,11575,287.07,0,50,0,51.67
4182,4488,11579,281.88,30,0,0,50.74
4183,4491,11583,392.37,0,20,0,70.63
4184,4492,11585,311.12,30,0,0,56.0
4185,4492,11588,267.94,30,50,0,48.23
4186,4494,11595,345.53,0,0,0,62.2
4187,4494,11598,473.12,0,20,0,85.16
4188,4496,11603,262.48,30,0,0,47.25
4189,4497,11605,445.82,0,20,0,80.25
4190,4498,11608,488.01,0,0,0,87.84
4191,4498,11609,256.8,0,50,0,46.22
4192,4499,11616,348.03,0,50,0,62.65
4193,4500,11617,307.69,30,20,0,55.38
4194,4500,11618,285.83,0,20,0,51.45
4195,4500,11620,231.4,30,0,0,41.65
4196,4502,11626,249.68,30,0,0,44.94
4197,4502,11627,433.27,0,0,0,77.99
4198,4502,11629,281.09,0,50,0,50.6
4199,4504,11630,428.01,0,20,0,77.04
4200,4504,11632,410.93,0,0,0,73.97
4201,4505,11635,344.24,0,0,0,61.96
4202,4506,11637,334.5,0,0,0,60.21
4203,4507,11638,348.4,0,0,0,62.71
4204,4509,11640,256.09,30,0,0,46.1
4205,4509,11644,280.16,0,20,0,50.43
4206,4510,11648,229.71,30,0,0,41.35
4207,4510,11649,196.51,30,0,0,35.37
4208,4511,11650,238.12,30,20,0,42.86
4209,4513,11657,265.86,30,0,0,47.85
4210,4515,11659,406.58,0,20,0,73.18
4211,4515,11660,323.87,0,0,0,58.3
4212,4515,11661,339.1,0,0,0,61.04
4213,4516,11663,141.82,30,0,0,25.53
4214,4518,11669,286.09,30,0,0,51.5
4215,4519,11673,299.36,30,0,1,53.88
4216,4524,11678,359.13,0,20,0,64.64
4217,4524,11680,363.61,0,20,0,65.45
4218,4524,11681,261.75,0,50,0,47.11
4219,4525,11685,316.42,30,0,0,56.96
4220,4526,11686,357.0,0,0,0,64.26
4221,4526,11689,401.21,0,50,1,72.22
4222,4531,11691,465.15,0,0,0,83.73
4223,4531,11696,467.64,0,0,0,84.18
4224,4532,11700,290.21,0,20,0,52.24
4225,4532,11701,281.39,30,0,0,50.65
4226,4533,11704,373.29,0,0,0,67.19
4227,4536,11714,375.49,0,0,0,67.59
4228,4536,11715,301.59,30,0,0,54.29
4229,4536,11716,449.91,0,0,0,80.98
4230,4538,11720,324.9,30,0,0,58.48
4231,4539,11723,341.43,0,50,0,61.46
4232,4539,11724,293.94,30,0,0,52.91
4233,4539,11725,257.01,30,50,0,46.26
4234,4540,11728,186.79,30,20,0,33.62
4235,4541,11730,398.08,0,20,0,71.65
4236,4541,11731,321.76,0,50,0,57.92
4237,4542,11734,314.39,0,50,0,56.59
4238,4542,11737,307.15,0,0,0,55.29
4239,4544,11739,229.18,30,0,0,41.25
4240,4545,11742,329.89,0,20,0,59.38
4241,4546,11745,407.77,0,0,0,73.4
4242,4547,11748,316.98,0,20,0,57.06
4243,4547,11751,412.33,0,0,0,74.22
4244,4548,11755,250.09,30,0,0,45.02
4245,4551,11761,283.34,30,0,0,51.0
4246,4553,11768,279.52,0,50,0,50.31
4247,4554,11769,322.86,0,20,0,58.11
4248,4556,11773,368.61,0,0,0,66.35
4249,4558,11776,315.14,30,0,0,56.73
4250,4558,11777,327.08,0,0,0,58.87
4251,4558,11778,253.18,30,0,0,45.57
4252,4559,11781,347.17,0,0,0,62.49
4253,4560,11784,322.87,30,0,0,58.12
4254,4561,11785,423.39,0,0,0,76.21
4255,4561,11790,221.32,30,20,0,39.84
4256,4562,11791,282.78,30,0,0,50.9
4257,4562,11792,126.86,30,0,0,22.83
4258,4563,11795,280.08,0,20,0,50.41
4259,4563,11797,130.54,30,50,0,23.5
4260,4565,11799,263.13,30,20,0,47.36
4261,4565,11800,332.87,0,20,0,59.92
4262,4565,11803,117.64,30,0,0,21.18
4263,4566,11807,271.51,30,0,0,48.87
4264,4568,11814,286.19,30,0,0,51.51
4265,4568,11816,383.64,0,0,0,69.06
4266,4569,11818,263.74,30,0,0,47.47
4267,4570,11822,277.93,30,50,1,50.03
4268,4572,11829,358.43,0,0,0,64.52
4269,4572,11832,225.79,30,50,0,40.64
4270,4573,11833,353.67,0,0,0,63.66
4271,4574,11836,239.15,30,50,0,43.05
4272,4574,11838,266.18,30,0,0,47.91
4273,4575,11842,288.62,0,50,0,51.95
4274,4577,11848,498.98,0,0,0,89.82
4275,4579,11852,117.46,30,0,0,21.14
4276,4579,11853,304.97,30,0,0,54.89
4277,4581,11857,186.82,30,50,0,33.63
4278,4582,11860,356.7,0,20,0,64.21
4279,4586,11867,320.9,0,0,0,57.76
4280,4586,11868,187.13,30,50,0,33.68
4281,4588,11869,348.09,0,20,0,62.66
4282,4591,11876,183.93,30,0,0,33.11
4283,4591,11877,257.28,30,50,0,46.31
4284,4594,11884,344.67,0,20,0,62.04
4285,4594,11886,265.61,30,0,0,47.81
4286,4594,11887,330.85,0,20,0,59.55
4287,4597,11890,313.47,30,0,0,56.42
4288,4597,11891,241.81,30,50,0,43.53
4289,4599,11896,305.5,0,50,0,54.99
4290,4600,11902,358.1,0,50,0,64.46
4291,4601,11903,313.13,0,0,0,56.36
4292,4602,11905,314.69,0,0,0,56.64
4293,4604,11911,306.72,30,20,0,55.21
4294,4605,11914,401.64,0,0,0,72.3
4295,4605,11915,194.84,30,50,0,35.07
4296,4606,11918,361.36,0,50,0,65.04
4297,4608,11922,173.62,30,0,0,31.25
4298,4609,11924,311.39,0,20,0,56.05
4299,4611,11929,328.86,0,0,0,59.19
4300,4613,11932,271.54,30,50,0,48.88
4301,4615,11938,319.69,30,0,0,57.54
4302,4615,11939,295.01,30,0,0,53.1
4303,4618,11947,251.47,30,50,0,45.26
4304,4618,11949,408.78,0,20,0,73.58
4305,4619,11950,353.32,0,20,0,63.6
4306,4620,11952,386.53,0,50,0,69.58
4307,4622,11959,303.58,0,0,0,54.64
4308,4622,11960,360.55,0,0,1,64.9
4309,4622,11961,178.67,30,0,0,32.16
4310,4622,11965,264.84,30,0,0,47.67
4311,4623,11967,261.67,30,0,0,47.1
4312,4623,11968,324.78,30,0,0,58.46
4313,4623,11969,201.06,30,0,0,36.19
4314,4623,11970,326.99,0,0,0,58.86
4315,4628,11979,332.99,0,0,0,59.94
4316,4632,11985,285.14,30,0,0,51.33
4317,4633,11988,89.12,30,0,0,16.04
4318,4633,11989,281.87,0,50,0,50.74
4319,4634,11991,301.73,0,0,0,54.31
4320,4634,11992,256.38,30,0,0,46.15
4321,4636,11994,448.23,0,0,0,80.68
4322,4636,11996,357.24,0,50,0,64.3
4323,4636,11998,357.35,0,0,0,64.32
4324,4639,12007,255.06,30,50,0,45.91
4325,4641,12010,315.2,30,0,0,56.74
4326,4641,12012,352.74,0,50,0,63.49
4327,4644,12016,516.71,0,0,0,93.01
4328,4646,12018,274.46,30,50,0,49.4
4329,4646,12019,300.85,30,0,0,54.15
4330,4647,12020,322.0,0,50,0,57.96
4331,4648,12021,329.69,0,0,1,59.34
4332,4652,12027,407.11,0,20,0,73.28
4333,4654,12029,261.49,30,50,0,47.07
4334,4654,12034,328.8,30,0,0,59.18
4335,4655,12035,297.76,30,0,0,53.6
4336,4655,12036,241.5,30,0,0,43.47
4337,4658,12040,445.47,0,0,0,80.18
4338,4659,12045,306.42,0,50,0,55.16
4339,4659,12047,476.06,0,0,0,85.69
4340,4660,12048,311.81,0,0,1,56.13
4341,4660,12051,282.82,30,0,0,50.91
4342,4660,12054,303.5,0,0,0,54.63
4343,4661,12056,435.06,0,0,0,78.31
4344,4661,12057,321.89,0,0,0,57.94
4345,4662,12058,300.34,0,0,0,54.06
4346,4663,12061,458.33,0,20,0,82.5
4347,4663,12065,312.25,30,0,0,56.2
4348,4665,12067,365.11,0,0,0,65.72
4349,4665,12068,316.51,0,0,0,56.97
4350,4665,12069,387.61,0,0,0,69.77
4351,4666,12071,392.63,0,0,0,70.67
4352,4667,12073,366.88,0,50,0,66.04
4353,4668,12076,358.47,0,0,0,64.52
4354,4668,12077,374.1,0,20,0,67.34
4355,4669,12079,124.58,30,50,0,22.42
4356,4672,12086,339.71,0,50,0,61.15
4357,4672,12088,388.81,0,50,0,69.99
4358,4673,12092,327.55,0,20,0,58.96
4359,4673,12093,322.29,0,0,0,58.01
4360,4676,12095,319.22,0,50,0,57.46
4361,4676,12096,284.1,30,0,0,51.14
4362,4678,12099,278.17,30,0,0,50.07
4363,4678,12104,280.77,30,0,0,50.54
4364,4680,12106,300.65,30,0,0,54.12
4365,4682,12111,389.05,0,0,0,70.03
4366,4682,12112,421.9,0,0,0,75.94
4367,4683,12114,395.4,0,0,0,71.17
4368,4683,12117,220.59,30,50,0,39.71
4369,4683,12120,401.85,0,20,0,72.33
4370,4684,12122,152.27,30,50,0,27.41
4371,4684,12123,391.24,0,0,0,70.42
4372,4687,12133,390.89,0,0,0,70.36
4373,4688,12134,382.18,0,0,0,68.79
4374,4690,12141,360.31,0,0,0,64.86
4375,4692,12145,314.44,0,0,0,56.6
4376,4693,12149,246.05,30,0,0,44.29
4377,4693,12150,362.13,0,0,0,65.18
4378,4693,12152,427.45,0,0,0,76.94
4379,4695,12153,374.49,0,20,0,67.41
4380,4696,12159,337.85,0,20,0,60.81
4381,4697,12163,328.61,0,0,0,59.15
4382,4699,12164,305.24,30,20,0,54.94
4383,4699,12165,301.69,0,50,0,54.3
4384,4699,12166,152.37,30,50,0,27.43
4385,4700,12167,316.27,0,20,0,56.93
4386,4704,12172,259.09,30,20,0,46.64
4387,4705,12177,281.75,30,0,0,50.72
4388,4707,12181,292.97,0,50,0,52.73
4389,4708,12184,283.35,0,20,0,51.0
4390,4708,12185,415.59,0,0,0,74.81
4391,4710,12188,286.47,0,50,0,51.56
4392,4710,12190,326.94,0,0,0,58.85
4393,4710,12191,355.0,0,0,0,63.9
4394,4711,12194,274.12,0,50,0,49.34
4395,4713,12201,303.71,0,20,0,54.67
4396,4714,12202,124.4,30,0,0,22.39
4397,4714,12204,462.82,0,0,0,83.31
4398,4714,12206,402.82,0,0,0,72.51
4399,4715,12207,379.86,0,20,0,68.37
4400,4715,12209,393.97,0,0,0,70.91
4401,4722,12216,302.02,30,20,0,54.36
4402,4726,12228,231.2,30,20,0,41.62
4403,4726,12229,325.95,30,0,0,58.67
4404,4730,12240,295.65,30,0,0,53.22
4405,4733,12244,590.23,0,0,1,106.24
4406,4735,12251,186.74,30,0,0,33.61
4407,4735,12252,334.5,0,50,0,60.21
4408,4736,12254,198.23,30,50,0,35.68
4409,4737,12255,508.57,0,0,0,91.54
4410,4738,12256,236.17,30,50,0,42.51
4411,4743,12266,452.52,0,50,0,81.45
4412,4743,12270,408.76,0,0,0,73.58
4413,4743,12271,196.7,30,0,0,35.41
4414,4745,12274,363.37,0,50,0,65.41
4415,4745,12275,268.8,30,20,0,48.38
4416,4745,12276,499.8,0,50,0,89.96
4417,4747,12279,374.43,0,0,0,67.4
4418,4747,12280,199.34,30,50,0,35.88
4419,4748,12282,306.41,0,0,0,55.15
4420,4748,12283,274.71,30,50,0,49.45
4421,4748,12284,309.7,0,0,0,55.75
4422,4749,12287,50.0,30,50,0,9.0
4423,4749,12288,533.17,0,0,0,95.97
4424,4751,12289,282.02,30,0,0,50.76
4425,4752,12291,241.35,30,20,0,43.44
4426,4752,12292,308.65,30,0,0,55.56
4427,4753,12294,353.89,0,0,1,63.7
4428,4753,12295,203.27,30,50,0,36.59
4429,4755,12301,319.25,30,0,0,57.46
4430,4756,12304,199.51,30,0,0,35.91
4431,4757,12305,426.81,0,50,0,76.83
4432,4759,12307,302.82,0,0,0,54.51
4433,4761,12316,149.96,30,50,0,26.99
4434,4765,12324,277.78,30,0,0,50.0
4435,4766,12326,414.12,0,20,0,74.54
4436,4766,12327,336.32,0,0,0,60.54
4437,4767,12331,451.64,0,0,0,81.3
4438,4769,12338,324.22,0,0,0,58.36
4439,4770,12342,243.56,30,50,0,43.84
4440,4772,12347,281.49,30,20,0,50.67
4441,4772,12348,286.01,30,0,0,51.48
4442,4774,12352,356.78,0,0,0,64.22
4443,4775,12353,241.45,30,20,0,43.46
4444,4775,12354,175.8,30,50,0,31.64
4445,4775,12355,332.25,0,0,0,59.8
4446,4777,12364,400.1,0,50,0,72.02
4447,4779,12370,180.23,30,50,0,32.44
4448,4779,12371,492.03,0,0,0,88.57
4449,4779,12372,324.31,0,20,0,58.38
4450,4779,12373,144.88,30,50,0,26.08
4451,4780,12375,205.17,30,0,0,36.93
4452,4782,12381,400.85,0,50,0,72.15
4453,4784,12384,276.04,30,20,0,49.69
4454,4786,12387,436.91,0,0,0,78.64
4455,4786,12388,337.06,0,0,0,60.67
4456,4787,12390,298.39,30,20,0,53.71
4457,4789,12391,347.81,0,50,0,62.61
4458,4791,12392,466.68,0,0,0,84.0
4459,4793,12393,224.04,30,50,0,40.33
4460,4794,12400,183.31,30,50,0,33.0
4461,4794,12401,331.73,0,0,0,59.71
4462,4795,12402,308.67,0,0,0,55.56
4463,4798,12409,259.08,30,0,0,46.63
4464,4798,12410,339.68,0,0,0,61.14
4465,4801,12413,342.17,0,20,0,61.59
4466,4801,12415,312.31,0,50,0,56.22
4467,4803,12417,357.81,0,50,0,64.41
4468,4804,12420,253.61,30,50,0,45.65
4469,4804,12421,240.04,30,0,0,43.21
4470,4804,12424,424.31,0,0,1,76.38
4471,4805,12427,284.81,0,20,0,51.27
4472,4807,12430,371.76,0,0,0,66.92
4473,4808,12434,237.49,30,50,0,42.75
4474,4809,12435,444.48,0,0,0,80.01
4475,4809,12437,345.23,0,50,0,62.14
4476,4811,12442,349.36,0,0,0,62.88
4477,4813,12445,342.86,0,20,0,61.71
4478,4814,12446,216.56,30,20,0,38.98
4479,4815,12447,229.09,30,50,0,41.24
4480,4815,12449,396.02,0,0,0,71.28
4481,4815,12450,361.47,0,50,0,65.06
4482,4816,12453,429.58,0,50,0,77.32
4483,4817,12456,393.26,0,0,0,70.79
4484,4818,12457,286.04,0,20,0,51.49
4485,4818,12458,335.91,0,20,0,60.46
4486,4818,12459,296.17,0,20,0,53.31
4487,4820,12461,266.11,30,50,0,47.9
4488,4823,12463,263.5,30,20,0,47.43
4489,4823,12465,331.02,0,0,0,59.58
4490,4824,12468,326.29,0,0,0,58.73
4491,4824,12469,260.95,30,20,0,46.97
4492,4824,12470,343.6,0,20,0,61.85
4493,4827,12474,296.92,30,20,0,53.45
4494,4828,12476,433.71,0,0,0,78.07
4495,4828,12480,290.34,30,0,0,52.26
4496,4832,12486,308.24,30,20,0,55.48
4497,4832,12487,244.28,30,0,0,43.97
4498,4832,12489,275.29,30,0,0,49.55
4499,4835,12493,425.42,0,0,0,76.58
4500,4835,12494,315.83,30,0,0,56.85
4501,4838,12499,299.4,0,0,0,53.89
4502,4838,12500,313.11,0,50,0,56.36
4503,4839,12501,311.83,30,0,0,56.13
4504,4839,12502,496.08,0,0,0,89.29
4505,4840,12503,319.22,0,0,0,57.46
4506,4842,12505,334.48,0,0,0,60.21
4507,4845,12517,332.69,0,50,0,59.88
4508,4846,12519,407.2,0,0,1,73.3
4509,4846,12522,360.34,0,50,0,64.86
4510,4847,12524,305.39,0,0,0,54.97
4511,4848,12527,234.49,30,0,0,42.21
4512,4849,12529,217.27,30,0,0,39.11
4513,4849,12530,286.26,30,0,0,51.53
4514,4849,12531,144.3,30,50,0,25.97
4515,4849,12532,355.7,0,0,0,64.03
4516,4850,12534,354.39,0,0,0,63.79
4517,4852,12537,409.86,0,0,0,73.77
4518,4852,12539,273.21,30,0,0,49.18
4519,4855,12543,416.04,0,50,0,74.89
4520,4855,12544,246.84,30,0,0,44.43
4521,4857,12550,373.48,0,0,0,67.23
4522,4857,12551,296.27,30,0,1,53.33
4523,4860,12554,305.64,0,0,0,55.02
4524,4861,12556,181.56,30,20,0,32.68
4525,4861,12558,287.66,30,20,0,51.78
4526,4861,12559,300.61,0,0,0,54.11
4527,4861,12561,375.62,0,0,0,67.61
4528,4863,12564,385.15,0,20,0,69.33
4529,4865,12566,352.37,0,50,0,63.43
4530,4866,12568,298.47,30,0,0,53.72
4531,4866,12569,248.69,30,0,0,44.76
4532,4867,12570,237.34,30,0,0,42.72
4533,4868,12573,317.91,0,0,0,57.22
4534,4868,12574,408.19,0,0,0,73.47
4535,4868,12576,339.51,0,0,0,61.11
4536,4868,12579,249.59,30,0,0,44.93
4537,4870,12583,227.81,30,20,0,41.01
4538,4871,12587,282.33,30,0,0,50.82
4539,4873,12590,304.62,0,0,0,54.83
4540,4874,12592,348.84,0,0,0,62.79
4541,4875,12594,348.12,0,0,0,62.66
4542,4875,12595,276.26,0,50,0,49.73
4543,4875,12596,356.2,0,0,0,64.12
4544,4879,12602,388.78,0,0,0,69.98
4545,4879,12603,317.25,0,0,0,57.1
4546,4884,12613,369.67,0,20,0,66.54
4547,4886,12618,337.03,0,0,1,60.67
4548,4887,12619,308.69,0,0,0,55.56
4549,4887,12621,499.44,0,0,0,89.9
4550,4888,12623,353.78,0,0,0,63.68
4551,4890,12625,263.3,30,50,0,47.39
4552,4890,12627,181.45,30,0,0,32.66
4553,4891,12628,299.9,30,0,0,53.98
4554,4891,12629,365.25,0,0,1,65.74
4555,4891,12630,287.83,0,50,0,51.81
4556,4892,12634,276.39,30,0,0,49.75
4557,4893,12636,316.21,0,20,0,56.92
4558,4893,12637,270.3,30,50,1,48.65
4559,4894,12640,299.62,0,50,0,53.93
4560,4896,12642,419.2,0,50,0,75.46
4561,4896,12643,301.75,0,0,0,54.32
4562,4898,12646,317.97,30,0,0,57.23
4563,4901,12650,294.51,0,50,0,53.01
4564,4903,12652,370.76,0,50,0,66.74
4565,4903,12656,221.77,30,0,0,39.92
4566,4904,12660,361.03,0,0,0,64.99
4567,4904,12664,171.23,30,20,0,30.82
4568,4906,12668,425.68,0,0,0,76.62
4569,4907,12669,361.31,0,0,0,65.04
4570,4907,12673,404.96,0,0,0,72.89
4571,4907,12674,471.75,0,0,0,84.92
4572,4908,12679,298.69,0,20,1,53.76
4573,4909,12682,284.65,0,20,0,51.24
4574,4909,12683,253.74,0,50,0,45.67
4575,4910,12685,475.86,0,0,0,85.65
4576,4910,12687,204.29,30,0,0,36.77
4577,4911,12690,428.34,0,0,0,77.1
4578,4911,12691,319.76,0,0,0,57.56
4579,4911,12692,306.59,0,0,0,55.19
4580,4912,12693,575.5,0,20,0,103.59
4581,4913,12694,279.74,0,50,0,50.35
4582,4913,12695,306.35,0,0,0,55.14
4583,4913,12696,163.87,30,50,0,29.5
4584,4913,12697,335.73,0,0,0,60.43
4585,4915,12703,324.71,30,0,0,58.45
4586,4916,12706,308.28,0,20,0,55.49
4587,4916,12708,230.62,30,50,0,41.51
4588,4916,12709,328.06,30,0,0,59.05
4589,4916,12710,212.23,30,0,0,38.2
4590,4916,12711,159.24,30,0,0,28.66
4591,4917,12712,325.37,30,0,0,58.57
4592,4918,12714,346.49,0,20,0,62.37
4593,4921,12719,83.66,30,50,0,15.06
4594,4922,12721,326.54,0,0,0,58.78
4595,4922,12724,484.89,0,20,0,87.28
4596,4923,12725,415.48,0,0,0,74.79
4597,4923,12726,250.09,30,50,0,45.02
4598,4923,12727,176.49,30,0,0,31.77
4599,4923,12728,293.72,30,0,0,52.87
4600,4924,12730,492.85,0,0,0,88.71
4601,4925,12736,425.88,0,20,0,76.66
4602,4925,12737,286.28,30,0,0,51.53
4603,4925,12738,355.61,0,0,0,64.01
4604,4925,12739,285.66,0,50,0,51.42
4605,4926,12742,254.59,30,50,0,45.83
4606,4927,12743,502.05,0,0,0,90.37
4607,4928,12745,393.08,0,0,0,70.75
4608,4928,12746,297.91,0,20,0,53.62
4609,4929,12748,238.93,30,20,0,43.01
4610,4929,12749,313.94,0,0,0,56.51
4611,4930,12753,295.94,30,20,0,53.27
4612,4937,12759,251.68,30,20,0,45.3
4613,4939,12768,404.79,0,0,0,72.86
4614,4940,12769,303.87,0,0,0,54.7
4615,4940,12771,409.19,0,0,0,73.65
4616,4940,12773,268.0,30,50,0,48.24
4617,4941,12775,398.42,0,20,0,71.72
4618,4943,12779,194.76,30,0,0,35.06
4619,4944,12783,304.23,0,50,0,54.76
4620,4946,12785,295.0,30,0,0,53.1
4621,4948,12788,399.2,0,0,0,71.86
4622,4951,12797,386.37,0,0,0,69.55
4623,4952,12805,369.01,0,0,0,66.42
4624,4952,12806,321.38,0,20,0,57.85
4625,4953,12807,443.83,0,0,0,79.89
4626,4958,12815,318.04,0,0,0,57.25
4627,4959,12816,319.61,0,0,0,57.53
4628,4960,12820,267.6,30,0,0,48.17
4629,4960,12821,361.51,0,0,0,65.07
4630,4962,12825,292.09,30,20,0,52.58
4631,4962,12826,281.73,30,0,0,50.71
4632,4962,12827,375.3,0,0,0,67.55
4633,4964,12833,218.77,30,50,0,39.38
4634,4964,12834,506.81,0,50,0,91.23
4635,4965,12838,254.29,30,20,0,45.77
4636,4969,12842,301.21,0,0,0,54.22
4637,4969,12844,297.77,30,20,0,53.6
4638,4973,12850,416.92,0,0,0,75.05
4639,4974,12853,182.06,30,20,0,32.77
4640,4975,12856,261.86,30,50,0,47.13
4641,4975,12858,312.82,0,0,0,56.31
4642,4979,12866,462.25,0,0,0,83.2
4643,4979,12867,289.73,30,0,0,52.15
4644,4982,12870,300.77,0,0,0,54.14
4645,4983,12874,357.97,0,0,0,64.43
4646,4983,12876,443.28,0,0,0,79.79
4647,4983,12877,390.75,0,0,0,70.33
4648,4988,12882,455.97,0,0,0,82.07
4649,4990,12886,260.39,0,50,0,46.87
4650,4991,12889,421.07,0,0,0,75.79
4651,4991,12890,355.63,0,0,0,64.01
4652,4992,12894,403.27,0,0,0,72.59
4653,4993,12896,283.87,30,0,0,51.1
4654,4994,12898,327.41,30,0,0,58.93
4655,4994,12900,349.99,0,0,0,63.0
4656,4995,12902,485.35,0,0,0,87.36
4657,4995,12904,372.48,0,50,0,67.05
4658,4996,12908,262.05,30,20,0,47.17
4659,4997,12910,218.98,30,0,0,39.42
4660,4997,12912,260.96,30,50,0,46.97
4661,4998,12913,289.05,0,50,0,52.03
4662,4998,12914,294.59,30,0,0,53.03
4663,4998,12915,162.15,30,20,0,29.19
4664,4999,12917,204.18,30,0,0,36.75
4665,4999,12919,320.51,0,50,0,57.69
4666,5000,12921,308.98,0,0,0,55.62
4667,5000,12922,312.03,30,0,0,56.17
4668,5001,12924,256.57,0,50,0,46.18
4669,5002,12925,236.79,30,50,0,42.62
4670,5002,12926,218.92,30,0,1,39.41
4671,5002,12927,425.73,0,0,0,76.63
4672,5004,12934,304.57,0,0,0,54.82
4673,5004,12938,318.54,30,0,0,57.34
4674,5005,12942,356.41,0,50,0,64.15
4675,5005,12943,171.37,30,50,0,30.85
4676,5005,12944,317.96,30,0,0,57.23
4677,5006,12947,321.42,0,20,0,57.86
4678,5006,12948,414.55,0,50,0,74.62
4679,5006,12949,340.53,0,0,0,61.3
4680,5006,12950,266.95,0,50,0,48.05
4681,5008,12952,192.96,30,0,0,34.73
4682,5009,12954,251.53,30,50,0,45.28
4683,5011,12957,333.75,0,0,0,60.08
4684,5015,12960,377.64,0,0,0,67.98
4685,5015,12961,292.91,30,20,0,52.72
4686,5016,12963,254.63,0,50,0,45.83
4687,5016,12964,379.99,0,0,0,68.4
4688,5017,12965,431.74,0,50,0,77.71
4689,5017,12967,197.31,30,50,0,35.52
4690,5017,12968,351.27,0,0,0,63.23
4691,5019,12969,364.24,0,0,0,65.56
4692,5019,12970,282.0,0,50,0,50.76
4693,5020,12971,325.8,0,0,0,58.64
4694,5022,12974,224.85,30,0,1,40.47
4695,5022,12975,368.24,0,0,0,66.28
4696,5023,12978,359.49,0,50,0,64.71
4697,5024,12980,303.49,0,0,0,54.63
4698,5026,12981,247.08,30,0,0,44.47
4699,5026,12982,448.02,0,0,0,80.64
4700,5026,12983,474.29,0,0,0,85.37
4701,5027,12992,354.44,0,0,0,63.8
4702,5028,12994,311.95,0,0,0,56.15
4703,5028,12995,322.74,0,0,0,58.09
4704,5029,12996,306.78,0,0,0,55.22
4705,5029,13002,310.12,0,0,0,55.82
4706,5029,13003,444.51,0,0,0,80.01
4707,5029,13004,157.67,30,50,0,28.38
4708,5031,13005,239.05,30,50,0,43.03
4709,5033,13006,282.68,30,0,0,50.88
4710,5034,13012,247.76,30,50,0,44.6
4711,5036,13015,260.09,30,0,0,46.82
4712,5039,13018,309.65,0,50,0,55.74
4713,5039,13019,438.18,0,0,0,78.87
4714,5039,13020,288.45,30,0,0,51.92
4715,5039,13021,303.7,0,0,0,54.67
4716,5040,13022,281.33,30,20,0,50.64
4717,5040,13025,315.48,0,0,0,56.79
4718,5041,13027,342.07,0,0,0,61.57
4719,5041,13029,272.99,30,50,0,49.14
4720,5042,13033,337.19,0,0,0,60.69
4721,5042,13034,446.96,0,0,0,80.45
4722,5042,13035,373.57,0,0,0,67.24
4723,5042,13036,259.57,0,50,0,46.72
4724,5043,13038,466.98,0,0,0,84.06
4725,5043,13039,277.47,0,50,0,49.94
4726,5043,13041,280.75,0,50,0,50.54
4727,5044,13042,321.04,0,0,0,57.79
4728,5046,13044,318.98,30,0,0,57.42
4729,5047,13046,312.29,0,20,0,56.21
4730,5047,13048,293.5,0,50,0,52.83
4731,5049,13051,402.31,0,50,0,72.42
4732,5049,13054,377.87,0,50,0,68.02
4733,5050,13056,321.56,0,20,1,57.88
4734,5050,13057,342.12,0,0,0,61.58
4735,5051,13059,415.71,0,0,0,74.83
4736,5056,13063,285.18,30,0,0,51.33
4737,5057,13064,359.2,0,0,0,64.66
4738,5058,13069,291.24,30,0,0,52.42
4739,5060,13071,248.51,30,0,0,44.73
4740,5062,13074,426.31,0,20,0,76.74
4741,5062,13078,363.89,0,0,0,65.5
4742,5062,13081,352.89,0,0,0,63.52
4743,5063,13086,237.54,30,0,0,42.76
4744,5064,13087,361.46,0,0,0,65.06
4745,5065,13093,364.27,0,0,0,65.57
4746,5065,13094,282.56,30,20,0,50.86
4747,5065,13095,318.61,0,20,0,57.35
4748,5066,13098,381.65,0,20,0,68.7
4749,5067,13102,303.19,30,0,0,54.57
4750,5068,13103,358.78,0,0,0,64.58
4751,5069,13104,372.73,0,20,0,67.09
4752,5070,13107,388.67,0,50,0,69.96
4753,5072,13109,350.04,0,0,0,63.01
4754,5073,13116,259.03,0,50,0,46.63
4755,5073,13118,303.55,0,50,0,54.64
4756,5077,13126,331.82,0,0,0,59.73
4757,5078,13127,300.41,30,0,0,54.07
4758,5082,13133,262.39,0,50,0,47.23
4759,5085,13137,269.79,30,50,0,48.56
4760,5089,13139,338.59,0,0,0,60.95
4761,5091,13142,425.85,0,20,0,76.65
4762,5091,13143,258.89,30,0,0,46.6
4763,5093,13149,418.31,0,0,0,75.3
4764,5093,13150,394.38,0,20,0,70.99
4765,5093,13153,355.85,0,0,0,64.05
4766,5094,13154,320.04,0,0,0,57.61
4767,5094,13155,329.08,0,0,0,59.23
4768,5095,13160,395.31,0,0,0,71.16
4769,5095,13161,346.59,0,0,0,62.39
4770,5098,13168,247.35,30,20,0,44.52
4771,5099,13170,314.13,0,0,0,56.54
4772,5100,13174,329.81,0,20,0,59.37
4773,5102,13176,275.39,30,50,0,49.57
4774,5105,13181,321.63,30,0,0,57.89
4775,5107,13184,303.83,0,20,0,54.69
4776,5107,13189,256.55,30,50,0,46.18
4777,5108,13191,188.76,30,50,0,33.98
4778,5109,13193,478.24,0,0,0,86.08
4779,5110,13194,299.4,0,0,0,53.89
4780,5110,13195,354.28,0,50,0,63.77
4781,5111,13196,296.95,0,20,0,53.45
4782,5111,13197,382.28,0,0,0,68.81
4783,5113,13199,314.74,0,20,0,56.65
4784,5114,13203,400.19,0,50,0,72.03
4785,5118,13213,141.45,30,50,0,25.46
4786,5123,13226,342.22,0,0,0,61.6
4787,5126,13231,287.18,30,0,0,51.69
4788,5126,13232,304.44,30,20,0,54.8
4789,5127,13234,321.15,0,0,0,57.81
4790,5127,13235,268.28,30,0,0,48.29
4791,5128,13237,298.0,0,50,0,53.64
4792,5131,13244,326.11,0,0,0,58.7
4793,5132,13245,356.39,0,0,0,64.15
4794,5132,13247,374.91,0,0,0,67.48
4795,5135,13251,326.11,0,20,0,58.7
4796,5136,13254,417.55,0,0,0,75.16
4797,5137,13256,348.23,0,50,0,62.68
4798,5138,13257,372.79,0,0,0,67.1
4799,5138,13258,328.99,30,0,0,59.22
4800,5139,13259,175.04,30,20,0,31.51
4801,5139,13260,424.89,0,0,0,76.48
4802,5146,13277,191.56,30,20,0,34.48
4803,5147,13281,425.82,0,50,0,76.65
4804,5152,13291,296.43,30,20,0,53.36
4805,5153,13294,337.18,0,20,0,60.69
4806,5157,13303,310.82,0,0,0,55.95
4807,5161,13306,294.77,30,20,0,53.06
4808,5163,13308,247.3,30,0,0,44.51
4809,5166,13314,325.76,30,0,0,58.64
4810,5166,13315,333.87,0,0,0,60.1
4811,5167,13316,294.76,0,50,0,53.06
4812,5169,13323,167.7,30,0,0,30.19
4813,5169,13324,234.22,30,0,0,42.16
4814,5170,13325,213.26,30,0,0,38.39
4815,5170,13328,390.26,0,0,0,70.25
4816,5172,13333,410.86,0,0,0,73.95
4817,5174,13339,274.7,30,0,0,49.45
4818,5174,13340,263.01,0,50,0,47.34
4819,5175,13343,364.64,0,20,0,65.64
4820,5181,13350,294.66,30,0,0,53.04
4821,5182,13353,361.61,0,20,0,65.09
4822,5182,13356,251.29,0,50,0,45.23
4823,5182,13357,416.68,0,0,0,75.0
4824,5184,13361,319.38,0,20,0,57.49
4825,5184,13363,459.87,0,50,0,82.78
4826,5187,13373,213.84,30,50,0,38.49
4827,5187,13377,307.56,0,0,0,55.36
4828,5188,13381,379.29,0,0,0,68.27
4829,5189,13383,266.94,0,50,0,48.05
4830,5190,13387,265.28,30,0,0,47.75
4831,5191,13391,313.05,0,20,0,56.35
4832,5191,13393,284.06,30,0,0,51.13
4833,5192,13395,226.19,30,50,0,40.71
4834,5192,13396,372.23,0,0,0,67.0
4835,5195,13401,355.14,0,0,0,63.93
4836,5195,13403,326.62,0,0,0,58.79
4837,5196,13404,249.52,0,50,0,44.91
4838,5197,13410,253.0,30,0,0,45.54
4839,5197,13412,457.08,0,0,0,82.27
4840,5198,13415,166.47,30,50,0,29.96
4841,5199,13418,322.89,30,0,0,58.12
4842,5200,13421,327.0,0,0,0,58.86
4843,5201,13422,280.74,0,20,0,50.53
4844,5202,13423,353.29,0,0,0,63.59
4845,5204,13426,287.9,30,0,0,51.82
4846,5206,13429,327.85,30,0,0,59.01
4847,5206,13432,324.97,0,0,0,58.49
4848,5209,13437,465.02,0,0,0,83.7
4849,5212,13441,263.07,30,0,0,47.35
4850,5214,13443,328.51,0,0,0,59.13
4851,5214,13444,326.62,0,50,0,58.79
4852,5215,13446,272.58,30,0,0,49.06
4853,5215,13448,406.53,0,0,0,73.18
4854,5217,13453,314.4,30,0,0,56.59
4855,5219,13457,380.18,0,0,0,68.43
4856,5219,13458,363.7,0,50,1,65.47
4857,5220,13461,188.64,30,20,0,33.96
4858,5220,13462,218.35,30,0,0,39.3
4859,5222,13466,252.39,30,0,0,45.43
4860,5225,13472,310.05,0,0,0,55.81
4861,5225,13474,451.02,0,0,0,81.18
4862,5226,13475,241.44,30,0,0,43.46
4863,5228,13480,423.49,0,0,0,76.23
4864,5228,13482,340.56,0,0,0,61.3
4865,5229,13487,402.6,0,0,0,72.47
4866,5230,13488,432.78,0,20,0,77.9
4867,5230,13493,313.42,30,0,0,56.42
4868,5232,13497,333.26,0,20,0,59.99
4869,5234,13502,319.88,30,0,0,57.58
4870,5234,13505,341.02,0,50,0,61.38
4871,5236,13507,378.21,0,0,0,68.08
4872,5237,13511,276.98,0,50,0,49.86
4873,5237,13513,516.18,0,0,0,92.91
4874,5238,13515,315.42,0,0,0,56.78
4875,5238,13518,415.08,0,0,0,74.71
4876,5243,13529,144.14,30,50,0,25.95
4877,5248,13534,495.37,0,0,0,89.17
4878,5249,13535,460.48,0,0,0,82.89
4879,5249,13536,359.91,0,0,0,64.78
4880,5252,13540,516.64,0,0,0,93.0
4881,5252,13541,362.45,0,0,0,65.24
4882,5252,13542,328.61,30,0,0,59.15
4883,5256,13548,315.6,30,0,0,56.81
4884,5256,13549,304.15,0,50,0,54.75
4885,5256,13550,315.91,0,20,0,56.86
4886,5256,13552,414.72,0,0,0,74.65
4887,5258,13554,397.99,0,0,0,71.64
4888,5258,13555,236.85,30,20,0,42.63
4889,5258,13556,333.34,0,20,0,60.0
4890,5258,13557,312.47,30,0,0,56.24
4891,5261,13569,255.07,0,50,0,45.91
4892,5261,13570,344.89,0,0,0,62.08
4893,5261,13571,312.52,0,0,0,56.25
4894,5262,13573,412.85,0,0,0,74.31
4895,5263,13575,382.04,0,0,0,68.77
4896,5266,13580,286.06,0,20,0,51.49
4897,5266,13582,303.27,0,0,0,54.59
4898,5267,13587,256.66,30,20,0,46.2
4899,5271,13595,318.52,0,50,0,57.33
4900,5271,13596,332.12,0,50,0,59.78
4901,5271,13598,359.42,0,0,0,64.7
4902,5273,13601,440.3,0,50,0,79.25
4903,5274,13603,225.67,30,50,0,40.62
4904,5275,13606,453.49,0,0,0,81.63
4905,5276,13609,206.58,30,50,0,37.18
4906,5276,13610,366.33,0,0,0,65.94
4907,5279,13615,267.98,30,50,0,48.24
4908,5280,13620,412.42,0,0,0,74.24
4909,5281,13626,285.38,30,0,0,51.37
4910,5283,13629,295.15,30,0,0,53.13
4911,5283,13630,417.2,0,0,0,75.1
4912,5283,13631,297.73,30,0,0,53.59
4913,5285,13633,440.96,0,0,0,79.37
4914,5286,13634,314.12,30,0,0,56.54
4915,5286,13638,453.65,0,20,0,81.66
4916,5286,13639,385.19,0,20,0,69.33
4917,5287,13643,308.23,30,20,0,55.48
4918,5288,13644,174.63,30,50,0,31.43
4919,5288,13645,342.04,0,50,0,61.57
4920,5288,13646,396.18,0,20,0,71.31
4921,5290,13653,307.7,30,0,0,55.39
4922,5291,13656,328.01,0,20,0,59.04
4923,5294,13663,327.99,0,20,0,59.04
4924,5296,13667,513.58,0,50,0,92.44
4925,5298,13669,309.13,0,0,0,55.64
4926,5298,13670,304.21,0,0,0,54.76
4927,5298,13673,229.24,30,20,0,41.26
4928,5298,13674,211.78,30,50,0,38.12
4929,5299,13675,229.7,30,0,0,41.35
4930,5299,13677,376.91,0,20,0,67.84
4931,5299,13678,440.63,0,0,0,79.31
4932,5299,13679,341.56,0,0,0,61.48
4933,5300,13683,299.67,0,0,0,53.94
4934,5300,13684,336.93,0,0,0,60.65
4935,5302,13687,458.29,0,0,0,82.49
4936,5304,13694,244.01,30,20,0,43.92
4937,5304,13695,296.63,0,50,0,53.39
4938,5304,13696,332.49,0,0,0,59.85
4939,5308,13702,272.83,30,50,0,49.11
4940,5308,13703,195.59,30,0,0,35.21
4941,5308,13706,276.29,0,50,0,49.73
4942,5309,13708,317.69,0,0,0,57.18
4943,5309,13710,392.83,0,0,0,70.71
4944,5312,13713,321.71,30,0,0,57.91
4945,5312,13714,199.41,30,0,0,35.89
4946,5312,13717,226.62,30,20,0,40.79
4947,5312,13718,324.01,0,0,0,58.32
4948,5313,13720,191.97,30,50,0,34.55
4949,5313,13721,368.8,0,20,0,66.38
4950,5313,13725,316.66,0,0,0,57.0
4951,5315,13729,306.38,0,0,0,55.15
4952,5316,13731,307.16,0,20,0,55.29
4953,5317,13733,277.63,30,0,0,49.97
4954,5317,13736,154.69,30,0,0,27.84
4955,5320,13743,166.41,30,20,0,29.95
4956,5321,13745,296.7,30,20,0,53.41
4957,5322,13748,296.19,30,0,0,53.31
4958,5322,13751,300.16,30,0,0,54.03
4959,5324,13755,237.96,30,50,0,42.83
4960,5324,13756,245.06,30,20,0,44.11
4961,5325,13757,371.02,0,50,0,66.78
4962,5325,13758,404.95,0,0,0,72.89
4963,5326,13760,423.05,0,20,0,76.15
4964,5326,13761,259.56,30,50,0,46.72
4965,5326,13763,398.99,0,0,0,71.82
4966,5326,13764,310.45,30,0,0,55.88
4967,5328,13766,328.25,0,0,0,59.08
4968,5328,13767,280.64,0,20,0,50.52
4969,5329,13769,442.35,0,50,0,79.62
4970,5329,13774,292.11,30,0,0,52.58
4971,5330,13775,336.98,0,0,0,60.66
4972,5330,13776,280.37,30,0,0,50.47
4973,5330,13777,143.97,30,20,0,25.91
4974,5330,13778,411.88,0,0,0,74.14
4975,5330,13779,409.99,0,20,0,73.8
4976,5331,13780,177.3,30,50,0,31.91
4977,5331,13781,439.93,0,20,0,79.19
4978,5332,13784,444.68,0,0,0,80.04
4979,5339,13794,254.45,30,50,0,45.8
4980,5339,13797,253.04,0,50,0,45.55
4981,5339,13800,358.14,0,0,0,64.47
4982,5342,13805,317.22,0,0,0,57.1
4983,5343,13806,315.94,0,0,0,56.87
4984,5348,13813,380.0,0,0,0,68.4
4985,5349,13815,266.31,30,50,0,47.94
4986,5350,13821,216.68,30,20,0,39.0
4987,5351,13824,262.69,30,0,0,47.28
4988,5351,13825,340.58,0,50,0,61.3
4989,5352,13827,422.97,0,0,0,76.13
4990,5352,13828,360.8,0,0,0,64.94
4991,5353,13830,392.74,0,0,0,70.69
4992,5353,13833,299.4,0,50,0,53.89
4993,5353,13835,477.65,0,0,0,85.98
4994,5354,13840,460.09,0,0,0,82.82
4995,5354,13841,524.68,0,0,0,94.44
4996,5354,13842,284.42,30,0,0,51.2
4997,5359,13848,183.29,30,20,0,32.99
4998,5362,13857,406.06,0,0,0,73.09
4999,5364,13863,271.0,30,0,0,48.78
5000,5365,13867,220.89,30,20,0,39.76
5001,5366,13868,368.22,0,0,0,66.28
5002,5366,13870,354.01,0,0,0,63.72
5003,5366,13871,322.67,30,0,0,58.08
5004,5367,13873,245.39,30,20,0,44.17
5005,5370,13881,247.46,30,50,0,44.54
5006,5371,13882,384.1,0,0,0,69.14
5007,5371,13883,304.4,0,0,0,54.79
5008,5372,13887,421.25,0,0,0,75.82
5009,5372,13889,446.74,0,50,0,80.41
5010,5372,13890,355.85,0,20,0,64.05
5011,5373,13891,278.83,30,50,1,50.19
5012,5373,13892,287.32,30,0,0,51.72
5013,5376,13896,458.31,0,20,0,82.5
5014,5376,13897,99.4,30,50,0,17.89
5015,5377,13900,218.22,30,20,0,39.28
5016,5378,13903,301.39,30,0,1,54.25
5017,5379,13906,333.62,0,0,0,60.05
5018,5379,13907,384.58,0,0,0,69.22
5019,5380,13910,317.92,0,0,0,57.23
5020,5381,13912,309.06,30,0,0,55.63
5021,5383,13914,379.51,0,20,0,68.31
5022,5386,13918,365.05,0,20,0,65.71
5023,5390,13925,359.53,0,0,0,64.72
5024,5390,13926,185.87,30,0,0,33.46
5025,5399,13939,270.78,30,20,0,48.74
5026,5404,13949,246.34,30,0,0,44.34
5027,5405,13950,376.44,0,50,1,67.76
5028,5405,13953,348.61,0,0,0,62.75
5029,5406,13954,369.83,0,0,1,66.57
5030,5406,13956,563.38,0,50,0,101.41
5031,5406,13957,294.4,30,0,0,52.99
5032,5407,13961,285.37,0,20,0,51.37
5033,5408,13963,347.24,0,0,0,62.5
5034,5412,13970,291.3,30,20,0,52.43
5035,5415,13978,309.02,0,0,0,55.62
5036,5415,13979,550.07,0,0,0,99.01
5037,5418,13982,319.44,0,0,0,57.5
5038,5418,13984,274.99,30,50,0,49.5
5039,5419,13985,269.91,30,0,0,48.58
5040,5420,13988,272.31,0,50,0,49.02
5041,5421,13989,298.06,30,0,0,53.65
5042,5421,13990,381.0,0,20,0,68.58
5043,5423,13991,321.46,0,20,0,57.86
5044,5423,13992,204.58,30,20,0,36.82
5045,5426,14002,298.6,0,20,0,53.75
5046,5427,14008,306.74,0,0,0,55.21
5047,5430,14017,333.12,0,0,0,59.96
5048,5431,14019,305.2,0,50,0,54.94
5049,5432,14024,320.6,30,0,0,57.71
5050,5433,14028,259.77,30,0,0,46.76
5051,5433,14029,346.72,0,20,0,62.41
5052,5434,14034,392.96,0,0,0,70.73
5053,5435,14039,304.54,0,0,0,54.82
5054,5437,14043,308.44,30,0,0,55.52
5055,5438,14044,190.26,30,0,0,34.25
5056,5438,14046,269.2,30,0,0,48.46
5057,5439,14047,281.58,0,20,0,50.68
5058,5439,14049,405.15,0,20,0,72.93
5059,5439,14051,309.81,0,0,0,55.77
5060,5441,14056,446.54,0,20,0,80.38
5061,5442,14057,312.11,0,20,0,56.18
5062,5447,14064,373.71,0,0,0,67.27
5063,5447,14065,355.23,0,20,0,63.94
5064,5448,14068,286.52,0,20,0,51.57
5065,5450,14071,305.57,0,50,0,55.0
5066,5451,14072,448.59,0,20,0,80.75
5067,5451,14075,364.1,0,0,0,65.54
5068,5452,14076,318.41,0,50,0,57.31
5069,5452,14077,344.74,0,0,0,62.05
5070,5454,14080,331.32,0,20,0,59.64
5071,5454,14084,298.47,30,0,0,53.72
5072,5454,14087,389.05,0,0,0,70.03
5073,5455,14089,309.65,0,20,0,55.74
5074,5456,14090,315.97,0,20,0,56.87
5075,5456,14091,273.4,30,20,0,49.21
5076,5457,14095,293.26,30,0,0,52.79
5077,5457,14097,392.61,0,0,0,70.67
5078,5459,14102,405.14,0,0,0,72.93
5079,5459,14103,340.5,0,0,0,61.29
5080,5461,14105,249.97,0,50,0,44.99
5081,5461,14108,299.56,0,50,0,53.92
5082,5461,14110,459.93,0,0,1,82.79
5083,5462,14113,189.13,30,20,0,34.04
5084,5462,14115,402.44,0,20,0,72.44
5085,5463,14116,235.21,30,50,0,42.34
5086,5463,14117,288.08,0,20,0,51.85
5087,5464,14118,378.73,0,20,0,68.17
5088,5464,14119,303.96,0,0,0,54.71
5089,5465,14125,311.96,0,0,0,56.15
5090,5465,14127,343.38,0,50,0,61.81
5091,5466,14131,257.59,0,50,0,46.37
5092,5467,14135,334.32,0,20,0,60.18
5093,5467,14136,262.6,30,0,0,47.27
5094,5471,14140,326.11,0,0,0,58.7
5095,5471,14142,299.02,0,0,0,53.82
5096,5473,14145,400.47,0,0,1,72.08
5097,5475,14149,445.36,0,20,0,80.16
5098,5475,14153,381.6,0,0,0,68.69
5099,5477,14155,269.23,30,0,0,48.46
5100,5478,14157,428.09,0,0,0,77.06
5101,5479,14159,279.42,30,0,0,50.3
5102,5479,14161,281.29,30,0,0,50.63
5103,5479,14163,304.02,30,20,0,54.72
5104,5480,14164,296.82,30,0,0,53.43
5105,5480,14165,251.03,30,50,0,45.19
5106,5484,14172,412.88,0,20,0,74.32
5107,5484,14177,263.34,30,50,0,47.4
5108,5485,14180,337.35,0,50,0,60.72
5109,5486,14181,256.3,0,50,0,46.13
5110,5487,14183,313.11,30,0,0,56.36
5111,5488,14187,362.69,0,20,0,65.28
5112,5489,14190,404.21,0,0,0,72.76
5113,5489,14191,367.21,0,0,0,66.1
5114,5490,14197,464.76,0,0,0,83.66
5115,5490,14199,289.07,0,50,0,52.03
5116,5491,14202,259.54,30,0,0,46.72
5117,5491,14204,308.69,30,0,0,55.56
5118,5492,14208,235.64,30,0,0,42.42
5119,5494,14212,279.25,30,0,0,50.26
5120,5495,14214,282.02,0,50,0,50.76
5121,5495,14215,239.18,30,0,0,43.05
5122,5495,14218,254.43,30,20,0,45.8
5123,5498,14222,463.7,0,0,0,83.47
5124,5499,14225,396.26,0,0,1,71.33
5125,5500,14227,425.03,0,20,0,76.51
5126,5500,14228,351.26,0,0,0,63.23
5127,5500,14230,397.22,0,0,0,71.5
5128,5500,14232,388.63,0,20,0,69.95
5129,5501,14236,243.51,30,50,0,43.83
5130,5503,14238,290.67,0,50,0,52.32
5131,5505,14241,193.48,30,0,0,34.83
5132,5506,14243,292.12,30,0,0,52.58
5133,5507,14246,327.27,30,0,0,58.91
5134,5508,14249,318.1,0,50,0,57.26
5135,5508,14251,311.88,0,0,0,56.14
5136,5509,14255,279.9,0,20,0,50.38
5137,5510,14259,303.62,30,20,0,54.65
5138,5511,14260,377.2,0,20,0,67.9
5139,5512,14262,382.04,0,0,0,68.77
5140,5512,14267,264.67,0,50,0,47.64
5141,5513,14271,444.48,0,20,0,80.01
5142,5516,14276,405.53,0,50,0,73.0
5143,5517,14277,261.55,30,0,0,47.08
5144,5517,14279,447.53,0,0,0,80.56
5145,5518,14282,345.07,0,0,0,62.11
5146,5519,14284,378.27,0,0,0,68.09
5147,5519,14286,430.19,0,50,1,77.43
5148,5521,14290,265.08,30,0,0,47.71
5149,5521,14294,397.61,0,50,0,71.57
5150,5523,14297,290.55,0,20,0,52.3
5151,5527,14307,210.55,30,0,0,37.9
5152,5527,14308,343.12,0,0,0,61.76
5153,5529,14310,329.16,0,0,0,59.25
5154,5529,14311,439.94,0,0,0,79.19
5155,5535,14322,381.77,0,20,0,68.72
5156,5535,14324,269.31,30,20,0,48.48
5157,5536,14326,320.19,30,0,0,57.63
5158,5536,14327,518.27,0,0,0,93.29
5159,5536,14328,201.43,30,0,0,36.26
5160,5536,14329,225.09,30,0,0,40.52
5161,5536,14330,242.79,30,0,0,43.7
5162,5537,14331,284.43,0,20,1,51.2
5163,5540,14337,346.1,0,20,0,62.3
5164,5542,14338,355.52,0,0,0,63.99
5165,5542,14339,357.6,0,0,0,64.37
5166,5550,14354,312.71,0,0,0,56.29
5167,5550,14356,354.1,0,0,0,63.74
5168,5551,14358,306.64,30,0,0,55.2
5169,5552,14361,359.56,0,0,0,64.72
5170,5552,14362,419.8,0,50,0,75.56
5171,5556,14368,382.77,0,0,0,68.9
5172,5557,14369,287.63,30,0,0,51.77
5173,5560,14379,333.72,0,20,0,60.07
5174,5562,14382,180.75,30,0,0,32.53
5175,5562,14383,385.12,0,0,0,69.32
5176,5562,14384,349.4,0,0,0,62.89
5177,5562,14387,245.29,30,20,0,44.15
5178,5562,14388,176.3,30,0,0,31.73
5179,5563,14389,382.75,0,20,0,68.9
5180,5565,14395,337.48,0,0,0,60.75
5181,5570,14405,401.43,0,0,0,72.26
5182,5571,14410,244.63,30,0,0,44.03
5183,5571,14413,399.56,0,0,0,71.92
5184,5576,14426,239.28,30,0,0,43.07
5185,5580,14430,318.37,0,0,0,57.31
5186,5580,14431,184.86,30,0,0,33.27
5187,5582,14438,306.68,0,0,0,55.2
5188,5582,14443,224.19,30,0,0,40.35
5189,5583,14444,276.0,30,0,0,49.68
5190,5586,14448,466.23,0,0,0,83.92
5191,5586,14449,189.92,30,0,0,34.19
5192,5591,14457,212.69,30,0,0,38.28
5193,5592,14460,140.69,30,20,0,25.32
5194,5592,14461,334.96,0,0,0,60.29
5195,5593,14463,198.73,30,0,0,35.77
5196,5597,14469,412.18,0,0,0,74.19
5197,5597,14471,443.01,0,0,0,79.74
5198,5597,14473,374.4,0,0,0,67.39
5199,5602,14479,350.58,0,50,0,63.1
5200,5602,14480,444.68,0,0,0,80.04
5201,5602,14481,262.87,30,50,0,47.32
5202,5604,14485,424.71,0,0,0,76.45
5203,5605,14486,410.0,0,20,0,73.8
5204,5605,14488,351.12,0,0,0,63.2
5205,5605,14489,171.42,30,20,0,30.86
5206,5606,14491,314.91,30,0,0,56.68
5207,5608,14495,313.51,0,0,0,56.43
5208,5609,14497,325.0,0,0,0,58.5
5209,5609,14499,374.96,0,20,0,67.49
5210,5609,14500,99.32,30,0,0,17.88
5211,5612,14507,544.89,0,50,0,98.08
5212,5612,14511,155.06,30,50,0,27.91
5213,5612,14513,244.69,30,20,0,44.04
5214,5613,14515,356.08,0,0,0,64.09
5215,5614,14520,444.28,0,0,0,79.97
5216,5614,14521,396.24,0,0,0,71.32
5217,5614,14522,316.86,30,0,0,57.03
5218,5615,14523,382.78,0,20,0,68.9
5219,5615,14526,399.3,0,0,0,71.87
5220,5615,14530,447.66,0,20,0,80.58
5221,5615,14531,295.09,0,20,0,53.12
5222,5617,14534,273.33,30,20,0,49.2
5223,5619,14539,211.27,30,20,0,38.03
5224,5621,14545,343.56,0,20,0,61.84
5225,5622,14547,296.67,30,20,0,53.4
5226,5623,14550,255.72,30,0,0,46.03
5227,5624,14554,412.82,0,0,0,74.31
5228,5624,14555,383.54,0,20,0,69.04
5229,5625,14557,420.68,0,20,0,75.72
5230,5626,14564,280.8,0,20,0,50.54
5231,5628,14573,320.53,30,0,0,57.7
5232,5629,14575,309.25,0,0,0,55.66
5233,5633,14581,266.77,30,20,0,48.02
5234,5633,14582,186.0,30,20,0,33.48
5235,5633,14583,308.56,0,0,0,55.54
5236,5637,14587,410.83,0,0,0,73.95
5237,5639,14591,363.87,0,0,0,65.5
5238,5639,14592,301.36,0,0,1,54.24
5239,5640,14595,323.47,0,0,0,58.22
5240,5646,14602,360.28,0,50,0,64.85
5241,5648,14608,384.72,0,20,0,69.25
5242,5648,14609,266.47,30,0,0,47.96
5243,5655,14611,216.15,30,0,0,38.91
5244,5656,14612,302.83,0,20,0,54.51
5245,5658,14618,509.46,0,0,0,91.7
5246,5659,14621,223.99,30,0,0,40.32
5247,5660,14624,434.61,0,0,0,78.23
5248,5660,14627,203.53,30,20,0,36.64
5249,5660,14628,336.8,0,0,1,60.62
5250,5661,14632,352.46,0,0,0,63.44
5251,5661,14633,429.22,0,0,0,77.26
5252,5665,14637,427.52,0,0,0,76.95
5253,5666,14638,304.47,0,0,0,54.8
5254,5667,14640,317.04,0,50,0,57.07
5255,5667,14641,199.73,30,20,0,35.95
5256,5667,14642,252.79,30,0,0,45.5
5257,5670,14650,270.56,30,50,0,48.7
5258,5672,14654,182.53,30,50,0,32.86
5259,5676,14656,330.98,0,0,0,59.58
5260,5677,14657,284.87,0,50,0,51.28
5261,5678,14658,323.81,30,0,1,58.29
5262,5679,14661,394.92,0,20,0,71.09
5263,5679,14662,442.18,0,0,0,79.59
5264,5679,14663,323.75,0,0,0,58.28
5265,5679,14667,206.0,30,0,0,37.08
5266,5680,14670,210.48,30,20,0,37.89
5267,5680,14671,315.13,0,50,0,56.72
5268,5682,14674,341.52,0,0,0,61.47
5269,5682,14676,326.83,0,0,0,58.83
5270,5683,14677,326.72,30,0,0,58.81
5271,5683,14679,210.92,30,20,0,37.97
5272,5683,14681,234.55,30,50,0,42.22
5273,5683,14682,290.24,30,20,0,52.24
5274,5683,14685,240.91,30,0,0,43.36
5275,5684,14689,314.54,0,0,1,56.62
5276,5685,14693,476.16,0,0,0,85.71
5277,5686,14696,333.18,0,0,0,59.97
5278,5687,14698,301.51,0,0,0,54.27
5279,5689,14704,301.58,30,0,0,54.28
5280,5690,14706,430.02,0,20,0,77.4
5281,5691,14710,412.24,0,0,0,74.2
5282,5692,14712,298.55,30,20,0,53.74
5283,5693,14716,414.56,0,0,0,74.62
5284,5694,14718,273.91,30,0,0,49.3
5285,5695,14721,108.12,30,0,0,19.46
5286,5697,14723,258.52,30,20,0,46.53
5287,5697,14725,405.16,0,0,0,72.93
5288,5697,14726,105.16,30,50,0,18.93
5289,5699,14731,421.41,0,0,0,75.85
5290,5699,14732,270.35,30,20,0,48.66
5291,5699,14733,361.54,0,0,0,65.08
5292,5699,14734,311.69,30,0,0,56.1
5293,5701,14735,431.53,0,20,0,77.68
5294,5701,14738,277.86,30,20,0,50.01
5295,5701,14739,346.18,0,0,0,62.31
5296,5702,14740,373.53,0,50,0,67.24
5297,5702,14742,415.49,0,20,0,74.79
5298,5702,14743,241.69,30,50,0,43.5
5299,5705,14751,344.28,0,0,0,61.97
5300,5705,14753,310.97,0,50,0,55.97
5301,5705,14754,277.22,0,50,0,49.9
5302,5706,14756,279.41,0,20,0,50.29
5303,5706,14759,315.52,30,0,0,56.79
5304,5708,14760,359.1,0,0,0,64.64
5305,5709,14762,372.31,0,0,0,67.02
5306,5709,14763,314.13,0,0,0,56.54
5307,5710,14765,361.71,0,0,0,65.11
5308,5711,14768,390.75,0,0,0,70.33
5309,5712,14772,257.99,0,50,0,46.44
5310,5713,14773,285.84,0,20,0,51.45
5311,5713,14776,516.59,0,0,0,92.99
5312,5716,14780,320.91,30,0,0,57.76
5313,5716,14782,317.96,0,0,0,57.23
5314,5719,14789,373.66,0,0,0,67.26
5315,5719,14790,217.85,30,0,1,39.21
5316,5719,14791,250.69,30,20,0,45.12
5317,5720,14794,318.37,0,0,0,57.31
5318,5721,14796,339.89,0,0,0,61.18
5319,5722,14801,291.8,30,0,0,52.52
5320,5722,14803,308.59,0,0,0,55.55
5321,5722,14805,149.4,30,50,0,26.89
5322,5723,14807,321.84,30,0,0,57.93
5323,5724,14809,229.29,30,0,0,41.27
5324,5724,14810,385.95,0,50,0,69.47
5325,5726,14815,257.22,30,0,0,46.3
5326,5726,14817,405.55,0,20,0,73.0
5327,5727,14821,464.99,0,0,0,83.7
5328,5728,14822,444.97,0,0,0,80.09
5329,5729,14823,312.78,0,0,0,56.3
5330,5732,14829,303.92,0,50,0,54.71
5331,5735,14834,303.55,0,50,0,54.64
5332,5736,14835,445.09,0,0,0,80.12
5333,5738,14841,275.97,30,0,0,49.67
5334,5741,14850,243.61,30,20,0,43.85
5335,5742,14851,437.57,0,50,1,78.76
5336,5742,14854,264.37,30,0,0,47.59
5337,5744,14857,366.5,0,0,0,65.97
5338,5744,14858,300.09,0,20,0,54.02
5339,5744,14861,296.31,0,20,0,53.34
5340,5745,14864,324.15,30,0,0,58.35
5341,5745,14865,355.81,0,0,0,64.05
5342,5745,14866,378.03,0,0,0,68.05
5343,5747,14870,315.52,0,20,0,56.79
5344,5748,14872,470.47,0,0,0,84.68
5345,5749,14873,347.97,0,0,0,62.63
5346,5749,14874,364.26,0,0,0,65.57
5347,5749,14876,286.88,0,20,0,51.64
5348,5749,14877,226.43,30,0,0,40.76
5349,5750,14879,424.68,0,0,0,76.44
5350,5751,14884,229.27,30,0,0,41.27
5351,5751,14886,308.32,0,20,0,55.5
5352,5752,14888,282.4,30,0,0,50.83
5353,5752,14889,149.58,30,50,0,26.92
5354,5753,14893,452.97,0,0,0,81.53
5355,5753,14894,376.13,0,0,0,67.7
5356,5756,14900,355.3,0,0,0,63.95
5357,5757,14901,336.68,0,0,0,60.6
5358,5758,14907,248.7,30,0,0,44.77
5359,5760,14912,211.79,30,20,0,38.12
5360,5763,14920,362.42,0,0,0,65.24
5361,5763,14921,420.53,0,0,0,75.7
5362,5764,14922,384.76,0,0,0,69.26
5363,5765,14924,508.0,0,20,0,91.44
5364,5767,14925,343.6,0,0,0,61.85
5365,5768,14928,270.36,30,0,0,48.66
5366,5768,14930,330.88,0,0,0,59.56
5367,5769,14931,370.08,0,0,0,66.61
5368,5769,14933,247.75,30,0,0,44.6
5369,5769,14934,430.99,0,0,0,77.58
5370,5770,14941,269.04,0,50,0,48.43
5371,5771,14942,274.13,30,20,0,49.34
5372,5771,14944,379.36,0,20,0,68.28
5373,5772,14948,323.25,0,0,0,58.18
5374,5772,14949,251.15,30,50,0,45.21
5375,5773,14951,300.95,30,0,0,54.17
5376,5774,14954,440.51,0,0,0,79.29
5377,5775,14958,212.31,30,20,0,38.22
5378,5775,14959,299.19,0,0,0,53.85
5379,5778,14964,417.61,0,0,0,75.17
5380,5779,14965,457.91,0,0,0,82.42
5381,5779,14966,189.07,30,50,0,34.03
5382,5780,14970,301.04,30,0,0,54.19
5383,5782,14973,339.26,0,0,0,61.07
5384,5782,14974,247.42,30,50,0,44.54
5385,5784,14975,359.18,0,0,0,64.65
5386,5784,14977,317.54,0,0,0,57.16
5387,5785,14979,379.66,0,0,0,68.34
5388,5787,14984,299.33,30,20,0,53.88
5389,5790,14992,294.72,30,0,0,53.05
5390,5791,14994,436.75,0,20,0,78.61
5391,5791,14996,175.84,30,20,0,31.65
5392,5793,14999,319.14,0,0,0,57.45
5393,5793,15002,467.67,0,0,0,84.18
5394,5793,15003,316.97,0,20,0,57.05
5395,5794,15004,335.7,0,20,0,60.43
5396,5796,15007,378.72,0,50,0,68.17
5397,5796,15009,274.34,30,0,1,49.38
5398,5798,15011,517.51,0,0,0,93.15
5399,5800,15015,347.47,0,0,0,62.54
5400,5801,15017,178.78,30,0,0,32.18
5401,5801,15019,238.13,30,50,0,42.86
5402,5802,15022,304.66,30,0,0,54.84
5403,5803,15024,305.4,30,20,0,54.97
5404,5804,15025,416.76,0,50,0,75.02
5405,5805,15026,259.16,30,20,0,46.65
5406,5805,15027,504.65,0,0,0,90.84
5407,5805,15029,331.19,0,50,0,59.61
5408,5807,15031,312.65,0,0,0,56.28
5409,5807,15032,268.98,30,50,0,48.42
5410,5810,15037,311.0,0,20,0,55.98
5411,5810,15038,486.48,0,0,0,87.57
5412,5813,15043,252.49,30,50,0,45.45
5413,5814,15045,206.97,30,0,0,37.25
5414,5814,15047,348.34,0,20,0,62.7
5415,5815,15049,386.24,0,0,0,69.52
5416,5815,15052,88.88,30,50,0,16.0
5417,5816,15055,480.16,0,20,0,86.43
5418,5817,15058,395.02,0,0,0,71.1
5419,5817,15062,460.28,0,0,0,82.85
5420,5818,15064,221.43,30,20,0,39.86
5421,5819,15067,271.86,30,20,0,48.93
5422,5821,15077,292.03,30,20,0,52.57
5423,5822,15078,481.11,0,0,0,86.6
5424,5826,15089,321.25,30,0,0,57.82
5425,5828,15093,328.42,0,20,0,59.12
5426,5829,15096,302.55,0,50,0,54.46
5427,5829,15097,301.69,0,50,0,54.3
5428,5829,15101,425.35,0,50,0,76.56
5429,5830,15102,379.55,0,0,0,68.32
5430,5833,15107,291.55,30,20,0,52.48
5431,5833,15109,366.77,0,20,0,66.02
5432,5834,15112,329.54,0,0,0,59.32
5433,5839,15120,218.24,30,50,0,39.28
5434,5843,15123,246.72,30,50,0,44.41
5435,5843,15125,328.02,30,0,0,59.04
5436,5844,15127,333.02,0,0,0,59.94
5437,5844,15128,324.94,30,0,0,58.49
5438,5845,15132,323.43,30,0,0,58.22
5439,5846,15137,297.25,30,0,0,53.5
5440,5847,15140,300.6,0,0,0,54.11
5441,5848,15146,297.66,0,50,0,53.58
5442,5852,15152,436.57,0,0,1,78.58
5443,5852,15153,319.92,0,50,0,57.59
5444,5854,15159,226.11,30,20,0,40.7
5445,5854,15160,192.54,30,50,0,34.66
5446,5857,15163,338.98,0,50,0,61.02
5447,5857,15164,266.43,30,0,0,47.96
5448,5858,15173,348.1,0,20,0,62.66
5449,5858,15176,360.97,0,0,1,64.97
5450,5860,15178,410.09,0,0,0,73.82
5451,5860,15180,382.95,0,20,0,68.93
5452,5862,15186,371.54,0,20,0,66.88
5453,5863,15190,344.24,0,0,0,61.96
5454,5863,15193,233.46,30,0,0,42.02
5455,5866,15196,345.5,0,0,0,62.19
5456,5867,15198,195.27,30,20,0,35.15
5457,5867,15200,175.19,30,0,0,31.53
5458,5868,15201,418.26,0,20,0,75.29
5459,5869,15206,463.62,0,50,0,83.45
5460,5870,15210,276.64,30,0,0,49.8
5461,5871,15212,316.78,0,0,0,57.02
5462,5878,15217,458.28,0,0,0,82.49
5463,5878,15218,308.81,30,20,0,55.59
5464,5879,15221,457.31,0,0,0,82.32
5465,5881,15228,320.22,0,50,0,57.64
5466,5883,15232,318.93,0,50,0,57.41
5467,5883,15233,314.02,30,0,1,56.52
5468,5883,15234,262.75,0,50,0,47.3
5469,5883,15236,281.23,30,20,0,50.62
5470,5883,15237,331.88,0,0,0,59.74
5471,5887,15243,356.78,0,0,0,64.22
5472,5887,15244,328.46,30,0,0,59.12
5473,5891,15254,270.96,0,50,0,48.77
5474,5892,15258,419.99,0,0,0,75.6
5475,5892,15261,334.08,0,0,0,60.13
5476,5893,15263,396.05,0,0,0,71.29
5477,5894,15265,281.94,30,20,0,50.75
5478,5895,15269,283.94,0,20,0,51.11
5479,5896,15271,319.96,30,0,0,57.59
5480,5898,15272,204.36,30,20,0,36.78
5481,5898,15275,314.21,30,0,0,56.56
5482,5898,15276,266.33,30,0,0,47.94
5483,5899,15278,343.12,0,0,0,61.76
5484,5901,15283,322.3,30,0,1,58.01
5485,5902,15284,351.95,0,0,0,63.35
5486,5907,15291,343.29,0,0,0,61.79
5487,5907,15292,307.06,0,20,0,55.27
5488,5909,15295,361.63,0,0,0,65.09
5489,5912,15301,359.24,0,20,0,64.66
5490,5913,15302,301.44,30,20,0,54.26
5491,5913,15303,228.42,30,0,0,41.12
5492,5913,15304,441.17,0,0,0,79.41
5493,5914,15307,356.75,0,50,0,64.22
5494,5915,15309,405.78,0,0,0,73.04
5495,5916,15310,329.96,0,0,0,59.39
5496,5919,15315,301.64,0,0,1,54.3
5497,5921,15320,306.99,0,0,0,55.26
5498,5921,15322,403.23,0,20,0,72.58
5499,5921,15323,306.33,30,20,0,55.14
5500,5924,15331,382.76,0,0,0,68.9
5501,5929,15344,363.32,0,50,0,65.4
5502,5929,15345,335.73,0,0,0,60.43
5503,5931,15350,251.29,30,0,0,45.23
5504,5932,15355,228.35,30,0,0,41.1
5505,5933,15356,470.12,0,0,1,84.62
5506,5937,15361,355.55,0,20,0,64.0
5507,5938,15367,385.08,0,0,0,69.31
5508,5940,15372,277.49,30,50,0,49.95
5509,5940,15373,313.53,30,0,0,56.44
5510,5943,15381,547.22,0,0,0,98.5
5511,5945,15382,229.0,30,50,0,41.22
5512,5945,15383,334.52,0,20,0,60.21
5513,5946,15386,311.47,0,0,0,56.06
5514,5946,15387,369.83,0,0,0,66.57
5515,5947,15391,278.71,30,0,0,50.17
5516,5947,15392,436.27,0,0,0,78.53
5517,5949,15396,333.77,0,0,0,60.08
5518,5950,15400,317.83,0,0,0,57.21
5519,5951,15403,296.95,0,50,0,53.45
5520,5952,15405,421.97,0,0,0,75.95
5521,5952,15409,238.74,30,20,0,42.97
5522,5953,15412,319.73,30,0,0,57.55
5523,5953,15415,188.08,30,0,0,33.85
5524,5954,15417,438.3,0,20,0,78.89
5525,5957,15422,320.01,0,20,0,57.6
5526,5957,15424,371.49,0,50,0,66.87
5527,5957,15425,332.66,0,0,0,59.88
5528,5958,15428,303.69,0,20,0,54.66
5529,5959,15431,298.16,30,20,0,53.67
5530,5959,15432,315.45,0,0,0,56.78
5531,5960,15437,372.5,0,0,0,67.05
5532,5960,15438,322.53,0,20,0,58.06
5533,5960,15439,446.34,0,0,0,80.34
5534,5961,15440,68.53,30,20,0,12.34
5535,5963,15444,260.39,30,50,0,46.87
5536,5967,15452,227.85,30,20,0,41.01
5537,5967,15454,395.47,0,0,0,71.18
5538,5969,15458,273.48,0,50,0,49.23
5539,5972,15460,329.07,0,0,0,59.23
5540,5973,15465,357.32,0,0,0,64.32
5541,5978,15471,296.62,0,20,0,53.39
5542,5979,15478,178.04,30,50,0,32.05
5543,5979,15479,513.53,0,0,0,92.44
5544,5979,15481,468.21,0,0,0,84.28
5545,5980,15482,337.09,0,0,1,60.68
5546,5980,15485,302.75,0,0,0,54.5
5547,5980,15487,295.68,30,0,0,53.22
5548,5983,15493,494.04,0,50,0,88.93
5549,5986,15500,234.36,30,0,0,42.18
5550,5988,15504,218.57,30,0,0,39.34
5551,5989,15508,239.17,30,0,0,43.05
5552,5991,15511,310.8,0,20,0,55.94
5553,5992,15514,273.0,30,20,0,49.14
5554,5993,15516,302.13,30,0,0,54.38
5555,5993,15517,252.08,0,50,0,45.37
5556,5993,15519,488.74,0,0,0,87.97
5557,5993,15521,497.46,0,0,0,89.54
5558,5994,15522,443.51,0,0,0,79.83
5559,5997,15525,173.47,30,0,0,31.22
5560,6004,15541,374.61,0,0,0,67.43
5561,6004,15542,452.47,0,0,0,81.44
5562,6005,15546,320.52,0,50,0,57.69
5563,6005,15547,142.92,30,0,0,25.73
5564,6008,15554,299.16,0,50,0,53.85
5565,6008,15555,375.74,0,0,0,67.63
5566,6008,15556,436.03,0,0,0,78.49
5567,6008,15557,177.86,30,50,0,32.01
5568,6011,15564,397.4,0,0,0,71.53
5569,6012,15566,327.38,30,0,0,58.93
5570,6012,15567,369.88,0,20,0,66.58
5571,6012,15568,386.23,0,50,0,69.52
5572,6013,15569,366.26,0,20,0,65.93
5573,6014,15573,448.41,0,0,0,80.71
5574,6014,15574,273.43,30,0,0,49.22
5575,6014,15575,304.66,0,20,0,54.84
5576,6017,15581,314.65,30,0,0,56.64
5577,6018,15582,342.28,0,20,0,61.61
5578,6019,15584,140.66,30,0,0,25.32
5579,6021,15588,244.57,30,50,0,44.02
5580,6026,15597,167.14,30,20,0,30.09
5581,6026,15598,244.89,30,0,0,44.08
5582,6026,15599,324.92,0,0,0,58.49
5583,6028,15602,267.76,30,20,0,48.2
5584,6028,15603,300.39,0,20,0,54.07
5585,6030,15606,376.71,0,0,0,67.81
5586,6032,15612,151.74,30,0,0,27.31
5587,6033,15613,345.01,0,0,0,62.1
5588,6033,15614,397.16,0,0,0,71.49
5589,6033,15616,479.68,0,0,0,86.34
5590,6036,15617,216.07,30,50,0,38.89
5591,6038,15623,252.71,30,0,0,45.49
5592,6038,15624,363.97,0,0,0,65.51
5593,6039,15626,250.55,30,20,0,45.1
5594,6040,15627,315.25,30,0,0,56.74
5595,6040,15629,412.54,0,0,0,74.26
5596,6050,15647,360.88,0,20,0,64.96
5597,6052,15650,346.6,0,0,0,62.39
5598,6053,15652,326.17,0,0,0,58.71
5599,6056,15653,284.23,30,20,0,51.16
5600,6057,15658,305.2,0,0,0,54.94
5601,6060,15661,451.61,0,0,0,81.29
5602,6060,15662,267.77,30,50,0,48.2
5603,6062,15665,329.82,0,50,0,59.37
5604,6062,15666,222.57,30,50,0,40.06
5605,6063,15667,355.93,0,50,0,64.07
5606,6065,15670,227.21,30,0,0,40.9
5607,6068,15674,248.99,30,0,0,44.82
5608,6068,15675,200.79,30,0,0,36.14
5609,6069,15676,294.2,30,20,0,52.96
5610,6069,15677,202.8,30,20,0,36.5
5611,6070,15679,264.25,30,0,0,47.56
5612,6071,15683,304.0,0,20,0,54.72
5613,6071,15684,376.23,0,0,0,67.72
5614,6071,15685,299.42,0,0,0,53.9
5615,6073,15686,461.67,0,0,0,83.1
5616,6077,15695,355.81,0,0,0,64.05
5617,6077,15696,419.85,0,50,0,75.57
5618,6081,15698,312.71,0,0,0,56.29
5619,6081,15702,300.19,30,20,0,54.03
5620,6086,15711,323.92,30,0,0,58.31
5621,6086,15712,302.21,0,0,0,54.4
5622,6087,15714,200.47,30,0,0,36.08
5623,6087,15716,306.03,30,0,0,55.09
5624,6089,15722,315.78,0,0,0,56.84
5625,6089,15723,325.37,0,50,0,58.57
5626,6089,15724,315.33,30,0,0,56.76
5627,6093,15736,335.8,0,0,0,60.44
5628,6093,15738,278.74,30,50,0,50.17
5629,6094,15741,343.34,0,0,0,61.8
5630,6096,15745,233.14,30,50,0,41.97
5631,6097,15746,209.78,30,20,0,37.76
5632,6097,15747,394.64,0,20,0,71.04
5633,6098,15749,544.69,0,0,0,98.04
5634,6100,15752,234.35,30,0,0,42.18
5635,6100,15754,419.48,0,0,0,75.51
5636,6100,15756,205.25,30,0,0,36.94
5637,6102,15760,310.91,30,0,0,55.96
5638,6102,15761,292.44,30,0,0,52.64
5639,6103,15762,385.88,0,0,0,69.46
5640,6104,15763,322.07,0,0,0,57.97
5641,6105,15765,282.21,30,20,0,50.8
5642,6107,15767,296.37,30,20,0,53.35
5643,6107,15768,366.93,0,0,0,66.05
5644,6107,15771,257.88,0,50,0,46.42
5645,6107,15772,299.11,30,0,0,53.84
5646,6107,15773,307.87,0,20,0,55.42
5647,6107,15774,280.33,0,50,0,50.46
5648,6108,15778,441.07,0,0,0,79.39
5649,6109,15781,288.05,0,50,0,51.85
5650,6110,15782,217.02,30,50,0,39.06
5651,6118,15797,429.11,0,0,0,77.24
5652,6119,15798,315.1,30,0,0,56.72
5653,6119,15799,330.75,0,20,0,59.54
5654,6120,15800,314.5,30,0,0,56.61
5655,6120,15801,252.97,0,50,0,45.53
5656,6125,15814,221.63,30,0,0,39.89
5657,6125,15816,143.87,30,0,0,25.9
5658,6126,15817,408.05,0,0,0,73.45
5659,6126,15818,337.34,0,20,1,60.72
5660,6127,15819,312.28,0,0,0,56.21
5661,6127,15821,280.51,30,0,0,50.49
5662,6129,15825,461.18,0,0,0,83.01
5663,6130,15830,482.07,0,0,0,86.77
5664,6133,15835,320.41,30,0,0,57.67
5665,6133,15837,379.16,0,0,0,68.25
5666,6133,15838,341.23,0,20,0,61.42
5667,6135,15845,283.31,30,0,0,51.0
5668,6137,15851,309.32,0,0,0,55.68
5669,6137,15852,321.7,30,0,0,57.91
5670,6139,15855,210.78,30,20,0,37.94
5671,6140,15856,250.86,30,0,0,45.15
5672,6141,15857,416.21,0,50,0,74.92
5673,6142,15863,285.52,30,20,0,51.39
5674,6142,15864,275.47,30,0,0,49.58
5675,6144,15869,326.46,30,0,0,58.76
5676,6145,15871,581.08,0,0,0,104.59
5677,6146,15873,410.11,0,0,0,73.82
5678,6146,15874,295.92,30,20,0,53.27
5679,6146,15875,176.54,30,0,0,31.78
5680,6146,15876,440.01,0,0,0,79.2
5681,6148,15879,358.23,0,0,0,64.48
5682,6148,15880,353.06,0,20,0,63.55
5683,6148,15881,351.77,0,0,0,63.32
5684,6149,15883,305.73,0,0,0,55.03
5685,6149,15884,301.69,30,20,0,54.3
5686,6150,15886,320.37,30,0,0,57.67
5687,6150,15888,308.44,0,20,0,55.52
5688,6151,15890,269.43,0,50,0,48.5
5689,6151,15893,270.28,30,0,1,48.65
5690,6152,15896,264.36,30,0,0,47.58
5691,6154,15900,421.97,0,0,0,75.95
5692,6155,15903,520.41,0,20,0,93.67
5693,6156,15904,411.47,0,0,0,74.06
5694,6156,15905,321.66,0,0,0,57.9
5695,6157,15907,294.19,30,0,0,52.95
5696,6159,15909,283.1,30,0,0,50.96
5697,6160,15912,219.99,30,0,0,39.6
5698,6160,15914,317.89,30,0,0,57.22
5699,6162,15918,372.74,0,0,0,67.09
5700,6163,15921,345.47,0,50,0,62.18
5701,6163,15923,265.19,30,0,0,47.73
5702,6164,15925,253.79,30,50,0,45.68
5703,6167,15928,419.45,0,0,0,75.5
5704,6167,15929,343.82,0,20,0,61.89
5705,6169,15932,410.05,0,0,0,73.81
5706,6171,15937,236.95,30,50,0,42.65
5707,6172,15938,92.95,30,20,0,16.73
5708,6172,15939,151.9,30,50,0,27.34
5709,6172,15940,381.06,0,50,0,68.59
5710,6172,15941,388.34,0,0,0,69.9
5711,6173,15942,293.59,0,50,0,52.85
5712,6173,15943,363.14,0,20,0,65.37
5713,6174,15945,416.56,0,0,0,74.98
5714,6177,15952,169.37,30,0,0,30.49
5715,6179,15954,313.64,0,0,0,56.46
5716,6180,15960,530.16,0,0,0,95.43
5717,6182,15961,408.8,0,0,0,73.58
5718,6184,15964,420.04,0,0,0,75.61
5719,6185,15967,414.88,0,0,0,74.68
5720,6186,15968,323.1,30,0,0,58.16
5721,6186,15969,398.19,0,50,0,71.67
5722,6188,15973,474.59,0,20,0,85.43
5723,6188,15974,353.02,0,0,0,63.54
5724,6188,15976,389.66,0,0,0,70.14
5725,6190,15982,324.49,0,50,0,58.41
5726,6190,15983,430.89,0,0,0,77.56
5727,6192,15989,300.72,0,0,0,54.13
5728,6197,15999,379.6,0,20,0,68.33
5729,6197,16001,234.89,30,0,0,42.28
5730,6197,16002,334.8,0,50,0,60.26
5731,6197,16003,380.59,0,20,0,68.51
5732,6201,16011,311.66,0,0,1,56.1
5733,6201,16016,322.2,0,0,0,58.0
5734,6205,16023,401.84,0,50,0,72.33
5735,6206,16029,333.77,0,0,0,60.08
5736,6207,16031,407.18,0,0,0,73.29
5737,6209,16036,222.37,30,0,0,40.03
5738,6211,16041,351.69,0,0,0,63.3
5739,6212,16046,363.33,0,0,0,65.4
5740,6214,16050,357.98,0,20,0,64.44
5741,6215,16054,410.29,0,0,0,73.85
5742,6216,16055,410.61,0,0,0,73.91
5743,6217,16057,301.32,0,0,0,54.24
5744,6218,16062,275.16,0,50,1,49.53
5745,6221,16066,429.17,0,0,0,77.25
5746,6221,16067,322.93,0,50,0,58.13
5747,6226,16076,313.06,0,0,0,56.35
5748,6226,16077,361.38,0,20,0,65.05
5749,6227,16079,425.35,0,0,0,76.56
5750,6227,16080,350.78,0,0,0,63.14
5751,6229,16084,281.47,30,20,0,50.66
5752,6233,16086,317.4,0,0,0,57.13
5753,6233,16088,327.62,0,0,1,58.97
5754,6235,16091,230.96,30,20,0,41.57
5755,6235,16092,151.73,30,0,0,27.31
5756,6236,16095,419.52,0,0,0,75.51
5757,6238,16100,403.49,0,0,0,72.63
5758,6239,16101,272.23,0,50,0,49.0
5759,6239,16102,253.8,30,0,0,45.68
5760,6240,16104,347.19,0,20,0,62.49
5761,6240,16105,390.29,0,0,0,70.25
5762,6241,16107,396.29,0,0,0,71.33
5763,6241,16108,412.21,0,0,0,74.2
5764,6242,16110,322.84,0,20,0,58.11
5765,6244,16111,271.04,0,50,0,48.79
5766,6245,16112,377.0,0,0,0,67.86
5767,6245,16114,423.32,0,50,1,76.2
5768,6248,16119,277.17,30,0,0,49.89
5769,6250,16124,296.12,30,0,0,53.3
5770,6251,16128,330.77,0,20,0,59.54
5771,6252,16129,373.35,0,50,0,67.2
5772,6253,16131,259.7,30,20,0,46.75
5773,6253,16132,162.85,30,0,0,29.31
5774,6253,16133,247.11,30,0,0,44.48
5775,6253,16134,303.34,30,0,0,54.6
5776,6253,16135,323.7,0,20,0,58.27
5777,6256,16145,249.7,0,50,0,44.95
5778,6258,16148,331.35,0,0,0,59.64
5779,6268,16161,484.85,0,0,0,87.27
5780,6268,16164,315.18,30,0,0,56.73
5781,6268,16165,346.39,0,20,0,62.35
5782,6270,16168,371.45,0,0,1,66.86
5783,6275,16176,323.4,30,0,0,58.21
5784,6277,16180,487.61,0,0,0,87.77
5785,6279,16182,330.72,0,20,0,59.53
5786,6279,16184,290.23,30,20,0,52.24
5787,6279,16185,312.7,30,0,0,56.29
5788,6280,16189,488.84,0,20,0,87.99
5789,6282,16191,259.87,30,20,0,46.78
5790,6283,16194,331.61,0,0,0,59.69
5791,6285,16196,308.03,30,0,0,55.45
5792,6286,16197,348.65,0,0,0,62.76
5793,6290,16207,254.81,0,50,0,45.87
5794,6291,16208,342.95,0,0,0,61.73
5795,6291,16213,298.03,30,0,0,53.65
5796,6294,16214,238.73,30,50,0,42.97
5797,6295,16217,302.16,0,0,0,54.39
5798,6295,16219,268.5,30,50,0,48.33
5799,6296,16221,350.85,0,0,0,63.15
5800,6296,16222,309.96,0,0,0,55.79
5801,6297,16224,413.67,0,20,0,74.46
5802,6299,16231,388.32,0,0,0,69.9
5803,6299,16232,398.24,0,0,0,71.68
5804,6300,16236,306.54,0,0,0,55.18
5805,6301,16243,257.13,30,0,0,46.28
5806,6301,16244,332.01,0,20,0,59.76
5807,6302,16248,389.71,0,0,0,70.15
5808,6304,16253,316.06,0,20,0,56.89
5809,6304,16255,307.53,0,0,0,55.36
5810,6304,16256,506.41,0,0,0,91.15
5811,6304,16257,326.94,30,0,0,58.85
5812,6305,16259,224.12,30,0,0,40.34
5813,6310,16270,407.06,0,0,0,73.27
5814,6311,16273,391.1,0,50,0,70.4
5815,6311,16274,310.03,0,0,0,55.81
5816,6311,16277,386.78,0,20,0,69.62
5817,6313,16279,306.08,30,20,0,55.09
5818,6314,16284,353.19,0,20,0,63.57
5819,6314,16285,287.74,30,0,0,51.79
5820,6315,16287,452.63,0,0,0,81.47
5821,6317,16289,443.34,0,0,0,79.8
5822,6317,16290,343.39,0,0,0,61.81
5823,6319,16292,367.65,0,0,0,66.18
5824,6320,16294,263.02,30,50,0,47.34
5825,6321,16298,319.57,0,0,0,57.52
5826,6322,16299,215.39,30,0,0,38.77
5827,6324,16301,326.93,0,50,0,58.85
5828,6324,16302,260.71,0,50,0,46.93
5829,6325,16304,298.41,30,20,0,53.71
5830,6325,16305,75.07,30,20,0,13.51
5831,6325,16306,178.61,30,0,0,32.15
5832,6327,16308,362.84,0,0,0,65.31
5833,6327,16309,313.71,0,50,0,56.47
5834,6327,16310,389.7,0,20,0,70.15
5835,6327,16311,360.91,0,0,0,64.96
5836,6328,16315,247.66,30,50,0,44.58
5837,6331,16318,310.48,0,20,0,55.89
5838,6332,16319,210.03,30,0,0,37.81
5839,6334,16325,229.93,30,0,0,41.39
5840,6339,16333,335.58,0,50,0,60.4
5841,6341,16339,294.3,0,50,0,52.97
5842,6343,16341,329.54,0,0,0,59.32
5843,6343,16344,328.89,0,0,0,59.2
5844,6346,16346,234.36,30,20,0,42.18
5845,6348,16352,387.75,0,0,0,69.8
5846,6348,16353,277.24,30,0,0,49.9
5847,6353,16360,326.14,30,0,0,58.71
5848,6353,16361,297.34,30,0,0,53.52
5849,6353,16363,534.97,0,0,0,96.29
5850,6353,16365,322.88,0,20,0,58.12
5851,6354,16367,379.52,0,20,0,68.31
5852,6354,16368,310.62,0,0,0,55.91
5853,6354,16370,355.0,0,50,0,63.9
5854,6354,16371,498.85,0,0,0,89.79
5855,6355,16373,163.04,30,0,0,29.35
5856,6355,16374,314.17,30,0,0,56.55
5857,6357,16379,336.98,0,0,0,60.66
5858,6357,16380,345.62,0,0,0,62.21
5859,6357,16384,304.56,30,0,0,54.82
5860,6359,16386,359.91,0,20,0,64.78
5861,6359,16387,286.97,30,0,0,51.65
5862,6359,16388,273.73,30,20,0,49.27
5863,6361,16393,323.3,0,0,0,58.19
5864,6362,16395,312.83,0,50,0,56.31
5865,6363,16398,316.35,0,20,0,56.94
5866,6364,16402,300.33,0,20,0,54.06
5867,6365,16404,240.71,30,0,0,43.33
5868,6369,16415,378.41,0,0,0,68.11
5869,6369,16417,303.21,0,0,0,54.58
5870,6370,16420,329.64,0,50,0,59.34
5871,6370,16422,324.49,0,0,0,58.41
5872,6371,16424,318.33,30,0,0,57.3
5873,6371,16427,346.62,0,20,0,62.39
5874,6373,16430,421.91,0,0,0,75.94
5875,6374,16434,255.94,30,50,0,46.07
5876,6378,16439,273.28,30,50,0,49.19
5877,6378,16440,454.34,0,0,0,81.78
5878,6378,16441,320.3,0,0,0,57.65
5879,6379,16443,234.0,30,50,0,42.12
5880,6381,16448,509.24,0,0,0,91.66
5881,6383,16453,416.26,0,0,0,74.93
5882,6383,16456,322.3,30,0,0,58.01
5883,6384,16460,277.71,0,50,0,49.99
5884,6386,16463,302.52,30,20,0,54.45
5885,6386,16464,291.02,0,20,0,52.38
5886,6386,16465,349.11,0,0,0,62.84
5887,6386,16466,324.35,0,50,0,58.38
5888,6387,16467,314.68,30,0,0,56.64
5889,6388,16470,343.71,0,0,0,61.87
5890,6388,16471,417.81,0,0,0,75.21
5891,6389,16475,299.43,0,20,0,53.9
5892,6390,16477,294.32,0,20,0,52.98
5893,6391,16478,334.66,0,20,0,60.24
5894,6392,16480,397.84,0,20,0,71.61
5895,6393,16481,231.55,30,0,0,41.68
5896,6393,16482,358.68,0,0,0,64.56
5897,6393,16483,297.49,30,0,0,53.55
5898,6394,16485,299.6,0,0,0,53.93
5899,6394,16486,309.1,0,50,0,55.64
5900,6395,16489,559.29,0,0,0,100.67
5901,6396,16492,287.9,30,20,0,51.82
5902,6396,16493,410.24,0,0,0,73.84
5903,6397,16495,322.39,30,0,0,58.03
5904,6398,16496,210.69,30,20,0,37.92
5905,6400,16502,304.78,0,0,0,54.86
5906,6403,16506,178.71,30,50,0,32.17
5907,6406,16508,381.62,0,50,0,68.69
5908,6406,16509,471.19,0,0,0,84.81
5909,6407,16510,207.7,30,0,0,37.39
5910,6408,16511,315.61,30,0,0,56.81
5911,6411,16516,292.91,30,20,0,52.72
5912,6411,16517,228.31,30,50,0,41.1
5913,6411,16519,328.52,0,0,0,59.13
5914,6415,16524,161.56,30,0,0,29.08
5915,6417,16529,312.35,0,0,0,56.22
5916,6417,16531,316.81,0,0,0,57.03
5917,6419,16533,492.68,0,20,0,88.68
5918,6419,16534,245.42,30,50,0,44.18
5919,6419,16535,322.91,0,0,0,58.12
5920,6424,16540,249.22,30,50,0,44.86
5921,6425,16545,218.87,30,20,0,39.4
5922,6425,16547,403.18,0,0,0,72.57
5923,6425,16551,396.71,0,0,0,71.41
5924,6426,16553,518.88,0,0,0,93.4
5925,6426,16555,338.21,0,20,0,60.88
5926,6429,16561,255.41,30,0,0,45.97
5927,6432,16567,303.56,30,0,0,54.64
5928,6433,16572,296.2,30,20,0,53.32
5929,6434,16573,306.16,0,0,0,55.11
5930,6435,16575,385.67,0,0,0,69.42
5931,6436,16580,386.87,0,0,0,69.64
5932,6437,16581,323.49,30,0,0,58.23
5933,6439,16583,294.26,30,20,0,52.97
5934,6439,16584,335.03,0,50,1,60.31
5935,6439,16585,410.18,0,0,0,73.83
5936,6441,16592,304.16,0,0,0,54.75
5937,6444,16598,232.3,30,0,0,41.81
5938,6445,16600,337.76,0,0,0,60.8
5939,6445,16601,174.46,30,0,0,31.4
5940,6445,16603,233.47,30,50,0,42.02
5941,6447,16607,491.0,0,0,0,88.38
5942,6448,16610,271.72,30,0,0,48.91
5943,6448,16612,341.02,0,0,0,61.38
5944,6449,16618,252.07,30,0,0,45.37
5945,6451,16622,314.65,0,20,0,56.64
5946,6452,16625,255.26,30,0,0,45.95
5947,6452,16626,263.19,30,0,1,47.37
5948,6454,16628,168.89,30,20,0,30.4
5949,6455,16630,337.6,0,0,0,60.77
5950,6456,16635,297.05,0,50,0,53.47
5951,6458,16640,386.81,0,0,0,69.63
5952,6459,16641,275.13,30,0,0,49.52
5953,6459,16643,358.52,0,0,0,64.53
5954,6460,16644,179.44,30,0,1,32.3
5955,6463,16648,161.31,30,50,0,29.04
5956,6463,16650,326.93,0,0,0,58.85
5957,6465,16652,280.3,30,0,0,50.45
5958,6465,16653,409.27,0,0,0,73.67
5959,6466,16654,230.58,30,0,0,41.5
5960,6466,16655,498.77,0,50,0,89.78
5961,6466,16658,320.64,30,0,0,57.72
5962,6470,16666,449.47,0,0,0,80.9
5963,6471,16667,237.21,30,0,1,42.7
5964,6471,16669,284.73,30,20,1,51.25
5965,6471,16671,363.52,0,20,0,65.43
5966,6475,16676,302.56,30,20,0,54.46
5967,6475,16677,297.94,30,0,0,53.63
5968,6476,16678,260.66,30,50,0,46.92
5969,6476,16681,327.93,0,0,0,59.03
5970,6479,16685,362.32,0,50,0,65.22
5971,6480,16686,287.52,0,20,0,51.75
5972,6482,16688,296.23,30,20,0,53.32
5973,6482,16689,304.04,0,0,0,54.73
5974,6483,16694,283.38,0,50,0,51.01
5975,6484,16696,400.42,0,0,0,72.08
5976,6484,16697,362.67,0,20,0,65.28
5977,6486,16700,190.73,30,50,0,34.33
5978,6486,16703,227.25,30,20,0,40.9
5979,6486,16705,262.69,30,0,0,47.28
5980,6486,16706,207.04,30,50,0,37.27
5981,6486,16708,183.14,30,0,0,32.97
5982,6487,16710,329.72,0,50,0,59.35
5983,6488,16711,456.28,0,0,0,82.13
5984,6489,16715,437.54,0,0,0,78.76
5985,6489,16718,335.92,0,0,0,60.47
5986,6491,16721,302.06,0,0,0,54.37
5987,6492,16722,227.55,30,50,0,40.96
5988,6492,16725,243.14,30,50,0,43.77
5989,6493,16727,520.09,0,0,0,93.62
5990,6493,16729,383.07,0,0,0,68.95
5991,6493,16730,439.16,0,20,0,79.05
5992,6493,16731,320.92,0,20,0,57.77
5993,6496,16735,286.41,0,50,0,51.55
5994,6497,16738,432.38,0,0,0,77.83
5995,6497,16739,367.05,0,50,0,66.07
5996,6498,16743,333.72,0,0,0,60.07
5997,6499,16744,221.33,30,20,0,39.84
5998,6499,16745,301.4,0,0,0,54.25
5999,6501,16747,456.15,0,0,0,82.11
6000,6502,16748,281.15,30,0,0,50.61
6001,6502,16750,276.45,30,20,0,49.76
6002,6502,16751,264.87,0,50,0,47.68
6003,6502,16753,494.34,0,0,0,88.98
6004,6504,16757,259.56,30,50,0,46.72
6005,6504,16758,442.1,0,0,0,79.58
6006,6504,16759,313.09,30,0,0,56.36
6007,6506,16760,479.52,0,0,0,86.31
6008,6508,16762,350.22,0,20,0,63.04
6009,6508,16765,438.68,0,20,0,78.96
6010,6508,16766,381.3,0,0,0,68.63
6011,6508,16769,415.25,0,0,0,74.74
6012,6509,16770,297.88,30,0,0,53.62
6013,6509,16771,457.35,0,0,0,82.32
6014,6509,16773,407.26,0,0,0,73.31
6015,6509,16774,302.58,30,20,0,54.46
6016,6510,16775,250.43,30,50,0,45.08
6017,6510,16778,357.4,0,20,0,64.33
6018,6511,16779,203.8,30,0,0,36.68
6019,6511,16780,350.05,0,0,0,63.01
6020,6511,16782,305.8,30,0,0,55.04
6021,6512,16784,432.48,0,0,0,77.85
6022,6512,16785,400.68,0,0,0,72.12
6023,6514,16786,450.9,0,0,0,81.16
6024,6516,16788,169.26,30,20,1,30.47
6025,6518,16792,239.39,30,0,1,43.09
6026,6519,16797,277.98,0,50,0,50.04
6027,6519,16798,346.96,0,0,0,62.45
6028,6519,16799,374.91,0,0,0,67.48
6029,6520,16802,262.89,0,50,0,47.32
6030,6520,16803,325.79,30,0,0,58.64
6031,6521,16805,385.86,0,20,0,69.45
6032,6521,16810,261.7,30,20,0,47.11
6033,6522,16812,353.69,0,0,0,63.66
6034,6525,16816,509.33,0,0,0,91.68
6035,6525,16819,448.57,0,0,0,80.74
6036,6526,16825,239.34,30,0,0,43.08
6037,6527,16826,315.8,0,0,0,56.84
6038,6528,16828,317.11,0,0,0,57.08
6039,6528,16829,368.51,0,0,0,66.33
6040,6529,16830,384.43,0,20,0,69.2
6041,6531,16833,397.91,0,20,0,71.62
6042,6534,16844,231.89,30,50,0,41.74
6043,6534,16847,244.97,30,0,0,44.09
6044,6534,16848,263.46,30,0,0,47.42
6045,6535,16851,401.2,0,20,0,72.22
6046,6536,16853,495.29,0,0,0,89.15
6047,6536,16856,367.48,0,0,0,66.15
6048,6536,16857,173.04,30,0,1,31.15
6049,6536,16859,217.01,30,50,0,39.06
6050,6536,16860,311.68,0,0,0,56.1
6051,6536,16861,335.92,0,20,0,60.47
6052,6537,16864,361.95,0,0,0,65.15
6053,6537,16865,348.58,0,20,0,62.74
6054,6537,16867,219.06,30,0,0,39.43
6055,6538,16868,476.34,0,50,0,85.74
6056,6538,16870,447.46,0,0,0,80.54
6057,6539,16873,257.93,30,50,0,46.43
6058,6539,16874,475.44,0,0,0,85.58
6059,6540,16878,436.42,0,0,0,78.56
6060,6542,16881,335.08,0,0,0,60.31
6061,6543,16883,311.69,30,0,0,56.1
6062,6548,16893,510.62,0,0,0,91.91
6063,6548,16895,344.37,0,50,0,61.99
6064,6549,16897,145.3,30,0,0,26.15
6065,6550,16900,207.61,30,0,0,37.37
6066,6551,16903,318.53,0,0,0,57.34
6067,6552,16904,220.26,30,50,0,39.65
6068,6554,16911,362.0,0,0,0,65.16
6069,6554,16914,204.65,30,50,0,36.84
6070,6556,16917,442.62,0,0,0,79.67
6071,6556,16920,319.39,30,0,0,57.49
6072,6556,16921,391.69,0,0,0,70.5
6073,6557,16922,305.49,30,20,0,54.99
6074,6558,16924,119.71,30,0,1,21.55
6075,6558,16926,337.63,0,0,0,60.77
6076,6564,16933,415.43,0,0,0,74.78
6077,6566,16935,246.74,30,0,0,44.41
6078,6567,16937,274.82,30,20,0,49.47
6079,6567,16939,435.2,0,20,0,78.34
6080,6568,16942,349.4,0,0,0,62.89
6081,6568,16944,173.81,30,50,0,31.29
6082,6569,16949,324.25,30,0,0,58.36
6083,6570,16954,298.46,0,50,0,53.72
6084,6573,16957,249.16,30,50,0,44.85
6085,6573,16960,229.65,30,50,0,41.34
6086,6573,16961,446.73,0,50,0,80.41
6087,6574,16962,303.09,30,0,0,54.56
6088,6574,16963,355.74,0,0,0,64.03
6089,6575,16967,152.49,30,50,0,27.45
6090,6578,16974,369.42,0,20,0,66.5
6091,6580,16976,284.27,30,0,0,51.17
6092,6581,16977,326.64,30,0,0,58.8
6093,6581,16978,338.72,0,0,0,60.97
6094,6582,16980,321.15,30,0,0,57.81
6095,6582,16981,281.03,0,50,0,50.59
6096,6583,16984,111.23,30,0,0,20.02
6097,6585,16989,360.71,0,0,0,64.93
6098,6586,16994,267.32,30,20,0,48.12
6099,6586,16995,296.43,30,0,0,53.36
6100,6586,16996,532.86,0,0,0,95.91
6101,6588,17001,394.44,0,0,0,71.0
6102,6590,17005,342.25,0,50,0,61.6
6103,6592,17006,130.47,30,50,0,23.48
6104,6593,17007,301.03,30,20,0,54.19
6105,6594,17011,203.49,30,20,0,36.63
6106,6594,17012,221.08,30,50,0,39.79
6107,6594,17014,177.72,30,20,0,31.99
6108,6594,17015,216.34,30,50,0,38.94
6109,6599,17028,366.66,0,20,0,66.0
6110,6599,17029,357.18,0,0,0,64.29
6111,6599,17030,312.63,0,50,0,56.27
6112,6601,17031,265.86,30,0,0,47.85
6113,6601,17034,377.66,0,0,0,67.98
6114,6603,17039,337.25,0,20,1,60.7
6115,6603,17040,341.36,0,0,0,61.44
6116,6604,17042,357.32,0,0,0,64.32
6117,6604,17044,278.83,0,50,0,50.19
6118,6604,17045,317.03,30,0,0,57.07
6119,6608,17049,307.19,0,0,0,55.29
6120,6608,17050,307.59,0,0,0,55.37
6121,6609,17053,289.96,0,20,0,52.19
6122,6609,17054,444.83,0,20,0,80.07
6123,6609,17055,394.94,0,0,0,71.09
6124,6612,17064,336.21,0,0,0,60.52
6125,6614,17068,333.57,0,0,0,60.04
6126,6614,17070,311.21,0,0,0,56.02
6127,6614,17072,193.62,30,0,0,34.85
6128,6615,17073,99.64,30,50,0,17.94
6129,6616,17074,167.56,30,50,0,30.16
6130,6618,17080,200.39,30,0,0,36.07
6131,6619,17086,449.03,0,0,0,80.83
6132,6620,17087,150.68,30,20,0,27.12
6133,6623,17093,491.92,0,20,0,88.55
6134,6623,17094,242.05,30,50,0,43.57
6135,6627,17100,265.4,30,0,0,47.77
6136,6629,17105,299.02,0,50,0,53.82
6137,6630,17106,473.37,0,0,0,85.21
6138,6632,17108,317.07,30,0,0,57.07
6139,6632,17110,280.9,30,0,0,50.56
6140,6633,17112,382.28,0,0,0,68.81
6141,6633,17114,387.98,0,0,0,69.84
6142,6634,17115,300.79,0,0,0,54.14
6143,6636,17121,280.65,0,50,0,50.52
6144,6637,17124,193.88,30,50,0,34.9
6145,6639,17126,368.29,0,50,0,66.29
6146,6639,17127,384.73,0,50,0,69.25
6147,6639,17128,347.08,0,0,1,62.47
6148,6643,17134,332.34,0,0,0,59.82
6149,6643,17135,355.93,0,0,0,64.07
6150,6644,17136,495.92,0,20,0,89.27
6151,6647,17141,243.05,30,20,0,43.75
6152,6647,17142,349.64,0,0,0,62.94
6153,6647,17143,248.77,30,50,0,44.78
6154,6649,17145,263.52,30,0,0,47.43
6155,6651,17151,302.96,0,0,0,54.53
6156,6652,17153,332.94,0,0,0,59.93
6157,6652,17154,370.58,0,0,0,66.7
6158,6653,17156,267.99,0,50,0,48.24
6159,6653,17157,348.43,0,0,0,62.72
6160,6653,17158,297.55,0,50,0,53.56
6161,6654,17160,306.19,0,20,0,55.11
6162,6655,17166,450.81,0,0,0,81.15
6163,6658,17174,323.29,0,50,0,58.19
6164,6659,17177,466.52,0,0,0,83.97
6165,6660,17179,324.02,30,0,0,58.32
6166,6666,17187,317.85,0,0,0,57.21
6167,6667,17190,273.48,30,0,0,49.23
6168,6667,17191,294.04,30,0,0,52.93
6169,6668,17193,411.2,0,0,0,74.02
6170,6670,17199,394.9,0,0,0,71.08
6171,6670,17201,214.16,30,0,0,38.55
6172,6670,17202,300.2,30,0,0,54.04
6173,6670,17203,354.41,0,0,0,63.79
6174,6672,17209,422.26,0,50,0,76.01
6175,6672,17210,338.35,0,50,0,60.9
6176,6673,17212,288.06,30,0,0,51.85
6177,6673,17214,287.06,30,0,0,51.67
6178,6676,17219,175.94,30,20,0,31.67
6179,6677,17221,434.99,0,50,0,78.3
6180,6677,17222,317.01,30,0,0,57.06
6181,6678,17224,325.0,30,0,0,58.5
6182,6678,17226,326.78,30,0,0,58.82
6183,6679,17229,362.75,0,0,0,65.3
6184,6679,17230,287.94,30,0,0,51.83
6185,6679,17231,370.38,0,50,0,66.67
6186,6680,17233,262.5,30,50,0,47.25
6187,6684,17243,420.86,0,0,0,75.75
6188,6687,17246,319.17,0,0,0,57.45
6189,6687,17247,265.85,0,50,0,47.85
6190,6688,17251,269.53,30,20,0,48.52
6191,6689,17252,163.51,30,0,0,29.43
6192,6692,17257,214.45,30,20,1,38.6
6193,6693,17258,250.74,0,50,0,45.13
6194,6696,17260,246.95,30,50,1,44.45
6195,6698,17264,309.57,0,0,0,55.72
6196,6699,17265,411.95,0,20,0,74.15
6197,6702,17270,317.31,0,50,0,57.12
6198,6702,17272,199.36,30,50,0,35.88
6199,6704,17277,341.75,0,20,0,61.52
6200,6704,17278,317.13,0,20,0,57.08
6201,6704,17280,400.58,0,0,0,72.1
6202,6704,17281,517.37,0,0,0,93.13
6203,6704,17283,501.19,0,0,0,90.21
6204,6705,17285,324.21,0,50,0,58.36
6205,6708,17292,79.48,30,50,0,14.31
6206,6709,17295,440.83,0,0,0,79.35
6207,6709,17299,139.14,30,0,0,25.05
6208,6709,17300,322.48,0,50,0,58.05
6209,6710,17302,321.42,0,0,0,57.86
6210,6710,17304,308.01,30,0,0,55.44
6211,6714,17310,286.13,30,0,0,51.5
6212,6715,17312,415.99,0,0,0,74.88
6213,6716,17313,412.85,0,0,0,74.31
6214,6717,17315,298.9,0,50,0,53.8
6215,6718,17318,350.48,0,0,0,63.09
6216,6718,17323,365.91,0,50,0,65.86
6217,6719,17324,69.64,30,50,0,12.54
6218,6721,17328,309.87,0,0,0,55.78
6219,6721,17332,319.97,30,0,0,57.59
6220,6722,17334,341.56,0,50,0,61.48
6221,6723,17342,423.32,0,0,0,76.2
6222,6724,17345,192.53,30,20,0,34.66
6223,6724,17346,361.89,0,20,0,65.14
6224,6725,17352,341.45,0,50,0,61.46
6225,6726,17353,108.2,30,50,0,19.48
6226,6726,17355,334.12,0,0,0,60.14
6227,6726,17357,428.79,0,20,0,77.18
6228,6728,17362,280.42,30,0,0,50.48
6229,6730,17365,321.3,30,0,0,57.83
6230,6730,17366,260.21,30,50,0,46.84
6231,6731,17367,375.81,0,0,0,67.65
6232,6734,17369,366.7,0,50,0,66.01
6233,6734,17370,444.84,0,20,0,80.07
6234,6734,17371,387.73,0,50,0,69.79
6235,6735,17372,336.77,0,0,0,60.62
6236,6735,17373,308.1,0,0,0,55.46
6237,6739,17380,487.41,0,0,0,87.73
6238,6739,17381,304.57,0,50,0,54.82
6239,6739,17382,192.99,30,0,0,34.74
6240,6740,17384,211.23,30,0,0,38.02
6241,6740,17385,280.93,0,50,0,50.57
6242,6743,17388,321.54,0,20,1,57.88
6243,6743,17389,295.27,30,0,0,53.15
6244,6744,17390,382.2,0,0,0,68.8
6245,6748,17399,444.24,0,0,0,79.96
6246,6750,17406,312.72,30,0,0,56.29
6247,6751,17409,283.05,30,20,0,50.95
6248,6752,17410,322.87,0,0,0,58.12
6249,6755,17420,300.48,30,20,0,54.09
6250,6756,17421,368.07,0,50,0,66.25
6251,6756,17424,306.76,0,20,0,55.22
6252,6756,17425,187.47,30,0,0,33.74
6253,6756,17426,273.55,30,50,0,49.24
6254,6757,17427,392.54,0,0,0,70.66
6255,6757,17428,391.19,0,0,0,70.41
6256,6758,17431,253.85,30,0,0,45.69
6257,6758,17434,237.72,30,20,0,42.79
6258,6759,17437,298.77,0,20,0,53.78
6259,6763,17443,245.3,30,0,0,44.15
6260,6763,17444,260.38,30,0,0,46.87
6261,6769,17448,280.75,0,50,0,50.54
6262,6769,17449,444.99,0,0,0,80.1
6263,6771,17453,314.56,30,0,0,56.62
6264,6772,17454,207.05,30,0,1,37.27
6265,6772,17456,355.2,0,0,0,63.94
6266,6773,17462,227.06,30,0,0,40.87
6267,6774,17468,328.01,0,0,0,59.04
6268,6775,17469,435.88,0,0,0,78.46
6269,6776,17472,257.31,0,50,0,46.32
6270,6778,17474,403.36,0,0,0,72.6
6271,6779,17475,339.89,0,0,0,61.18
6272,6780,17477,370.6,0,20,0,66.71
6273,6782,17480,254.33,30,0,0,45.78
6274,6782,17484,489.85,0,50,0,88.17
6275,6783,17485,371.53,0,0,0,66.88
6276,6784,17486,218.52,30,50,0,39.33
6277,6786,17488,250.05,30,0,0,45.01
6278,6787,17490,431.34,0,0,0,77.64
6279,6787,17491,248.08,30,50,0,44.65
6280,6788,17494,416.86,0,50,0,75.03
6281,6788,17497,189.26,30,20,0,34.07
6282,6789,17499,218.66,30,50,0,39.36
6283,6790,17501,298.28,0,50,0,53.69
6284,6790,17503,153.2,30,20,0,27.58
6285,6791,17508,393.35,0,20,0,70.8
6286,6792,17509,240.44,30,50,0,43.28
6287,6792,17510,330.42,0,0,0,59.48
6288,6792,17511,310.73,30,0,0,55.93
6289,6794,17515,369.48,0,0,0,66.51
6290,6796,17517,276.95,30,20,0,49.85
6291,6799,17529,442.28,0,0,0,79.61
6292,6800,17532,299.11,0,0,0,53.84
6293,6803,17537,366.16,0,0,0,65.91
6294,6806,17542,310.33,0,20,0,55.86
6295,6806,17544,198.24,30,0,0,35.68
6296,6806,17545,213.55,30,50,0,38.44
6297,6812,17551,314.85,0,0,0,56.67
6298,6813,17555,480.31,0,0,0,86.46
6299,6813,17556,213.96,30,0,0,38.51
6300,6813,17557,335.08,0,50,0,60.31
6301,6813,17558,277.38,30,0,0,49.93
6302,6815,17563,278.8,30,50,0,50.18
6303,6817,17565,346.23,0,0,0,62.32
6304,6817,17567,268.54,30,0,1,48.34
6305,6818,17570,306.07,30,0,0,55.09
6306,6819,17575,234.74,30,0,0,42.25
6307,6819,17577,255.21,30,0,0,45.94
6308,6820,17580,382.21,0,20,0,68.8
6309,6820,17582,416.4,0,20,0,74.95
6310,6820,17583,368.32,0,0,0,66.3
6311,6821,17584,265.57,30,0,0,47.8
6312,6821,17585,457.17,0,0,0,82.29
6313,6821,17586,281.42,30,20,0,50.66
6314,6823,17592,358.6,0,20,0,64.55
6315,6823,17594,208.78,30,20,0,37.58
6316,6823,17596,273.61,30,0,0,49.25
6317,6823,17597,326.57,0,0,0,58.78
6318,6824,17599,485.1,0,0,0,87.32
6319,6824,17602,451.1,0,0,0,81.2
6320,6825,17604,357.66,0,0,0,64.38
6321,6825,17605,421.64,0,0,0,75.9
6322,6827,17610,254.63,30,0,0,45.83
6323,6828,17612,397.26,0,0,0,71.51
6324,6829,17616,438.65,0,50,0,78.96
6325,6829,17618,219.77,30,50,0,39.56
6326,6832,17621,356.39,0,20,0,64.15
6327,6833,17625,341.56,0,20,0,61.48
6328,6835,17628,389.22,0,0,0,70.06
6329,6835,17629,250.23,30,20,0,45.04
6330,6835,17631,426.07,0,20,0,76.69
6331,6835,17632,306.26,30,0,0,55.13
6332,6836,17633,296.99,30,0,0,53.46
6333,6837,17634,375.21,0,0,0,67.54
6334,6839,17640,194.05,30,0,0,34.93
6335,6839,17641,272.35,30,0,0,49.02
6336,6841,17644,313.27,30,0,0,56.39
6337,6842,17645,296.82,30,0,0,53.43
6338,6842,17646,269.41,30,0,0,48.49
6339,6844,17648,301.23,0,20,0,54.22
6340,6844,17653,237.64,30,50,0,42.78
6341,6845,17655,419.01,0,0,0,75.42
6342,6850,17658,304.16,0,20,0,54.75
6343,6851,17661,288.09,30,0,0,51.86
6344,6852,17663,327.88,0,0,0,59.02
6345,6855,17668,226.67,30,50,0,40.8
6346,6855,17672,299.1,0,50,0,53.84
6347,6857,17674,287.76,0,20,0,51.8
6348,6859,17677,304.06,0,0,0,54.73
6349,6863,17685,401.83,0,20,0,72.33
6350,6864,17689,297.96,30,0,0,53.63
6351,6864,17691,215.69,30,0,0,38.82
6352,6866,17692,240.01,30,50,0,43.2
6353,6866,17693,379.99,0,0,0,68.4
6354,6867,17695,384.55,0,0,0,69.22
6355,6869,17700,238.44,30,50,0,42.92
6356,6872,17708,381.84,0,0,0,68.73
6357,6874,17712,372.87,0,50,0,67.12
6358,6875,17714,318.38,0,20,0,57.31
6359,6877,17715,344.86,0,0,0,62.07
6360,6878,17719,313.57,0,0,0,56.44
6361,6879,17721,258.27,30,50,0,46.49
6362,6879,17723,288.87,30,0,0,52.0
6363,6880,17725,176.2,30,20,0,31.72
6364,6880,17726,343.44,0,0,0,61.82
6365,6881,17727,321.91,0,0,0,57.94
6366,6883,17733,336.37,0,0,0,60.55
6367,6883,17737,269.61,30,0,0,48.53
6368,6883,17738,305.6,0,20,0,55.01
6369,6886,17745,460.74,0,50,0,82.93
6370,6887,17752,359.7,0,20,0,64.75
6371,6888,17753,386.19,0,0,0,69.51
6372,6888,17755,506.87,0,0,0,91.24
6373,6889,17760,315.07,0,20,0,56.71
6374,6889,17762,354.35,0,20,0,63.78
6375,6890,17764,279.45,30,20,0,50.3
6376,6890,17768,232.66,30,50,0,41.88
6377,6892,17773,330.84,0,0,0,59.55
6378,6893,17774,401.46,0,0,0,72.26
6379,6895,17779,310.19,0,20,0,55.83
6380,6896,17783,232.05,30,0,0,41.77
6381,6899,17790,430.69,0,0,0,77.52
6382,6900,17795,290.07,30,0,1,52.21
6383,6902,17798,401.02,0,0,0,72.18
6384,6902,17799,277.79,30,0,0,50.0
6385,6902,17801,300.85,0,0,0,54.15
6386,6904,17803,390.81,0,0,0,70.35
6387,6907,17809,281.66,0,50,0,50.7
6388,6907,17810,407.05,0,20,0,73.27
6389,6909,17815,230.2,30,0,0,41.44
6390,6909,17816,420.81,0,0,0,75.75
6391,6910,17817,302.3,0,0,0,54.41
6392,6911,17819,273.66,30,0,0,49.26
6393,6911,17820,403.46,0,0,0,72.62
6394,6912,17822,300.34,30,0,0,54.06
6395,6912,17824,397.66,0,20,0,71.58
6396,6916,17829,151.82,30,50,0,27.33
6397,6917,17830,196.26,30,0,0,35.33
6398,6919,17835,329.36,0,50,0,59.28
6399,6920,17837,462.06,0,0,0,83.17
6400,6921,17839,273.28,30,20,0,49.19
6401,6924,17840,388.82,0,50,0,69.99
6402,6924,17842,268.28,0,50,0,48.29
6403,6924,17844,326.74,0,0,0,58.81
6404,6925,17847,200.6,30,0,0,36.11
6405,6926,17850,351.65,0,50,0,63.3
6406,6928,17851,319.04,0,0,0,57.43
6407,6930,17855,348.76,0,50,0,62.78
6408,6932,17859,272.49,0,50,0,49.05
6409,6933,17862,465.35,0,0,0,83.76
6410,6936,17868,170.32,30,0,0,30.66
6411,6937,17872,352.38,0,0,0,63.43
6412,6937,17875,181.34,30,50,0,32.64
6413,6938,17876,272.4,0,50,0,49.03
6414,6940,17880,323.31,0,50,0,58.2
6415,6941,17884,517.69,0,20,0,93.18
6416,6943,17886,311.75,0,20,0,56.11
6417,6943,17887,328.56,0,50,0,59.14
6418,6944,17890,347.93,0,20,0,62.63
6419,6944,17891,266.73,30,50,0,48.01
6420,6946,17895,278.47,30,50,0,50.12
6421,6947,17898,323.9,30,0,0,58.3
6422,6947,17901,511.48,0,50,0,92.07
6423,6947,17902,253.25,30,50,0,45.58
6424,6950,17907,407.8,0,0,0,73.4
6425,6951,17908,269.9,30,50,0,48.58
6426,6952,17910,323.41,0,50,0,58.21
6427,6952,17911,298.27,0,20,0,53.69
6428,6952,17913,410.49,0,0,0,73.89
6429,6953,17916,286.59,0,50,0,51.59
6430,6953,17918,269.42,0,50,0,48.5
6431,6957,17922,339.75,0,0,0,61.16
6432,6960,17930,380.9,0,0,0,68.56
6433,6960,17932,332.74,0,0,0,59.89
6434,6963,17934,225.99,30,20,0,40.68
6435,6965,17935,427.59,0,0,0,76.97
6436,6965,17936,201.98,30,0,0,36.36
6437,6965,17937,478.36,0,20,0,86.1
6438,6966,17941,251.08,30,0,0,45.19
6439,6967,17946,350.94,0,0,0,63.17
6440,6967,17947,374.0,0,20,0,67.32
6441,6970,17952,382.43,0,0,0,68.84
6442,6970,17953,213.81,30,50,0,38.49
6443,6970,17954,363.96,0,20,0,65.51
6444,6971,17955,292.61,30,0,0,52.67
6445,6972,17957,365.44,0,50,0,65.78
6446,6974,17961,296.58,30,0,0,53.38
6447,6975,17966,294.16,30,20,0,52.95
6448,6976,17969,105.72,30,50,0,19.03
6449,6976,17971,220.91,30,0,0,39.76
6450,6976,17972,439.13,0,50,0,79.04
6451,6976,17973,314.71,0,50,0,56.65
6452,6977,17975,216.77,30,0,0,39.02
6453,6979,17978,277.36,30,50,0,49.92
6454,6979,17979,320.74,0,0,0,57.73
6455,6979,17981,336.38,0,20,0,60.55
6456,6979,17982,319.39,0,0,0,57.49
6457,6981,17985,343.62,0,0,0,61.85
6458,6981,17987,377.92,0,0,0,68.03
6459,6984,17994,364.83,0,0,0,65.67
6460,6985,17997,321.48,0,0,0,57.87
6461,6986,18000,393.17,0,0,0,70.77
6462,6987,18003,322.6,0,0,0,58.07
6463,6991,18007,306.42,0,50,0,55.16
6464,6992,18008,401.2,0,0,0,72.22
6465,6993,18010,315.35,30,0,0,56.76
6466,6994,18012,216.88,30,0,0,39.04
6467,6995,18013,272.82,0,50,0,49.11
6468,6996,18015,179.0,30,0,0,32.22
6469,6996,18016,173.41,30,0,0,31.21
6470,6999,18021,423.82,0,20,0,76.29
6471,7000,18024,241.9,30,20,0,43.54
6472,7000,18026,239.54,30,0,0,43.12
6473,7000,18027,323.53,0,50,0,58.24
6474,7002,18029,241.14,30,0,0,43.41
6475,7002,18030,299.9,30,20,0,53.98
6476,7002,18033,204.01,30,50,0,36.72
6477,7003,18034,221.08,30,0,0,39.79
6478,7004,18039,265.68,30,50,0,47.82
6479,7005,18045,412.56,0,0,0,74.26
6480,7005,18046,184.17,30,0,0,33.15
6481,7005,18048,278.61,0,50,0,50.15
6482,7006,18051,286.35,30,0,0,51.54
6483,7006,18052,384.65,0,20,0,69.24
6484,7007,18054,330.27,0,0,0,59.45
6485,7007,18055,313.27,30,0,0,56.39
6486,7007,18056,314.27,0,0,0,56.57
6487,7008,18057,331.36,0,0,0,59.64
6488,7008,18059,408.75,0,0,0,73.58
6489,7008,18060,357.94,0,50,0,64.43
6490,7016,18069,183.8,30,20,0,33.08
6491,7016,18070,333.15,0,20,0,59.97
6492,7016,18071,294.98,30,0,0,53.1
6493,7018,18073,296.99,0,20,0,53.46
6494,7019,18074,234.02,30,20,0,42.12
6495,7021,18077,161.83,30,50,0,29.13
6496,7025,18083,359.27,0,0,0,64.67
6497,7026,18086,214.13,30,50,0,38.54
6498,7026,18087,393.94,0,0,0,70.91
6499,7026,18088,269.48,0,50,0,48.51
6500,7027,18089,359.23,0,0,0,64.66
6501,7028,18095,288.65,30,0,0,51.96
6502,7028,18096,409.86,0,50,0,73.77
6503,7029,18099,197.35,30,50,0,35.52
6504,7030,18101,441.66,0,0,0,79.5
6505,7030,18104,438.19,0,0,0,78.87
6506,7031,18108,362.08,0,0,0,65.17
6507,7032,18111,383.75,0,0,0,69.08
6508,7033,18116,321.43,0,50,0,57.86
6509,7033,18117,189.19,30,50,0,34.05
6510,7033,18118,186.77,30,0,0,33.62
6511,7037,18121,327.32,0,0,0,58.92
6512,7037,18124,482.8,0,0,0,86.9
6513,7038,18128,302.37,30,0,0,54.43
6514,7040,18131,336.02,0,20,0,60.48
6515,7040,18132,317.16,0,0,0,57.09
6516,7043,18138,327.21,0,0,0,58.9
6517,7043,18139,249.93,30,0,0,44.99
6518,7043,18140,134.72,30,0,0,24.25
6519,7045,18142,311.01,30,0,0,55.98
6520,7045,18144,300.27,0,0,0,54.05
6521,7046,18145,218.84,30,20,0,39.39
6522,7046,18146,185.44,30,50,0,33.38
6523,7049,18160,408.32,0,0,0,73.5
6524,7049,18163,391.79,0,0,0,70.52
6525,7050,18165,264.03,30,0,0,47.53
6526,7050,18166,185.76,30,0,0,33.44
6527,7050,18167,414.13,0,0,0,74.54
6528,7051,18168,403.09,0,50,0,72.56
6529,7052,18170,309.84,30,0,0,55.77
6530,7053,18174,291.79,0,20,0,52.52
6531,7055,18178,264.12,30,50,0,47.54
6532,7057,18180,326.73,0,0,0,58.81
6533,7057,18181,438.4,0,50,0,78.91
6534,7057,18183,268.72,30,0,0,48.37
6535,7061,18187,251.52,0,50,0,45.27
6536,7061,18189,304.19,30,20,0,54.75
6537,7061,18190,352.72,0,20,0,63.49
6538,7069,18203,308.72,30,0,0,55.57
6539,7071,18210,326.06,30,0,0,58.69
6540,7071,18211,312.36,0,0,0,56.22
6541,7072,18217,485.68,0,50,0,87.42
6542,7072,18218,226.68,30,50,0,40.8
6543,7073,18221,527.84,0,0,0,95.01
6544,7074,18222,297.04,0,20,0,53.47
6545,7075,18223,383.5,0,0,0,69.03
6546,7076,18225,186.75,30,50,0,33.62
6547,7079,18234,274.0,0,50,0,49.32
6548,7081,18241,294.06,30,0,0,52.93
6549,7083,18244,378.25,0,0,0,68.08
6550,7085,18250,262.95,30,20,0,47.33
6551,7086,18254,250.6,30,0,1,45.11
6552,7088,18259,263.48,30,0,0,47.43
6553,7089,18262,434.99,0,0,0,78.3
6554,7095,18273,347.78,0,0,0,62.6
6555,7095,18275,344.65,0,50,0,62.04
6556,7096,18278,458.17,0,0,0,82.47
6557,7097,18279,238.68,30,0,0,42.96
6558,7097,18281,394.02,0,20,0,70.92
6559,7099,18284,322.0,30,0,0,57.96
6560,7102,18293,267.9,30,0,0,48.22
6561,7102,18294,413.14,0,0,0,74.37
6562,7103,18298,266.06,30,0,0,47.89
6563,7104,18301,348.5,0,0,0,62.73
6564,7104,18303,498.88,0,20,0,89.8
6565,7106,18305,397.64,0,0,0,71.58
6566,7106,18306,300.87,0,0,0,54.16
6567,7107,18308,411.53,0,20,0,74.08
6568,7107,18309,384.0,0,0,0,69.12
6569,7110,18316,380.82,0,0,0,68.55
6570,7111,18318,303.01,30,20,0,54.54
6571,7115,18325,195.49,30,0,0,35.19
6572,7117,18329,321.15,30,0,0,57.81
6573,7117,18332,363.05,0,50,0,65.35
6574,7118,18335,233.81,30,20,0,42.09
6575,7122,18341,316.01,0,0,0,56.88
6576,7123,18342,178.29,30,0,0,32.09
6577,7124,18344,305.54,0,0,0,55.0
6578,7126,18346,287.47,30,0,0,51.74
6579,7126,18348,332.3,0,0,0,59.81
6580,7127,18350,156.45,30,20,0,28.16
6581,7128,18353,307.43,30,0,0,55.34
6582,7128,18354,312.53,0,0,0,56.26
6583,7129,18355,376.61,0,20,0,67.79
6584,7129,18357,286.28,0,50,0,51.53
6585,7131,18358,343.09,0,50,0,61.76
6586,7131,18360,213.07,30,0,0,38.35
6587,7132,18361,217.41,30,50,0,39.13
6588,7132,18363,379.98,0,0,0,68.4
6589,7134,18368,360.06,0,20,0,64.81
6590,7134,18370,305.4,30,20,0,54.97
6591,7136,18373,263.93,0,50,0,47.51
6592,7137,18374,316.89,0,0,0,57.04
6593,7139,18378,406.15,0,20,0,73.11
6594,7140,18384,274.89,30,50,0,49.48
6595,7141,18390,345.15,0,0,0,62.13
6596,7142,18392,303.64,30,0,0,54.66
6597,7144,18399,291.71,30,20,1,52.51
6598,7145,18401,386.09,0,0,0,69.5
6599,7149,18409,343.71,0,0,0,61.87
6600,7151,18414,438.61,0,0,0,78.95
6601,7151,18419,313.52,0,0,0,56.43
6602,7153,18420,294.52,30,0,0,53.01
6603,7153,18423,264.12,30,0,0,47.54
6604,7153,18424,323.54,30,0,0,58.24
6605,7154,18427,395.2,0,0,0,71.14
6606,7156,18432,280.95,0,20,0,50.57
6607,7156,18433,352.98,0,0,0,63.54
6608,7157,18435,294.87,0,20,0,53.08
6609,7158,18437,303.6,0,0,0,54.65
6610,7162,18441,255.64,30,0,0,46.02
6611,7163,18443,369.49,0,20,0,66.51
6612,7163,18444,367.7,0,50,0,66.19
6613,7164,18445,376.2,0,50,0,67.72
6614,7164,18447,312.54,30,0,0,56.26
6615,7164,18448,160.7,30,0,0,28.93
6616,7164,18449,245.93,30,0,0,44.27
6617,7167,18452,320.42,30,0,0,57.68
6618,7168,18455,254.24,0,50,0,45.76
6619,7168,18456,396.71,0,0,0,71.41
6620,7172,18468,281.66,0,20,0,50.7
6621,7173,18471,401.0,0,0,0,72.18
6622,7173,18472,489.29,0,0,0,88.07
6623,7173,18473,239.06,30,50,0,43.03
6624,7175,18478,333.09,0,0,0,59.96
6625,7175,18479,219.49,30,50,0,39.51
6626,7175,18481,176.05,30,50,0,31.69
6627,7175,18482,255.41,0,50,0,45.97
6628,7176,18483,265.18,0,50,0,47.73
6629,7176,18484,281.3,30,0,0,50.63
6630,7176,18488,329.17,0,0,0,59.25
6631,7176,18489,325.9,0,0,0,58.66
6632,7176,18490,307.1,0,0,0,55.28
6633,7178,18495,179.32,30,0,0,32.28
6634,7178,18496,404.81,0,0,0,72.87
6635,7180,18497,324.88,30,0,0,58.48
6636,7180,18499,310.35,30,0,0,55.86
6637,7181,18503,361.0,0,20,0,64.98
6638,7182,18504,436.37,0,0,0,78.55
6639,7182,18509,262.17,30,0,0,47.19
6640,7183,18511,310.19,30,0,0,55.83
6641,7183,18513,334.96,0,0,0,60.29
6642,7184,18516,396.45,0,20,0,71.36
6643,7184,18517,449.61,0,0,0,80.93
6644,7185,18520,212.14,30,0,0,38.19
6645,7187,18525,301.73,0,0,0,54.31
6646,7188,18529,322.18,0,0,0,57.99
6647,7188,18531,187.48,30,20,0,33.75
6648,7188,18533,303.53,0,50,0,54.64
6649,7188,18536,388.43,0,0,0,69.92
6650,7189,18537,235.49,30,50,0,42.39
6651,7189,18538,401.71,0,0,0,72.31
6652,7194,18549,313.73,30,0,0,56.47
6653,7194,18550,293.94,30,0,0,52.91
6654,7196,18552,317.92,30,0,0,57.23
6655,7196,18554,399.67,0,0,0,71.94
6656,7199,18560,365.13,0,20,0,65.72
6657,7201,18561,329.91,0,20,0,59.38
6658,7203,18571,231.33,30,50,0,41.64
6659,7204,18575,342.13,0,0,0,61.58
6660,7204,18577,339.16,0,20,0,61.05
6661,7205,18580,358.49,0,0,0,64.53
6662,7205,18581,280.59,0,20,0,50.51
6663,7205,18582,312.98,0,0,0,56.34
6664,7206,18584,271.24,0,50,0,48.82
6665,7207,18587,418.82,0,0,0,75.39
6666,7208,18588,386.87,0,0,0,69.64
6667,7209,18591,358.64,0,0,0,64.56
6668,7209,18593,315.01,0,0,0,56.7
6669,7209,18596,280.66,30,0,0,50.52
6670,7211,18597,203.05,30,20,0,36.55
6671,7212,18603,105.12,30,20,0,18.92
6672,7213,18606,334.28,0,0,0,60.17
6673,7217,18616,353.83,0,0,0,63.69
6674,7218,18619,251.67,30,20,0,45.3
6675,7220,18626,411.35,0,0,0,74.04
6676,7220,18627,396.5,0,0,0,71.37
6677,7220,18628,316.1,0,0,0,56.9
6678,7221,18630,221.35,30,50,0,39.84
6679,7222,18631,337.85,0,0,0,60.81
6680,7222,18634,224.85,30,0,0,40.47
6681,7222,18635,333.49,0,50,0,60.03
6682,7223,18636,219.84,30,50,0,39.57
6683,7224,18638,354.36,0,0,0,63.78
6684,7224,18639,308.95,0,20,0,55.61
6685,7225,18642,299.18,0,0,0,53.85
6686,7225,18643,323.99,0,0,0,58.32
6687,7230,18651,217.64,30,20,0,39.18
6688,7230,18652,350.0,0,50,0,63.0
6689,7236,18665,359.13,0,0,0,64.64
6690,7237,18667,324.87,30,0,0,58.48
6691,7237,18668,378.92,0,0,0,68.21
6692,7238,18670,407.11,0,0,0,73.28
6693,7239,18672,297.99,0,50,0,53.64
6694,7239,18673,338.88,0,50,0,61.0
6695,7239,18676,87.13,30,0,0,15.68
6696,7240,18678,375.78,0,0,0,67.64
6697,7242,18681,343.32,0,0,0,61.8
6698,7242,18682,282.83,30,20,0,50.91
6699,7243,18684,294.82,0,50,0,53.07
6700,7243,18686,403.8,0,0,0,72.68
6701,7244,18688,323.31,30,0,0,58.2
6702,7244,18690,385.85,0,0,0,69.45
6703,7244,18691,385.75,0,20,0,69.44
6704,7244,18692,155.7,30,20,0,28.03
6705,7245,18693,326.55,0,0,1,58.78
6706,7248,18697,345.29,0,50,0,62.15
6707,7248,18698,382.7,0,50,0,68.89
6708,7249,18700,472.1,0,20,0,84.98
6709,7250,18705,263.0,30,50,0,47.34
6710,7250,18707,311.68,0,0,0,56.1
6711,7251,18710,350.88,0,0,0,63.16
6712,7251,18713,393.55,0,0,0,70.84
6713,7252,18714,462.15,0,50,0,83.19
6714,7252,18715,299.63,30,0,0,53.93
6715,7253,18719,387.95,0,20,1,69.83
6716,7253,18720,167.17,30,50,0,30.09
6717,7255,18723,297.76,30,0,0,53.6
6718,7257,18726,165.18,30,20,0,29.73
6719,7259,18729,333.65,0,0,0,60.06
6720,7259,18730,383.83,0,50,0,69.09
6721,7261,18735,375.33,0,20,0,67.56
6722,7261,18739,238.69,30,50,0,42.96
6723,7261,18740,437.47,0,0,0,78.74
6724,7262,18742,190.29,30,50,0,34.25
6725,7263,18744,378.19,0,0,0,68.07
6726,7264,18746,257.81,30,50,0,46.41
6727,7265,18750,300.07,30,20,0,54.01
6728,7266,18753,289.8,30,20,0,52.16
6729,7266,18758,227.2,30,50,0,40.9
6730,7267,18759,293.69,30,20,0,52.86
6731,7267,18760,343.52,0,0,0,61.83
6732,7268,18762,336.22,0,50,0,60.52
6733,7269,18763,326.47,30,0,0,58.76
6734,7269,18764,273.42,30,0,0,49.22
6735,7270,18765,453.25,0,0,0,81.58
6736,7271,18768,375.82,0,0,0,67.65
6737,7274,18772,262.28,30,0,0,47.21
6738,7275,18774,258.49,30,0,0,46.53
6739,7276,18777,326.53,0,0,0,58.78
6740,7279,18785,284.52,0,50,0,51.21
6741,7279,18787,377.27,0,50,0,67.91
6742,7280,18788,494.33,0,50,0,88.98
6743,7284,18793,308.6,30,0,0,55.55
6744,7285,18796,452.33,0,0,0,81.42
6745,7286,18799,291.85,0,50,0,52.53
6746,7286,18801,248.23,30,0,0,44.68
6747,7287,18804,307.92,30,20,0,55.43
6748,7288,18805,308.99,30,20,0,55.62
6749,7289,18808,309.19,30,0,0,55.65
6750,7289,18809,282.37,0,50,0,50.83
6751,7289,18810,293.24,30,0,0,52.78
6752,7290,18811,373.08,0,0,0,67.15
6753,7290,18812,329.96,0,0,0,59.39
6754,7291,18813,344.33,0,0,0,61.98
6755,7292,18815,276.31,30,0,0,49.74
6756,7293,18821,282.5,0,50,1,50.85
6757,7295,18829,445.7,0,0,0,80.23
6758,7296,18832,454.82,0,20,0,81.87
6759,7296,18833,477.64,0,0,0,85.98
6760,7296,18835,429.62,0,0,0,77.33
6761,7296,18836,318.08,0,0,0,57.25
6762,7298,18838,268.18,30,50,0,48.27
6763,7298,18840,322.24,0,0,0,58.0
6764,7299,18841,313.12,0,0,0,56.36
6765,7300,18844,252.05,0,50,0,45.37
6766,7303,18847,437.9,0,0,0,78.82
6767,7303,18850,306.02,30,0,0,55.08
6768,7304,18851,247.32,30,0,0,44.52
6769,7305,18854,383.2,0,0,0,68.98
6770,7307,18860,316.89,0,0,0,57.04
6771,7307,18862,255.56,30,20,0,46.0
6772,7307,18866,383.81,0,0,0,69.09
6773,7307,18867,228.58,30,50,0,41.14
6774,7308,18869,380.53,0,0,0,68.5
6775,7308,18871,356.3,0,50,0,64.13
6776,7308,18873,285.1,30,20,0,51.32
6777,7309,18874,319.78,0,0,0,57.56
6778,7310,18877,299.77,0,0,0,53.96
6779,7312,18878,288.72,30,0,0,51.97
6780,7312,18879,310.28,0,0,0,55.85
6781,7312,18883,403.73,0,50,0,72.67
6782,7312,18884,311.31,0,0,0,56.04
6783,7313,18885,439.86,0,0,0,79.17
6784,7313,18887,294.11,30,0,0,52.94
6785,7316,18890,177.4,30,20,0,31.93
6786,7316,18891,455.73,0,0,0,82.03
6787,7317,18892,308.32,0,0,0,55.5
6788,7317,18895,297.41,30,0,0,53.53
6789,7317,18896,300.48,0,20,0,54.09
6790,7318,18898,296.37,30,20,0,53.35
6791,7320,18901,326.72,0,0,0,58.81
6792,7320,18902,196.17,30,0,0,35.31
6793,7321,18903,249.88,30,0,0,44.98
6794,7325,18912,314.97,0,20,0,56.69
6795,7325,18916,260.29,0,50,0,46.85
6796,7326,18917,298.57,0,20,0,53.74
6797,7326,18919,263.68,0,50,0,47.46
6798,7327,18922,155.69,30,0,0,28.02
6799,7327,18925,307.84,30,0,0,55.41
6800,7328,18927,332.7,0,50,0,59.89
6801,7328,18928,306.95,0,20,0,55.25
6802,7329,18930,278.88,30,0,0,50.2
6803,7330,18931,438.34,0,0,0,78.9
6804,7330,18932,280.2,0,50,0,50.44
6805,7331,18933,278.85,0,50,0,50.19
6806,7331,18935,169.38,30,50,0,30.49
6807,7332,18939,283.0,0,50,1,50.94
6808,7335,18944,366.81,0,0,0,66.03
6809,7339,18951,289.73,30,0,1,52.15
6810,7340,18957,441.17,0,0,0,79.41
6811,7340,18958,414.43,0,0,0,74.6
6812,7342,18962,298.78,0,20,0,53.78
6813,7342,18963,306.92,30,0,0,55.25
6814,7342,18964,361.15,0,0,1,65.01
6815,7344,18966,368.88,0,0,0,66.4
6816,7345,18970,534.42,0,50,0,96.2
6817,7345,18971,254.23,30,20,0,45.76
6818,7345,18972,321.48,0,0,0,57.87
6819,7347,18974,276.25,30,0,0,49.72
6820,7349,18976,256.56,30,50,0,46.18
6821,7350,18977,337.75,0,50,0,60.79
6822,7350,18980,246.78,30,50,0,44.42
6823,7354,18985,325.69,30,0,0,58.62
6824,7355,18986,340.58,0,20,0,61.3
6825,7356,18988,314.48,0,0,0,56.61
6826,7356,18989,341.94,0,0,0,61.55
6827,7356,18990,274.06,30,20,0,49.33
6828,7358,18992,257.66,30,0,0,46.38
6829,7359,18995,385.35,0,0,0,69.36
6830,7360,18997,244.42,30,0,0,44.0
6831,7366,19004,208.24,30,0,0,37.48
6832,7366,19005,305.92,30,0,0,55.07
6833,7367,19006,281.94,0,50,0,50.75
6834,7369,19011,241.79,30,0,0,43.52
6835,7369,19012,375.48,0,0,0,67.59
6836,7370,19015,316.51,0,0,0,56.97
6837,7370,19016,294.56,30,0,0,53.02
6838,7370,19017,430.49,0,0,0,77.49
6839,7370,19018,402.25,0,50,0,72.4
6840,7370,19019,401.86,0,50,0,72.33
6841,7371,19020,447.36,0,0,0,80.52
6842,7371,19023,484.54,0,20,0,87.22
6843,7371,19024,370.97,0,0,0,66.77
6844,7371,19025,478.61,0,0,0,86.15
6845,7376,19031,353.62,0,0,0,63.65
6846,7376,19032,385.39,0,0,0,69.37
6847,7379,19038,322.71,30,0,0,58.09
6848,7379,19039,283.19,0,50,0,50.97
6849,7379,19040,285.43,30,20,0,51.38
6850,7381,19045,452.26,0,20,0,81.41
6851,7381,19046,304.33,30,0,0,54.78
6852,7383,19051,302.77,0,0,0,54.5
6853,7383,19054,310.98,30,0,0,55.98
6854,7383,19055,305.66,0,0,0,55.02
6855,7387,19065,233.18,30,50,0,41.97
6856,7387,19066,364.72,0,0,0,65.65
6857,7387,19067,347.23,0,50,0,62.5
6858,7387,19068,259.67,30,0,0,46.74
6859,7389,19075,291.85,30,20,1,52.53
6860,7390,19077,289.73,0,20,0,52.15
6861,7390,19078,280.9,0,50,0,50.56
6862,7390,19081,369.67,0,20,0,66.54
6863,7391,19084,409.9,0,0,0,73.78
6864,7392,19085,318.63,0,0,0,57.35
6865,7393,19089,319.93,30,0,0,57.59
6866,7393,19090,320.5,0,20,0,57.69
6867,7394,19091,450.68,0,0,1,81.12
6868,7394,19092,298.25,30,20,0,53.68
6869,7394,19093,197.89,30,20,0,35.62
6870,7397,19107,311.53,0,20,0,56.08
6871,7397,19108,281.1,30,20,0,50.6
6872,7399,19111,386.81,0,0,0,69.63
6873,7400,19116,167.87,30,0,0,30.22
6874,7402,19121,421.11,0,0,0,75.8
6875,7404,19123,315.96,0,0,0,56.87
6876,7405,19127,289.37,0,50,0,52.09
6877,7405,19129,373.45,0,0,0,67.22
6878,7405,19130,300.42,0,20,0,54.08
6879,7406,19131,422.95,0,0,0,76.13
6880,7408,19140,475.18,0,0,0,85.53
6881,7408,19141,360.83,0,0,0,64.95
6882,7415,19152,183.64,30,0,0,33.06
6883,7416,19153,313.51,0,0,0,56.43
6884,7416,19154,411.49,0,0,0,74.07
6885,7419,19157,309.01,0,0,0,55.62
6886,7420,19159,431.94,0,0,0,77.75
6887,7421,19160,192.79,30,50,0,34.7
6888,7421,19163,359.12,0,0,0,64.64
6889,7421,19164,300.2,0,50,0,54.04
6890,7422,19167,420.1,0,0,0,75.62
6891,7423,19169,308.86,0,0,0,55.59
6892,7424,19175,302.19,0,0,0,54.39
6893,7424,19179,478.57,0,0,0,86.14
6894,7425,19183,251.89,30,0,0,45.34
6895,7425,19184,237.49,30,0,0,42.75
6896,7426,19185,292.75,30,20,0,52.7
6897,7426,19189,327.27,0,20,0,58.91
6898,7427,19190,261.37,30,0,0,47.05
6899,7428,19191,300.13,30,0,0,54.02
6900,7429,19195,355.95,0,0,0,64.07
6901,7430,19198,397.92,0,0,0,71.63
6902,7431,19200,547.55,0,0,0,98.56
6903,7431,19203,256.22,30,0,0,46.12
6904,7432,19204,276.41,30,0,0,49.75
6905,7434,19212,255.73,30,0,0,46.03
6906,7434,19213,299.49,0,0,0,53.91
6907,7434,19215,438.23,0,20,0,78.88
6908,7436,19224,318.61,30,0,0,57.35
6909,7437,19226,196.21,30,20,0,35.32
6910,7438,19230,326.0,0,20,0,58.68
6911,7438,19232,391.26,0,0,0,70.43
6912,7438,19234,366.06,0,0,0,65.89
6913,7440,19238,412.31,0,0,0,74.22
6914,7441,19240,325.9,30,0,0,58.66
6915,7442,19243,377.3,0,0,0,67.91
6916,7442,19244,197.3,30,50,0,35.51
6917,7443,19249,367.11,0,0,0,66.08
6918,7444,19251,359.83,0,20,0,64.77
6919,7447,19257,337.19,0,0,0,60.69
6920,7447,19259,310.2,0,50,0,55.84
6921,7449,19262,297.89,30,0,0,53.62
6922,7450,19265,251.22,0,50,1,45.22
6923,7451,19268,141.32,30,50,0,25.44
6924,7451,19270,327.05,0,20,0,58.87
6925,7453,19271,354.03,0,20,0,63.73
6926,7453,19273,285.35,30,0,0,51.36
6927,7454,19275,321.65,30,0,0,57.9
6928,7454,19276,362.3,0,20,0,65.21
6929,7454,19277,297.33,0,20,0,53.52
6930,7457,19283,187.68,30,0,0,33.78
6931,7460,19285,318.82,0,50,0,57.39
6932,7464,19290,375.86,0,0,0,67.65
6933,7464,19291,362.04,0,50,0,65.17
6934,7465,19293,278.07,30,20,0,50.05
6935,7468,19301,349.46,0,0,0,62.9
6936,7468,19302,438.71,0,0,0,78.97
6937,7470,19308,231.6,30,50,0,41.69
6938,7470,19311,327.49,0,0,0,58.95
6939,7471,19312,319.84,30,0,0,57.57
6940,7473,19315,280.89,0,20,0,50.56
6941,7478,19332,246.95,30,20,0,44.45
6942,7478,19333,319.2,0,20,0,57.46
6943,7478,19336,329.75,0,0,0,59.36
6944,7480,19343,239.26,30,50,0,43.07
6945,7481,19344,358.28,0,0,0,64.49
6946,7482,19345,265.04,30,50,0,47.71
6947,7483,19346,399.47,0,0,0,71.9
6948,7483,19348,421.19,0,20,0,75.81
6949,7485,19352,333.77,0,0,0,60.08
6950,7485,19353,326.97,30,0,0,58.85
6951,7486,19354,418.17,0,0,0,75.27
6952,7486,19356,357.04,0,0,0,64.27
6953,7487,19358,355.95,0,0,0,64.07
6954,7489,19362,289.4,30,0,0,52.09
6955,7490,19363,359.86,0,0,0,64.77
6956,7492,19365,297.2,30,0,0,53.5
6957,7492,19366,237.97,30,0,0,42.83
6958,7492,19367,312.39,0,50,0,56.23
6959,7493,19368,377.06,0,0,0,67.87
6960,7493,19369,277.39,30,0,0,49.93
6961,7493,19371,274.08,0,50,0,49.33
6962,7495,19377,303.69,0,20,1,54.66
6963,7495,19378,327.46,0,0,0,58.94
6964,7496,19380,252.0,30,20,0,45.36
6965,7498,19387,395.97,0,0,0,71.27
6966,7498,19388,339.51,0,0,0,61.11
6967,7503,19397,412.88,0,0,0,74.32
6968,7504,19400,313.54,0,50,0,56.44
6969,7507,19405,261.85,30,50,0,47.13
6970,7507,19406,257.28,30,50,0,46.31
6971,7508,19407,356.15,0,50,0,64.11
6972,7510,19410,308.78,0,0,0,55.58
6973,7510,19412,360.56,0,20,0,64.9
6974,7510,19413,572.95,0,0,1,103.13
6975,7511,19417,278.0,30,50,0,50.04
6976,7511,19418,389.07,0,50,0,70.03
6977,7511,19419,416.41,0,0,0,74.95
6978,7512,19424,453.35,0,50,0,81.6
6979,7513,19428,292.38,30,0,0,52.63
6980,7513,19429,340.27,0,20,0,61.25
6981,7514,19430,313.15,0,0,0,56.37
6982,7514,19434,207.94,30,0,0,37.43
6983,7516,19437,312.64,0,50,0,56.28
6984,7516,19439,291.1,30,0,0,52.4
6985,7516,19440,413.95,0,0,0,74.51
6986,7518,19446,358.97,0,20,0,64.61
6987,7522,19451,319.49,0,0,0,57.51
6988,7522,19452,255.39,30,20,0,45.97
6989,7522,19453,221.35,30,20,0,39.84
6990,7524,19454,513.92,0,20,0,92.51
6991,7524,19455,263.93,30,0,0,47.51
6992,7526,19460,285.34,0,20,0,51.36
6993,7527,19462,275.54,0,50,0,49.6
6994,7528,19463,435.2,0,0,0,78.34
6995,7528,19464,399.49,0,0,0,71.91
6996,7528,19466,239.52,30,0,0,43.11
6997,7528,19467,364.36,0,0,0,65.58
6998,7529,19471,316.36,30,0,0,56.94
6999,7530,19474,294.66,0,50,0,53.04
7000,7532,19479,330.8,0,0,0,59.54
7001,7533,19481,317.73,0,0,0,57.19
7002,7533,19484,334.8,0,0,0,60.26
7003,7534,19486,288.83,30,0,0,51.99
7004,7534,19487,210.56,30,50,0,37.9
7005,7534,19488,339.01,0,50,0,61.02
7006,7534,19489,397.11,0,0,0,71.48
7007,7536,19498,350.27,0,50,0,63.05
7008,7538,19501,393.62,0,0,0,70.85
7009,7540,19505,174.96,30,50,0,31.49
7010,7541,19507,339.46,0,0,0,61.1
7011,7544,19511,445.43,0,50,0,80.18
7012,7548,19519,467.94,0,20,0,84.23
7013,7548,19520,256.42,0,50,0,46.16
7014,7548,19521,347.29,0,0,0,62.51
7015,7548,19522,282.93,30,0,0,50.93
7016,7548,19524,462.41,0,0,0,83.23
7017,7549,19526,261.16,30,50,0,47.01
7018,7550,19527,394.26,0,0,0,70.97
7019,7552,19532,325.31,30,0,0,58.56
7020,7553,19535,407.7,0,50,0,73.39
7021,7554,19538,303.88,0,0,0,54.7
7022,7555,19540,317.03,30,0,0,57.07
7023,7555,19541,211.21,30,0,0,38.02
7024,7555,19542,387.57,0,0,0,69.76
7025,7556,19547,383.8,0,0,0,69.08
7026,7556,19551,303.67,0,0,0,54.66
7027,7558,19556,447.43,0,0,0,80.54
7028,7559,19560,486.39,0,0,0,87.55
7029,7560,19566,321.22,30,0,0,57.82
7030,7562,19568,424.38,0,0,0,76.39
7031,7564,19576,350.05,0,0,0,63.01
7032,7565,19579,320.62,30,0,0,57.71
7033,7565,19580,378.32,0,0,0,68.1
7034,7565,19581,317.56,0,0,0,57.16
7035,7565,19582,349.32,0,50,0,62.88
7036,7571,19590,266.99,30,20,0,48.06
7037,7571,19593,192.74,30,50,0,34.69
7038,7572,19594,357.04,0,0,0,64.27
7039,7573,19603,266.6,30,50,0,47.99
7040,7573,19605,462.32,0,0,0,83.22
7041,7574,19608,471.35,0,0,0,84.84
7042,7575,19610,269.54,30,20,0,48.52
7043,7576,19612,318.39,0,0,0,57.31
7044,7576,19613,195.09,30,50,0,35.12
7045,7578,19615,369.54,0,0,0,66.52
7046,7579,19617,204.59,30,0,0,36.83
7047,7581,19621,291.6,0,20,0,52.49
7048,7582,19624,359.82,0,0,0,64.77
7049,7588,19633,268.14,30,20,0,48.27
7050,7591,19636,283.19,30,20,0,50.97
7051,7592,19640,369.08,0,20,0,66.43
7052,7594,19643,269.35,0,50,0,48.48
7053,7595,19645,303.09,0,0,0,54.56
7054,7595,19647,258.33,30,20,0,46.5
7055,7595,19648,172.04,30,0,0,30.97
7056,7596,19651,268.47,30,50,0,48.32
7057,7596,19652,339.88,0,0,0,61.18
7058,7598,19654,371.2,0,0,0,66.82
7059,7598,19656,372.53,0,0,0,67.06
7060,7599,19658,257.08,0,50,0,46.27
7061,7599,19662,380.85,0,20,0,68.55
7062,7600,19664,393.62,0,0,0,70.85
7063,7602,19669,361.84,0,50,0,65.13
7064,7603,19672,297.93,30,20,0,53.63
7065,7604,19676,316.22,0,0,0,56.92
7066,7605,19680,401.89,0,0,0,72.34
7067,7610,19691,321.84,30,0,0,57.93
7068,7611,19692,273.74,30,0,0,49.27
7069,7615,19700,307.31,0,20,0,55.32
7070,7617,19705,338.73,0,0,0,60.97
7071,7617,19706,376.64,0,0,0,67.8
7072,7617,19707,353.12,0,20,0,63.56
7073,7618,19711,298.75,30,0,0,53.78
7074,7618,19713,438.02,0,0,0,78.84
7075,7619,19717,422.97,0,0,0,76.13
7076,7619,19718,367.41,0,0,0,66.13
7077,7619,19719,185.23,30,20,0,33.34
7078,7620,19722,362.61,0,0,0,65.27
7079,7621,19723,251.52,30,0,0,45.27
7080,7621,19724,334.86,0,0,0,60.27
7081,7621,19725,233.97,30,0,0,42.11
7082,7621,19727,469.66,0,50,0,84.54
7083,7622,19728,345.64,0,50,0,62.22
7084,7630,19737,222.2,30,0,0,40.0
7085,7630,19738,412.3,0,0,0,74.21
7086,7630,19739,304.55,30,0,0,54.82
7087,7632,19741,209.17,30,0,0,37.65
7088,7632,19742,308.92,0,0,0,55.61
7089,7632,19743,338.42,0,0,0,60.92
7090,7633,19746,192.41,30,20,0,34.63
7091,7633,19748,271.7,30,0,0,48.91
7092,7633,19750,419.21,0,0,1,75.46
7093,7634,19753,283.91,30,0,0,51.1
7094,7636,19754,338.99,0,0,0,61.02
7095,7636,19756,477.64,0,0,0,85.98
7096,7636,19759,404.72,0,0,0,72.85
7097,7636,19760,267.02,0,50,0,48.06
7098,7639,19765,222.13,30,50,0,39.98
7099,7639,19766,241.24,30,50,0,43.42
7100,7640,19767,493.85,0,0,0,88.89
7101,7640,19768,236.57,30,20,0,42.58
7102,7641,19772,339.61,0,0,1,61.13
7103,7642,19774,139.8,30,50,0,25.16
7104,7645,19783,320.4,30,0,0,57.67
7105,7645,19784,274.58,30,0,0,49.42
7106,7647,19786,382.81,0,0,0,68.91
7107,7647,19787,430.31,0,0,0,77.46
7108,7651,19792,295.98,30,0,0,53.28
7109,7652,19795,304.97,30,0,0,54.89
7110,7653,19798,307.47,30,20,0,55.34
7111,7655,19799,339.9,0,20,0,61.18
7112,7656,19802,138.52,30,50,0,24.93
7113,7656,19805,377.26,0,0,0,67.91
7114,7656,19806,342.92,0,50,0,61.73
7115,7657,19807,299.42,0,50,0,53.9
7116,7658,19810,301.21,30,0,0,54.22
7117,7659,19814,288.57,30,20,0,51.94
7118,7660,19820,380.0,0,0,0,68.4
7119,7661,19823,332.87,0,0,0,59.92
7120,7662,19829,326.87,30,0,0,58.84
7121,7662,19831,314.8,0,0,0,56.66
7122,7663,19833,415.35,0,0,0,74.76
7123,7663,19834,281.98,30,0,0,50.76
7124,7665,19836,260.81,0,50,0,46.95
7125,7665,19837,400.23,0,0,0,72.04
7126,7665,19839,392.13,0,20,0,70.58
7127,7665,19840,248.12,30,0,0,44.66
7128,7666,19843,256.65,30,0,0,46.2
7129,7666,19845,254.19,0,50,0,45.75
7130,7667,19848,260.14,30,50,0,46.83
7131,7668,19851,321.65,0,0,0,57.9
7132,7671,19854,368.87,0,0,0,66.4
7133,7671,19855,267.82,30,0,0,48.21
7134,7671,19856,314.47,30,0,0,56.6
7135,7673,19858,263.39,30,0,0,47.41
7136,7674,19862,464.19,0,0,0,83.55
7137,7675,19864,357.06,0,0,0,64.27
7138,7675,19865,300.54,0,20,0,54.1
7139,7676,19870,452.56,0,0,0,81.46
7140,7679,19877,314.46,30,0,0,56.6
7141,7679,19878,486.41,0,50,0,87.55
7142,7679,19879,374.22,0,0,0,67.36
7143,7682,19880,373.35,0,50,0,67.2
7144,7684,19882,263.12,30,20,0,47.36
7145,7685,19888,337.76,0,0,0,60.8
7146,7686,19889,315.37,0,0,0,56.77
7147,7687,19891,359.11,0,50,1,64.64
7148,7688,19892,196.16,30,50,0,35.31
7149,7689,19895,477.14,0,0,1,85.89
7150,7692,19899,202.02,30,20,0,36.36
7151,7693,19901,332.04,0,0,0,59.77
7152,7693,19902,323.12,0,20,0,58.16
7153,7694,19903,430.26,0,20,0,77.45
7154,7695,19905,410.62,0,20,0,73.91
7155,7696,19908,286.48,30,0,0,51.57
7156,7697,19909,388.58,0,0,0,69.94
7157,7698,19912,326.4,0,0,0,58.75
7158,7698,19913,409.31,0,0,0,73.68
7159,7699,19917,287.29,0,50,0,51.71
7160,7702,19920,389.31,0,0,0,70.08
7161,7706,19928,259.0,30,0,0,46.62
7162,7709,19937,303.61,0,0,0,54.65
7163,7710,19940,367.19,0,0,0,66.09
7164,7710,19941,409.12,0,0,0,73.64
7165,7710,19943,343.75,0,0,0,61.88
7166,7711,19944,301.14,0,50,0,54.21
7167,7713,19949,349.78,0,0,0,62.96
7168,7715,19951,277.84,30,50,0,50.01
7169,7716,19952,267.88,30,0,0,48.22
7170,7716,19953,299.77,0,50,0,53.96
7171,7717,19955,260.23,30,0,0,46.84
7172,7719,19962,146.97,30,50,0,26.45
7173,7720,19963,272.51,0,50,0,49.05
7174,7721,19967,369.65,0,0,0,66.54
7175,7726,19974,449.13,0,0,0,80.84
7176,7727,19978,310.65,0,0,0,55.92
7177,7727,19979,231.16,30,50,0,41.61
7178,7728,19986,316.24,0,0,0,56.92
7179,7730,19990,382.6,0,0,0,68.87
7180,7732,19994,258.36,30,50,0,46.5
7181,7733,19998,369.75,0,0,0,66.55
7182,7733,19999,413.56,0,50,0,74.44
7183,7734,20006,405.76,0,0,0,73.04
7184,7736,20012,293.76,0,20,0,52.88
7185,7736,20013,262.54,30,0,0,47.26
7186,7739,20018,382.38,0,20,0,68.83
7187,7740,20019,574.89,0,0,0,103.48
7188,7741,20021,308.82,0,0,0,55.59
7189,7741,20022,382.64,0,0,0,68.88
7190,7742,20023,194.04,30,0,0,34.93
7191,7742,20024,335.43,0,0,0,60.38
7192,7743,20027,165.95,30,20,0,29.87
7193,7743,20029,386.52,0,0,0,69.57
7194,7744,20030,262.62,30,20,0,47.27
7195,7746,20033,335.78,0,0,0,60.44
7196,7747,20035,317.51,0,0,0,57.15
7197,7748,20041,368.68,0,20,0,66.36
7198,7749,20047,264.62,30,20,0,47.63
7199,7751,20049,144.65,30,0,0,26.04
7200,7752,20051,188.02,30,0,0,33.84
7201,7752,20053,332.94,0,20,0,59.93
7202,7752,20055,310.34,30,0,1,55.86
7203,7753,20058,291.32,30,0,0,52.44
7204,7753,20059,469.5,0,20,0,84.51
7205,7754,20060,302.9,30,0,0,54.52
7206,7755,20063,361.91,0,20,0,65.14
7207,7755,20066,311.96,30,0,0,56.15
7208,7755,20067,383.78,0,0,0,69.08
7209,7756,20069,304.8,0,0,0,54.86
7210,7757,20071,444.4,0,0,0,79.99
7211,7757,20072,303.45,0,50,0,54.62
7212,7759,20077,519.84,0,0,0,93.57
7213,7760,20081,409.25,0,0,0,73.66
7214,7760,20082,292.03,0,50,0,52.57
7215,7761,20083,211.71,30,0,0,38.11
7216,7762,20086,312.86,0,0,0,56.31
7217,7764,20088,341.64,0,0,0,61.5
7218,7764,20090,303.42,30,0,0,54.62
7219,7766,20095,360.04,0,50,0,64.81
7220,7766,20096,160.77,30,0,0,28.94
7221,7767,20097,324.87,0,0,0,58.48
7222,7768,20100,294.28,30,0,0,52.97
7223,7769,20102,355.43,0,50,0,63.98
7224,7769,20103,396.68,0,0,0,71.4
7225,7771,20109,386.49,0,0,0,69.57
7226,7772,20113,309.92,0,0,0,55.79
7227,7772,20114,278.79,30,50,0,50.18
7228,7773,20119,476.46,0,0,0,85.76
7229,7773,20121,318.72,0,0,1,57.37
7230,7774,20122,294.76,0,50,0,53.06
7231,7774,20124,326.81,0,20,0,58.83
7232,7775,20127,307.55,0,0,0,55.36
7233,7777,20133,409.36,0,0,0,73.68
7234,7778,20138,313.87,0,0,0,56.5
7235,7779,20142,454.95,0,50,0,81.89
7236,7785,20148,138.45,30,20,0,24.92
7237,7786,20150,316.28,30,0,0,56.93
7238,7787,20153,274.02,30,50,0,49.32
7239,7788,20156,350.3,0,0,0,63.05
7240,7789,20162,284.46,30,0,0,51.2
7241,7790,20164,415.77,0,50,0,74.84
7242,7791,20169,165.93,30,50,0,29.87
7243,7791,20170,219.11,30,20,0,39.44
7244,7791,20171,254.24,0,50,0,45.76
7245,7792,20172,326.36,0,50,0,58.74
7246,7792,20174,160.6,30,50,0,28.91
7247,7793,20176,324.15,0,50,1,58.35
7248,7793,20178,328.84,30,0,0,59.19
7249,7794,20179,309.21,30,0,0,55.66
7250,7794,20181,395.82,0,20,0,71.25
7251,7794,20182,302.53,30,20,0,54.46
7252,7794,20183,382.98,0,0,0,68.94
7253,7796,20186,411.64,0,20,0,74.1
7254,7797,20192,409.45,0,0,0,73.7
7255,7798,20193,292.83,0,20,0,52.71
7256,7798,20194,294.16,0,20,0,52.95
7257,7799,20196,209.5,30,50,0,37.71
7258,7800,20197,312.17,30,0,0,56.19
7259,7801,20198,395.47,0,0,0,71.18
7260,7801,20199,386.45,0,20,0,69.56
7261,7801,20201,155.4,30,0,0,27.97
7262,7802,20206,229.01,30,20,0,41.22
7263,7805,20210,256.9,30,50,0,46.24
7264,7805,20211,386.98,0,0,0,69.66
7265,7806,20215,100.55,30,50,0,18.1
7266,7809,20221,279.23,30,0,0,50.26
7267,7809,20224,306.45,30,0,0,55.16
7268,7812,20233,263.48,30,50,0,47.43
7269,7815,20240,269.39,30,20,0,48.49
7270,7816,20242,235.0,30,20,0,42.3
7271,7817,20244,341.24,0,20,0,61.42
7272,7817,20248,353.38,0,0,0,63.61
7273,7821,20256,484.11,0,0,0,87.14
7274,7821,20258,363.28,0,0,0,65.39
7275,7821,20259,346.31,0,0,0,62.34
7276,7823,20260,383.96,0,20,0,69.11
7277,7824,20265,289.6,0,20,0,52.13
7278,7826,20269,305.16,30,0,0,54.93
7279,7829,20275,197.34,30,50,0,35.52
7280,7830,20277,293.2,0,50,0,52.78
7281,7832,20283,291.35,30,20,0,52.44
7282,7832,20284,500.81,0,0,0,90.15
7283,7833,20286,337.94,0,50,0,60.83
7284,7834,20290,305.43,30,0,0,54.98
7285,7836,20292,309.13,0,20,0,55.64
7286,7836,20294,359.57,0,50,0,64.72
7287,7837,20297,235.05,30,50,0,42.31
7288,7838,20300,292.1,30,0,0,52.58
7289,7838,20301,297.0,0,20,0,53.46
7290,7838,20302,477.53,0,20,0,85.96
7291,7838,20303,210.48,30,50,0,37.89
7292,7839,20304,163.41,30,20,0,29.41
7293,7842,20308,371.73,0,0,0,66.91
7294,7843,20312,299.92,0,0,0,53.99
7295,7843,20313,296.48,30,0,0,53.37
7296,7843,20314,289.71,0,20,1,52.15
7297,7846,20318,223.93,30,50,0,40.31
7298,7848,20321,376.98,0,20,0,67.86
7299,7849,20323,378.87,0,0,0,68.2
7300,7850,20324,370.02,0,20,0,66.6
7301,7852,20328,282.22,0,20,0,50.8
7302,7855,20334,443.02,0,20,0,79.74
7303,7855,20335,448.74,0,0,0,80.77
7304,7855,20336,363.51,0,20,0,65.43
7305,7856,20337,271.07,30,0,0,48.79
7306,7856,20338,346.59,0,0,0,62.39
7307,7856,20340,285.86,0,20,0,51.45
7308,7859,20345,426.09,0,0,0,76.7
7309,7860,20347,374.21,0,20,0,67.36
7310,7860,20348,451.76,0,0,0,81.32
7311,7862,20353,462.36,0,50,0,83.22
7312,7863,20356,268.63,0,50,0,48.35
7313,7867,20358,187.34,30,0,0,33.72
7314,7867,20359,191.31,30,50,0,34.44
7315,7867,20360,301.91,0,20,0,54.34
7316,7868,20361,416.12,0,50,0,74.9
7317,7869,20363,241.61,30,50,0,43.49
7318,7869,20364,410.12,0,20,0,73.82
7319,7869,20365,308.99,0,50,0,55.62
7320,7869,20366,320.61,0,0,0,57.71
7321,7869,20367,224.36,30,0,0,40.38
7322,7870,20368,463.48,0,0,0,83.43
7323,7871,20374,422.45,0,0,0,76.04
7324,7872,20377,405.03,0,50,0,72.91
7325,7873,20378,255.19,30,50,0,45.93
7326,7876,20380,606.48,0,0,0,109.17
7327,7876,20381,521.98,0,0,0,93.96
7328,7877,20382,339.49,0,0,0,61.11
7329,7877,20383,275.6,30,0,0,49.61
7330,7877,20384,294.43,0,20,0,53.0
7331,7878,20385,204.53,30,0,0,36.82
7332,7878,20386,284.92,0,50,0,51.29
7333,7880,20391,462.3,0,0,0,83.21
7334,7887,20404,400.79,0,20,0,72.14
7335,7888,20408,255.06,30,0,0,45.91
7336,7888,20409,267.78,30,0,0,48.2
7337,7888,20410,267.29,30,50,0,48.11
7338,7889,20411,276.35,0,50,0,49.74
7339,7891,20415,275.96,0,50,0,49.67
7340,7892,20419,350.06,0,0,0,63.01
7341,7893,20423,356.85,0,20,0,64.23
7342,7894,20427,402.53,0,0,0,72.46
7343,7898,20436,431.65,0,0,0,77.7
7344,7902,20441,334.15,0,50,0,60.15
7345,7904,20444,344.34,0,0,0,61.98
7346,7905,20445,251.79,30,20,0,45.32
7347,7909,20454,488.15,0,0,0,87.87
7348,7909,20455,263.8,0,50,0,47.48
7349,7909,20456,455.23,0,0,0,81.94
7350,7911,20458,420.5,0,20,0,75.69
7351,7911,20459,283.75,0,20,0,51.08
7352,7912,20464,185.85,30,0,0,33.45
7353,7912,20465,315.9,0,50,0,56.86
7354,7914,20468,306.87,0,0,0,55.24
7355,7916,20471,318.56,30,0,0,57.34
7356,7918,20474,322.59,0,0,0,58.07
7357,7919,20477,252.73,30,0,0,45.49
7358,7919,20478,343.18,0,0,0,61.77
7359,7920,20480,359.48,0,0,0,64.71
7360,7921,20481,343.74,0,0,0,61.87
7361,7922,20482,263.33,30,20,1,47.4
7362,7922,20483,292.52,30,20,0,52.65
7363,7922,20484,234.36,30,0,0,42.18
7364,7923,20487,162.09,30,50,0,29.18
7365,7925,20496,301.51,0,0,0,54.27
7366,7927,20500,222.25,30,20,0,40.0
7367,7927,20501,303.79,30,20,0,54.68
7368,7929,20504,316.59,0,0,0,56.99
7369,7930,20510,384.93,0,20,0,69.29
7370,7930,20511,368.35,0,20,0,66.3
7371,7931,20512,74.69,30,50,0,13.44
7372,7931,20513,420.7,0,0,0,75.73
7373,7933,20515,385.46,0,0,0,69.38
7374,7934,20518,466.62,0,0,0,83.99
7375,7939,20532,304.55,0,0,0,54.82
7376,7939,20533,282.86,0,50,0,50.91
7377,7945,20539,326.42,0,50,0,58.76
7378,7946,20543,576.11,0,0,0,103.7
7379,7947,20545,276.41,30,0,0,49.75
7380,7947,20546,278.65,30,0,0,50.16
7381,7948,20549,296.33,0,20,0,53.34
7382,7951,20555,374.74,0,0,0,67.45
7383,7955,20559,394.82,0,0,0,71.07
7384,7956,20562,347.79,0,50,0,62.6
7385,7961,20576,424.88,0,0,0,76.48
7386,7962,20578,313.64,0,0,0,56.46
7387,7962,20581,494.88,0,0,0,89.08
7388,7963,20582,262.47,30,0,0,47.24
7389,7963,20584,328.61,0,0,0,59.15
7390,7965,20588,303.85,0,50,0,54.69
7391,7965,20589,262.35,30,0,0,47.22
7392,7965,20590,287.52,30,20,0,51.75
7393,7967,20597,234.88,30,0,0,42.28
7394,7968,20598,269.33,30,0,0,48.48
7395,7970,20600,262.95,30,0,0,47.33
7396,7970,20601,449.31,0,0,0,80.88
7397,7973,20604,311.63,0,50,0,56.09
7398,7973,20605,310.4,0,0,0,55.87
7399,7974,20607,466.97,0,0,0,84.05
7400,7975,20608,336.56,0,0,0,60.58
7401,7976,20610,300.08,0,50,0,54.01
7402,7978,20614,383.65,0,0,0,69.06
7403,7981,20619,426.01,0,0,0,76.68
7404,7981,20621,364.02,0,0,0,65.52
7405,7982,20624,264.33,30,0,0,47.58
7406,7983,20627,517.34,0,20,0,93.12
7407,7984,20628,280.14,30,0,0,50.43
7408,7985,20634,127.9,30,50,0,23.02
7409,7992,20647,117.99,30,0,0,21.24
7410,7993,20655,369.08,0,0,0,66.43
7411,7996,20657,292.11,30,0,0,52.58
7412,7997,20659,284.65,30,0,0,51.24
7413,7999,20662,275.94,30,50,0,49.67
7414,7999,20663,325.58,0,0,0,58.6
7415,8000,20666,434.18,0,0,0,78.15
7416,8000,20667,334.45,0,0,0,60.2
7417,8005,20673,391.18,0,0,0,70.41
7418,8005,20677,331.17,0,0,0,59.61
7419,8007,20679,423.96,0,0,0,76.31
7420,8007,20683,288.88,30,0,0,52.0
7421,8008,20685,525.59,0,0,0,94.61
7422,8010,20687,322.64,0,0,0,58.08
7423,8011,20691,279.13,30,0,0,50.24
7424,8011,20692,347.56,0,0,0,62.56
7425,8013,20696,279.0,30,0,0,50.22
7426,8013,20697,408.37,0,50,0,73.51
7427,8017,20700,310.35,30,0,0,55.86
7428,8018,20702,211.89,30,20,0,38.14
7429,8018,20703,280.0,30,0,0,50.4
7430,8019,20706,335.01,0,20,0,60.3
7431,8020,20709,309.18,0,0,0,55.65
7432,8020,20710,460.78,0,0,0,82.94
7433,8021,20714,360.44,0,50,0,64.88
7434,8021,20715,112.52,30,0,1,20.25
7435,8023,20718,339.5,0,0,0,61.11
7436,8023,20720,284.39,30,0,0,51.19
7437,8026,20728,297.19,0,20,0,53.49
7438,8027,20730,348.47,0,50,0,62.72
7439,8028,20732,259.43,30,50,0,46.7
7440,8029,20733,340.98,0,20,0,61.38
7441,8029,20734,307.96,0,50,0,55.43
7442,8033,20738,297.2,0,50,0,53.5
7443,8033,20740,409.72,0,0,0,73.75
7444,8034,20742,286.89,30,20,0,51.64
7445,8035,20743,313.87,0,20,0,56.5
7446,8037,20746,290.61,0,20,0,52.31
7447,8037,20749,406.27,0,50,0,73.13
7448,8040,20751,319.12,30,0,0,57.44
7449,8043,20754,153.63,30,0,0,27.65
7450,8044,20757,318.21,0,0,0,57.28
7451,8044,20758,272.05,30,0,0,48.97
7452,8044,20759,377.32,0,50,0,67.92
7453,8044,20760,232.58,30,20,0,41.86
7454,8045,20762,398.89,0,0,0,71.8
7455,8045,20764,280.66,30,0,0,50.52
7456,8046,20769,402.69,0,50,0,72.48
7457,8048,20771,435.35,0,0,0,78.36
7458,8048,20774,313.22,30,0,0,56.38
7459,8048,20776,312.32,0,20,0,56.22
7460,8049,20778,262.28,30,50,0,47.21
7461,8051,20782,243.26,30,0,0,43.79
7462,8052,20784,253.35,0,50,0,45.6
7463,8053,20786,345.97,0,0,0,62.27
7464,8054,20789,280.06,0,50,0,50.41
7465,8058,20798,310.82,30,0,0,55.95
7466,8059,20800,358.15,0,0,0,64.47
7467,8063,20807,300.03,0,0,0,54.01
7468,8064,20810,533.42,0,0,0,96.02
7469,8064,20812,380.2,0,0,0,68.44
7470,8065,20814,308.85,30,20,0,55.59
7471,8066,20816,323.3,30,0,0,58.19
7472,8066,20818,408.46,0,0,0,73.52
7473,8069,20821,374.63,0,0,0,67.43
7474,8069,20823,206.68,30,0,0,37.2
7475,8069,20825,386.14,0,0,0,69.51
7476,8070,20827,255.02,0,50,0,45.9
7477,8072,20830,277.59,30,50,0,49.97
7478,8072,20832,300.8,30,0,0,54.14
7479,8072,20833,492.74,0,0,0,88.69
7480,8072,20834,234.51,30,20,0,42.21
7481,8073,20837,360.38,0,0,0,64.87
7482,8074,20838,321.78,30,0,0,57.92
7483,8074,20839,440.67,0,20,0,79.32
7484,8075,20842,398.94,0,0,0,71.81
7485,8077,20847,281.69,30,20,0,50.7
7486,8079,20851,394.59,0,50,0,71.03
7487,8081,20854,242.98,30,0,0,43.74
7488,8084,20862,319.55,0,0,0,57.52
7489,8085,20868,310.96,30,0,0,55.97
7490,8086,20872,396.23,0,20,0,71.32
7491,8086,20874,305.66,0,0,0,55.02
7492,8089,20879,297.24,0,20,0,53.5
7493,8089,20880,268.8,30,50,0,48.38
7494,8092,20883,371.1,0,0,0,66.8
7495,8093,20885,309.28,0,0,0,55.67
7496,8093,20886,319.04,30,0,0,57.43
7497,8095,20890,366.87,0,50,0,66.04
7498,8095,20892,332.66,0,50,0,59.88
7499,8097,20897,394.52,0,0,0,71.01
7500,8098,20899,339.29,0,50,0,61.07
7501,8102,20906,323.66,0,0,1,58.26
7502,8104,20910,365.52,0,0,0,65.79
7503,8105,20911,319.05,30,0,0,57.43
7504,8106,20912,246.24,30,0,0,44.32
7505,8107,20914,325.56,30,0,0,58.6
7506,8108,20916,313.84,0,0,0,56.49
7507,8112,20924,199.92,30,20,0,35.99
7508,8112,20925,305.45,30,0,0,54.98
7509,8114,20929,221.04,30,50,0,39.79
7510,8114,20930,310.58,0,50,0,55.9
7511,8115,20932,353.52,0,0,0,63.63
7512,8115,20933,251.87,30,0,0,45.34
7513,8123,20943,311.18,0,0,0,56.01
7514,8123,20945,251.22,30,20,0,45.22
7515,8123,20946,351.71,0,20,0,63.31
7516,8124,20947,341.52,0,0,0,61.47
7517,8124,20949,430.58,0,0,0,77.5
7518,8126,20952,206.39,30,20,0,37.15
7519,8130,20961,311.59,0,0,0,56.09
7520,8130,20962,308.55,0,0,0,55.54
7521,8131,20965,199.81,30,50,0,35.97
7522,8133,20976,302.09,0,50,0,54.38
7523,8136,20981,389.53,0,0,0,70.12
7524,8138,20986,416.2,0,0,0,74.92
7525,8140,20987,364.14,0,0,0,65.55
7526,8140,20988,249.31,0,50,0,44.88
7527,8144,20999,431.98,0,0,0,77.76
7528,8144,21000,306.57,30,20,0,55.18
7529,8144,21001,332.29,0,50,0,59.81
7530,8145,21002,353.87,0,50,0,63.7
7531,8146,21003,390.32,0,0,0,70.26
7532,8149,21008,262.1,30,50,0,47.18
7533,8149,21009,184.12,30,20,0,33.14
7534,8150,21010,324.1,30,0,0,58.34
7535,8151,21012,288.5,0,50,0,51.93
7536,8154,21020,271.65,30,20,0,48.9
7537,8155,21022,489.19,0,0,0,88.05
7538,8156,21024,116.3,30,0,0,20.93
7539,8156,21025,283.66,30,0,0,51.06
7540,8156,21026,265.58,0,50,0,47.8
7541,8158,21029,283.52,0,20,0,51.03
7542,8159,21032,266.48,30,0,0,47.97
7543,8159,21033,413.28,0,50,0,74.39
7544,8160,21035,324.47,0,0,1,58.4
7545,8160,21037,276.27,30,0,0,49.73
7546,8165,21046,357.67,0,0,0,64.38
7547,8167,21055,299.87,30,20,0,53.98
7548,8167,21056,369.0,0,0,0,66.42
7549,8167,21058,358.67,0,50,0,64.56
7550,8170,21065,309.79,0,0,0,55.76
7551,8171,21068,433.37,0,0,0,78.01
7552,8172,21073,362.73,0,0,0,65.29
7553,8173,21074,355.36,0,0,0,63.96
7554,8173,21077,385.28,0,0,1,69.35
7555,8177,21085,414.19,0,0,0,74.55
7556,8177,21087,305.08,0,0,0,54.91
7557,8178,21088,467.42,0,0,0,84.14
7558,8183,21102,164.35,30,20,0,29.58
7559,8185,21105,249.32,0,50,0,44.88
7560,8186,21109,331.13,0,0,1,59.6
7561,8186,21110,329.01,0,0,0,59.22
7562,8188,21114,523.69,0,0,0,94.26
7563,8189,21115,158.22,30,20,0,28.48
7564,8190,21117,389.12,0,20,0,70.04
7565,8191,21121,270.92,30,50,0,48.77
7566,8192,21124,318.4,0,20,0,57.31
7567,8192,21125,272.74,30,0,0,49.09
7568,8194,21130,372.15,0,50,0,66.99
7569,8195,21134,326.05,30,0,0,58.69
7570,8196,21135,378.93,0,20,0,68.21
7571,8199,21136,399.98,0,0,0,72.0
7572,8199,21137,315.75,0,0,0,56.84
7573,8200,21140,374.75,0,0,0,67.46
7574,8200,21141,325.65,0,0,0,58.62
7575,8200,21143,368.72,0,0,0,66.37
7576,8202,21145,388.92,0,0,0,70.01
7577,8203,21147,336.72,0,0,0,60.61
7578,8205,21153,287.04,30,0,0,51.67
7579,8206,21155,257.23,30,20,0,46.3
7580,8206,21157,401.28,0,20,0,72.23
7581,8207,21160,248.95,30,0,0,44.81
7582,8208,21164,317.34,0,20,0,57.12
7583,8208,21165,283.08,0,50,0,50.95
7584,8210,21170,230.82,30,20,0,41.55
7585,8212,21174,228.72,30,50,0,41.17
7586,8212,21175,389.98,0,0,0,70.2
7587,8213,21176,395.3,0,0,0,71.15
7588,8214,21179,410.68,0,0,0,73.92
7589,8215,21181,330.88,0,0,0,59.56
7590,8216,21183,307.35,0,0,0,55.32
7591,8219,21190,325.55,30,0,0,58.6
7592,8220,21194,317.92,0,0,0,57.23
7593,8220,21195,235.8,30,0,0,42.44
7594,8222,21201,367.91,0,20,0,66.22
7595,8222,21204,376.04,0,20,0,67.69
7596,8224,21208,304.28,30,0,0,54.77
7597,8225,21210,258.0,0,50,0,46.44
7598,8225,21211,288.64,0,50,0,51.96
7599,8229,21221,373.44,0,0,0,67.22
7600,8230,21224,297.57,0,20,0,53.56
7601,8232,21230,307.76,30,20,0,55.4
7602,8233,21234,452.98,0,0,0,81.54
7603,8234,21236,270.33,0,50,0,48.66
7604,8234,21237,260.28,30,20,0,46.85
7605,8236,21239,257.23,0,50,0,46.3
7606,8238,21247,549.41,0,0,0,98.89
7607,8239,21248,357.24,0,20,0,64.3
7608,8240,21249,319.68,0,20,0,57.54
7609,8240,21251,292.09,30,0,0,52.58
7610,8240,21253,284.85,30,0,0,51.27
7611,8240,21255,305.77,30,0,0,55.04
7612,8241,21256,373.67,0,20,0,67.26
7613,8241,21257,495.25,0,0,0,89.14
7614,8242,21262,370.4,0,0,0,66.67
7615,8243,21263,219.39,30,0,0,39.49
7616,8244,21266,336.63,0,20,0,60.59
7617,8244,21267,300.09,0,0,0,54.02
7618,8245,21268,347.53,0,20,0,62.56
7619,8247,21271,318.36,0,0,0,57.3
7620,8248,21272,332.62,0,0,0,59.87
7621,8250,21278,215.4,30,0,0,38.77
7622,8250,21279,438.86,0,0,0,78.99
7623,8251,21282,376.07,0,0,0,67.69
7624,8251,21283,408.62,0,0,0,73.55
7625,8252,21286,395.86,0,50,0,71.25
7626,8252,21287,408.75,0,20,0,73.58
7627,8252,21288,364.94,0,0,0,65.69
7628,8253,21289,290.99,0,50,0,52.38
7629,8253,21290,281.82,0,20,0,50.73
7630,8253,21291,137.63,30,0,0,24.77
7631,8253,21293,290.02,30,0,0,52.2
7632,8257,21301,307.07,30,0,0,55.27
7633,8257,21302,358.68,0,0,0,64.56
7634,8260,21305,335.09,0,0,0,60.32
7635,8261,21307,293.48,0,20,0,52.83
7636,8261,21310,245.08,30,0,0,44.11
7637,8261,21311,311.31,0,50,0,56.04
7638,8262,21313,321.05,0,0,0,57.79
7639,8262,21315,393.04,0,0,0,70.75
7640,8262,21316,222.64,30,0,0,40.08
7641,8263,21318,415.13,0,0,0,74.72
7642,8264,21322,350.96,0,20,0,63.17
7643,8266,21327,284.52,30,0,0,51.21
7644,8269,21332,50.0,30,50,0,9.0
7645,8271,21344,399.14,0,0,0,71.85
7646,8273,21348,326.01,0,0,0,58.68
7647,8273,21352,310.87,30,0,0,55.96
7648,8275,21354,367.4,0,0,0,66.13
7649,8276,21356,400.67,0,0,0,72.12
7650,8276,21360,369.28,0,20,0,66.47
7651,8277,21362,339.55,0,0,0,61.12
7652,8277,21364,307.04,0,0,0,55.27
7653,8278,21365,344.24,0,20,0,61.96
7654,8279,21368,344.86,0,0,0,62.07
7655,8279,21369,255.42,30,50,0,45.98
7656,8279,21370,229.98,30,50,1,41.4
7657,8281,21376,334.98,0,0,0,60.3
7658,8282,21381,228.15,30,20,0,41.07
7659,8283,21382,427.42,0,20,0,76.94
7660,8287,21390,291.89,0,20,0,52.54
7661,8288,21394,193.85,30,0,0,34.89
7662,8289,21395,336.25,0,50,0,60.52
7663,8289,21397,365.21,0,50,1,65.74
7664,8290,21398,447.75,0,20,0,80.6
7665,8290,21401,231.52,30,0,0,41.67
7666,8290,21402,449.57,0,0,0,80.92
7667,8291,21403,319.3,0,20,0,57.47
7668,8292,21407,333.1,0,0,0,59.96
7669,8293,21411,290.88,0,50,0,52.36
7670,8296,21413,247.75,30,0,0,44.6
7671,8296,21415,393.54,0,50,0,70.84
7672,8297,21419,352.06,0,0,0,63.37
7673,8297,21420,217.78,30,0,0,39.2
7674,8298,21421,281.4,30,0,0,50.65
7675,8303,21431,446.69,0,0,0,80.4
7676,8305,21435,315.75,30,0,0,56.84
7677,8308,21443,270.95,30,50,0,48.77
7678,8312,21449,175.94,30,0,0,31.67
7679,8312,21450,60.0,30,20,0,10.8
7680,8313,21452,357.44,0,20,0,64.34
7681,8313,21454,328.67,30,0,0,59.16
7682,8313,21455,153.43,30,50,0,27.62
7683,8315,21457,208.71,30,50,0,37.57
7684,8317,21458,288.73,0,20,0,51.97
7685,8318,21461,403.06,0,0,0,72.55
7686,8320,21465,370.87,0,0,0,66.76
7687,8321,21467,330.05,0,0,0,59.41
7688,8322,21468,353.46,0,0,0,63.62
7689,8324,21470,287.39,30,0,0,51.73
7690,8327,21474,324.75,0,0,0,58.46
7691,8328,21478,322.38,30,0,0,58.03
7692,8330,21482,341.71,0,0,0,61.51
7693,8333,21485,324.55,0,0,0,58.42
7694,8333,21486,484.28,0,0,0,87.17
7695,8335,21488,345.11,0,20,0,62.12
7696,8338,21493,426.04,0,0,0,76.69
7697,8340,21495,263.97,30,50,0,47.51
7698,8344,21502,280.07,30,0,0,50.41
7699,8344,21503,270.62,0,50,0,48.71
7700,8345,21508,348.56,0,50,0,62.74
7701,8345,21510,133.9,30,50,0,24.1
7702,8345,21511,308.65,0,20,0,55.56
7703,8346,21513,468.08,0,0,1,84.25
7704,8348,21515,283.54,0,50,0,51.04
7705,8348,21518,325.1,0,0,0,58.52
7706,8349,21522,280.99,30,0,0,50.58
7707,8352,21526,348.49,0,0,0,62.73
7708,8352,21527,323.5,0,0,0,58.23
7709,8353,21528,246.53,30,50,0,44.38
7710,8354,21530,383.66,0,50,0,69.06
7711,8355,21532,289.81,30,0,0,52.17
7712,8355,21534,245.01,30,0,0,44.1
7713,8356,21537,205.25,30,0,0,36.94
7714,8357,21538,324.25,30,0,0,58.36
7715,8357,21541,522.08,0,50,0,93.97
7716,8358,21545,262.04,30,20,0,47.17
7717,8361,21553,384.64,0,0,0,69.24
7718,8363,21557,309.61,0,20,0,55.73
7719,8364,21561,253.9,30,50,0,45.7
7720,8365,21562,302.48,30,0,0,54.45
7721,8367,21565,570.23,0,0,0,102.64
7722,8367,21566,359.63,0,0,0,64.73
7723,8370,21569,372.18,0,0,0,66.99
7724,8372,21575,515.75,0,20,0,92.84
7725,8373,21576,287.51,0,20,0,51.75
7726,8373,21577,344.07,0,0,0,61.93
7727,8375,21580,324.55,30,0,0,58.42
7728,8377,21587,187.68,30,20,0,33.78
7729,8378,21589,344.18,0,0,0,61.95
7730,8378,21594,295.86,0,20,0,53.25
7731,8379,21596,328.61,30,0,0,59.15
7732,8380,21598,331.68,0,0,0,59.7
7733,8380,21601,240.07,30,0,0,43.21
7734,8380,21603,515.11,0,50,0,92.72
7735,8381,21606,304.29,30,0,0,54.77
7736,8381,21607,265.87,30,50,0,47.86
7737,8386,21617,348.93,0,20,0,62.81
7738,8387,21618,419.82,0,0,0,75.57
7739,8388,21619,434.11,0,20,0,78.14
7740,8388,21620,231.69,30,50,0,41.7
7741,8390,21622,176.27,30,0,0,31.73
7742,8391,21624,311.97,30,0,0,56.15
7743,8392,21627,299.98,0,0,0,54.0
7744,8392,21630,376.5,0,0,0,67.77
7745,8393,21635,104.84,30,50,0,18.87
7746,8394,21641,336.18,0,0,0,60.51
7747,8397,21648,369.38,0,50,0,66.49
7748,8398,21651,243.88,30,0,0,43.9
7749,8400,21652,390.05,0,0,0,70.21
7750,8400,21653,302.23,0,50,0,54.4
7751,8401,21655,336.45,0,0,0,60.56
7752,8401,21659,248.26,30,0,0,44.69
7753,8402,21660,309.37,30,0,0,55.69
7754,8402,21662,306.26,30,0,0,55.13
7755,8403,21663,238.5,30,20,0,42.93
7756,8405,21667,261.31,30,0,0,47.04
7757,8405,21668,340.22,0,20,0,61.24
7758,8407,21673,356.21,0,20,0,64.12
7759,8408,21676,283.98,30,0,0,51.12
7760,8409,21678,304.16,30,20,0,54.75
7761,8409,21679,264.25,30,0,0,47.56
7762,8410,21680,318.46,0,20,1,57.32
7763,8411,21683,267.83,0,50,0,48.21
7764,8411,21684,468.9,0,0,0,84.4
7765,8414,21688,295.4,30,0,0,53.17
7766,8415,21692,283.43,0,20,0,51.02
7767,8415,21700,360.55,0,0,0,64.9
7768,8419,21703,396.38,0,0,0,71.35
7769,8419,21704,366.16,0,0,0,65.91
7770,8420,21707,418.5,0,0,0,75.33
7771,8421,21713,273.0,0,50,0,49.14
7772,8422,21716,328.35,30,0,0,59.1
7773,8423,21717,240.3,30,50,0,43.25
7774,8424,21719,389.22,0,0,0,70.06
7775,8424,21720,279.4,30,0,0,50.29
7776,8424,21722,198.04,30,20,0,35.65
7777,8427,21729,284.04,30,0,0,51.13
7778,8428,21731,257.45,30,50,0,46.34
7779,8428,21732,256.26,30,50,0,46.13
7780,8433,21739,492.62,0,0,0,88.67
7781,8433,21740,262.23,30,0,0,47.2
7782,8436,21748,488.77,0,0,0,87.98
7783,8441,21759,362.15,0,0,0,65.19
7784,8443,21765,208.41,30,0,1,37.51
7785,8444,21766,258.39,30,50,0,46.51
7786,8446,21772,465.68,0,0,0,83.82
7787,8446,21774,222.84,30,0,0,40.11
7788,8447,21775,437.72,0,0,1,78.79
7789,8448,21782,286.49,30,0,0,51.57
7790,8449,21784,412.06,0,0,0,74.17
7791,8450,21788,299.86,30,0,0,53.97
7792,8452,21795,371.01,0,0,0,66.78
7793,8455,21797,428.97,0,0,0,77.21
7794,8456,21799,334.24,0,0,0,60.16
7795,8456,21800,495.67,0,0,0,89.22
7796,8460,21808,466.42,0,0,0,83.96
7797,8460,21809,419.37,0,20,0,75.49
7798,8462,21811,371.17,0,0,0,66.81
7799,8462,21813,435.14,0,50,0,78.33
7800,8465,21822,273.13,0,50,0,49.16
7801,8468,21824,285.62,30,0,0,51.41
7802,8468,21826,293.76,0,20,0,52.88
7803,8468,21827,313.59,30,0,0,56.45
7804,8471,21833,348.47,0,50,0,62.72
7805,8472,21835,356.5,0,0,0,64.17
7806,8473,21837,311.99,30,0,0,56.16
7807,8475,21840,462.02,0,0,0,83.16
7808,8475,21841,327.7,30,0,0,58.99
7809,8477,21843,162.46,30,0,0,29.24
7810,8478,21847,290.99,30,0,0,52.38
7811,8480,21850,409.83,0,20,0,73.77
7812,8480,21851,322.88,30,0,0,58.12
7813,8481,21855,324.74,0,0,0,58.45
7814,8481,21856,311.57,30,0,0,56.08
7815,8481,21857,392.45,0,0,0,70.64
7816,8482,21860,348.45,0,0,0,62.72
7817,8482,21862,253.4,30,0,0,45.61
7818,8482,21866,495.75,0,0,0,89.24
7819,8482,21867,308.47,30,0,0,55.52
7820,8483,21870,417.86,0,0,0,75.21
7821,8484,21871,187.89,30,0,0,33.82
7822,8484,21872,417.89,0,20,0,75.22
7823,8485,21873,279.81,0,50,0,50.37
7824,8485,21874,367.44,0,50,0,66.14
7825,8486,21878,266.74,30,0,0,48.01
7826,8486,21879,214.45,30,20,0,38.6
7827,8487,21880,366.79,0,0,0,66.02
7828,8489,21883,342.5,0,0,0,61.65
7829,8490,21884,370.31,0,0,0,66.66
7830,8490,21885,388.67,0,0,0,69.96
7831,8491,21886,418.95,0,20,0,75.41
7832,8491,21887,165.67,30,20,0,29.82
7833,8491,21888,366.07,0,0,0,65.89
7834,8492,21891,249.47,0,50,0,44.9
7835,8496,21897,316.99,0,0,0,57.06
7836,8496,21898,369.03,0,0,0,66.43
7837,8496,21899,383.07,0,0,1,68.95
7838,8499,21902,224.08,30,20,0,40.33
7839,8499,21904,320.34,30,0,0,57.66
7840,8502,21907,405.38,0,0,0,72.97
7841,8502,21909,293.4,30,0,0,52.81
7842,8504,21912,459.53,0,0,0,82.72
7843,8505,21914,185.15,30,50,0,33.33
7844,8510,21922,359.74,0,0,0,64.75
7845,8513,21925,402.89,0,0,0,72.52
7846,8514,21927,233.93,30,0,0,42.11
7847,8514,21928,77.73,30,20,0,13.99
7848,8515,21935,318.29,0,20,0,57.29
7849,8517,21941,316.61,0,0,0,56.99
7850,8518,21949,279.45,30,0,0,50.3
7851,8519,21951,425.78,0,0,0,76.64
7852,8519,21953,286.52,30,0,0,51.57
7853,8520,21955,321.19,0,20,0,57.81
7854,8521,21956,285.03,30,20,0,51.31
7855,8521,21959,306.1,30,0,0,55.1
7856,8521,21962,347.99,0,0,0,62.64
7857,8522,21965,271.34,30,0,0,48.84
7858,8523,21968,292.88,0,20,0,52.72
7859,8527,21976,352.72,0,20,0,63.49
7860,8527,21977,340.18,0,0,0,61.23
7861,8528,21978,475.6,0,0,0,85.61
7862,8530,21981,427.69,0,0,0,76.98
7863,8531,21983,301.28,0,0,0,54.23
7864,8533,21988,313.77,30,0,0,56.48
7865,8533,21989,368.18,0,20,0,66.27
7866,8536,21995,349.51,0,0,0,62.91
7867,8539,22001,369.11,0,0,0,66.44
7868,8541,22006,408.84,0,20,0,73.59
7869,8541,22007,311.4,0,20,0,56.05
7870,8542,22008,257.55,30,0,0,46.36
7871,8542,22011,338.61,0,0,0,60.95
7872,8542,22014,279.96,30,0,0,50.39
7873,8543,22016,364.27,0,0,0,65.57
7874,8543,22017,435.72,0,0,0,78.43
7875,8545,22020,461.91,0,20,0,83.14
7876,8551,22029,355.96,0,0,0,64.07
7877,8551,22030,271.66,30,20,0,48.9
7878,8552,22037,432.35,0,0,0,77.82
7879,8556,22046,392.08,0,0,0,70.57
7880,8556,22048,309.81,30,0,1,55.77
7881,8558,22055,311.98,0,0,0,56.16
7882,8559,22056,298.33,0,20,0,53.7
7883,8562,22063,314.46,0,20,0,56.6
7884,8562,22064,354.61,0,0,0,63.83
7885,8565,22070,400.54,0,20,0,72.1
7886,8567,22074,438.26,0,0,0,78.89
7887,8568,22075,213.42,30,20,0,38.42
7888,8568,22076,345.07,0,20,0,62.11
7889,8569,22078,467.47,0,50,0,84.14
7890,8569,22079,308.11,0,0,1,55.46
7891,8570,22080,234.27,30,20,0,42.17
7892,8572,22085,237.08,30,50,0,42.67
7893,8575,22091,322.65,0,0,0,58.08
7894,8576,22096,445.26,0,0,0,80.15
7895,8577,22097,325.75,0,50,0,58.64
7896,8577,22099,324.45,0,0,0,58.4
7897,8581,22103,495.74,0,0,0,89.23
7898,8581,22104,323.73,0,0,0,58.27
7899,8581,22106,290.76,30,0,0,52.34
7900,8582,22108,300.59,30,20,0,54.11
7901,8582,22110,421.85,0,50,0,75.93
7902,8583,22113,193.95,30,50,0,34.91
7903,8583,22115,218.19,30,20,0,39.27
7904,8584,22118,288.7,0,20,0,51.97
7905,8590,22127,374.43,0,0,0,67.4
7906,8590,22128,281.27,0,50,0,50.63
7907,8590,22129,230.82,30,0,0,41.55
7908,8590,22131,243.49,30,20,0,43.83
7909,8594,22133,430.12,0,0,0,77.42
7910,8594,22134,324.43,0,50,0,58.4
7911,8595,22136,368.05,0,50,0,66.25
7912,8597,22140,382.76,0,0,0,68.9
7913,8597,22141,317.06,0,50,0,57.07
7914,8598,22146,176.63,30,0,0,31.79
7915,8600,22151,302.17,0,0,0,54.39
7916,8601,22152,316.81,30,0,0,57.03
7917,8601,22153,324.94,0,0,0,58.49
7918,8601,22156,384.51,0,0,0,69.21
7919,8602,22157,256.21,0,50,1,46.12
7920,8604,22161,405.58,0,0,0,73.0
7921,8605,22163,429.19,0,0,0,77.25
7922,8608,22167,484.58,0,0,0,87.22
7923,8608,22169,539.96,0,0,0,97.19
7924,8609,22174,404.32,0,0,0,72.78
7925,8612,22180,349.14,0,0,0,62.85
7926,8613,22183,237.75,30,0,1,42.8
7927,8616,22190,465.29,0,0,0,83.75
7928,8616,22194,288.84,30,0,0,51.99
7929,8616,22195,313.79,0,0,0,56.48
7930,8617,22196,378.37,0,0,0,68.11
7931,8617,22197,372.37,0,20,0,67.03
7932,8617,22198,309.23,30,0,0,55.66
7933,8617,22200,261.78,30,20,0,47.12
7934,8619,22207,250.87,30,50,0,45.16
7935,8624,22212,338.36,0,0,0,60.9
7936,8624,22213,318.48,0,20,0,57.33
7937,8626,22220,360.47,0,0,0,64.88
7938,8626,22222,318.39,0,0,1,57.31
7939,8626,22223,187.4,30,0,0,33.73
7940,8626,22224,328.5,0,50,0,59.13
7941,8628,22228,422.02,0,0,0,75.96
7942,8628,22229,328.67,0,50,0,59.16
7943,8628,22230,243.68,30,0,0,43.86
7944,8628,22232,299.68,0,20,0,53.94
7945,8628,22234,256.42,0,50,0,46.16
7946,8629,22236,304.91,30,0,0,54.88
7947,8629,22238,175.66,30,0,0,31.62
7948,8634,22245,274.06,30,0,0,49.33
7949,8636,22253,270.66,30,50,0,48.72
7950,8636,22254,248.94,30,0,0,44.81
7951,8636,22256,312.0,0,50,0,56.16
7952,8637,22258,278.57,0,50,0,50.14
7953,8637,22259,405.93,0,0,0,73.07
7954,8638,22264,305.43,30,20,0,54.98
7955,8639,22267,278.12,30,0,0,50.06
7956,8641,22271,261.27,30,50,0,47.03
7957,8642,22273,448.96,0,0,0,80.81
7958,8642,22276,219.53,30,50,0,39.52
7959,8642,22278,412.15,0,0,0,74.19
7960,8643,22280,303.79,0,20,0,54.68
7961,8643,22282,381.98,0,0,0,68.76
7962,8645,22285,331.52,0,0,0,59.67
7963,8645,22286,239.89,30,20,0,43.18
7964,8645,22288,300.74,30,0,0,54.13
7965,8645,22289,301.26,0,20,0,54.23
7966,8646,22293,301.11,30,0,0,54.2
7967,8648,22304,298.11,30,0,0,53.66
7968,8648,22306,452.22,0,50,0,81.4
7969,8649,22309,289.05,30,0,0,52.03
7970,8649,22312,229.73,30,50,0,41.35
7971,8650,22316,377.62,0,0,0,67.97
7972,8651,22319,328.78,0,20,0,59.18
7973,8651,22320,386.62,0,20,0,69.59
7974,8652,22321,369.15,0,20,0,66.45
7975,8653,22322,250.65,30,0,0,45.12
7976,8654,22324,301.08,0,0,0,54.19
7977,8654,22325,313.63,0,20,0,56.45
7978,8654,22326,210.55,30,50,0,37.9
7979,8656,22332,299.01,0,0,0,53.82
7980,8657,22335,381.98,0,0,0,68.76
7981,8658,22336,285.44,30,0,0,51.38
7982,8662,22343,363.51,0,0,0,65.43
7983,8662,22344,427.13,0,0,0,76.88
7984,8666,22350,380.52,0,0,0,68.49
7985,8667,22351,358.59,0,0,1,64.55
7986,8673,22366,327.16,30,0,0,58.89
7987,8674,22367,294.54,30,0,0,53.02
7988,8678,22375,277.35,30,50,0,49.92
7989,8678,22376,394.03,0,20,0,70.93
7990,8679,22382,462.29,0,0,0,83.21
7991,8681,22385,322.66,30,0,0,58.08
7992,8683,22387,372.95,0,0,0,67.13
7993,8683,22388,127.89,30,0,0,23.02
7994,8683,22389,335.65,0,20,0,60.42
7995,8684,22392,339.0,0,50,0,61.02
7996,8687,22394,310.63,30,0,0,55.91
7997,8687,22395,284.03,0,20,0,51.13
7998,8687,22396,391.62,0,0,0,70.49
7999,8688,22399,228.26,30,20,0,41.09
8000,8688,22400,415.7,0,0,0,74.83
8001,8689,22402,202.29,30,20,0,36.41
8002,8689,22403,119.83,30,20,0,21.57
8003,8689,22405,416.19,0,0,0,74.91
8004,8691,22407,315.92,30,0,0,56.87
8005,8692,22408,319.42,30,0,0,57.5
8006,8692,22411,302.83,0,0,0,54.51
8007,8693,22417,181.73,30,50,1,32.71
8008,8694,22420,283.57,30,0,0,51.04
8009,8695,22422,344.02,0,0,0,61.92
8010,8697,22428,292.83,0,50,0,52.71
8011,8697,22430,416.4,0,0,0,74.95
8012,8697,22431,186.65,30,0,0,33.6
8013,8698,22432,306.86,0,0,0,55.23
8014,8700,22444,313.01,0,0,0,56.34
8015,8700,22445,240.07,30,50,0,43.21
8016,8701,22449,242.3,30,0,0,43.61
8017,8701,22451,304.65,0,0,0,54.84
8018,8702,22452,291.42,30,0,0,52.46
8019,8703,22456,393.92,0,0,0,70.91
8020,8705,22460,187.96,30,0,0,33.83
8021,8708,22463,324.43,0,50,0,58.4
8022,8708,22464,424.92,0,50,0,76.49
8023,8709,22466,467.02,0,0,0,84.06
8024,8710,22468,300.45,30,0,0,54.08
8025,8716,22478,235.01,30,50,0,42.3
8026,8718,22486,285.33,30,20,0,51.36
8027,8719,22491,313.91,30,0,0,56.5
8028,8722,22496,282.4,30,0,0,50.83
8029,8727,22509,285.53,30,20,0,51.4
8030,8731,22514,394.97,0,0,0,71.09
8031,8733,22516,335.22,0,20,0,60.34
8032,8733,22517,346.42,0,0,0,62.36
8033,8735,22522,280.43,30,0,0,50.48
8034,8735,22523,196.54,30,0,0,35.38
8035,8736,22527,208.45,30,0,0,37.52
8036,8736,22529,328.53,0,0,0,59.14
8037,8737,22531,322.97,0,0,0,58.13
8038,8747,22553,329.54,0,20,0,59.32
8039,8748,22554,291.56,0,20,0,52.48
8040,8748,22555,372.39,0,0,0,67.03
8041,8750,22563,279.02,30,0,0,50.22
8042,8750,22564,320.73,0,20,0,57.73
8043,8751,22565,431.56,0,20,0,77.68
8044,8753,22568,179.97,30,0,0,32.39
8045,8754,22571,418.79,0,0,0,75.38
8046,8755,22573,277.13,30,0,0,49.88
8047,8755,22575,193.73,30,50,0,34.87
8048,8756,22578,324.02,0,50,0,58.32
8049,8756,22579,254.56,30,50,0,45.82
8050,8756,22580,269.54,0,50,0,48.52
8051,8757,22582,337.06,0,20,0,60.67
8052,8758,22584,397.92,0,50,0,71.63
8053,8758,22585,401.77,0,0,0,72.32
8054,8759,22588,197.83,30,50,0,35.61
8055,8759,22589,324.54,30,0,0,58.42
8056,8760,22591,348.79,0,0,0,62.78
8057,8760,22594,201.59,30,20,0,36.29
8058,8763,22600,301.45,30,0,0,54.26
8059,8764,22604,161.82,30,0,0,29.13
8060,8764,22607,318.58,0,0,0,57.34
8061,8765,22608,285.86,30,0,0,51.45
8062,8765,22609,368.47,0,0,0,66.32
8063,8765,22610,270.22,30,0,0,48.64
8064,8766,22614,271.01,30,50,0,48.78
8065,8766,22615,282.62,30,0,0,50.87
8066,8767,22616,304.16,0,20,0,54.75
8067,8769,22618,371.18,0,0,0,66.81
8068,8770,22621,254.76,30,50,0,45.86
8069,8770,22622,251.78,30,0,0,45.32
8070,8772,22628,361.98,0,0,0,65.16
8071,8773,22633,406.58,0,0,0,73.18
8072,8774,22636,406.96,0,0,0,73.25
8073,8774,22637,480.3,0,0,0,86.45
8074,8774,22638,242.12,30,0,0,43.58
8075,8774,22639,231.78,30,0,0,41.72
8076,8775,22643,467.29,0,0,0,84.11
8077,8776,22646,321.74,30,0,0,57.91
8078,8777,22648,437.75,0,0,0,78.8
8079,8779,22651,360.85,0,0,0,64.95
8080,8780,22652,159.9,30,20,0,28.78
8081,8780,22654,209.87,30,0,0,37.78
8082,8783,22659,256.29,0,50,0,46.13
8083,8784,22661,399.16,0,0,0,71.85
8084,8789,22667,295.15,0,20,0,53.13
8085,8790,22668,407.07,0,50,0,73.27
8086,8790,22669,426.33,0,0,0,76.74
8087,8791,22672,220.69,30,0,0,39.72
8088,8792,22679,390.02,0,0,1,70.2
8089,8796,22686,330.08,0,0,0,59.41
8090,8796,22687,403.51,0,0,0,72.63
8091,8800,22693,148.99,30,0,0,26.82
8092,8801,22695,441.95,0,0,0,79.55
8093,8801,22696,246.5,30,0,0,44.37
8094,8802,22702,469.74,0,0,0,84.55
8095,8803,22703,213.03,30,50,0,38.35
8096,8803,22704,245.02,30,20,0,44.1
8097,8804,22707,332.15,0,0,0,59.79
8098,8804,22708,390.93,0,50,0,70.37
8099,8805,22709,285.03,0,50,0,51.31
8100,8807,22716,439.46,0,50,0,79.1
8101,8807,22718,324.7,0,50,0,58.45
8102,8808,22720,271.25,30,0,0,48.82
8103,8808,22721,300.07,30,0,0,54.01
8104,8809,22726,489.94,0,20,0,88.19
8105,8809,22727,426.08,0,0,0,76.69
8106,8812,22730,425.47,0,50,0,76.58
8107,8813,22733,383.1,0,0,0,68.96
8108,8813,22734,263.21,30,0,0,47.38
8109,8813,22735,327.18,0,20,0,58.89
8110,8813,22737,326.13,30,0,0,58.7
8111,8815,22741,286.31,30,0,0,51.54
8112,8816,22743,321.67,30,0,0,57.9
8113,8818,22751,307.85,0,50,0,55.41
8114,8820,22754,440.49,0,0,0,79.29
8115,8821,22757,378.82,0,0,0,68.19
8116,8821,22758,384.21,0,0,0,69.16
8117,8821,22759,297.06,30,20,0,53.47
8118,8822,22760,363.69,0,20,0,65.46
8119,8822,22761,302.87,0,0,0,54.52
8120,8823,22762,211.13,30,50,0,38.0
8121,8823,22764,252.51,30,50,0,45.45
8122,8823,22765,287.53,30,0,0,51.76
8123,8824,22767,277.78,30,50,0,50.0
8124,8826,22769,401.64,0,0,0,72.3
8125,8827,22771,222.24,30,0,0,40.0
8126,8827,22772,263.72,0,50,0,47.47
8127,8827,22774,144.56,30,50,0,26.02
8128,8828,22775,310.46,0,0,0,55.88
8129,8829,22777,316.88,0,20,0,57.04
8130,8830,22785,265.27,30,50,0,47.75
8131,8830,22788,392.97,0,50,0,70.73
8132,8832,22790,240.27,30,0,0,43.25
8133,8832,22791,231.94,30,50,0,41.75
8134,8832,22793,302.34,30,20,0,54.42
8135,8832,22794,269.85,30,50,0,48.57
8136,8835,22799,261.65,30,0,0,47.1
8137,8835,22800,286.07,0,20,0,51.49
8138,8836,22802,232.79,30,0,1,41.9
8139,8837,22807,296.62,0,20,0,53.39
8140,8837,22810,522.4,0,0,0,94.03
8141,8837,22811,401.76,0,50,0,72.32
8142,8838,22813,269.64,30,0,0,48.54
8143,8838,22816,291.34,0,50,0,52.44
8144,8841,22818,349.53,0,0,0,62.92
8145,8841,22819,342.45,0,0,0,61.64
8146,8842,22822,296.12,30,0,0,53.3
8147,8843,22823,313.36,30,0,0,56.4
8148,8844,22826,224.74,30,0,0,40.45
8149,8844,22829,360.93,0,20,0,64.97
8150,8847,22833,282.42,0,20,0,50.84
8151,8847,22834,277.8,30,0,0,50.0
8152,8847,22835,310.14,30,0,0,55.83
8153,8848,22836,257.9,30,0,0,46.42
8154,8849,22838,219.48,30,0,0,39.51
8155,8849,22839,317.41,0,0,0,57.13
8156,8849,22840,246.54,30,50,0,44.38
8157,8849,22841,383.84,0,50,0,69.09
8158,8851,22846,485.33,0,50,0,87.36
8159,8852,22848,378.15,0,0,0,68.07
8160,8852,22849,236.29,30,0,0,42.53
8161,8853,22851,343.37,0,0,0,61.81
8162,8855,22857,289.19,30,0,0,52.05
8163,8856,22858,436.25,0,0,0,78.52
8164,8856,22859,231.63,30,50,0,41.69
8165,8857,22862,309.95,0,0,0,55.79
8166,8860,22866,243.13,30,0,0,43.76
8167,8862,22867,286.4,30,0,0,51.55
8168,8865,22871,419.57,0,0,0,75.52
8169,8865,22872,342.99,0,20,0,61.74
8170,8867,22881,308.3,0,0,0,55.49
8171,8867,22882,315.15,0,50,0,56.73
8172,8868,22885,383.61,0,0,0,69.05
8173,8868,22886,274.79,30,0,0,49.46
8174,8871,22895,487.07,0,0,0,87.67
8175,8872,22896,243.97,30,0,0,43.91
8176,8872,22899,341.7,0,0,0,61.51
8177,8873,22900,336.11,0,0,0,60.5
8178,8874,22903,261.69,30,0,0,47.1
8179,8875,22904,292.15,30,0,0,52.59
8180,8877,22908,388.65,0,0,0,69.96
8181,8877,22909,464.13,0,0,0,83.54
8182,8879,22911,343.56,0,0,0,61.84
8183,8881,22913,173.33,30,0,0,31.2
8184,8881,22914,331.62,0,0,0,59.69
8185,8882,22916,272.68,30,0,0,49.08
8186,8882,22917,527.09,0,50,0,94.88
8187,8884,22920,290.68,30,20,0,52.32
8188,8884,22922,513.59,0,0,0,92.45
8189,8885,22924,287.47,30,20,0,51.74
8190,8887,22927,168.97,30,50,0,30.41
8191,8888,22929,347.03,0,50,0,62.47
8192,8888,22931,455.26,0,20,0,81.95
8193,8890,22934,447.12,0,0,0,80.48
8194,8891,22935,358.03,0,50,0,64.45
8195,8892,22939,333.42,0,0,0,60.02
8196,8894,22941,385.95,0,0,0,69.47
8197,8894,22942,389.38,0,0,0,70.09
8198,8894,22943,430.35,0,50,0,77.46
8199,8895,22944,284.84,30,20,0,51.27
8200,8896,22947,298.56,0,20,0,53.74
8201,8899,22953,261.28,30,0,0,47.03
8202,8899,22954,426.04,0,0,0,76.69
8203,8899,22955,329.59,0,0,0,59.33
8204,8900,22957,390.2,0,20,0,70.24
8205,8900,22958,233.57,30,20,0,42.04
8206,8900,22961,277.51,30,20,1,49.95
8207,8900,22962,388.0,0,0,0,69.84
8208,8901,22965,371.35,0,0,0,66.84
8209,8901,22966,294.27,30,20,0,52.97
8210,8901,22967,529.81,0,0,0,95.37
8211,8902,22968,311.1,0,50,0,56.0
8212,8903,22971,478.46,0,0,0,86.12
8213,8907,22980,285.03,0,50,0,51.31
8214,8909,22981,393.7,0,0,0,70.87
8215,8909,22982,367.51,0,0,1,66.15
8216,8909,22983,282.4,0,50,0,50.83
8217,8911,22986,318.2,0,50,0,57.28
8218,8912,22988,466.94,0,0,0,84.05
8219,8912,22989,283.47,30,0,0,51.02
8220,8913,22990,275.1,30,0,0,49.52
8221,8914,22993,413.49,0,50,0,74.43
8222,8914,22994,252.62,0,50,0,45.47
8223,8915,22995,248.92,30,50,0,44.81
8224,8924,23012,325.87,30,0,0,58.66
8225,8925,23015,341.64,0,50,0,61.5
8226,8925,23017,534.58,0,20,0,96.22
8227,8925,23020,230.42,30,0,0,41.48
8228,8927,23024,372.08,0,0,0,66.97
8229,8927,23025,355.08,0,0,0,63.91
8230,8927,23026,191.93,30,20,0,34.55
8231,8927,23027,410.72,0,20,0,73.93
8232,8927,23028,537.43,0,0,0,96.74
8233,8927,23029,306.1,30,0,0,55.1
8234,8928,23032,313.65,0,0,0,56.46
8235,8928,23033,426.27,0,0,0,76.73
8236,8930,23035,317.0,0,20,0,57.06
8237,8930,23036,337.13,0,20,0,60.68
8238,8931,23039,347.65,0,0,0,62.58
8239,8932,23040,214.19,30,0,0,38.55
8240,8932,23041,453.53,0,0,0,81.64
8241,8935,23045,332.8,0,0,0,59.9
8242,8936,23047,281.53,30,0,0,50.68
8243,8936,23048,351.94,0,0,0,63.35
8244,8936,23049,387.75,0,0,0,69.8
8245,8936,23051,258.67,30,50,0,46.56
8246,8940,23056,267.53,0,50,0,48.16
8247,8940,23057,330.97,0,0,0,59.57
8248,8941,23059,387.73,0,50,0,69.79
8249,8941,23061,418.26,0,20,0,75.29
8250,8942,23065,378.65,0,50,0,68.16
8251,8943,23066,230.0,30,20,0,41.4
8252,8945,23071,390.52,0,0,0,70.29
8253,8945,23074,355.83,0,20,0,64.05
8254,8946,23075,402.5,0,0,0,72.45
8255,8946,23076,276.94,0,50,0,49.85
8256,8946,23077,327.61,0,0,0,58.97
8257,8949,23084,366.03,0,20,0,65.89
8258,8949,23088,140.2,30,50,0,25.24
8259,8950,23092,301.73,0,50,0,54.31
8260,8951,23099,338.58,0,0,0,60.94
8261,8953,23102,314.5,0,0,0,56.61
8262,8954,23103,307.16,0,50,0,55.29
8263,8955,23107,441.23,0,0,0,79.42
8264,8955,23108,318.08,0,0,0,57.25
8265,8957,23111,498.08,0,20,0,89.65
8266,8958,23113,336.77,0,50,0,60.62
8267,8959,23114,321.49,0,0,0,57.87
8268,8959,23116,268.28,0,50,0,48.29
8269,8961,23119,400.09,0,20,0,72.02
8270,8961,23121,338.78,0,50,0,60.98
8271,8962,23123,389.38,0,0,0,70.09
8272,8963,23124,225.18,30,50,0,40.53
8273,8963,23127,240.57,30,50,0,43.3
8274,8964,23131,296.3,0,50,0,53.33
8275,8965,23133,376.68,0,0,0,67.8
8276,8965,23135,362.61,0,0,0,65.27
8277,8968,23140,285.77,30,0,0,51.44
8278,8969,23141,316.83,30,0,0,57.03
8279,8969,23143,185.05,30,50,0,33.31
8280,8971,23146,407.77,0,0,0,73.4
8281,8972,23148,246.57,30,0,0,44.38
8282,8972,23149,374.85,0,0,0,67.47
8283,8974,23150,485.95,0,0,0,87.47
8284,8975,23152,443.15,0,0,0,79.77
8285,8976,23154,250.16,30,20,0,45.03
8286,8977,23158,90.53,30,50,0,16.3
8287,8978,23161,347.54,0,0,0,62.56
8288,8979,23165,348.34,0,0,0,62.7
8289,8979,23166,266.49,30,0,0,47.97
8290,8980,23169,326.23,0,20,0,58.72
8291,8983,23171,347.85,0,0,0,62.61
8292,8983,23172,297.97,0,50,0,53.63
8293,8983,23173,273.87,0,50,0,49.3
8294,8984,23175,331.52,0,0,1,59.67
8295,8985,23179,190.71,30,20,0,34.33
8296,8987,23183,307.85,0,0,0,55.41
8297,8989,23189,306.94,30,0,0,55.25
8298,8993,23193,306.56,0,0,0,55.18
8299,8993,23194,291.22,30,20,0,52.42
8300,8993,23195,326.0,0,0,0,58.68
8301,8994,23199,316.8,30,0,0,57.02
8302,8995,23201,291.94,0,20,0,52.55
8303,8997,23210,419.94,0,0,0,75.59
8304,8998,23211,270.69,30,50,1,48.72
8305,9001,23217,264.45,30,0,0,47.6
8306,9001,23218,330.3,0,0,0,59.45
8307,9002,23221,295.47,30,0,0,53.18
8308,9002,23222,290.12,0,50,0,52.22
8309,9003,23223,368.41,0,50,0,66.31
8310,9006,23227,104.67,30,50,0,18.84
8311,9007,23231,221.0,30,20,0,39.78
8312,9007,23233,276.47,30,50,0,49.76
8313,9007,23235,399.14,0,0,0,71.85
8314,9007,23236,347.05,0,0,0,62.47
8315,9008,23238,353.94,0,0,0,63.71
8316,9010,23243,184.44,30,50,0,33.2
8317,9013,23247,347.65,0,20,0,62.58
8318,9013,23248,346.75,0,20,0,62.42
8319,9014,23250,285.06,0,50,0,51.31
8320,9016,23257,382.6,0,0,0,68.87
8321,9016,23259,415.54,0,0,0,74.8
8322,9016,23261,262.88,0,50,0,47.32
8323,9017,23263,239.37,30,20,0,43.09
8324,9018,23266,296.27,0,20,0,53.33
8325,9019,23267,243.19,30,50,0,43.77
8326,9019,23268,345.04,0,0,0,62.11
8327,9019,23269,391.64,0,0,0,70.5
8328,9020,23270,361.82,0,0,0,65.13
8329,9021,23276,323.21,0,0,0,58.18
8330,9024,23278,391.06,0,20,0,70.39
8331,9027,23288,349.26,0,50,1,62.87
8332,9028,23291,164.8,30,50,0,29.66
8333,9029,23293,436.87,0,0,0,78.64
8334,9031,23296,273.6,30,50,0,49.25
8335,9033,23301,310.23,0,0,0,55.84
8336,9033,23302,356.72,0,0,0,64.21
8337,9033,23305,308.2,0,50,0,55.48
8338,9034,23309,288.1,0,20,0,51.86
8339,9036,23313,330.13,0,50,0,59.42
8340,9036,23314,378.88,0,0,0,68.2
8341,9037,23319,261.96,0,50,0,47.15
8342,9037,23320,338.1,0,0,0,60.86
8343,9039,23326,254.4,0,50,0,45.79
8344,9039,23327,323.05,0,0,0,58.15
8345,9040,23328,248.75,30,0,0,44.78
8346,9043,23338,231.1,30,50,0,41.6
8347,9046,23344,326.07,30,0,0,58.69
8348,9049,23353,322.85,0,0,0,58.11
8349,9049,23354,261.38,30,0,0,47.05
8350,9051,23357,215.3,30,0,0,38.75
8351,9051,23358,388.05,0,50,0,69.85
8352,9052,23361,409.2,0,0,0,73.66
8353,9053,23362,395.56,0,0,0,71.2
8354,9053,23363,442.55,0,0,0,79.66
8355,9053,23365,489.94,0,0,0,88.19
8356,9056,23369,379.73,0,20,0,68.35
8357,9057,23370,220.74,30,0,0,39.73
8358,9057,23373,239.2,30,0,0,43.06
8359,9057,23374,205.6,30,20,0,37.01
8360,9059,23375,363.29,0,50,0,65.39
8361,9059,23379,461.15,0,0,0,83.01
8362,9060,23380,382.61,0,0,0,68.87
8363,9060,23381,438.48,0,20,0,78.93
8364,9063,23387,277.32,0,50,0,49.92
8365,9064,23388,346.04,0,50,0,62.29
8366,9064,23390,198.18,30,0,0,35.67
8367,9064,23391,175.55,30,0,0,31.6
8368,9065,23393,307.75,0,0,1,55.4
8369,9066,23395,315.6,0,20,0,56.81
8370,9068,23403,363.79,0,20,0,65.48
8371,9068,23405,443.28,0,50,0,79.79
8372,9070,23410,315.19,0,20,0,56.73
8373,9071,23411,336.95,0,0,0,60.65
8374,9074,23414,469.7,0,0,0,84.55
8375,9075,23416,411.26,0,0,0,74.03
8376,9076,23421,305.12,30,0,0,54.92
8377,9076,23422,301.02,0,50,0,54.18
8378,9076,23423,429.24,0,0,0,77.26
8379,9077,23424,303.09,0,20,0,54.56
8380,9078,23425,259.86,30,20,0,46.77
8381,9080,23428,433.92,0,0,0,78.11
8382,9080,23429,249.81,30,50,0,44.97
8383,9080,23430,381.01,0,50,0,68.58
8384,9080,23432,442.06,0,50,0,79.57
8385,9081,23433,231.67,30,0,0,41.7
8386,9083,23439,270.82,30,0,0,48.75
8387,9086,23445,405.01,0,0,0,72.9
8388,9092,23453,320.73,0,50,0,57.73
8389,9092,23454,284.19,30,0,0,51.15
8390,9093,23455,334.69,0,50,0,60.24
8391,9096,23461,242.46,30,0,0,43.64
8392,9096,23463,296.25,30,0,0,53.32
8393,9096,23464,371.5,0,0,0,66.87
8394,9098,23466,198.46,30,0,0,35.72
8395,9098,23467,378.03,0,50,0,68.05
8396,9098,23470,347.89,0,20,0,62.62
8397,9099,23471,243.58,30,0,0,43.84
8398,9102,23484,352.99,0,20,0,63.54
8399,9104,23486,248.39,30,0,0,44.71
8400,9105,23492,336.02,0,0,0,60.48
8401,9107,23496,322.72,30,0,0,58.09
8402,9107,23498,187.14,30,0,0,33.69
8403,9113,23509,407.62,0,0,0,73.37
8404,9113,23510,350.56,0,0,0,63.1
8405,9114,23511,422.48,0,20,0,76.05
8406,9114,23513,296.84,0,50,0,53.43
8407,9118,23519,316.88,0,0,0,57.04
8408,9122,23523,424.05,0,0,0,76.33
8409,9124,23530,363.13,0,0,0,65.36
8410,9124,23531,304.21,0,0,0,54.76
8411,9124,23532,378.41,0,0,0,68.11
8412,9127,23540,381.18,0,0,0,68.61
8413,9128,23545,145.19,30,0,0,26.13
8414,9132,23552,468.18,0,0,0,84.27
8415,9132,23553,276.49,30,50,0,49.77
8416,9133,23554,593.48,0,20,0,106.83
8417,9133,23556,446.3,0,0,0,80.33
8418,9133,23557,184.59,30,20,0,33.23
8419,9134,23558,318.13,0,0,0,57.26
8420,9134,23559,305.75,30,20,0,55.04
8421,9134,23560,211.47,30,50,0,38.06
8422,9134,23561,210.43,30,20,0,37.88
8423,9136,23564,384.34,0,50,0,69.18
8424,9137,23567,381.31,0,0,0,68.64
8425,9137,23568,317.69,30,0,0,57.18
8426,9138,23573,290.38,0,50,0,52.27
8427,9140,23575,333.02,0,50,0,59.94
8428,9142,23580,285.84,0,50,0,51.45
8429,9143,23581,260.92,30,0,0,46.97
8430,9144,23587,414.84,0,0,0,74.67
8431,9144,23589,272.43,30,0,0,49.04
8432,9146,23594,272.45,0,50,0,49.04
8433,9146,23595,312.89,0,0,0,56.32
8434,9147,23598,307.99,30,20,0,55.44
8435,9148,23601,314.47,0,0,0,56.6
8436,9148,23603,351.31,0,0,1,63.24
8437,9149,23606,285.19,30,0,0,51.33
8438,9149,23610,266.15,30,50,0,47.91
8439,9150,23611,524.84,0,0,0,94.47
8440,9150,23613,254.78,0,50,0,45.86
8441,9151,23615,327.85,0,0,0,59.01
8442,9152,23616,345.01,0,0,0,62.1
8443,9152,23617,307.73,0,0,0,55.39
8444,9152,23618,258.82,30,50,0,46.59
8445,9153,23623,339.16,0,20,0,61.05
8446,9153,23625,333.25,0,0,0,59.98
8447,9158,23636,258.6,30,50,0,46.55
8448,9158,23637,319.96,0,50,0,57.59
8449,9158,23640,243.5,30,20,0,43.83
8450,9158,23641,383.76,0,50,1,69.08
8451,9159,23642,333.06,0,20,0,59.95
8452,9159,23645,411.69,0,0,0,74.1
8453,9159,23646,316.73,0,0,0,57.01
8454,9161,23651,348.41,0,0,0,62.71
8455,9161,23652,272.62,30,50,0,49.07
8456,9162,23653,321.43,0,50,0,57.86
8457,9163,23654,417.84,0,20,0,75.21
8458,9163,23655,352.74,0,0,0,63.49
8459,9165,23661,321.13,0,0,0,57.8
8460,9167,23667,259.78,30,50,0,46.76
8461,9167,23668,353.02,0,0,0,63.54
8462,9168,23674,377.93,0,0,0,68.03
8463,9168,23675,309.15,0,50,0,55.65
8464,9168,23677,325.12,0,0,0,58.52
8465,9168,23678,310.54,0,20,0,55.9
8466,9168,23680,304.24,30,0,0,54.76
8467,9170,23684,352.89,0,20,1,63.52
8468,9172,23689,263.15,30,20,0,47.37
8469,9172,23691,290.98,0,50,0,52.38
8470,9173,23695,110.0,30,50,0,19.8
8471,9173,23696,367.46,0,50,0,66.14
8472,9174,23699,261.11,30,0,0,47.0
8473,9174,23701,281.29,0,50,0,50.63
8474,9174,23702,459.99,0,0,0,82.8
8475,9175,23704,222.38,30,20,0,40.03
8476,9175,23705,311.58,30,0,0,56.08
8477,9176,23707,242.25,30,50,0,43.6
8478,9176,23708,296.34,30,20,0,53.34
8479,9178,23713,170.32,30,50,0,30.66
8480,9178,23714,211.62,30,0,0,38.09
8481,9179,23716,319.21,0,20,0,57.46
8482,9181,23722,260.16,30,50,0,46.83
8483,9181,23723,253.91,30,20,0,45.7
8484,9185,23730,495.1,0,0,0,89.12
8485,9186,23734,164.39,30,0,0,29.59
8486,9187,23736,271.62,30,0,0,48.89
8487,9188,23738,363.21,0,0,0,65.38
8488,9188,23742,278.28,30,0,0,50.09
8489,9188,23743,472.61,0,0,0,85.07
8490,9189,23747,424.55,0,20,0,76.42
8491,9190,23749,440.97,0,0,0,79.37
8492,9191,23751,324.75,0,20,0,58.46
8493,9191,23752,285.23,30,0,0,51.34
8494,9192,23755,450.08,0,0,0,81.01
8495,9193,23757,447.06,0,0,0,80.47
8496,9193,23759,332.91,0,0,0,59.92
8497,9194,23760,203.67,30,0,0,36.66
8498,9194,23761,257.18,0,50,0,46.29
8499,9196,23767,316.06,30,0,0,56.89
8500,9198,23771,299.79,0,50,0,53.96
8501,9203,23779,288.54,30,0,0,51.94
8502,9204,23781,369.32,0,0,0,66.48
8503,9204,23783,252.03,0,50,0,45.37
8504,9205,23785,339.2,0,0,0,61.06
8505,9206,23786,404.29,0,0,1,72.77
8506,9206,23788,212.17,30,20,0,38.19
8507,9209,23792,237.52,30,50,0,42.75
8508,9209,23793,493.63,0,0,0,88.85
8509,9209,23794,251.67,0,50,0,45.3
8510,9209,23795,426.19,0,0,0,76.71
8511,9209,23798,272.8,30,0,0,49.1
8512,9212,23802,289.88,30,0,0,52.18
8513,9213,23808,270.47,30,50,0,48.68
8514,9213,23809,307.61,30,0,0,55.37
8515,9215,23812,345.59,0,50,0,62.21
8516,9217,23820,354.53,0,0,0,63.82
8517,9220,23824,359.16,0,50,0,64.65
8518,9220,23827,322.34,0,20,0,58.02
8519,9220,23828,379.37,0,0,0,68.29
8520,9220,23832,368.8,0,0,0,66.38
8521,9222,23835,488.74,0,20,0,87.97
8522,9223,23838,424.91,0,50,0,76.48
8523,9226,23843,321.27,0,0,0,57.83
8524,9226,23846,304.58,0,0,0,54.82
8525,9227,23848,320.28,0,0,0,57.65
8526,9227,23849,329.93,0,20,0,59.39
8527,9228,23850,228.16,30,50,0,41.07
8528,9230,23854,294.06,0,20,0,52.93
8529,9230,23858,287.21,30,0,0,51.7
8530,9231,23862,145.5,30,50,0,26.19
8531,9231,23866,360.38,0,0,0,64.87
8532,9232,23868,316.77,0,0,0,57.02
8533,9237,23876,299.71,30,0,0,53.95
8534,9237,23877,322.2,30,0,0,58.0
8535,9238,23878,195.99,30,20,0,35.28
8536,9240,23881,470.41,0,0,1,84.67
8537,9240,23882,370.8,0,0,0,66.74
8538,9242,23887,325.05,30,0,0,58.51
8539,9242,23889,368.47,0,0,0,66.32
8540,9243,23894,401.23,0,0,0,72.22
8541,9243,23895,453.86,0,0,1,81.69
8542,9245,23896,284.12,0,50,0,51.14
8543,9245,23898,263.75,30,0,0,47.48
8544,9247,23905,402.6,0,20,0,72.47
8545,9247,23906,189.43,30,0,0,34.1
8546,9247,23907,328.18,0,0,0,59.07
8547,9248,23912,352.2,0,50,0,63.4
8548,9248,23916,213.69,30,0,0,38.46
8549,9249,23917,316.56,30,0,0,56.98
8550,9251,23920,277.47,30,0,0,49.94
8551,9252,23922,277.19,30,0,0,49.89
8552,9252,23923,442.54,0,0,0,79.66
8553,9253,23926,262.17,30,0,0,47.19
8554,9253,23927,356.79,0,0,0,64.22
8555,9253,23929,335.31,0,0,0,60.36
8556,9254,23932,452.86,0,0,0,81.51
8557,9255,23934,497.57,0,0,0,89.56
8558,9257,23943,434.23,0,20,0,78.16
8559,9259,23947,359.27,0,0,0,64.67
8560,9260,23948,265.07,30,0,0,47.71
8561,9263,23953,282.49,30,0,0,50.85
8562,9265,23955,301.43,30,0,0,54.26
8563,9265,23957,423.72,0,50,0,76.27
8564,9265,23958,271.25,30,0,0,48.82
8565,9265,23959,385.16,0,0,0,69.33
8566,9269,23965,425.52,0,50,0,76.59
8567,9269,23967,376.17,0,0,0,67.71
8568,9270,23969,345.19,0,20,0,62.13
8569,9270,23970,345.66,0,20,0,62.22
8570,9270,23971,240.54,30,0,0,43.3
8571,9273,23984,252.87,30,50,0,45.52
8572,9274,23985,326.68,0,20,0,58.8
8573,9275,23986,410.22,0,20,0,73.84
8574,9276,23987,330.26,0,0,0,59.45
8575,9276,23988,412.31,0,0,0,74.22
8576,9279,23995,355.64,0,20,0,64.02
8577,9279,23996,333.6,0,0,0,60.05
8578,9280,23998,275.63,30,20,0,49.61
8579,9281,24001,347.82,0,50,0,62.61
8580,9282,24005,250.22,30,0,0,45.04
8581,9283,24006,307.14,0,0,0,55.29
8582,9283,24007,347.77,0,0,0,62.6
8583,9284,24008,431.45,0,0,0,77.66
8584,9285,24012,297.88,0,20,1,53.62
8585,9286,24014,332.16,0,0,0,59.79
8586,9286,24016,315.99,0,0,0,56.88
8587,9286,24018,330.67,0,50,0,59.52
8588,9288,24027,442.05,0,50,0,79.57
8589,9290,24028,312.49,0,0,0,56.25
8590,9292,24031,322.36,0,20,0,58.02
8591,9293,24039,328.91,0,0,0,59.2
8592,9294,24042,275.45,30,50,0,49.58
8593,9295,24045,344.69,0,0,0,62.04
8594,9296,24046,259.61,0,50,0,46.73
8595,9298,24053,283.88,30,0,0,51.1
8596,9301,24058,279.66,0,20,0,50.34
8597,9301,24063,304.32,30,0,0,54.78
8598,9302,24065,348.05,0,0,1,62.65
8599,9307,24071,406.59,0,0,0,73.19
8600,9307,24074,371.88,0,0,0,66.94
8601,9308,24076,200.22,30,0,0,36.04
8602,9308,24078,291.1,30,20,0,52.4
8603,9309,24082,325.45,0,0,1,58.58
8604,9310,24084,279.02,0,50,0,50.22
8605,9310,24085,258.06,30,0,0,46.45
8606,9311,24087,339.43,0,20,0,61.1
8607,9312,24090,242.82,30,0,0,43.71
8608,9312,24092,521.31,0,0,0,93.84
8609,9313,24094,339.88,0,20,0,61.18
8610,9313,24096,381.97,0,0,0,68.75
8611,9315,24097,358.22,0,0,0,64.48
8612,9317,24099,435.42,0,0,0,78.38
8613,9317,24100,375.3,0,0,0,67.55
8614,9319,24106,303.12,30,0,0,54.56
8615,9319,24109,328.78,30,0,0,59.18
8616,9319,24113,185.95,30,0,0,33.47
8617,9321,24115,408.32,0,0,0,73.5
8618,9321,24116,180.89,30,20,0,32.56
8619,9322,24117,401.36,0,0,0,72.24
8620,9322,24118,409.25,0,0,0,73.66
8621,9324,24124,339.47,0,0,0,61.1
8622,9325,24126,287.15,30,20,0,51.69
8623,9325,24127,248.55,30,20,0,44.74
8624,9329,24128,412.87,0,0,0,74.32
8625,9330,24129,272.33,30,0,0,49.02
8626,9334,24142,320.27,0,0,0,57.65
8627,9335,24146,312.73,0,0,0,56.29
8628,9336,24150,343.59,0,0,0,61.85
8629,9337,24155,252.92,30,20,0,45.53
8630,9337,24156,325.82,0,0,0,58.65
8631,9337,24157,286.71,0,20,0,51.61
8632,9340,24165,354.65,0,0,0,63.84
8633,9340,24166,358.25,0,0,0,64.48
8634,9342,24170,341.93,0,0,0,61.55
8635,9345,24173,287.11,30,0,0,51.68
8636,9346,24180,265.41,30,0,0,47.77
8637,9347,24181,456.18,0,0,0,82.11
8638,9348,24184,286.35,30,0,0,51.54
8639,9348,24186,335.65,0,20,0,60.42
8640,9350,24189,297.27,30,0,0,53.51
8641,9350,24191,321.03,0,0,0,57.79
8642,9351,24192,302.81,30,0,0,54.51
8643,9353,24199,392.23,0,0,0,70.6
8644,9354,24201,404.48,0,20,0,72.81
8645,9354,24202,358.88,0,50,0,64.6
8646,9355,24205,158.93,30,0,0,28.61
8647,9356,24208,360.83,0,0,0,64.95
8648,9356,24211,382.33,0,0,0,68.82
8649,9357,24214,351.43,0,50,0,63.26
8650,9358,24216,190.86,30,0,0,34.35
8651,9358,24217,281.55,30,20,0,50.68
8652,9362,24226,365.51,0,0,0,65.79
8653,9366,24229,308.72,30,20,0,55.57
8654,9370,24243,395.43,0,0,0,71.18
8655,9372,24252,334.25,0,0,0,60.16
8656,9374,24254,323.36,0,0,0,58.2
8657,9374,24256,334.78,0,0,0,60.26
8658,9375,24258,483.35,0,0,0,87.0
8659,9375,24259,205.04,30,20,0,36.91
8660,9376,24261,332.95,0,0,0,59.93
8661,9378,24265,547.34,0,0,0,98.52
8662,9379,24269,385.59,0,0,0,69.41
8663,9380,24270,274.18,30,50,0,49.35
8664,9383,24274,270.87,30,20,0,48.76
8665,9383,24275,249.33,0,50,0,44.88
8666,9385,24277,419.96,0,0,0,75.59
8667,9385,24278,347.98,0,20,0,62.64
8668,9387,24279,367.49,0,0,0,66.15
8669,9389,24288,272.39,30,0,0,49.03
8670,9390,24290,310.98,0,0,0,55.98
8671,9390,24292,427.74,0,0,1,76.99
8672,9391,24293,337.31,0,20,0,60.72
8673,9393,24298,441.0,0,0,0,79.38
8674,9393,24300,377.76,0,0,0,68.0
8675,9394,24301,316.0,0,50,0,56.88
8676,9395,24303,447.17,0,0,0,80.49
8677,9395,24306,297.49,0,20,0,53.55
8678,9396,24312,261.05,30,0,0,46.99
8679,9397,24313,350.4,0,0,1,63.07
8680,9398,24315,170.17,30,0,0,30.63
8681,9399,24320,388.95,0,0,0,70.01
8682,9399,24321,460.01,0,0,0,82.8
8683,9399,24322,375.43,0,50,0,67.58
8684,9402,24332,292.36,30,0,0,52.62
8685,9405,24336,358.13,0,50,0,64.46
8686,9409,24341,412.64,0,0,0,74.28
8687,9412,24342,309.29,0,0,0,55.67
8688,9413,24344,288.55,30,0,0,51.94
8689,9415,24352,251.01,0,50,0,45.18
8690,9418,24360,266.65,30,0,0,48.0
8691,9418,24361,307.0,30,20,0,55.26
8692,9419,24365,297.05,30,0,0,53.47
8693,9419,24368,307.1,0,50,0,55.28
8694,9420,24369,240.6,30,0,0,43.31
8695,9421,24370,299.61,30,0,0,53.93
8696,9421,24372,297.4,0,20,1,53.53
8697,9423,24375,252.69,0,50,1,45.48
8698,9425,24380,231.23,30,50,0,41.62
8699,9429,24389,533.55,0,0,0,96.04
8700,9429,24393,306.87,30,0,0,55.24
8701,9430,24394,307.72,0,50,0,55.39
8702,9433,24403,367.79,0,0,0,66.2
8703,9437,24407,365.37,0,0,0,65.77
8704,9437,24410,321.78,0,0,0,57.92
8705,9439,24417,251.78,30,0,0,45.32
8706,9440,24424,387.91,0,0,0,69.82
8707,9441,24426,344.11,0,50,1,61.94
8708,9445,24433,340.9,0,20,0,61.36
8709,9446,24434,198.97,30,20,0,35.81
8710,9448,24439,284.93,0,20,0,51.29
8711,9448,24440,371.16,0,0,0,66.81
8712,9448,24442,80.0,30,0,0,14.4
8713,9448,24443,348.28,0,0,0,62.69
8714,9449,24444,194.47,30,20,0,35.0
8715,9450,24446,332.37,0,0,0,59.83
8716,9451,24448,290.89,0,50,0,52.36
8717,9451,24449,418.29,0,0,0,75.29
8718,9452,24451,233.0,30,50,0,41.94
8719,9452,24452,378.7,0,0,0,68.17
8720,9452,24453,256.99,30,20,0,46.26
8721,9452,24454,411.78,0,0,0,74.12
8722,9452,24455,448.68,0,0,0,80.76
8723,9453,24456,192.68,30,50,0,34.68
8724,9454,24458,314.91,30,0,0,56.68
8725,9454,24461,352.95,0,0,0,63.53
8726,9455,24464,269.78,30,50,0,48.56
8727,9457,24468,324.2,0,0,0,58.36
8728,9458,24471,299.08,30,20,0,53.83
8729,9459,24475,351.31,0,0,0,63.24
8730,9460,24477,247.26,30,0,0,44.51
8731,9460,24478,309.61,0,0,0,55.73
8732,9461,24483,312.93,0,0,0,56.33
8733,9463,24487,393.32,0,0,0,70.8
8734,9465,24491,390.87,0,20,0,70.36
8735,9467,24498,311.83,30,0,0,56.13
8736,9467,24499,335.85,0,0,0,60.45
8737,9467,24501,442.53,0,20,0,79.66
8738,9468,24506,303.25,0,0,0,54.58
8739,9468,24507,219.95,30,20,0,39.59
8740,9469,24509,363.94,0,0,0,65.51
8741,9469,24510,283.76,30,20,0,51.08
8742,9469,24512,385.98,0,0,0,69.48
8743,9470,24513,325.06,30,0,0,58.51
8744,9472,24516,272.96,30,50,0,49.13
8745,9473,24520,296.03,30,0,0,53.29
8746,9473,24522,410.06,0,0,0,73.81
8747,9473,24523,348.43,0,0,0,62.72
8748,9473,24524,296.83,30,0,0,53.43
8749,9474,24525,361.35,0,20,0,65.04
8750,9475,24530,304.98,30,0,0,54.9
8751,9475,24531,349.02,0,50,0,62.82
8752,9477,24533,278.31,0,50,0,50.1
8753,9477,24534,309.57,30,0,0,55.72
8754,9477,24536,367.31,0,0,0,66.12
8755,9480,24551,540.65,0,0,0,97.32
8756,9487,24560,344.95,0,20,0,62.09
8757,9487,24561,273.96,30,50,0,49.31
8758,9491,24566,377.36,0,20,0,67.92
8759,9491,24567,246.4,30,50,0,44.35
8760,9492,24568,309.16,0,50,0,55.65
8761,9492,24569,403.14,0,0,0,72.57
8762,9494,24572,327.99,30,0,0,59.04
8763,9494,24575,253.37,0,50,0,45.61
8764,9495,24576,310.2,0,0,0,55.84
8765,9497,24577,336.01,0,0,0,60.48
8766,9499,24578,139.8,30,0,0,25.16
8767,9500,24579,379.36,0,20,0,68.28
8768,9500,24581,283.67,0,20,0,51.06
8769,9500,24582,327.07,0,0,0,58.87
8770,9501,24584,365.89,0,0,0,65.86
8771,9502,24586,247.64,30,0,0,44.58
8772,9504,24589,319.56,0,0,0,57.52
8773,9504,24591,328.52,0,50,0,59.13
8774,9507,24595,336.08,0,20,0,60.49
8775,9507,24596,308.32,30,0,0,55.5
8776,9508,24597,525.59,0,0,0,94.61
8777,9512,24602,296.19,0,20,0,53.31
8778,9512,24603,308.92,0,50,0,55.61
8779,9512,24607,251.16,30,0,0,45.21
8780,9512,24608,330.71,0,0,0,59.53
8781,9513,24609,238.13,30,20,0,42.86
8782,9517,24618,308.96,0,50,0,55.61
8783,9518,24620,294.81,30,0,1,53.07
8784,9518,24622,320.5,0,0,0,57.69
8785,9519,24625,328.63,0,50,0,59.15
8786,9519,24628,503.49,0,0,0,90.63
8787,9519,24629,394.3,0,50,0,70.97
8788,9519,24630,494.09,0,0,0,88.94
8789,9522,24634,311.98,30,0,0,56.16
8790,9524,24636,216.78,30,0,0,39.02
8791,9524,24638,335.24,0,20,0,60.34
8792,9527,24649,243.07,30,20,0,43.75
8793,9528,24651,388.21,0,0,0,69.88
8794,9530,24655,332.61,0,0,0,59.87
8795,9531,24659,357.93,0,0,0,64.43
8796,9531,24663,268.54,30,0,1,48.34
8797,9532,24665,438.19,0,0,1,78.87
8798,9532,24666,348.77,0,20,0,62.78
8799,9534,24671,210.6,30,50,0,37.91
8800,9535,24672,411.55,0,0,0,74.08
8801,9537,24673,474.96,0,50,0,85.49
8802,9538,24676,267.81,0,50,0,48.21
8803,9539,24678,291.2,0,20,1,52.42
8804,9540,24684,332.48,0,20,0,59.85
8805,9541,24689,472.9,0,0,0,85.12
8806,9542,24694,271.18,0,50,0,48.81
8807,9545,24702,416.64,0,20,0,75.0
8808,9545,24703,455.11,0,20,0,81.92
8809,9549,24714,329.21,0,0,0,59.26
8810,9549,24716,191.0,30,0,0,34.38
8811,9550,24719,306.91,0,0,0,55.24
8812,9550,24720,295.13,0,50,1,53.12
8813,9551,24722,250.01,0,50,0,45.0
8814,9554,24726,319.32,0,0,0,57.48
8815,9556,24730,351.75,0,0,0,63.32
8816,9558,24739,458.41,0,20,0,82.51
8817,9558,24740,291.18,30,0,1,52.41
8818,9559,24742,313.06,0,20,0,56.35
8819,9560,24743,367.33,0,50,0,66.12
8820,9560,24748,422.59,0,0,1,76.07
8821,9563,24756,394.94,0,50,0,71.09
8822,9566,24762,272.17,30,20,0,48.99
8823,9566,24763,153.79,30,50,0,27.68
8824,9566,24764,267.85,30,20,1,48.21
8825,9567,24768,361.07,0,0,0,64.99
8826,9567,24769,373.93,0,0,0,67.31
8827,9568,24773,345.14,0,20,0,62.13
8828,9570,24777,376.17,0,0,0,67.71
8829,9571,24779,380.08,0,20,0,68.41
8830,9574,24785,379.29,0,50,0,68.27
8831,9574,24789,323.81,0,0,0,58.29
8832,9574,24791,285.44,0,20,0,51.38
8833,9575,24793,314.26,30,0,0,56.57
8834,9576,24794,344.72,0,0,0,62.05
8835,9576,24796,246.05,30,20,0,44.29
8836,9578,24802,336.2,0,50,0,60.52
8837,9580,24803,424.38,0,20,0,76.39
8838,9581,24805,191.67,30,0,0,34.5
8839,9581,24806,362.15,0,0,0,65.19
8840,9585,24812,345.12,0,0,0,62.12
8841,9586,24815,228.96,30,20,0,41.21
8842,9587,24818,296.06,30,20,0,53.29
8843,9588,24822,285.93,0,20,0,51.47
8844,9590,24823,311.15,0,50,0,56.01
8845,9590,24824,467.03,0,0,0,84.07
8846,9590,24826,412.47,0,50,0,74.24
8847,9590,24828,289.87,30,0,0,52.18
8848,9592,24834,265.87,30,0,0,47.86
8849,9594,24837,69.95,30,50,0,12.59
8850,9597,24848,314.37,0,20,0,56.59
8851,9598,24850,275.09,30,50,0,49.52
8852,9601,24852,424.8,0,0,0,76.46
8853,9604,24859,473.12,0,0,0,85.16
8854,9604,24862,538.45,0,0,0,96.92
8855,9604,24864,272.75,30,0,0,49.1
8856,9604,24865,389.62,0,0,0,70.13
8857,9604,24866,407.94,0,0,0,73.43
8858,9606,24870,227.59,30,0,0,40.97
8859,9606,24871,291.38,0,50,0,52.45
8860,9611,24875,314.42,0,0,0,56.6
8861,9611,24878,310.37,0,50,0,55.87
8862,9616,24885,314.17,30,0,0,56.55
8863,9617,24888,302.55,0,50,0,54.46
8864,9617,24889,319.52,30,0,1,57.51
8865,9618,24891,272.49,30,50,0,49.05
8866,9619,24894,297.65,0,50,0,53.58
8867,9619,24895,309.0,0,0,0,55.62
8868,9626,24906,218.66,30,0,0,39.36
8869,9626,24907,184.37,30,0,0,33.19
8870,9627,24909,346.58,0,0,0,62.38
8871,9628,24913,381.5,0,0,0,68.67
8872,9630,24917,548.76,0,0,0,98.78
8873,9632,24921,314.69,30,0,0,56.64
8874,9633,24924,339.97,0,50,0,61.19
8875,9635,24929,203.39,30,0,0,36.61
8876,9636,24934,365.84,0,0,0,65.85
8877,9636,24935,260.58,30,0,0,46.9
8878,9636,24937,419.81,0,0,1,75.57
8879,9636,24938,322.58,0,20,1,58.06
8880,9638,24940,326.15,30,0,0,58.71
8881,9638,24941,249.59,30,20,0,44.93
8882,9639,24945,289.91,0,20,0,52.18
8883,9640,24947,303.03,0,0,0,54.55
8884,9643,24955,339.42,0,20,0,61.1
8885,9644,24960,318.89,0,20,0,57.4
8886,9645,24962,311.17,0,50,0,56.01
8887,9645,24963,253.56,0,50,0,45.64
8888,9645,24964,406.86,0,0,0,73.23
8889,9647,24971,402.22,0,0,0,72.4
8890,9649,24973,254.19,0,50,0,45.75
8891,9649,24975,315.89,0,0,0,56.86
8892,9649,24976,263.59,30,50,0,47.45
8893,9650,24980,398.83,0,0,0,71.79
8894,9651,24983,313.84,30,0,0,56.49
8895,9652,24987,285.46,30,0,0,51.38
8896,9653,24988,397.06,0,0,0,71.47
8897,9653,24989,467.09,0,0,0,84.08
8898,9653,24990,305.86,30,0,0,55.05
8899,9653,24991,356.17,0,0,0,64.11
8900,9655,24996,313.6,30,0,0,56.45
8901,9655,24997,403.65,0,0,0,72.66
8902,9655,24999,361.32,0,20,0,65.04
8903,9656,25002,329.75,0,50,0,59.36
8904,9658,25004,375.56,0,50,0,67.6
8905,9658,25007,250.77,30,0,0,45.14
8906,9659,25008,245.24,30,50,1,44.14
8907,9660,25013,388.52,0,20,0,69.93
8908,9661,25016,158.8,30,20,0,28.58
8909,9663,25020,226.51,30,0,0,40.77
8910,9664,25022,284.52,30,20,0,51.21
8911,9664,25024,360.77,0,0,0,64.94
8912,9666,25026,291.15,30,0,0,52.41
8913,9666,25027,381.87,0,0,0,68.74
8914,9667,25028,238.2,30,0,0,42.88
8915,9667,25030,217.93,30,0,0,39.23
8916,9667,25032,279.69,30,0,0,50.34
8917,9667,25033,316.02,30,0,0,56.88
8918,9668,25034,267.52,30,20,0,48.15
8919,9669,25037,339.59,0,20,0,61.13
8920,9670,25038,288.78,30,0,0,51.98
8921,9673,25046,290.37,0,20,0,52.27
8922,9673,25050,366.74,0,20,0,66.01
8923,9675,25055,278.5,30,0,0,50.13
8924,9675,25057,316.43,30,0,0,56.96
8925,9676,25060,445.53,0,0,0,80.2
8926,9677,25064,382.05,0,0,0,68.77
8927,9677,25065,275.6,30,0,0,49.61
8928,9678,25066,339.07,0,0,0,61.03
8929,9679,25071,244.6,30,50,0,44.03
8930,9682,25078,344.61,0,50,0,62.03
8931,9683,25080,290.14,30,0,0,52.23
8932,9683,25081,284.99,30,20,0,51.3
8933,9685,25083,338.59,0,0,0,60.95
8934,9685,25084,380.36,0,0,0,68.46
8935,9688,25088,272.39,0,50,0,49.03
8936,9688,25091,230.63,30,50,0,41.51
8937,9690,25096,347.57,0,0,0,62.56
8938,9690,25097,309.51,30,0,0,55.71
8939,9692,25099,358.76,0,20,0,64.58
8940,9692,25100,271.52,30,20,0,48.87
8941,9693,25102,146.68,30,0,0,26.4
8942,9693,25104,365.77,0,0,0,65.84
8943,9694,25107,426.11,0,0,0,76.7
8944,9694,25110,451.04,0,0,0,81.19
8945,9699,25121,373.3,0,20,0,67.19
8946,9702,25125,256.61,30,50,0,46.19
8947,9706,25128,315.69,30,0,0,56.82
8948,9707,25131,303.92,30,20,0,54.71
8949,9707,25132,285.56,0,50,0,51.4
8950,9708,25135,321.63,0,20,0,57.89
8951,9708,25136,315.37,30,0,0,56.77
8952,9709,25139,284.53,30,0,0,51.22
8953,9709,25140,297.78,0,20,0,53.6
8954,9709,25141,367.99,0,0,1,66.24
8955,9710,25142,407.14,0,0,0,73.29
8956,9710,25143,220.01,30,0,0,39.6
8957,9710,25144,302.69,30,20,0,54.48
8958,9710,25146,338.92,0,0,0,61.01
8959,9715,25157,324.34,30,0,0,58.38
8960,9716,25158,366.34,0,20,0,65.94
8961,9717,25161,292.28,30,0,0,52.61
8962,9717,25162,333.23,0,0,0,59.98
8963,9718,25163,349.04,0,0,0,62.83
8964,9718,25164,450.16,0,0,0,81.03
8965,9718,25165,300.78,0,20,0,54.14
8966,9720,25169,214.08,30,50,0,38.53
8967,9721,25171,364.32,0,20,0,65.58
8968,9724,25178,362.12,0,20,0,65.18
8969,9726,25180,328.9,30,0,0,59.2
8970,9726,25181,307.68,0,50,0,55.38
8971,9727,25183,372.58,0,0,0,67.06
8972,9731,25188,386.89,0,0,0,69.64
8973,9733,25191,372.66,0,20,1,67.08
8974,9733,25192,362.64,0,0,0,65.28
8975,9733,25193,338.87,0,0,0,61.0
8976,9735,25198,191.0,30,50,0,34.38
8977,9735,25199,262.26,30,0,0,47.21
8978,9736,25200,352.13,0,0,0,63.38
8979,9738,25201,295.11,30,0,0,53.12
8980,9739,25203,388.15,0,20,0,69.87
8981,9740,25205,327.24,0,0,0,58.9
8982,9740,25206,383.73,0,0,0,69.07
8983,9740,25207,419.48,0,50,0,75.51
8984,9740,25208,198.71,30,20,0,35.77
8985,9740,25209,322.59,0,0,0,58.07
8986,9741,25212,362.54,0,50,0,65.26
8987,9742,25214,285.74,30,0,0,51.43
8988,9743,25218,322.04,0,0,0,57.97
8989,9749,25228,293.49,30,0,0,52.83
8990,9749,25230,313.26,30,0,0,56.39
8991,9750,25235,336.84,0,50,0,60.63
8992,9751,25236,346.95,0,0,0,62.45
8993,9752,25238,285.44,0,20,0,51.38
8994,9752,25240,375.98,0,50,0,67.68
8995,9753,25242,145.34,30,20,0,26.16
8996,9754,25244,322.1,0,50,0,57.98
8997,9754,25247,295.15,0,20,0,53.13
8998,9755,25250,510.71,0,0,0,91.93
8999,9757,25251,306.45,30,0,0,55.16
9000,9757,25252,381.29,0,0,0,68.63
9001,9758,25255,287.76,0,50,0,51.8
9002,9758,25256,171.47,30,0,1,30.86
9003,9761,25267,314.38,0,0,0,56.59
9004,9762,25270,343.76,0,0,0,61.88
9005,9762,25271,294.11,0,50,0,52.94
9006,9762,25272,80.0,30,0,0,14.4
9007,9763,25273,263.84,30,0,0,47.49
9008,9764,25274,367.07,0,20,0,66.07
9009,9764,25276,283.79,0,50,0,51.08
9010,9766,25278,359.72,0,50,0,64.75
9011,9766,25280,325.48,30,0,0,58.59
9012,9766,25281,560.38,0,0,0,100.87
9013,9767,25282,450.0,0,0,1,81.0
9014,9770,25290,577.09,0,0,0,103.88
9015,9773,25295,292.38,0,50,0,52.63
9016,9773,25296,311.02,0,0,0,55.98
9017,9775,25300,343.32,0,0,0,61.8
9018,9775,25301,350.5,0,0,0,63.09
9019,9777,25304,478.21,0,0,0,86.08
9020,9777,25306,359.07,0,0,0,64.63
9021,9777,25309,50.0,30,50,0,9.0
9022,9777,25310,414.69,0,0,0,74.64
9023,9778,25312,310.94,0,20,0,55.97
9024,9780,25317,438.93,0,0,0,79.01
9025,9783,25322,349.9,0,20,0,62.98
9026,9785,25326,425.85,0,0,0,76.65
9027,9785,25329,460.82,0,0,0,82.95
9028,9786,25330,393.26,0,0,0,70.79
9029,9786,25332,274.32,30,20,0,49.38
9030,9786,25334,273.66,30,50,0,49.26
9031,9787,25335,423.41,0,0,0,76.21
9032,9789,25338,317.35,0,0,0,57.12
9033,9791,25343,280.35,30,20,0,50.46
9034,9792,25346,358.97,0,50,0,64.61
9035,9793,25349,234.63,30,0,0,42.23
9036,9793,25350,334.74,0,0,1,60.25
9037,9796,25359,306.64,30,0,0,55.2
9038,9799,25363,413.92,0,0,0,74.51
9039,9799,25364,338.66,0,20,0,60.96
9040,9799,25365,433.13,0,50,0,77.96
9041,9800,25367,370.67,0,0,0,66.72
9042,9800,25369,308.19,0,0,0,55.47
9043,9801,25371,304.46,30,0,0,54.8
9044,9803,25380,254.44,0,50,0,45.8
9045,9804,25382,321.08,0,20,0,57.79
9046,9806,25390,276.56,30,0,0,49.78
9047,9808,25396,341.8,0,50,0,61.52
9048,9810,25401,305.62,0,0,0,55.01
9049,9811,25402,214.83,30,50,0,38.67
9050,9811,25404,404.91,0,0,0,72.88
9051,9812,25408,323.62,0,0,0,58.25
9052,9813,25409,382.05,0,50,0,68.77
9053,9814,25411,313.28,0,50,0,56.39
9054,9817,25414,291.95,30,0,0,52.55
9055,9817,25416,389.53,0,0,0,70.12
9056,9817,25418,242.83,30,0,0,43.71
9057,9818,25423,228.0,30,20,0,41.04
9058,9818,25424,477.46,0,0,0,85.94
9059,9821,25431,286.84,0,50,0,51.63
9060,9822,25434,315.72,0,50,0,56.83
9061,9822,25435,183.6,30,20,1,33.05
9062,9823,25438,234.78,30,20,0,42.26
9063,9823,25441,270.43,30,20,0,48.68
9064,9824,25445,301.14,0,0,0,54.21
9065,9828,25451,366.33,0,20,0,65.94
9066,9828,25453,215.83,30,20,0,38.85
9067,9829,25455,283.7,30,20,0,51.07
9068,9829,25457,294.04,30,20,0,52.93
9069,9830,25458,429.24,0,0,0,77.26
9070,9832,25462,283.14,30,20,0,50.97
9071,9832,25463,324.34,0,20,0,58.38
9072,9833,25466,338.3,0,20,0,60.89
9073,9833,25467,409.22,0,0,0,73.66
9074,9834,25469,303.19,0,0,0,54.57
9075,9835,25470,176.26,30,50,0,31.73
9076,9835,25471,225.95,30,50,0,40.67
9077,9835,25474,214.73,30,20,0,38.65
9078,9836,25476,277.39,30,50,0,49.93
9079,9837,25478,299.11,0,0,0,53.84
9080,9838,25484,357.6,0,0,0,64.37
9081,9839,25487,350.51,0,0,0,63.09
9082,9840,25490,410.65,0,50,1,73.92
9083,9842,25495,380.23,0,0,0,68.44
9084,9842,25498,428.81,0,20,0,77.19
9085,9843,25501,325.66,30,0,0,58.62
9086,9843,25502,268.32,30,50,0,48.3
9087,9844,25507,299.12,30,0,0,53.84
9088,9845,25510,445.63,0,0,0,80.21
9089,9846,25511,246.91,30,0,0,44.44
9090,9847,25514,356.22,0,0,0,64.12
9091,9847,25515,224.76,30,0,0,40.46
9092,9847,25516,233.9,30,0,0,42.1
9093,9847,25517,353.33,0,0,0,63.6
9094,9847,25518,313.62,30,0,0,56.45
9095,9851,25526,266.18,30,0,0,47.91
9096,9851,25527,217.38,30,0,0,39.13
9097,9852,25528,370.29,0,20,0,66.65
9098,9852,25530,470.05,0,20,0,84.61
9099,9853,25533,303.49,0,0,0,54.63
9100,9854,25538,332.55,0,0,0,59.86
9101,9854,25540,343.13,0,0,0,61.76
9102,9854,25541,302.49,30,0,0,54.45
9103,9855,25543,244.64,30,20,0,44.04
9104,9855,25545,393.2,0,0,0,70.78
9105,9856,25546,248.13,30,20,0,44.66
9106,9859,25550,249.48,0,50,0,44.91
9107,9859,25551,324.47,0,50,0,58.4
9108,9862,25559,191.35,30,0,0,34.44
9109,9863,25561,177.19,30,0,0,31.89
9110,9863,25563,311.05,30,0,0,55.99
9111,9866,25568,202.86,30,50,0,36.51
9112,9866,25571,406.95,0,50,0,73.25
9113,9868,25576,288.63,30,0,0,51.95
9114,9869,25577,60.0,30,20,0,10.8
9115,9869,25580,269.77,0,50,0,48.56
9116,9870,25581,459.31,0,0,0,82.68
9117,9871,25583,261.57,30,0,0,47.08
9118,9871,25584,349.27,0,0,0,62.87
9119,9872,25586,131.54,30,20,0,23.68
9120,9872,25587,308.48,30,0,0,55.53
9121,9874,25589,326.32,0,20,0,58.74
9122,9874,25591,326.15,0,0,0,58.71
9123,9875,25592,390.62,0,0,0,70.31
9124,9875,25595,227.95,30,0,0,41.03
9125,9878,25602,320.73,0,0,0,57.73
9126,9878,25603,253.97,30,0,0,45.71
9127,9879,25607,418.38,0,0,0,75.31
9128,9881,25611,326.13,0,50,0,58.7
9129,9884,25619,199.59,30,50,0,35.93
9130,9885,25620,321.8,0,0,0,57.92
9131,9886,25625,245.3,30,0,0,44.15
9132,9886,25626,283.61,0,50,0,51.05
9133,9887,25629,260.07,0,50,0,46.81
9134,9887,25630,173.42,30,0,0,31.22
9135,9888,25632,466.21,0,0,0,83.92
9136,9889,25634,141.18,30,20,0,25.41
9137,9889,25635,334.53,0,20,0,60.22
9138,9890,25640,357.47,0,0,0,64.34
9139,9892,25643,220.01,30,50,0,39.6
9140,9893,25647,250.13,30,0,0,45.02
9141,9894,25649,302.31,0,50,0,54.42
9142,9895,25653,320.81,0,0,1,57.75
9143,9897,25658,243.92,30,0,0,43.91
9144,9898,25659,269.03,30,0,0,48.43
9145,9899,25661,293.38,0,50,0,52.81
9146,9902,25664,375.02,0,0,0,67.5
9147,9902,25665,326.98,0,0,0,58.86
9148,9909,25675,323.39,0,20,0,58.21
9149,9909,25677,350.95,0,20,0,63.17
9150,9910,25679,304.09,0,50,0,54.74
9151,9912,25687,242.47,30,50,0,43.64
9152,9912,25689,375.95,0,0,0,67.67
9153,9912,25690,206.43,30,20,0,37.16
9154,9913,25698,462.86,0,50,0,83.31
9155,9914,25699,317.92,30,0,0,57.23
9156,9914,25700,309.7,30,0,0,55.75
9157,9915,25706,199.68,30,0,0,35.94
9158,9917,25710,278.34,30,20,0,50.1
9159,9917,25711,332.73,0,50,1,59.89
9160,9917,25713,222.3,30,50,0,40.01
9161,9918,25715,178.35,30,0,0,32.1
9162,9919,25716,200.22,30,50,0,36.04
9163,9919,25718,279.76,0,50,0,50.36
9164,9921,25722,323.08,0,0,0,58.15
9165,9922,25723,184.65,30,0,0,33.24
9166,9925,25728,275.15,30,0,0,49.53
9167,9927,25734,258.09,0,50,0,46.46
9168,9928,25735,195.97,30,0,0,35.27
9169,9928,25736,415.73,0,0,0,74.83
9170,9928,25739,291.14,0,20,0,52.41
9171,9931,25744,441.11,0,0,1,79.4
9172,9931,25745,256.32,30,20,0,46.14
9173,9932,25751,374.04,0,0,0,67.33
9174,9933,25753,147.6,30,0,0,26.57
9175,9933,25754,356.86,0,0,0,64.23
9176,9933,25756,328.52,30,0,0,59.13
9177,9934,25757,257.02,30,50,0,46.26
9178,9934,25758,363.13,0,50,0,65.36
9179,9937,25762,397.78,0,0,1,71.6
9180,9938,25766,302.76,0,0,0,54.5
9181,9939,25769,431.46,0,0,0,77.66
9182,9939,25771,276.48,0,50,0,49.77
9183,9941,25774,104.3,30,20,0,18.77
9184,9941,25775,267.91,30,0,0,48.22
9185,9943,25779,493.33,0,0,0,88.8
9186,9943,25780,367.61,0,0,0,66.17
9187,9943,25781,383.04,0,20,0,68.95
9188,9944,25782,231.19,30,0,0,41.61
9189,9944,25784,326.68,30,0,0,58.8
9190,9953,25796,479.15,0,0,0,86.25
9191,9953,25797,362.08,0,0,0,65.17
9192,9954,25799,372.36,0,0,0,67.02
9193,9955,25803,302.52,0,20,0,54.45
9194,9955,25804,298.5,0,50,0,53.73
9195,9957,25805,508.57,0,20,1,91.54
9196,9958,25806,298.56,30,20,0,53.74
9197,9958,25807,365.38,0,0,0,65.77
9198,9958,25810,392.16,0,0,0,70.59
9199,9961,25818,330.22,0,0,0,59.44
9200,9962,25821,281.62,30,0,0,50.69
9201,9963,25823,145.94,30,0,0,26.27
9202,9963,25824,392.68,0,0,0,70.68
9203,9964,25826,460.56,0,0,0,82.9
9204,9966,25829,399.35,0,20,0,71.88
9205,9967,25830,463.82,0,0,0,83.49
9206,9967,25831,269.94,0,50,0,48.59
9207,9969,25832,286.1,30,0,1,51.5
9208,9970,25834,241.53,30,0,0,43.48
9209,9971,25835,240.74,30,0,0,43.33
9210,9972,25837,420.58,0,0,0,75.7
9211,9972,25842,406.41,0,20,0,73.15
9212,9972,25843,308.71,0,0,0,55.57
9213,9975,25850,200.89,30,0,0,36.16
9214,9976,25854,255.05,30,20,0,45.91
9215,9976,25855,171.53,30,20,0,30.88
9216,9978,25856,308.19,0,50,0,55.47
9217,9978,25858,332.24,0,20,0,59.8
9218,9979,25860,355.81,0,0,0,64.05
9219,9980,25862,262.65,0,50,0,47.28
9220,9980,25864,402.96,0,0,0,72.53
9221,9982,25870,441.29,0,50,0,79.43
9222,9982,25871,290.19,30,0,0,52.23
9223,9982,25872,459.91,0,0,0,82.78
9224,9983,25873,321.91,30,0,0,57.94
9225,9985,25876,154.99,30,50,0,27.9
9226,9987,25883,232.44,30,20,0,41.84
9227,9987,25884,290.3,30,0,0,52.25
9228,9988,25890,202.68,30,0,0,36.48
9229,9989,25891,333.45,0,20,0,60.02
9230,9994,25896,249.64,30,20,0,44.94
9231,9994,25898,349.55,0,0,0,62.92
9232,9995,25900,410.58,0,0,0,73.9
9233,9997,25905,500.92,0,0,0,90.17
9234,9998,25908,392.61,0,0,0,70.67
9235,9998,25911,366.21,0,0,0,65.92
