order_id,user_id,checkout_id,order_value,delivery_fee,coupon_value,cancelled,margin
1,1.0,1.0,319.08,0,0,0,57.43
2,1.0,2.0,335.76,0,0,0,60.44
3,1.0,6.0,313.48,30,0,0,56.43
4,2.0,8.0,355.01,0,0,0,63.9
5,2.0,11.0,378.53,0,50,0,68.14
6,3.0,12.0,508.38,0,0,0,91.51
7,4.0,14.0,298.61,0,20,0,53.75
8,6.0,18.0,274.93,30,0,0,49.49
9,6.0,19.0,405.26,0,0,0,72.95
10,6.0,20.0,246.95,30,0,0,44.45
11,7.0,24.0,326.54,0,0,0,58.78
12,8.0,25.0,240.5,30,50,0,43.29
13,10.0,27.0,331.51,0,20,0,59.67
14,10.0,28.0,296.1,0,50,0,53.3
15,12.0,32.0,324.98,0,20,0,58.5
16,12.0,33.0,413.25,0,0,0,74.38
17,13.0,36.0,244.69,30,50,0,44.04
18,14.0,39.0,316.91,0,0,0,57.04
19,20.0,47.0,381.26,0,0,1,68.63
20,21.0,50.0,232.47,30,20,0,41.84
21,21.0,52.0,367.74,0,0,0,66.19
22,22.0,58.0,380.0,0,0,0,68.4
23,22.0,59.0,489.72,0,0,0,88.15
24,22.0,60.0,307.72,30,0,0,55.39
25,24.0,63.0,304.3,30,0,0,54.77
26,24.0,65.0,100.32,30,20,0,18.06
27,25.0,70.0,319.35,30,0,0,57.48
28,27.0,73.0,312.53,0,20,0,56.26
29,28.0,76.0,416.66,0,50,0,75.0
30,28.0,77.0,337.78,0,50,0,60.8
31,28.0,78.0,205.49,30,20,0,36.99
32,32.0,82.0,241.21,30,0,0,43.42
33,33.0,85.0,323.75,30,0,0,58.28
34,34.0,87.0,215.11,30,20,1,38.72
35,34.0,88.0,380.81,0,0,0,68.55
36,35.0,90.0,393.92,0,50,0,70.91
37,35.0,92.0,340.73,0,20,0,61.33
38,36.0,94.0,417.31,0,0,0,75.12
39,37.0,96.0,381.39,0,50,0,68.65
40,37.0,97.0,296.66,30,0,0,53.4
41,37.0,99.0,406.26,0,0,0,73.13
42,38.0,101.0,336.01,0,0,0,60.48
43,38.0,103.0,289.81,30,0,0,52.17
44,42.0,110.0,324.27,0,20,0,58.37
45,42.0,111.0,242.53,30,50,0,43.66
46,45.0,114.0,324.4,30,0,0,58.39
47,47.0,122.0,389.18,0,0,0,70.05
48,48.0,126.0,298.52,0,50,0,53.73
49,49.0,127.0,282.26,30,0,0,50.81
50,49.0,128.0,373.69,0,0,0,67.26
51,49.0,129.0,308.76,0,0,0,55.58
52,51.0,130.0,448.26,0,20,0,80.69
53,51.0,132.0,251.16,30,0,0,45.21
54,51.0,133.0,483.77,0,0,0,87.08
55,51.0,134.0,234.66,30,20,0,42.24
56,52.0,136.0,317.52,0,0,0,57.15
57,52.0,137.0,348.09,0,0,0,62.66
58,57.0,144.0,309.94,0,0,0,55.79
59,57.0,145.0,301.1,30,0,0,54.2
60,58.0,149.0,173.92,30,20,0,31.31
61,60.0,153.0,312.43,0,0,0,56.24
62,63.0,159.0,188.94,30,0,0,34.01
63,63.0,160.0,316.47,30,0,0,56.96
64,64.0,166.0,258.59,30,50,0,46.55
65,65.0,168.0,221.03,30,50,0,39.79
66,65.0,169.0,311.34,0,0,0,56.04
67,67.0,172.0,326.62,0,0,1,58.79
68,70.0,178.0,246.53,30,0,0,44.38
69,75.0,184.0,419.36,0,50,0,75.48
70,76.0,185.0,354.64,0,20,0,63.84
71,77.0,188.0,347.37,0,0,0,62.53
72,79.0,193.0,131.61,30,0,0,23.69
73,81.0,199.0,202.25,30,0,0,36.4
74,81.0,201.0,284.45,30,20,0,51.2
75,82.0,203.0,388.08,0,0,0,69.85
76,83.0,208.0,209.54,30,50,0,37.72
77,83.0,209.0,222.46,30,50,0,40.04
78,83.0,212.0,404.07,0,50,0,72.73
79,85.0,213.0,300.6,30,0,0,54.11
80,85.0,214.0,423.68,0,0,0,76.26
81,85.0,219.0,378.28,0,0,0,68.09
82,86.0,221.0,382.24,0,0,0,68.8
83,88.0,223.0,348.98,0,50,0,62.82
84,93.0,231.0,200.34,30,50,0,36.06
85,94.0,234.0,208.3,30,0,0,37.49
86,97.0,239.0,246.44,30,20,0,44.36
87,99.0,242.0,228.48,30,50,0,41.13
88,99.0,243.0,316.51,0,20,0,56.97
89,102.0,247.0,509.07,0,0,0,91.63
90,102.0,248.0,326.01,0,20,0,58.68
91,102.0,251.0,324.92,0,20,0,58.49
92,103.0,253.0,447.17,0,0,0,80.49
93,106.0,254.0,406.85,0,0,0,73.23
94,106.0,256.0,222.67,30,50,0,40.08
95,107.0,257.0,297.73,0,20,0,53.59
96,109.0,261.0,340.55,0,0,0,61.3
97,109.0,262.0,264.46,30,20,0,47.6
98,109.0,263.0,295.11,0,20,1,53.12
99,110.0,264.0,504.14,0,0,0,90.75
100,111.0,265.0,80.0,30,0,0,14.4
101,111.0,266.0,330.55,0,0,0,59.5
102,112.0,269.0,440.57,0,20,0,79.3
103,114.0,272.0,311.61,0,20,0,56.09
104,115.0,281.0,393.32,0,0,0,70.8
105,115.0,283.0,312.99,0,0,0,56.34
106,116.0,287.0,265.37,30,0,0,47.77
107,117.0,290.0,382.86,0,0,0,68.91
108,118.0,293.0,333.28,0,20,0,59.99
109,118.0,295.0,316.35,30,0,0,56.94
110,121.0,298.0,428.62,0,0,0,77.15
111,121.0,299.0,286.88,0,50,0,51.64
112,122.0,300.0,430.05,0,0,0,77.41
113,122.0,301.0,394.7,0,0,0,71.05
114,124.0,303.0,305.11,0,0,0,54.92
115,125.0,304.0,338.37,0,20,0,60.91
116,126.0,309.0,121.26,30,20,0,21.83
117,127.0,313.0,376.36,0,20,0,67.74
118,127.0,314.0,324.62,30,0,0,58.43
119,128.0,317.0,478.17,0,20,0,86.07
120,130.0,320.0,392.47,0,50,0,70.64
121,130.0,322.0,175.24,30,50,0,31.54
122,131.0,328.0,405.26,0,0,0,72.95
123,131.0,329.0,330.08,0,0,0,59.41
124,131.0,330.0,221.93,30,20,0,39.95
125,132.0,333.0,279.0,30,20,0,50.22
126,133.0,335.0,307.07,0,0,0,55.27
127,133.0,336.0,63.46,30,50,0,11.42
128,134.0,337.0,291.74,0,50,0,52.51
129,137.0,342.0,221.83,30,50,0,39.93
130,137.0,344.0,339.36,0,20,0,61.08
131,138.0,352.0,247.86,30,0,0,44.61
132,138.0,353.0,275.68,30,0,0,49.62
133,138.0,354.0,216.88,30,0,0,39.04
134,139.0,357.0,280.19,30,0,0,50.43
135,139.0,358.0,321.41,30,0,0,57.85
136,140.0,360.0,444.33,0,0,0,79.98
137,144.0,367.0,504.48,0,20,0,90.81
138,144.0,368.0,256.07,30,0,0,46.09
139,145.0,369.0,354.83,0,50,0,63.87
140,145.0,370.0,478.24,0,20,0,86.08
141,146.0,371.0,355.74,0,0,0,64.03
142,147.0,372.0,255.6,30,50,0,46.01
143,148.0,376.0,271.33,30,50,0,48.84
144,149.0,377.0,306.09,30,0,0,55.1
145,150.0,379.0,276.38,30,0,0,49.75
146,151.0,382.0,241.93,30,0,0,43.55
147,152.0,388.0,455.2,0,0,0,81.94
148,153.0,391.0,271.56,30,0,0,48.88
149,155.0,394.0,315.23,0,0,0,56.74
150,156.0,398.0,276.42,30,0,0,49.76
151,157.0,399.0,377.94,0,0,1,68.03
152,157.0,400.0,339.64,0,0,0,61.14
153,157.0,401.0,303.76,30,0,0,54.68
154,157.0,402.0,344.37,0,0,0,61.99
155,161.0,408.0,317.25,0,0,0,57.1
156,165.0,414.0,372.16,0,20,0,66.99
157,166.0,420.0,330.04,0,0,0,59.41
158,166.0,421.0,361.06,0,20,0,64.99
159,166.0,422.0,263.52,30,50,0,47.43
160,167.0,423.0,283.72,30,20,0,51.07
161,168.0,426.0,320.63,0,0,0,57.71
162,168.0,427.0,307.07,30,0,0,55.27
163,169.0,429.0,387.09,0,20,0,69.68
164,172.0,436.0,272.1,30,20,0,48.98
165,175.0,441.0,351.94,0,0,0,63.35
166,176.0,443.0,318.74,0,0,0,57.37
167,176.0,444.0,346.37,0,0,0,62.35
168,176.0,446.0,515.51,0,0,0,92.79
169,176.0,447.0,346.26,0,50,0,62.33
170,179.0,456.0,329.64,0,50,0,59.34
171,180.0,458.0,310.15,0,50,0,55.83
172,181.0,459.0,425.18,0,0,0,76.53
173,181.0,463.0,262.26,30,0,0,47.21
174,182.0,465.0,325.87,30,0,0,58.66
175,183.0,468.0,220.42,30,50,0,39.68
176,183.0,470.0,285.38,30,20,0,51.37
177,184.0,471.0,347.83,0,0,0,62.61
178,184.0,472.0,304.23,0,20,0,54.76
179,184.0,473.0,327.75,0,0,0,59.0
180,186.0,477.0,259.65,30,20,0,46.74
181,187.0,478.0,333.95,0,0,0,60.11
182,187.0,480.0,314.66,30,0,0,56.64
183,187.0,483.0,388.67,0,0,0,69.96
184,189.0,486.0,382.07,0,0,0,68.77
185,190.0,489.0,404.38,0,0,0,72.79
186,191.0,490.0,265.28,30,20,0,47.75
187,192.0,491.0,283.12,0,50,1,50.96
188,192.0,492.0,328.18,30,0,0,59.07
189,193.0,495.0,499.81,0,0,0,89.97
190,193.0,497.0,225.03,30,0,0,40.51
191,195.0,505.0,265.73,30,50,0,47.83
192,196.0,507.0,429.34,0,0,0,77.28
193,198.0,512.0,336.39,0,50,0,60.55
194,199.0,514.0,331.19,0,0,0,59.61
195,200.0,518.0,308.11,0,50,0,55.46
196,201.0,521.0,282.58,30,0,0,50.86
197,201.0,522.0,264.08,30,0,0,47.53
198,203.0,527.0,313.32,0,0,0,56.4
199,203.0,529.0,281.19,0,50,0,50.61
200,204.0,536.0,325.77,0,20,0,58.64
201,207.0,543.0,273.72,30,50,0,49.27
202,208.0,545.0,225.57,30,50,0,40.6
203,208.0,546.0,320.18,30,0,0,57.63
204,208.0,548.0,252.77,30,0,0,45.5
205,208.0,550.0,352.52,0,50,0,63.45
206,211.0,556.0,472.68,0,0,0,85.08
207,212.0,559.0,185.76,30,0,0,33.44
208,215.0,568.0,261.83,30,50,0,47.13
209,216.0,570.0,413.85,0,20,0,74.49
210,216.0,571.0,307.75,0,20,0,55.4
211,216.0,573.0,315.88,0,0,0,56.86
212,216.0,576.0,322.06,0,0,0,57.97
213,216.0,578.0,384.28,0,0,0,69.17
214,218.0,580.0,302.71,0,0,0,54.49
215,218.0,581.0,306.98,30,0,0,55.26
216,218.0,583.0,461.61,0,0,0,83.09
217,219.0,587.0,205.11,30,20,0,36.92
218,222.0,589.0,259.18,30,50,0,46.65
219,222.0,591.0,324.89,0,0,0,58.48
220,224.0,595.0,365.57,0,50,0,65.8
221,225.0,597.0,319.96,0,0,0,57.59
222,226.0,598.0,281.04,0,50,0,50.59
223,230.0,606.0,370.03,0,20,0,66.61
224,231.0,608.0,330.11,0,50,0,59.42
225,232.0,611.0,297.32,0,50,0,53.52
226,232.0,613.0,247.11,30,0,0,44.48
227,233.0,615.0,347.33,0,0,0,62.52
228,235.0,619.0,427.38,0,20,0,76.93
229,235.0,620.0,300.83,0,0,0,54.15
230,237.0,628.0,215.28,30,50,0,38.75
231,238.0,630.0,367.18,0,0,0,66.09
232,238.0,632.0,370.27,0,20,0,66.65
233,239.0,634.0,471.58,0,0,0,84.88
234,239.0,636.0,365.8,0,20,0,65.84
235,239.0,637.0,196.55,30,0,0,35.38
236,240.0,638.0,311.1,0,0,0,56.0
237,241.0,642.0,246.03,30,50,0,44.29
238,241.0,644.0,439.55,0,0,0,79.12
239,242.0,645.0,50.0,30,50,0,9.0
240,242.0,646.0,406.01,0,50,0,73.08
241,242.0,647.0,520.35,0,0,0,93.66
242,243.0,651.0,342.56,0,0,0,61.66
243,243.0,652.0,358.62,0,50,0,64.55
244,244.0,653.0,344.74,0,50,0,62.05
245,245.0,654.0,579.48,0,50,0,104.31
246,245.0,656.0,453.14,0,0,0,81.57
247,247.0,661.0,341.53,0,0,0,61.48
248,248.0,665.0,362.44,0,0,0,65.24
249,248.0,666.0,331.1,0,0,0,59.6
250,249.0,668.0,319.84,30,0,0,57.57
251,250.0,669.0,250.76,30,20,0,45.14
252,250.0,671.0,449.49,0,50,1,80.91
253,250.0,672.0,399.24,0,0,0,71.86
254,250.0,674.0,167.79,30,0,0,30.2
255,252.0,681.0,270.28,30,20,0,48.65
256,252.0,683.0,173.95,30,50,0,31.31
257,254.0,686.0,337.25,0,20,0,60.7
258,255.0,691.0,199.66,30,0,0,35.94
259,256.0,694.0,234.63,30,50,0,42.23
260,256.0,695.0,391.93,0,0,0,70.55
261,256.0,697.0,384.52,0,50,0,69.21
262,256.0,698.0,320.61,0,0,0,57.71
263,257.0,702.0,315.53,0,0,0,56.8
264,259.0,704.0,323.14,0,0,0,58.17
265,261.0,710.0,274.06,30,20,0,49.33
266,262.0,717.0,295.63,30,0,1,53.21
267,262.0,718.0,415.11,0,0,0,74.72
268,263.0,721.0,372.89,0,0,0,67.12
269,263.0,723.0,382.99,0,20,0,68.94
270,264.0,724.0,262.45,0,50,0,47.24
271,266.0,731.0,310.98,0,0,0,55.98
272,266.0,733.0,312.94,0,0,0,56.33
273,267.0,734.0,163.45,30,50,0,29.42
274,268.0,738.0,429.99,0,0,0,77.4
275,271.0,742.0,273.78,30,50,0,49.28
276,272.0,744.0,376.41,0,0,0,67.75
277,273.0,746.0,152.06,30,0,0,27.37
278,274.0,749.0,279.02,0,50,0,50.22
279,274.0,751.0,377.8,0,0,0,68.0
280,274.0,752.0,420.84,0,0,0,75.75
281,274.0,753.0,391.61,0,20,0,70.49
282,275.0,757.0,86.67,30,50,0,15.6
283,276.0,760.0,360.09,0,20,0,64.82
284,277.0,762.0,376.03,0,20,0,67.69
285,278.0,764.0,376.75,0,50,0,67.82
286,279.0,768.0,314.7,0,0,0,56.65
287,280.0,770.0,346.25,0,0,0,62.32
288,280.0,771.0,319.04,30,0,0,57.43
289,280.0,775.0,204.74,30,50,0,36.85
290,280.0,776.0,324.56,0,0,0,58.42
291,280.0,778.0,185.21,30,50,0,33.34
292,283.0,782.0,278.27,30,50,0,50.09
293,283.0,784.0,306.29,0,0,0,55.13
294,284.0,788.0,247.98,30,20,0,44.64
295,288.0,793.0,373.45,0,20,0,67.22
296,288.0,794.0,331.98,0,0,0,59.76
297,289.0,799.0,260.69,30,20,0,46.92
298,295.0,808.0,359.46,0,0,0,64.7
299,296.0,810.0,319.69,30,0,0,57.54
300,298.0,815.0,290.01,0,20,0,52.2
301,304.0,822.0,421.52,0,0,0,75.87
302,304.0,824.0,280.53,0,50,0,50.5
303,304.0,826.0,219.85,30,0,0,39.57
304,305.0,829.0,219.65,30,20,0,39.54
305,306.0,834.0,352.09,0,0,0,63.38
306,307.0,837.0,311.08,30,0,0,55.99
307,309.0,843.0,251.52,30,0,0,45.27
308,310.0,844.0,258.95,30,0,0,46.61
309,310.0,846.0,258.87,30,0,0,46.6
310,311.0,848.0,402.22,0,0,0,72.4
311,313.0,851.0,330.48,0,0,0,59.49
312,313.0,852.0,514.59,0,0,0,92.63
313,314.0,856.0,310.51,0,20,0,55.89
314,314.0,857.0,287.38,0,50,0,51.73
315,314.0,858.0,372.07,0,0,0,66.97
316,317.0,863.0,458.85,0,20,0,82.59
317,317.0,864.0,231.88,30,20,0,41.74
318,317.0,865.0,227.81,30,0,0,41.01
319,317.0,869.0,293.66,0,50,0,52.86
320,317.0,871.0,405.07,0,0,0,72.91
321,318.0,872.0,177.95,30,50,0,32.03
322,318.0,873.0,325.38,30,0,0,58.57
323,321.0,881.0,299.0,30,0,0,53.82
324,324.0,890.0,256.05,30,50,0,46.09
325,324.0,892.0,395.14,0,0,0,71.13
326,324.0,893.0,467.99,0,0,0,84.24
327,325.0,895.0,393.9,0,0,0,70.9
328,325.0,896.0,305.93,30,0,0,55.07
329,326.0,898.0,312.17,0,20,0,56.19
330,326.0,901.0,362.08,0,50,0,65.17
331,327.0,903.0,335.99,0,0,0,60.48
332,327.0,904.0,459.33,0,0,0,82.68
333,329.0,905.0,344.55,0,0,1,62.02
334,329.0,906.0,449.54,0,20,0,80.92
335,329.0,907.0,473.9,0,0,0,85.3
336,329.0,908.0,316.76,0,0,0,57.02
337,331.0,914.0,323.42,30,0,0,58.22
338,331.0,915.0,327.7,0,20,0,58.99
339,335.0,917.0,296.82,30,0,0,53.43
340,336.0,919.0,319.86,0,0,0,57.57
341,336.0,920.0,247.67,30,50,0,44.58
342,336.0,921.0,353.93,0,0,0,63.71
343,337.0,923.0,248.57,30,0,0,44.74
344,337.0,925.0,393.15,0,0,0,70.77
345,338.0,927.0,244.54,30,0,0,44.02
346,339.0,930.0,333.71,0,50,0,60.07
347,340.0,931.0,261.37,30,50,0,47.05
348,340.0,932.0,405.3,0,50,0,72.95
349,341.0,935.0,266.46,30,0,0,47.96
350,346.0,951.0,362.24,0,50,0,65.2
351,348.0,952.0,323.05,0,0,0,58.15
352,350.0,960.0,379.13,0,20,0,68.24
353,353.0,966.0,322.8,0,20,0,58.1
354,353.0,968.0,268.62,30,0,0,48.35
355,354.0,969.0,301.74,0,0,1,54.31
356,354.0,971.0,447.92,0,0,0,80.63
357,355.0,975.0,370.1,0,0,0,66.62
358,355.0,976.0,294.53,30,0,0,53.02
359,357.0,984.0,316.95,30,0,0,57.05
360,359.0,992.0,315.77,30,0,0,56.84
361,362.0,994.0,298.93,30,0,0,53.81
362,362.0,996.0,256.36,0,50,0,46.14
363,363.0,999.0,250.94,30,0,0,45.17
364,366.0,1010.0,325.63,0,0,0,58.61
365,367.0,1016.0,376.73,0,0,0,67.81
366,370.0,1022.0,392.67,0,20,0,70.68
367,373.0,1028.0,249.9,30,50,0,44.98
368,375.0,1031.0,367.43,0,50,0,66.14
369,376.0,1033.0,277.25,30,20,0,49.9
370,376.0,1034.0,475.7,0,0,0,85.63
371,376.0,1035.0,320.76,0,0,0,57.74
372,377.0,1036.0,302.93,0,0,0,54.53
373,378.0,1038.0,278.65,30,20,0,50.16
374,378.0,1043.0,251.75,30,50,0,45.32
375,379.0,1044.0,299.8,30,0,0,53.96
376,379.0,1046.0,368.26,0,20,0,66.29
377,379.0,1047.0,326.86,30,0,0,58.83
378,380.0,1050.0,303.7,0,20,0,54.67
379,380.0,1051.0,316.48,0,0,0,56.97
380,382.0,1057.0,404.61,0,0,0,72.83
381,385.0,1063.0,298.27,30,0,0,53.69
382,385.0,1064.0,251.72,30,50,0,45.31
383,386.0,1067.0,291.98,30,0,0,52.56
384,387.0,1069.0,314.79,30,0,0,56.66
385,388.0,1072.0,432.77,0,0,0,77.9
386,389.0,1073.0,371.05,0,0,0,66.79
387,389.0,1074.0,339.99,0,20,0,61.2
388,390.0,1076.0,340.04,0,0,0,61.21
389,391.0,1078.0,309.21,30,0,0,55.66
390,391.0,1079.0,319.5,0,0,0,57.51
391,394.0,1085.0,293.44,0,20,0,52.82
392,395.0,1088.0,300.13,0,50,0,54.02
393,395.0,1090.0,235.18,30,20,0,42.33
394,396.0,1093.0,358.43,0,0,0,64.52
395,397.0,1094.0,271.24,30,20,0,48.82
396,397.0,1097.0,355.9,0,0,0,64.06
397,398.0,1103.0,331.32,0,20,0,59.64
398,399.0,1104.0,322.12,0,0,0,57.98
399,401.0,1112.0,272.66,30,0,0,49.08
400,401.0,1113.0,307.77,30,20,0,55.4
401,402.0,1114.0,311.68,0,0,0,56.1
402,403.0,1119.0,382.37,0,0,0,68.83
403,403.0,1121.0,423.48,0,0,0,76.23
404,404.0,1126.0,300.95,0,0,0,54.17
405,405.0,1127.0,451.37,0,50,0,81.25
406,405.0,1128.0,269.52,30,0,0,48.51
407,406.0,1131.0,300.27,30,20,0,54.05
408,408.0,1135.0,410.08,0,0,0,73.81
409,408.0,1136.0,313.64,30,0,0,56.46
410,409.0,1138.0,280.42,30,20,0,50.48
411,409.0,1139.0,402.76,0,0,0,72.5
412,409.0,1140.0,216.39,30,0,0,38.95
413,413.0,1151.0,323.8,0,0,0,58.28
414,415.0,1153.0,347.99,0,50,0,62.64
415,415.0,1155.0,536.3,0,0,0,96.53
416,417.0,1161.0,180.24,30,0,0,32.44
417,418.0,1163.0,329.57,0,0,0,59.32
418,419.0,1165.0,275.21,30,20,0,49.54
419,420.0,1166.0,289.33,30,0,0,52.08
420,420.0,1169.0,197.47,30,0,0,35.54
421,420.0,1171.0,256.59,0,50,0,46.19
422,422.0,1173.0,309.94,0,20,0,55.79
423,422.0,1174.0,312.06,0,0,0,56.17
424,422.0,1175.0,413.14,0,0,0,74.37
425,423.0,1179.0,290.93,30,20,0,52.37
426,424.0,1180.0,459.81,0,0,0,82.77
427,424.0,1181.0,392.15,0,20,0,70.59
428,424.0,1183.0,360.66,0,0,0,64.92
429,425.0,1186.0,431.42,0,0,0,77.66
430,426.0,1190.0,445.72,0,0,0,80.23
431,427.0,1191.0,308.24,30,0,1,55.48
432,427.0,1192.0,265.38,30,50,0,47.77
433,428.0,1193.0,324.16,0,50,0,58.35
434,428.0,1194.0,312.93,0,0,0,56.33
435,431.0,1197.0,386.97,0,20,0,69.65
436,431.0,1201.0,332.13,0,20,0,59.78
437,431.0,1202.0,503.77,0,20,0,90.68
438,433.0,1207.0,362.09,0,0,0,65.18
439,434.0,1208.0,262.79,30,50,0,47.3
440,437.0,1211.0,340.31,0,0,0,61.26
441,437.0,1214.0,421.81,0,0,0,75.93
442,437.0,1215.0,404.89,0,0,0,72.88
443,438.0,1216.0,308.86,0,50,0,55.59
444,439.0,1217.0,427.46,0,0,0,76.94
445,440.0,1222.0,110.8,30,20,0,19.94
446,441.0,1225.0,324.77,30,0,0,58.46
447,443.0,1230.0,253.42,30,0,0,45.62
448,449.0,1238.0,244.73,30,0,0,44.05
449,449.0,1239.0,485.59,0,0,0,87.41
450,451.0,1241.0,254.65,30,50,0,45.84
451,451.0,1242.0,351.99,0,20,0,63.36
452,453.0,1246.0,248.46,30,50,0,44.72
453,457.0,1251.0,381.29,0,0,0,68.63
454,457.0,1252.0,282.81,30,20,0,50.91
455,457.0,1253.0,161.06,30,0,0,28.99
456,459.0,1259.0,183.94,30,0,0,33.11
457,459.0,1261.0,315.05,0,0,0,56.71
458,461.0,1262.0,251.78,30,50,0,45.32
459,461.0,1263.0,395.2,0,20,0,71.14
460,461.0,1264.0,313.76,0,0,0,56.48
461,462.0,1270.0,219.02,30,0,0,39.42
462,462.0,1272.0,358.03,0,0,1,64.45
463,463.0,1274.0,312.38,30,0,0,56.23
464,466.0,1281.0,320.77,0,20,0,57.74
465,466.0,1282.0,274.93,30,0,0,49.49
466,467.0,1284.0,416.58,0,20,0,74.98
467,470.0,1286.0,375.64,0,0,0,67.62
468,471.0,1289.0,305.83,0,0,0,55.05
469,471.0,1290.0,305.92,0,0,0,55.07
470,472.0,1295.0,283.34,30,0,1,51.0
471,472.0,1297.0,321.15,0,0,0,57.81
472,473.0,1298.0,417.13,0,0,0,75.08
473,474.0,1299.0,383.55,0,0,0,69.04
474,474.0,1300.0,393.45,0,0,0,70.82
475,475.0,1302.0,338.15,0,0,0,60.87
476,475.0,1304.0,486.22,0,0,0,87.52
477,475.0,1305.0,258.68,0,50,0,46.56
478,475.0,1307.0,314.8,30,0,0,56.66
479,475.0,1308.0,467.32,0,20,1,84.12
480,477.0,1310.0,365.37,0,0,0,65.77
481,477.0,1314.0,212.23,30,0,0,38.2
482,478.0,1315.0,338.79,0,50,0,60.98
483,478.0,1317.0,225.5,30,50,0,40.59
484,478.0,1318.0,417.48,0,20,0,75.15
485,479.0,1320.0,375.98,0,0,0,67.68
486,480.0,1321.0,341.93,0,0,0,61.55
487,480.0,1325.0,298.9,30,0,0,53.8
488,481.0,1328.0,329.42,0,0,0,59.3
489,483.0,1334.0,206.06,30,0,0,37.09
490,483.0,1335.0,365.21,0,0,0,65.74
491,485.0,1337.0,351.89,0,50,0,63.34
492,485.0,1340.0,351.36,0,20,0,63.24
493,486.0,1342.0,290.24,0,20,0,52.24
494,486.0,1343.0,311.12,0,0,0,56.0
495,488.0,1345.0,193.28,30,20,0,34.79
496,489.0,1346.0,382.55,0,0,0,68.86
497,490.0,1347.0,351.92,0,0,0,63.35
498,491.0,1348.0,283.33,0,50,0,51.0
499,492.0,1349.0,320.56,30,0,0,57.7
500,494.0,1358.0,375.49,0,0,0,67.59
501,495.0,1361.0,259.32,0,50,0,46.68
502,497.0,1365.0,290.46,30,0,0,52.28
503,497.0,1367.0,159.79,30,0,0,28.76
504,500.0,1371.0,318.9,30,0,0,57.4
505,500.0,1373.0,232.41,30,20,0,41.83
506,501.0,1375.0,310.16,30,0,0,55.83
507,504.0,1381.0,371.41,0,0,0,66.85
508,507.0,1387.0,357.37,0,0,0,64.33
509,509.0,1390.0,449.71,0,0,0,80.95
510,512.0,1393.0,392.8,0,0,0,70.7
511,512.0,1396.0,239.74,30,0,0,43.15
512,514.0,1399.0,262.82,30,0,0,47.31
513,519.0,1414.0,312.43,0,0,0,56.24
514,519.0,1416.0,378.24,0,0,0,68.08
515,520.0,1419.0,341.86,0,0,0,61.53
516,521.0,1423.0,319.74,0,0,0,57.55
517,522.0,1424.0,335.68,0,0,0,60.42
518,522.0,1426.0,398.32,0,20,0,71.7
519,522.0,1427.0,217.83,30,20,0,39.21
520,523.0,1428.0,382.37,0,20,0,68.83
521,523.0,1429.0,195.38,30,20,0,35.17
522,523.0,1431.0,288.6,30,0,0,51.95
523,523.0,1432.0,399.84,0,0,0,71.97
524,527.0,1436.0,334.85,0,20,0,60.27
525,528.0,1443.0,293.17,30,20,0,52.77
526,528.0,1444.0,272.1,30,0,0,48.98
527,528.0,1445.0,331.03,0,20,0,59.59
528,529.0,1448.0,202.41,30,0,0,36.43
529,529.0,1449.0,553.1,0,20,0,99.56
530,529.0,1450.0,329.03,0,20,0,59.23
531,532.0,1459.0,324.07,0,20,0,58.33
532,533.0,1460.0,263.27,30,20,0,47.39
533,533.0,1462.0,105.41,30,50,0,18.97
534,533.0,1463.0,360.48,0,0,0,64.89
535,534.0,1466.0,572.79,0,20,0,103.1
536,538.0,1471.0,320.99,0,20,0,57.78
537,539.0,1474.0,333.87,0,0,0,60.1
538,540.0,1478.0,365.66,0,20,0,65.82
539,540.0,1480.0,258.18,30,20,0,46.47
540,541.0,1484.0,335.57,0,0,0,60.4
541,542.0,1486.0,386.54,0,0,0,69.58
542,542.0,1487.0,330.69,0,0,0,59.52
543,546.0,1490.0,168.29,30,20,0,30.29
544,547.0,1492.0,488.04,0,0,0,87.85
545,547.0,1499.0,425.17,0,0,0,76.53
546,549.0,1503.0,180.73,30,0,0,32.53
547,551.0,1506.0,291.41,30,0,0,52.45
548,551.0,1508.0,323.49,30,0,0,58.23
549,552.0,1512.0,320.82,0,50,0,57.75
550,552.0,1513.0,402.78,0,0,0,72.5
551,554.0,1518.0,402.42,0,0,0,72.44
552,557.0,1522.0,333.89,0,0,0,60.1
553,559.0,1526.0,224.39,30,0,0,40.39
554,560.0,1528.0,359.5,0,0,0,64.71
555,561.0,1529.0,444.71,0,0,0,80.05
556,562.0,1530.0,292.01,0,20,0,52.56
557,564.0,1534.0,341.09,0,0,0,61.4
558,564.0,1535.0,278.99,30,20,0,50.22
559,564.0,1537.0,239.1,30,0,0,43.04
560,566.0,1541.0,327.86,30,0,0,59.01
561,566.0,1542.0,305.84,30,0,0,55.05
562,566.0,1543.0,290.3,30,0,0,52.25
563,568.0,1545.0,373.93,0,20,0,67.31
564,569.0,1547.0,321.12,30,0,0,57.8
565,570.0,1552.0,298.63,30,0,0,53.75
566,573.0,1557.0,337.99,0,0,0,60.84
567,574.0,1561.0,342.62,0,0,0,61.67
568,576.0,1565.0,314.72,30,0,0,56.65
569,577.0,1566.0,225.52,30,0,0,40.59
570,578.0,1572.0,374.7,0,0,0,67.45
571,579.0,1579.0,258.83,0,50,0,46.59
572,580.0,1582.0,234.1,30,20,0,42.14
573,583.0,1590.0,432.81,0,20,0,77.91
574,583.0,1594.0,360.18,0,0,0,64.83
575,584.0,1598.0,387.35,0,0,0,69.72
576,586.0,1601.0,416.46,0,0,0,74.96
577,586.0,1603.0,305.77,0,50,0,55.04
578,587.0,1604.0,304.86,0,0,0,54.87
579,588.0,1608.0,366.18,0,0,0,65.91
580,589.0,1611.0,255.17,0,50,0,45.93
581,589.0,1612.0,322.05,30,0,0,57.97
582,592.0,1614.0,366.57,0,0,0,65.98
583,593.0,1615.0,276.85,30,20,0,49.83
584,594.0,1617.0,277.11,30,50,0,49.88
585,594.0,1618.0,306.88,0,0,0,55.24
586,596.0,1623.0,296.35,30,0,0,53.34
587,597.0,1625.0,255.97,0,50,0,46.07
588,598.0,1628.0,432.64,0,50,0,77.88
589,599.0,1630.0,441.89,0,0,0,79.54
590,599.0,1631.0,351.6,0,50,0,63.29
591,601.0,1634.0,267.49,30,0,0,48.15
592,603.0,1638.0,371.13,0,0,0,66.8
593,603.0,1639.0,314.42,0,20,0,56.6
594,603.0,1641.0,345.02,0,0,0,62.1
595,604.0,1642.0,302.71,0,0,0,54.49
596,604.0,1644.0,179.11,30,50,0,32.24
597,605.0,1645.0,315.16,0,50,0,56.73
598,605.0,1647.0,379.39,0,0,0,68.29
599,606.0,1648.0,315.35,30,0,0,56.76
600,606.0,1650.0,452.8,0,0,0,81.5
601,607.0,1651.0,301.38,0,0,0,54.25
602,607.0,1653.0,371.15,0,20,0,66.81
603,609.0,1657.0,318.91,0,0,0,57.4
604,609.0,1658.0,341.0,0,0,0,61.38
605,615.0,1668.0,547.19,0,0,0,98.49
606,616.0,1669.0,418.62,0,0,0,75.35
607,616.0,1670.0,432.37,0,0,0,77.83
608,617.0,1673.0,444.4,0,0,0,79.99
609,618.0,1679.0,305.38,0,20,0,54.97
610,619.0,1681.0,405.79,0,0,0,73.04
611,619.0,1682.0,369.6,0,0,0,66.53
612,622.0,1689.0,116.87,30,50,0,21.04
613,623.0,1691.0,300.75,0,0,0,54.14
614,623.0,1693.0,265.15,30,50,0,47.73
615,624.0,1695.0,307.84,0,50,0,55.41
616,625.0,1696.0,233.36,30,0,0,42.0
617,626.0,1699.0,358.71,0,0,0,64.57
618,629.0,1705.0,341.98,0,50,0,61.56
619,630.0,1707.0,299.62,0,0,0,53.93
620,630.0,1709.0,217.82,30,0,0,39.21
621,632.0,1711.0,249.87,0,50,0,44.98
622,633.0,1712.0,347.14,0,0,0,62.49
623,635.0,1714.0,302.68,0,50,0,54.48
624,640.0,1724.0,322.93,0,0,0,58.13
625,641.0,1726.0,364.4,0,50,0,65.59
626,643.0,1730.0,220.64,30,0,0,39.72
627,644.0,1732.0,293.74,30,20,0,52.87
628,645.0,1736.0,255.1,0,50,0,45.92
629,649.0,1739.0,377.19,0,0,0,67.89
630,650.0,1742.0,271.15,30,0,0,48.81
631,654.0,1751.0,325.73,0,50,0,58.63
632,654.0,1753.0,349.05,0,0,0,62.83
633,656.0,1760.0,267.02,30,50,0,48.06
634,656.0,1761.0,111.42,30,0,0,20.06
635,658.0,1765.0,403.43,0,0,0,72.62
636,658.0,1766.0,319.01,30,0,0,57.42
637,660.0,1769.0,406.99,0,0,0,73.26
638,660.0,1771.0,435.03,0,0,0,78.31
639,664.0,1775.0,200.41,30,20,0,36.07
640,665.0,1779.0,264.26,30,0,0,47.57
641,666.0,1781.0,264.69,30,0,0,47.64
642,666.0,1783.0,311.52,30,0,0,56.07
643,668.0,1789.0,383.66,0,0,1,69.06
644,668.0,1792.0,307.47,0,50,0,55.34
645,668.0,1794.0,234.53,30,0,0,42.22
646,671.0,1800.0,275.37,0,50,0,49.57
647,671.0,1803.0,292.36,0,50,0,52.62
648,671.0,1805.0,345.11,0,0,0,62.12
649,673.0,1809.0,382.76,0,50,0,68.9
650,673.0,1811.0,386.49,0,50,0,69.57
651,674.0,1816.0,344.19,0,20,0,61.95
652,675.0,1817.0,352.58,0,0,0,63.46
653,675.0,1818.0,375.11,0,0,0,67.52
654,675.0,1819.0,415.41,0,0,0,74.77
655,676.0,1821.0,523.86,0,50,0,94.29
656,677.0,1826.0,355.92,0,0,0,64.07
657,677.0,1827.0,364.11,0,50,0,65.54
658,677.0,1828.0,74.47,30,50,0,13.4
659,680.0,1838.0,357.99,0,0,0,64.44
660,684.0,1842.0,422.02,0,0,0,75.96
661,687.0,1845.0,317.79,0,0,0,57.2
662,690.0,1854.0,275.75,0,50,0,49.64
663,690.0,1855.0,381.62,0,0,0,68.69
664,691.0,1856.0,331.04,0,50,1,59.59
665,691.0,1857.0,203.54,30,20,0,36.64
666,695.0,1860.0,299.17,0,0,0,53.85
667,695.0,1861.0,299.39,30,0,0,53.89
668,695.0,1863.0,212.68,30,50,0,38.28
669,697.0,1866.0,341.94,0,0,0,61.55
670,697.0,1867.0,286.99,0,20,0,51.66
671,697.0,1869.0,197.55,30,20,0,35.56
672,697.0,1870.0,265.78,0,50,0,47.84
673,700.0,1876.0,328.2,30,0,0,59.08
674,702.0,1877.0,219.61,30,0,0,39.53
675,704.0,1883.0,349.07,0,0,0,62.83
676,704.0,1884.0,332.58,0,20,0,59.86
677,704.0,1885.0,303.95,0,50,0,54.71
678,704.0,1887.0,300.17,0,50,0,54.03
679,704.0,1889.0,452.56,0,0,0,81.46
680,704.0,1890.0,341.35,0,0,0,61.44
681,707.0,1891.0,376.38,0,0,0,67.75
682,708.0,1893.0,309.49,0,0,0,55.71
683,710.0,1897.0,224.86,30,20,0,40.47
684,711.0,1899.0,304.51,0,20,0,54.81
685,711.0,1900.0,373.32,0,0,0,67.2
686,711.0,1901.0,278.27,30,20,0,50.09
687,712.0,1905.0,308.92,30,20,0,55.61
688,714.0,1908.0,239.9,30,50,0,43.18
689,714.0,1909.0,306.84,30,0,0,55.23
690,714.0,1911.0,307.82,0,0,0,55.41
691,714.0,1912.0,279.86,30,0,0,50.37
692,715.0,1915.0,411.9,0,0,0,74.14
693,716.0,1917.0,292.54,30,0,0,52.66
694,722.0,1926.0,356.28,0,0,0,64.13
695,722.0,1927.0,485.25,0,0,0,87.34
696,722.0,1928.0,315.62,30,0,0,56.81
697,724.0,1930.0,474.05,0,0,0,85.33
698,725.0,1933.0,286.88,0,50,0,51.64
699,726.0,1935.0,246.75,30,0,0,44.42
700,728.0,1941.0,378.23,0,50,0,68.08
701,728.0,1943.0,223.69,30,0,0,40.26
702,729.0,1945.0,273.4,30,50,0,49.21
703,730.0,1947.0,409.61,0,20,0,73.73
704,731.0,1952.0,183.46,30,0,0,33.02
705,732.0,1953.0,267.05,30,0,0,48.07
706,732.0,1954.0,260.04,30,50,0,46.81
707,732.0,1955.0,382.83,0,20,0,68.91
708,733.0,1957.0,314.5,0,0,1,56.61
709,734.0,1959.0,222.15,30,20,0,39.99
710,734.0,1960.0,118.04,30,50,0,21.25
711,734.0,1962.0,417.52,0,0,0,75.15
712,735.0,1963.0,300.49,30,20,0,54.09
713,735.0,1967.0,306.21,0,0,0,55.12
714,735.0,1968.0,351.39,0,0,0,63.25
715,736.0,1970.0,325.99,30,0,0,58.68
716,738.0,1976.0,147.43,30,50,0,26.54
717,743.0,1983.0,252.56,0,50,0,45.46
718,745.0,1988.0,257.93,30,0,0,46.43
719,748.0,1993.0,353.73,0,20,0,63.67
720,751.0,1999.0,372.23,0,50,0,67.0
721,751.0,2000.0,320.29,0,0,0,57.65
722,752.0,2003.0,229.92,30,0,0,41.39
723,753.0,2006.0,524.81,0,20,0,94.47
724,753.0,2007.0,233.72,30,20,0,42.07
725,753.0,2008.0,363.0,0,0,0,65.34
726,754.0,2009.0,328.76,0,0,0,59.18
727,755.0,2013.0,315.31,0,0,0,56.76
728,756.0,2015.0,340.13,0,0,0,61.22
729,759.0,2017.0,363.91,0,0,1,65.5
730,759.0,2018.0,326.46,0,0,0,58.76
731,760.0,2021.0,335.66,0,0,0,60.42
732,760.0,2022.0,206.29,30,50,0,37.13
733,761.0,2025.0,370.01,0,0,0,66.6
734,761.0,2027.0,316.92,0,0,0,57.05
735,763.0,2029.0,177.77,30,0,0,32.0
736,763.0,2030.0,317.23,0,20,0,57.1
737,765.0,2032.0,331.88,0,0,0,59.74
738,768.0,2038.0,382.84,0,0,0,68.91
739,769.0,2039.0,334.3,0,20,1,60.17
740,770.0,2042.0,438.85,0,0,0,78.99
741,773.0,2049.0,324.25,0,0,0,58.36
742,775.0,2056.0,363.54,0,20,0,65.44
743,776.0,2058.0,381.63,0,0,0,68.69
744,776.0,2059.0,298.74,30,0,0,53.77
745,777.0,2060.0,423.96,0,50,0,76.31
746,779.0,2066.0,305.3,30,0,0,54.95
747,780.0,2069.0,279.85,30,0,0,50.37
748,781.0,2070.0,323.73,30,0,0,58.27
749,781.0,2071.0,431.92,0,0,0,77.75
750,782.0,2072.0,361.32,0,0,0,65.04
751,783.0,2074.0,382.86,0,0,0,68.91
752,784.0,2076.0,262.08,30,0,0,47.17
753,787.0,2083.0,227.15,30,50,0,40.89
754,789.0,2089.0,315.42,30,0,0,56.78
755,790.0,2090.0,303.72,0,20,0,54.67
756,790.0,2092.0,322.17,30,0,0,57.99
757,791.0,2095.0,302.94,0,50,0,54.53
758,792.0,2098.0,299.29,0,50,0,53.87
759,792.0,2099.0,178.37,30,50,0,32.11
760,792.0,2103.0,239.41,30,50,0,43.09
761,792.0,2104.0,220.83,30,50,0,39.75
762,794.0,2106.0,572.82,0,0,0,103.11
763,795.0,2109.0,350.29,0,20,0,63.05
764,795.0,2110.0,367.93,0,20,0,66.23
765,798.0,2115.0,167.37,30,0,0,30.13
766,798.0,2116.0,436.85,0,0,0,78.63
767,800.0,2117.0,310.25,0,0,0,55.84
768,801.0,2118.0,427.84,0,50,0,77.01
769,803.0,2121.0,328.94,0,20,0,59.21
770,804.0,2124.0,261.54,30,20,0,47.08
771,805.0,2125.0,300.27,0,20,0,54.05
772,805.0,2126.0,376.44,0,0,0,67.76
773,805.0,2129.0,310.54,0,0,0,55.9
774,807.0,2130.0,319.23,0,0,0,57.46
775,811.0,2135.0,286.01,30,0,0,51.48
776,813.0,2139.0,459.49,0,0,0,82.71
777,813.0,2140.0,312.71,30,0,0,56.29
778,813.0,2142.0,150.09,30,0,0,27.02
779,815.0,2145.0,224.8,30,0,0,40.46
780,815.0,2146.0,195.54,30,0,0,35.2
781,817.0,2153.0,307.71,0,0,0,55.39
782,818.0,2155.0,425.77,0,0,0,76.64
783,819.0,2156.0,407.23,0,0,0,73.3
784,819.0,2157.0,244.52,30,0,0,44.01
785,821.0,2159.0,224.17,30,0,0,40.35
786,821.0,2164.0,265.52,30,50,0,47.79
787,823.0,2168.0,476.5,0,0,1,85.77
788,823.0,2170.0,281.61,30,20,0,50.69
789,827.0,2172.0,345.56,0,0,0,62.2
790,827.0,2173.0,246.15,30,50,0,44.31
791,828.0,2174.0,332.54,0,0,0,59.86
792,828.0,2175.0,385.4,0,0,0,69.37
793,828.0,2176.0,426.88,0,0,0,76.84
794,828.0,2177.0,323.86,30,0,0,58.29
795,830.0,2180.0,384.33,0,0,0,69.18
796,830.0,2181.0,370.45,0,0,0,66.68
797,830.0,2184.0,363.19,0,0,0,65.37
798,832.0,2188.0,344.28,0,0,0,61.97
799,833.0,2190.0,291.69,30,0,0,52.5
800,833.0,2192.0,300.49,0,0,0,54.09
801,833.0,2193.0,434.78,0,20,0,78.26
802,834.0,2195.0,263.64,30,0,0,47.46
803,836.0,2200.0,278.4,30,50,0,50.11
804,836.0,2201.0,313.65,0,0,0,56.46
805,836.0,2202.0,108.27,30,50,0,19.49
806,839.0,2209.0,332.15,0,50,0,59.79
807,840.0,2212.0,366.28,0,50,1,65.93
808,840.0,2213.0,308.84,30,20,0,55.59
809,841.0,2215.0,293.11,0,20,0,52.76
810,841.0,2216.0,355.3,0,20,0,63.95
811,843.0,2221.0,241.83,30,50,0,43.53
812,844.0,2226.0,198.67,30,20,0,35.76
813,844.0,2228.0,315.53,0,0,0,56.8
814,845.0,2229.0,323.23,0,50,0,58.18
815,845.0,2233.0,351.66,0,50,0,63.3
816,845.0,2234.0,495.96,0,0,0,89.27
817,848.0,2236.0,344.32,0,20,0,61.98
818,850.0,2239.0,237.08,30,0,0,42.67
819,850.0,2241.0,258.19,30,50,0,46.47
820,850.0,2242.0,330.84,0,50,0,59.55
821,851.0,2246.0,328.67,0,0,0,59.16
822,852.0,2249.0,215.29,30,20,0,38.75
823,852.0,2250.0,445.96,0,0,0,80.27
824,853.0,2251.0,507.67,0,0,0,91.38
825,855.0,2253.0,278.11,30,0,0,50.06
826,855.0,2255.0,310.91,0,0,0,55.96
827,856.0,2257.0,293.06,30,0,0,52.75
828,857.0,2259.0,468.52,0,0,0,84.33
829,858.0,2261.0,414.01,0,0,0,74.52
830,859.0,2264.0,302.28,30,0,0,54.41
831,863.0,2268.0,287.38,30,0,1,51.73
832,865.0,2273.0,292.46,30,0,0,52.64
833,865.0,2274.0,258.89,30,0,1,46.6
834,867.0,2277.0,160.11,30,0,0,28.82
835,867.0,2280.0,280.29,0,50,0,50.45
836,868.0,2281.0,307.81,30,20,1,55.41
837,868.0,2282.0,256.65,30,0,0,46.2
838,869.0,2284.0,517.38,0,0,0,93.13
839,870.0,2285.0,361.01,0,0,0,64.98
840,874.0,2297.0,304.4,0,0,0,54.79
841,879.0,2308.0,376.27,0,0,0,67.73
842,880.0,2310.0,281.11,0,20,0,50.6
843,880.0,2312.0,294.23,30,0,0,52.96
844,881.0,2313.0,183.29,30,20,0,32.99
845,882.0,2316.0,283.35,30,0,0,51.0
846,882.0,2318.0,406.06,0,0,0,73.09
847,884.0,2324.0,145.81,30,0,0,26.25
848,887.0,2326.0,284.77,0,50,0,51.26
849,889.0,2328.0,402.95,0,20,0,72.53
850,890.0,2330.0,277.2,30,50,0,49.9
851,891.0,2331.0,328.45,0,0,1,59.12
852,891.0,2332.0,357.32,0,0,0,64.32
853,891.0,2336.0,387.68,0,0,0,69.78
854,892.0,2341.0,215.78,30,0,0,38.84
855,894.0,2344.0,325.23,0,20,0,58.54
856,894.0,2346.0,205.06,30,50,0,36.91
857,895.0,2348.0,348.69,0,0,0,62.76
858,895.0,2349.0,306.71,0,0,0,55.21
859,895.0,2353.0,320.21,30,0,0,57.64
860,896.0,2354.0,339.98,0,50,0,61.2
861,897.0,2355.0,253.75,30,0,0,45.68
862,897.0,2356.0,307.87,30,0,0,55.42
863,897.0,2357.0,455.57,0,0,0,82.0
864,897.0,2358.0,321.2,0,0,0,57.82
865,901.0,2361.0,321.33,0,20,0,57.84
866,902.0,2362.0,339.41,0,20,0,61.09
867,908.0,2371.0,314.09,30,0,0,56.54
868,908.0,2374.0,363.13,0,0,0,65.36
869,909.0,2376.0,336.1,0,0,0,60.5
870,909.0,2378.0,299.14,0,50,0,53.85
871,912.0,2380.0,326.1,30,0,0,58.7
872,912.0,2381.0,218.21,30,0,0,39.28
873,914.0,2390.0,403.74,0,0,0,72.67
874,914.0,2393.0,406.28,0,20,0,73.13
875,917.0,2398.0,308.74,0,0,0,55.57
876,919.0,2401.0,314.46,30,0,0,56.6
877,919.0,2402.0,322.71,0,0,0,58.09
878,920.0,2405.0,275.38,30,0,0,49.57
879,921.0,2407.0,183.32,30,0,0,33.0
880,922.0,2409.0,386.0,0,0,0,69.48
881,924.0,2410.0,421.3,0,0,0,75.83
882,925.0,2411.0,308.28,0,0,0,55.49
883,925.0,2412.0,450.7,0,50,0,81.13
884,926.0,2414.0,401.0,0,50,0,72.18
885,926.0,2416.0,323.24,0,0,0,58.18
886,926.0,2417.0,284.12,0,50,0,51.14
887,930.0,2423.0,341.9,0,0,0,61.54
888,930.0,2426.0,422.09,0,0,0,75.98
889,931.0,2428.0,303.55,0,0,0,54.64
890,931.0,2430.0,450.41,0,20,0,81.07
891,935.0,2438.0,271.2,0,50,0,48.82
892,935.0,2439.0,441.13,0,0,0,79.4
893,937.0,2442.0,413.47,0,0,0,74.42
894,937.0,2443.0,307.49,0,50,0,55.35
895,938.0,2446.0,451.86,0,0,0,81.33
896,939.0,2451.0,250.01,0,50,0,45.0
897,939.0,2454.0,326.0,30,0,0,58.68
898,940.0,2456.0,138.47,30,0,0,24.92
899,941.0,2458.0,363.47,0,0,0,65.42
900,942.0,2460.0,182.89,30,0,0,32.92
901,942.0,2461.0,291.42,30,0,0,52.46
902,942.0,2463.0,360.03,0,0,1,64.81
903,942.0,2464.0,308.38,0,50,0,55.51
904,943.0,2467.0,410.84,0,0,0,73.95
905,944.0,2469.0,325.01,0,0,1,58.5
906,945.0,2470.0,354.74,0,0,0,63.85
907,946.0,2473.0,287.36,30,0,0,51.72
908,948.0,2481.0,158.19,30,0,0,28.47
909,955.0,2492.0,269.81,30,20,0,48.57
910,956.0,2494.0,562.42,0,0,0,101.24
911,957.0,2496.0,504.85,0,0,0,90.87
912,958.0,2501.0,307.04,30,0,0,55.27
913,958.0,2502.0,297.1,0,50,0,53.48
914,959.0,2504.0,297.0,0,20,0,53.46
915,962.0,2506.0,301.11,0,0,0,54.2
916,962.0,2507.0,294.13,0,20,0,52.94
917,964.0,2510.0,402.41,0,0,0,72.43
918,967.0,2517.0,326.5,0,0,0,58.77
919,969.0,2522.0,329.56,0,20,0,59.32
920,969.0,2523.0,218.65,30,20,0,39.36
921,969.0,2524.0,361.32,0,0,0,65.04
922,969.0,2525.0,252.8,30,0,0,45.5
923,971.0,2527.0,303.62,30,20,0,54.65
924,972.0,2530.0,451.4,0,20,0,81.25
925,973.0,2531.0,315.12,30,0,0,56.72
926,974.0,2533.0,395.66,0,0,0,71.22
927,975.0,2537.0,504.42,0,0,0,90.8
928,975.0,2538.0,368.43,0,50,0,66.32
929,975.0,2539.0,267.18,30,20,0,48.09
930,975.0,2540.0,299.71,0,50,0,53.95
931,976.0,2542.0,318.35,0,0,0,57.3
932,977.0,2544.0,260.7,0,50,0,46.93
933,977.0,2545.0,312.58,0,0,0,56.26
934,978.0,2548.0,452.26,0,0,0,81.41
935,979.0,2550.0,277.61,30,0,0,49.97
936,980.0,2553.0,469.21,0,0,0,84.46
937,980.0,2554.0,434.84,0,0,0,78.27
938,981.0,2558.0,384.14,0,50,0,69.15
939,982.0,2561.0,253.37,30,0,0,45.61
940,982.0,2565.0,395.67,0,0,0,71.22
941,983.0,2566.0,374.89,0,0,0,67.48
942,983.0,2567.0,377.64,0,0,0,67.98
943,983.0,2568.0,275.93,30,0,0,49.67
944,983.0,2569.0,317.2,0,0,0,57.1
945,983.0,2571.0,352.21,0,0,0,63.4
946,984.0,2574.0,304.89,30,0,0,54.88
947,986.0,2578.0,301.01,0,20,0,54.18
948,987.0,2583.0,409.67,0,50,0,73.74
949,989.0,2587.0,418.32,0,0,0,75.3
950,989.0,2588.0,309.26,0,0,0,55.67
951,991.0,2596.0,391.28,0,0,0,70.43
952,991.0,2598.0,583.31,0,0,0,105.0
953,991.0,2599.0,433.9,0,0,0,78.1
954,993.0,2604.0,308.38,0,50,0,55.51
955,994.0,2605.0,442.92,0,0,0,79.73
956,994.0,2606.0,284.18,30,0,0,51.15
957,994.0,2609.0,251.85,30,20,0,45.33
958,995.0,2610.0,313.05,0,20,0,56.35
959,998.0,2612.0,414.99,0,20,0,74.7
960,998.0,2615.0,337.85,0,0,0,60.81
961,999.0,2618.0,383.75,0,0,0,69.08
962,1000.0,2619.0,397.2,0,0,0,71.5
963,1005.0,2631.0,317.75,0,0,0,57.2
964,1005.0,2632.0,447.01,0,0,0,80.46
965,1005.0,2635.0,303.07,30,0,0,54.55
966,1008.0,2640.0,370.95,0,0,0,66.77
967,1008.0,2641.0,295.99,30,0,0,53.28
968,1010.0,2643.0,192.51,30,20,0,34.65
969,1010.0,2646.0,331.3,0,0,0,59.63
970,1014.0,2654.0,89.32,30,50,0,16.08
971,1015.0,2657.0,323.07,0,0,0,58.15
972,1016.0,2658.0,296.97,30,0,0,53.45
973,1016.0,2660.0,233.96,30,0,1,42.11
974,1017.0,2663.0,442.94,0,0,0,79.73
975,1017.0,2666.0,316.29,0,0,0,56.93
976,1021.0,2667.0,408.89,0,0,0,73.6
977,1026.0,2678.0,364.67,0,0,0,65.64
978,1026.0,2679.0,284.68,30,0,0,51.24
979,1028.0,2685.0,302.87,0,50,0,54.52
980,1028.0,2687.0,319.48,0,0,0,57.51
981,1030.0,2693.0,288.55,0,20,0,51.94
982,1030.0,2694.0,378.16,0,0,0,68.07
983,1031.0,2698.0,428.68,0,20,0,77.16
984,1033.0,2705.0,205.42,30,0,0,36.98
985,1033.0,2707.0,312.77,30,0,0,56.3
986,1036.0,2712.0,317.05,0,50,0,57.07
987,1038.0,2717.0,315.9,0,0,0,56.86
988,1038.0,2718.0,168.8,30,50,0,30.38
989,1039.0,2723.0,296.6,30,20,0,53.39
990,1044.0,2732.0,312.2,30,0,1,56.2
991,1045.0,2740.0,205.93,30,0,1,37.07
992,1045.0,2741.0,266.19,30,50,0,47.91
993,1047.0,2745.0,349.74,0,0,0,62.95
994,1048.0,2748.0,266.06,30,0,0,47.89
995,1049.0,2752.0,307.19,0,20,0,55.29
996,1050.0,2754.0,206.2,30,0,0,37.12
997,1051.0,2755.0,398.66,0,0,0,71.76
998,1051.0,2758.0,404.85,0,0,0,72.87
999,1052.0,2761.0,264.14,30,20,0,47.55
1000,1054.0,2767.0,317.33,30,0,0,57.12
1001,1054.0,2769.0,202.83,30,0,0,36.51
1002,1055.0,2770.0,436.71,0,0,0,78.61
1003,1058.0,2775.0,306.81,30,0,0,55.23
1004,1059.0,2776.0,446.29,0,0,0,80.33
1005,1059.0,2780.0,295.04,30,0,0,53.11
1006,1060.0,2782.0,301.77,30,20,0,54.32
1007,1061.0,2783.0,319.65,0,0,0,57.54
1008,1061.0,2785.0,309.77,30,0,0,55.76
1009,1062.0,2788.0,355.11,0,0,0,63.92
1010,1063.0,2789.0,174.24,30,20,0,31.36
1011,1064.0,2790.0,293.47,30,0,0,52.82
1012,1066.0,2793.0,375.38,0,0,0,67.57
1013,1067.0,2795.0,416.14,0,0,0,74.91
1014,1068.0,2798.0,298.08,30,0,0,53.65
1015,1069.0,2801.0,464.48,0,0,0,83.61
1016,1069.0,2802.0,578.88,0,0,0,104.2
1017,1071.0,2806.0,216.53,30,0,0,38.98
1018,1071.0,2807.0,227.91,30,0,0,41.02
1019,1071.0,2808.0,404.44,0,20,0,72.8
1020,1073.0,2811.0,317.82,30,0,0,57.21
1021,1073.0,2812.0,298.85,30,20,0,53.79
1022,1074.0,2815.0,307.39,30,20,0,55.33
1023,1074.0,2818.0,297.06,0,50,0,53.47
1024,1079.0,2824.0,382.34,0,0,0,68.82
1025,1079.0,2825.0,267.81,0,50,0,48.21
1026,1079.0,2826.0,330.62,0,0,0,59.51
1027,1080.0,2831.0,505.25,0,50,0,90.94
1028,1082.0,2832.0,300.76,0,0,0,54.14
1029,1082.0,2833.0,220.29,30,50,0,39.65
1030,1083.0,2836.0,383.69,0,20,0,69.06
1031,1087.0,2842.0,458.06,0,0,0,82.45
1032,1087.0,2843.0,320.88,0,50,0,57.76
1033,1088.0,2847.0,352.38,0,50,0,63.43
1034,1089.0,2850.0,444.8,0,0,0,80.06
1035,1089.0,2851.0,471.69,0,0,0,84.9
1036,1091.0,2854.0,320.14,0,0,0,57.63
1037,1092.0,2855.0,323.52,0,20,0,58.23
1038,1093.0,2857.0,372.54,0,0,0,67.06
1039,1094.0,2859.0,261.73,30,50,0,47.11
1040,1094.0,2860.0,303.93,0,0,0,54.71
1041,1094.0,2861.0,342.42,0,0,0,61.64
1042,1095.0,2862.0,466.47,0,0,0,83.96
1043,1095.0,2864.0,366.56,0,0,0,65.98
1044,1095.0,2865.0,370.41,0,0,0,66.67
1045,1095.0,2866.0,303.76,0,20,0,54.68
1046,1095.0,2867.0,259.03,30,20,0,46.63
1047,1096.0,2868.0,144.89,30,0,0,26.08
1048,1096.0,2871.0,450.91,0,50,0,81.16
1049,1097.0,2872.0,294.3,30,0,0,52.97
1050,1097.0,2875.0,304.15,0,50,0,54.75
1051,1100.0,2881.0,419.92,0,0,0,75.59
1052,1101.0,2885.0,303.38,30,0,0,54.61
1053,1102.0,2886.0,485.35,0,20,0,87.36
1054,1103.0,2888.0,285.51,0,20,0,51.39
1055,1104.0,2889.0,458.24,0,0,1,82.48
1056,1104.0,2890.0,299.05,0,0,0,53.83
1057,1106.0,2895.0,362.4,0,20,0,65.23
1058,1106.0,2896.0,297.66,0,50,0,53.58
1059,1106.0,2898.0,460.6,0,0,0,82.91
1060,1107.0,2899.0,396.77,0,0,0,71.42
1061,1107.0,2900.0,415.19,0,0,0,74.73
1062,1109.0,2903.0,400.25,0,0,0,72.04
1063,1111.0,2905.0,366.63,0,20,0,65.99
1064,1111.0,2906.0,288.11,0,50,0,51.86
1065,1113.0,2912.0,395.75,0,0,0,71.24
1066,1113.0,2914.0,271.35,30,0,0,48.84
1067,1118.0,2923.0,443.74,0,0,0,79.87
1068,1118.0,2925.0,475.23,0,20,0,85.54
1069,1119.0,2927.0,348.65,0,0,0,62.76
1070,1119.0,2929.0,392.47,0,0,0,70.64
1071,1123.0,2934.0,442.94,0,20,0,79.73
1072,1125.0,2941.0,335.05,0,50,0,60.31
1073,1126.0,2942.0,319.2,0,50,0,57.46
1074,1128.0,2945.0,268.04,30,50,0,48.25
1075,1128.0,2947.0,283.98,30,0,0,51.12
1076,1129.0,2951.0,304.88,0,0,0,54.88
1077,1129.0,2952.0,320.34,0,0,0,57.66
1078,1129.0,2954.0,282.89,30,0,0,50.92
1079,1129.0,2955.0,291.08,30,0,0,52.39
1080,1130.0,2958.0,452.64,0,20,0,81.48
1081,1130.0,2960.0,345.64,0,50,0,62.22
1082,1130.0,2961.0,343.95,0,0,0,61.91
1083,1132.0,2965.0,319.75,30,0,1,57.56
1084,1133.0,2966.0,454.53,0,0,0,81.82
1085,1133.0,2967.0,324.79,0,0,0,58.46
1086,1133.0,2968.0,260.4,30,0,0,46.87
1087,1134.0,2970.0,113.35,30,50,0,20.4
1088,1135.0,2973.0,471.0,0,20,0,84.78
1089,1136.0,2975.0,329.72,0,0,0,59.35
1090,1137.0,2977.0,311.31,30,0,0,56.04
1091,1138.0,2978.0,317.24,30,0,0,57.1
1092,1138.0,2979.0,269.37,0,50,0,48.49
1093,1139.0,2981.0,370.02,0,0,0,66.6
1094,1141.0,2988.0,174.47,30,50,0,31.4
1095,1141.0,2989.0,307.02,30,20,0,55.26
1096,1143.0,2993.0,362.91,0,20,0,65.32
1097,1143.0,2994.0,387.46,0,20,0,69.74
1098,1147.0,2999.0,345.41,0,0,0,62.17
1099,1147.0,3001.0,352.2,0,20,0,63.4
1100,1151.0,3009.0,325.9,30,0,0,58.66
1101,1151.0,3014.0,307.58,0,20,0,55.36
1102,1152.0,3015.0,354.07,0,0,0,63.73
1103,1153.0,3019.0,315.48,0,0,0,56.79
1104,1153.0,3021.0,376.56,0,0,0,67.78
1105,1153.0,3022.0,305.88,0,0,0,55.06
1106,1154.0,3023.0,119.67,30,0,0,21.54
1107,1156.0,3027.0,301.51,0,0,0,54.27
1108,1157.0,3028.0,458.34,0,0,0,82.5
1109,1157.0,3030.0,325.06,30,0,0,58.51
1110,1158.0,3032.0,309.16,0,20,0,55.65
1111,1158.0,3033.0,186.47,30,0,0,33.56
1112,1159.0,3034.0,288.98,30,0,0,52.02
1113,1160.0,3037.0,281.27,0,20,0,50.63
1114,1160.0,3038.0,459.54,0,0,0,82.72
1115,1160.0,3039.0,309.63,0,0,0,55.73
1116,1161.0,3040.0,228.89,30,0,0,41.2
1117,1162.0,3044.0,255.89,30,50,0,46.06
1118,1162.0,3045.0,320.8,0,0,0,57.74
1119,1162.0,3046.0,349.47,0,0,0,62.9
1120,1162.0,3047.0,366.44,0,0,0,65.96
1121,1163.0,3048.0,196.9,30,0,0,35.44
1122,1164.0,3049.0,310.36,30,0,0,55.86
1123,1167.0,3055.0,401.84,0,50,0,72.33
1124,1169.0,3060.0,320.83,0,0,0,57.75
1125,1170.0,3062.0,360.09,0,0,0,64.82
1126,1172.0,3063.0,415.59,0,0,0,74.81
1127,1172.0,3064.0,128.69,30,0,0,23.16
1128,1176.0,3069.0,395.98,0,20,0,71.28
1129,1176.0,3070.0,398.91,0,20,0,71.8
1130,1177.0,3075.0,432.71,0,0,0,77.89
1131,1177.0,3077.0,215.99,30,0,0,38.88
1132,1177.0,3083.0,330.82,0,0,1,59.55
1133,1179.0,3086.0,368.38,0,0,0,66.31
1134,1181.0,3091.0,326.81,30,0,0,58.83
1135,1181.0,3092.0,463.4,0,50,0,83.41
1136,1181.0,3094.0,211.28,30,0,0,38.03
1137,1182.0,3095.0,299.05,0,20,0,53.83
1138,1183.0,3097.0,256.28,30,50,0,46.13
1139,1183.0,3099.0,544.12,0,0,0,97.94
1140,1184.0,3101.0,486.49,0,20,1,87.57
1141,1184.0,3103.0,469.66,0,0,0,84.54
1142,1184.0,3104.0,209.82,30,0,0,37.77
1143,1185.0,3106.0,308.09,30,0,0,55.46
1144,1187.0,3111.0,270.26,0,50,0,48.65
1145,1187.0,3112.0,349.28,0,0,0,62.87
1146,1190.0,3125.0,408.15,0,0,0,73.47
1147,1191.0,3127.0,407.91,0,0,0,73.42
1148,1192.0,3130.0,325.9,30,0,0,58.66
1149,1193.0,3133.0,329.83,0,0,0,59.37
1150,1194.0,3139.0,313.5,0,0,1,56.43
1151,1194.0,3140.0,322.55,0,0,0,58.06
1152,1195.0,3142.0,261.67,30,0,0,47.1
1153,1195.0,3143.0,278.87,30,20,0,50.2
1154,1197.0,3146.0,269.3,0,50,0,48.47
1155,1198.0,3147.0,330.34,0,50,0,59.46
1156,1198.0,3148.0,217.27,30,0,0,39.11
1157,1198.0,3149.0,442.84,0,0,0,79.71
1158,1198.0,3150.0,250.59,30,20,0,45.11
1159,1202.0,3152.0,306.35,0,0,0,55.14
1160,1205.0,3156.0,433.62,0,0,1,78.05
1161,1205.0,3157.0,369.45,0,0,0,66.5
1162,1208.0,3161.0,429.54,0,20,0,77.32
1163,1209.0,3162.0,271.3,0,50,0,48.83
1164,1209.0,3163.0,282.87,0,20,0,50.92
1165,1210.0,3166.0,347.23,0,20,0,62.5
1166,1210.0,3168.0,320.3,0,0,0,57.65
1167,1211.0,3169.0,307.74,30,0,0,55.39
1168,1211.0,3170.0,278.08,30,0,0,50.05
1169,1214.0,3174.0,202.05,30,0,0,36.37
1170,1214.0,3175.0,285.43,0,20,0,51.38
1171,1214.0,3176.0,157.77,30,0,0,28.4
1172,1214.0,3177.0,412.28,0,0,0,74.21
1173,1215.0,3178.0,346.66,0,50,0,62.4
1174,1216.0,3180.0,239.03,30,0,0,43.03
1175,1216.0,3181.0,347.61,0,0,0,62.57
1176,1216.0,3182.0,446.44,0,0,0,80.36
1177,1218.0,3186.0,254.53,30,50,0,45.82
1178,1218.0,3187.0,315.16,0,0,0,56.73
1179,1220.0,3196.0,325.89,0,50,0,58.66
1180,1221.0,3197.0,508.58,0,20,0,91.54
1181,1222.0,3202.0,323.47,30,0,0,58.22
1182,1222.0,3203.0,348.56,0,0,0,62.74
1183,1222.0,3204.0,418.29,0,20,0,75.29
1184,1224.0,3207.0,266.14,30,0,0,47.91
1185,1227.0,3213.0,306.03,0,0,0,55.09
1186,1228.0,3215.0,294.74,30,20,0,53.05
1187,1229.0,3217.0,457.82,0,0,0,82.41
1188,1230.0,3218.0,361.0,0,0,1,64.98
1189,1230.0,3219.0,265.39,0,50,0,47.77
1190,1230.0,3221.0,388.87,0,50,0,70.0
1191,1230.0,3224.0,180.36,30,50,0,32.46
1192,1232.0,3226.0,254.82,30,0,0,45.87
1193,1235.0,3229.0,264.03,30,20,0,47.53
1194,1236.0,3231.0,299.24,0,0,0,53.86
1195,1236.0,3233.0,367.67,0,0,0,66.18
1196,1237.0,3235.0,181.73,30,0,0,32.71
1197,1239.0,3240.0,242.87,30,0,0,43.72
1198,1243.0,3242.0,385.79,0,20,0,69.44
1199,1243.0,3243.0,211.88,30,0,0,38.14
1200,1244.0,3246.0,294.02,0,20,0,52.92
1201,1244.0,3247.0,447.03,0,0,0,80.47
1202,1244.0,3248.0,177.84,30,50,0,32.01
1203,1246.0,3253.0,241.21,30,50,0,43.42
1204,1248.0,3256.0,264.19,30,0,0,47.55
1205,1248.0,3257.0,420.05,0,0,0,75.61
1206,1251.0,3263.0,216.86,30,0,0,39.03
1207,1252.0,3264.0,287.31,30,0,0,51.72
1208,1254.0,3269.0,251.54,30,0,0,45.28
1209,1254.0,3270.0,179.68,30,0,0,32.34
1210,1255.0,3275.0,328.47,0,50,0,59.12
1211,1255.0,3276.0,271.64,30,0,0,48.9
1212,1256.0,3277.0,393.46,0,0,0,70.82
1213,1256.0,3278.0,450.7,0,0,0,81.13
1214,1256.0,3279.0,282.87,30,20,0,50.92
1215,1257.0,3281.0,293.9,30,0,0,52.9
1216,1257.0,3282.0,461.92,0,0,0,83.15
1217,1258.0,3283.0,223.56,30,0,0,40.24
1218,1259.0,3285.0,316.77,0,50,0,57.02
1219,1259.0,3287.0,302.88,0,0,0,54.52
1220,1260.0,3291.0,344.35,0,20,1,61.98
1221,1263.0,3293.0,428.42,0,0,0,77.12
1222,1263.0,3294.0,413.36,0,0,0,74.4
1223,1264.0,3297.0,286.43,0,50,0,51.56
1224,1265.0,3300.0,309.44,0,0,0,55.7
1225,1265.0,3303.0,350.27,0,0,0,63.05
1226,1266.0,3307.0,280.83,30,20,0,50.55
1227,1268.0,3310.0,306.62,30,0,0,55.19
1228,1269.0,3313.0,317.22,0,50,0,57.1
1229,1269.0,3314.0,325.82,0,20,0,58.65
1230,1270.0,3317.0,417.37,0,0,0,75.13
1231,1270.0,3318.0,505.51,0,0,0,90.99
1232,1271.0,3322.0,298.16,30,0,0,53.67
1233,1272.0,3324.0,306.23,30,0,0,55.12
1234,1272.0,3326.0,302.46,30,0,0,54.44
1235,1273.0,3329.0,424.73,0,0,0,76.45
1236,1274.0,3334.0,327.67,0,0,0,58.98
1237,1275.0,3335.0,283.79,30,0,0,51.08
1238,1275.0,3336.0,366.09,0,20,0,65.9
1239,1276.0,3337.0,430.77,0,0,0,77.54
1240,1276.0,3338.0,341.24,0,0,0,61.42
1241,1277.0,3341.0,390.33,0,0,0,70.26
1242,1278.0,3343.0,328.19,0,0,0,59.07
1243,1279.0,3344.0,85.71,30,0,0,15.43
1244,1281.0,3346.0,369.73,0,20,0,66.55
1245,1285.0,3348.0,277.33,30,0,0,49.92
1246,1287.0,3353.0,258.52,0,50,0,46.53
1247,1288.0,3357.0,143.45,30,50,0,25.82
1248,1289.0,3362.0,322.72,0,0,0,58.09
1249,1289.0,3364.0,302.25,0,0,0,54.4
1250,1289.0,3365.0,315.93,0,0,0,56.87
1251,1290.0,3367.0,241.69,30,50,0,43.5
1252,1290.0,3368.0,349.08,0,0,0,62.83
1253,1291.0,3370.0,448.76,0,0,0,80.78
1254,1291.0,3371.0,138.84,30,50,0,24.99
1255,1292.0,3372.0,254.32,30,0,0,45.78
1256,1294.0,3374.0,323.19,0,50,0,58.17
1257,1296.0,3377.0,324.94,0,0,0,58.49
1258,1296.0,3379.0,152.95,30,50,0,27.53
1259,1299.0,3385.0,293.73,30,0,0,52.87
1260,1299.0,3387.0,394.21,0,0,0,70.96
1261,1299.0,3388.0,353.66,0,0,0,63.66
1262,1300.0,3389.0,387.01,0,0,0,69.66
1263,1301.0,3390.0,254.07,0,50,0,45.73
1264,1302.0,3394.0,336.09,0,0,0,60.5
1265,1303.0,3395.0,351.14,0,50,0,63.21
1266,1305.0,3396.0,300.42,0,0,0,54.08
1267,1305.0,3397.0,395.21,0,0,0,71.14
1268,1306.0,3402.0,174.17,30,0,1,31.35
1269,1308.0,3404.0,597.55,0,20,0,107.56
1270,1310.0,3407.0,308.41,0,20,0,55.51
1271,1311.0,3410.0,209.88,30,0,0,37.78
1272,1312.0,3413.0,424.43,0,0,0,76.4
1273,1312.0,3414.0,208.67,30,20,0,37.56
1274,1312.0,3415.0,309.56,0,0,0,55.72
1275,1313.0,3420.0,345.8,0,0,0,62.24
1276,1314.0,3422.0,286.88,0,50,0,51.64
1277,1314.0,3424.0,442.93,0,20,0,79.73
1278,1316.0,3428.0,332.91,0,0,0,59.92
1279,1319.0,3440.0,452.18,0,0,0,81.39
1280,1320.0,3444.0,323.46,0,0,0,58.22
1281,1321.0,3445.0,353.24,0,0,0,63.58
1282,1322.0,3447.0,346.08,0,0,0,62.29
1283,1322.0,3449.0,327.72,0,20,0,58.99
1284,1323.0,3450.0,337.85,0,0,0,60.81
1285,1323.0,3451.0,379.61,0,0,0,68.33
1286,1324.0,3454.0,208.95,30,50,0,37.61
1287,1325.0,3457.0,279.78,0,20,0,50.36
1288,1325.0,3458.0,373.76,0,0,0,67.28
1289,1328.0,3464.0,376.56,0,0,0,67.78
1290,1329.0,3466.0,305.55,30,0,0,55.0
1291,1332.0,3477.0,410.04,0,0,0,73.81
1292,1334.0,3482.0,369.94,0,0,0,66.59
1293,1337.0,3484.0,323.84,0,0,0,58.29
1294,1341.0,3492.0,335.5,0,0,0,60.39
1295,1342.0,3493.0,265.72,30,0,0,47.83
1296,1342.0,3496.0,295.58,30,20,0,53.2
1297,1343.0,3497.0,250.88,30,50,0,45.16
1298,1344.0,3498.0,345.96,0,0,0,62.27
1299,1344.0,3501.0,165.59,30,0,0,29.81
1300,1345.0,3502.0,297.78,0,20,0,53.6
1301,1345.0,3506.0,300.45,0,0,0,54.08
1302,1347.0,3509.0,304.87,0,50,0,54.88
1303,1348.0,3513.0,303.0,0,0,0,54.54
1304,1350.0,3517.0,257.35,30,0,0,46.32
1305,1351.0,3518.0,297.03,30,20,0,53.47
1306,1357.0,3529.0,454.83,0,0,0,81.87
1307,1358.0,3531.0,116.8,30,0,0,21.02
1308,1359.0,3532.0,297.74,30,0,0,53.59
1309,1363.0,3540.0,394.92,0,20,0,71.09
1310,1365.0,3541.0,353.85,0,0,0,63.69
1311,1365.0,3543.0,236.17,30,0,0,42.51
1312,1367.0,3549.0,272.59,30,50,0,49.07
1313,1368.0,3553.0,256.55,0,50,0,46.18
1314,1368.0,3556.0,299.59,30,0,0,53.93
1315,1369.0,3557.0,418.35,0,50,0,75.3
1316,1369.0,3558.0,341.23,0,20,0,61.42
1317,1372.0,3563.0,315.02,0,0,0,56.7
1318,1373.0,3569.0,271.68,30,50,0,48.9
1319,1373.0,3571.0,143.17,30,0,0,25.77
1320,1375.0,3575.0,311.41,0,20,0,56.05
1321,1375.0,3576.0,243.64,30,0,0,43.86
1322,1375.0,3577.0,195.67,30,0,0,35.22
1323,1381.0,3588.0,308.87,0,20,0,55.6
1324,1382.0,3589.0,426.05,0,0,0,76.69
1325,1382.0,3590.0,437.06,0,50,0,78.67
1326,1382.0,3591.0,311.69,0,20,0,56.1
1327,1382.0,3592.0,301.69,0,0,0,54.3
1328,1382.0,3593.0,314.2,0,20,0,56.56
1329,1383.0,3595.0,304.0,30,0,0,54.72
1330,1384.0,3597.0,321.44,0,0,0,57.86
1331,1387.0,3605.0,319.33,30,0,0,57.48
1332,1387.0,3606.0,337.93,0,0,0,60.83
1333,1388.0,3607.0,219.39,30,50,0,39.49
1334,1388.0,3608.0,400.69,0,50,0,72.12
1335,1388.0,3609.0,238.1,30,0,0,42.86
1336,1390.0,3615.0,267.12,30,0,1,48.08
1337,1391.0,3617.0,398.15,0,0,0,71.67
1338,1392.0,3619.0,278.93,0,50,0,50.21
1339,1392.0,3624.0,361.31,0,0,0,65.04
1340,1396.0,3630.0,288.81,0,50,0,51.99
1341,1396.0,3631.0,275.49,30,0,0,49.59
1342,1397.0,3632.0,330.34,0,0,0,59.46
1343,1398.0,3633.0,231.69,30,50,0,41.7
1344,1398.0,3634.0,277.05,0,50,0,49.87
1345,1402.0,3645.0,249.8,30,0,0,44.96
1346,1402.0,3647.0,480.44,0,0,0,86.48
1347,1403.0,3651.0,339.56,0,0,0,61.12
1348,1406.0,3658.0,231.07,30,20,0,41.59
1349,1408.0,3661.0,358.86,0,20,0,64.59
1350,1408.0,3662.0,333.57,0,20,0,60.04
1351,1410.0,3668.0,307.97,0,20,0,55.43
1352,1412.0,3671.0,289.6,0,50,0,52.13
1353,1413.0,3673.0,433.04,0,0,0,77.95
1354,1414.0,3678.0,275.44,0,50,0,49.58
1355,1416.0,3681.0,240.88,30,0,0,43.36
1356,1416.0,3682.0,535.83,0,0,0,96.45
1357,1416.0,3683.0,270.99,30,20,0,48.78
1358,1418.0,3686.0,379.45,0,20,0,68.3
1359,1420.0,3687.0,326.05,0,50,0,58.69
1360,1420.0,3688.0,395.68,0,0,0,71.22
1361,1420.0,3690.0,342.27,0,0,0,61.61
1362,1420.0,3691.0,231.37,30,50,0,41.65
1363,1420.0,3694.0,394.43,0,20,0,71.0
1364,1420.0,3695.0,428.18,0,0,0,77.07
1365,1422.0,3703.0,210.72,30,0,0,37.93
1366,1423.0,3704.0,357.88,0,50,0,64.42
1367,1423.0,3705.0,439.43,0,0,0,79.1
1368,1425.0,3709.0,307.17,0,0,0,55.29
1369,1427.0,3711.0,314.22,0,0,0,56.56
1370,1427.0,3712.0,288.45,30,20,0,51.92
1371,1427.0,3715.0,275.06,0,50,0,49.51
1372,1427.0,3721.0,307.69,0,0,0,55.38
1373,1427.0,3722.0,374.04,0,50,0,67.33
1374,1430.0,3726.0,355.61,0,0,0,64.01
1375,1431.0,3729.0,322.31,0,20,0,58.02
1376,1432.0,3730.0,266.08,30,0,0,47.89
1377,1432.0,3732.0,315.42,0,20,0,56.78
1378,1433.0,3737.0,298.33,0,20,0,53.7
1379,1433.0,3738.0,269.07,30,0,1,48.43
1380,1434.0,3742.0,405.32,0,0,1,72.96
1381,1435.0,3745.0,347.82,0,0,0,62.61
1382,1436.0,3747.0,387.65,0,0,0,69.78
1383,1437.0,3748.0,309.99,0,0,0,55.8
1384,1439.0,3755.0,312.58,0,0,1,56.26
1385,1441.0,3758.0,386.22,0,0,0,69.52
1386,1448.0,3770.0,310.14,30,0,0,55.83
1387,1450.0,3772.0,300.5,30,0,0,54.09
1388,1451.0,3773.0,382.68,0,0,0,68.88
1389,1451.0,3775.0,243.39,30,0,0,43.81
1390,1452.0,3776.0,380.97,0,0,0,68.57
1391,1452.0,3778.0,306.97,0,50,0,55.25
1392,1453.0,3780.0,497.99,0,0,0,89.64
1393,1454.0,3781.0,350.36,0,0,0,63.06
1394,1458.0,3788.0,295.81,30,0,1,53.25
1395,1458.0,3794.0,275.06,0,50,0,49.51
1396,1458.0,3795.0,220.82,30,0,0,39.75
1397,1464.0,3806.0,383.48,0,50,0,69.03
1398,1464.0,3808.0,412.99,0,0,0,74.34
1399,1465.0,3812.0,516.66,0,0,0,93.0
1400,1467.0,3817.0,272.86,0,50,0,49.11
1401,1469.0,3820.0,313.55,0,0,0,56.44
1402,1469.0,3821.0,302.19,0,0,0,54.39
1403,1469.0,3822.0,321.3,0,50,0,57.83
1404,1471.0,3828.0,314.59,30,0,0,56.63
1405,1474.0,3834.0,319.84,0,0,0,57.57
1406,1475.0,3835.0,323.52,0,0,0,58.23
1407,1475.0,3837.0,299.93,30,0,0,53.99
1408,1476.0,3838.0,438.37,0,0,0,78.91
1409,1477.0,3839.0,341.39,0,0,0,61.45
1410,1477.0,3840.0,272.95,30,50,0,49.13
1411,1478.0,3842.0,327.03,0,0,0,58.87
1412,1480.0,3843.0,327.62,0,0,0,58.97
1413,1481.0,3845.0,328.1,0,0,0,59.06
1414,1483.0,3849.0,200.25,30,20,0,36.04
1415,1485.0,3853.0,355.18,0,0,0,63.93
1416,1485.0,3854.0,298.64,30,0,0,53.76
1417,1489.0,3864.0,306.18,0,0,0,55.11
1418,1491.0,3866.0,405.11,0,0,0,72.92
1419,1492.0,3868.0,188.29,30,20,0,33.89
1420,1492.0,3869.0,312.04,0,0,0,56.17
1421,1492.0,3870.0,324.1,30,0,0,58.34
1422,1492.0,3871.0,482.41,0,0,0,86.83
1423,1493.0,3875.0,192.81,30,50,0,34.71
1424,1494.0,3876.0,322.24,30,0,0,58.0
1425,1494.0,3877.0,278.13,30,0,0,50.06
1426,1494.0,3878.0,392.63,0,0,0,70.67
1427,1497.0,3885.0,253.32,30,0,1,45.6
1428,1497.0,3886.0,328.81,30,0,0,59.19
1429,1501.0,3894.0,433.52,0,0,0,78.03
1430,1502.0,3896.0,308.94,0,20,0,55.61
1431,1504.0,3903.0,254.98,30,50,0,45.9
1432,1506.0,3906.0,346.21,0,50,0,62.32
1433,1508.0,3913.0,309.75,0,0,0,55.76
1434,1508.0,3914.0,368.55,0,0,0,66.34
1435,1509.0,3917.0,162.53,30,20,0,29.26
1436,1511.0,3920.0,60.0,30,20,0,10.8
1437,1511.0,3921.0,323.54,30,0,1,58.24
1438,1511.0,3922.0,323.79,0,0,0,58.28
1439,1512.0,3924.0,211.76,30,50,0,38.12
1440,1515.0,3929.0,422.96,0,0,0,76.13
1441,1515.0,3931.0,274.46,0,50,0,49.4
1442,1516.0,3934.0,358.02,0,20,0,64.44
1443,1519.0,3941.0,251.54,30,20,0,45.28
1444,1521.0,3944.0,303.03,0,0,0,54.55
1445,1522.0,3947.0,318.98,0,0,0,57.42
1446,1522.0,3948.0,325.08,0,0,0,58.51
1447,1525.0,3955.0,223.77,30,0,0,40.28
1448,1526.0,3957.0,265.25,30,50,0,47.74
1449,1527.0,3958.0,318.74,0,20,0,57.37
1450,1528.0,3960.0,204.61,30,50,0,36.83
1451,1531.0,3966.0,327.15,30,0,0,58.89
1452,1532.0,3967.0,528.64,0,0,1,95.16
1453,1532.0,3968.0,302.92,0,0,0,54.53
1454,1533.0,3971.0,296.12,0,20,0,53.3
1455,1534.0,3972.0,457.9,0,0,0,82.42
1456,1535.0,3973.0,325.79,30,0,0,58.64
1457,1536.0,3979.0,99.85,30,50,0,17.97
1458,1536.0,3980.0,402.23,0,0,0,72.4
1459,1537.0,3982.0,311.34,0,0,0,56.04
1460,1538.0,3984.0,412.71,0,0,0,74.29
1461,1538.0,3986.0,447.03,0,0,0,80.47
1462,1538.0,3988.0,378.89,0,0,0,68.2
1463,1538.0,3989.0,221.55,30,50,0,39.88
1464,1540.0,3993.0,418.25,0,0,0,75.28
1465,1540.0,3994.0,280.48,0,20,0,50.49
1466,1540.0,3997.0,382.83,0,20,0,68.91
1467,1545.0,4006.0,368.2,0,0,0,66.28
1468,1547.0,4011.0,401.95,0,20,0,72.35
1469,1548.0,4015.0,337.36,0,0,1,60.72
1470,1548.0,4020.0,296.87,30,0,0,53.44
1471,1549.0,4023.0,266.05,30,20,0,47.89
1472,1550.0,4024.0,213.19,30,0,0,38.37
1473,1550.0,4025.0,295.97,0,50,0,53.27
1474,1550.0,4027.0,296.34,0,20,0,53.34
1475,1551.0,4029.0,327.03,30,0,0,58.87
1476,1553.0,4032.0,393.79,0,0,0,70.88
1477,1554.0,4033.0,166.52,30,50,0,29.97
1478,1555.0,4034.0,304.36,30,20,0,54.78
1479,1557.0,4037.0,312.76,30,0,1,56.3
1480,1558.0,4039.0,300.13,0,20,0,54.02
1481,1561.0,4042.0,285.56,0,50,0,51.4
1482,1563.0,4046.0,411.48,0,0,0,74.07
1483,1563.0,4047.0,238.55,30,0,0,42.94
1484,1566.0,4053.0,260.93,0,50,0,46.97
1485,1566.0,4056.0,434.95,0,50,0,78.29
1486,1566.0,4060.0,204.38,30,0,0,36.79
1487,1566.0,4061.0,359.43,0,0,0,64.7
1488,1567.0,4062.0,380.87,0,50,0,68.56
1489,1567.0,4063.0,364.51,0,20,0,65.61
1490,1567.0,4065.0,198.95,30,0,0,35.81
1491,1571.0,4075.0,296.89,30,0,0,53.44
1492,1571.0,4077.0,305.35,0,0,0,54.96
1493,1571.0,4078.0,129.31,30,0,0,23.28
1494,1572.0,4080.0,182.78,30,50,0,32.9
1495,1573.0,4083.0,357.0,0,0,0,64.26
1496,1573.0,4084.0,284.96,0,20,0,51.29
1497,1573.0,4085.0,351.1,0,0,0,63.2
1498,1574.0,4086.0,281.97,0,50,0,50.75
1499,1575.0,4089.0,302.03,0,20,0,54.37
1500,1576.0,4092.0,385.31,0,20,0,69.36
1501,1579.0,4099.0,262.97,30,0,0,47.33
1502,1583.0,4108.0,325.0,0,20,0,58.5
1503,1585.0,4115.0,170.08,30,20,0,30.61
1504,1585.0,4117.0,311.95,0,0,0,56.15
1505,1586.0,4119.0,318.79,0,0,0,57.38
1506,1589.0,4124.0,348.46,0,0,0,62.72
1507,1590.0,4125.0,337.67,0,50,0,60.78
1508,1590.0,4128.0,420.16,0,0,0,75.63
1509,1591.0,4130.0,385.76,0,0,0,69.44
1510,1593.0,4132.0,325.52,0,50,0,58.59
1511,1593.0,4134.0,182.58,30,0,0,32.86
1512,1594.0,4142.0,293.17,30,20,0,52.77
1513,1595.0,4144.0,295.62,30,0,0,53.21
1514,1595.0,4145.0,248.54,30,0,0,44.74
1515,1596.0,4146.0,306.48,30,20,0,55.17
1516,1597.0,4147.0,417.07,0,0,0,75.07
1517,1598.0,4149.0,366.3,0,0,0,65.93
1518,1598.0,4150.0,369.17,0,0,0,66.45
1519,1599.0,4153.0,296.34,30,20,0,53.34
1520,1600.0,4154.0,309.77,0,0,0,55.76
1521,1602.0,4161.0,338.36,0,20,0,60.9
1522,1603.0,4162.0,206.37,30,20,0,37.15
1523,1604.0,4164.0,276.4,0,50,0,49.75
1524,1606.0,4168.0,380.35,0,0,0,68.46
1525,1606.0,4169.0,239.53,30,0,0,43.12
1526,1606.0,4171.0,234.43,30,0,0,42.2
1527,1608.0,4177.0,364.43,0,0,0,65.6
1528,1610.0,4179.0,218.55,30,0,0,39.34
1529,1612.0,4180.0,399.13,0,0,0,71.84
1530,1614.0,4184.0,381.24,0,0,0,68.62
1531,1614.0,4185.0,346.58,0,20,0,62.38
1532,1614.0,4186.0,416.04,0,0,0,74.89
1533,1614.0,4188.0,290.08,30,20,0,52.21
1534,1615.0,4189.0,322.28,30,0,0,58.01
1535,1615.0,4190.0,239.37,30,50,0,43.09
1536,1616.0,4192.0,234.83,30,0,0,42.27
1537,1616.0,4195.0,400.23,0,0,0,72.04
1538,1616.0,4197.0,307.89,30,20,0,55.42
1539,1617.0,4198.0,310.41,0,0,1,55.87
1540,1617.0,4200.0,346.92,0,50,0,62.45
1541,1618.0,4203.0,283.27,30,20,0,50.99
1542,1621.0,4207.0,455.16,0,0,0,81.93
1543,1621.0,4208.0,350.15,0,0,0,63.03
1544,1621.0,4210.0,328.22,30,0,0,59.08
1545,1622.0,4212.0,275.84,30,20,0,49.65
1546,1624.0,4217.0,270.38,30,50,0,48.67
1547,1625.0,4220.0,248.98,30,0,0,44.82
1548,1626.0,4226.0,312.66,0,50,0,56.28
1549,1627.0,4229.0,358.33,0,20,0,64.5
1550,1630.0,4230.0,316.58,0,0,0,56.98
1551,1631.0,4232.0,291.55,30,20,0,52.48
1552,1631.0,4233.0,423.69,0,50,0,76.26
1553,1635.0,4244.0,293.65,0,20,0,52.86
1554,1636.0,4246.0,303.67,0,50,0,54.66
1555,1637.0,4251.0,461.01,0,0,0,82.98
1556,1639.0,4252.0,409.82,0,0,0,73.77
1557,1639.0,4253.0,296.03,0,20,0,53.29
1558,1639.0,4254.0,383.62,0,50,0,69.05
1559,1640.0,4256.0,356.68,0,50,1,64.2
1560,1640.0,4259.0,330.4,0,0,0,59.47
1561,1641.0,4262.0,253.81,30,50,0,45.69
1562,1646.0,4272.0,424.85,0,20,0,76.47
1563,1646.0,4273.0,261.42,30,0,0,47.06
1564,1647.0,4275.0,439.93,0,0,0,79.19
1565,1648.0,4277.0,302.74,30,0,0,54.49
1566,1651.0,4282.0,363.0,0,20,0,65.34
1567,1653.0,4287.0,344.79,0,0,0,62.06
1568,1654.0,4290.0,240.28,30,0,0,43.25
1569,1655.0,4295.0,497.34,0,0,0,89.52
1570,1656.0,4300.0,363.1,0,0,0,65.36
1571,1657.0,4304.0,281.41,30,0,0,50.65
1572,1660.0,4307.0,332.66,0,50,0,59.88
1573,1660.0,4309.0,305.96,0,0,0,55.07
1574,1662.0,4313.0,318.58,0,50,0,57.34
1575,1662.0,4314.0,267.91,30,0,0,48.22
1576,1663.0,4316.0,323.99,30,0,0,58.32
1577,1664.0,4318.0,341.58,0,0,0,61.48
1578,1664.0,4319.0,300.44,30,0,0,54.08
1579,1665.0,4320.0,220.2,30,0,0,39.64
1580,1668.0,4328.0,304.56,0,20,0,54.82
1581,1670.0,4333.0,251.41,0,50,0,45.25
1582,1671.0,4334.0,268.7,30,0,0,48.37
1583,1671.0,4339.0,217.3,30,50,0,39.11
1584,1673.0,4342.0,317.26,0,20,0,57.11
1585,1673.0,4343.0,352.3,0,0,0,63.41
1586,1675.0,4347.0,366.83,0,0,0,66.03
1587,1675.0,4348.0,367.57,0,0,0,66.16
1588,1676.0,4350.0,355.2,0,0,0,63.94
1589,1676.0,4351.0,300.11,30,0,0,54.02
1590,1677.0,4353.0,308.79,0,50,0,55.58
1591,1677.0,4356.0,354.47,0,50,0,63.8
1592,1680.0,4361.0,276.15,0,50,0,49.71
1593,1680.0,4362.0,229.59,30,0,0,41.33
1594,1682.0,4365.0,287.85,30,0,0,51.81
1595,1683.0,4366.0,411.79,0,20,0,74.12
1596,1683.0,4367.0,167.13,30,0,0,30.08
1597,1685.0,4373.0,226.09,30,0,0,40.7
1598,1686.0,4376.0,222.68,30,0,0,40.08
1599,1688.0,4382.0,252.17,30,0,0,45.39
1600,1690.0,4387.0,334.94,0,20,0,60.29
1601,1690.0,4391.0,318.36,0,50,0,57.3
1602,1692.0,4393.0,182.45,30,0,0,32.84
1603,1693.0,4394.0,397.72,0,0,0,71.59
1604,1693.0,4395.0,362.34,0,0,0,65.22
1605,1696.0,4400.0,257.28,30,0,0,46.31
1606,1696.0,4402.0,262.81,0,50,0,47.31
1607,1696.0,4404.0,346.92,0,0,0,62.45
1608,1696.0,4405.0,271.8,30,0,0,48.92
1609,1698.0,4410.0,296.16,30,0,0,53.31
1610,1698.0,4411.0,347.0,0,0,0,62.46
1611,1699.0,4412.0,252.62,30,50,0,45.47
1612,1700.0,4418.0,355.67,0,0,0,64.02
1613,1702.0,4420.0,237.96,30,20,0,42.83
1614,1703.0,4421.0,323.03,0,20,0,58.15
1615,1703.0,4425.0,380.11,0,0,0,68.42
1616,1705.0,4426.0,277.55,30,0,0,49.96
1617,1705.0,4427.0,230.74,30,20,0,41.53
1618,1706.0,4428.0,304.53,0,0,0,54.82
1619,1706.0,4429.0,366.27,0,0,0,65.93
1620,1708.0,4430.0,367.08,0,0,0,66.07
1621,1709.0,4434.0,368.86,0,20,0,66.39
1622,1713.0,4439.0,322.6,0,0,0,58.07
1623,1714.0,4443.0,419.49,0,0,0,75.51
1624,1715.0,4446.0,444.61,0,0,0,80.03
1625,1715.0,4448.0,410.1,0,0,0,73.82
1626,1717.0,4454.0,319.21,30,0,0,57.46
1627,1717.0,4456.0,372.65,0,0,0,67.08
1628,1719.0,4459.0,237.29,30,20,0,42.71
1629,1719.0,4460.0,335.96,0,50,0,60.47
1630,1719.0,4462.0,312.77,30,0,0,56.3
1631,1720.0,4464.0,398.36,0,0,0,71.7
1632,1720.0,4465.0,287.81,30,0,0,51.81
1633,1720.0,4466.0,216.73,30,50,0,39.01
1634,1720.0,4467.0,411.97,0,0,0,74.15
1635,1721.0,4472.0,329.18,0,50,0,59.25
1636,1721.0,4473.0,390.25,0,0,0,70.24
1637,1724.0,4480.0,138.9,30,20,0,25.0
1638,1727.0,4488.0,305.18,0,0,0,54.93
1639,1728.0,4489.0,508.58,0,20,0,91.54
1640,1730.0,4494.0,259.9,30,0,0,46.78
1641,1731.0,4497.0,162.28,30,0,0,29.21
1642,1732.0,4498.0,295.2,30,20,0,53.14
1643,1732.0,4499.0,429.67,0,0,0,77.34
1644,1733.0,4500.0,366.4,0,0,0,65.95
1645,1733.0,4501.0,345.98,0,20,0,62.28
1646,1733.0,4502.0,465.69,0,0,0,83.82
1647,1734.0,4505.0,307.04,30,0,0,55.27
1648,1736.0,4509.0,561.51,0,0,0,101.07
1649,1736.0,4510.0,212.72,30,50,0,38.29
1650,1737.0,4512.0,305.59,0,0,0,55.01
1651,1738.0,4513.0,328.86,30,0,0,59.19
1652,1739.0,4517.0,373.35,0,0,0,67.2
1653,1740.0,4521.0,286.1,0,50,0,51.5
1654,1740.0,4522.0,324.43,0,0,0,58.4
1655,1741.0,4524.0,274.59,30,0,0,49.43
1656,1742.0,4526.0,349.53,0,50,0,62.92
1657,1742.0,4527.0,481.37,0,50,0,86.65
1658,1744.0,4533.0,324.62,0,0,0,58.43
1659,1745.0,4535.0,323.31,30,0,0,58.2
1660,1746.0,4538.0,255.08,0,50,0,45.91
1661,1746.0,4539.0,316.66,0,0,0,57.0
1662,1746.0,4540.0,198.96,30,20,0,35.81
1663,1746.0,4541.0,352.19,0,0,0,63.39
1664,1747.0,4544.0,289.18,30,0,0,52.05
1665,1748.0,4546.0,295.83,30,0,0,53.25
1666,1749.0,4548.0,311.78,0,0,0,56.12
1667,1750.0,4554.0,299.77,30,0,0,53.96
1668,1752.0,4559.0,261.19,30,50,0,47.01
1669,1752.0,4560.0,407.86,0,0,0,73.41
1670,1753.0,4563.0,376.38,0,0,0,67.75
1671,1754.0,4564.0,358.52,0,0,0,64.53
1672,1754.0,4565.0,385.22,0,0,0,69.34
1673,1758.0,4571.0,243.36,30,0,0,43.8
1674,1759.0,4575.0,334.7,0,0,0,60.25
1675,1760.0,4577.0,258.05,0,50,0,46.45
1676,1762.0,4579.0,392.19,0,0,1,70.59
1677,1766.0,4585.0,98.79,30,50,0,17.78
1678,1766.0,4587.0,312.09,0,0,0,56.18
1679,1768.0,4591.0,345.98,0,20,0,62.28
1680,1771.0,4595.0,287.47,30,20,0,51.74
1681,1771.0,4596.0,343.73,0,0,0,61.87
1682,1771.0,4597.0,253.81,30,20,0,45.69
1683,1771.0,4599.0,256.99,30,20,0,46.26
1684,1771.0,4600.0,315.56,0,0,0,56.8
1685,1773.0,4603.0,429.86,0,0,0,77.37
1686,1774.0,4606.0,326.28,30,0,0,58.73
1687,1774.0,4608.0,324.35,0,0,0,58.38
1688,1778.0,4617.0,328.74,0,0,0,59.17
1689,1780.0,4622.0,266.65,30,50,0,48.0
1690,1781.0,4624.0,343.39,0,20,0,61.81
1691,1781.0,4627.0,419.21,0,0,0,75.46
1692,1782.0,4631.0,276.61,30,20,0,49.79
1693,1784.0,4634.0,342.09,0,50,0,61.58
1694,1785.0,4638.0,241.66,30,0,0,43.5
1695,1786.0,4639.0,468.7,0,0,0,84.37
1696,1786.0,4640.0,271.43,30,0,0,48.86
1697,1787.0,4645.0,307.27,30,20,0,55.31
1698,1788.0,4648.0,347.6,0,20,0,62.57
1699,1789.0,4652.0,388.39,0,20,0,69.91
1700,1790.0,4655.0,426.04,0,0,1,76.69
1701,1790.0,4656.0,343.11,0,0,0,61.76
1702,1791.0,4661.0,219.61,30,50,0,39.53
1703,1791.0,4662.0,313.92,0,20,0,56.51
1704,1792.0,4665.0,436.11,0,0,0,78.5
1705,1792.0,4666.0,451.08,0,0,0,81.19
1706,1797.0,4673.0,353.03,0,50,0,63.55
1707,1797.0,4676.0,296.41,30,0,0,53.35
1708,1798.0,4678.0,316.94,0,0,0,57.05
1709,1798.0,4679.0,326.97,0,50,0,58.85
1710,1799.0,4681.0,386.48,0,0,0,69.57
1711,1800.0,4687.0,468.35,0,0,0,84.3
1712,1801.0,4688.0,191.08,30,0,0,34.39
1713,1801.0,4689.0,318.43,30,0,0,57.32
1714,1805.0,4693.0,258.73,30,50,1,46.57
1715,1805.0,4695.0,304.32,0,50,0,54.78
1716,1807.0,4697.0,357.15,0,20,0,64.29
1717,1808.0,4701.0,341.16,0,0,0,61.41
1718,1812.0,4710.0,199.19,30,20,0,35.85
1719,1812.0,4713.0,347.21,0,0,0,62.5
1720,1815.0,4716.0,502.25,0,0,0,90.4
1721,1815.0,4718.0,296.88,30,0,0,53.44
1722,1815.0,4720.0,195.56,30,50,0,35.2
1723,1817.0,4723.0,353.13,0,0,0,63.56
1724,1817.0,4725.0,531.53,0,0,0,95.68
1725,1817.0,4726.0,259.43,0,50,0,46.7
1726,1821.0,4729.0,300.3,30,20,0,54.05
1727,1822.0,4731.0,311.6,30,0,0,56.09
1728,1822.0,4732.0,308.51,0,0,0,55.53
1729,1825.0,4738.0,303.96,30,0,0,54.71
1730,1829.0,4748.0,346.19,0,20,0,62.31
1731,1829.0,4749.0,356.36,0,20,0,64.14
1732,1831.0,4753.0,370.05,0,20,0,66.61
1733,1833.0,4758.0,351.79,0,50,0,63.32
1734,1833.0,4759.0,323.66,0,50,0,58.26
1735,1834.0,4761.0,361.87,0,50,0,65.14
1736,1835.0,4765.0,398.27,0,0,0,71.69
1737,1835.0,4766.0,292.98,30,0,0,52.74
1738,1837.0,4768.0,374.1,0,0,0,67.34
1739,1839.0,4772.0,324.45,30,0,0,58.4
1740,1840.0,4775.0,246.31,30,50,0,44.34
1741,1841.0,4777.0,451.16,0,0,0,81.21
1742,1842.0,4780.0,324.52,30,0,0,58.41
1743,1843.0,4782.0,221.69,30,50,0,39.9
1744,1843.0,4786.0,431.13,0,0,0,77.6
1745,1846.0,4791.0,287.12,30,20,0,51.68
1746,1846.0,4793.0,331.92,0,0,0,59.75
1747,1849.0,4795.0,249.66,30,20,0,44.94
1748,1851.0,4800.0,273.5,30,50,0,49.23
1749,1851.0,4805.0,325.79,30,0,0,58.64
1750,1852.0,4807.0,428.3,0,0,0,77.09
1751,1852.0,4808.0,345.62,0,0,0,62.21
1752,1853.0,4809.0,186.04,30,50,0,33.49
1753,1853.0,4813.0,278.57,30,0,0,50.14
1754,1854.0,4814.0,422.52,0,0,0,76.05
1755,1854.0,4815.0,314.36,0,0,0,56.58
1756,1856.0,4818.0,365.17,0,0,0,65.73
1757,1859.0,4824.0,251.17,30,0,0,45.21
1758,1862.0,4827.0,336.14,0,20,0,60.51
1759,1862.0,4828.0,242.79,30,20,0,43.7
1760,1864.0,4831.0,269.46,30,0,0,48.5
1761,1865.0,4833.0,255.0,30,20,0,45.9
1762,1865.0,4834.0,282.33,0,50,0,50.82
1763,1866.0,4837.0,508.94,0,0,0,91.61
1764,1868.0,4841.0,252.8,30,0,0,45.5
1765,1869.0,4842.0,477.76,0,0,0,86.0
1766,1871.0,4847.0,328.4,30,0,0,59.11
1767,1872.0,4848.0,151.07,30,20,0,27.19
1768,1874.0,4854.0,395.87,0,0,0,71.26
1769,1874.0,4855.0,375.58,0,0,0,67.6
1770,1875.0,4856.0,402.03,0,20,0,72.37
1771,1875.0,4858.0,329.29,0,0,0,59.27
1772,1876.0,4859.0,316.55,30,0,0,56.98
1773,1877.0,4860.0,375.87,0,0,0,67.66
1774,1878.0,4863.0,110.41,30,0,0,19.87
1775,1879.0,4864.0,393.52,0,0,0,70.83
1776,1880.0,4869.0,428.99,0,0,0,77.22
1777,1883.0,4872.0,327.71,30,0,0,58.99
1778,1883.0,4873.0,360.32,0,50,0,64.86
1779,1884.0,4874.0,223.71,30,0,0,40.27
1780,1884.0,4876.0,388.2,0,20,0,69.88
1781,1886.0,4880.0,316.97,30,0,0,57.05
1782,1887.0,4881.0,286.69,0,50,0,51.6
1783,1887.0,4883.0,380.83,0,0,0,68.55
1784,1887.0,4884.0,332.31,0,0,0,59.82
1785,1888.0,4885.0,280.56,30,20,0,50.5
1786,1888.0,4887.0,290.33,30,0,0,52.26
1787,1888.0,4889.0,277.25,30,20,0,49.9
1788,1888.0,4892.0,260.08,0,50,0,46.81
1789,1890.0,4896.0,383.09,0,0,0,68.96
1790,1892.0,4899.0,306.65,0,0,0,55.2
1791,1894.0,4903.0,247.2,30,50,0,44.5
1792,1896.0,4907.0,317.9,30,0,0,57.22
1793,1897.0,4910.0,264.73,30,0,0,47.65
1794,1898.0,4915.0,315.02,30,0,0,56.7
1795,1898.0,4918.0,300.46,0,0,0,54.08
1796,1900.0,4920.0,401.9,0,0,0,72.34
1797,1901.0,4922.0,310.38,0,0,0,55.87
1798,1901.0,4923.0,305.36,30,0,0,54.96
1799,1903.0,4928.0,314.93,30,0,0,56.69
1800,1903.0,4930.0,465.11,0,0,0,83.72
1801,1904.0,4932.0,319.88,30,0,0,57.58
1802,1905.0,4933.0,268.33,30,20,0,48.3
1803,1906.0,4935.0,209.61,30,20,0,37.73
1804,1907.0,4937.0,290.26,30,0,0,52.25
1805,1908.0,4940.0,410.4,0,0,0,73.87
1806,1909.0,4943.0,383.42,0,50,0,69.02
1807,1911.0,4948.0,301.08,0,20,0,54.19
1808,1911.0,4949.0,355.31,0,0,0,63.96
1809,1914.0,4953.0,399.13,0,0,0,71.84
1810,1914.0,4954.0,281.4,30,0,0,50.65
1811,1914.0,4958.0,299.66,30,0,0,53.94
1812,1918.0,4965.0,320.56,30,0,0,57.7
1813,1920.0,4967.0,401.07,0,0,0,72.19
1814,1920.0,4968.0,338.36,0,20,0,60.9
1815,1920.0,4970.0,252.63,30,50,0,45.47
1816,1921.0,4974.0,218.96,30,50,0,39.41
1817,1922.0,4975.0,294.11,30,0,0,52.94
1818,1922.0,4976.0,360.24,0,0,0,64.84
1819,1923.0,4979.0,173.35,30,0,0,31.2
1820,1923.0,4980.0,334.77,0,0,0,60.26
1821,1927.0,4986.0,305.85,0,20,0,55.05
1822,1929.0,4992.0,396.88,0,50,0,71.44
1823,1929.0,4993.0,261.82,30,0,0,47.13
1824,1930.0,4996.0,342.64,0,20,0,61.68
1825,1930.0,4998.0,210.95,30,20,0,37.97
1826,1930.0,4999.0,486.53,0,0,0,87.58
1827,1935.0,5015.0,319.01,0,0,0,57.42
1828,1935.0,5016.0,310.27,30,0,0,55.85
1829,1935.0,5017.0,318.86,0,0,0,57.39
1830,1936.0,5018.0,477.07,0,50,0,85.87
1831,1937.0,5020.0,211.78,30,50,0,38.12
1832,1937.0,5021.0,306.99,30,20,0,55.26
1833,1937.0,5022.0,346.09,0,50,0,62.3
1834,1938.0,5024.0,436.36,0,50,0,78.54
1835,1938.0,5025.0,387.44,0,0,0,69.74
1836,1938.0,5026.0,192.61,30,0,0,34.67
1837,1938.0,5027.0,418.26,0,0,0,75.29
1838,1938.0,5028.0,210.65,30,0,0,37.92
1839,1938.0,5030.0,302.93,0,0,0,54.53
1840,1940.0,5035.0,402.96,0,0,0,72.53
1841,1940.0,5037.0,244.14,30,50,0,43.95
1842,1941.0,5038.0,411.64,0,0,0,74.1
1843,1941.0,5039.0,279.51,30,0,0,50.31
1844,1944.0,5045.0,325.32,0,20,0,58.56
1845,1945.0,5047.0,373.2,0,50,0,67.18
1846,1949.0,5065.0,258.67,30,0,0,46.56
1847,1949.0,5066.0,335.07,0,0,0,60.31
1848,1950.0,5067.0,339.72,0,0,0,61.15
1849,1950.0,5069.0,472.42,0,0,0,85.04
1850,1950.0,5072.0,357.78,0,0,0,64.4
1851,1951.0,5073.0,259.86,30,0,0,46.77
1852,1951.0,5075.0,161.36,30,50,0,29.04
1853,1951.0,5076.0,299.15,30,0,0,53.85
1854,1953.0,5081.0,422.67,0,0,0,76.08
1855,1953.0,5083.0,161.22,30,0,0,29.02
1856,1953.0,5084.0,189.18,30,0,0,34.05
1857,1953.0,5085.0,327.95,0,0,0,59.03
1858,1955.0,5087.0,102.05,30,50,0,18.37
1859,1956.0,5089.0,319.62,0,0,0,57.53
1860,1957.0,5090.0,348.48,0,0,0,62.73
1861,1957.0,5094.0,386.4,0,0,0,69.55
1862,1958.0,5095.0,338.18,0,50,0,60.87
1863,1958.0,5097.0,154.4,30,0,0,27.79
1864,1959.0,5098.0,380.9,0,0,0,68.56
1865,1959.0,5099.0,496.73,0,0,0,89.41
1866,1961.0,5102.0,316.79,0,0,0,57.02
1867,1964.0,5104.0,359.05,0,0,0,64.63
1868,1966.0,5106.0,496.82,0,0,0,89.43
1869,1968.0,5108.0,298.68,30,0,0,53.76
1870,1969.0,5110.0,298.42,0,50,0,53.72
1871,1971.0,5115.0,331.45,0,0,0,59.66
1872,1971.0,5118.0,249.06,30,0,0,44.83
1873,1976.0,5128.0,325.86,0,50,0,58.65
1874,1976.0,5130.0,408.83,0,0,1,73.59
1875,1978.0,5133.0,327.68,0,20,0,58.98
1876,1978.0,5134.0,377.56,0,0,0,67.96
1877,1979.0,5138.0,267.27,30,50,0,48.11
1878,1979.0,5140.0,270.36,30,0,0,48.66
1879,1982.0,5143.0,383.79,0,0,0,69.08
1880,1984.0,5147.0,322.05,0,0,0,57.97
1881,1985.0,5150.0,385.35,0,0,0,69.36
1882,1985.0,5151.0,309.46,30,0,0,55.7
1883,1987.0,5163.0,328.0,0,0,0,59.04
1884,1990.0,5166.0,601.84,0,0,0,108.33
1885,1990.0,5167.0,244.72,30,0,0,44.05
1886,1991.0,5170.0,392.5,0,0,0,70.65
1887,1992.0,5173.0,317.01,30,0,0,57.06
1888,1993.0,5175.0,306.92,0,0,0,55.25
1889,1995.0,5179.0,274.65,30,50,0,49.44
1890,1997.0,5181.0,321.55,30,0,0,57.88
1891,1998.0,5184.0,302.08,30,20,0,54.37
1892,1998.0,5185.0,331.9,0,0,0,59.74
1893,1999.0,5189.0,290.34,30,0,0,52.26
1894,2001.0,5191.0,324.89,0,0,0,58.48
1895,2001.0,5192.0,334.06,0,0,0,60.13
1896,2001.0,5194.0,349.23,0,20,1,62.86
1897,2004.0,5195.0,371.82,0,0,0,66.93
1898,2006.0,5201.0,470.03,0,0,0,84.61
1899,2009.0,5207.0,385.98,0,50,0,69.48
1900,2011.0,5209.0,282.03,30,0,0,50.77
1901,2012.0,5211.0,393.96,0,50,0,70.91
1902,2012.0,5212.0,421.8,0,0,1,75.92
1903,2013.0,5214.0,315.68,30,0,0,56.82
1904,2013.0,5216.0,300.03,30,20,0,54.01
1905,2013.0,5217.0,303.59,0,20,0,54.65
1906,2015.0,5220.0,322.59,0,0,0,58.07
1907,2015.0,5224.0,231.28,30,50,0,41.63
1908,2017.0,5229.0,366.46,0,0,0,65.96
1909,2018.0,5236.0,167.86,30,20,0,30.21
1910,2018.0,5238.0,298.45,30,20,0,53.72
1911,2018.0,5239.0,319.64,0,20,0,57.54
1912,2019.0,5244.0,291.46,30,0,0,52.46
1913,2019.0,5245.0,328.03,30,0,0,59.05
1914,2020.0,5246.0,370.09,0,0,0,66.62
1915,2021.0,5250.0,498.46,0,0,0,89.72
1916,2021.0,5251.0,305.23,0,0,0,54.94
1917,2022.0,5254.0,320.51,0,0,0,57.69
1918,2022.0,5255.0,370.0,0,0,0,66.6
1919,2022.0,5257.0,340.29,0,50,0,61.25
1920,2023.0,5258.0,253.93,30,0,0,45.71
1921,2023.0,5259.0,316.84,30,0,0,57.03
1922,2024.0,5261.0,314.44,0,20,0,56.6
1923,2026.0,5268.0,351.73,0,0,0,63.31
1924,2026.0,5269.0,367.19,0,0,0,66.09
1925,2028.0,5273.0,249.31,30,50,0,44.88
1926,2031.0,5278.0,263.47,0,50,0,47.42
1927,2034.0,5281.0,418.5,0,50,0,75.33
1928,2034.0,5282.0,431.2,0,0,0,77.62
1929,2034.0,5284.0,186.19,30,0,0,33.51
1930,2034.0,5285.0,240.51,30,0,0,43.29
1931,2035.0,5289.0,283.73,0,20,0,51.07
1932,2036.0,5290.0,395.28,0,0,0,71.15
1933,2036.0,5291.0,401.59,0,0,0,72.29
1934,2036.0,5292.0,204.45,30,0,0,36.8
1935,2036.0,5293.0,326.44,30,0,0,58.76
1936,2036.0,5294.0,417.73,0,0,0,75.19
1937,2037.0,5296.0,465.8,0,0,1,83.84
1938,2040.0,5300.0,412.35,0,0,0,74.22
1939,2044.0,5310.0,418.89,0,0,0,75.4
1940,2047.0,5316.0,341.97,0,20,0,61.55
1941,2047.0,5318.0,263.92,30,50,0,47.51
1942,2048.0,5320.0,290.32,30,0,1,52.26
1943,2048.0,5321.0,346.59,0,0,0,62.39
1944,2049.0,5322.0,452.24,0,20,0,81.4
1945,2050.0,5323.0,308.04,30,20,0,55.45
1946,2050.0,5324.0,285.79,30,0,1,51.44
1947,2053.0,5327.0,235.68,30,0,0,42.42
1948,2053.0,5331.0,531.42,0,0,0,95.66
1949,2056.0,5335.0,316.29,30,0,0,56.93
1950,2058.0,5340.0,368.71,0,0,0,66.37
1951,2058.0,5341.0,316.64,30,0,0,57.0
1952,2059.0,5343.0,274.13,30,0,0,49.34
1953,2061.0,5346.0,302.31,0,0,0,54.42
1954,2062.0,5348.0,353.75,0,50,0,63.68
1955,2063.0,5355.0,281.6,0,20,0,50.69
1956,2064.0,5358.0,271.88,30,50,0,48.94
1957,2065.0,5360.0,253.41,0,50,0,45.61
1958,2067.0,5365.0,309.18,0,0,1,55.65
1959,2068.0,5367.0,403.71,0,0,0,72.67
1960,2074.0,5375.0,304.07,0,0,0,54.73
1961,2075.0,5376.0,431.41,0,20,0,77.65
1962,2077.0,5378.0,245.81,30,20,0,44.25
1963,2078.0,5381.0,218.33,30,0,0,39.3
1964,2079.0,5382.0,313.22,0,50,0,56.38
1965,2079.0,5386.0,415.03,0,20,0,74.71
1966,2082.0,5391.0,305.27,0,0,0,54.95
1967,2082.0,5394.0,284.68,30,0,0,51.24
1968,2083.0,5396.0,391.46,0,20,0,70.46
1969,2083.0,5398.0,410.93,0,0,0,73.97
1970,2086.0,5404.0,301.63,30,20,0,54.29
1971,2086.0,5406.0,316.85,30,0,0,57.03
1972,2087.0,5410.0,276.76,30,20,0,49.82
1973,2088.0,5416.0,288.33,30,0,0,51.9
1974,2089.0,5419.0,313.0,0,20,0,56.34
1975,2089.0,5420.0,332.86,0,0,0,59.91
1976,2090.0,5422.0,337.19,0,0,0,60.69
1977,2090.0,5423.0,209.06,30,0,0,37.63
1978,2091.0,5424.0,258.97,30,0,0,46.61
1979,2093.0,5429.0,344.59,0,0,0,62.03
1980,2093.0,5430.0,392.81,0,0,0,70.71
1981,2095.0,5437.0,163.72,30,50,0,29.47
1982,2097.0,5448.0,327.9,0,20,0,59.02
1983,2097.0,5449.0,220.17,30,50,1,39.63
1984,2098.0,5452.0,363.24,0,0,0,65.38
1985,2098.0,5454.0,383.19,0,50,0,68.97
1986,2100.0,5457.0,301.42,0,50,0,54.26
1987,2100.0,5459.0,233.42,30,0,0,42.02
1988,2100.0,5461.0,287.84,30,20,0,51.81
1989,2102.0,5462.0,369.03,0,0,0,66.43
1990,2103.0,5463.0,516.37,0,0,0,92.95
1991,2103.0,5464.0,316.03,0,0,0,56.89
1992,2104.0,5467.0,414.14,0,0,0,74.55
1993,2106.0,5470.0,338.62,0,0,0,60.95
1994,2106.0,5472.0,414.03,0,20,0,74.53
1995,2108.0,5474.0,526.33,0,0,0,94.74
1996,2108.0,5475.0,217.82,30,20,0,39.21
1997,2108.0,5476.0,259.88,30,0,0,46.78
1998,2109.0,5478.0,382.89,0,0,0,68.92
1999,2111.0,5482.0,328.93,30,0,0,59.21
2000,2112.0,5484.0,359.79,0,0,0,64.76
2001,2112.0,5485.0,318.24,0,50,0,57.28
2002,2114.0,5488.0,279.74,0,20,0,50.35
2003,2115.0,5491.0,225.29,30,0,0,40.55
2004,2117.0,5494.0,191.23,30,20,1,34.42
2005,2117.0,5497.0,275.47,30,0,0,49.58
2006,2118.0,5498.0,303.79,0,20,0,54.68
2007,2119.0,5499.0,335.41,0,20,0,60.37
2008,2122.0,5508.0,426.22,0,20,0,76.72
2009,2123.0,5511.0,529.68,0,0,0,95.34
2010,2123.0,5512.0,433.64,0,0,0,78.06
2011,2123.0,5513.0,227.38,30,50,0,40.93
2012,2124.0,5514.0,246.62,30,20,0,44.39
2013,2125.0,5516.0,295.59,0,50,0,53.21
2014,2126.0,5520.0,129.87,30,50,0,23.38
2015,2128.0,5524.0,203.95,30,0,0,36.71
2016,2128.0,5525.0,298.49,0,20,0,53.73
2017,2129.0,5529.0,265.44,0,50,0,47.78
2018,2129.0,5531.0,438.02,0,0,0,78.84
2019,2130.0,5535.0,495.96,0,0,0,89.27
2020,2130.0,5536.0,421.67,0,0,1,75.9
2021,2135.0,5547.0,123.09,30,0,0,22.16
2022,2135.0,5548.0,306.93,30,0,0,55.25
2023,2136.0,5549.0,435.46,0,0,0,78.38
2024,2137.0,5551.0,480.51,0,0,0,86.49
2025,2137.0,5552.0,478.24,0,0,0,86.08
2026,2139.0,5554.0,371.79,0,20,0,66.92
2027,2141.0,5559.0,445.69,0,0,0,80.22
2028,2143.0,5564.0,335.59,0,0,0,60.41
2029,2144.0,5569.0,361.12,0,0,0,65.0
2030,2144.0,5570.0,208.33,30,0,0,37.5
2031,2144.0,5571.0,415.52,0,0,0,74.79
2032,2145.0,5573.0,263.8,30,0,0,47.48
2033,2146.0,5575.0,355.49,0,0,0,63.99
2034,2147.0,5576.0,389.6,0,0,0,70.13
2035,2147.0,5577.0,407.39,0,20,0,73.33
2036,2147.0,5578.0,310.93,0,0,0,55.97
2037,2147.0,5579.0,480.88,0,0,0,86.56
2038,2148.0,5580.0,315.54,30,0,0,56.8
2039,2150.0,5581.0,295.33,0,50,0,53.16
2040,2150.0,5583.0,398.87,0,0,0,71.8
2041,2150.0,5585.0,218.8,30,0,1,39.38
2042,2151.0,5589.0,332.54,0,0,0,59.86
2043,2151.0,5590.0,326.13,0,0,0,58.7
2044,2152.0,5595.0,400.18,0,0,0,72.03
2045,2154.0,5599.0,520.19,0,0,0,93.63
2046,2154.0,5601.0,359.43,0,0,0,64.7
2047,2155.0,5602.0,290.59,30,0,0,52.31
2048,2156.0,5603.0,406.39,0,0,0,73.15
2049,2156.0,5604.0,309.04,0,0,0,55.63
2050,2156.0,5605.0,455.13,0,20,0,81.92
2051,2158.0,5609.0,291.32,0,50,0,52.44
2052,2158.0,5610.0,366.73,0,0,0,66.01
2053,2159.0,5612.0,208.06,30,50,0,37.45
2054,2161.0,5616.0,414.61,0,50,0,74.63
2055,2164.0,5626.0,86.24,30,20,0,15.52
2056,2164.0,5627.0,368.4,0,0,0,66.31
2057,2164.0,5628.0,400.45,0,0,0,72.08
2058,2165.0,5634.0,279.04,30,0,0,50.23
2059,2167.0,5636.0,221.01,30,50,0,39.78
2060,2167.0,5640.0,360.8,0,50,0,64.94
2061,2169.0,5642.0,292.82,0,20,0,52.71
2062,2170.0,5649.0,326.72,0,0,0,58.81
2063,2173.0,5655.0,317.37,30,0,0,57.13
2064,2173.0,5660.0,300.23,30,0,0,54.04
2065,2173.0,5661.0,437.98,0,0,0,78.84
2066,2174.0,5662.0,259.82,30,0,0,46.77
2067,2174.0,5665.0,264.08,30,20,0,47.53
2068,2175.0,5666.0,344.7,0,0,0,62.05
2069,2175.0,5667.0,233.53,30,20,0,42.04
2070,2176.0,5668.0,284.25,30,0,0,51.16
2071,2177.0,5673.0,372.58,0,0,0,67.06
2072,2178.0,5674.0,317.67,0,0,0,57.18
2073,2179.0,5676.0,290.59,30,0,0,52.31
2074,2179.0,5678.0,315.75,0,0,0,56.84
2075,2179.0,5679.0,310.6,30,0,0,55.91
2076,2181.0,5682.0,105.04,30,0,0,18.91
2077,2181.0,5685.0,388.21,0,0,0,69.88
2078,2181.0,5687.0,280.2,0,50,0,50.44
2079,2184.0,5695.0,370.51,0,20,0,66.69
2080,2186.0,5700.0,305.36,0,50,0,54.96
2081,2187.0,5702.0,311.9,30,0,0,56.14
2082,2190.0,5709.0,430.71,0,20,0,77.53
2083,2190.0,5712.0,266.67,30,50,0,48.0
2084,2192.0,5716.0,318.52,0,50,0,57.33
2085,2192.0,5717.0,323.76,0,0,0,58.28
2086,2193.0,5721.0,261.18,30,0,0,47.01
2087,2195.0,5724.0,269.19,30,0,0,48.45
2088,2196.0,5725.0,432.45,0,0,0,77.84
2089,2199.0,5727.0,262.75,30,0,0,47.3
2090,2200.0,5730.0,272.88,30,50,0,49.12
2091,2200.0,5731.0,282.77,30,0,0,50.9
2092,2203.0,5736.0,302.98,30,0,0,54.54
2093,2203.0,5739.0,320.82,30,0,0,57.75
2094,2208.0,5745.0,363.21,0,0,0,65.38
2095,2208.0,5746.0,374.14,0,0,0,67.35
2096,2210.0,5747.0,274.93,30,0,0,49.49
2097,2210.0,5748.0,189.26,30,50,0,34.07
2098,2210.0,5749.0,262.98,30,0,0,47.34
2099,2211.0,5753.0,400.8,0,0,0,72.14
2100,2212.0,5756.0,323.18,0,0,0,58.17
2101,2213.0,5758.0,268.29,30,20,0,48.29
2102,2214.0,5761.0,344.35,0,0,0,61.98
2103,2214.0,5762.0,363.06,0,0,0,65.35
2104,2216.0,5767.0,309.32,30,0,0,55.68
2105,2216.0,5768.0,362.79,0,0,0,65.3
2106,2217.0,5770.0,287.66,0,50,0,51.78
2107,2217.0,5771.0,486.67,0,0,0,87.6
2108,2218.0,5774.0,325.63,0,50,0,58.61
2109,2220.0,5780.0,331.98,0,0,0,59.76
2110,2221.0,5781.0,338.57,0,0,0,60.94
2111,2221.0,5783.0,282.03,0,50,0,50.77
2112,2221.0,5786.0,308.7,0,0,0,55.57
2113,2221.0,5789.0,281.55,30,0,0,50.68
2114,2222.0,5793.0,319.2,0,0,0,57.46
2115,2223.0,5799.0,399.85,0,0,0,71.97
2116,2223.0,5800.0,396.2,0,0,0,71.32
2117,2224.0,5802.0,473.68,0,0,0,85.26
2118,2225.0,5805.0,307.53,0,0,0,55.36
2119,2225.0,5806.0,376.22,0,20,0,67.72
2120,2226.0,5807.0,344.51,0,0,0,62.01
2121,2227.0,5811.0,291.87,0,50,0,52.54
2122,2231.0,5819.0,325.37,0,0,0,58.57
2123,2233.0,5823.0,314.2,0,20,0,56.56
2124,2234.0,5827.0,559.17,0,0,0,100.65
2125,2234.0,5829.0,127.48,30,0,0,22.95
2126,2238.0,5838.0,353.77,0,20,0,63.68
2127,2239.0,5840.0,390.17,0,0,0,70.23
2128,2239.0,5842.0,251.6,0,50,0,45.29
2129,2239.0,5844.0,402.32,0,0,0,72.42
2130,2240.0,5847.0,250.64,30,20,0,45.12
2131,2241.0,5851.0,216.18,30,0,0,38.91
2132,2243.0,5856.0,351.71,0,20,0,63.31
2133,2244.0,5859.0,313.8,0,0,0,56.48
2134,2245.0,5865.0,442.27,0,0,0,79.61
2135,2245.0,5866.0,289.18,0,50,0,52.05
2136,2245.0,5867.0,300.71,0,0,0,54.13
2137,2245.0,5868.0,193.92,30,0,0,34.91
2138,2246.0,5870.0,322.58,30,0,0,58.06
2139,2247.0,5875.0,406.09,0,20,0,73.1
2140,2248.0,5879.0,467.83,0,0,0,84.21
2141,2252.0,5885.0,200.4,30,50,0,36.07
2142,2254.0,5887.0,314.82,0,0,0,56.67
2143,2254.0,5889.0,316.79,30,0,0,57.02
2144,2254.0,5890.0,439.69,0,0,0,79.14
2145,2255.0,5893.0,284.59,0,20,0,51.23
2146,2256.0,5897.0,299.48,0,50,0,53.91
2147,2259.0,5906.0,359.24,0,0,1,64.66
2148,2262.0,5914.0,341.39,0,50,0,61.45
2149,2263.0,5916.0,278.99,30,0,0,50.22
2150,2263.0,5917.0,329.3,0,0,0,59.27
2151,2263.0,5918.0,179.99,30,20,0,32.4
2152,2263.0,5919.0,339.17,0,50,0,61.05
2153,2268.0,5927.0,261.64,30,20,0,47.1
2154,2268.0,5928.0,228.64,30,0,0,41.16
2155,2271.0,5932.0,325.29,30,0,0,58.55
2156,2273.0,5935.0,363.15,0,50,0,65.37
2157,2273.0,5936.0,423.52,0,0,0,76.23
2158,2274.0,5937.0,323.84,30,0,0,58.29
2159,2275.0,5939.0,450.3,0,0,0,81.05
2160,2275.0,5940.0,231.77,30,50,0,41.72
2161,2275.0,5941.0,372.09,0,50,0,66.98
2162,2277.0,5946.0,200.13,30,50,0,36.02
2163,2277.0,5947.0,321.97,0,50,0,57.95
2164,2277.0,5949.0,440.41,0,0,0,79.27
2165,2278.0,5952.0,259.5,30,50,0,46.71
2166,2278.0,5953.0,284.97,0,20,0,51.29
2167,2278.0,5954.0,255.8,0,50,0,46.04
2168,2278.0,5955.0,170.96,30,50,0,30.77
2169,2283.0,5965.0,304.68,0,0,0,54.84
2170,2283.0,5968.0,309.56,30,0,0,55.72
2171,2284.0,5969.0,278.76,30,0,0,50.18
2172,2285.0,5970.0,464.18,0,50,0,83.55
2173,2290.0,5979.0,219.34,30,0,0,39.48
2174,2295.0,5990.0,239.1,30,50,0,43.04
2175,2295.0,5991.0,382.8,0,0,0,68.9
2176,2296.0,5992.0,173.4,30,50,0,31.21
2177,2298.0,5994.0,366.92,0,0,0,66.05
2178,2301.0,5998.0,190.41,30,20,0,34.27
2179,2301.0,5999.0,421.99,0,0,0,75.96
2180,2301.0,6001.0,209.11,30,50,0,37.64
2181,2301.0,6004.0,386.46,0,20,0,69.56
2182,2302.0,6006.0,269.49,30,0,0,48.51
2183,2302.0,6007.0,315.41,0,0,0,56.77
2184,2302.0,6008.0,391.24,0,50,0,70.42
2185,2303.0,6011.0,305.59,0,0,0,55.01
2186,2303.0,6012.0,155.75,30,50,0,28.04
2187,2305.0,6014.0,299.63,0,0,0,53.93
2188,2305.0,6015.0,319.29,30,0,0,57.47
2189,2305.0,6016.0,247.85,30,0,0,44.61
2190,2305.0,6018.0,429.59,0,0,1,77.33
2191,2309.0,6023.0,309.29,0,20,0,55.67
2192,2309.0,6024.0,475.05,0,0,0,85.51
2193,2311.0,6026.0,369.48,0,0,0,66.51
2194,2311.0,6027.0,336.33,0,0,0,60.54
2195,2311.0,6029.0,497.01,0,0,0,89.46
2196,2313.0,6034.0,301.14,30,0,0,54.21
2197,2314.0,6036.0,383.03,0,50,0,68.95
2198,2314.0,6037.0,312.65,30,0,0,56.28
2199,2314.0,6038.0,343.46,0,0,0,61.82
2200,2315.0,6042.0,581.22,0,0,0,104.62
2201,2316.0,6045.0,386.34,0,0,1,69.54
2202,2316.0,6046.0,185.54,30,20,0,33.4
2203,2318.0,6048.0,357.66,0,0,0,64.38
2204,2319.0,6053.0,261.78,30,0,0,47.12
2205,2320.0,6056.0,136.73,30,50,0,24.61
2206,2320.0,6058.0,387.2,0,0,0,69.7
2207,2321.0,6060.0,421.28,0,0,0,75.83
2208,2322.0,6064.0,223.87,30,0,0,40.3
2209,2323.0,6065.0,254.6,30,50,0,45.83
2210,2323.0,6066.0,334.89,0,0,0,60.28
2211,2327.0,6070.0,163.82,30,0,0,29.49
2212,2327.0,6071.0,342.04,0,0,0,61.57
2213,2327.0,6072.0,430.18,0,0,0,77.43
2214,2329.0,6074.0,98.99,30,50,0,17.82
2215,2330.0,6078.0,376.23,0,0,0,67.72
2216,2331.0,6080.0,317.54,0,0,0,57.16
2217,2332.0,6084.0,344.97,0,20,1,62.09
2218,2333.0,6088.0,228.2,30,20,0,41.08
2219,2333.0,6090.0,269.73,30,0,0,48.55
2220,2335.0,6096.0,468.74,0,0,0,84.37
2221,2336.0,6100.0,413.27,0,0,0,74.39
2222,2340.0,6103.0,309.16,0,0,0,55.65
2223,2342.0,6110.0,317.39,0,0,0,57.13
2224,2343.0,6113.0,355.81,0,0,0,64.05
2225,2344.0,6114.0,241.39,30,20,0,43.45
2226,2346.0,6117.0,410.01,0,50,0,73.8
2227,2346.0,6119.0,287.36,0,50,0,51.72
2228,2347.0,6123.0,290.49,0,20,0,52.29
2229,2350.0,6129.0,131.11,30,50,0,23.6
2230,2352.0,6130.0,353.08,0,20,0,63.55
2231,2353.0,6133.0,334.34,0,0,0,60.18
2232,2353.0,6134.0,284.43,30,0,0,51.2
2233,2355.0,6137.0,427.6,0,0,0,76.97
2234,2356.0,6141.0,512.29,0,0,0,92.21
2235,2357.0,6143.0,158.7,30,0,0,28.57
2236,2358.0,6146.0,312.94,0,50,0,56.33
2237,2359.0,6147.0,318.78,0,0,0,57.38
2238,2359.0,6149.0,138.49,30,20,0,24.93
2239,2360.0,6150.0,309.52,0,0,0,55.71
2240,2360.0,6153.0,337.01,0,20,0,60.66
2241,2361.0,6154.0,320.7,30,0,0,57.73
2242,2364.0,6158.0,306.8,0,20,0,55.22
2243,2364.0,6159.0,430.17,0,20,0,77.43
2244,2366.0,6161.0,301.5,0,0,0,54.27
2245,2370.0,6167.0,270.69,30,50,0,48.72
2246,2370.0,6168.0,207.42,30,50,0,37.34
2247,2371.0,6169.0,362.53,0,50,0,65.26
2248,2372.0,6171.0,328.72,30,0,0,59.17
2249,2372.0,6172.0,289.94,30,0,0,52.19
2250,2372.0,6174.0,200.61,30,0,0,36.11
2251,2375.0,6178.0,190.57,30,20,0,34.3
2252,2375.0,6180.0,365.22,0,0,0,65.74
2253,2377.0,6185.0,288.89,30,20,0,52.0
2254,2377.0,6187.0,322.44,0,20,0,58.04
2255,2377.0,6190.0,210.71,30,0,0,37.93
2256,2380.0,6198.0,249.14,30,20,0,44.85
2257,2380.0,6199.0,306.24,0,20,0,55.12
2258,2380.0,6200.0,296.68,30,0,0,53.4
2259,2383.0,6208.0,261.01,0,50,0,46.98
2260,2386.0,6216.0,343.96,0,20,0,61.91
2261,2392.0,6224.0,410.83,0,0,0,73.95
2262,2393.0,6225.0,387.44,0,50,0,69.74
2263,2394.0,6229.0,282.27,0,20,0,50.81
2264,2394.0,6230.0,343.12,0,50,0,61.76
2265,2396.0,6233.0,346.42,0,0,0,62.36
2266,2396.0,6235.0,399.32,0,0,0,71.88
2267,2396.0,6236.0,384.33,0,0,0,69.18
2268,2397.0,6237.0,274.17,30,50,0,49.35
2269,2399.0,6240.0,231.01,30,20,0,41.58
2270,2401.0,6243.0,140.01,30,50,0,25.2
2271,2402.0,6244.0,441.23,0,0,0,79.42
2272,2403.0,6250.0,434.84,0,0,0,78.27
2273,2405.0,6252.0,286.85,0,20,0,51.63
2274,2406.0,6254.0,262.83,30,50,0,47.31
2275,2407.0,6256.0,381.23,0,0,0,68.62
2276,2408.0,6258.0,299.35,0,0,0,53.88
2277,2408.0,6259.0,366.09,0,0,0,65.9
2278,2409.0,6260.0,372.93,0,0,0,67.13
2279,2409.0,6262.0,306.12,30,0,0,55.1
2280,2409.0,6264.0,359.07,0,50,0,64.63
2281,2412.0,6267.0,307.63,0,0,1,55.37
2282,2412.0,6268.0,301.25,30,0,0,54.22
2283,2414.0,6270.0,232.43,30,0,0,41.84
2284,2416.0,6273.0,322.76,30,0,0,58.1
2285,2416.0,6274.0,247.59,30,50,0,44.57
2286,2416.0,6276.0,459.47,0,20,0,82.7
2287,2416.0,6277.0,373.92,0,20,0,67.31
2288,2419.0,6279.0,299.11,0,0,0,53.84
2289,2419.0,6280.0,319.63,0,0,0,57.53
2290,2422.0,6284.0,212.7,30,20,0,38.29
2291,2423.0,6285.0,223.44,30,50,0,40.22
2292,2423.0,6287.0,364.33,0,0,0,65.58
2293,2426.0,6289.0,197.95,30,0,0,35.63
2294,2426.0,6290.0,443.7,0,20,0,79.87
2295,2426.0,6291.0,369.31,0,0,0,66.48
2296,2429.0,6294.0,323.2,0,20,0,58.18
2297,2429.0,6296.0,391.02,0,0,0,70.38
2298,2429.0,6297.0,352.05,0,0,0,63.37
2299,2431.0,6300.0,397.05,0,0,0,71.47
2300,2433.0,6304.0,293.06,0,50,0,52.75
2301,2433.0,6305.0,306.96,0,0,0,55.25
2302,2435.0,6308.0,454.42,0,20,0,81.8
2303,2438.0,6314.0,340.38,0,0,0,61.27
2304,2441.0,6324.0,376.01,0,0,0,67.68
2305,2443.0,6329.0,196.78,30,50,0,35.42
2306,2443.0,6331.0,371.14,0,20,0,66.81
2307,2443.0,6332.0,322.12,0,20,0,57.98
2308,2443.0,6334.0,306.44,0,50,0,55.16
2309,2444.0,6335.0,291.73,0,20,0,52.51
2310,2444.0,6339.0,403.42,0,50,0,72.62
2311,2445.0,6342.0,304.88,0,50,0,54.88
2312,2445.0,6343.0,275.6,30,0,0,49.61
2313,2446.0,6345.0,151.5,30,50,0,27.27
2314,2446.0,6346.0,331.73,0,0,0,59.71
2315,2447.0,6349.0,455.64,0,20,0,82.02
2316,2450.0,6355.0,253.75,30,0,0,45.68
2317,2452.0,6357.0,471.1,0,0,0,84.8
2318,2452.0,6359.0,259.46,30,50,0,46.7
2319,2453.0,6360.0,302.31,0,0,0,54.42
2320,2453.0,6361.0,372.7,0,0,0,67.09
2321,2455.0,6363.0,352.18,0,0,0,63.39
2322,2455.0,6364.0,462.31,0,50,0,83.22
2323,2455.0,6367.0,304.65,30,0,0,54.84
2324,2458.0,6373.0,365.52,0,0,0,65.79
2325,2458.0,6374.0,268.48,0,50,0,48.33
2326,2458.0,6375.0,301.53,0,20,0,54.28
2327,2458.0,6376.0,393.88,0,0,0,70.9
2328,2460.0,6381.0,261.0,0,50,0,46.98
2329,2461.0,6382.0,140.19,30,0,0,25.23
2330,2465.0,6391.0,249.07,0,50,0,44.83
2331,2468.0,6397.0,294.0,30,0,0,52.92
2332,2469.0,6398.0,293.1,30,20,0,52.76
2333,2470.0,6400.0,310.37,30,0,0,55.87
2334,2471.0,6401.0,183.38,30,0,0,33.01
2335,2471.0,6403.0,360.24,0,50,0,64.84
2336,2472.0,6405.0,557.82,0,0,0,100.41
2337,2472.0,6406.0,260.1,30,50,0,46.82
2338,2472.0,6407.0,330.16,0,0,0,59.43
2339,2472.0,6408.0,275.47,0,50,0,49.58
2340,2472.0,6411.0,432.78,0,0,0,77.9
2341,2475.0,6413.0,305.45,30,0,0,54.98
2342,2475.0,6414.0,326.86,30,0,0,58.83
2343,2475.0,6415.0,375.67,0,0,0,67.62
2344,2476.0,6416.0,208.8,30,50,0,37.58
2345,2477.0,6417.0,304.95,30,20,0,54.89
2346,2477.0,6421.0,321.02,0,20,1,57.78
2347,2478.0,6423.0,366.76,0,0,0,66.02
2348,2479.0,6426.0,256.22,0,50,0,46.12
2349,2484.0,6437.0,414.13,0,0,0,74.54
2350,2485.0,6440.0,233.69,30,50,0,42.06
2351,2485.0,6443.0,269.37,30,0,0,48.49
2352,2486.0,6445.0,305.44,0,0,0,54.98
2353,2486.0,6447.0,396.95,0,20,0,71.45
2354,2487.0,6448.0,271.16,0,50,0,48.81
2355,2487.0,6450.0,320.71,30,0,0,57.73
2356,2488.0,6451.0,380.58,0,20,0,68.5
2357,2490.0,6457.0,543.69,0,20,0,97.86
2358,2491.0,6458.0,406.49,0,20,0,73.17
2359,2491.0,6459.0,391.7,0,20,0,70.51
2360,2492.0,6464.0,306.6,0,0,0,55.19
2361,2492.0,6466.0,317.49,0,0,0,57.15
2362,2494.0,6470.0,265.23,30,50,0,47.74
2363,2494.0,6471.0,390.09,0,0,0,70.22
2364,2495.0,6474.0,528.81,0,0,0,95.19
2365,2498.0,6481.0,508.58,0,0,0,91.54
2366,2499.0,6483.0,332.54,0,0,0,59.86
2367,2503.0,6491.0,208.67,30,0,0,37.56
2368,2506.0,6501.0,339.18,0,50,0,61.05
2369,2508.0,6504.0,239.01,30,50,0,43.02
2370,2511.0,6512.0,372.5,0,50,0,67.05
2371,2511.0,6513.0,328.96,30,0,0,59.21
2372,2511.0,6514.0,361.12,0,0,0,65.0
2373,2511.0,6516.0,455.32,0,0,0,81.96
2374,2512.0,6520.0,358.06,0,0,0,64.45
2375,2512.0,6521.0,130.51,30,50,0,23.49
2376,2513.0,6522.0,494.5,0,0,0,89.01
2377,2516.0,6526.0,404.92,0,0,0,72.89
2378,2518.0,6531.0,417.39,0,20,0,75.13
2379,2519.0,6535.0,393.83,0,0,0,70.89
2380,2520.0,6538.0,352.57,0,0,0,63.46
2381,2520.0,6539.0,442.68,0,0,0,79.68
2382,2521.0,6540.0,435.02,0,20,0,78.3
2383,2521.0,6541.0,405.28,0,20,0,72.95
2384,2521.0,6543.0,302.74,30,0,0,54.49
2385,2522.0,6545.0,308.74,30,0,0,55.57
2386,2522.0,6546.0,299.52,0,20,0,53.91
2387,2523.0,6547.0,345.47,0,20,0,62.18
2388,2523.0,6548.0,303.56,0,0,0,54.64
2389,2523.0,6549.0,247.05,30,20,0,44.47
2390,2524.0,6550.0,457.56,0,50,0,82.36
2391,2524.0,6551.0,291.05,30,0,0,52.39
2392,2526.0,6556.0,313.02,30,0,0,56.34
2393,2528.0,6558.0,375.99,0,0,0,67.68
2394,2528.0,6563.0,322.49,30,0,0,58.05
2395,2528.0,6565.0,241.34,30,50,0,43.44
2396,2529.0,6566.0,278.89,30,0,0,50.2
2397,2530.0,6567.0,332.33,0,0,0,59.82
2398,2533.0,6569.0,414.52,0,0,0,74.61
2399,2538.0,6574.0,362.57,0,0,0,65.26
2400,2538.0,6575.0,314.06,0,50,0,56.53
2401,2542.0,6580.0,372.45,0,0,0,67.04
2402,2542.0,6581.0,197.92,30,50,0,35.63
2403,2548.0,6586.0,187.52,30,0,0,33.75
2404,2548.0,6589.0,240.46,30,0,0,43.28
2405,2548.0,6590.0,220.6,30,50,0,39.71
2406,2549.0,6591.0,241.71,30,0,0,43.51
2407,2552.0,6593.0,360.8,0,0,0,64.94
2408,2552.0,6594.0,251.56,30,0,0,45.28
2409,2554.0,6596.0,403.76,0,50,0,72.68
2410,2555.0,6597.0,447.7,0,50,0,80.59
2411,2556.0,6601.0,281.92,0,20,0,50.75
2412,2557.0,6605.0,392.29,0,0,0,70.61
2413,2558.0,6606.0,393.4,0,50,0,70.81
2414,2559.0,6608.0,386.79,0,0,0,69.62
2415,2560.0,6611.0,536.07,0,0,0,96.49
2416,2561.0,6612.0,255.55,0,50,0,46.0
2417,2563.0,6616.0,397.22,0,0,0,71.5
2418,2566.0,6622.0,421.84,0,50,0,75.93
2419,2566.0,6623.0,421.85,0,0,0,75.93
2420,2566.0,6624.0,298.68,0,20,0,53.76
2421,2568.0,6626.0,196.96,30,50,0,35.45
2422,2570.0,6630.0,428.37,0,0,0,77.11
2423,2570.0,6631.0,290.33,0,20,0,52.26
2424,2572.0,6636.0,143.55,30,0,0,25.84
2425,2572.0,6637.0,246.27,30,50,0,44.33
2426,2572.0,6638.0,401.59,0,50,0,72.29
2427,2573.0,6640.0,380.43,0,20,0,68.48
2428,2575.0,6646.0,340.96,0,0,0,61.37
2429,2575.0,6647.0,412.55,0,20,0,74.26
2430,2575.0,6648.0,386.6,0,50,0,69.59
2431,2577.0,6652.0,161.86,30,0,0,29.13
2432,2579.0,6657.0,302.11,30,0,0,54.38
2433,2584.0,6668.0,244.83,30,50,0,44.07
2434,2585.0,6674.0,357.77,0,50,0,64.4
2435,2586.0,6675.0,295.93,0,20,0,53.27
2436,2586.0,6677.0,366.13,0,20,0,65.9
2437,2590.0,6680.0,355.25,0,0,0,63.94
2438,2590.0,6682.0,344.03,0,20,0,61.93
2439,2592.0,6684.0,324.63,0,50,0,58.43
2440,2595.0,6692.0,203.34,30,20,0,36.6
2441,2597.0,6698.0,416.8,0,0,0,75.02
2442,2599.0,6702.0,291.53,30,0,0,52.48
2443,2599.0,6703.0,432.01,0,0,0,77.76
2444,2602.0,6707.0,157.33,30,50,0,28.32
2445,2605.0,6718.0,375.51,0,50,0,67.59
2446,2605.0,6719.0,253.26,30,0,0,45.59
2447,2606.0,6720.0,188.25,30,0,0,33.88
2448,2608.0,6723.0,327.89,0,0,1,59.02
2449,2609.0,6728.0,442.91,0,20,0,79.72
2450,2613.0,6737.0,371.16,0,20,0,66.81
2451,2615.0,6740.0,289.54,30,0,0,52.12
2452,2616.0,6745.0,434.05,0,0,0,78.13
2453,2619.0,6748.0,187.78,30,50,0,33.8
2454,2619.0,6749.0,294.2,30,0,0,52.96
2455,2620.0,6753.0,484.71,0,0,0,87.25
2456,2621.0,6755.0,416.61,0,20,0,74.99
2457,2621.0,6756.0,429.91,0,50,0,77.38
2458,2623.0,6759.0,226.69,30,50,0,40.8
2459,2624.0,6761.0,286.78,30,20,0,51.62
2460,2624.0,6763.0,160.77,30,50,0,28.94
2461,2625.0,6766.0,422.37,0,0,0,76.03
2462,2626.0,6768.0,311.38,0,50,0,56.05
2463,2626.0,6772.0,253.56,0,50,0,45.64
2464,2628.0,6776.0,246.97,30,20,0,44.45
2465,2629.0,6777.0,310.57,30,0,1,55.9
2466,2629.0,6778.0,414.07,0,0,0,74.53
2467,2630.0,6781.0,373.29,0,20,0,67.19
2468,2631.0,6783.0,374.73,0,0,0,67.45
2469,2633.0,6786.0,260.76,0,50,0,46.94
2470,2634.0,6792.0,327.54,0,0,0,58.96
2471,2636.0,6794.0,256.61,30,0,0,46.19
2472,2637.0,6795.0,202.79,30,0,0,36.5
2473,2637.0,6797.0,321.4,0,0,0,57.85
2474,2637.0,6798.0,369.04,0,0,0,66.43
2475,2637.0,6800.0,356.6,0,50,0,64.19
2476,2638.0,6801.0,318.89,0,0,0,57.4
2477,2639.0,6802.0,460.85,0,20,0,82.95
2478,2640.0,6804.0,244.36,30,20,0,43.98
2479,2641.0,6808.0,189.29,30,0,0,34.07
2480,2641.0,6810.0,315.24,0,20,0,56.74
2481,2642.0,6813.0,271.59,0,50,0,48.89
2482,2642.0,6814.0,276.59,0,50,0,49.79
2483,2643.0,6817.0,251.14,30,0,0,45.21
2484,2649.0,6821.0,290.97,0,50,0,52.37
2485,2651.0,6826.0,262.68,30,50,0,47.28
2486,2653.0,6829.0,284.84,0,50,0,51.27
2487,2655.0,6837.0,373.08,0,20,0,67.15
2488,2656.0,6838.0,405.79,0,0,0,73.04
2489,2657.0,6842.0,354.29,0,20,0,63.77
2490,2657.0,6844.0,313.27,0,20,0,56.39
2491,2657.0,6847.0,281.92,30,0,0,50.75
2492,2658.0,6848.0,364.57,0,0,0,65.62
2493,2658.0,6849.0,326.86,0,50,0,58.83
2494,2658.0,6854.0,416.62,0,0,0,74.99
2495,2659.0,6857.0,378.5,0,0,0,68.13
2496,2660.0,6858.0,197.5,30,0,0,35.55
2497,2660.0,6859.0,317.7,0,0,0,57.19
2498,2663.0,6869.0,427.09,0,20,0,76.88
2499,2663.0,6874.0,370.44,0,20,0,66.68
2500,2664.0,6875.0,401.1,0,0,0,72.2
2501,2665.0,6877.0,325.88,30,0,0,58.66
2502,2665.0,6878.0,454.22,0,0,0,81.76
2503,2667.0,6881.0,202.56,30,50,0,36.46
2504,2668.0,6882.0,372.14,0,20,0,66.99
2505,2668.0,6884.0,404.84,0,20,0,72.87
2506,2669.0,6887.0,308.11,0,0,0,55.46
2507,2671.0,6889.0,341.83,0,0,0,61.53
2508,2671.0,6890.0,304.68,30,20,0,54.84
2509,2672.0,6891.0,313.97,0,0,0,56.51
2510,2672.0,6892.0,136.5,30,0,0,24.57
2511,2676.0,6899.0,393.33,0,0,0,70.8
2512,2678.0,6904.0,338.17,0,0,1,60.87
2513,2678.0,6905.0,342.6,0,20,0,61.67
2514,2679.0,6906.0,289.64,30,0,0,52.14
2515,2679.0,6907.0,224.71,30,50,0,40.45
2516,2679.0,6908.0,297.74,30,0,0,53.59
2517,2680.0,6910.0,326.25,0,0,0,58.72
2518,2680.0,6913.0,248.92,30,0,0,44.81
2519,2680.0,6914.0,279.9,30,20,0,50.38
2520,2685.0,6926.0,472.46,0,0,0,85.04
2521,2687.0,6928.0,313.36,0,50,0,56.4
2522,2688.0,6930.0,342.15,0,0,0,61.59
2523,2688.0,6931.0,255.67,30,0,0,46.02
2524,2689.0,6935.0,537.8,0,20,0,96.8
2525,2691.0,6938.0,292.72,0,20,0,52.69
2526,2691.0,6939.0,342.0,0,0,0,61.56
2527,2693.0,6943.0,297.96,30,0,0,53.63
2528,2694.0,6951.0,331.25,0,20,0,59.62
2529,2694.0,6952.0,416.69,0,20,0,75.0
2530,2694.0,6954.0,368.22,0,0,0,66.28
2531,2695.0,6958.0,295.09,30,0,0,53.12
2532,2695.0,6961.0,206.34,30,20,0,37.14
2533,2696.0,6962.0,247.57,30,0,0,44.56
2534,2696.0,6963.0,336.43,0,0,0,60.56
2535,2696.0,6964.0,251.71,30,0,0,45.31
2536,2698.0,6969.0,359.73,0,0,0,64.75
2537,2699.0,6974.0,375.79,0,50,0,67.64
2538,2699.0,6975.0,208.32,30,0,1,37.5
2539,2700.0,6977.0,367.56,0,20,0,66.16
2540,2700.0,6979.0,237.15,30,0,0,42.69
2541,2703.0,6983.0,186.17,30,50,0,33.51
2542,2703.0,6984.0,634.15,0,20,0,114.15
2543,2704.0,6985.0,376.16,0,50,0,67.71
2544,2705.0,6989.0,395.3,0,0,0,71.15
2545,2706.0,6991.0,303.64,30,0,0,54.66
2546,2709.0,6992.0,185.56,30,0,0,33.4
2547,2710.0,6995.0,360.67,0,0,0,64.92
2548,2711.0,6997.0,214.98,30,50,0,38.7
2549,2712.0,6999.0,417.56,0,0,0,75.16
2550,2713.0,7002.0,278.3,0,50,0,50.09
2551,2713.0,7003.0,472.77,0,0,0,85.1
2552,2717.0,7010.0,156.69,30,20,0,28.2
2553,2718.0,7013.0,538.68,0,20,0,96.96
2554,2718.0,7014.0,346.2,0,0,0,62.32
2555,2718.0,7016.0,454.04,0,20,0,81.73
2556,2720.0,7022.0,351.98,0,0,0,63.36
2557,2721.0,7025.0,326.97,0,0,0,58.85
2558,2721.0,7026.0,420.83,0,0,0,75.75
2559,2722.0,7027.0,304.62,30,20,0,54.83
2560,2722.0,7031.0,289.74,30,0,0,52.15
2561,2722.0,7032.0,323.32,30,0,0,58.2
2562,2724.0,7034.0,302.32,0,0,0,54.42
2563,2724.0,7035.0,266.7,30,50,0,48.01
2564,2725.0,7037.0,404.0,0,0,0,72.72
2565,2727.0,7040.0,104.92,30,0,0,18.89
2566,2729.0,7041.0,279.0,0,20,0,50.22
2567,2730.0,7042.0,275.88,0,50,0,49.66
2568,2733.0,7044.0,391.74,0,0,0,70.51
2569,2733.0,7048.0,338.18,0,0,0,60.87
2570,2735.0,7054.0,447.12,0,0,0,80.48
2571,2735.0,7055.0,252.91,30,0,0,45.52
2572,2735.0,7058.0,275.12,30,50,0,49.52
2573,2737.0,7061.0,313.05,0,50,0,56.35
2574,2738.0,7066.0,354.71,0,20,0,63.85
2575,2742.0,7072.0,338.79,0,0,0,60.98
2576,2743.0,7075.0,366.86,0,0,0,66.03
2577,2745.0,7083.0,253.39,30,20,0,45.61
2578,2749.0,7089.0,332.95,0,0,0,59.93
2579,2750.0,7090.0,441.37,0,0,0,79.45
2580,2750.0,7092.0,322.7,30,0,0,58.09
2581,2755.0,7099.0,351.75,0,0,0,63.32
2582,2756.0,7102.0,277.26,30,0,0,49.91
2583,2757.0,7103.0,198.06,30,0,0,35.65
2584,2757.0,7108.0,280.26,0,20,0,50.45
2585,2759.0,7109.0,350.11,0,0,0,63.02
2586,2759.0,7110.0,307.2,0,0,0,55.3
2587,2759.0,7113.0,296.46,30,0,0,53.36
2588,2761.0,7115.0,199.61,30,0,0,35.93
2589,2762.0,7116.0,153.28,30,50,0,27.59
2590,2762.0,7118.0,268.25,30,50,1,48.28
2591,2766.0,7122.0,286.03,30,0,0,51.49
2592,2769.0,7133.0,262.34,30,0,0,47.22
2593,2769.0,7134.0,109.26,30,0,0,19.67
2594,2770.0,7136.0,304.15,30,0,0,54.75
2595,2772.0,7140.0,354.99,0,0,0,63.9
2596,2772.0,7141.0,233.05,30,0,0,41.95
2597,2772.0,7144.0,195.05,30,20,0,35.11
2598,2776.0,7152.0,410.78,0,20,0,73.94
2599,2777.0,7153.0,398.67,0,0,0,71.76
2600,2777.0,7154.0,391.76,0,0,0,70.52
2601,2777.0,7155.0,313.69,30,0,0,56.46
2602,2777.0,7156.0,250.15,30,50,0,45.03
2603,2778.0,7160.0,96.85,30,0,0,17.43
2604,2778.0,7162.0,407.62,0,0,0,73.37
2605,2778.0,7163.0,299.75,0,50,0,53.96
2606,2780.0,7164.0,498.1,0,0,0,89.66
2607,2780.0,7167.0,319.4,0,0,0,57.49
2608,2782.0,7171.0,165.52,30,50,0,29.79
2609,2785.0,7176.0,442.99,0,0,0,79.74
2610,2790.0,7184.0,551.12,0,0,0,99.2
2611,2790.0,7186.0,398.82,0,50,0,71.79
2612,2791.0,7189.0,305.62,30,0,0,55.01
2613,2791.0,7190.0,381.85,0,0,0,68.73
2614,2794.0,7193.0,281.59,30,0,0,50.69
2615,2796.0,7194.0,269.79,0,50,0,48.56
2616,2796.0,7195.0,326.94,0,0,0,58.85
2617,2796.0,7197.0,376.61,0,0,0,67.79
2618,2796.0,7198.0,412.29,0,0,0,74.21
2619,2798.0,7203.0,321.94,30,0,0,57.95
2620,2798.0,7205.0,241.4,30,0,0,43.45
2621,2799.0,7209.0,330.31,0,50,0,59.46
2622,2799.0,7210.0,368.24,0,0,0,66.28
2623,2800.0,7211.0,480.8,0,0,0,86.54
2624,2800.0,7213.0,311.25,30,0,0,56.02
2625,2800.0,7216.0,392.05,0,20,0,70.57
2626,2803.0,7221.0,321.22,30,0,0,57.82
2627,2803.0,7222.0,289.5,0,20,0,52.11
2628,2803.0,7224.0,267.07,30,0,0,48.07
2629,2804.0,7227.0,299.27,0,0,0,53.87
2630,2806.0,7232.0,224.59,30,20,1,40.43
2631,2806.0,7233.0,426.8,0,0,0,76.82
2632,2808.0,7236.0,343.01,0,50,0,61.74
2633,2808.0,7237.0,438.68,0,20,0,78.96
2634,2811.0,7242.0,381.71,0,0,0,68.71
2635,2813.0,7247.0,327.91,0,0,0,59.02
2636,2815.0,7249.0,193.32,30,0,0,34.8
2637,2816.0,7253.0,530.92,0,0,0,95.57
2638,2816.0,7254.0,422.84,0,20,0,76.11
2639,2821.0,7264.0,389.81,0,0,0,70.17
2640,2824.0,7269.0,454.7,0,0,0,81.85
2641,2824.0,7271.0,335.29,0,50,0,60.35
2642,2825.0,7272.0,318.28,0,0,0,57.29
2643,2825.0,7275.0,348.44,0,0,0,62.72
2644,2826.0,7276.0,231.35,30,20,0,41.64
2645,2826.0,7277.0,355.36,0,20,0,63.96
2646,2826.0,7278.0,336.38,0,0,0,60.55
2647,2827.0,7279.0,441.59,0,0,0,79.49
2648,2827.0,7280.0,282.34,0,20,0,50.82
2649,2832.0,7292.0,373.27,0,0,0,67.19
2650,2835.0,7294.0,303.67,30,0,0,54.66
2651,2835.0,7295.0,367.05,0,20,0,66.07
2652,2839.0,7301.0,311.81,30,0,0,56.13
2653,2840.0,7302.0,203.37,30,0,0,36.61
2654,2841.0,7305.0,280.45,30,0,0,50.48
2655,2843.0,7312.0,235.03,30,20,0,42.31
2656,2844.0,7313.0,301.37,0,0,0,54.25
2657,2846.0,7319.0,367.5,0,50,0,66.15
2658,2848.0,7323.0,318.87,30,0,0,57.4
2659,2851.0,7330.0,219.53,30,20,0,39.52
2660,2855.0,7341.0,301.59,0,0,0,54.29
2661,2857.0,7343.0,286.6,30,0,0,51.59
2662,2857.0,7345.0,178.13,30,50,0,32.06
2663,2858.0,7347.0,285.02,30,0,0,51.3
2664,2858.0,7348.0,323.19,30,0,0,58.17
2665,2860.0,7350.0,345.49,0,0,0,62.19
2666,2861.0,7353.0,154.94,30,50,0,27.89
2667,2863.0,7358.0,253.84,30,50,0,45.69
2668,2864.0,7360.0,343.32,0,0,0,61.8
2669,2864.0,7361.0,277.48,30,20,0,49.95
2670,2866.0,7366.0,399.38,0,0,0,71.89
2671,2867.0,7369.0,358.56,0,0,0,64.54
2672,2868.0,7374.0,221.99,30,50,0,39.96
2673,2870.0,7377.0,463.61,0,20,0,83.45
2674,2871.0,7379.0,260.28,30,50,0,46.85
2675,2871.0,7381.0,250.54,30,50,0,45.1
2676,2872.0,7385.0,323.04,0,0,0,58.15
2677,2872.0,7386.0,279.04,30,0,0,50.23
2678,2873.0,7387.0,415.15,0,0,1,74.73
2679,2874.0,7391.0,377.72,0,0,1,67.99
2680,2877.0,7397.0,332.76,0,0,0,59.9
2681,2877.0,7398.0,195.82,30,0,0,35.25
2682,2877.0,7400.0,353.71,0,0,0,63.67
2683,2879.0,7406.0,274.9,30,0,0,49.48
2684,2879.0,7407.0,351.24,0,0,0,63.22
2685,2883.0,7414.0,271.85,30,0,0,48.93
2686,2883.0,7415.0,436.36,0,0,0,78.54
2687,2886.0,7420.0,220.7,30,0,0,39.73
2688,2887.0,7422.0,315.14,0,0,0,56.73
2689,2888.0,7424.0,242.14,30,0,0,43.59
2690,2888.0,7426.0,268.79,30,0,0,48.38
2691,2888.0,7427.0,470.55,0,0,0,84.7
2692,2890.0,7429.0,318.01,0,50,0,57.24
2693,2890.0,7430.0,332.66,0,0,0,59.88
2694,2891.0,7432.0,375.58,0,0,0,67.6
2695,2891.0,7433.0,390.17,0,50,0,70.23
2696,2893.0,7436.0,176.25,30,20,0,31.72
2697,2893.0,7438.0,361.26,0,50,0,65.03
2698,2895.0,7439.0,316.66,0,50,0,57.0
2699,2895.0,7440.0,174.49,30,0,0,31.41
2700,2896.0,7441.0,360.2,0,20,0,64.84
2701,2896.0,7442.0,203.69,30,50,0,36.66
2702,2897.0,7446.0,452.52,0,0,0,81.45
2703,2897.0,7448.0,359.66,0,0,0,64.74
2704,2898.0,7449.0,311.39,0,0,0,56.05
2705,2898.0,7452.0,182.22,30,50,0,32.8
2706,2900.0,7459.0,325.76,30,0,0,58.64
2707,2901.0,7461.0,375.11,0,0,0,67.52
2708,2902.0,7462.0,231.35,30,0,0,41.64
2709,2902.0,7463.0,275.35,30,0,0,49.56
2710,2903.0,7464.0,264.49,30,0,0,47.61
2711,2903.0,7465.0,308.01,30,0,0,55.44
2712,2904.0,7468.0,280.46,30,20,0,50.48
2713,2904.0,7469.0,290.93,30,0,0,52.37
2714,2905.0,7470.0,273.22,0,50,0,49.18
2715,2907.0,7474.0,444.15,0,0,0,79.95
2716,2909.0,7477.0,320.47,0,0,1,57.68
2717,2909.0,7478.0,454.9,0,0,0,81.88
2718,2910.0,7480.0,295.94,0,20,0,53.27
2719,2910.0,7481.0,434.84,0,0,0,78.27
2720,2910.0,7483.0,328.09,30,0,0,59.06
2721,2910.0,7484.0,358.19,0,0,0,64.47
2722,2911.0,7486.0,338.12,0,20,0,60.86
2723,2911.0,7487.0,305.56,30,0,0,55.0
2724,2913.0,7497.0,352.19,0,0,0,63.39
2725,2913.0,7500.0,235.31,30,50,0,42.36
2726,2913.0,7501.0,311.73,30,0,0,56.11
2727,2913.0,7502.0,329.73,0,50,0,59.35
2728,2916.0,7507.0,290.52,0,20,0,52.29
2729,2918.0,7512.0,303.68,30,0,0,54.66
2730,2918.0,7513.0,300.66,0,0,0,54.12
2731,2918.0,7514.0,518.25,0,0,0,93.28
2732,2919.0,7519.0,373.84,0,20,0,67.29
2733,2922.0,7524.0,363.24,0,0,0,65.38
2734,2923.0,7525.0,265.8,30,50,0,47.84
2735,2923.0,7527.0,214.96,30,0,0,38.69
2736,2925.0,7530.0,255.33,30,0,0,45.96
2737,2926.0,7533.0,305.53,0,20,0,55.0
2738,2928.0,7538.0,376.0,0,0,0,67.68
2739,2928.0,7539.0,428.93,0,0,0,77.21
2740,2930.0,7543.0,380.54,0,0,0,68.5
2741,2930.0,7545.0,390.61,0,50,0,70.31
2742,2931.0,7546.0,239.19,30,0,0,43.05
2743,2932.0,7552.0,249.43,0,50,0,44.9
2744,2935.0,7560.0,324.62,30,0,0,58.43
2745,2935.0,7562.0,372.63,0,20,0,67.07
2746,2935.0,7564.0,328.8,30,0,1,59.18
2747,2939.0,7568.0,302.02,0,0,0,54.36
2748,2940.0,7571.0,245.61,30,0,0,44.21
2749,2940.0,7572.0,296.57,30,0,0,53.38
2750,2941.0,7573.0,373.39,0,0,0,67.21
2751,2941.0,7576.0,411.5,0,0,0,74.07
2752,2942.0,7577.0,310.84,30,0,0,55.95
2753,2943.0,7578.0,224.63,30,0,0,40.43
2754,2943.0,7580.0,312.66,30,0,0,56.28
2755,2944.0,7581.0,314.53,0,0,0,56.62
2756,2944.0,7582.0,273.09,30,0,0,49.16
2757,2944.0,7584.0,393.62,0,0,0,70.85
2758,2945.0,7586.0,328.73,0,0,0,59.17
2759,2950.0,7599.0,451.64,0,0,0,81.3
2760,2951.0,7601.0,279.68,30,0,0,50.34
2761,2951.0,7603.0,357.96,0,0,0,64.43
2762,2952.0,7608.0,303.72,0,50,0,54.67
2763,2953.0,7613.0,345.45,0,50,0,62.18
2764,2954.0,7617.0,260.36,30,0,0,46.86
2765,2954.0,7618.0,327.31,30,0,0,58.92
2766,2961.0,7635.0,476.51,0,0,0,85.77
2767,2963.0,7640.0,311.14,30,0,0,56.01
2768,2964.0,7644.0,355.61,0,0,0,64.01
2769,2964.0,7645.0,382.27,0,50,0,68.81
2770,2965.0,7647.0,206.99,30,20,0,37.26
2771,2967.0,7656.0,268.62,30,0,0,48.35
2772,2969.0,7658.0,365.9,0,0,0,65.86
2773,2972.0,7661.0,378.72,0,0,0,68.17
2774,2972.0,7662.0,402.81,0,20,0,72.51
2775,2973.0,7666.0,237.06,30,50,0,42.67
2776,2975.0,7670.0,294.53,30,20,0,53.02
2777,2977.0,7674.0,295.11,0,20,1,53.12
2778,2977.0,7677.0,393.78,0,0,0,70.88
2779,2978.0,7680.0,304.42,30,0,0,54.8
2780,2978.0,7682.0,370.05,0,0,0,66.61
2781,2979.0,7683.0,375.06,0,0,0,67.51
2782,2979.0,7684.0,481.23,0,0,0,86.62
2783,2979.0,7687.0,336.82,0,0,0,60.63
2784,2980.0,7690.0,292.85,0,20,0,52.71
2785,2982.0,7693.0,327.78,0,0,0,59.0
2786,2984.0,7698.0,362.98,0,0,0,65.34
2787,2985.0,7699.0,349.43,0,50,0,62.9
2788,2985.0,7700.0,332.97,0,50,0,59.93
2789,2985.0,7703.0,249.88,30,0,0,44.98
2790,2986.0,7705.0,260.43,30,20,0,46.88
2791,2987.0,7707.0,439.62,0,0,0,79.13
2792,2987.0,7708.0,315.66,0,0,0,56.82
2793,2988.0,7711.0,312.51,0,20,0,56.25
2794,2988.0,7713.0,354.64,0,0,0,63.84
2795,2989.0,7714.0,92.66,30,0,0,16.68
2796,2990.0,7715.0,251.0,30,0,0,45.18
2797,2990.0,7718.0,461.74,0,0,0,83.11
2798,2990.0,7719.0,344.94,0,0,0,62.09
2799,2991.0,7721.0,255.06,30,0,0,45.91
2800,2992.0,7723.0,269.7,30,0,0,48.55
2801,2994.0,7727.0,358.29,0,0,0,64.49
2802,2995.0,7729.0,337.85,0,50,0,60.81
2803,2999.0,7742.0,251.62,30,0,0,45.29
2804,3000.0,7743.0,423.55,0,50,0,76.24
2805,3000.0,7744.0,315.36,0,0,0,56.76
2806,3002.0,7749.0,343.16,0,0,0,61.77
2807,3002.0,7750.0,380.61,0,0,0,68.51
2808,3004.0,7753.0,463.57,0,0,0,83.44
2809,3006.0,7755.0,406.56,0,20,0,73.18
2810,3009.0,7764.0,280.63,30,0,0,50.51
2811,3009.0,7766.0,285.34,30,0,0,51.36
2812,3011.0,7767.0,314.16,0,20,0,56.55
2813,3012.0,7774.0,243.16,30,20,0,43.77
2814,3014.0,7780.0,307.35,0,0,0,55.32
2815,3016.0,7781.0,262.0,30,0,0,47.16
2816,3019.0,7784.0,359.12,0,0,0,64.64
2817,3020.0,7785.0,390.59,0,0,0,70.31
2818,3022.0,7789.0,387.67,0,0,0,69.78
2819,3023.0,7790.0,257.64,0,50,0,46.38
2820,3023.0,7793.0,369.26,0,0,0,66.47
2821,3024.0,7795.0,338.67,0,0,0,60.96
2822,3024.0,7796.0,319.55,0,0,0,57.52
2823,3024.0,7797.0,367.58,0,0,0,66.16
2824,3025.0,7798.0,451.18,0,20,0,81.21
2825,3026.0,7801.0,231.22,30,0,0,41.62
2826,3027.0,7804.0,345.31,0,50,0,62.16
2827,3027.0,7806.0,265.9,30,0,0,47.86
2828,3027.0,7807.0,327.4,0,0,0,58.93
2829,3028.0,7810.0,219.78,30,20,0,39.56
2830,3028.0,7812.0,390.83,0,0,0,70.35
2831,3029.0,7813.0,379.28,0,0,0,68.27
2832,3029.0,7814.0,352.24,0,50,0,63.4
2833,3033.0,7821.0,274.27,30,0,0,49.37
2834,3033.0,7822.0,310.7,0,20,1,55.93
2835,3037.0,7824.0,264.27,30,0,0,47.57
2836,3039.0,7829.0,367.61,0,20,0,66.17
2837,3042.0,7833.0,274.82,30,0,0,49.47
2838,3043.0,7839.0,339.19,0,0,0,61.05
2839,3043.0,7840.0,296.59,30,0,0,53.39
2840,3045.0,7842.0,315.04,0,0,0,56.71
2841,3046.0,7844.0,298.36,0,20,0,53.7
2842,3046.0,7845.0,374.28,0,0,0,67.37
2843,3047.0,7846.0,396.43,0,20,0,71.36
2844,3047.0,7847.0,338.18,0,0,0,60.87
2845,3047.0,7852.0,320.67,0,0,0,57.72
2846,3048.0,7857.0,369.91,0,20,0,66.58
2847,3048.0,7863.0,225.96,30,20,0,40.67
2848,3050.0,7868.0,318.68,0,50,0,57.36
2849,3050.0,7871.0,376.68,0,0,0,67.8
2850,3051.0,7873.0,237.96,30,0,0,42.83
2851,3055.0,7881.0,222.06,30,20,0,39.97
2852,3055.0,7883.0,196.66,30,20,0,35.4
2853,3055.0,7884.0,248.2,30,20,0,44.68
2854,3056.0,7887.0,399.67,0,0,0,71.94
2855,3058.0,7890.0,372.33,0,0,0,67.02
2856,3058.0,7892.0,141.87,30,0,0,25.54
2857,3060.0,7895.0,195.19,30,50,0,35.13
2858,3060.0,7896.0,328.36,0,50,0,59.1
2859,3062.0,7899.0,274.52,30,50,0,49.41
2860,3063.0,7902.0,441.71,0,0,0,79.51
2861,3063.0,7903.0,475.27,0,50,0,85.55
2862,3065.0,7906.0,269.64,30,50,0,48.54
2863,3066.0,7909.0,267.39,30,0,0,48.13
2864,3067.0,7911.0,234.76,30,20,0,42.26
2865,3068.0,7913.0,305.79,30,0,0,55.04
2866,3069.0,7915.0,273.81,30,0,0,49.29
2867,3070.0,7917.0,292.98,30,20,0,52.74
2868,3073.0,7920.0,246.87,30,0,0,44.44
2869,3074.0,7921.0,475.37,0,0,0,85.57
2870,3074.0,7923.0,303.79,30,20,0,54.68
2871,3075.0,7927.0,441.17,0,0,1,79.41
2872,3076.0,7932.0,342.23,0,20,0,61.6
2873,3080.0,7938.0,357.4,0,0,0,64.33
2874,3081.0,7939.0,260.15,30,0,0,46.83
2875,3082.0,7941.0,195.16,30,0,0,35.13
2876,3084.0,7948.0,424.71,0,0,0,76.45
2877,3084.0,7950.0,319.07,30,0,0,57.43
2878,3086.0,7952.0,345.23,0,0,0,62.14
2879,3086.0,7953.0,319.23,0,0,0,57.46
2880,3086.0,7955.0,400.2,0,0,0,72.04
2881,3087.0,7958.0,280.0,0,50,0,50.4
2882,3087.0,7961.0,273.01,30,20,0,49.14
2883,3088.0,7964.0,223.06,30,0,0,40.15
2884,3088.0,7966.0,304.27,0,0,0,54.77
2885,3092.0,7971.0,383.29,0,0,0,68.99
2886,3093.0,7973.0,308.92,0,20,0,55.61
2887,3093.0,7977.0,300.89,0,20,0,54.16
2888,3095.0,7983.0,317.12,30,0,0,57.08
2889,3096.0,7984.0,375.78,0,0,0,67.64
2890,3096.0,7985.0,445.95,0,0,0,80.27
2891,3097.0,7987.0,317.47,0,0,0,57.14
2892,3100.0,7992.0,279.59,0,20,0,50.33
2893,3103.0,8000.0,211.02,30,0,0,37.98
2894,3103.0,8001.0,317.74,0,0,0,57.19
2895,3105.0,8003.0,237.98,30,20,0,42.84
2896,3107.0,8004.0,252.13,0,50,0,45.38
2897,3107.0,8006.0,553.82,0,0,0,99.69
2898,3108.0,8007.0,343.44,0,20,0,61.82
2899,3108.0,8009.0,369.27,0,0,0,66.47
2900,3109.0,8010.0,284.95,30,0,0,51.29
2901,3109.0,8012.0,450.49,0,0,0,81.09
2902,3111.0,8016.0,191.54,30,50,0,34.48
2903,3113.0,8024.0,195.96,30,0,0,35.27
2904,3116.0,8029.0,301.99,0,0,0,54.36
2905,3117.0,8033.0,365.32,0,0,0,65.76
2906,3118.0,8036.0,314.56,30,0,0,56.62
2907,3118.0,8037.0,313.38,0,50,0,56.41
2908,3119.0,8040.0,386.8,0,0,0,69.62
2909,3119.0,8042.0,301.64,30,20,0,54.3
2910,3122.0,8049.0,249.02,30,0,0,44.82
2911,3124.0,8054.0,282.05,0,20,0,50.77
2912,3124.0,8055.0,299.41,0,0,0,53.89
2913,3124.0,8056.0,440.92,0,0,0,79.37
2914,3126.0,8059.0,290.34,30,0,0,52.26
2915,3130.0,8069.0,441.89,0,0,0,79.54
2916,3133.0,8082.0,372.43,0,0,0,67.04
2917,3135.0,8086.0,301.74,30,0,0,54.31
2918,3136.0,8088.0,199.5,30,0,0,35.91
2919,3136.0,8090.0,447.96,0,0,0,80.63
2920,3136.0,8091.0,332.12,0,0,0,59.78
2921,3137.0,8096.0,248.81,30,0,0,44.79
2922,3138.0,8101.0,225.31,30,0,0,40.56
2923,3138.0,8102.0,160.75,30,0,0,28.94
2924,3138.0,8103.0,289.57,30,0,0,52.12
2925,3138.0,8104.0,247.76,30,0,0,44.6
2926,3139.0,8106.0,253.92,30,50,0,45.71
2927,3142.0,8112.0,369.28,0,20,0,66.47
2928,3144.0,8119.0,338.81,0,0,0,60.99
2929,3144.0,8120.0,322.47,30,0,0,58.04
2930,3148.0,8127.0,352.79,0,0,0,63.5
2931,3149.0,8130.0,515.76,0,0,0,92.84
2932,3151.0,8135.0,273.0,0,50,0,49.14
2933,3154.0,8139.0,245.05,30,0,0,44.11
2934,3154.0,8140.0,325.87,30,0,0,58.66
2935,3156.0,8147.0,302.52,0,20,0,54.45
2936,3157.0,8148.0,261.57,0,50,0,47.08
2937,3158.0,8153.0,462.75,0,0,0,83.3
2938,3159.0,8155.0,281.85,0,50,0,50.73
2939,3161.0,8159.0,377.35,0,20,0,67.92
2940,3161.0,8160.0,191.35,30,50,0,34.44
2941,3161.0,8161.0,456.42,0,0,0,82.16
2942,3161.0,8162.0,433.19,0,0,0,77.97
2943,3164.0,8167.0,316.98,30,0,0,57.06
2944,3167.0,8168.0,298.82,0,50,0,53.79
2945,3167.0,8170.0,316.03,30,0,0,56.89
2946,3167.0,8171.0,461.64,0,0,0,83.1
2947,3168.0,8174.0,258.54,30,50,0,46.54
2948,3169.0,8176.0,330.89,0,0,0,59.56
2949,3170.0,8178.0,258.8,30,20,0,46.58
2950,3171.0,8182.0,328.06,30,0,0,59.05
2951,3173.0,8188.0,314.49,0,0,0,56.61
2952,3174.0,8190.0,327.28,30,0,1,58.91
2953,3174.0,8191.0,262.27,30,50,0,47.21
2954,3175.0,8194.0,220.35,30,0,0,39.66
2955,3178.0,8198.0,390.67,0,20,0,70.32
2956,3178.0,8199.0,362.48,0,0,0,65.25
2957,3180.0,8201.0,291.53,0,20,0,52.48
2958,3180.0,8202.0,455.63,0,0,0,82.01
2959,3182.0,8207.0,354.83,0,0,0,63.87
2960,3186.0,8216.0,438.9,0,0,0,79.0
2961,3187.0,8218.0,359.43,0,0,0,64.7
2962,3187.0,8219.0,282.01,30,20,0,50.76
2963,3189.0,8222.0,429.91,0,0,0,77.38
2964,3189.0,8227.0,344.93,0,0,0,62.09
2965,3190.0,8230.0,299.38,0,0,0,53.89
2966,3191.0,8232.0,300.96,30,0,0,54.17
2967,3191.0,8233.0,268.02,30,50,0,48.24
2968,3191.0,8235.0,419.62,0,0,0,75.53
2969,3191.0,8236.0,257.14,30,0,0,46.29
2970,3193.0,8238.0,300.75,30,0,0,54.14
2971,3193.0,8240.0,298.12,0,50,0,53.66
2972,3194.0,8243.0,444.33,0,0,0,79.98
2973,3194.0,8244.0,311.27,0,20,0,56.03
2974,3196.0,8247.0,313.03,0,20,0,56.35
2975,3196.0,8249.0,339.05,0,0,0,61.03
2976,3196.0,8250.0,405.2,0,0,0,72.94
2977,3197.0,8251.0,289.39,0,50,0,52.09
2978,3197.0,8254.0,50.0,30,50,0,9.0
2979,3198.0,8255.0,382.41,0,0,0,68.83
2980,3198.0,8256.0,400.4,0,20,0,72.07
2981,3199.0,8257.0,276.45,30,50,0,49.76
2982,3199.0,8258.0,250.02,30,0,0,45.0
2983,3199.0,8259.0,404.3,0,0,0,72.77
2984,3201.0,8266.0,362.47,0,0,0,65.24
2985,3203.0,8275.0,391.24,0,0,0,70.42
2986,3203.0,8277.0,383.25,0,0,0,68.98
2987,3203.0,8278.0,266.62,30,20,0,47.99
2988,3204.0,8280.0,376.41,0,20,0,67.75
2989,3204.0,8281.0,456.64,0,0,0,82.2
2990,3206.0,8283.0,169.11,30,0,0,30.44
2991,3206.0,8284.0,442.96,0,0,0,79.73
2992,3206.0,8286.0,316.57,0,20,0,56.98
2993,3207.0,8288.0,262.76,30,0,1,47.3
2994,3208.0,8291.0,254.63,30,50,0,45.83
2995,3208.0,8292.0,302.32,0,20,0,54.42
2996,3208.0,8293.0,360.22,0,0,0,64.84
2997,3210.0,8298.0,305.69,0,50,1,55.02
2998,3211.0,8302.0,373.34,0,0,0,67.2
2999,3211.0,8304.0,183.07,30,0,0,32.95
3000,3211.0,8305.0,317.7,0,0,0,57.19
3001,3213.0,8309.0,205.86,30,0,0,37.05
3002,3213.0,8310.0,285.83,30,0,0,51.45
3003,3214.0,8311.0,322.32,0,0,0,58.02
3004,3215.0,8314.0,307.69,0,0,0,55.38
3005,3217.0,8315.0,285.36,0,50,0,51.36
3006,3217.0,8317.0,312.39,0,0,0,56.23
3007,3218.0,8321.0,243.26,30,50,0,43.79
3008,3218.0,8322.0,382.71,0,0,0,68.89
3009,3218.0,8324.0,400.59,0,0,0,72.11
3010,3221.0,8326.0,268.16,30,20,0,48.27
3011,3221.0,8327.0,338.25,0,0,0,60.88
3012,3225.0,8334.0,145.03,30,50,0,26.11
3013,3226.0,8342.0,118.43,30,0,0,21.32
3014,3227.0,8343.0,409.28,0,0,0,73.67
3015,3229.0,8345.0,310.33,0,0,1,55.86
3016,3229.0,8346.0,300.68,0,50,0,54.12
3017,3230.0,8350.0,325.2,0,0,0,58.54
3018,3233.0,8352.0,322.71,30,0,0,58.09
3019,3233.0,8353.0,376.35,0,20,0,67.74
3020,3234.0,8354.0,417.63,0,0,0,75.17
3021,3238.0,8372.0,308.5,0,50,0,55.53
3022,3240.0,8375.0,287.88,30,20,0,51.82
3023,3242.0,8383.0,236.03,30,0,0,42.49
3024,3249.0,8394.0,267.13,30,0,0,48.08
3025,3249.0,8395.0,351.33,0,0,1,63.24
3026,3253.0,8401.0,465.19,0,0,0,83.73
3027,3254.0,8404.0,459.12,0,0,0,82.64
3028,3254.0,8407.0,239.42,30,0,0,43.1
3029,3255.0,8409.0,220.15,30,20,0,39.63
3030,3256.0,8410.0,338.93,0,0,0,61.01
3031,3259.0,8413.0,280.96,30,20,0,50.57
3032,3259.0,8415.0,314.91,30,0,0,56.68
3033,3262.0,8419.0,242.19,30,0,0,43.59
3034,3266.0,8428.0,245.99,30,0,0,44.28
3035,3266.0,8429.0,459.67,0,0,0,82.74
3036,3266.0,8430.0,487.81,0,0,0,87.81
3037,3267.0,8431.0,299.65,0,20,0,53.94
3038,3269.0,8434.0,400.97,0,0,0,72.17
3039,3272.0,8435.0,220.48,30,20,0,39.69
3040,3272.0,8436.0,340.75,0,50,0,61.34
3041,3274.0,8437.0,259.26,0,50,0,46.67
3042,3275.0,8440.0,403.11,0,0,0,72.56
3043,3276.0,8441.0,360.28,0,0,0,64.85
3044,3276.0,8443.0,292.98,30,20,0,52.74
3045,3276.0,8444.0,340.73,0,0,0,61.33
3046,3276.0,8445.0,267.85,0,50,0,48.21
3047,3278.0,8447.0,258.45,30,0,0,46.52
3048,3278.0,8448.0,415.63,0,0,0,74.81
3049,3278.0,8449.0,260.75,30,50,0,46.93
3050,3280.0,8451.0,325.34,0,0,0,58.56
3051,3280.0,8452.0,383.44,0,0,0,69.02
3052,3280.0,8453.0,357.12,0,0,0,64.28
3053,3282.0,8458.0,255.17,0,50,0,45.93
3054,3282.0,8459.0,362.71,0,20,0,65.29
3055,3283.0,8462.0,206.86,30,20,0,37.23
3056,3284.0,8465.0,313.96,30,0,0,56.51
3057,3285.0,8470.0,328.02,0,50,0,59.04
3058,3286.0,8472.0,262.36,0,50,0,47.22
3059,3287.0,8473.0,170.64,30,20,0,30.72
3060,3287.0,8476.0,332.98,0,0,0,59.94
3061,3290.0,8482.0,333.91,0,0,0,60.1
3062,3290.0,8483.0,428.76,0,0,0,77.18
3063,3291.0,8489.0,202.02,30,0,0,36.36
3064,3293.0,8492.0,391.84,0,20,0,70.53
3065,3293.0,8493.0,313.61,30,0,0,56.45
3066,3294.0,8494.0,297.97,0,20,0,53.63
3067,3295.0,8495.0,349.44,0,20,0,62.9
3068,3296.0,8497.0,510.27,0,0,0,91.85
3069,3297.0,8500.0,398.77,0,20,0,71.78
3070,3299.0,8505.0,204.98,30,0,0,36.9
3071,3300.0,8508.0,428.18,0,0,0,77.07
3072,3301.0,8511.0,302.05,0,0,0,54.37
3073,3301.0,8512.0,427.92,0,20,0,77.03
3074,3302.0,8518.0,145.85,30,0,0,26.25
3075,3302.0,8519.0,254.84,30,0,0,45.87
3076,3304.0,8521.0,262.99,30,50,0,47.34
3077,3305.0,8522.0,327.27,0,0,0,58.91
3078,3306.0,8524.0,368.64,0,0,0,66.36
3079,3306.0,8526.0,321.34,0,0,0,57.84
3080,3307.0,8528.0,303.43,0,20,0,54.62
3081,3308.0,8529.0,297.34,30,0,0,53.52
3082,3309.0,8531.0,323.16,30,0,0,58.17
3083,3312.0,8537.0,348.11,0,50,0,62.66
3084,3312.0,8538.0,632.51,0,20,0,113.85
3085,3316.0,8548.0,347.69,0,0,0,62.58
3086,3319.0,8551.0,325.39,30,0,0,58.57
3087,3319.0,8552.0,359.31,0,0,0,64.68
3088,3319.0,8555.0,459.72,0,0,0,82.75
3089,3320.0,8556.0,214.31,30,0,0,38.58
3090,3320.0,8559.0,342.26,0,0,0,61.61
3091,3321.0,8561.0,372.55,0,0,0,67.06
3092,3322.0,8563.0,309.61,30,0,0,55.73
3093,3322.0,8564.0,400.52,0,0,0,72.09
3094,3323.0,8566.0,373.79,0,20,0,67.28
3095,3323.0,8567.0,275.33,30,50,0,49.56
3096,3324.0,8568.0,305.41,0,20,1,54.97
3097,3324.0,8569.0,318.24,0,0,0,57.28
3098,3325.0,8572.0,108.43,30,20,0,19.52
3099,3325.0,8573.0,494.95,0,0,0,89.09
3100,3326.0,8575.0,353.96,0,0,0,63.71
3101,3326.0,8578.0,306.68,0,50,0,55.2
3102,3326.0,8582.0,308.18,30,0,0,55.47
3103,3327.0,8584.0,328.01,0,0,0,59.04
3104,3328.0,8585.0,224.19,30,50,0,40.35
3105,3328.0,8586.0,444.48,0,0,0,80.01
3106,3328.0,8589.0,296.59,30,20,0,53.39
3107,3331.0,8592.0,332.51,0,0,0,59.85
3108,3331.0,8593.0,293.9,30,20,0,52.9
3109,3333.0,8599.0,415.0,0,0,0,74.7
3110,3333.0,8600.0,262.48,30,0,1,47.25
3111,3333.0,8601.0,313.68,30,0,0,56.46
3112,3333.0,8603.0,319.92,0,0,0,57.59
3113,3334.0,8606.0,284.28,0,20,0,51.17
3114,3336.0,8607.0,347.59,0,20,0,62.57
3115,3338.0,8610.0,512.72,0,0,0,92.29
3116,3342.0,8614.0,278.39,30,20,0,50.11
3117,3345.0,8618.0,346.48,0,0,0,62.37
3118,3347.0,8621.0,278.22,30,20,0,50.08
3119,3347.0,8625.0,371.28,0,0,0,66.83
3120,3349.0,8629.0,205.18,30,20,0,36.93
3121,3350.0,8630.0,300.6,0,50,0,54.11
3122,3352.0,8633.0,227.21,30,0,0,40.9
3123,3353.0,8634.0,288.25,30,0,0,51.88
3124,3354.0,8638.0,255.38,30,0,0,45.97
3125,3355.0,8645.0,241.37,30,50,0,43.45
3126,3357.0,8648.0,298.75,30,20,0,53.78
3127,3357.0,8649.0,480.26,0,0,0,86.45
3128,3358.0,8650.0,474.59,0,0,0,85.43
3129,3359.0,8653.0,483.14,0,0,0,86.97
3130,3359.0,8654.0,204.91,30,0,0,36.88
3131,3363.0,8658.0,409.78,0,0,0,73.76
3132,3365.0,8663.0,275.46,30,50,0,49.58
3133,3365.0,8664.0,341.69,0,0,0,61.5
3134,3366.0,8666.0,189.56,30,50,0,34.12
3135,3368.0,8672.0,407.31,0,0,0,73.32
3136,3369.0,8674.0,337.91,0,0,0,60.82
3137,3373.0,8684.0,265.73,30,20,0,47.83
3138,3374.0,8686.0,546.8,0,50,0,98.42
3139,3375.0,8689.0,489.2,0,0,0,88.06
3140,3376.0,8690.0,253.4,30,50,0,45.61
3141,3377.0,8695.0,293.92,30,0,1,52.91
3142,3378.0,8696.0,324.8,0,0,0,58.46
3143,3378.0,8698.0,399.33,0,0,0,71.88
3144,3378.0,8699.0,483.66,0,20,0,87.06
3145,3379.0,8702.0,236.15,30,0,0,42.51
3146,3379.0,8707.0,270.82,30,0,0,48.75
3147,3383.0,8714.0,296.94,0,50,0,53.45
3148,3383.0,8717.0,327.83,0,50,0,59.01
3149,3383.0,8718.0,172.49,30,20,0,31.05
3150,3384.0,8719.0,457.99,0,0,0,82.44
3151,3384.0,8720.0,283.06,0,50,0,50.95
3152,3384.0,8721.0,418.43,0,0,0,75.32
3153,3385.0,8722.0,280.84,0,50,1,50.55
3154,3386.0,8726.0,175.13,30,50,0,31.52
3155,3387.0,8728.0,378.67,0,20,0,68.16
3156,3389.0,8732.0,398.18,0,20,0,71.67
3157,3389.0,8733.0,258.53,0,50,0,46.54
3158,3391.0,8736.0,343.57,0,20,0,61.84
3159,3391.0,8737.0,367.54,0,0,0,66.16
3160,3393.0,8741.0,346.28,0,0,0,62.33
3161,3393.0,8742.0,299.02,0,0,1,53.82
3162,3395.0,8744.0,221.43,30,0,0,39.86
3163,3395.0,8746.0,353.17,0,20,0,63.57
3164,3395.0,8748.0,220.74,30,0,0,39.73
3165,3400.0,8755.0,467.99,0,20,0,84.24
3166,3401.0,8757.0,422.59,0,0,0,76.07
3167,3405.0,8766.0,360.34,0,0,0,64.86
3168,3407.0,8769.0,145.54,30,50,0,26.2
3169,3408.0,8772.0,303.66,30,0,0,54.66
3170,3409.0,8773.0,211.52,30,50,0,38.07
3171,3409.0,8774.0,189.57,30,0,0,34.12
3172,3410.0,8776.0,321.83,30,0,0,57.93
3173,3410.0,8777.0,405.33,0,0,0,72.96
3174,3412.0,8782.0,307.09,0,0,0,55.28
3175,3412.0,8783.0,477.27,0,0,0,85.91
3176,3414.0,8791.0,149.77,30,20,0,26.96
3177,3415.0,8792.0,359.88,0,50,0,64.78
3178,3415.0,8795.0,370.14,0,0,0,66.63
3179,3415.0,8796.0,348.21,0,0,0,62.68
3180,3416.0,8797.0,242.35,30,50,0,43.62
3181,3416.0,8798.0,276.02,30,0,0,49.68
3182,3417.0,8799.0,306.82,30,0,0,55.23
3183,3418.0,8802.0,302.96,0,50,0,54.53
3184,3419.0,8803.0,291.71,30,0,0,52.51
3185,3420.0,8810.0,304.78,30,20,0,54.86
3186,3422.0,8811.0,398.36,0,0,0,71.7
3187,3422.0,8812.0,343.94,0,0,0,61.91
3188,3423.0,8813.0,421.36,0,0,0,75.84
3189,3424.0,8814.0,438.16,0,20,0,78.87
3190,3426.0,8819.0,287.37,0,50,0,51.73
3191,3426.0,8820.0,314.76,0,0,0,56.66
3192,3426.0,8822.0,299.36,0,50,0,53.88
3193,3427.0,8826.0,343.51,0,0,0,61.83
3194,3428.0,8828.0,323.77,30,0,0,58.28
3195,3429.0,8829.0,360.11,0,0,0,64.82
3196,3430.0,8833.0,278.77,30,0,0,50.18
3197,3433.0,8839.0,316.58,30,0,0,56.98
3198,3435.0,8841.0,437.78,0,0,0,78.8
3199,3435.0,8842.0,404.2,0,20,0,72.76
3200,3435.0,8844.0,283.4,30,0,0,51.01
3201,3436.0,8845.0,175.21,30,0,0,31.54
3202,3437.0,8846.0,329.0,0,0,0,59.22
3203,3437.0,8847.0,289.01,30,0,0,52.02
3204,3440.0,8850.0,436.1,0,20,0,78.5
3205,3442.0,8852.0,306.76,0,0,0,55.22
3206,3442.0,8855.0,177.84,30,50,0,32.01
3207,3443.0,8856.0,361.34,0,0,0,65.04
3208,3443.0,8857.0,507.55,0,0,0,91.36
3209,3444.0,8859.0,207.39,30,50,0,37.33
3210,3445.0,8861.0,433.56,0,0,0,78.04
3211,3445.0,8862.0,396.25,0,20,0,71.32
3212,3446.0,8863.0,228.88,30,0,0,41.2
3213,3446.0,8865.0,204.25,30,50,0,36.76
3214,3447.0,8866.0,277.04,30,20,0,49.87
3215,3447.0,8868.0,212.81,30,20,0,38.31
3216,3454.0,8876.0,331.61,0,0,0,59.69
3217,3454.0,8877.0,294.21,30,0,0,52.96
3218,3455.0,8885.0,457.48,0,50,0,82.35
3219,3456.0,8889.0,311.39,0,20,0,56.05
3220,3457.0,8893.0,396.92,0,0,0,71.45
3221,3459.0,8896.0,352.32,0,0,0,63.42
3222,3459.0,8897.0,357.97,0,0,0,64.43
3223,3460.0,8903.0,203.59,30,0,0,36.65
3224,3462.0,8906.0,277.07,30,0,0,49.87
3225,3464.0,8916.0,438.22,0,0,0,78.88
3226,3464.0,8917.0,341.84,0,20,0,61.53
3227,3467.0,8923.0,275.4,30,50,1,49.57
3228,3468.0,8926.0,251.91,30,0,0,45.34
3229,3471.0,8930.0,256.91,30,50,1,46.24
3230,3473.0,8931.0,453.72,0,20,0,81.67
3231,3473.0,8932.0,230.03,30,50,0,41.41
3232,3473.0,8933.0,353.95,0,20,0,63.71
3233,3475.0,8935.0,324.38,30,0,0,58.39
3234,3475.0,8937.0,366.3,0,0,0,65.93
3235,3476.0,8938.0,319.26,0,0,0,57.47
3236,3476.0,8939.0,285.34,30,0,0,51.36
3237,3476.0,8941.0,398.09,0,50,0,71.66
3238,3476.0,8943.0,285.5,30,20,0,51.39
3239,3477.0,8945.0,337.43,0,20,0,60.74
3240,3478.0,8947.0,317.1,30,0,0,57.08
3241,3478.0,8948.0,339.66,0,50,0,61.14
3242,3478.0,8950.0,322.92,0,0,0,58.13
3243,3480.0,8952.0,399.47,0,0,0,71.9
3244,3481.0,8954.0,318.85,0,0,0,57.39
3245,3481.0,8958.0,191.74,30,20,0,34.51
3246,3484.0,8963.0,365.97,0,0,0,65.87
3247,3484.0,8965.0,365.72,0,0,0,65.83
3248,3485.0,8966.0,109.02,30,0,0,19.62
3249,3486.0,8971.0,312.4,30,0,0,56.23
3250,3488.0,8979.0,100.85,30,20,0,18.15
3251,3489.0,8981.0,312.89,0,20,0,56.32
3252,3490.0,8984.0,309.15,0,20,0,55.65
3253,3492.0,8987.0,370.33,0,0,0,66.66
3254,3492.0,8988.0,501.29,0,0,0,90.23
3255,3493.0,8991.0,302.86,0,0,0,54.51
3256,3493.0,8992.0,398.04,0,50,1,71.65
3257,3497.0,9000.0,205.33,30,0,0,36.96
3258,3498.0,9002.0,261.78,30,50,0,47.12
3259,3499.0,9007.0,315.05,0,20,0,56.71
3260,3500.0,9011.0,411.97,0,20,0,74.15
3261,3503.0,9016.0,221.21,30,0,0,39.82
3262,3504.0,9020.0,570.88,0,0,0,102.76
3263,3506.0,9023.0,414.78,0,0,0,74.66
3264,3506.0,9024.0,351.55,0,0,0,63.28
3265,3508.0,9027.0,441.03,0,0,1,79.39
3266,3508.0,9028.0,207.63,30,0,0,37.37
3267,3509.0,9029.0,189.67,30,50,0,34.14
3268,3510.0,9032.0,313.82,30,0,0,56.49
3269,3512.0,9039.0,282.15,0,20,0,50.79
3270,3512.0,9042.0,246.06,30,0,0,44.29
3271,3512.0,9043.0,305.54,0,0,0,55.0
3272,3512.0,9047.0,295.84,0,20,0,53.25
3273,3513.0,9050.0,446.77,0,0,0,80.42
3274,3513.0,9052.0,363.25,0,0,0,65.38
3275,3513.0,9053.0,318.6,0,50,0,57.35
3276,3514.0,9054.0,370.29,0,0,0,66.65
3277,3514.0,9056.0,356.34,0,0,0,64.14
3278,3515.0,9059.0,321.37,0,50,0,57.85
3279,3516.0,9060.0,379.42,0,0,0,68.3
3280,3518.0,9064.0,217.72,30,0,0,39.19
3281,3519.0,9068.0,364.6,0,0,0,65.63
3282,3519.0,9069.0,433.5,0,0,0,78.03
3283,3519.0,9072.0,296.3,30,0,0,53.33
3284,3519.0,9075.0,382.29,0,20,0,68.81
3285,3520.0,9076.0,253.03,30,20,0,45.55
3286,3520.0,9077.0,390.37,0,0,0,70.27
3287,3520.0,9079.0,337.57,0,0,0,60.76
3288,3521.0,9083.0,416.58,0,0,0,74.98
3289,3521.0,9084.0,425.57,0,0,0,76.6
3290,3523.0,9088.0,378.75,0,0,0,68.18
3291,3523.0,9090.0,271.82,30,0,0,48.93
3292,3524.0,9091.0,339.63,0,0,0,61.13
3293,3526.0,9094.0,261.41,30,0,0,47.05
3294,3526.0,9097.0,305.33,0,0,0,54.96
3295,3527.0,9100.0,375.27,0,0,0,67.55
3296,3528.0,9102.0,316.51,30,0,0,56.97
3297,3530.0,9106.0,299.5,30,20,0,53.91
3298,3531.0,9108.0,282.58,30,0,0,50.86
3299,3531.0,9110.0,331.45,0,50,0,59.66
3300,3532.0,9113.0,378.36,0,0,0,68.1
3301,3532.0,9115.0,303.12,30,0,0,54.56
3302,3533.0,9119.0,381.85,0,0,0,68.73
3303,3536.0,9121.0,328.02,30,0,0,59.04
3304,3537.0,9123.0,338.97,0,0,0,61.01
3305,3537.0,9125.0,479.0,0,50,1,86.22
3306,3538.0,9128.0,282.68,0,20,0,50.88
3307,3539.0,9130.0,460.54,0,20,0,82.9
3308,3539.0,9131.0,476.2,0,50,0,85.72
3309,3539.0,9132.0,266.04,30,0,0,47.89
3310,3540.0,9133.0,299.26,30,0,0,53.87
3311,3541.0,9135.0,218.58,30,0,1,39.34
3312,3542.0,9138.0,269.84,0,50,0,48.57
3313,3546.0,9144.0,372.16,0,0,0,66.99
3314,3548.0,9148.0,321.8,30,0,0,57.92
3315,3548.0,9149.0,271.85,30,50,0,48.93
3316,3551.0,9154.0,311.67,30,0,0,56.1
3317,3551.0,9156.0,279.72,0,50,0,50.35
3318,3552.0,9157.0,261.52,30,50,0,47.07
3319,3552.0,9160.0,332.96,0,0,0,59.93
3320,3555.0,9162.0,127.19,30,0,0,22.89
3321,3556.0,9165.0,429.38,0,20,0,77.29
3322,3556.0,9168.0,179.38,30,20,0,32.29
3323,3558.0,9171.0,426.21,0,0,0,76.72
3324,3560.0,9175.0,328.05,30,0,0,59.05
3325,3562.0,9181.0,387.9,0,50,0,69.82
3326,3563.0,9187.0,369.32,0,0,0,66.48
3327,3564.0,9188.0,173.55,30,50,0,31.24
3328,3564.0,9189.0,485.56,0,0,0,87.4
3329,3565.0,9193.0,427.69,0,0,1,76.98
3330,3566.0,9194.0,374.8,0,0,0,67.46
3331,3568.0,9199.0,404.27,0,0,0,72.77
3332,3569.0,9200.0,417.17,0,0,0,75.09
3333,3570.0,9203.0,272.07,30,0,1,48.97
3334,3572.0,9205.0,324.73,0,0,0,58.45
3335,3573.0,9206.0,353.86,0,0,0,63.69
3336,3573.0,9207.0,289.09,30,0,0,52.04
3337,3573.0,9208.0,345.66,0,0,0,62.22
3338,3573.0,9209.0,409.95,0,0,0,73.79
3339,3575.0,9210.0,418.25,0,0,0,75.28
3340,3577.0,9212.0,342.16,0,0,0,61.59
3341,3579.0,9225.0,384.29,0,0,0,69.17
3342,3582.0,9228.0,270.85,0,50,0,48.75
3343,3584.0,9232.0,220.34,30,0,0,39.66
3344,3586.0,9235.0,391.24,0,0,0,70.42
3345,3587.0,9239.0,280.19,0,20,0,50.43
3346,3587.0,9243.0,459.18,0,0,0,82.65
3347,3587.0,9244.0,294.44,0,20,0,53.0
3348,3588.0,9245.0,347.64,0,0,0,62.58
3349,3590.0,9250.0,391.53,0,0,0,70.48
3350,3590.0,9252.0,218.34,30,50,0,39.3
3351,3590.0,9253.0,515.49,0,0,0,92.79
3352,3590.0,9254.0,283.19,0,20,0,50.97
3353,3590.0,9255.0,310.61,0,20,0,55.91
3354,3591.0,9256.0,339.15,0,0,0,61.05
3355,3591.0,9257.0,344.17,0,0,0,61.95
3356,3591.0,9258.0,196.09,30,50,0,35.3
3357,3594.0,9263.0,345.8,0,0,0,62.24
3358,3594.0,9264.0,323.75,0,0,0,58.28
3359,3594.0,9265.0,250.55,30,20,0,45.1
3360,3595.0,9266.0,330.51,0,0,0,59.49
3361,3595.0,9267.0,343.99,0,0,0,61.92
3362,3596.0,9268.0,242.03,30,50,0,43.57
3363,3596.0,9271.0,342.99,0,0,0,61.74
3364,3596.0,9272.0,414.81,0,20,0,74.67
3365,3597.0,9274.0,418.13,0,0,0,75.26
3366,3599.0,9278.0,588.27,0,0,0,105.89
3367,3599.0,9279.0,297.78,30,0,0,53.6
3368,3599.0,9281.0,322.18,0,0,0,57.99
3369,3600.0,9284.0,294.18,30,0,0,52.95
3370,3600.0,9285.0,315.33,30,0,0,56.76
3371,3603.0,9293.0,196.15,30,20,0,35.31
3372,3604.0,9298.0,289.53,0,20,0,52.12
3373,3608.0,9306.0,318.49,0,0,0,57.33
3374,3608.0,9308.0,311.49,0,0,0,56.07
3375,3609.0,9309.0,350.79,0,0,0,63.14
3376,3610.0,9314.0,310.97,30,0,0,55.97
3377,3610.0,9316.0,274.11,30,50,0,49.34
3378,3610.0,9317.0,409.6,0,0,0,73.73
3379,3610.0,9318.0,293.07,0,20,0,52.75
3380,3612.0,9320.0,290.62,0,50,1,52.31
3381,3613.0,9321.0,323.76,30,0,0,58.28
3382,3614.0,9324.0,455.47,0,0,0,81.98
3383,3615.0,9327.0,219.77,30,50,0,39.56
3384,3616.0,9328.0,422.91,0,0,0,76.12
3385,3616.0,9330.0,228.18,30,0,0,41.07
3386,3617.0,9332.0,461.29,0,20,0,83.03
3387,3618.0,9333.0,364.32,0,0,0,65.58
3388,3618.0,9335.0,327.72,30,0,0,58.99
3389,3620.0,9339.0,244.86,30,0,0,44.07
3390,3620.0,9340.0,374.37,0,0,0,67.39
3391,3620.0,9341.0,233.62,30,20,0,42.05
3392,3623.0,9349.0,468.1,0,0,0,84.26
3393,3623.0,9350.0,282.64,30,0,0,50.88
3394,3624.0,9353.0,308.66,0,0,0,55.56
3395,3625.0,9354.0,297.93,0,50,1,53.63
3396,3626.0,9355.0,232.96,30,50,1,41.93
3397,3626.0,9357.0,232.59,30,50,0,41.87
3398,3627.0,9360.0,352.69,0,0,0,63.48
3399,3627.0,9361.0,266.08,30,0,0,47.89
3400,3628.0,9363.0,430.77,0,0,0,77.54
3401,3628.0,9366.0,281.25,0,20,0,50.62
3402,3628.0,9367.0,361.58,0,0,0,65.08
3403,3628.0,9368.0,335.01,0,50,0,60.3
3404,3629.0,9369.0,210.31,30,50,0,37.86
3405,3633.0,9372.0,300.51,30,0,0,54.09
3406,3634.0,9373.0,315.95,0,50,0,56.87
3407,3634.0,9374.0,399.8,0,50,0,71.96
3408,3635.0,9376.0,284.93,30,0,0,51.29
3409,3635.0,9377.0,304.72,30,20,0,54.85
3410,3643.0,9394.0,272.65,30,0,0,49.08
3411,3647.0,9401.0,345.11,0,0,0,62.12
3412,3650.0,9407.0,266.49,30,20,0,47.97
3413,3650.0,9408.0,333.43,0,0,0,60.02
3414,3653.0,9418.0,296.14,0,20,0,53.31
3415,3654.0,9422.0,285.03,30,20,0,51.31
3416,3656.0,9425.0,197.95,30,0,0,35.63
3417,3656.0,9426.0,373.22,0,0,0,67.18
3418,3659.0,9432.0,129.3,30,50,0,23.27
3419,3659.0,9433.0,199.6,30,50,0,35.93
3420,3662.0,9443.0,425.96,0,20,0,76.67
3421,3664.0,9445.0,347.35,0,0,0,62.52
3422,3664.0,9449.0,341.51,0,0,0,61.47
3423,3665.0,9454.0,434.55,0,0,0,78.22
3424,3668.0,9459.0,362.78,0,20,0,65.3
3425,3670.0,9460.0,298.21,30,0,0,53.68
3426,3670.0,9461.0,290.1,30,0,0,52.22
3427,3670.0,9462.0,399.96,0,20,0,71.99
3428,3670.0,9463.0,463.28,0,0,0,83.39
3429,3672.0,9467.0,337.77,0,0,0,60.8
3430,3672.0,9468.0,332.46,0,50,0,59.84
3431,3672.0,9469.0,474.76,0,0,0,85.46
3432,3674.0,9473.0,416.29,0,0,0,74.93
3433,3676.0,9478.0,401.63,0,50,0,72.29
3434,3679.0,9485.0,296.53,0,20,0,53.38
3435,3682.0,9490.0,514.01,0,0,0,92.52
3436,3682.0,9492.0,428.71,0,20,0,77.17
3437,3682.0,9493.0,181.65,30,50,0,32.7
3438,3683.0,9495.0,285.93,0,20,0,51.47
3439,3683.0,9496.0,249.29,30,0,0,44.87
3440,3685.0,9501.0,328.49,0,20,0,59.13
3441,3685.0,9504.0,319.53,30,0,0,57.52
3442,3686.0,9506.0,303.23,0,0,0,54.58
3443,3687.0,9510.0,378.65,0,0,0,68.16
3444,3688.0,9512.0,394.73,0,0,0,71.05
3445,3689.0,9513.0,407.24,0,0,0,73.3
3446,3690.0,9516.0,237.54,30,0,0,42.76
3447,3692.0,9519.0,295.74,30,0,0,53.23
3448,3693.0,9521.0,291.98,30,20,0,52.56
3449,3695.0,9526.0,316.87,0,0,0,57.04
3450,3695.0,9527.0,267.62,30,0,0,48.17
3451,3697.0,9530.0,330.77,0,20,0,59.54
3452,3698.0,9533.0,410.86,0,20,0,73.95
3453,3699.0,9534.0,371.47,0,0,0,66.86
3454,3699.0,9536.0,301.71,0,50,0,54.31
3455,3699.0,9538.0,333.07,0,0,0,59.95
3456,3699.0,9540.0,407.3,0,0,0,73.31
3457,3700.0,9541.0,324.98,0,0,0,58.5
3458,3700.0,9542.0,430.99,0,50,0,77.58
3459,3701.0,9543.0,347.46,0,0,0,62.54
3460,3701.0,9545.0,206.96,30,0,0,37.25
3461,3701.0,9547.0,276.2,30,20,0,49.72
3462,3702.0,9548.0,261.25,30,0,0,47.02
3463,3703.0,9549.0,441.0,0,0,0,79.38
3464,3704.0,9552.0,351.74,0,0,0,63.31
3465,3704.0,9556.0,239.0,30,0,0,43.02
3466,3705.0,9560.0,333.56,0,0,0,60.04
3467,3706.0,9562.0,543.37,0,0,0,97.81
3468,3706.0,9563.0,314.86,0,0,0,56.67
3469,3706.0,9564.0,348.1,0,20,0,62.66
3470,3707.0,9566.0,381.37,0,0,0,68.65
3471,3707.0,9567.0,158.15,30,20,0,28.47
3472,3708.0,9568.0,342.31,0,20,0,61.62
3473,3709.0,9570.0,291.28,30,0,0,52.43
3474,3710.0,9572.0,332.87,0,50,0,59.92
3475,3711.0,9579.0,310.76,30,0,0,55.94
3476,3712.0,9580.0,327.2,0,0,0,58.9
3477,3715.0,9587.0,292.45,0,20,0,52.64
3478,3718.0,9590.0,301.29,0,50,0,54.23
3479,3719.0,9591.0,351.42,0,20,0,63.26
3480,3721.0,9593.0,263.82,30,50,0,47.49
3481,3723.0,9597.0,273.99,30,20,0,49.32
3482,3723.0,9598.0,302.3,30,20,0,54.41
3483,3724.0,9602.0,293.02,0,50,0,52.74
3484,3725.0,9603.0,369.5,0,0,0,66.51
3485,3726.0,9604.0,306.16,0,0,0,55.11
3486,3726.0,9606.0,282.59,30,0,0,50.87
3487,3728.0,9609.0,344.71,0,0,0,62.05
3488,3729.0,9611.0,325.11,30,0,0,58.52
3489,3729.0,9612.0,283.48,30,20,0,51.03
3490,3729.0,9613.0,314.77,30,0,0,56.66
3491,3731.0,9614.0,310.21,30,0,0,55.84
3492,3731.0,9616.0,395.92,0,20,0,71.27
3493,3731.0,9617.0,239.01,30,0,0,43.02
3494,3731.0,9618.0,305.68,0,50,1,55.02
3495,3731.0,9619.0,229.57,30,0,0,41.32
3496,3732.0,9620.0,414.11,0,0,0,74.54
3497,3732.0,9621.0,190.06,30,20,0,34.21
3498,3732.0,9623.0,384.92,0,20,0,69.29
3499,3732.0,9625.0,301.93,30,0,0,54.35
3500,3733.0,9626.0,179.37,30,0,0,32.29
3501,3733.0,9627.0,323.05,30,0,0,58.15
3502,3736.0,9632.0,256.77,0,50,0,46.22
3503,3736.0,9633.0,278.73,0,50,0,50.17
3504,3738.0,9637.0,392.61,0,0,0,70.67
3505,3739.0,9638.0,482.12,0,0,0,86.78
3506,3740.0,9639.0,343.59,0,0,1,61.85
3507,3742.0,9641.0,328.4,0,0,0,59.11
3508,3743.0,9644.0,274.64,30,0,0,49.44
3509,3746.0,9650.0,222.87,30,50,0,40.12
3510,3749.0,9657.0,294.11,0,20,0,52.94
3511,3749.0,9658.0,363.13,0,0,0,65.36
3512,3749.0,9659.0,379.4,0,0,0,68.29
3513,3749.0,9660.0,312.75,0,0,0,56.29
3514,3750.0,9662.0,315.12,30,0,0,56.72
3515,3751.0,9664.0,284.88,30,0,0,51.28
3516,3753.0,9668.0,331.51,0,0,0,59.67
3517,3754.0,9671.0,249.97,30,50,0,44.99
3518,3754.0,9673.0,436.91,0,20,0,78.64
3519,3755.0,9675.0,320.29,0,20,0,57.65
3520,3755.0,9676.0,260.83,0,50,0,46.95
3521,3758.0,9680.0,403.3,0,0,0,72.59
3522,3758.0,9682.0,517.07,0,0,0,93.07
3523,3760.0,9683.0,322.03,30,0,0,57.97
3524,3764.0,9691.0,238.94,30,0,0,43.01
3525,3764.0,9693.0,175.5,30,50,0,31.59
3526,3765.0,9695.0,349.45,0,0,0,62.9
3527,3767.0,9697.0,433.52,0,0,0,78.03
3528,3768.0,9699.0,270.67,30,20,0,48.72
3529,3769.0,9700.0,443.98,0,20,0,79.92
3530,3770.0,9704.0,77.28,30,50,0,13.91
3531,3770.0,9705.0,215.97,30,50,0,38.87
3532,3771.0,9708.0,350.15,0,0,0,63.03
3533,3771.0,9711.0,334.12,0,0,1,60.14
3534,3775.0,9714.0,172.65,30,0,0,31.08
3535,3776.0,9718.0,422.84,0,0,0,76.11
3536,3776.0,9719.0,313.15,0,0,0,56.37
3537,3776.0,9720.0,260.06,30,50,0,46.81
3538,3777.0,9721.0,308.36,0,0,0,55.5
3539,3779.0,9728.0,243.46,30,0,0,43.82
3540,3779.0,9730.0,370.36,0,0,0,66.66
3541,3781.0,9736.0,237.69,30,20,0,42.78
3542,3781.0,9737.0,348.37,0,0,0,62.71
3543,3781.0,9738.0,302.48,30,20,0,54.45
3544,3782.0,9743.0,240.2,30,0,0,43.24
3545,3786.0,9746.0,208.84,30,50,0,37.59
3546,3787.0,9750.0,225.8,30,50,0,40.64
3547,3787.0,9753.0,387.68,0,50,0,69.78
3548,3790.0,9757.0,295.38,30,0,0,53.17
3549,3790.0,9758.0,307.96,30,0,0,55.43
3550,3790.0,9759.0,407.59,0,50,1,73.37
3551,3791.0,9764.0,344.6,0,20,0,62.03
3552,3791.0,9766.0,325.07,30,0,0,58.51
3553,3792.0,9768.0,309.51,30,0,1,55.71
3554,3793.0,9770.0,298.79,0,50,0,53.78
3555,3793.0,9772.0,288.43,30,0,1,51.92
3556,3793.0,9773.0,254.94,30,50,0,45.89
3557,3794.0,9778.0,321.04,0,20,0,57.79
3558,3794.0,9780.0,427.7,0,0,0,76.99
3559,3798.0,9795.0,322.93,30,0,0,58.13
3560,3799.0,9796.0,277.14,30,0,0,49.89
3561,3801.0,9798.0,432.99,0,0,0,77.94
3562,3802.0,9800.0,269.26,0,50,0,48.47
3563,3802.0,9801.0,361.43,0,0,0,65.06
3564,3802.0,9802.0,262.97,0,50,0,47.33
3565,3807.0,9813.0,471.69,0,20,0,84.9
3566,3807.0,9816.0,396.45,0,20,0,71.36
3567,3810.0,9825.0,294.26,0,50,0,52.97
3568,3810.0,9827.0,284.21,0,20,0,51.16
3569,3813.0,9831.0,451.49,0,0,1,81.27
3570,3813.0,9833.0,311.39,0,50,0,56.05
3571,3814.0,9834.0,425.16,0,0,0,76.53
3572,3815.0,9836.0,341.45,0,0,0,61.46
3573,3815.0,9842.0,435.8,0,20,0,78.44
3574,3815.0,9843.0,286.29,0,20,0,51.53
3575,3817.0,9849.0,277.06,30,20,0,49.87
3576,3819.0,9851.0,210.68,30,20,0,37.92
3577,3821.0,9854.0,305.97,0,50,0,55.07
3578,3821.0,9856.0,278.34,30,20,0,50.1
3579,3823.0,9858.0,249.19,30,0,0,44.85
3580,3826.0,9865.0,283.9,30,0,0,51.1
3581,3827.0,9866.0,250.14,0,50,1,45.03
3582,3827.0,9867.0,252.77,0,50,1,45.5
3583,3828.0,9869.0,296.6,30,0,0,53.39
3584,3828.0,9870.0,360.46,0,0,0,64.88
3585,3829.0,9873.0,343.53,0,0,0,61.84
3586,3829.0,9874.0,318.76,0,20,0,57.38
3587,3830.0,9878.0,413.99,0,0,0,74.52
3588,3832.0,9879.0,236.12,30,0,0,42.5
3589,3834.0,9880.0,464.14,0,50,0,83.55
3590,3837.0,9886.0,441.21,0,0,0,79.42
3591,3842.0,9906.0,321.88,0,0,0,57.94
3592,3842.0,9907.0,344.87,0,0,0,62.08
3593,3842.0,9908.0,107.44,30,0,0,19.34
3594,3842.0,9910.0,355.3,0,0,0,63.95
3595,3842.0,9911.0,422.03,0,0,0,75.97
3596,3843.0,9912.0,423.16,0,0,0,76.17
3597,3843.0,9913.0,386.28,0,0,0,69.53
3598,3843.0,9914.0,80.0,30,0,0,14.4
3599,3843.0,9916.0,301.64,0,20,1,54.3
3600,3844.0,9917.0,319.58,30,0,0,57.52
3601,3845.0,9922.0,328.13,30,0,0,59.06
3602,3846.0,9925.0,251.89,30,50,0,45.34
3603,3847.0,9927.0,376.13,0,0,0,67.7
3604,3847.0,9930.0,312.66,0,0,0,56.28
3605,3854.0,9940.0,270.45,30,20,0,48.68
3606,3854.0,9942.0,209.6,30,0,0,37.73
3607,3857.0,9950.0,326.75,30,0,0,58.82
3608,3858.0,9952.0,385.27,0,0,0,69.35
3609,3861.0,9963.0,404.76,0,0,0,72.86
3610,3862.0,9966.0,174.16,30,50,0,31.35
3611,3864.0,9973.0,302.35,30,0,0,54.42
3612,3864.0,9974.0,303.56,0,0,0,54.64
3613,3864.0,9975.0,499.39,0,0,0,89.89
3614,3866.0,9978.0,381.96,0,20,0,68.75
3615,3867.0,9982.0,368.53,0,20,0,66.34
3616,3867.0,9983.0,163.22,30,0,0,29.38
3617,3869.0,9989.0,314.42,30,0,0,56.6
3618,3869.0,9990.0,429.2,0,0,0,77.26
3619,3871.0,9991.0,433.64,0,0,0,78.06
3620,3873.0,9993.0,462.0,0,0,0,83.16
3621,3873.0,9995.0,223.23,30,0,0,40.18
3622,3874.0,9996.0,374.5,0,0,0,67.41
3623,3875.0,9998.0,450.16,0,20,0,81.03
3624,3875.0,9999.0,295.5,30,20,0,53.19
3625,3875.0,10000.0,294.86,30,0,0,53.07
3626,3875.0,10002.0,316.2,0,0,0,56.92
3627,3875.0,10004.0,441.2,0,0,0,79.42
3628,3878.0,10016.0,432.77,0,0,0,77.9
3629,3882.0,10017.0,280.96,30,20,0,50.57
3630,3882.0,10019.0,438.1,0,0,0,78.86
3631,3883.0,10022.0,131.26,30,50,0,23.63
3632,3883.0,10027.0,365.14,0,0,0,65.73
3633,3884.0,10029.0,340.97,0,0,0,61.37
3634,3885.0,10030.0,235.08,30,20,0,42.31
3635,3886.0,10033.0,317.39,0,20,0,57.13
3636,3886.0,10034.0,323.68,30,0,0,58.26
3637,3889.0,10038.0,378.04,0,20,1,68.05
3638,3890.0,10039.0,352.35,0,0,0,63.42
3639,3891.0,10040.0,298.59,0,50,0,53.75
3640,3891.0,10041.0,256.01,30,50,0,46.08
3641,3893.0,10048.0,373.73,0,0,0,67.27
3642,3893.0,10049.0,191.62,30,20,0,34.49
3643,3894.0,10053.0,307.84,30,0,0,55.41
3644,3895.0,10055.0,171.72,30,0,0,30.91
3645,3897.0,10063.0,479.4,0,0,0,86.29
3646,3897.0,10066.0,294.36,30,20,1,52.98
3647,3898.0,10067.0,440.84,0,0,0,79.35
3648,3902.0,10071.0,447.74,0,20,0,80.59
3649,3903.0,10074.0,264.39,0,50,0,47.59
3650,3903.0,10076.0,201.49,30,20,0,36.27
3651,3904.0,10077.0,315.43,30,0,0,56.78
3652,3905.0,10084.0,299.87,30,0,0,53.98
3653,3906.0,10087.0,305.07,0,0,0,54.91
3654,3906.0,10088.0,392.09,0,20,0,70.58
3655,3907.0,10090.0,355.89,0,20,0,64.06
3656,3908.0,10092.0,313.95,0,50,0,56.51
3657,3909.0,10095.0,234.1,30,0,0,42.14
3658,3910.0,10098.0,154.17,30,50,0,27.75
3659,3911.0,10099.0,406.17,0,20,0,73.11
3660,3911.0,10101.0,324.29,30,0,0,58.37
3661,3911.0,10102.0,310.02,0,50,0,55.8
3662,3912.0,10105.0,416.3,0,50,0,74.93
3663,3913.0,10108.0,483.3,0,0,1,86.99
3664,3913.0,10109.0,281.22,0,20,0,50.62
3665,3913.0,10111.0,349.23,0,50,0,62.86
3666,3913.0,10112.0,371.45,0,0,0,66.86
3667,3915.0,10113.0,338.34,0,0,0,60.9
3668,3916.0,10119.0,389.7,0,0,0,70.15
3669,3916.0,10121.0,397.94,0,0,0,71.63
3670,3917.0,10122.0,308.7,0,0,0,55.57
3671,3917.0,10124.0,403.76,0,0,0,72.68
3672,3917.0,10125.0,437.94,0,0,0,78.83
3673,3918.0,10128.0,297.68,0,20,0,53.58
3674,3918.0,10129.0,385.94,0,0,0,69.47
3675,3920.0,10131.0,400.65,0,0,0,72.12
3676,3920.0,10133.0,354.37,0,0,0,63.79
3677,3922.0,10134.0,277.92,0,50,0,50.03
3678,3923.0,10137.0,253.59,0,50,0,45.65
3679,3924.0,10138.0,329.31,0,50,0,59.28
3680,3925.0,10139.0,210.28,30,50,0,37.85
3681,3932.0,10147.0,201.97,30,50,0,36.35
3682,3932.0,10148.0,431.48,0,0,0,77.67
3683,3938.0,10154.0,480.24,0,0,0,86.44
3684,3940.0,10157.0,256.51,30,50,0,46.17
3685,3945.0,10171.0,183.63,30,0,0,33.05
3686,3947.0,10177.0,184.03,30,50,0,33.13
3687,3948.0,10178.0,315.3,0,50,1,56.75
3688,3948.0,10180.0,367.78,0,20,0,66.2
3689,3948.0,10181.0,399.96,0,0,0,71.99
3690,3950.0,10183.0,259.36,30,0,0,46.68
3691,3953.0,10188.0,462.49,0,0,0,83.25
3692,3954.0,10192.0,275.66,30,0,0,49.62
3693,3955.0,10198.0,300.05,0,0,0,54.01
3694,3955.0,10199.0,328.69,30,0,0,59.16
3695,3956.0,10200.0,352.44,0,0,0,63.44
3696,3956.0,10203.0,267.0,30,20,0,48.06
3697,3957.0,10204.0,299.31,0,20,0,53.88
3698,3960.0,10206.0,318.2,0,0,0,57.28
3699,3960.0,10207.0,398.63,0,0,0,71.75
3700,3960.0,10208.0,330.41,0,20,0,59.47
3701,3960.0,10209.0,429.09,0,20,1,77.24
3702,3961.0,10212.0,367.04,0,50,0,66.07
3703,3963.0,10216.0,311.97,30,0,0,56.15
3704,3966.0,10218.0,455.54,0,20,0,82.0
3705,3969.0,10220.0,356.89,0,0,0,64.24
3706,3969.0,10222.0,338.85,0,50,0,60.99
3707,3970.0,10224.0,357.5,0,0,0,64.35
3708,3972.0,10231.0,112.17,30,20,0,20.19
3709,3972.0,10232.0,528.93,0,0,0,95.21
3710,3972.0,10234.0,327.09,30,0,0,58.88
3711,3973.0,10235.0,327.03,30,0,0,58.87
3712,3976.0,10243.0,464.73,0,0,0,83.65
3713,3978.0,10247.0,400.74,0,20,0,72.13
3714,3978.0,10249.0,296.16,30,20,0,53.31
3715,3980.0,10251.0,252.36,0,50,0,45.42
3716,3982.0,10255.0,195.15,30,0,0,35.13
3717,3982.0,10256.0,316.35,0,0,0,56.94
3718,3982.0,10261.0,275.86,0,50,0,49.65
3719,3984.0,10263.0,327.03,0,0,0,58.87
3720,3985.0,10265.0,451.19,0,20,1,81.21
3721,3985.0,10266.0,357.22,0,0,0,64.3
3722,3985.0,10267.0,243.91,30,50,0,43.9
3723,3988.0,10272.0,324.24,30,0,0,58.36
3724,3990.0,10274.0,347.1,0,50,0,62.48
3725,3990.0,10277.0,418.38,0,0,0,75.31
3726,3992.0,10280.0,336.22,0,0,0,60.52
3727,3993.0,10282.0,352.92,0,20,0,63.53
3728,3994.0,10287.0,293.71,30,0,0,52.87
3729,3994.0,10288.0,354.68,0,0,0,63.84
3730,3997.0,10292.0,293.3,30,0,0,52.79
3731,3997.0,10293.0,483.99,0,0,0,87.12
3732,3999.0,10297.0,325.37,30,0,0,58.57
3733,4001.0,10301.0,225.49,30,50,0,40.59
3734,4002.0,10302.0,242.41,30,0,0,43.63
3735,4002.0,10304.0,395.8,0,0,0,71.24
3736,4006.0,10307.0,262.44,30,50,0,47.24
3737,4007.0,10309.0,337.71,0,0,0,60.79
3738,4008.0,10312.0,290.95,30,20,0,52.37
3739,4008.0,10313.0,325.6,0,0,0,58.61
3740,4008.0,10314.0,432.51,0,50,0,77.85
3741,4009.0,10316.0,279.51,30,0,0,50.31
3742,4010.0,10318.0,303.66,0,50,0,54.66
3743,4010.0,10320.0,199.98,30,0,0,36.0
3744,4011.0,10325.0,382.38,0,50,0,68.83
3745,4014.0,10333.0,313.27,0,50,0,56.39
3746,4015.0,10335.0,316.26,0,0,0,56.93
3747,4015.0,10336.0,298.74,30,0,0,53.77
3748,4016.0,10337.0,276.42,30,20,0,49.76
3749,4016.0,10340.0,163.92,30,0,0,29.51
3750,4016.0,10341.0,308.39,30,0,0,55.51
3751,4016.0,10342.0,192.25,30,50,0,34.6
3752,4019.0,10348.0,307.13,30,20,0,55.28
3753,4019.0,10349.0,262.74,30,0,0,47.29
3754,4021.0,10357.0,218.56,30,0,0,39.34
3755,4022.0,10358.0,183.77,30,50,0,33.08
3756,4022.0,10362.0,245.98,30,50,0,44.28
3757,4022.0,10363.0,433.76,0,20,0,78.08
3758,4026.0,10369.0,295.26,30,0,0,53.15
3759,4029.0,10376.0,320.56,0,20,0,57.7
3760,4030.0,10378.0,253.67,30,0,0,45.66
3761,4030.0,10379.0,316.14,30,0,0,56.91
3762,4030.0,10383.0,473.21,0,20,0,85.18
3763,4030.0,10384.0,295.04,30,0,1,53.11
3764,4034.0,10389.0,370.06,0,0,0,66.61
3765,4035.0,10394.0,455.61,0,0,0,82.01
3766,4037.0,10397.0,185.33,30,20,0,33.36
3767,4040.0,10405.0,277.69,30,0,0,49.98
3768,4040.0,10406.0,450.69,0,0,0,81.12
3769,4040.0,10407.0,227.61,30,50,0,40.97
3770,4040.0,10410.0,319.03,30,0,0,57.43
3771,4042.0,10414.0,401.04,0,50,0,72.19
3772,4043.0,10417.0,314.46,0,50,0,56.6
3773,4043.0,10419.0,214.27,30,0,0,38.57
3774,4043.0,10421.0,243.28,30,20,0,43.79
3775,4046.0,10425.0,277.34,30,0,0,49.92
3776,4046.0,10426.0,309.33,30,0,0,55.68
3777,4048.0,10433.0,189.42,30,0,0,34.1
3778,4048.0,10435.0,234.78,30,50,0,42.26
3779,4053.0,10444.0,454.4,0,0,0,81.79
3780,4054.0,10445.0,262.36,30,20,0,47.22
3781,4055.0,10452.0,290.43,0,50,0,52.28
3782,4057.0,10455.0,396.67,0,20,0,71.4
3783,4057.0,10456.0,297.38,30,20,0,53.53
3784,4062.0,10469.0,304.02,0,20,0,54.72
3785,4063.0,10471.0,299.94,0,0,0,53.99
3786,4064.0,10472.0,298.78,0,20,0,53.78
3787,4064.0,10473.0,300.98,0,0,0,54.18
3788,4065.0,10478.0,196.12,30,20,0,35.3
3789,4067.0,10481.0,181.39,30,50,0,32.65
3790,4068.0,10484.0,274.42,30,0,0,49.4
3791,4069.0,10486.0,295.44,30,0,0,53.18
3792,4069.0,10487.0,315.53,30,0,0,56.8
3793,4069.0,10488.0,320.12,0,20,0,57.62
3794,4070.0,10489.0,376.24,0,0,0,67.72
3795,4071.0,10491.0,284.73,30,0,0,51.25
3796,4072.0,10493.0,307.81,0,20,0,55.41
3797,4074.0,10496.0,267.32,30,50,0,48.12
3798,4074.0,10497.0,308.79,30,0,0,55.58
3799,4076.0,10503.0,319.43,0,0,0,57.5
3800,4079.0,10510.0,341.91,0,50,0,61.54
3801,4080.0,10513.0,383.09,0,20,0,68.96
3802,4082.0,10517.0,292.04,30,20,1,52.57
3803,4083.0,10522.0,300.19,30,0,0,54.03
3804,4083.0,10524.0,367.17,0,0,0,66.09
3805,4084.0,10526.0,260.07,0,50,0,46.81
3806,4088.0,10531.0,343.81,0,0,0,61.89
3807,4091.0,10536.0,427.36,0,0,0,76.92
3808,4092.0,10538.0,434.58,0,0,0,78.22
3809,4092.0,10541.0,263.07,30,0,0,47.35
3810,4093.0,10545.0,334.52,0,0,0,60.21
3811,4093.0,10546.0,259.48,30,50,0,46.71
3812,4094.0,10548.0,404.98,0,20,0,72.9
3813,4094.0,10552.0,334.53,0,0,0,60.22
3814,4095.0,10553.0,473.13,0,0,0,85.16
3815,4095.0,10554.0,142.49,30,50,0,25.65
3816,4095.0,10556.0,255.34,30,50,0,45.96
3817,4096.0,10558.0,383.99,0,0,0,69.12
3818,4096.0,10560.0,412.82,0,0,0,74.31
3819,4099.0,10563.0,439.74,0,0,0,79.15
3820,4100.0,10564.0,325.88,0,0,0,58.66
3821,4100.0,10565.0,234.57,30,50,0,42.22
3822,4101.0,10566.0,302.22,0,0,0,54.4
3823,4101.0,10570.0,337.4,0,50,0,60.73
3824,4104.0,10578.0,425.71,0,0,0,76.63
3825,4107.0,10581.0,218.06,30,50,0,39.25
3826,4107.0,10583.0,304.47,30,0,0,54.8
3827,4108.0,10586.0,233.29,30,50,0,41.99
3828,4108.0,10588.0,358.13,0,50,0,64.46
3829,4113.0,10594.0,332.1,0,0,0,59.78
3830,4113.0,10598.0,456.58,0,0,0,82.18
3831,4115.0,10600.0,279.11,0,20,0,50.24
3832,4116.0,10604.0,369.61,0,0,0,66.53
3833,4117.0,10606.0,287.89,30,0,0,51.82
3834,4118.0,10609.0,303.13,0,0,0,54.56
3835,4118.0,10611.0,242.67,30,0,0,43.68
3836,4119.0,10616.0,387.15,0,20,0,69.69
3837,4120.0,10617.0,332.66,0,20,0,59.88
3838,4121.0,10621.0,387.11,0,0,1,69.68
3839,4121.0,10623.0,217.5,30,50,0,39.15
3840,4125.0,10627.0,490.68,0,0,0,88.32
3841,4126.0,10628.0,456.7,0,0,0,82.21
3842,4127.0,10630.0,338.81,0,0,0,60.99
3843,4134.0,10641.0,254.06,30,0,0,45.73
3844,4135.0,10645.0,360.77,0,0,0,64.94
3845,4135.0,10646.0,239.35,30,20,0,43.08
3846,4135.0,10647.0,418.66,0,0,0,75.36
3847,4137.0,10651.0,163.26,30,50,0,29.39
3848,4138.0,10654.0,382.62,0,0,0,68.87
3849,4139.0,10656.0,409.71,0,0,0,73.75
3850,4142.0,10659.0,397.3,0,0,0,71.51
3851,4143.0,10661.0,432.17,0,0,0,77.79
3852,4148.0,10674.0,333.3,0,20,0,59.99
3853,4149.0,10675.0,259.03,30,20,0,46.63
3854,4149.0,10676.0,201.4,30,0,0,36.25
3855,4151.0,10683.0,289.94,0,50,0,52.19
3856,4151.0,10684.0,478.14,0,0,0,86.07
3857,4151.0,10685.0,319.45,0,20,1,57.5
3858,4154.0,10686.0,386.02,0,0,0,69.48
3859,4154.0,10687.0,198.03,30,20,0,35.65
3860,4155.0,10688.0,386.11,0,0,0,69.5
3861,4155.0,10689.0,391.52,0,20,0,70.47
3862,4155.0,10690.0,294.47,30,20,0,53.0
3863,4157.0,10693.0,264.14,30,0,0,47.55
3864,4157.0,10695.0,350.79,0,0,0,63.14
3865,4161.0,10705.0,404.99,0,20,0,72.9
3866,4162.0,10707.0,287.82,0,20,0,51.81
3867,4162.0,10708.0,325.54,30,0,0,58.6
3868,4163.0,10709.0,165.88,30,0,0,29.86
3869,4163.0,10710.0,404.53,0,20,0,72.82
3870,4163.0,10711.0,336.43,0,0,0,60.56
3871,4164.0,10716.0,303.16,0,20,0,54.57
3872,4165.0,10718.0,238.37,30,50,0,42.91
3873,4165.0,10719.0,263.67,30,20,0,47.46
3874,4165.0,10721.0,368.48,0,0,0,66.33
3875,4168.0,10727.0,473.14,0,0,0,85.17
3876,4168.0,10728.0,229.46,30,50,0,41.3
3877,4169.0,10729.0,413.71,0,20,0,74.47
3878,4169.0,10730.0,292.76,30,20,0,52.7
3879,4170.0,10731.0,201.76,30,50,0,36.32
3880,4170.0,10732.0,345.31,0,0,0,62.16
3881,4170.0,10733.0,236.66,30,0,0,42.6
3882,4171.0,10736.0,312.44,0,20,0,56.24
3883,4171.0,10737.0,396.92,0,0,1,71.45
3884,4172.0,10739.0,334.54,0,0,0,60.22
3885,4172.0,10740.0,323.59,0,0,0,58.25
3886,4172.0,10744.0,376.4,0,0,0,67.75
3887,4172.0,10745.0,373.43,0,20,0,67.22
3888,4173.0,10746.0,345.02,0,0,0,62.1
3889,4174.0,10751.0,327.57,0,20,0,58.96
3890,4175.0,10752.0,258.41,30,20,0,46.51
3891,4183.0,10764.0,351.13,0,20,0,63.2
3892,4187.0,10770.0,310.01,0,0,1,55.8
3893,4187.0,10771.0,493.25,0,20,0,88.78
3894,4187.0,10772.0,289.29,0,50,0,52.07
3895,4188.0,10773.0,248.57,30,0,0,44.74
3896,4189.0,10775.0,353.52,0,0,0,63.63
3897,4190.0,10777.0,310.94,0,0,0,55.97
3898,4190.0,10778.0,256.15,30,20,0,46.11
3899,4190.0,10779.0,238.74,30,0,0,42.97
3900,4191.0,10781.0,517.68,0,0,0,93.18
3901,4192.0,10783.0,459.18,0,20,0,82.65
3902,4193.0,10784.0,304.21,30,0,0,54.76
3903,4193.0,10785.0,214.39,30,50,0,38.59
3904,4193.0,10786.0,351.68,0,0,0,63.3
3905,4196.0,10789.0,344.85,0,0,0,62.07
3906,4197.0,10790.0,279.83,30,0,0,50.37
3907,4197.0,10791.0,204.83,30,0,0,36.87
3908,4198.0,10797.0,243.14,30,0,0,43.77
3909,4199.0,10800.0,439.42,0,0,0,79.1
3910,4199.0,10801.0,282.16,0,20,1,50.79
3911,4199.0,10802.0,294.38,0,20,0,52.99
3912,4200.0,10803.0,271.53,30,50,0,48.88
3913,4201.0,10806.0,255.31,30,50,0,45.96
3914,4202.0,10809.0,366.4,0,50,0,65.95
3915,4202.0,10810.0,295.19,0,20,0,53.13
3916,4205.0,10812.0,362.81,0,50,0,65.31
3917,4206.0,10814.0,359.63,0,20,0,64.73
3918,4207.0,10817.0,203.42,30,50,0,36.62
3919,4217.0,10831.0,194.38,30,20,0,34.99
3920,4221.0,10835.0,220.17,30,0,0,39.63
3921,4221.0,10836.0,328.89,0,50,0,59.2
3922,4221.0,10838.0,350.76,0,20,0,63.14
3923,4222.0,10845.0,311.57,30,0,0,56.08
3924,4224.0,10847.0,280.0,30,20,0,50.4
3925,4224.0,10849.0,402.14,0,0,0,72.39
3926,4225.0,10851.0,230.87,30,0,0,41.56
3927,4225.0,10853.0,412.05,0,0,0,74.17
3928,4227.0,10859.0,425.5,0,0,0,76.59
3929,4230.0,10864.0,283.44,30,0,0,51.02
3930,4231.0,10865.0,279.81,30,0,0,50.37
3931,4231.0,10867.0,462.83,0,50,0,83.31
3932,4231.0,10870.0,412.35,0,0,0,74.22
3933,4231.0,10871.0,414.21,0,0,0,74.56
3934,4236.0,10878.0,355.58,0,50,0,64.0
3935,4236.0,10879.0,293.04,0,50,0,52.75
3936,4237.0,10882.0,297.7,30,0,0,53.59
3937,4238.0,10883.0,324.82,0,50,0,58.47
3938,4238.0,10887.0,331.64,0,0,0,59.7
3939,4239.0,10889.0,346.57,0,0,0,62.38
3940,4239.0,10892.0,290.59,30,0,0,52.31
3941,4240.0,10895.0,521.21,0,0,0,93.82
3942,4243.0,10901.0,357.97,0,0,0,64.43
3943,4248.0,10911.0,271.83,30,20,0,48.93
3944,4248.0,10912.0,304.87,0,0,0,54.88
3945,4252.0,10918.0,260.8,30,20,0,46.94
3946,4252.0,10921.0,357.35,0,0,0,64.32
3947,4254.0,10926.0,268.8,30,50,0,48.38
3948,4254.0,10927.0,391.99,0,0,0,70.56
3949,4254.0,10928.0,382.68,0,0,0,68.88
3950,4254.0,10929.0,306.16,30,0,0,55.11
3951,4256.0,10936.0,325.24,0,50,0,58.54
3952,4257.0,10939.0,203.34,30,50,0,36.6
3953,4257.0,10940.0,314.78,0,0,0,56.66
3954,4257.0,10942.0,158.2,30,20,0,28.48
3955,4258.0,10944.0,242.04,30,0,0,43.57
3956,4258.0,10945.0,314.66,0,0,0,56.64
3957,4259.0,10946.0,394.71,0,0,0,71.05
3958,4259.0,10948.0,285.69,30,0,1,51.42
3959,4260.0,10949.0,290.09,30,0,0,52.22
3960,4260.0,10950.0,339.38,0,0,0,61.09
3961,4260.0,10953.0,287.38,30,0,0,51.73
3962,4260.0,10954.0,317.77,0,50,0,57.2
3963,4261.0,10956.0,189.45,30,20,0,34.1
3964,4262.0,10960.0,157.88,30,0,0,28.42
3965,4264.0,10967.0,264.13,30,0,0,47.54
3966,4265.0,10969.0,343.87,0,0,0,61.9
3967,4267.0,10971.0,299.18,30,0,0,53.85
3968,4269.0,10981.0,460.75,0,0,0,82.94
3969,4269.0,10987.0,474.17,0,0,0,85.35
3970,4269.0,10988.0,499.33,0,0,0,89.88
3971,4270.0,10989.0,361.1,0,20,0,65.0
3972,4270.0,10993.0,221.77,30,0,0,39.92
3973,4271.0,10997.0,108.44,30,20,0,19.52
3974,4273.0,11001.0,281.42,0,50,0,50.66
3975,4273.0,11003.0,258.27,30,20,0,46.49
3976,4278.0,11008.0,262.42,0,50,0,47.24
3977,4280.0,11012.0,261.09,30,20,0,47.0
3978,4281.0,11015.0,365.15,0,0,0,65.73
3979,4281.0,11018.0,322.05,0,0,0,57.97
3980,4282.0,11021.0,325.43,30,0,0,58.58
3981,4282.0,11022.0,344.03,0,0,0,61.93
3982,4283.0,11023.0,379.92,0,0,0,68.39
3983,4286.0,11031.0,433.64,0,0,0,78.06
3984,4287.0,11034.0,138.69,30,50,0,24.96
3985,4289.0,11037.0,314.24,30,0,0,56.56
3986,4291.0,11042.0,326.53,30,0,0,58.78
3987,4293.0,11043.0,412.08,0,0,0,74.17
3988,4293.0,11044.0,398.45,0,0,0,71.72
3989,4293.0,11046.0,265.2,30,50,0,47.74
3990,4293.0,11047.0,246.94,30,0,0,44.45
3991,4299.0,11057.0,347.26,0,0,0,62.51
3992,4300.0,11059.0,192.41,30,50,0,34.63
3993,4300.0,11060.0,542.6,0,0,0,97.67
3994,4300.0,11062.0,301.24,0,0,0,54.22
3995,4300.0,11063.0,264.14,30,0,0,47.55
3996,4302.0,11069.0,307.77,0,0,0,55.4
3997,4302.0,11070.0,175.65,30,0,0,31.62
3998,4302.0,11071.0,434.79,0,0,0,78.26
3999,4302.0,11076.0,417.9,0,50,0,75.22
4000,4303.0,11078.0,314.9,0,0,0,56.68
4001,4304.0,11079.0,241.94,30,50,0,43.55
4002,4307.0,11085.0,382.89,0,0,0,68.92
4003,4308.0,11086.0,421.32,0,0,0,75.84
4004,4308.0,11089.0,310.04,0,0,0,55.81
4005,4308.0,11090.0,206.48,30,50,0,37.17
4006,4309.0,11091.0,315.86,30,0,0,56.85
4007,4310.0,11093.0,402.8,0,0,0,72.5
4008,4310.0,11094.0,200.53,30,0,0,36.1
4009,4312.0,11100.0,288.57,0,20,0,51.94
4010,4313.0,11104.0,309.94,30,0,0,55.79
4011,4313.0,11105.0,299.13,30,0,0,53.84
4012,4314.0,11107.0,317.29,30,0,0,57.11
4013,4316.0,11112.0,354.83,0,0,0,63.87
4014,4317.0,11113.0,296.36,30,0,0,53.34
4015,4318.0,11116.0,256.16,30,0,0,46.11
4016,4319.0,11123.0,422.02,0,20,0,75.96
4017,4320.0,11125.0,401.52,0,50,0,72.27
4018,4320.0,11126.0,335.67,0,0,0,60.42
4019,4321.0,11130.0,345.26,0,20,0,62.15
4020,4321.0,11131.0,315.42,0,0,0,56.78
4021,4323.0,11135.0,294.1,30,0,0,52.94
4022,4324.0,11140.0,423.7,0,0,0,76.27
4023,4325.0,11141.0,264.82,30,0,0,47.67
4024,4326.0,11143.0,375.99,0,0,0,67.68
4025,4327.0,11146.0,441.66,0,0,0,79.5
4026,4328.0,11150.0,243.9,30,50,0,43.9
4027,4328.0,11151.0,278.06,0,50,0,50.05
4028,4328.0,11153.0,411.65,0,20,0,74.1
4029,4328.0,11155.0,524.36,0,0,0,94.38
4030,4330.0,11159.0,436.81,0,20,0,78.63
4031,4331.0,11162.0,318.77,30,0,0,57.38
4032,4333.0,11167.0,272.04,0,50,0,48.97
4033,4334.0,11170.0,320.64,0,0,0,57.72
4034,4335.0,11171.0,572.35,0,0,0,103.02
4035,4337.0,11173.0,248.72,30,0,0,44.77
4036,4339.0,11177.0,259.0,30,50,0,46.62
4037,4340.0,11181.0,243.78,30,0,0,43.88
4038,4342.0,11184.0,393.64,0,20,1,70.86
4039,4343.0,11187.0,356.17,0,0,0,64.11
4040,4346.0,11189.0,346.35,0,0,0,62.34
4041,4351.0,11199.0,460.85,0,0,0,82.95
4042,4352.0,11202.0,352.18,0,20,0,63.39
4043,4352.0,11203.0,223.9,30,50,0,40.3
4044,4353.0,11204.0,118.82,30,20,0,21.39
4045,4355.0,11213.0,353.77,0,20,0,63.68
4046,4355.0,11214.0,299.65,30,0,0,53.94
4047,4355.0,11215.0,296.46,0,20,0,53.36
4048,4356.0,11217.0,359.17,0,0,0,64.65
4049,4359.0,11227.0,327.49,0,50,0,58.95
4050,4360.0,11229.0,272.04,30,0,0,48.97
4051,4360.0,11230.0,108.05,30,50,0,19.45
4052,4361.0,11232.0,253.66,30,50,0,45.66
4053,4361.0,11233.0,274.46,30,0,0,49.4
4054,4366.0,11248.0,228.29,30,50,0,41.09
4055,4367.0,11250.0,325.01,30,0,0,58.5
4056,4368.0,11253.0,330.66,0,50,0,59.52
4057,4370.0,11257.0,268.16,30,50,0,48.27
4058,4370.0,11258.0,301.25,0,0,0,54.22
4059,4370.0,11259.0,421.58,0,0,0,75.88
4060,4370.0,11260.0,247.51,30,20,0,44.55
4061,4371.0,11263.0,337.39,0,50,0,60.73
4062,4371.0,11265.0,412.98,0,0,0,74.34
4063,4373.0,11270.0,399.44,0,20,0,71.9
4064,4376.0,11273.0,313.94,30,0,0,56.51
4065,4378.0,11274.0,325.94,30,0,0,58.67
4066,4378.0,11276.0,168.08,30,50,0,30.25
4067,4379.0,11280.0,314.79,30,0,0,56.66
4068,4380.0,11281.0,304.89,0,0,0,54.88
4069,4380.0,11282.0,290.87,30,20,0,52.36
4070,4380.0,11283.0,283.81,0,20,0,51.09
4071,4381.0,11284.0,396.38,0,0,0,71.35
4072,4381.0,11288.0,312.44,0,0,0,56.24
4073,4381.0,11289.0,175.98,30,50,0,31.68
4074,4382.0,11291.0,269.68,30,50,1,48.54
4075,4382.0,11292.0,422.39,0,0,0,76.03
4076,4383.0,11301.0,410.28,0,0,0,73.85
4077,4383.0,11303.0,283.37,0,20,0,51.01
4078,4384.0,11305.0,337.25,0,0,0,60.7
4079,4386.0,11310.0,310.42,0,0,0,55.88
4080,4391.0,11315.0,165.64,30,20,0,29.82
4081,4392.0,11317.0,243.52,30,20,0,43.83
4082,4397.0,11325.0,250.52,0,50,0,45.09
4083,4397.0,11327.0,358.64,0,0,0,64.56
4084,4397.0,11328.0,383.68,0,0,0,69.06
4085,4398.0,11330.0,238.63,30,50,0,42.95
4086,4398.0,11331.0,431.62,0,20,0,77.69
4087,4398.0,11332.0,249.85,30,0,0,44.97
4088,4398.0,11333.0,367.8,0,0,0,66.2
4089,4400.0,11338.0,177.39,30,0,0,31.93
4090,4400.0,11339.0,379.67,0,0,1,68.34
4091,4400.0,11340.0,324.39,30,0,0,58.39
4092,4401.0,11342.0,229.95,30,0,0,41.39
4093,4402.0,11343.0,319.73,0,50,0,57.55
4094,4402.0,11345.0,317.36,30,0,0,57.12
4095,4403.0,11346.0,207.93,30,50,0,37.43
4096,4404.0,11348.0,313.5,0,20,0,56.43
4097,4407.0,11350.0,364.22,0,20,0,65.56
4098,4408.0,11351.0,319.67,30,0,1,57.54
4099,4408.0,11352.0,325.38,30,0,0,58.57
4100,4408.0,11354.0,462.06,0,20,0,83.17
4101,4411.0,11361.0,288.74,30,0,0,51.97
4102,4412.0,11364.0,307.59,0,20,0,55.37
4103,4417.0,11370.0,566.4,0,50,0,101.95
4104,4418.0,11373.0,310.6,30,0,0,55.91
4105,4418.0,11374.0,310.23,0,0,0,55.84
4106,4421.0,11378.0,121.82,30,20,0,21.93
4107,4421.0,11381.0,361.27,0,50,0,65.03
4108,4422.0,11386.0,264.98,30,0,0,47.7
4109,4424.0,11392.0,234.42,30,0,0,42.2
4110,4426.0,11394.0,475.42,0,0,0,85.58
4111,4426.0,11396.0,374.36,0,20,0,67.38
4112,4429.0,11401.0,218.58,30,0,0,39.34
4113,4430.0,11406.0,435.18,0,0,0,78.33
4114,4431.0,11409.0,390.0,0,0,0,70.2
4115,4433.0,11414.0,433.22,0,0,0,77.98
4116,4433.0,11415.0,289.97,0,50,0,52.19
4117,4433.0,11416.0,267.06,30,0,0,48.07
4118,4434.0,11417.0,278.35,30,50,0,50.1
4119,4435.0,11421.0,237.57,30,0,0,42.76
4120,4435.0,11422.0,397.91,0,50,0,71.62
4121,4435.0,11423.0,316.43,0,0,0,56.96
4122,4436.0,11424.0,335.41,0,50,0,60.37
4123,4436.0,11425.0,505.6,0,0,0,91.01
4124,4436.0,11426.0,384.25,0,20,0,69.16
4125,4437.0,11428.0,235.33,30,20,0,42.36
4126,4437.0,11429.0,270.4,0,50,0,48.67
4127,4438.0,11431.0,203.96,30,50,0,36.71
4128,4438.0,11432.0,275.28,30,20,0,49.55
4129,4439.0,11433.0,282.8,30,0,0,50.9
4130,4442.0,11434.0,247.17,30,50,1,44.49
4131,4443.0,11436.0,349.09,0,0,0,62.84
4132,4443.0,11437.0,387.76,0,20,0,69.8
4133,4443.0,11438.0,320.86,0,50,0,57.75
4134,4444.0,11441.0,322.81,0,20,0,58.11
4135,4446.0,11446.0,274.0,30,20,0,49.32
4136,4446.0,11449.0,106.55,30,50,0,19.18
4137,4447.0,11451.0,364.96,0,0,0,65.69
4138,4449.0,11458.0,280.92,0,20,0,50.57
4139,4450.0,11461.0,316.05,0,0,0,56.89
4140,4450.0,11462.0,310.52,0,0,0,55.89
4141,4451.0,11468.0,492.94,0,20,0,88.73
4142,4453.0,11474.0,261.95,30,0,0,47.15
4143,4453.0,11477.0,294.04,30,0,1,52.93
4144,4454.0,11481.0,406.96,0,0,0,73.25
4145,4456.0,11483.0,270.3,30,0,0,48.65
4146,4456.0,11484.0,507.03,0,0,0,91.27
4147,4457.0,11486.0,347.94,0,0,0,62.63
4148,4458.0,11488.0,272.31,30,0,0,49.02
4149,4459.0,11492.0,486.93,0,0,0,87.65
4150,4461.0,11495.0,245.21,30,0,0,44.14
4151,4461.0,11496.0,211.86,30,50,0,38.13
4152,4462.0,11499.0,290.86,0,50,0,52.35
4153,4463.0,11505.0,321.02,0,0,0,57.78
4154,4465.0,11508.0,304.52,30,0,0,54.81
4155,4469.0,11517.0,216.67,30,0,0,39.0
4156,4471.0,11522.0,293.67,30,0,0,52.86
4157,4471.0,11523.0,256.09,30,0,0,46.1
4158,4472.0,11525.0,457.27,0,0,0,82.31
4159,4472.0,11526.0,308.74,0,0,0,55.57
4160,4473.0,11528.0,405.3,0,0,0,72.95
4161,4473.0,11530.0,428.46,0,0,0,77.12
4162,4473.0,11531.0,496.65,0,0,0,89.4
4163,4474.0,11534.0,319.85,30,0,0,57.57
4164,4475.0,11537.0,169.6,30,50,0,30.53
4165,4476.0,11542.0,261.87,30,50,0,47.14
4166,4477.0,11545.0,377.19,0,0,0,67.89
4167,4478.0,11546.0,310.83,30,0,0,55.95
4168,4479.0,11547.0,376.63,0,0,0,67.79
4169,4479.0,11548.0,366.36,0,0,0,65.94
4170,4479.0,11549.0,320.39,30,0,0,57.67
4171,4479.0,11551.0,242.05,30,0,0,43.57
4172,4479.0,11553.0,139.63,30,20,0,25.13
4173,4480.0,11555.0,325.45,0,0,0,58.58
4174,4481.0,11557.0,458.09,0,0,0,82.46
4175,4481.0,11558.0,319.61,30,0,0,57.53
4176,4481.0,11560.0,320.33,0,20,0,57.66
4177,4482.0,11561.0,315.17,30,0,0,56.73
4178,4484.0,11564.0,293.12,30,0,0,52.76
4179,4485.0,11569.0,270.41,30,0,0,48.67
4180,4486.0,11571.0,291.87,30,0,0,52.54
4181,4487.0,11575.0,287.07,0,50,0,51.67
4182,4488.0,11579.0,281.88,30,0,0,50.74
4183,4491.0,11583.0,392.37,0,20,0,70.63
4184,4492.0,11585.0,311.12,30,0,0,56.0
4185,4492.0,11588.0,267.94,30,50,0,48.23
4186,4494.0,11595.0,345.53,0,0,0,62.2
4187,4494.0,11598.0,473.12,0,20,0,85.16
4188,4496.0,11603.0,262.48,30,0,0,47.25
4189,4497.0,11605.0,445.82,0,20,0,80.25
4190,4498.0,11608.0,488.01,0,0,0,87.84
4191,4498.0,11609.0,256.8,0,50,0,46.22
4192,4499.0,11616.0,348.03,0,50,0,62.65
4193,4500.0,11617.0,307.69,30,20,0,55.38
4194,4500.0,11618.0,285.83,0,20,0,51.45
4195,4500.0,11620.0,231.4,30,0,0,41.65
4196,4502.0,11626.0,249.68,30,0,0,44.94
4197,4502.0,11627.0,433.27,0,0,0,77.99
4198,4502.0,11629.0,281.09,0,50,0,50.6
4199,4504.0,11630.0,428.01,0,20,0,77.04
4200,4504.0,11632.0,410.93,0,0,0,73.97
4201,4505.0,11635.0,344.24,0,0,0,61.96
4202,4506.0,11637.0,334.5,0,0,0,60.21
4203,4507.0,11638.0,348.4,0,0,0,62.71
4204,4509.0,11640.0,256.09,30,0,0,46.1
4205,4509.0,11644.0,280.16,0,20,0,50.43
4206,4510.0,11648.0,229.71,30,0,0,41.35
4207,4510.0,11649.0,196.51,30,0,0,35.37
4208,4511.0,11650.0,238.12,30,20,0,42.86
4209,4513.0,11657.0,265.86,30,0,0,47.85
4210,4515.0,11659.0,406.58,0,20,0,73.18
4211,4515.0,11660.0,323.87,0,0,0,58.3
4212,4515.0,11661.0,339.1,0,0,0,61.04
4213,4516.0,11663.0,141.82,30,0,0,25.53
4214,4518.0,11669.0,286.09,30,0,0,51.5
4215,4519.0,11673.0,299.36,30,0,1,53.88
4216,4524.0,11678.0,359.13,0,20,0,64.64
4217,4524.0,11680.0,363.61,0,20,0,65.45
4218,4524.0,11681.0,261.75,0,50,0,47.11
4219,4525.0,11685.0,316.42,30,0,0,56.96
4220,4526.0,11686.0,357.0,0,0,0,64.26
4221,4526.0,11689.0,401.21,0,50,1,72.22
4222,4531.0,11691.0,465.15,0,0,0,83.73
4223,4531.0,11696.0,467.64,0,0,0,84.18
4224,4532.0,11700.0,290.21,0,20,0,52.24
4225,4532.0,11701.0,281.39,30,0,0,50.65
4226,4533.0,11704.0,373.29,0,0,0,67.19
4227,4536.0,11714.0,375.49,0,0,0,67.59
4228,4536.0,11715.0,301.59,30,0,0,54.29
4229,4536.0,11716.0,449.91,0,0,0,80.98
4230,4538.0,11720.0,324.9,30,0,0,58.48
4231,4539.0,11723.0,341.43,0,50,0,61.46
4232,4539.0,11724.0,293.94,30,0,0,52.91
4233,4539.0,11725.0,257.01,30,50,0,46.26
4234,4540.0,11728.0,186.79,30,20,0,33.62
4235,4541.0,11730.0,398.08,0,20,0,71.65
4236,4541.0,11731.0,321.76,0,50,0,57.92
4237,4542.0,11734.0,314.39,0,50,0,56.59
4238,4542.0,11737.0,307.15,0,0,0,55.29
4239,4544.0,11739.0,229.18,30,0,0,41.25
4240,4545.0,11742.0,329.89,0,20,0,59.38
4241,4546.0,11745.0,407.77,0,0,0,73.4
4242,4547.0,11748.0,316.98,0,20,0,57.06
4243,4547.0,11751.0,412.33,0,0,0,74.22
4244,4548.0,11755.0,250.09,30,0,0,45.02
4245,4551.0,11761.0,283.34,30,0,0,51.0
4246,4553.0,11768.0,279.52,0,50,0,50.31
4247,4554.0,11769.0,322.86,0,20,0,58.11
4248,4556.0,11773.0,368.61,0,0,0,66.35
4249,4558.0,11776.0,315.14,30,0,0,56.73
4250,4558.0,11777.0,327.08,0,0,0,58.87
4251,4558.0,11778.0,253.18,30,0,0,45.57
4252,4559.0,11781.0,347.17,0,0,0,62.49
4253,4560.0,11784.0,322.87,30,0,0,58.12
4254,4561.0,11785.0,423.39,0,0,0,76.21
4255,4561.0,11790.0,221.32,30,20,0,39.84
4256,4562.0,11791.0,282.78,30,0,0,50.9
4257,4562.0,11792.0,126.86,30,0,0,22.83
4258,4563.0,11795.0,280.08,0,20,0,50.41
4259,4563.0,11797.0,130.54,30,50,0,23.5
4260,4565.0,11799.0,263.13,30,20,0,47.36
4261,4565.0,11800.0,332.87,0,20,0,59.92
4262,4565.0,11803.0,117.64,30,0,0,21.18
4263,4566.0,11807.0,271.51,30,0,0,48.87
4264,4568.0,11814.0,286.19,30,0,0,51.51
4265,4568.0,11816.0,383.64,0,0,0,69.06
4266,4569.0,11818.0,263.74,30,0,0,47.47
4267,4570.0,11822.0,277.93,30,50,1,50.03
4268,4572.0,11829.0,358.43,0,0,0,64.52
4269,4572.0,11832.0,225.79,30,50,0,40.64
4270,4573.0,11833.0,353.67,0,0,0,63.66
4271,4574.0,11836.0,239.15,30,50,0,43.05
4272,4574.0,11838.0,266.18,30,0,0,47.91
4273,4575.0,11842.0,288.62,0,50,0,51.95
4274,4577.0,11848.0,498.98,0,0,0,89.82
4275,4579.0,11852.0,117.46,30,0,0,21.14
4276,4579.0,11853.0,304.97,30,0,0,54.89
4277,4581.0,11857.0,186.82,30,50,0,33.63
4278,4582.0,11860.0,356.7,0,20,0,64.21
4279,4586.0,11867.0,320.9,0,0,0,57.76
4280,4586.0,11868.0,187.13,30,50,0,33.68
4281,4588.0,11869.0,348.09,0,20,0,62.66
4282,4591.0,11876.0,183.93,30,0,0,33.11
4283,4591.0,11877.0,257.28,30,50,0,46.31
4284,4594.0,11884.0,344.67,0,20,0,62.04
4285,4594.0,11886.0,265.61,30,0,0,47.81
4286,4594.0,11887.0,330.85,0,20,0,59.55
4287,4597.0,11890.0,313.47,30,0,0,56.42
4288,4597.0,11891.0,241.81,30,50,0,43.53
4289,4599.0,11896.0,305.5,0,50,0,54.99
4290,4600.0,11902.0,358.1,0,50,0,64.46
4291,4601.0,11903.0,313.13,0,0,0,56.36
4292,4602.0,11905.0,314.69,0,0,0,56.64
4293,4604.0,11911.0,306.72,30,20,0,55.21
4294,4605.0,11914.0,401.64,0,0,0,72.3
4295,4605.0,11915.0,194.84,30,50,0,35.07
4296,4606.0,11918.0,361.36,0,50,0,65.04
4297,4608.0,11922.0,173.62,30,0,0,31.25
4298,4609.0,11924.0,311.39,0,20,0,56.05
4299,4611.0,11929.0,328.86,0,0,0,59.19
4300,4613.0,11932.0,271.54,30,50,0,48.88
4301,4615.0,11938.0,319.69,30,0,0,57.54
4302,4615.0,11939.0,295.01,30,0,0,53.1
4303,4618.0,11947.0,251.47,30,50,0,45.26
4304,4618.0,11949.0,408.78,0,20,0,73.58
4305,4619.0,11950.0,353.32,0,20,0,63.6
4306,4620.0,11952.0,386.53,0,50,0,69.58
4307,4622.0,11959.0,303.58,0,0,0,54.64
4308,4622.0,11960.0,360.55,0,0,1,64.9
4309,4622.0,11961.0,178.67,30,0,0,32.16
4310,4622.0,11965.0,264.84,30,0,0,47.67
4311,4623.0,11967.0,261.67,30,0,0,47.1
4312,4623.0,11968.0,324.78,30,0,0,58.46
4313,4623.0,11969.0,201.06,30,0,0,36.19
4314,4623.0,11970.0,326.99,0,0,0,58.86
4315,4628.0,11979.0,332.99,0,0,0,59.94
4316,4632.0,11985.0,285.14,30,0,0,51.33
4317,4633.0,11988.0,89.12,30,0,0,16.04
4318,4633.0,11989.0,281.87,0,50,0,50.74
4319,4634.0,11991.0,301.73,0,0,0,54.31
4320,4634.0,11992.0,256.38,30,0,0,46.15
4321,4636.0,11994.0,448.23,0,0,0,80.68
4322,4636.0,11996.0,357.24,0,50,0,64.3
4323,4636.0,11998.0,357.35,0,0,0,64.32
4324,4639.0,12007.0,255.06,30,50,0,45.91
4325,4641.0,12010.0,315.2,30,0,0,56.74
4326,4641.0,12012.0,352.74,0,50,0,63.49
4327,4644.0,12016.0,516.71,0,0,0,93.01
4328,4646.0,12018.0,274.46,30,50,0,49.4
4329,4646.0,12019.0,300.85,30,0,0,54.15
4330,4647.0,12020.0,322.0,0,50,0,57.96
4331,4648.0,12021.0,329.69,0,0,1,59.34
4332,4652.0,12027.0,407.11,0,20,0,73.28
4333,4654.0,12029.0,261.49,30,50,0,47.07
4334,4654.0,12034.0,328.8,30,0,0,59.18
4335,4655.0,12035.0,297.76,30,0,0,53.6
4336,4655.0,12036.0,241.5,30,0,0,43.47
4337,4658.0,12040.0,445.47,0,0,0,80.18
4338,4659.0,12045.0,306.42,0,50,0,55.16
4339,4659.0,12047.0,476.06,0,0,0,85.69
4340,4660.0,12048.0,311.81,0,0,1,56.13
4341,4660.0,12051.0,282.82,30,0,0,50.91
4342,4660.0,12054.0,303.5,0,0,0,54.63
4343,4661.0,12056.0,435.06,0,0,0,78.31
4344,4661.0,12057.0,321.89,0,0,0,57.94
4345,4662.0,12058.0,300.34,0,0,0,54.06
4346,4663.0,12061.0,458.33,0,20,0,82.5
4347,4663.0,12065.0,312.25,30,0,0,56.2
4348,4665.0,12067.0,365.11,0,0,0,65.72
4349,4665.0,12068.0,316.51,0,0,0,56.97
4350,4665.0,12069.0,387.61,0,0,0,69.77
4351,4666.0,12071.0,392.63,0,0,0,70.67
4352,4667.0,12073.0,366.88,0,50,0,66.04
4353,4668.0,12076.0,358.47,0,0,0,64.52
4354,4668.0,12077.0,374.1,0,20,0,67.34
4355,4669.0,12079.0,124.58,30,50,0,22.42
4356,4672.0,12086.0,339.71,0,50,0,61.15
4357,4672.0,12088.0,388.81,0,50,0,69.99
4358,4673.0,12092.0,327.55,0,20,0,58.96
4359,4673.0,12093.0,322.29,0,0,0,58.01
4360,4676.0,12095.0,319.22,0,50,0,57.46
4361,4676.0,12096.0,284.1,30,0,0,51.14
4362,4678.0,12099.0,278.17,30,0,0,50.07
4363,4678.0,12104.0,280.77,30,0,0,50.54
4364,4680.0,12106.0,300.65,30,0,0,54.12
4365,4682.0,12111.0,389.05,0,0,0,70.03
4366,4682.0,12112.0,421.9,0,0,0,75.94
4367,4683.0,12114.0,395.4,0,0,0,71.17
4368,4683.0,12117.0,220.59,30,50,0,39.71
4369,4683.0,12120.0,401.85,0,20,0,72.33
4370,4684.0,12122.0,152.27,30,50,0,27.41
4371,4684.0,12123.0,391.24,0,0,0,70.42
4372,4687.0,12133.0,390.89,0,0,0,70.36
4373,4688.0,12134.0,382.18,0,0,0,68.79
4374,4690.0,12141.0,360.31,0,0,0,64.86
4375,4692.0,12145.0,314.44,0,0,0,56.6
4376,4693.0,12149.0,246.05,30,0,0,44.29
4377,4693.0,12150.0,362.13,0,0,0,65.18
4378,4693.0,12152.0,427.45,0,0,0,76.94
4379,4695.0,12153.0,374.49,0,20,0,67.41
4380,4696.0,12159.0,337.85,0,20,0,60.81
4381,4697.0,12163.0,328.61,0,0,0,59.15
4382,4699.0,12164.0,305.24,30,20,0,54.94
4383,4699.0,12165.0,301.69,0,50,0,54.3
4384,4699.0,12166.0,152.37,30,50,0,27.43
4385,4700.0,12167.0,316.27,0,20,0,56.93
4386,4704.0,12172.0,259.09,30,20,0,46.64
4387,4705.0,12177.0,281.75,30,0,0,50.72
4388,4707.0,12181.0,292.97,0,50,0,52.73
4389,4708.0,12184.0,283.35,0,20,0,51.0
4390,4708.0,12185.0,415.59,0,0,0,74.81
4391,4710.0,12188.0,286.47,0,50,0,51.56
4392,4710.0,12190.0,326.94,0,0,0,58.85
4393,4710.0,12191.0,355.0,0,0,0,63.9
4394,4711.0,12194.0,274.12,0,50,0,49.34
4395,4713.0,12201.0,303.71,0,20,0,54.67
4396,4714.0,12202.0,124.4,30,0,0,22.39
4397,4714.0,12204.0,462.82,0,0,0,83.31
4398,4714.0,12206.0,402.82,0,0,0,72.51
4399,4715.0,12207.0,379.86,0,20,0,68.37
4400,4715.0,12209.0,393.97,0,0,0,70.91
4401,4722.0,12216.0,302.02,30,20,0,54.36
4402,4726.0,12228.0,231.2,30,20,0,41.62
4403,4726.0,12229.0,325.95,30,0,0,58.67
4404,4730.0,12240.0,295.65,30,0,0,53.22
4405,4733.0,12244.0,590.23,0,0,1,106.24
4406,4735.0,12251.0,186.74,30,0,0,33.61
4407,4735.0,12252.0,334.5,0,50,0,60.21
4408,4736.0,12254.0,198.23,30,50,0,35.68
4409,4737.0,12255.0,508.57,0,0,0,91.54
4410,4738.0,12256.0,236.17,30,50,0,42.51
4411,4743.0,12266.0,452.52,0,50,0,81.45
4412,4743.0,12270.0,408.76,0,0,0,73.58
4413,4743.0,12271.0,196.7,30,0,0,35.41
4414,4745.0,12274.0,363.37,0,50,0,65.41
4415,4745.0,12275.0,268.8,30,20,0,48.38
4416,4745.0,12276.0,499.8,0,50,0,89.96
4417,4747.0,12279.0,374.43,0,0,0,67.4
4418,4747.0,12280.0,199.34,30,50,0,35.88
4419,4748.0,12282.0,306.41,0,0,0,55.15
4420,4748.0,12283.0,274.71,30,50,0,49.45
4421,4748.0,12284.0,309.7,0,0,0,55.75
4422,4749.0,12287.0,50.0,30,50,0,9.0
4423,4749.0,12288.0,533.17,0,0,0,95.97
4424,4751.0,12289.0,282.02,30,0,0,50.76
4425,4752.0,12291.0,241.35,30,20,0,43.44
4426,4752.0,12292.0,308.65,30,0,0,55.56
4427,4753.0,12294.0,353.89,0,0,1,63.7
4428,4753.0,12295.0,203.27,30,50,0,36.59
4429,4755.0,12301.0,319.25,30,0,0,57.46
4430,4756.0,12304.0,199.51,30,0,0,35.91
4431,4757.0,12305.0,426.81,0,50,0,76.83
4432,4759.0,12307.0,302.82,0,0,0,54.51
4433,4761.0,12316.0,149.96,30,50,0,26.99
4434,4765.0,12324.0,277.78,30,0,0,50.0
4435,4766.0,12326.0,414.12,0,20,0,74.54
4436,4766.0,12327.0,336.32,0,0,0,60.54
4437,4767.0,12331.0,451.64,0,0,0,81.3
4438,4769.0,12338.0,324.22,0,0,0,58.36
4439,4770.0,12342.0,243.56,30,50,0,43.84
4440,4772.0,12347.0,281.49,30,20,0,50.67
4441,4772.0,12348.0,286.01,30,0,0,51.48
4442,4774.0,12352.0,356.78,0,0,0,64.22
4443,4775.0,12353.0,241.45,30,20,0,43.46
4444,4775.0,12354.0,175.8,30,50,0,31.64
4445,4775.0,12355.0,332.25,0,0,0,59.8
4446,4777.0,12364.0,400.1,0,50,0,72.02
4447,4779.0,12370.0,180.23,30,50,0,32.44
4448,4779.0,12371.0,492.03,0,0,0,88.57
4449,4779.0,12372.0,324.31,0,20,0,58.38
4450,4779.0,12373.0,144.88,30,50,0,26.08
4451,4780.0,12375.0,205.17,30,0,0,36.93
4452,4782.0,12381.0,400.85,0,50,0,72.15
4453,4784.0,12384.0,276.04,30,20,0,49.69
4454,4786.0,12387.0,436.91,0,0,0,78.64
4455,4786.0,12388.0,337.06,0,0,0,60.67
4456,4787.0,12390.0,298.39,30,20,0,53.71
4457,4789.0,12391.0,347.81,0,50,0,62.61
4458,4791.0,12392.0,466.68,0,0,0,84.0
4459,4793.0,12393.0,224.04,30,50,0,40.33
4460,4794.0,12400.0,183.31,30,50,0,33.0
4461,4794.0,12401.0,331.73,0,0,0,59.71
4462,4795.0,12402.0,308.67,0,0,0,55.56
4463,4798.0,12409.0,259.08,30,0,0,46.63
4464,4798.0,12410.0,339.68,0,0,0,61.14
4465,4801.0,12413.0,342.17,0,20,0,61.59
4466,4801.0,12415.0,312.31,0,50,0,56.22
4467,4803.0,12417.0,357.81,0,50,0,64.41
4468,4804.0,12420.0,253.61,30,50,0,45.65
4469,4804.0,12421.0,240.04,30,0,0,43.21
4470,4804.0,12424.0,424.31,0,0,1,76.38
4471,4805.0,12427.0,284.81,0,20,0,51.27
4472,4807.0,12430.0,371.76,0,0,0,66.92
4473,4808.0,12434.0,237.49,30,50,0,42.75
4474,4809.0,12435.0,444.48,0,0,0,80.01
4475,4809.0,12437.0,345.23,0,50,0,62.14
4476,4811.0,12442.0,349.36,0,0,0,62.88
4477,4813.0,12445.0,342.86,0,20,0,61.71
4478,4814.0,12446.0,216.56,30,20,0,38.98
4479,4815.0,12447.0,229.09,30,50,0,41.24
4480,4815.0,12449.0,396.02,0,0,0,71.28
4481,4815.0,12450.0,361.47,0,50,0,65.06
4482,4816.0,12453.0,429.58,0,50,0,77.32
4483,4817.0,12456.0,393.26,0,0,0,70.79
4484,4818.0,12457.0,286.04,0,20,0,51.49
4485,4818.0,12458.0,335.91,0,20,0,60.46
4486,4818.0,12459.0,296.17,0,20,0,53.31
4487,4820.0,12461.0,266.11,30,50,0,47.9
4488,4823.0,12463.0,263.5,30,20,0,47.43
4489,4823.0,12465.0,331.02,0,0,0,59.58
4490,4824.0,12468.0,326.29,0,0,0,58.73
4491,4824.0,12469.0,260.95,30,20,0,46.97
4492,4824.0,12470.0,343.6,0,20,0,61.85
4493,4827.0,12474.0,296.92,30,20,0,53.45
4494,4828.0,12476.0,433.71,0,0,0,78.07
4495,4828.0,12480.0,290.34,30,0,0,52.26
4496,4832.0,12486.0,308.24,30,20,0,55.48
4497,4832.0,12487.0,244.28,30,0,0,43.97
4498,4832.0,12489.0,275.29,30,0,0,49.55
4499,4835.0,12493.0,425.42,0,0,0,76.58
4500,4835.0,12494.0,315.83,30,0,0,56.85
4501,4838.0,12499.0,299.4,0,0,0,53.89
4502,4838.0,12500.0,313.11,0,50,0,56.36
4503,4839.0,12501.0,311.83,30,0,0,56.13
4504,4839.0,12502.0,496.08,0,0,0,89.29
4505,4840.0,12503.0,319.22,0,0,0,57.46
4506,4842.0,12505.0,334.48,0,0,0,60.21
4507,4845.0,12517.0,332.69,0,50,0,59.88
4508,4846.0,12519.0,407.2,0,0,1,73.3
4509,4846.0,12522.0,360.34,0,50,0,64.86
4510,4847.0,12524.0,305.39,0,0,0,54.97
4511,4848.0,12527.0,234.49,30,0,0,42.21
4512,4849.0,12529.0,217.27,30,0,0,39.11
4513,4849.0,12530.0,286.26,30,0,0,51.53
4514,4849.0,12531.0,144.3,30,50,0,25.97
4515,4849.0,12532.0,355.7,0,0,0,64.03
4516,4850.0,12534.0,354.39,0,0,0,63.79
4517,4852.0,12537.0,409.86,0,0,0,73.77
4518,4852.0,12539.0,273.21,30,0,0,49.18
4519,4855.0,12543.0,416.04,0,50,0,74.89
4520,4855.0,12544.0,246.84,30,0,0,44.43
4521,4857.0,12550.0,373.48,0,0,0,67.23
4522,4857.0,12551.0,296.27,30,0,1,53.33
4523,4860.0,12554.0,305.64,0,0,0,55.02
4524,4861.0,12556.0,181.56,30,20,0,32.68
4525,4861.0,12558.0,287.66,30,20,0,51.78
4526,4861.0,12559.0,300.61,0,0,0,54.11
4527,4861.0,12561.0,375.62,0,0,0,67.61
4528,4863.0,12564.0,385.15,0,20,0,69.33
4529,4865.0,12566.0,352.37,0,50,0,63.43
4530,4866.0,12568.0,298.47,30,0,0,53.72
4531,4866.0,12569.0,248.69,30,0,0,44.76
4532,4867.0,12570.0,237.34,30,0,0,42.72
4533,4868.0,12573.0,317.91,0,0,0,57.22
4534,4868.0,12574.0,408.19,0,0,0,73.47
4535,4868.0,12576.0,339.51,0,0,0,61.11
4536,4868.0,12579.0,249.59,30,0,0,44.93
4537,4870.0,12583.0,227.81,30,20,0,41.01
4538,4871.0,12587.0,282.33,30,0,0,50.82
4539,4873.0,12590.0,304.62,0,0,0,54.83
4540,4874.0,12592.0,348.84,0,0,0,62.79
4541,4875.0,12594.0,348.12,0,0,0,62.66
4542,4875.0,12595.0,276.26,0,50,0,49.73
4543,4875.0,12596.0,356.2,0,0,0,64.12
4544,4879.0,12602.0,388.78,0,0,0,69.98
4545,4879.0,12603.0,317.25,0,0,0,57.1
4546,4884.0,12613.0,369.67,0,20,0,66.54
4547,4886.0,12618.0,337.03,0,0,1,60.67
4548,4887.0,12619.0,308.69,0,0,0,55.56
4549,4887.0,12621.0,499.44,0,0,0,89.9
4550,4888.0,12623.0,353.78,0,0,0,63.68
4551,4890.0,12625.0,263.3,30,50,0,47.39
4552,4890.0,12627.0,181.45,30,0,0,32.66
4553,4891.0,12628.0,299.9,30,0,0,53.98
4554,4891.0,12629.0,365.25,0,0,1,65.74
4555,4891.0,12630.0,287.83,0,50,0,51.81
4556,4892.0,12634.0,276.39,30,0,0,49.75
4557,4893.0,12636.0,316.21,0,20,0,56.92
4558,4893.0,12637.0,270.3,30,50,1,48.65
4559,4894.0,12640.0,299.62,0,50,0,53.93
4560,4896.0,12642.0,419.2,0,50,0,75.46
4561,4896.0,12643.0,301.75,0,0,0,54.32
4562,4898.0,12646.0,317.97,30,0,0,57.23
4563,4901.0,12650.0,294.51,0,50,0,53.01
4564,4903.0,12652.0,370.76,0,50,0,66.74
4565,4903.0,12656.0,221.77,30,0,0,39.92
4566,4904.0,12660.0,361.03,0,0,0,64.99
4567,4904.0,12664.0,171.23,30,20,0,30.82
4568,4906.0,12668.0,425.68,0,0,0,76.62
4569,4907.0,12669.0,361.31,0,0,0,65.04
4570,4907.0,12673.0,404.96,0,0,0,72.89
4571,4907.0,12674.0,471.75,0,0,0,84.92
4572,4908.0,12679.0,298.69,0,20,1,53.76
4573,4909.0,12682.0,284.65,0,20,0,51.24
4574,4909.0,12683.0,253.74,0,50,0,45.67
4575,4910.0,12685.0,475.86,0,0,0,85.65
4576,4910.0,12687.0,204.29,30,0,0,36.77
4577,4911.0,12690.0,428.34,0,0,0,77.1
4578,4911.0,12691.0,319.76,0,0,0,57.56
4579,4911.0,12692.0,306.59,0,0,0,55.19
4580,4912.0,12693.0,575.5,0,20,0,103.59
4581,4913.0,12694.0,279.74,0,50,0,50.35
4582,4913.0,12695.0,306.35,0,0,0,55.14
4583,4913.0,12696.0,163.87,30,50,0,29.5
4584,4913.0,12697.0,335.73,0,0,0,60.43
4585,4915.0,12703.0,324.71,30,0,0,58.45
4586,4916.0,12706.0,308.28,0,20,0,55.49
4587,4916.0,12708.0,230.62,30,50,0,41.51
4588,4916.0,12709.0,328.06,30,0,0,59.05
4589,4916.0,12710.0,212.23,30,0,0,38.2
4590,4916.0,12711.0,159.24,30,0,0,28.66
4591,4917.0,12712.0,325.37,30,0,0,58.57
4592,4918.0,12714.0,346.49,0,20,0,62.37
4593,4921.0,12719.0,83.66,30,50,0,15.06
4594,4922.0,12721.0,326.54,0,0,0,58.78
4595,4922.0,12724.0,484.89,0,20,0,87.28
4596,4923.0,12725.0,415.48,0,0,0,74.79
4597,4923.0,12726.0,250.09,30,50,0,45.02
4598,4923.0,12727.0,176.49,30,0,0,31.77
4599,4923.0,12728.0,293.72,30,0,0,52.87
4600,4924.0,12730.0,492.85,0,0,0,88.71
4601,4925.0,12736.0,425.88,0,20,0,76.66
4602,4925.0,12737.0,286.28,30,0,0,51.53
4603,4925.0,12738.0,355.61,0,0,0,64.01
4604,4925.0,12739.0,285.66,0,50,0,51.42
4605,4926.0,12742.0,254.59,30,50,0,45.83
4606,4927.0,12743.0,502.05,0,0,0,90.37
4607,4928.0,12745.0,393.08,0,0,0,70.75
4608,4928.0,12746.0,297.91,0,20,0,53.62
4609,4929.0,12748.0,238.93,30,20,0,43.01
4610,4929.0,12749.0,313.94,0,0,0,56.51
4611,4930.0,12753.0,295.94,30,20,0,53.27
4612,4937.0,12759.0,251.68,30,20,0,45.3
4613,4939.0,12768.0,404.79,0,0,0,72.86
4614,4940.0,12769.0,303.87,0,0,0,54.7
4615,4940.0,12771.0,409.19,0,0,0,73.65
4616,4940.0,12773.0,268.0,30,50,0,48.24
4617,4941.0,12775.0,398.42,0,20,0,71.72
4618,4943.0,12779.0,194.76,30,0,0,35.06
4619,4944.0,12783.0,304.23,0,50,0,54.76
4620,4946.0,12785.0,295.0,30,0,0,53.1
4621,4948.0,12788.0,399.2,0,0,0,71.86
4622,4951.0,12797.0,386.37,0,0,0,69.55
4623,4952.0,12805.0,369.01,0,0,0,66.42
4624,4952.0,12806.0,321.38,0,20,0,57.85
4625,4953.0,12807.0,443.83,0,0,0,79.89
4626,4958.0,12815.0,318.04,0,0,0,57.25
4627,4959.0,12816.0,319.61,0,0,0,57.53
4628,4960.0,12820.0,267.6,30,0,0,48.17
4629,4960.0,12821.0,361.51,0,0,0,65.07
4630,4962.0,12825.0,292.09,30,20,0,52.58
4631,4962.0,12826.0,281.73,30,0,0,50.71
4632,4962.0,12827.0,375.3,0,0,0,67.55
4633,4964.0,12833.0,218.77,30,50,0,39.38
4634,4964.0,12834.0,506.81,0,50,0,91.23
4635,4965.0,12838.0,254.29,30,20,0,45.77
4636,4969.0,12842.0,301.21,0,0,0,54.22
4637,4969.0,12844.0,297.77,30,20,0,53.6
4638,4973.0,12850.0,416.92,0,0,0,75.05
4639,4974.0,12853.0,182.06,30,20,0,32.77
4640,4975.0,12856.0,261.86,30,50,0,47.13
4641,4975.0,12858.0,312.82,0,0,0,56.31
4642,4979.0,12866.0,462.25,0,0,0,83.2
4643,4979.0,12867.0,289.73,30,0,0,52.15
4644,4982.0,12870.0,300.77,0,0,0,54.14
4645,4983.0,12874.0,357.97,0,0,0,64.43
4646,4983.0,12876.0,443.28,0,0,0,79.79
4647,4983.0,12877.0,390.75,0,0,0,70.33
4648,4988.0,12882.0,455.97,0,0,0,82.07
4649,4990.0,12886.0,260.39,0,50,0,46.87
4650,4991.0,12889.0,421.07,0,0,0,75.79
4651,4991.0,12890.0,355.63,0,0,0,64.01
4652,4992.0,12894.0,403.27,0,0,0,72.59
4653,4993.0,12896.0,283.87,30,0,0,51.1
4654,4994.0,12898.0,327.41,30,0,0,58.93
4655,4994.0,12900.0,349.99,0,0,0,63.0
4656,4995.0,12902.0,485.35,0,0,0,87.36
4657,4995.0,12904.0,372.48,0,50,0,67.05
4658,4996.0,12908.0,262.05,30,20,0,47.17
4659,4997.0,12910.0,218.98,30,0,0,39.42
4660,4997.0,12912.0,260.96,30,50,0,46.97
4661,4998.0,12913.0,289.05,0,50,0,52.03
4662,4998.0,12914.0,294.59,30,0,0,53.03
4663,4998.0,12915.0,162.15,30,20,0,29.19
4664,4999.0,12917.0,204.18,30,0,0,36.75
4665,4999.0,12919.0,320.51,0,50,0,57.69
4666,5000.0,12921.0,308.98,0,0,0,55.62
4667,5000.0,12922.0,312.03,30,0,0,56.17
4668,5001.0,12924.0,256.57,0,50,0,46.18
4669,5002.0,12925.0,236.79,30,50,0,42.62
4670,5002.0,12926.0,218.92,30,0,1,39.41
4671,5002.0,12927.0,425.73,0,0,0,76.63
4672,5004.0,12934.0,304.57,0,0,0,54.82
4673,5004.0,12938.0,318.54,30,0,0,57.34
4674,5005.0,12942.0,356.41,0,50,0,64.15
4675,5005.0,12943.0,171.37,30,50,0,30.85
4676,5005.0,12944.0,317.96,30,0,0,57.23
4677,5006.0,12947.0,321.42,0,20,0,57.86
4678,5006.0,12948.0,414.55,0,50,0,74.62
4679,5006.0,12949.0,340.53,0,0,0,61.3
4680,5006.0,12950.0,266.95,0,50,0,48.05
4681,5008.0,12952.0,192.96,30,0,0,34.73
4682,5009.0,12954.0,251.53,30,50,0,45.28
4683,5011.0,12957.0,333.75,0,0,0,60.08
4684,5015.0,12960.0,377.64,0,0,0,67.98
4685,5015.0,12961.0,292.91,30,20,0,52.72
4686,5016.0,12963.0,254.63,0,50,0,45.83
4687,5016.0,12964.0,379.99,0,0,0,68.4
4688,5017.0,12965.0,431.74,0,50,0,77.71
4689,5017.0,12967.0,197.31,30,50,0,35.52
4690,5017.0,12968.0,351.27,0,0,0,63.23
4691,5019.0,12969.0,364.24,0,0,0,65.56
4692,5019.0,12970.0,282.0,0,50,0,50.76
4693,5020.0,12971.0,325.8,0,0,0,58.64
4694,5022.0,12974.0,224.85,30,0,1,40.47
4695,5022.0,12975.0,368.24,0,0,0,66.28
4696,5023.0,12978.0,359.49,0,50,0,64.71
4697,5024.0,12980.0,303.49,0,0,0,54.63
4698,5026.0,12981.0,247.08,30,0,0,44.47
4699,5026.0,12982.0,448.02,0,0,0,80.64
4700,5026.0,12983.0,474.29,0,0,0,85.37
4701,5027.0,12992.0,354.44,0,0,0,63.8
4702,5028.0,12994.0,311.95,0,0,0,56.15
4703,5028.0,12995.0,322.74,0,0,0,58.09
4704,5029.0,12996.0,306.78,0,0,0,55.22
4705,5029.0,13002.0,310.12,0,0,0,55.82
4706,5029.0,13003.0,444.51,0,0,0,80.01
4707,5029.0,13004.0,157.67,30,50,0,28.38
4708,5031.0,13005.0,239.05,30,50,0,43.03
4709,5033.0,13006.0,282.68,30,0,0,50.88
4710,5034.0,13012.0,247.76,30,50,0,44.6
4711,5036.0,13015.0,260.09,30,0,0,46.82
4712,5039.0,13018.0,309.65,0,50,0,55.74
4713,5039.0,13019.0,438.18,0,0,0,78.87
4714,5039.0,13020.0,288.45,30,0,0,51.92
4715,5039.0,13021.0,303.7,0,0,0,54.67
4716,5040.0,13022.0,281.33,30,20,0,50.64
4717,5040.0,13025.0,315.48,0,0,0,56.79
4718,5041.0,13027.0,342.07,0,0,0,61.57
4719,5041.0,13029.0,272.99,30,50,0,49.14
4720,5042.0,13033.0,337.19,0,0,0,60.69
4721,5042.0,13034.0,446.96,0,0,0,80.45
4722,5042.0,13035.0,373.57,0,0,0,67.24
4723,5042.0,13036.0,259.57,0,50,0,46.72
4724,5043.0,13038.0,466.98,0,0,0,84.06
4725,5043.0,13039.0,277.47,0,50,0,49.94
4726,5043.0,13041.0,280.75,0,50,0,50.54
4727,5044.0,13042.0,321.04,0,0,0,57.79
4728,5046.0,13044.0,318.98,30,0,0,57.42
4729,5047.0,13046.0,312.29,0,20,0,56.21
4730,5047.0,13048.0,293.5,0,50,0,52.83
4731,5049.0,13051.0,402.31,0,50,0,72.42
4732,5049.0,13054.0,377.87,0,50,0,68.02
4733,5050.0,13056.0,321.56,0,20,1,57.88
4734,5050.0,13057.0,342.12,0,0,0,61.58
4735,5051.0,13059.0,415.71,0,0,0,74.83
4736,5056.0,13063.0,285.18,30,0,0,51.33
4737,5057.0,13064.0,359.2,0,0,0,64.66
4738,5058.0,13069.0,291.24,30,0,0,52.42
4739,5060.0,13071.0,248.51,30,0,0,44.73
4740,5062.0,13074.0,426.31,0,20,0,76.74
4741,5062.0,13078.0,363.89,0,0,0,65.5
4742,5062.0,13081.0,352.89,0,0,0,63.52
4743,5063.0,13086.0,237.54,30,0,0,42.76
4744,5064.0,13087.0,361.46,0,0,0,65.06
4745,5065.0,13093.0,364.27,0,0,0,65.57
4746,5065.0,13094.0,282.56,30,20,0,50.86
4747,5065.0,13095.0,318.61,0,20,0,57.35
4748,5066.0,13098.0,381.65,0,20,0,68.7
4749,5067.0,13102.0,303.19,30,0,0,54.57
4750,5068.0,13103.0,358.78,0,0,0,64.58
4751,5069.0,13104.0,372.73,0,20,0,67.09
4752,5070.0,13107.0,388.67,0,50,0,69.96
4753,5072.0,13109.0,350.04,0,0,0,63.01
4754,5073.0,13116.0,259.03,0,50,0,46.63
4755,5073.0,13118.0,303.55,0,50,0,54.64
4756,5077.0,13126.0,331.82,0,0,0,59.73
4757,5078.0,13127.0,300.41,30,0,0,54.07
4758,5082.0,13133.0,262.39,0,50,0,47.23
4759,5085.0,13137.0,269.79,30,50,0,48.56
4760,5089.0,13139.0,338.59,0,0,0,60.95
4761,5091.0,13142.0,425.85,0,20,0,76.65
4762,5091.0,13143.0,258.89,30,0,0,46.6
4763,5093.0,13149.0,418.31,0,0,0,75.3
4764,5093.0,13150.0,394.38,0,20,0,70.99
4765,5093.0,13153.0,355.85,0,0,0,64.05
4766,5094.0,13154.0,320.04,0,0,0,57.61
4767,5094.0,13155.0,329.08,0,0,0,59.23
4768,5095.0,13160.0,395.31,0,0,0,71.16
4769,5095.0,13161.0,346.59,0,0,0,62.39
4770,5098.0,13168.0,247.35,30,20,0,44.52
4771,5099.0,13170.0,314.13,0,0,0,56.54
4772,5100.0,13174.0,329.81,0,20,0,59.37
4773,5102.0,13176.0,275.39,30,50,0,49.57
4774,5105.0,13181.0,321.63,30,0,0,57.89
4775,5107.0,13184.0,303.83,0,20,0,54.69
4776,5107.0,13189.0,256.55,30,50,0,46.18
4777,5108.0,13191.0,188.76,30,50,0,33.98
4778,5109.0,13193.0,478.24,0,0,0,86.08
4779,5110.0,13194.0,299.4,0,0,0,53.89
4780,5110.0,13195.0,354.28,0,50,0,63.77
4781,5111.0,13196.0,296.95,0,20,0,53.45
4782,5111.0,13197.0,382.28,0,0,0,68.81
4783,5113.0,13199.0,314.74,0,20,0,56.65
4784,5114.0,13203.0,400.19,0,50,0,72.03
4785,5118.0,13213.0,141.45,30,50,0,25.46
4786,5123.0,13226.0,342.22,0,0,0,61.6
4787,5126.0,13231.0,287.18,30,0,0,51.69
4788,5126.0,13232.0,304.44,30,20,0,54.8
4789,5127.0,13234.0,321.15,0,0,0,57.81
4790,5127.0,13235.0,268.28,30,0,0,48.29
4791,5128.0,13237.0,298.0,0,50,0,53.64
4792,5131.0,13244.0,326.11,0,0,0,58.7
4793,5132.0,13245.0,356.39,0,0,0,64.15
4794,5132.0,13247.0,374.91,0,0,0,67.48
4795,5135.0,13251.0,326.11,0,20,0,58.7
4796,5136.0,13254.0,417.55,0,0,0,75.16
4797,5137.0,13256.0,348.23,0,50,0,62.68
4798,5138.0,13257.0,372.79,0,0,0,67.1
4799,5138.0,13258.0,328.99,30,0,0,59.22
4800,5139.0,13259.0,175.04,30,20,0,31.51
4801,5139.0,13260.0,424.89,0,0,0,76.48
4802,5146.0,13277.0,191.56,30,20,0,34.48
4803,5147.0,13281.0,425.82,0,50,0,76.65
4804,5152.0,13291.0,296.43,30,20,0,53.36
4805,5153.0,13294.0,337.18,0,20,0,60.69
4806,5157.0,13303.0,310.82,0,0,0,55.95
4807,5161.0,13306.0,294.77,30,20,0,53.06
4808,5163.0,13308.0,247.3,30,0,0,44.51
4809,5166.0,13314.0,325.76,30,0,0,58.64
4810,5166.0,13315.0,333.87,0,0,0,60.1
4811,5167.0,13316.0,294.76,0,50,0,53.06
4812,5169.0,13323.0,167.7,30,0,0,30.19
4813,5169.0,13324.0,234.22,30,0,0,42.16
4814,5170.0,13325.0,213.26,30,0,0,38.39
4815,5170.0,13328.0,390.26,0,0,0,70.25
4816,5172.0,13333.0,410.86,0,0,0,73.95
4817,5174.0,13339.0,274.7,30,0,0,49.45
4818,5174.0,13340.0,263.01,0,50,0,47.34
4819,5175.0,13343.0,364.64,0,20,0,65.64
4820,5181.0,13350.0,294.66,30,0,0,53.04
4821,5182.0,13353.0,361.61,0,20,0,65.09
4822,5182.0,13356.0,251.29,0,50,0,45.23
4823,5182.0,13357.0,416.68,0,0,0,75.0
4824,5184.0,13361.0,319.38,0,20,0,57.49
4825,5184.0,13363.0,459.87,0,50,0,82.78
4826,5187.0,13373.0,213.84,30,50,0,38.49
4827,5187.0,13377.0,307.56,0,0,0,55.36
4828,5188.0,13381.0,379.29,0,0,0,68.27
4829,5189.0,13383.0,266.94,0,50,0,48.05
4830,5190.0,13387.0,265.28,30,0,0,47.75
4831,5191.0,13391.0,313.05,0,20,0,56.35
4832,5191.0,13393.0,284.06,30,0,0,51.13
4833,5192.0,13395.0,226.19,30,50,0,40.71
4834,5192.0,13396.0,372.23,0,0,0,67.0
4835,5195.0,13401.0,355.14,0,0,0,63.93
4836,5195.0,13403.0,326.62,0,0,0,58.79
4837,5196.0,13404.0,249.52,0,50,0,44.91
4838,5197.0,13410.0,253.0,30,0,0,45.54
4839,5197.0,13412.0,457.08,0,0,0,82.27
4840,5198.0,13415.0,166.47,30,50,0,29.96
4841,5199.0,13418.0,322.89,30,0,0,58.12
4842,5200.0,13421.0,327.0,0,0,0,58.86
4843,5201.0,13422.0,280.74,0,20,0,50.53
4844,5202.0,13423.0,353.29,0,0,0,63.59
4845,5204.0,13426.0,287.9,30,0,0,51.82
4846,5206.0,13429.0,327.85,30,0,0,59.01
4847,5206.0,13432.0,324.97,0,0,0,58.49
4848,5209.0,13437.0,465.02,0,0,0,83.7
4849,5212.0,13441.0,263.07,30,0,0,47.35
4850,5214.0,13443.0,328.51,0,0,0,59.13
4851,5214.0,13444.0,326.62,0,50,0,58.79
4852,5215.0,13446.0,272.58,30,0,0,49.06
4853,5215.0,13448.0,406.53,0,0,0,73.18
4854,5217.0,13453.0,314.4,30,0,0,56.59
4855,5219.0,13457.0,380.18,0,0,0,68.43
4856,5219.0,13458.0,363.7,0,50,1,65.47
4857,5220.0,13461.0,188.64,30,20,0,33.96
4858,5220.0,13462.0,218.35,30,0,0,39.3
4859,5222.0,13466.0,252.39,30,0,0,45.43
4860,5225.0,13472.0,310.05,0,0,0,55.81
4861,5225.0,13474.0,451.02,0,0,0,81.18
4862,5226.0,13475.0,241.44,30,0,0,43.46
4863,5228.0,13480.0,423.49,0,0,0,76.23
4864,5228.0,13482.0,340.56,0,0,0,61.3
4865,5229.0,13487.0,402.6,0,0,0,72.47
4866,5230.0,13488.0,432.78,0,20,0,77.9
4867,5230.0,13493.0,313.42,30,0,0,56.42
4868,5232.0,13497.0,333.26,0,20,0,59.99
4869,5234.0,13502.0,319.88,30,0,0,57.58
4870,5234.0,13505.0,341.02,0,50,0,61.38
4871,5236.0,13507.0,378.21,0,0,0,68.08
4872,5237.0,13511.0,276.98,0,50,0,49.86
4873,5237.0,13513.0,516.18,0,0,0,92.91
4874,5238.0,13515.0,315.42,0,0,0,56.78
4875,5238.0,13518.0,415.08,0,0,0,74.71
4876,5243.0,13529.0,144.14,30,50,0,25.95
4877,5248.0,13534.0,495.37,0,0,0,89.17
4878,5249.0,13535.0,460.48,0,0,0,82.89
4879,5249.0,13536.0,359.91,0,0,0,64.78
4880,5252.0,13540.0,516.64,0,0,0,93.0
4881,5252.0,13541.0,362.45,0,0,0,65.24
4882,5252.0,13542.0,328.61,30,0,0,59.15
4883,5256.0,13548.0,315.6,30,0,0,56.81
4884,5256.0,13549.0,304.15,0,50,0,54.75
4885,5256.0,13550.0,315.91,0,20,0,56.86
4886,5256.0,13552.0,414.72,0,0,0,74.65
4887,5258.0,13554.0,397.99,0,0,0,71.64
4888,5258.0,13555.0,236.85,30,20,0,42.63
4889,5258.0,13556.0,333.34,0,20,0,60.0
4890,5258.0,13557.0,312.47,30,0,0,56.24
4891,5261.0,13569.0,255.07,0,50,0,45.91
4892,5261.0,13570.0,344.89,0,0,0,62.08
4893,5261.0,13571.0,312.52,0,0,0,56.25
4894,5262.0,13573.0,412.85,0,0,0,74.31
4895,5263.0,13575.0,382.04,0,0,0,68.77
4896,5266.0,13580.0,286.06,0,20,0,51.49
4897,5266.0,13582.0,303.27,0,0,0,54.59
4898,5267.0,13587.0,256.66,30,20,0,46.2
4899,5271.0,13595.0,318.52,0,50,0,57.33
4900,5271.0,13596.0,332.12,0,50,0,59.78
4901,5271.0,13598.0,359.42,0,0,0,64.7
4902,5273.0,13601.0,440.3,0,50,0,79.25
4903,5274.0,13603.0,225.67,30,50,0,40.62
4904,5275.0,13606.0,453.49,0,0,0,81.63
4905,5276.0,13609.0,206.58,30,50,0,37.18
4906,5276.0,13610.0,366.33,0,0,0,65.94
4907,5279.0,13615.0,267.98,30,50,0,48.24
4908,5280.0,13620.0,412.42,0,0,0,74.24
4909,5281.0,13626.0,285.38,30,0,0,51.37
4910,5283.0,13629.0,295.15,30,0,0,53.13
4911,5283.0,13630.0,417.2,0,0,0,75.1
4912,5283.0,13631.0,297.73,30,0,0,53.59
4913,5285.0,13633.0,440.96,0,0,0,79.37
4914,5286.0,13634.0,314.12,30,0,0,56.54
4915,5286.0,13638.0,453.65,0,20,0,81.66
4916,5286.0,13639.0,385.19,0,20,0,69.33
4917,5287.0,13643.0,308.23,30,20,0,55.48
4918,5288.0,13644.0,174.63,30,50,0,31.43
4919,5288.0,13645.0,342.04,0,50,0,61.57
4920,5288.0,13646.0,396.18,0,20,0,71.31
4921,5290.0,13653.0,307.7,30,0,0,55.39
4922,5291.0,13656.0,328.01,0,20,0,59.04
4923,5294.0,13663.0,327.99,0,20,0,59.04
4924,5296.0,13667.0,513.58,0,50,0,92.44
4925,5298.0,13669.0,309.13,0,0,0,55.64
4926,5298.0,13670.0,304.21,0,0,0,54.76
4927,5298.0,13673.0,229.24,30,20,0,41.26
4928,5298.0,13674.0,211.78,30,50,0,38.12
4929,5299.0,13675.0,229.7,30,0,0,41.35
4930,5299.0,13677.0,376.91,0,20,0,67.84
4931,5299.0,13678.0,440.63,0,0,0,79.31
4932,5299.0,13679.0,341.56,0,0,0,61.48
4933,5300.0,13683.0,299.67,0,0,0,53.94
4934,5300.0,13684.0,336.93,0,0,0,60.65
4935,5302.0,13687.0,458.29,0,0,0,82.49
4936,5304.0,13694.0,244.01,30,20,0,43.92
4937,5304.0,13695.0,296.63,0,50,0,53.39
4938,5304.0,13696.0,332.49,0,0,0,59.85
4939,5308.0,13702.0,272.83,30,50,0,49.11
4940,5308.0,13703.0,195.59,30,0,0,35.21
4941,5308.0,13706.0,276.29,0,50,0,49.73
4942,5309.0,13708.0,317.69,0,0,0,57.18
4943,5309.0,13710.0,392.83,0,0,0,70.71
4944,5312.0,13713.0,321.71,30,0,0,57.91
4945,5312.0,13714.0,199.41,30,0,0,35.89
4946,5312.0,13717.0,226.62,30,20,0,40.79
4947,5312.0,13718.0,324.01,0,0,0,58.32
4948,5313.0,13720.0,191.97,30,50,0,34.55
4949,5313.0,13721.0,368.8,0,20,0,66.38
4950,5313.0,13725.0,316.66,0,0,0,57.0
4951,5315.0,13729.0,306.38,0,0,0,55.15
4952,5316.0,13731.0,307.16,0,20,0,55.29
4953,5317.0,13733.0,277.63,30,0,0,49.97
4954,5317.0,13736.0,154.69,30,0,0,27.84
4955,5320.0,13743.0,166.41,30,20,0,29.95
4956,5321.0,13745.0,296.7,30,20,0,53.41
4957,5322.0,13748.0,296.19,30,0,0,53.31
4958,5322.0,13751.0,300.16,30,0,0,54.03
4959,5324.0,13755.0,237.96,30,50,0,42.83
4960,5324.0,13756.0,245.06,30,20,0,44.11
4961,5325.0,13757.0,371.02,0,50,0,66.78
4962,5325.0,13758.0,404.95,0,0,0,72.89
4963,5326.0,13760.0,423.05,0,20,0,76.15
4964,5326.0,13761.0,259.56,30,50,0,46.72
4965,5326.0,13763.0,398.99,0,0,0,71.82
4966,5326.0,13764.0,310.45,30,0,0,55.88
4967,5328.0,13766.0,328.25,0,0,0,59.08
4968,5328.0,13767.0,280.64,0,20,0,50.52
4969,5329.0,13769.0,442.35,0,50,0,79.62
4970,5329.0,13774.0,292.11,30,0,0,52.58
4971,5330.0,13775.0,336.98,0,0,0,60.66
4972,5330.0,13776.0,280.37,30,0,0,50.47
4973,5330.0,13777.0,143.97,30,20,0,25.91
4974,5330.0,13778.0,411.88,0,0,0,74.14
4975,5330.0,13779.0,409.99,0,20,0,73.8
4976,5331.0,13780.0,177.3,30,50,0,31.91
4977,5331.0,13781.0,439.93,0,20,0,79.19
4978,5332.0,13784.0,444.68,0,0,0,80.04
4979,5339.0,13794.0,254.45,30,50,0,45.8
4980,5339.0,13797.0,253.04,0,50,0,45.55
4981,5339.0,13800.0,358.14,0,0,0,64.47
4982,5342.0,13805.0,317.22,0,0,0,57.1
4983,5343.0,13806.0,315.94,0,0,0,56.87
4984,5348.0,13813.0,380.0,0,0,0,68.4
4985,5349.0,13815.0,266.31,30,50,0,47.94
4986,5350.0,13821.0,216.68,30,20,0,39.0
4987,5351.0,13824.0,262.69,30,0,0,47.28
4988,5351.0,13825.0,340.58,0,50,0,61.3
4989,5352.0,13827.0,422.97,0,0,0,76.13
4990,5352.0,13828.0,360.8,0,0,0,64.94
4991,5353.0,13830.0,392.74,0,0,0,70.69
4992,5353.0,13833.0,299.4,0,50,0,53.89
4993,5353.0,13835.0,477.65,0,0,0,85.98
4994,5354.0,13840.0,460.09,0,0,0,82.82
4995,5354.0,13841.0,524.68,0,0,0,94.44
4996,5354.0,13842.0,284.42,30,0,0,51.2
4997,5359.0,13848.0,183.29,30,20,0,32.99
4998,5362.0,13857.0,406.06,0,0,0,73.09
4999,5364.0,13863.0,271.0,30,0,0,48.78
5000,5365.0,13867.0,220.89,30,20,0,39.76
5001,5366.0,13868.0,368.22,0,0,0,66.28
5002,5366.0,13870.0,354.01,0,0,0,63.72
5003,5366.0,13871.0,322.67,30,0,0,58.08
5004,5367.0,13873.0,245.39,30,20,0,44.17
5005,5370.0,13881.0,247.46,30,50,0,44.54
5006,5371.0,13882.0,384.1,0,0,0,69.14
5007,5371.0,13883.0,304.4,0,0,0,54.79
5008,5372.0,13887.0,421.25,0,0,0,75.82
5009,5372.0,13889.0,446.74,0,50,0,80.41
5010,5372.0,13890.0,355.85,0,20,0,64.05
5011,5373.0,13891.0,278.83,30,50,1,50.19
5012,5373.0,13892.0,287.32,30,0,0,51.72
5013,5376.0,13896.0,458.31,0,20,0,82.5
5014,5376.0,13897.0,99.4,30,50,0,17.89
5015,5377.0,13900.0,218.22,30,20,0,39.28
5016,5378.0,13903.0,301.39,30,0,1,54.25
5017,5379.0,13906.0,333.62,0,0,0,60.05
5018,5379.0,13907.0,384.58,0,0,0,69.22
5019,5380.0,13910.0,317.92,0,0,0,57.23
5020,5381.0,13912.0,309.06,30,0,0,55.63
5021,5383.0,13914.0,379.51,0,20,0,68.31
5022,5386.0,13918.0,365.05,0,20,0,65.71
5023,5390.0,13925.0,359.53,0,0,0,64.72
5024,5390.0,13926.0,185.87,30,0,0,33.46
5025,5399.0,13939.0,270.78,30,20,0,48.74
5026,5404.0,13949.0,246.34,30,0,0,44.34
5027,5405.0,13950.0,376.44,0,50,1,67.76
5028,5405.0,13953.0,348.61,0,0,0,62.75
5029,5406.0,13954.0,369.83,0,0,1,66.57
5030,5406.0,13956.0,563.38,0,50,0,101.41
5031,5406.0,13957.0,294.4,30,0,0,52.99
5032,5407.0,13961.0,285.37,0,20,0,51.37
5033,5408.0,13963.0,347.24,0,0,0,62.5
5034,5412.0,13970.0,291.3,30,20,0,52.43
5035,5415.0,13978.0,309.02,0,0,0,55.62
5036,5415.0,13979.0,550.07,0,0,0,99.01
5037,5418.0,13982.0,319.44,0,0,0,57.5
5038,5418.0,13984.0,274.99,30,50,0,49.5
5039,5419.0,13985.0,269.91,30,0,0,48.58
5040,5420.0,13988.0,272.31,0,50,0,49.02
5041,5421.0,13989.0,298.06,30,0,0,53.65
5042,5421.0,13990.0,381.0,0,20,0,68.58
5043,5423.0,13991.0,321.46,0,20,0,57.86
5044,5423.0,13992.0,204.58,30,20,0,36.82
5045,5426.0,14002.0,298.6,0,20,0,53.75
5046,5427.0,14008.0,306.74,0,0,0,55.21
5047,5430.0,14017.0,333.12,0,0,0,59.96
5048,5431.0,14019.0,305.2,0,50,0,54.94
5049,5432.0,14024.0,320.6,30,0,0,57.71
5050,5433.0,14028.0,259.77,30,0,0,46.76
5051,5433.0,14029.0,346.72,0,20,0,62.41
5052,5434.0,14034.0,392.96,0,0,0,70.73
5053,5435.0,14039.0,304.54,0,0,0,54.82
5054,5437.0,14043.0,308.44,30,0,0,55.52
5055,5438.0,14044.0,190.26,30,0,0,34.25
5056,5438.0,14046.0,269.2,30,0,0,48.46
5057,5439.0,14047.0,281.58,0,20,0,50.68
5058,5439.0,14049.0,405.15,0,20,0,72.93
5059,5439.0,14051.0,309.81,0,0,0,55.77
5060,5441.0,14056.0,446.54,0,20,0,80.38
5061,5442.0,14057.0,312.11,0,20,0,56.18
5062,5447.0,14064.0,373.71,0,0,0,67.27
5063,5447.0,14065.0,355.23,0,20,0,63.94
5064,5448.0,14068.0,286.52,0,20,0,51.57
5065,5450.0,14071.0,305.57,0,50,0,55.0
5066,5451.0,14072.0,448.59,0,20,0,80.75
5067,5451.0,14075.0,364.1,0,0,0,65.54
5068,5452.0,14076.0,318.41,0,50,0,57.31
5069,5452.0,14077.0,344.74,0,0,0,62.05
5070,5454.0,14080.0,331.32,0,20,0,59.64
5071,5454.0,14084.0,298.47,30,0,0,53.72
5072,5454.0,14087.0,389.05,0,0,0,70.03
5073,5455.0,14089.0,309.65,0,20,0,55.74
5074,5456.0,14090.0,315.97,0,20,0,56.87
5075,5456.0,14091.0,273.4,30,20,0,49.21
5076,5457.0,14095.0,293.26,30,0,0,52.79
5077,5457.0,14097.0,392.61,0,0,0,70.67
5078,5459.0,14102.0,405.14,0,0,0,72.93
5079,5459.0,14103.0,340.5,0,0,0,61.29
5080,5461.0,14105.0,249.97,0,50,0,44.99
5081,5461.0,14108.0,299.56,0,50,0,53.92
5082,5461.0,14110.0,459.93,0,0,1,82.79
5083,5462.0,14113.0,189.13,30,20,0,34.04
5084,5462.0,14115.0,402.44,0,20,0,72.44
5085,5463.0,14116.0,235.21,30,50,0,42.34
5086,5463.0,14117.0,288.08,0,20,0,51.85
5087,5464.0,14118.0,378.73,0,20,0,68.17
5088,5464.0,14119.0,303.96,0,0,0,54.71
5089,5465.0,14125.0,311.96,0,0,0,56.15
5090,5465.0,14127.0,343.38,0,50,0,61.81
5091,5466.0,14131.0,257.59,0,50,0,46.37
5092,5467.0,14135.0,334.32,0,20,0,60.18
5093,5467.0,14136.0,262.6,30,0,0,47.27
5094,5471.0,14140.0,326.11,0,0,0,58.7
5095,5471.0,14142.0,299.02,0,0,0,53.82
5096,5473.0,14145.0,400.47,0,0,1,72.08
5097,5475.0,14149.0,445.36,0,20,0,80.16
5098,5475.0,14153.0,381.6,0,0,0,68.69
5099,5477.0,14155.0,269.23,30,0,0,48.46
5100,5478.0,14157.0,428.09,0,0,0,77.06
5101,5479.0,14159.0,279.42,30,0,0,50.3
5102,5479.0,14161.0,281.29,30,0,0,50.63
5103,5479.0,14163.0,304.02,30,20,0,54.72
5104,5480.0,14164.0,296.82,30,0,0,53.43
5105,5480.0,14165.0,251.03,30,50,0,45.19
5106,5484.0,14172.0,412.88,0,20,0,74.32
5107,5484.0,14177.0,263.34,30,50,0,47.4
5108,5485.0,14180.0,337.35,0,50,0,60.72
5109,5486.0,14181.0,256.3,0,50,0,46.13
5110,5487.0,14183.0,313.11,30,0,0,56.36
5111,5488.0,14187.0,362.69,0,20,0,65.28
5112,5489.0,14190.0,404.21,0,0,0,72.76
5113,5489.0,14191.0,367.21,0,0,0,66.1
5114,5490.0,14197.0,464.76,0,0,0,83.66
5115,5490.0,14199.0,289.07,0,50,0,52.03
5116,5491.0,14202.0,259.54,30,0,0,46.72
5117,5491.0,14204.0,308.69,30,0,0,55.56
5118,5492.0,14208.0,235.64,30,0,0,42.42
5119,5494.0,14212.0,279.25,30,0,0,50.26
5120,5495.0,14214.0,282.02,0,50,0,50.76
5121,5495.0,14215.0,239.18,30,0,0,43.05
5122,5495.0,14218.0,254.43,30,20,0,45.8
5123,5498.0,14222.0,463.7,0,0,0,83.47
5124,5499.0,14225.0,396.26,0,0,1,71.33
5125,5500.0,14227.0,425.03,0,20,0,76.51
5126,5500.0,14228.0,351.26,0,0,0,63.23
5127,5500.0,14230.0,397.22,0,0,0,71.5
5128,5500.0,14232.0,388.63,0,20,0,69.95
5129,5501.0,14236.0,243.51,30,50,0,43.83
5130,5503.0,14238.0,290.67,0,50,0,52.32
5131,5505.0,14241.0,193.48,30,0,0,34.83
5132,5506.0,14243.0,292.12,30,0,0,52.58
5133,5507.0,14246.0,327.27,30,0,0,58.91
5134,5508.0,14249.0,318.1,0,50,0,57.26
5135,5508.0,14251.0,311.88,0,0,0,56.14
5136,5509.0,14255.0,279.9,0,20,0,50.38
5137,5510.0,14259.0,303.62,30,20,0,54.65
5138,5511.0,14260.0,377.2,0,20,0,67.9
5139,5512.0,14262.0,382.04,0,0,0,68.77
5140,5512.0,14267.0,264.67,0,50,0,47.64
5141,5513.0,14271.0,444.48,0,20,0,80.01
5142,5516.0,14276.0,405.53,0,50,0,73.0
5143,5517.0,14277.0,261.55,30,0,0,47.08
5144,5517.0,14279.0,447.53,0,0,0,80.56
5145,5518.0,14282.0,345.07,0,0,0,62.11
5146,5519.0,14284.0,378.27,0,0,0,68.09
5147,5519.0,14286.0,430.19,0,50,1,77.43
5148,5521.0,14290.0,265.08,30,0,0,47.71
5149,5521.0,14294.0,397.61,0,50,0,71.57
5150,5523.0,14297.0,290.55,0,20,0,52.3
5151,5527.0,14307.0,210.55,30,0,0,37.9
5152,5527.0,14308.0,343.12,0,0,0,61.76
5153,5529.0,14310.0,329.16,0,0,0,59.25
5154,5529.0,14311.0,439.94,0,0,0,79.19
5155,5535.0,14322.0,381.77,0,20,0,68.72
5156,5535.0,14324.0,269.31,30,20,0,48.48
5157,5536.0,14326.0,320.19,30,0,0,57.63
5158,5536.0,14327.0,518.27,0,0,0,93.29
5159,5536.0,14328.0,201.43,30,0,0,36.26
5160,5536.0,14329.0,225.09,30,0,0,40.52
5161,5536.0,14330.0,242.79,30,0,0,43.7
5162,5537.0,14331.0,284.43,0,20,1,51.2
5163,5540.0,14337.0,346.1,0,20,0,62.3
5164,5542.0,14338.0,355.52,0,0,0,63.99
5165,5542.0,14339.0,357.6,0,0,0,64.37
5166,5550.0,14354.0,312.71,0,0,0,56.29
5167,5550.0,14356.0,354.1,0,0,0,63.74
5168,5551.0,14358.0,306.64,30,0,0,55.2
5169,5552.0,14361.0,359.56,0,0,0,64.72
5170,5552.0,14362.0,419.8,0,50,0,75.56
5171,5556.0,14368.0,382.77,0,0,0,68.9
5172,5557.0,14369.0,287.63,30,0,0,51.77
5173,5560.0,14379.0,333.72,0,20,0,60.07
5174,5562.0,14382.0,180.75,30,0,0,32.53
5175,5562.0,14383.0,385.12,0,0,0,69.32
5176,5562.0,14384.0,349.4,0,0,0,62.89
5177,5562.0,14387.0,245.29,30,20,0,44.15
5178,5562.0,14388.0,176.3,30,0,0,31.73
5179,5563.0,14389.0,382.75,0,20,0,68.9
5180,5565.0,14395.0,337.48,0,0,0,60.75
5181,5570.0,14405.0,401.43,0,0,0,72.26
5182,5571.0,14410.0,244.63,30,0,0,44.03
5183,5571.0,14413.0,399.56,0,0,0,71.92
5184,5576.0,14426.0,239.28,30,0,0,43.07
5185,5580.0,14430.0,318.37,0,0,0,57.31
5186,5580.0,14431.0,184.86,30,0,0,33.27
5187,5582.0,14438.0,306.68,0,0,0,55.2
5188,5582.0,14443.0,224.19,30,0,0,40.35
5189,5583.0,14444.0,276.0,30,0,0,49.68
5190,5586.0,14448.0,466.23,0,0,0,83.92
5191,5586.0,14449.0,189.92,30,0,0,34.19
5192,5591.0,14457.0,212.69,30,0,0,38.28
5193,5592.0,14460.0,140.69,30,20,0,25.32
5194,5592.0,14461.0,334.96,0,0,0,60.29
5195,5593.0,14463.0,198.73,30,0,0,35.77
5196,5597.0,14469.0,412.18,0,0,0,74.19
5197,5597.0,14471.0,443.01,0,0,0,79.74
5198,5597.0,14473.0,374.4,0,0,0,67.39
5199,5602.0,14479.0,350.58,0,50,0,63.1
5200,5602.0,14480.0,444.68,0,0,0,80.04
5201,5602.0,14481.0,262.87,30,50,0,47.32
5202,5604.0,14485.0,424.71,0,0,0,76.45
5203,5605.0,14486.0,410.0,0,20,0,73.8
5204,5605.0,14488.0,351.12,0,0,0,63.2
5205,5605.0,14489.0,171.42,30,20,0,30.86
5206,5606.0,14491.0,314.91,30,0,0,56.68
5207,5608.0,14495.0,313.51,0,0,0,56.43
5208,5609.0,14497.0,325.0,0,0,0,58.5
5209,5609.0,14499.0,374.96,0,20,0,67.49
5210,5609.0,14500.0,99.32,30,0,0,17.88
5211,5612.0,14507.0,544.89,0,50,0,98.08
5212,5612.0,14511.0,155.06,30,50,0,27.91
5213,5612.0,14513.0,244.69,30,20,0,44.04
5214,5613.0,14515.0,356.08,0,0,0,64.09
5215,5614.0,14520.0,444.28,0,0,0,79.97
5216,5614.0,14521.0,396.24,0,0,0,71.32
5217,5614.0,14522.0,316.86,30,0,0,57.03
5218,5615.0,14523.0,382.78,0,20,0,68.9
5219,5615.0,14526.0,399.3,0,0,0,71.87
5220,5615.0,14530.0,447.66,0,20,0,80.58
5221,5615.0,14531.0,295.09,0,20,0,53.12
5222,5617.0,14534.0,273.33,30,20,0,49.2
5223,5619.0,14539.0,211.27,30,20,0,38.03
5224,5621.0,14545.0,343.56,0,20,0,61.84
5225,5622.0,14547.0,296.67,30,20,0,53.4
5226,5623.0,14550.0,255.72,30,0,0,46.03
5227,5624.0,14554.0,412.82,0,0,0,74.31
5228,5624.0,14555.0,383.54,0,20,0,69.04
5229,5625.0,14557.0,420.68,0,20,0,75.72
5230,5626.0,14564.0,280.8,0,20,0,50.54
5231,5628.0,14573.0,320.53,30,0,0,57.7
5232,5629.0,14575.0,309.25,0,0,0,55.66
5233,5633.0,14581.0,266.77,30,20,0,48.02
5234,5633.0,14582.0,186.0,30,20,0,33.48
5235,5633.0,14583.0,308.56,0,0,0,55.54
5236,5637.0,14587.0,410.83,0,0,0,73.95
5237,5639.0,14591.0,363.87,0,0,0,65.5
5238,5639.0,14592.0,301.36,0,0,1,54.24
5239,5640.0,14595.0,323.47,0,0,0,58.22
5240,5646.0,14602.0,360.28,0,50,0,64.85
5241,5648.0,14608.0,384.72,0,20,0,69.25
5242,5648.0,14609.0,266.47,30,0,0,47.96
5243,5655.0,14611.0,216.15,30,0,0,38.91
5244,5656.0,14612.0,302.83,0,20,0,54.51
5245,5658.0,14618.0,509.46,0,0,0,91.7
5246,5659.0,14621.0,223.99,30,0,0,40.32
5247,5660.0,14624.0,434.61,0,0,0,78.23
5248,5660.0,14627.0,203.53,30,20,0,36.64
5249,5660.0,14628.0,336.8,0,0,1,60.62
5250,5661.0,14632.0,352.46,0,0,0,63.44
5251,5661.0,14633.0,429.22,0,0,0,77.26
5252,5665.0,14637.0,427.52,0,0,0,76.95
5253,5666.0,14638.0,304.47,0,0,0,54.8
5254,5667.0,14640.0,317.04,0,50,0,57.07
5255,5667.0,14641.0,199.73,30,20,0,35.95
5256,5667.0,14642.0,252.79,30,0,0,45.5
5257,5670.0,14650.0,270.56,30,50,0,48.7
5258,5672.0,14654.0,182.53,30,50,0,32.86
5259,5676.0,14656.0,330.98,0,0,0,59.58
5260,5677.0,14657.0,284.87,0,50,0,51.28
5261,5678.0,14658.0,323.81,30,0,1,58.29
5262,5679.0,14661.0,394.92,0,20,0,71.09
5263,5679.0,14662.0,442.18,0,0,0,79.59
5264,5679.0,14663.0,323.75,0,0,0,58.28
5265,5679.0,14667.0,206.0,30,0,0,37.08
5266,5680.0,14670.0,210.48,30,20,0,37.89
5267,5680.0,14671.0,315.13,0,50,0,56.72
5268,5682.0,14674.0,341.52,0,0,0,61.47
5269,5682.0,14676.0,326.83,0,0,0,58.83
5270,5683.0,14677.0,326.72,30,0,0,58.81
5271,5683.0,14679.0,210.92,30,20,0,37.97
5272,5683.0,14681.0,234.55,30,50,0,42.22
5273,5683.0,14682.0,290.24,30,20,0,52.24
5274,5683.0,14685.0,240.91,30,0,0,43.36
5275,5684.0,14689.0,314.54,0,0,1,56.62
5276,5685.0,14693.0,476.16,0,0,0,85.71
5277,5686.0,14696.0,333.18,0,0,0,59.97
5278,5687.0,14698.0,301.51,0,0,0,54.27
5279,5689.0,14704.0,301.58,30,0,0,54.28
5280,5690.0,14706.0,430.02,0,20,0,77.4
5281,5691.0,14710.0,412.24,0,0,0,74.2
5282,5692.0,14712.0,298.55,30,20,0,53.74
5283,5693.0,14716.0,414.56,0,0,0,74.62
5284,5694.0,14718.0,273.91,30,0,0,49.3
5285,5695.0,14721.0,108.12,30,0,0,19.46
5286,5697.0,14723.0,258.52,30,20,0,46.53
5287,5697.0,14725.0,405.16,0,0,0,72.93
5288,5697.0,14726.0,105.16,30,50,0,18.93
5289,5699.0,14731.0,421.41,0,0,0,75.85
5290,5699.0,14732.0,270.35,30,20,0,48.66
5291,5699.0,14733.0,361.54,0,0,0,65.08
5292,5699.0,14734.0,311.69,30,0,0,56.1
5293,5701.0,14735.0,431.53,0,20,0,77.68
5294,5701.0,14738.0,277.86,30,20,0,50.01
5295,5701.0,14739.0,346.18,0,0,0,62.31
5296,5702.0,14740.0,373.53,0,50,0,67.24
5297,5702.0,14742.0,415.49,0,20,0,74.79
5298,5702.0,14743.0,241.69,30,50,0,43.5
5299,5705.0,14751.0,344.28,0,0,0,61.97
5300,5705.0,14753.0,310.97,0,50,0,55.97
5301,5705.0,14754.0,277.22,0,50,0,49.9
5302,5706.0,14756.0,279.41,0,20,0,50.29
5303,5706.0,14759.0,315.52,30,0,0,56.79
5304,5708.0,14760.0,359.1,0,0,0,64.64
5305,5709.0,14762.0,372.31,0,0,0,67.02
5306,5709.0,14763.0,314.13,0,0,0,56.54
5307,5710.0,14765.0,361.71,0,0,0,65.11
5308,5711.0,14768.0,390.75,0,0,0,70.33
5309,5712.0,14772.0,257.99,0,50,0,46.44
5310,5713.0,14773.0,285.84,0,20,0,51.45
5311,5713.0,14776.0,516.59,0,0,0,92.99
5312,5716.0,14780.0,320.91,30,0,0,57.76
5313,5716.0,14782.0,317.96,0,0,0,57.23
5314,5719.0,14789.0,373.66,0,0,0,67.26
5315,5719.0,14790.0,217.85,30,0,1,39.21
5316,5719.0,14791.0,250.69,30,20,0,45.12
5317,5720.0,14794.0,318.37,0,0,0,57.31
5318,5721.0,14796.0,339.89,0,0,0,61.18
5319,5722.0,14801.0,291.8,30,0,0,52.52
5320,5722.0,14803.0,308.59,0,0,0,55.55
5321,5722.0,14805.0,149.4,30,50,0,26.89
5322,5723.0,14807.0,321.84,30,0,0,57.93
5323,5724.0,14809.0,229.29,30,0,0,41.27
5324,5724.0,14810.0,385.95,0,50,0,69.47
5325,5726.0,14815.0,257.22,30,0,0,46.3
5326,5726.0,14817.0,405.55,0,20,0,73.0
5327,5727.0,14821.0,464.99,0,0,0,83.7
5328,5728.0,14822.0,444.97,0,0,0,80.09
5329,5729.0,14823.0,312.78,0,0,0,56.3
5330,5732.0,14829.0,303.92,0,50,0,54.71
5331,5735.0,14834.0,303.55,0,50,0,54.64
5332,5736.0,14835.0,445.09,0,0,0,80.12
5333,5738.0,14841.0,275.97,30,0,0,49.67
5334,5741.0,14850.0,243.61,30,20,0,43.85
5335,5742.0,14851.0,437.57,0,50,1,78.76
5336,5742.0,14854.0,264.37,30,0,0,47.59
5337,5744.0,14857.0,366.5,0,0,0,65.97
5338,5744.0,14858.0,300.09,0,20,0,54.02
5339,5744.0,14861.0,296.31,0,20,0,53.34
5340,5745.0,14864.0,324.15,30,0,0,58.35
5341,5745.0,14865.0,355.81,0,0,0,64.05
5342,5745.0,14866.0,378.03,0,0,0,68.05
5343,5747.0,14870.0,315.52,0,20,0,56.79
5344,5748.0,14872.0,470.47,0,0,0,84.68
5345,5749.0,14873.0,347.97,0,0,0,62.63
5346,5749.0,14874.0,364.26,0,0,0,65.57
5347,5749.0,14876.0,286.88,0,20,0,51.64
5348,5749.0,14877.0,226.43,30,0,0,40.76
5349,5750.0,14879.0,424.68,0,0,0,76.44
5350,5751.0,14884.0,229.27,30,0,0,41.27
5351,5751.0,14886.0,308.32,0,20,0,55.5
5352,5752.0,14888.0,282.4,30,0,0,50.83
5353,5752.0,14889.0,149.58,30,50,0,26.92
5354,5753.0,14893.0,452.97,0,0,0,81.53
5355,5753.0,14894.0,376.13,0,0,0,67.7
5356,5756.0,14900.0,355.3,0,0,0,63.95
5357,5757.0,14901.0,336.68,0,0,0,60.6
5358,5758.0,14907.0,248.7,30,0,0,44.77
5359,5760.0,14912.0,211.79,30,20,0,38.12
5360,5763.0,14920.0,362.42,0,0,0,65.24
5361,5763.0,14921.0,420.53,0,0,0,75.7
5362,5764.0,14922.0,384.76,0,0,0,69.26
5363,5765.0,14924.0,508.0,0,20,0,91.44
5364,5767.0,14925.0,343.6,0,0,0,61.85
5365,5768.0,14928.0,270.36,30,0,0,48.66
5366,5768.0,14930.0,330.88,0,0,0,59.56
5367,5769.0,14931.0,370.08,0,0,0,66.61
5368,5769.0,14933.0,247.75,30,0,0,44.6
5369,5769.0,14934.0,430.99,0,0,0,77.58
5370,5770.0,14941.0,269.04,0,50,0,48.43
5371,5771.0,14942.0,274.13,30,20,0,49.34
5372,5771.0,14944.0,379.36,0,20,0,68.28
5373,5772.0,14948.0,323.25,0,0,0,58.18
5374,5772.0,14949.0,251.15,30,50,0,45.21
5375,5773.0,14951.0,300.95,30,0,0,54.17
5376,5774.0,14954.0,440.51,0,0,0,79.29
5377,5775.0,14958.0,212.31,30,20,0,38.22
5378,5775.0,14959.0,299.19,0,0,0,53.85
5379,5778.0,14964.0,417.61,0,0,0,75.17
5380,5779.0,14965.0,457.91,0,0,0,82.42
5381,5779.0,14966.0,189.07,30,50,0,34.03
5382,5780.0,14970.0,301.04,30,0,0,54.19
5383,5782.0,14973.0,339.26,0,0,0,61.07
5384,5782.0,14974.0,247.42,30,50,0,44.54
5385,5784.0,14975.0,359.18,0,0,0,64.65
5386,5784.0,14977.0,317.54,0,0,0,57.16
5387,5785.0,14979.0,379.66,0,0,0,68.34
5388,5787.0,14984.0,299.33,30,20,0,53.88
5389,5790.0,14992.0,294.72,30,0,0,53.05
5390,5791.0,14994.0,436.75,0,20,0,78.61
5391,5791.0,14996.0,175.84,30,20,0,31.65
5392,5793.0,14999.0,319.14,0,0,0,57.45
5393,5793.0,15002.0,467.67,0,0,0,84.18
5394,5793.0,15003.0,316.97,0,20,0,57.05
5395,5794.0,15004.0,335.7,0,20,0,60.43
5396,5796.0,15007.0,378.72,0,50,0,68.17
5397,5796.0,15009.0,274.34,30,0,1,49.38
5398,5798.0,15011.0,517.51,0,0,0,93.15
5399,5800.0,15015.0,347.47,0,0,0,62.54
5400,5801.0,15017.0,178.78,30,0,0,32.18
5401,5801.0,15019.0,238.13,30,50,0,42.86
5402,5802.0,15022.0,304.66,30,0,0,54.84
5403,5803.0,15024.0,305.4,30,20,0,54.97
5404,5804.0,15025.0,416.76,0,50,0,75.02
5405,5805.0,15026.0,259.16,30,20,0,46.65
5406,5805.0,15027.0,504.65,0,0,0,90.84
5407,5805.0,15029.0,331.19,0,50,0,59.61
5408,5807.0,15031.0,312.65,0,0,0,56.28
5409,5807.0,15032.0,268.98,30,50,0,48.42
5410,5810.0,15037.0,311.0,0,20,0,55.98
5411,5810.0,15038.0,486.48,0,0,0,87.57
5412,5813.0,15043.0,252.49,30,50,0,45.45
5413,5814.0,15045.0,206.97,30,0,0,37.25
5414,5814.0,15047.0,348.34,0,20,0,62.7
5415,5815.0,15049.0,386.24,0,0,0,69.52
5416,5815.0,15052.0,88.88,30,50,0,16.0
5417,5816.0,15055.0,480.16,0,20,0,86.43
5418,5817.0,15058.0,395.02,0,0,0,71.1
5419,5817.0,15062.0,460.28,0,0,0,82.85
5420,5818.0,15064.0,221.43,30,20,0,39.86
5421,5819.0,15067.0,271.86,30,20,0,48.93
5422,5821.0,15077.0,292.03,30,20,0,52.57
5423,5822.0,15078.0,481.11,0,0,0,86.6
5424,5826.0,15089.0,321.25,30,0,0,57.82
5425,5828.0,15093.0,328.42,0,20,0,59.12
5426,5829.0,15096.0,302.55,0,50,0,54.46
5427,5829.0,15097.0,301.69,0,50,0,54.3
5428,5829.0,15101.0,425.35,0,50,0,76.56
5429,5830.0,15102.0,379.55,0,0,0,68.32
5430,5833.0,15107.0,291.55,30,20,0,52.48
5431,5833.0,15109.0,366.77,0,20,0,66.02
5432,5834.0,15112.0,329.54,0,0,0,59.32
5433,5839.0,15120.0,218.24,30,50,0,39.28
5434,5843.0,15123.0,246.72,30,50,0,44.41
5435,5843.0,15125.0,328.02,30,0,0,59.04
5436,5844.0,15127.0,333.02,0,0,0,59.94
5437,5844.0,15128.0,324.94,30,0,0,58.49
5438,5845.0,15132.0,323.43,30,0,0,58.22
5439,5846.0,15137.0,297.25,30,0,0,53.5
5440,5847.0,15140.0,300.6,0,0,0,54.11
5441,5848.0,15146.0,297.66,0,50,0,53.58
5442,5852.0,15152.0,436.57,0,0,1,78.58
5443,5852.0,15153.0,319.92,0,50,0,57.59
5444,5854.0,15159.0,226.11,30,20,0,40.7
5445,5854.0,15160.0,192.54,30,50,0,34.66
5446,5857.0,15163.0,338.98,0,50,0,61.02
5447,5857.0,15164.0,266.43,30,0,0,47.96
5448,5858.0,15173.0,348.1,0,20,0,62.66
5449,5858.0,15176.0,360.97,0,0,1,64.97
5450,5860.0,15178.0,410.09,0,0,0,73.82
5451,5860.0,15180.0,382.95,0,20,0,68.93
5452,5862.0,15186.0,371.54,0,20,0,66.88
5453,5863.0,15190.0,344.24,0,0,0,61.96
5454,5863.0,15193.0,233.46,30,0,0,42.02
5455,5866.0,15196.0,345.5,0,0,0,62.19
5456,5867.0,15198.0,195.27,30,20,0,35.15
5457,5867.0,15200.0,175.19,30,0,0,31.53
5458,5868.0,15201.0,418.26,0,20,0,75.29
5459,5869.0,15206.0,463.62,0,50,0,83.45
5460,5870.0,15210.0,276.64,30,0,0,49.8
5461,5871.0,15212.0,316.78,0,0,0,57.02
5462,5878.0,15217.0,458.28,0,0,0,82.49
5463,5878.0,15218.0,308.81,30,20,0,55.59
5464,5879.0,15221.0,457.31,0,0,0,82.32
5465,5881.0,15228.0,320.22,0,50,0,57.64
5466,5883.0,15232.0,318.93,0,50,0,57.41
5467,5883.0,15233.0,314.02,30,0,1,56.52
5468,5883.0,15234.0,262.75,0,50,0,47.3
5469,5883.0,15236.0,281.23,30,20,0,50.62
5470,5883.0,15237.0,331.88,0,0,0,59.74
5471,5887.0,15243.0,356.78,0,0,0,64.22
5472,5887.0,15244.0,328.46,30,0,0,59.12
5473,5891.0,15254.0,270.96,0,50,0,48.77
5474,5892.0,15258.0,419.99,0,0,0,75.6
5475,5892.0,15261.0,334.08,0,0,0,60.13
5476,5893.0,15263.0,396.05,0,0,0,71.29
5477,5894.0,15265.0,281.94,30,20,0,50.75
5478,5895.0,15269.0,283.94,0,20,0,51.11
5479,5896.0,15271.0,319.96,30,0,0,57.59
5480,5898.0,15272.0,204.36,30,20,0,36.78
5481,5898.0,15275.0,314.21,30,0,0,56.56
5482,5898.0,15276.0,266.33,30,0,0,47.94
5483,5899.0,15278.0,343.12,0,0,0,61.76
5484,5901.0,15283.0,322.3,30,0,1,58.01
5485,5902.0,15284.0,351.95,0,0,0,63.35
5486,5907.0,15291.0,343.29,0,0,0,61.79
5487,5907.0,15292.0,307.06,0,20,0,55.27
5488,5909.0,15295.0,361.63,0,0,0,65.09
5489,5912.0,15301.0,359.24,0,20,0,64.66
5490,5913.0,15302.0,301.44,30,20,0,54.26
5491,5913.0,15303.0,228.42,30,0,0,41.12
5492,5913.0,15304.0,441.17,0,0,0,79.41
5493,5914.0,15307.0,356.75,0,50,0,64.22
5494,5915.0,15309.0,405.78,0,0,0,73.04
5495,5916.0,15310.0,329.96,0,0,0,59.39
5496,5919.0,15315.0,301.64,0,0,1,54.3
5497,5921.0,15320.0,306.99,0,0,0,55.26
5498,5921.0,15322.0,403.23,0,20,0,72.58
5499,5921.0,15323.0,306.33,30,20,0,55.14
5500,5924.0,15331.0,382.76,0,0,0,68.9
5501,5929.0,15344.0,363.32,0,50,0,65.4
5502,5929.0,15345.0,335.73,0,0,0,60.43
5503,5931.0,15350.0,251.29,30,0,0,45.23
5504,5932.0,15355.0,228.35,30,0,0,41.1
5505,5933.0,15356.0,470.12,0,0,1,84.62
5506,5937.0,15361.0,355.55,0,20,0,64.0
5507,5938.0,15367.0,385.08,0,0,0,69.31
5508,5940.0,15372.0,277.49,30,50,0,49.95
5509,5940.0,15373.0,313.53,30,0,0,56.44
5510,5943.0,15381.0,547.22,0,0,0,98.5
5511,5945.0,15382.0,229.0,30,50,0,41.22
5512,5945.0,15383.0,334.52,0,20,0,60.21
5513,5946.0,15386.0,311.47,0,0,0,56.06
5514,5946.0,15387.0,369.83,0,0,0,66.57
5515,5947.0,15391.0,278.71,30,0,0,50.17
5516,5947.0,15392.0,436.27,0,0,0,78.53
5517,5949.0,15396.0,333.77,0,0,0,60.08
5518,5950.0,15400.0,317.83,0,0,0,57.21
5519,5951.0,15403.0,296.95,0,50,0,53.45
5520,5952.0,15405.0,421.97,0,0,0,75.95
5521,5952.0,15409.0,238.74,30,20,0,42.97
5522,5953.0,15412.0,319.73,30,0,0,57.55
5523,5953.0,15415.0,188.08,30,0,0,33.85
5524,5954.0,15417.0,438.3,0,20,0,78.89
5525,5957.0,15422.0,320.01,0,20,0,57.6
5526,5957.0,15424.0,371.49,0,50,0,66.87
5527,5957.0,15425.0,332.66,0,0,0,59.88
5528,5958.0,15428.0,303.69,0,20,0,54.66
5529,5959.0,15431.0,298.16,30,20,0,53.67
5530,5959.0,15432.0,315.45,0,0,0,56.78
5531,5960.0,15437.0,372.5,0,0,0,67.05
5532,5960.0,15438.0,322.53,0,20,0,58.06
5533,5960.0,15439.0,446.34,0,0,0,80.34
5534,5961.0,15440.0,68.53,30,20,0,12.34
5535,5963.0,15444.0,260.39,30,50,0,46.87
5536,5967.0,15452.0,227.85,30,20,0,41.01
5537,5967.0,15454.0,395.47,0,0,0,71.18
5538,5969.0,15458.0,273.48,0,50,0,49.23
5539,5972.0,15460.0,329.07,0,0,0,59.23
5540,5973.0,15465.0,357.32,0,0,0,64.32
5541,5978.0,15471.0,296.62,0,20,0,53.39
5542,5979.0,15478.0,178.04,30,50,0,32.05
5543,5979.0,15479.0,513.53,0,0,0,92.44
5544,5979.0,15481.0,468.21,0,0,0,84.28
5545,5980.0,15482.0,337.09,0,0,1,60.68
5546,5980.0,15485.0,302.75,0,0,0,54.5
5547,5980.0,15487.0,295.68,30,0,0,53.22
5548,5983.0,15493.0,494.04,0,50,0,88.93
5549,5986.0,15500.0,234.36,30,0,0,42.18
5550,5988.0,15504.0,218.57,30,0,0,39.34
5551,5989.0,15508.0,239.17,30,0,0,43.05
5552,5991.0,15511.0,310.8,0,20,0,55.94
5553,5992.0,15514.0,273.0,30,20,0,49.14
5554,5993.0,15516.0,302.13,30,0,0,54.38
5555,5993.0,15517.0,252.08,0,50,0,45.37
5556,5993.0,15519.0,488.74,0,0,0,87.97
5557,5993.0,15521.0,497.46,0,0,0,89.54
5558,5994.0,15522.0,443.51,0,0,0,79.83
5559,5997.0,15525.0,173.47,30,0,0,31.22
5560,6004.0,15541.0,374.61,0,0,0,67.43
5561,6004.0,15542.0,452.47,0,0,0,81.44
5562,6005.0,15546.0,320.52,0,50,0,57.69
5563,6005.0,15547.0,142.92,30,0,0,25.73
5564,6008.0,15554.0,299.16,0,50,0,53.85
5565,6008.0,15555.0,375.74,0,0,0,67.63
5566,6008.0,15556.0,436.03,0,0,0,78.49
5567,6008.0,15557.0,177.86,30,50,0,32.01
5568,6011.0,15564.0,397.4,0,0,0,71.53
5569,6012.0,15566.0,327.38,30,0,0,58.93
5570,6012.0,15567.0,369.88,0,20,0,66.58
5571,6012.0,15568.0,386.23,0,50,0,69.52
5572,6013.0,15569.0,366.26,0,20,0,65.93
5573,6014.0,15573.0,448.41,0,0,0,80.71
5574,6014.0,15574.0,273.43,30,0,0,49.22
5575,6014.0,15575.0,304.66,0,20,0,54.84
5576,6017.0,15581.0,314.65,30,0,0,56.64
5577,6018.0,15582.0,342.28,0,20,0,61.61
5578,6019.0,15584.0,140.66,30,0,0,25.32
5579,6021.0,15588.0,244.57,30,50,0,44.02
5580,6026.0,15597.0,167.14,30,20,0,30.09
5581,6026.0,15598.0,244.89,30,0,0,44.08
5582,6026.0,15599.0,324.92,0,0,0,58.49
5583,6028.0,15602.0,267.76,30,20,0,48.2
5584,6028.0,15603.0,300.39,0,20,0,54.07
5585,6030.0,15606.0,376.71,0,0,0,67.81
5586,6032.0,15612.0,151.74,30,0,0,27.31
5587,6033.0,15613.0,345.01,0,0,0,62.1
5588,6033.0,15614.0,397.16,0,0,0,71.49
5589,6033.0,15616.0,479.68,0,0,0,86.34
5590,6036.0,15617.0,216.07,30,50,0,38.89
5591,6038.0,15623.0,252.71,30,0,0,45.49
5592,6038.0,15624.0,363.97,0,0,0,65.51
5593,6039.0,15626.0,250.55,30,20,0,45.1
5594,6040.0,15627.0,315.25,30,0,0,56.74
5595,6040.0,15629.0,412.54,0,0,0,74.26
5596,6050.0,15647.0,360.88,0,20,0,64.96
5597,6052.0,15650.0,346.6,0,0,0,62.39
5598,6053.0,15652.0,326.17,0,0,0,58.71
5599,6056.0,15653.0,284.23,30,20,0,51.16
5600,6057.0,15658.0,305.2,0,0,0,54.94
5601,6060.0,15661.0,451.61,0,0,0,81.29
5602,6060.0,15662.0,267.77,30,50,0,48.2
5603,6062.0,15665.0,329.82,0,50,0,59.37
5604,6062.0,15666.0,222.57,30,50,0,40.06
5605,6063.0,15667.0,355.93,0,50,0,64.07
5606,6065.0,15670.0,227.21,30,0,0,40.9
5607,6068.0,15674.0,248.99,30,0,0,44.82
5608,6068.0,15675.0,200.79,30,0,0,36.14
5609,6069.0,15676.0,294.2,30,20,0,52.96
5610,6069.0,15677.0,202.8,30,20,0,36.5
5611,6070.0,15679.0,264.25,30,0,0,47.56
5612,6071.0,15683.0,304.0,0,20,0,54.72
5613,6071.0,15684.0,376.23,0,0,0,67.72
5614,6071.0,15685.0,299.42,0,0,0,53.9
5615,6073.0,15686.0,461.67,0,0,0,83.1
5616,6077.0,15695.0,355.81,0,0,0,64.05
5617,6077.0,15696.0,419.85,0,50,0,75.57
5618,6081.0,15698.0,312.71,0,0,0,56.29
5619,6081.0,15702.0,300.19,30,20,0,54.03
5620,6086.0,15711.0,323.92,30,0,0,58.31
5621,6086.0,15712.0,302.21,0,0,0,54.4
5622,6087.0,15714.0,200.47,30,0,0,36.08
5623,6087.0,15716.0,306.03,30,0,0,55.09
5624,6089.0,15722.0,315.78,0,0,0,56.84
5625,6089.0,15723.0,325.37,0,50,0,58.57
5626,6089.0,15724.0,315.33,30,0,0,56.76
5627,6093.0,15736.0,335.8,0,0,0,60.44
5628,6093.0,15738.0,278.74,30,50,0,50.17
5629,6094.0,15741.0,343.34,0,0,0,61.8
5630,6096.0,15745.0,233.14,30,50,0,41.97
5631,6097.0,15746.0,209.78,30,20,0,37.76
5632,6097.0,15747.0,394.64,0,20,0,71.04
5633,6098.0,15749.0,544.69,0,0,0,98.04
5634,6100.0,15752.0,234.35,30,0,0,42.18
5635,6100.0,15754.0,419.48,0,0,0,75.51
5636,6100.0,15756.0,205.25,30,0,0,36.94
5637,6102.0,15760.0,310.91,30,0,0,55.96
5638,6102.0,15761.0,292.44,30,0,0,52.64
5639,6103.0,15762.0,385.88,0,0,0,69.46
5640,6104.0,15763.0,322.07,0,0,0,57.97
5641,6105.0,15765.0,282.21,30,20,0,50.8
5642,6107.0,15767.0,296.37,30,20,0,53.35
5643,6107.0,15768.0,366.93,0,0,0,66.05
5644,6107.0,15771.0,257.88,0,50,0,46.42
5645,6107.0,15772.0,299.11,30,0,0,53.84
5646,6107.0,15773.0,307.87,0,20,0,55.42
5647,6107.0,15774.0,280.33,0,50,0,50.46
5648,6108.0,15778.0,441.07,0,0,0,79.39
5649,6109.0,15781.0,288.05,0,50,0,51.85
5650,6110.0,15782.0,217.02,30,50,0,39.06
5651,6118.0,15797.0,429.11,0,0,0,77.24
5652,6119.0,15798.0,315.1,30,0,0,56.72
5653,6119.0,15799.0,330.75,0,20,0,59.54
5654,6120.0,15800.0,314.5,30,0,0,56.61
5655,6120.0,15801.0,252.97,0,50,0,45.53
5656,6125.0,15814.0,221.63,30,0,0,39.89
5657,6125.0,15816.0,143.87,30,0,0,25.9
5658,6126.0,15817.0,408.05,0,0,0,73.45
5659,6126.0,15818.0,337.34,0,20,1,60.72
5660,6127.0,15819.0,312.28,0,0,0,56.21
5661,6127.0,15821.0,280.51,30,0,0,50.49
5662,6129.0,15825.0,461.18,0,0,0,83.01
5663,6130.0,15830.0,482.07,0,0,0,86.77
5664,6133.0,15835.0,320.41,30,0,0,57.67
5665,6133.0,15837.0,379.16,0,0,0,68.25
5666,6133.0,15838.0,341.23,0,20,0,61.42
5667,6135.0,15845.0,283.31,30,0,0,51.0
5668,6137.0,15851.0,309.32,0,0,0,55.68
5669,6137.0,15852.0,321.7,30,0,0,57.91
5670,6139.0,15855.0,210.78,30,20,0,37.94
5671,6140.0,15856.0,250.86,30,0,0,45.15
5672,6141.0,15857.0,416.21,0,50,0,74.92
5673,6142.0,15863.0,285.52,30,20,0,51.39
5674,6142.0,15864.0,275.47,30,0,0,49.58
5675,6144.0,15869.0,326.46,30,0,0,58.76
5676,6145.0,15871.0,581.08,0,0,0,104.59
5677,6146.0,15873.0,410.11,0,0,0,73.82
5678,6146.0,15874.0,295.92,30,20,0,53.27
5679,6146.0,15875.0,176.54,30,0,0,31.78
5680,6146.0,15876.0,440.01,0,0,0,79.2
5681,6148.0,15879.0,358.23,0,0,0,64.48
5682,6148.0,15880.0,353.06,0,20,0,63.55
5683,6148.0,15881.0,351.77,0,0,0,63.32
5684,6149.0,15883.0,305.73,0,0,0,55.03
5685,6149.0,15884.0,301.69,30,20,0,54.3
5686,6150.0,15886.0,320.37,30,0,0,57.67
5687,6150.0,15888.0,308.44,0,20,0,55.52
5688,6151.0,15890.0,269.43,0,50,0,48.5
5689,6151.0,15893.0,270.28,30,0,1,48.65
5690,6152.0,15896.0,264.36,30,0,0,47.58
5691,6154.0,15900.0,421.97,0,0,0,75.95
5692,6155.0,15903.0,520.41,0,20,0,93.67
5693,6156.0,15904.0,411.47,0,0,0,74.06
5694,6156.0,15905.0,321.66,0,0,0,57.9
5695,6157.0,15907.0,294.19,30,0,0,52.95
5696,6159.0,15909.0,283.1,30,0,0,50.96
5697,6160.0,15912.0,219.99,30,0,0,39.6
5698,6160.0,15914.0,317.89,30,0,0,57.22
5699,6162.0,15918.0,372.74,0,0,0,67.09
5700,6163.0,15921.0,345.47,0,50,0,62.18
5701,6163.0,15923.0,265.19,30,0,0,47.73
5702,6164.0,15925.0,253.79,30,50,0,45.68
5703,6167.0,15928.0,419.45,0,0,0,75.5
5704,6167.0,15929.0,343.82,0,20,0,61.89
5705,6169.0,15932.0,410.05,0,0,0,73.81
5706,6171.0,15937.0,236.95,30,50,0,42.65
5707,6172.0,15938.0,92.95,30,20,0,16.73
5708,6172.0,15939.0,151.9,30,50,0,27.34
5709,6172.0,15940.0,381.06,0,50,0,68.59
5710,6172.0,15941.0,388.34,0,0,0,69.9
5711,6173.0,15942.0,293.59,0,50,0,52.85
5712,6173.0,15943.0,363.14,0,20,0,65.37
5713,6174.0,15945.0,416.56,0,0,0,74.98
5714,6177.0,15952.0,169.37,30,0,0,30.49
5715,6179.0,15954.0,313.64,0,0,0,56.46
5716,6180.0,15960.0,530.16,0,0,0,95.43
5717,6182.0,15961.0,408.8,0,0,0,73.58
5718,6184.0,15964.0,420.04,0,0,0,75.61
5719,6185.0,15967.0,414.88,0,0,0,74.68
5720,6186.0,15968.0,323.1,30,0,0,58.16
5721,6186.0,15969.0,398.19,0,50,0,71.67
5722,6188.0,15973.0,474.59,0,20,0,85.43
5723,6188.0,15974.0,353.02,0,0,0,63.54
5724,6188.0,15976.0,389.66,0,0,0,70.14
5725,6190.0,15982.0,324.49,0,50,0,58.41
5726,6190.0,15983.0,430.89,0,0,0,77.56
5727,6192.0,15989.0,300.72,0,0,0,54.13
5728,6197.0,15999.0,379.6,0,20,0,68.33
5729,6197.0,16001.0,234.89,30,0,0,42.28
5730,6197.0,16002.0,334.8,0,50,0,60.26
5731,6197.0,16003.0,380.59,0,20,0,68.51
5732,6201.0,16011.0,311.66,0,0,1,56.1
5733,6201.0,16016.0,322.2,0,0,0,58.0
5734,6205.0,16023.0,401.84,0,50,0,72.33
5735,6206.0,16029.0,333.77,0,0,0,60.08
5736,6207.0,16031.0,407.18,0,0,0,73.29
5737,6209.0,16036.0,222.37,30,0,0,40.03
5738,6211.0,16041.0,351.69,0,0,0,63.3
5739,6212.0,16046.0,363.33,0,0,0,65.4
5740,6214.0,16050.0,357.98,0,20,0,64.44
5741,6215.0,16054.0,410.29,0,0,0,73.85
5742,6216.0,16055.0,410.61,0,0,0,73.91
5743,6217.0,16057.0,301.32,0,0,0,54.24
5744,6218.0,16062.0,275.16,0,50,1,49.53
5745,6221.0,16066.0,429.17,0,0,0,77.25
5746,6221.0,16067.0,322.93,0,50,0,58.13
5747,6226.0,16076.0,313.06,0,0,0,56.35
5748,6226.0,16077.0,361.38,0,20,0,65.05
5749,6227.0,16079.0,425.35,0,0,0,76.56
5750,6227.0,16080.0,350.78,0,0,0,63.14
5751,6229.0,16084.0,281.47,30,20,0,50.66
5752,6233.0,16086.0,317.4,0,0,0,57.13
5753,6233.0,16088.0,327.62,0,0,1,58.97
5754,6235.0,16091.0,230.96,30,20,0,41.57
5755,6235.0,16092.0,151.73,30,0,0,27.31
5756,6236.0,16095.0,419.52,0,0,0,75.51
5757,6238.0,16100.0,403.49,0,0,0,72.63
5758,6239.0,16101.0,272.23,0,50,0,49.0
5759,6239.0,16102.0,253.8,30,0,0,45.68
5760,6240.0,16104.0,347.19,0,20,0,62.49
5761,6240.0,16105.0,390.29,0,0,0,70.25
5762,6241.0,16107.0,396.29,0,0,0,71.33
5763,6241.0,16108.0,412.21,0,0,0,74.2
5764,6242.0,16110.0,322.84,0,20,0,58.11
5765,6244.0,16111.0,271.04,0,50,0,48.79
5766,6245.0,16112.0,377.0,0,0,0,67.86
5767,6245.0,16114.0,423.32,0,50,1,76.2
5768,6248.0,16119.0,277.17,30,0,0,49.89
5769,6250.0,16124.0,296.12,30,0,0,53.3
5770,6251.0,16128.0,330.77,0,20,0,59.54
5771,6252.0,16129.0,373.35,0,50,0,67.2
5772,6253.0,16131.0,259.7,30,20,0,46.75
5773,6253.0,16132.0,162.85,30,0,0,29.31
5774,6253.0,16133.0,247.11,30,0,0,44.48
5775,6253.0,16134.0,303.34,30,0,0,54.6
5776,6253.0,16135.0,323.7,0,20,0,58.27
5777,6256.0,16145.0,249.7,0,50,0,44.95
5778,6258.0,16148.0,331.35,0,0,0,59.64
5779,6268.0,16161.0,484.85,0,0,0,87.27
5780,6268.0,16164.0,315.18,30,0,0,56.73
5781,6268.0,16165.0,346.39,0,20,0,62.35
5782,6270.0,16168.0,371.45,0,0,1,66.86
5783,6275.0,16176.0,323.4,30,0,0,58.21
5784,6277.0,16180.0,487.61,0,0,0,87.77
5785,6279.0,16182.0,330.72,0,20,0,59.53
5786,6279.0,16184.0,290.23,30,20,0,52.24
5787,6279.0,16185.0,312.7,30,0,0,56.29
5788,6280.0,16189.0,488.84,0,20,0,87.99
5789,6282.0,16191.0,259.87,30,20,0,46.78
5790,6283.0,16194.0,331.61,0,0,0,59.69
5791,6285.0,16196.0,308.03,30,0,0,55.45
5792,6286.0,16197.0,348.65,0,0,0,62.76
5793,6290.0,16207.0,254.81,0,50,0,45.87
5794,6291.0,16208.0,342.95,0,0,0,61.73
5795,6291.0,16213.0,298.03,30,0,0,53.65
5796,6294.0,16214.0,238.73,30,50,0,42.97
5797,6295.0,16217.0,302.16,0,0,0,54.39
5798,6295.0,16219.0,268.5,30,50,0,48.33
5799,6296.0,16221.0,350.85,0,0,0,63.15
5800,6296.0,16222.0,309.96,0,0,0,55.79
5801,6297.0,16224.0,413.67,0,20,0,74.46
5802,6299.0,16231.0,388.32,0,0,0,69.9
5803,6299.0,16232.0,398.24,0,0,0,71.68
5804,6300.0,16236.0,306.54,0,0,0,55.18
5805,6301.0,16243.0,257.13,30,0,0,46.28
5806,6301.0,16244.0,332.01,0,20,0,59.76
5807,6302.0,16248.0,389.71,0,0,0,70.15
5808,6304.0,16253.0,316.06,0,20,0,56.89
5809,6304.0,16255.0,307.53,0,0,0,55.36
5810,6304.0,16256.0,506.41,0,0,0,91.15
5811,6304.0,16257.0,326.94,30,0,0,58.85
5812,6305.0,16259.0,224.12,30,0,0,40.34
5813,6310.0,16270.0,407.06,0,0,0,73.27
5814,6311.0,16273.0,391.1,0,50,0,70.4
5815,6311.0,16274.0,310.03,0,0,0,55.81
5816,6311.0,16277.0,386.78,0,20,0,69.62
5817,6313.0,16279.0,306.08,30,20,0,55.09
5818,6314.0,16284.0,353.19,0,20,0,63.57
5819,6314.0,16285.0,287.74,30,0,0,51.79
5820,6315.0,16287.0,452.63,0,0,0,81.47
5821,6317.0,16289.0,443.34,0,0,0,79.8
5822,6317.0,16290.0,343.39,0,0,0,61.81
5823,6319.0,16292.0,367.65,0,0,0,66.18
5824,6320.0,16294.0,263.02,30,50,0,47.34
5825,6321.0,16298.0,319.57,0,0,0,57.52
5826,6322.0,16299.0,215.39,30,0,0,38.77
5827,6324.0,16301.0,326.93,0,50,0,58.85
5828,6324.0,16302.0,260.71,0,50,0,46.93
5829,6325.0,16304.0,298.41,30,20,0,53.71
5830,6325.0,16305.0,75.07,30,20,0,13.51
5831,6325.0,16306.0,178.61,30,0,0,32.15
5832,6327.0,16308.0,362.84,0,0,0,65.31
5833,6327.0,16309.0,313.71,0,50,0,56.47
5834,6327.0,16310.0,389.7,0,20,0,70.15
5835,6327.0,16311.0,360.91,0,0,0,64.96
5836,6328.0,16315.0,247.66,30,50,0,44.58
5837,6331.0,16318.0,310.48,0,20,0,55.89
5838,6332.0,16319.0,210.03,30,0,0,37.81
5839,6334.0,16325.0,229.93,30,0,0,41.39
5840,6339.0,16333.0,335.58,0,50,0,60.4
5841,6341.0,16339.0,294.3,0,50,0,52.97
5842,6343.0,16341.0,329.54,0,0,0,59.32
5843,6343.0,16344.0,328.89,0,0,0,59.2
5844,6346.0,16346.0,234.36,30,20,0,42.18
5845,6348.0,16352.0,387.75,0,0,0,69.8
5846,6348.0,16353.0,277.24,30,0,0,49.9
5847,6353.0,16360.0,326.14,30,0,0,58.71
5848,6353.0,16361.0,297.34,30,0,0,53.52
5849,6353.0,16363.0,534.97,0,0,0,96.29
5850,6353.0,16365.0,322.88,0,20,0,58.12
5851,6354.0,16367.0,379.52,0,20,0,68.31
5852,6354.0,16368.0,310.62,0,0,0,55.91
5853,6354.0,16370.0,355.0,0,50,0,63.9
5854,6354.0,16371.0,498.85,0,0,0,89.79
5855,6355.0,16373.0,163.04,30,0,0,29.35
5856,6355.0,16374.0,314.17,30,0,0,56.55
5857,6357.0,16379.0,336.98,0,0,0,60.66
5858,6357.0,16380.0,345.62,0,0,0,62.21
5859,6357.0,16384.0,304.56,30,0,0,54.82
5860,6359.0,16386.0,359.91,0,20,0,64.78
5861,6359.0,16387.0,286.97,30,0,0,51.65
5862,6359.0,16388.0,273.73,30,20,0,49.27
5863,6361.0,16393.0,323.3,0,0,0,58.19
5864,6362.0,16395.0,312.83,0,50,0,56.31
5865,6363.0,16398.0,316.35,0,20,0,56.94
5866,6364.0,16402.0,300.33,0,20,0,54.06
5867,6365.0,16404.0,240.71,30,0,0,43.33
5868,6369.0,16415.0,378.41,0,0,0,68.11
5869,6369.0,16417.0,303.21,0,0,0,54.58
5870,6370.0,16420.0,329.64,0,50,0,59.34
5871,6370.0,16422.0,324.49,0,0,0,58.41
5872,6371.0,16424.0,318.33,30,0,0,57.3
5873,6371.0,16427.0,346.62,0,20,0,62.39
5874,6373.0,16430.0,421.91,0,0,0,75.94
5875,6374.0,16434.0,255.94,30,50,0,46.07
5876,6378.0,16439.0,273.28,30,50,0,49.19
5877,6378.0,16440.0,454.34,0,0,0,81.78
5878,6378.0,16441.0,320.3,0,0,0,57.65
5879,6379.0,16443.0,234.0,30,50,0,42.12
5880,6381.0,16448.0,509.24,0,0,0,91.66
5881,6383.0,16453.0,416.26,0,0,0,74.93
5882,6383.0,16456.0,322.3,30,0,0,58.01
5883,6384.0,16460.0,277.71,0,50,0,49.99
5884,6386.0,16463.0,302.52,30,20,0,54.45
5885,6386.0,16464.0,291.02,0,20,0,52.38
5886,6386.0,16465.0,349.11,0,0,0,62.84
5887,6386.0,16466.0,324.35,0,50,0,58.38
5888,6387.0,16467.0,314.68,30,0,0,56.64
5889,6388.0,16470.0,343.71,0,0,0,61.87
5890,6388.0,16471.0,417.81,0,0,0,75.21
5891,6389.0,16475.0,299.43,0,20,0,53.9
5892,6390.0,16477.0,294.32,0,20,0,52.98
5893,6391.0,16478.0,334.66,0,20,0,60.24
5894,6392.0,16480.0,397.84,0,20,0,71.61
5895,6393.0,16481.0,231.55,30,0,0,41.68
5896,6393.0,16482.0,358.68,0,0,0,64.56
5897,6393.0,16483.0,297.49,30,0,0,53.55
5898,6394.0,16485.0,299.6,0,0,0,53.93
5899,6394.0,16486.0,309.1,0,50,0,55.64
5900,6395.0,16489.0,559.29,0,0,0,100.67
5901,6396.0,16492.0,287.9,30,20,0,51.82
5902,6396.0,16493.0,410.24,0,0,0,73.84
5903,6397.0,16495.0,322.39,30,0,0,58.03
5904,6398.0,16496.0,210.69,30,20,0,37.92
5905,6400.0,16502.0,304.78,0,0,0,54.86
5906,6403.0,16506.0,178.71,30,50,0,32.17
5907,6406.0,16508.0,381.62,0,50,0,68.69
5908,6406.0,16509.0,471.19,0,0,0,84.81
5909,6407.0,16510.0,207.7,30,0,0,37.39
5910,6408.0,16511.0,315.61,30,0,0,56.81
5911,6411.0,16516.0,292.91,30,20,0,52.72
5912,6411.0,16517.0,228.31,30,50,0,41.1
5913,6411.0,16519.0,328.52,0,0,0,59.13
5914,6415.0,16524.0,161.56,30,0,0,29.08
5915,6417.0,16529.0,312.35,0,0,0,56.22
5916,6417.0,16531.0,316.81,0,0,0,57.03
5917,6419.0,16533.0,492.68,0,20,0,88.68
5918,6419.0,16534.0,245.42,30,50,0,44.18
5919,6419.0,16535.0,322.91,0,0,0,58.12
5920,6424.0,16540.0,249.22,30,50,0,44.86
5921,6425.0,16545.0,218.87,30,20,0,39.4
5922,6425.0,16547.0,403.18,0,0,0,72.57
5923,6425.0,16551.0,396.71,0,0,0,71.41
5924,6426.0,16553.0,518.88,0,0,0,93.4
5925,6426.0,16555.0,338.21,0,20,0,60.88
5926,6429.0,16561.0,255.41,30,0,0,45.97
5927,6432.0,16567.0,303.56,30,0,0,54.64
5928,6433.0,16572.0,296.2,30,20,0,53.32
5929,6434.0,16573.0,306.16,0,0,0,55.11
5930,6435.0,16575.0,385.67,0,0,0,69.42
5931,6436.0,16580.0,386.87,0,0,0,69.64
5932,6437.0,16581.0,323.49,30,0,0,58.23
5933,6439.0,16583.0,294.26,30,20,0,52.97
5934,6439.0,16584.0,335.03,0,50,1,60.31
5935,6439.0,16585.0,410.18,0,0,0,73.83
5936,6441.0,16592.0,304.16,0,0,0,54.75
5937,6444.0,16598.0,232.3,30,0,0,41.81
5938,6445.0,16600.0,337.76,0,0,0,60.8
5939,6445.0,16601.0,174.46,30,0,0,31.4
5940,6445.0,16603.0,233.47,30,50,0,42.02
5941,6447.0,16607.0,491.0,0,0,0,88.38
5942,6448.0,16610.0,271.72,30,0,0,48.91
5943,6448.0,16612.0,341.02,0,0,0,61.38
5944,6449.0,16618.0,252.07,30,0,0,45.37
5945,6451.0,16622.0,314.65,0,20,0,56.64
5946,6452.0,16625.0,255.26,30,0,0,45.95
5947,6452.0,16626.0,263.19,30,0,1,47.37
5948,6454.0,16628.0,168.89,30,20,0,30.4
5949,6455.0,16630.0,337.6,0,0,0,60.77
5950,6456.0,16635.0,297.05,0,50,0,53.47
5951,6458.0,16640.0,386.81,0,0,0,69.63
5952,6459.0,16641.0,275.13,30,0,0,49.52
5953,6459.0,16643.0,358.52,0,0,0,64.53
5954,6460.0,16644.0,179.44,30,0,1,32.3
5955,6463.0,16648.0,161.31,30,50,0,29.04
5956,6463.0,16650.0,326.93,0,0,0,58.85
5957,6465.0,16652.0,280.3,30,0,0,50.45
5958,6465.0,16653.0,409.27,0,0,0,73.67
5959,6466.0,16654.0,230.58,30,0,0,41.5
5960,6466.0,16655.0,498.77,0,50,0,89.78
5961,6466.0,16658.0,320.64,30,0,0,57.72
5962,6470.0,16666.0,449.47,0,0,0,80.9
5963,6471.0,16667.0,237.21,30,0,1,42.7
5964,6471.0,16669.0,284.73,30,20,1,51.25
5965,6471.0,16671.0,363.52,0,20,0,65.43
5966,6475.0,16676.0,302.56,30,20,0,54.46
5967,6475.0,16677.0,297.94,30,0,0,53.63
5968,6476.0,16678.0,260.66,30,50,0,46.92
5969,6476.0,16681.0,327.93,0,0,0,59.03
5970,6479.0,16685.0,362.32,0,50,0,65.22
5971,6480.0,16686.0,287.52,0,20,0,51.75
5972,6482.0,16688.0,296.23,30,20,0,53.32
5973,6482.0,16689.0,304.04,0,0,0,54.73
5974,6483.0,16694.0,283.38,0,50,0,51.01
5975,6484.0,16696.0,400.42,0,0,0,72.08
5976,6484.0,16697.0,362.67,0,20,0,65.28
5977,6486.0,16700.0,190.73,30,50,0,34.33
5978,6486.0,16703.0,227.25,30,20,0,40.9
5979,6486.0,16705.0,262.69,30,0,0,47.28
5980,6486.0,16706.0,207.04,30,50,0,37.27
5981,6486.0,16708.0,183.14,30,0,0,32.97
5982,6487.0,16710.0,329.72,0,50,0,59.35
5983,6488.0,16711.0,456.28,0,0,0,82.13
5984,6489.0,16715.0,437.54,0,0,0,78.76
5985,6489.0,16718.0,335.92,0,0,0,60.47
5986,6491.0,16721.0,302.06,0,0,0,54.37
5987,6492.0,16722.0,227.55,30,50,0,40.96
5988,6492.0,16725.0,243.14,30,50,0,43.77
5989,6493.0,16727.0,520.09,0,0,0,93.62
5990,6493.0,16729.0,383.07,0,0,0,68.95
5991,6493.0,16730.0,439.16,0,20,0,79.05
5992,6493.0,16731.0,320.92,0,20,0,57.77
5993,6496.0,16735.0,286.41,0,50,0,51.55
5994,6497.0,16738.0,432.38,0,0,0,77.83
5995,6497.0,16739.0,367.05,0,50,0,66.07
5996,6498.0,16743.0,333.72,0,0,0,60.07
5997,6499.0,16744.0,221.33,30,20,0,39.84
5998,6499.0,16745.0,301.4,0,0,0,54.25
5999,6501.0,16747.0,456.15,0,0,0,82.11
6000,6502.0,16748.0,281.15,30,0,0,50.61
6001,6502.0,16750.0,276.45,30,20,0,49.76
6002,6502.0,16751.0,264.87,0,50,0,47.68
6003,6502.0,16753.0,494.34,0,0,0,88.98
6004,6504.0,16757.0,259.56,30,50,0,46.72
6005,6504.0,16758.0,442.1,0,0,0,79.58
6006,6504.0,16759.0,313.09,30,0,0,56.36
6007,6506.0,16760.0,479.52,0,0,0,86.31
6008,6508.0,16762.0,350.22,0,20,0,63.04
6009,6508.0,16765.0,438.68,0,20,0,78.96
6010,6508.0,16766.0,381.3,0,0,0,68.63
6011,6508.0,16769.0,415.25,0,0,0,74.74
6012,6509.0,16770.0,297.88,30,0,0,53.62
6013,6509.0,16771.0,457.35,0,0,0,82.32
6014,6509.0,16773.0,407.26,0,0,0,73.31
6015,6509.0,16774.0,302.58,30,20,0,54.46
6016,6510.0,16775.0,250.43,30,50,0,45.08
6017,6510.0,16778.0,357.4,0,20,0,64.33
6018,6511.0,16779.0,203.8,30,0,0,36.68
6019,6511.0,16780.0,350.05,0,0,0,63.01
6020,6511.0,16782.0,305.8,30,0,0,55.04
6021,6512.0,16784.0,432.48,0,0,0,77.85
6022,6512.0,16785.0,400.68,0,0,0,72.12
6023,6514.0,16786.0,450.9,0,0,0,81.16
6024,6516.0,16788.0,169.26,30,20,1,30.47
6025,6518.0,16792.0,239.39,30,0,1,43.09
6026,6519.0,16797.0,277.98,0,50,0,50.04
6027,6519.0,16798.0,346.96,0,0,0,62.45
6028,6519.0,16799.0,374.91,0,0,0,67.48
6029,6520.0,16802.0,262.89,0,50,0,47.32
6030,6520.0,16803.0,325.79,30,0,0,58.64
6031,6521.0,16805.0,385.86,0,20,0,69.45
6032,6521.0,16810.0,261.7,30,20,0,47.11
6033,6522.0,16812.0,353.69,0,0,0,63.66
6034,6525.0,16816.0,509.33,0,0,0,91.68
6035,6525.0,16819.0,448.57,0,0,0,80.74
6036,6526.0,16825.0,239.34,30,0,0,43.08
6037,6527.0,16826.0,315.8,0,0,0,56.84
6038,6528.0,16828.0,317.11,0,0,0,57.08
6039,6528.0,16829.0,368.51,0,0,0,66.33
6040,6529.0,16830.0,384.43,0,20,0,69.2
6041,6531.0,16833.0,397.91,0,20,0,71.62
6042,6534.0,16844.0,231.89,30,50,0,41.74
6043,6534.0,16847.0,244.97,30,0,0,44.09
6044,6534.0,16848.0,263.46,30,0,0,47.42
6045,6535.0,16851.0,401.2,0,20,0,72.22
6046,6536.0,16853.0,495.29,0,0,0,89.15
6047,6536.0,16856.0,367.48,0,0,0,66.15
6048,6536.0,16857.0,173.04,30,0,1,31.15
6049,6536.0,16859.0,217.01,30,50,0,39.06
6050,6536.0,16860.0,311.68,0,0,0,56.1
6051,6536.0,16861.0,335.92,0,20,0,60.47
6052,6537.0,16864.0,361.95,0,0,0,65.15
6053,6537.0,16865.0,348.58,0,20,0,62.74
6054,6537.0,16867.0,219.06,30,0,0,39.43
6055,6538.0,16868.0,476.34,0,50,0,85.74
6056,6538.0,16870.0,447.46,0,0,0,80.54
6057,6539.0,16873.0,257.93,30,50,0,46.43
6058,6539.0,16874.0,475.44,0,0,0,85.58
6059,6540.0,16878.0,436.42,0,0,0,78.56
6060,6542.0,16881.0,335.08,0,0,0,60.31
6061,6543.0,16883.0,311.69,30,0,0,56.1
6062,6548.0,16893.0,510.62,0,0,0,91.91
6063,6548.0,16895.0,344.37,0,50,0,61.99
6064,6549.0,16897.0,145.3,30,0,0,26.15
6065,6550.0,16900.0,207.61,30,0,0,37.37
6066,6551.0,16903.0,318.53,0,0,0,57.34
6067,6552.0,16904.0,220.26,30,50,0,39.65
6068,6554.0,16911.0,362.0,0,0,0,65.16
6069,6554.0,16914.0,204.65,30,50,0,36.84
6070,6556.0,16917.0,442.62,0,0,0,79.67
6071,6556.0,16920.0,319.39,30,0,0,57.49
6072,6556.0,16921.0,391.69,0,0,0,70.5
6073,6557.0,16922.0,305.49,30,20,0,54.99
6074,6558.0,16924.0,119.71,30,0,1,21.55
6075,6558.0,16926.0,337.63,0,0,0,60.77
6076,6564.0,16933.0,415.43,0,0,0,74.78
6077,6566.0,16935.0,246.74,30,0,0,44.41
6078,6567.0,16937.0,274.82,30,20,0,49.47
6079,6567.0,16939.0,435.2,0,20,0,78.34
6080,6568.0,16942.0,349.4,0,0,0,62.89
6081,6568.0,16944.0,173.81,30,50,0,31.29
6082,6569.0,16949.0,324.25,30,0,0,58.36
6083,6570.0,16954.0,298.46,0,50,0,53.72
6084,6573.0,16957.0,249.16,30,50,0,44.85
6085,6573.0,16960.0,229.65,30,50,0,41.34
6086,6573.0,16961.0,446.73,0,50,0,80.41
6087,6574.0,16962.0,303.09,30,0,0,54.56
6088,6574.0,16963.0,355.74,0,0,0,64.03
6089,6575.0,16967.0,152.49,30,50,0,27.45
6090,6578.0,16974.0,369.42,0,20,0,66.5
6091,6580.0,16976.0,284.27,30,0,0,51.17
6092,6581.0,16977.0,326.64,30,0,0,58.8
6093,6581.0,16978.0,338.72,0,0,0,60.97
6094,6582.0,16980.0,321.15,30,0,0,57.81
6095,6582.0,16981.0,281.03,0,50,0,50.59
6096,6583.0,16984.0,111.23,30,0,0,20.02
6097,6585.0,16989.0,360.71,0,0,0,64.93
6098,6586.0,16994.0,267.32,30,20,0,48.12
6099,6586.0,16995.0,296.43,30,0,0,53.36
6100,6586.0,16996.0,532.86,0,0,0,95.91
6101,6588.0,17001.0,394.44,0,0,0,71.0
6102,6590.0,17005.0,342.25,0,50,0,61.6
6103,6592.0,17006.0,130.47,30,50,0,23.48
6104,6593.0,17007.0,301.03,30,20,0,54.19
6105,6594.0,17011.0,203.49,30,20,0,36.63
6106,6594.0,17012.0,221.08,30,50,0,39.79
6107,6594.0,17014.0,177.72,30,20,0,31.99
6108,6594.0,17015.0,216.34,30,50,0,38.94
6109,6599.0,17028.0,366.66,0,20,0,66.0
6110,6599.0,17029.0,357.18,0,0,0,64.29
6111,6599.0,17030.0,312.63,0,50,0,56.27
6112,6601.0,17031.0,265.86,30,0,0,47.85
6113,6601.0,17034.0,377.66,0,0,0,67.98
6114,6603.0,17039.0,337.25,0,20,1,60.7
6115,6603.0,17040.0,341.36,0,0,0,61.44
6116,6604.0,17042.0,357.32,0,0,0,64.32
6117,6604.0,17044.0,278.83,0,50,0,50.19
6118,6604.0,17045.0,317.03,30,0,0,57.07
6119,6608.0,17049.0,307.19,0,0,0,55.29
6120,6608.0,17050.0,307.59,0,0,0,55.37
6121,6609.0,17053.0,289.96,0,20,0,52.19
6122,6609.0,17054.0,444.83,0,20,0,80.07
6123,6609.0,17055.0,394.94,0,0,0,71.09
6124,6612.0,17064.0,336.21,0,0,0,60.52
6125,6614.0,17068.0,333.57,0,0,0,60.04
6126,6614.0,17070.0,311.21,0,0,0,56.02
6127,6614.0,17072.0,193.62,30,0,0,34.85
6128,6615.0,17073.0,99.64,30,50,0,17.94
6129,6616.0,17074.0,167.56,30,50,0,30.16
6130,6618.0,17080.0,200.39,30,0,0,36.07
6131,6619.0,17086.0,449.03,0,0,0,80.83
6132,6620.0,17087.0,150.68,30,20,0,27.12
6133,6623.0,17093.0,491.92,0,20,0,88.55
6134,6623.0,17094.0,242.05,30,50,0,43.57
6135,6627.0,17100.0,265.4,30,0,0,47.77
6136,6629.0,17105.0,299.02,0,50,0,53.82
6137,6630.0,17106.0,473.37,0,0,0,85.21
6138,6632.0,17108.0,317.07,30,0,0,57.07
6139,6632.0,17110.0,280.9,30,0,0,50.56
6140,6633.0,17112.0,382.28,0,0,0,68.81
6141,6633.0,17114.0,387.98,0,0,0,69.84
6142,6634.0,17115.0,300.79,0,0,0,54.14
6143,6636.0,17121.0,280.65,0,50,0,50.52
6144,6637.0,17124.0,193.88,30,50,0,34.9
6145,6639.0,17126.0,368.29,0,50,0,66.29
6146,6639.0,17127.0,384.73,0,50,0,69.25
6147,6639.0,17128.0,347.08,0,0,1,62.47
6148,6643.0,17134.0,332.34,0,0,0,59.82
6149,6643.0,17135.0,355.93,0,0,0,64.07
6150,6644.0,17136.0,495.92,0,20,0,89.27
6151,6647.0,17141.0,243.05,30,20,0,43.75
6152,6647.0,17142.0,349.64,0,0,0,62.94
6153,6647.0,17143.0,248.77,30,50,0,44.78
6154,6649.0,17145.0,263.52,30,0,0,47.43
6155,6651.0,17151.0,302.96,0,0,0,54.53
6156,6652.0,17153.0,332.94,0,0,0,59.93
6157,6652.0,17154.0,370.58,0,0,0,66.7
6158,6653.0,17156.0,267.99,0,50,0,48.24
6159,6653.0,17157.0,348.43,0,0,0,62.72
6160,6653.0,17158.0,297.55,0,50,0,53.56
6161,6654.0,17160.0,306.19,0,20,0,55.11
6162,6655.0,17166.0,450.81,0,0,0,81.15
6163,6658.0,17174.0,323.29,0,50,0,58.19
6164,6659.0,17177.0,466.52,0,0,0,83.97
6165,6660.0,17179.0,324.02,30,0,0,58.32
6166,6666.0,17187.0,317.85,0,0,0,57.21
6167,6667.0,17190.0,273.48,30,0,0,49.23
6168,6667.0,17191.0,294.04,30,0,0,52.93
6169,6668.0,17193.0,411.2,0,0,0,74.02
6170,6670.0,17199.0,394.9,0,0,0,71.08
6171,6670.0,17201.0,214.16,30,0,0,38.55
6172,6670.0,17202.0,300.2,30,0,0,54.04
6173,6670.0,17203.0,354.41,0,0,0,63.79
6174,6672.0,17209.0,422.26,0,50,0,76.01
6175,6672.0,17210.0,338.35,0,50,0,60.9
6176,6673.0,17212.0,288.06,30,0,0,51.85
6177,6673.0,17214.0,287.06,30,0,0,51.67
6178,6676.0,17219.0,175.94,30,20,0,31.67
6179,6677.0,17221.0,434.99,0,50,0,78.3
6180,6677.0,17222.0,317.01,30,0,0,57.06
6181,6678.0,17224.0,325.0,30,0,0,58.5
6182,6678.0,17226.0,326.78,30,0,0,58.82
6183,6679.0,17229.0,362.75,0,0,0,65.3
6184,6679.0,17230.0,287.94,30,0,0,51.83
6185,6679.0,17231.0,370.38,0,50,0,66.67
6186,6680.0,17233.0,262.5,30,50,0,47.25
6187,6684.0,17243.0,420.86,0,0,0,75.75
6188,6687.0,17246.0,319.17,0,0,0,57.45
6189,6687.0,17247.0,265.85,0,50,0,47.85
6190,6688.0,17251.0,269.53,30,20,0,48.52
6191,6689.0,17252.0,163.51,30,0,0,29.43
6192,6692.0,17257.0,214.45,30,20,1,38.6
6193,6693.0,17258.0,250.74,0,50,0,45.13
6194,6696.0,17260.0,246.95,30,50,1,44.45
6195,6698.0,17264.0,309.57,0,0,0,55.72
6196,6699.0,17265.0,411.95,0,20,0,74.15
6197,6702.0,17270.0,317.31,0,50,0,57.12
6198,6702.0,17272.0,199.36,30,50,0,35.88
6199,6704.0,17277.0,341.75,0,20,0,61.52
6200,6704.0,17278.0,317.13,0,20,0,57.08
6201,6704.0,17280.0,400.58,0,0,0,72.1
6202,6704.0,17281.0,517.37,0,0,0,93.13
6203,6704.0,17283.0,501.19,0,0,0,90.21
6204,6705.0,17285.0,324.21,0,50,0,58.36
6205,6708.0,17292.0,79.48,30,50,0,14.31
6206,6709.0,17295.0,440.83,0,0,0,79.35
6207,6709.0,17299.0,139.14,30,0,0,25.05
6208,6709.0,17300.0,322.48,0,50,0,58.05
6209,6710.0,17302.0,321.42,0,0,0,57.86
6210,6710.0,17304.0,308.01,30,0,0,55.44
6211,6714.0,17310.0,286.13,30,0,0,51.5
6212,6715.0,17312.0,415.99,0,0,0,74.88
6213,6716.0,17313.0,412.85,0,0,0,74.31
6214,6717.0,17315.0,298.9,0,50,0,53.8
6215,6718.0,17318.0,350.48,0,0,0,63.09
6216,6718.0,17323.0,365.91,0,50,0,65.86
6217,6719.0,17324.0,69.64,30,50,0,12.54
6218,6721.0,17328.0,309.87,0,0,0,55.78
6219,6721.0,17332.0,319.97,30,0,0,57.59
6220,6722.0,17334.0,341.56,0,50,0,61.48
6221,6723.0,17342.0,423.32,0,0,0,76.2
6222,6724.0,17345.0,192.53,30,20,0,34.66
6223,6724.0,17346.0,361.89,0,20,0,65.14
6224,6725.0,17352.0,341.45,0,50,0,61.46
6225,6726.0,17353.0,108.2,30,50,0,19.48
6226,6726.0,17355.0,334.12,0,0,0,60.14
6227,6726.0,17357.0,428.79,0,20,0,77.18
6228,6728.0,17362.0,280.42,30,0,0,50.48
6229,6730.0,17365.0,321.3,30,0,0,57.83
6230,6730.0,17366.0,260.21,30,50,0,46.84
6231,6731.0,17367.0,375.81,0,0,0,67.65
6232,6734.0,17369.0,366.7,0,50,0,66.01
6233,6734.0,17370.0,444.84,0,20,0,80.07
6234,6734.0,17371.0,387.73,0,50,0,69.79
6235,6735.0,17372.0,336.77,0,0,0,60.62
6236,6735.0,17373.0,308.1,0,0,0,55.46
6237,6739.0,17380.0,487.41,0,0,0,87.73
6238,6739.0,17381.0,304.57,0,50,0,54.82
6239,6739.0,17382.0,192.99,30,0,0,34.74
6240,6740.0,17384.0,211.23,30,0,0,38.02
6241,6740.0,17385.0,280.93,0,50,0,50.57
6242,6743.0,17388.0,321.54,0,20,1,57.88
6243,6743.0,17389.0,295.27,30,0,0,53.15
6244,6744.0,17390.0,382.2,0,0,0,68.8
6245,6748.0,17399.0,444.24,0,0,0,79.96
6246,6750.0,17406.0,312.72,30,0,0,56.29
6247,6751.0,17409.0,283.05,30,20,0,50.95
6248,6752.0,17410.0,322.87,0,0,0,58.12
6249,6755.0,17420.0,300.48,30,20,0,54.09
6250,6756.0,17421.0,368.07,0,50,0,66.25
6251,6756.0,17424.0,306.76,0,20,0,55.22
6252,6756.0,17425.0,187.47,30,0,0,33.74
6253,6756.0,17426.0,273.55,30,50,0,49.24
6254,6757.0,17427.0,392.54,0,0,0,70.66
6255,6757.0,17428.0,391.19,0,0,0,70.41
6256,6758.0,17431.0,253.85,30,0,0,45.69
6257,6758.0,17434.0,237.72,30,20,0,42.79
6258,6759.0,17437.0,298.77,0,20,0,53.78
6259,6763.0,17443.0,245.3,30,0,0,44.15
6260,6763.0,17444.0,260.38,30,0,0,46.87
6261,6769.0,17448.0,280.75,0,50,0,50.54
6262,6769.0,17449.0,444.99,0,0,0,80.1
6263,6771.0,17453.0,314.56,30,0,0,56.62
6264,6772.0,17454.0,207.05,30,0,1,37.27
6265,6772.0,17456.0,355.2,0,0,0,63.94
6266,6773.0,17462.0,227.06,30,0,0,40.87
6267,6774.0,17468.0,328.01,0,0,0,59.04
6268,6775.0,17469.0,435.88,0,0,0,78.46
6269,6776.0,17472.0,257.31,0,50,0,46.32
6270,6778.0,17474.0,403.36,0,0,0,72.6
6271,6779.0,17475.0,339.89,0,0,0,61.18
6272,6780.0,17477.0,370.6,0,20,0,66.71
6273,6782.0,17480.0,254.33,30,0,0,45.78
6274,6782.0,17484.0,489.85,0,50,0,88.17
6275,6783.0,17485.0,371.53,0,0,0,66.88
6276,6784.0,17486.0,218.52,30,50,0,39.33
6277,6786.0,17488.0,250.05,30,0,0,45.01
6278,6787.0,17490.0,431.34,0,0,0,77.64
6279,6787.0,17491.0,248.08,30,50,0,44.65
6280,6788.0,17494.0,416.86,0,50,0,75.03
6281,6788.0,17497.0,189.26,30,20,0,34.07
6282,6789.0,17499.0,218.66,30,50,0,39.36
6283,6790.0,17501.0,298.28,0,50,0,53.69
6284,6790.0,17503.0,153.2,30,20,0,27.58
6285,6791.0,17508.0,393.35,0,20,0,70.8
6286,6792.0,17509.0,240.44,30,50,0,43.28
6287,6792.0,17510.0,330.42,0,0,0,59.48
6288,6792.0,17511.0,310.73,30,0,0,55.93
6289,6794.0,17515.0,369.48,0,0,0,66.51
6290,6796.0,17517.0,276.95,30,20,0,49.85
6291,6799.0,17529.0,442.28,0,0,0,79.61
6292,6800.0,17532.0,299.11,0,0,0,53.84
6293,6803.0,17537.0,366.16,0,0,0,65.91
6294,6806.0,17542.0,310.33,0,20,0,55.86
6295,6806.0,17544.0,198.24,30,0,0,35.68
6296,6806.0,17545.0,213.55,30,50,0,38.44
6297,6812.0,17551.0,314.85,0,0,0,56.67
6298,6813.0,17555.0,480.31,0,0,0,86.46
6299,6813.0,17556.0,213.96,30,0,0,38.51
6300,6813.0,17557.0,335.08,0,50,0,60.31
6301,6813.0,17558.0,277.38,30,0,0,49.93
6302,6815.0,17563.0,278.8,30,50,0,50.18
6303,6817.0,17565.0,346.23,0,0,0,62.32
6304,6817.0,17567.0,268.54,30,0,1,48.34
6305,6818.0,17570.0,306.07,30,0,0,55.09
6306,6819.0,17575.0,234.74,30,0,0,42.25
6307,6819.0,17577.0,255.21,30,0,0,45.94
6308,6820.0,17580.0,382.21,0,20,0,68.8
6309,6820.0,17582.0,416.4,0,20,0,74.95
6310,6820.0,17583.0,368.32,0,0,0,66.3
6311,6821.0,17584.0,265.57,30,0,0,47.8
6312,6821.0,17585.0,457.17,0,0,0,82.29
6313,6821.0,17586.0,281.42,30,20,0,50.66
6314,6823.0,17592.0,358.6,0,20,0,64.55
6315,6823.0,17594.0,208.78,30,20,0,37.58
6316,6823.0,17596.0,273.61,30,0,0,49.25
6317,6823.0,17597.0,326.57,0,0,0,58.78
6318,6824.0,17599.0,485.1,0,0,0,87.32
6319,6824.0,17602.0,451.1,0,0,0,81.2
6320,6825.0,17604.0,357.66,0,0,0,64.38
6321,6825.0,17605.0,421.64,0,0,0,75.9
6322,6827.0,17610.0,254.63,30,0,0,45.83
6323,6828.0,17612.0,397.26,0,0,0,71.51
6324,6829.0,17616.0,438.65,0,50,0,78.96
6325,6829.0,17618.0,219.77,30,50,0,39.56
6326,6832.0,17621.0,356.39,0,20,0,64.15
6327,6833.0,17625.0,341.56,0,20,0,61.48
6328,6835.0,17628.0,389.22,0,0,0,70.06
6329,6835.0,17629.0,250.23,30,20,0,45.04
6330,6835.0,17631.0,426.07,0,20,0,76.69
6331,6835.0,17632.0,306.26,30,0,0,55.13
6332,6836.0,17633.0,296.99,30,0,0,53.46
6333,6837.0,17634.0,375.21,0,0,0,67.54
6334,6839.0,17640.0,194.05,30,0,0,34.93
6335,6839.0,17641.0,272.35,30,0,0,49.02
6336,6841.0,17644.0,313.27,30,0,0,56.39
6337,6842.0,17645.0,296.82,30,0,0,53.43
6338,6842.0,17646.0,269.41,30,0,0,48.49
6339,6844.0,17648.0,301.23,0,20,0,54.22
6340,6844.0,17653.0,237.64,30,50,0,42.78
6341,6845.0,17655.0,419.01,0,0,0,75.42
6342,6850.0,17658.0,304.16,0,20,0,54.75
6343,6851.0,17661.0,288.09,30,0,0,51.86
6344,6852.0,17663.0,327.88,0,0,0,59.02
6345,6855.0,17668.0,226.67,30,50,0,40.8
6346,6855.0,17672.0,299.1,0,50,0,53.84
6347,6857.0,17674.0,287.76,0,20,0,51.8
6348,6859.0,17677.0,304.06,0,0,0,54.73
6349,6863.0,17685.0,401.83,0,20,0,72.33
6350,6864.0,17689.0,297.96,30,0,0,53.63
6351,6864.0,17691.0,215.69,30,0,0,38.82
6352,6866.0,17692.0,240.01,30,50,0,43.2
6353,6866.0,17693.0,379.99,0,0,0,68.4
6354,6867.0,17695.0,384.55,0,0,0,69.22
6355,6869.0,17700.0,238.44,30,50,0,42.92
6356,6872.0,17708.0,381.84,0,0,0,68.73
6357,6874.0,17712.0,372.87,0,50,0,67.12
6358,6875.0,17714.0,318.38,0,20,0,57.31
6359,6877.0,17715.0,344.86,0,0,0,62.07
6360,6878.0,17719.0,313.57,0,0,0,56.44
6361,6879.0,17721.0,258.27,30,50,0,46.49
6362,6879.0,17723.0,288.87,30,0,0,52.0
6363,6880.0,17725.0,176.2,30,20,0,31.72
6364,6880.0,17726.0,343.44,0,0,0,61.82
6365,6881.0,17727.0,321.91,0,0,0,57.94
6366,6883.0,17733.0,336.37,0,0,0,60.55
6367,6883.0,17737.0,269.61,30,0,0,48.53
6368,6883.0,17738.0,305.6,0,20,0,55.01
6369,6886.0,17745.0,460.74,0,50,0,82.93
6370,6887.0,17752.0,359.7,0,20,0,64.75
6371,6888.0,17753.0,386.19,0,0,0,69.51
6372,6888.0,17755.0,506.87,0,0,0,91.24
6373,6889.0,17760.0,315.07,0,20,0,56.71
6374,6889.0,17762.0,354.35,0,20,0,63.78
6375,6890.0,17764.0,279.45,30,20,0,50.3
6376,6890.0,17768.0,232.66,30,50,0,41.88
6377,6892.0,17773.0,330.84,0,0,0,59.55
6378,6893.0,17774.0,401.46,0,0,0,72.26
6379,6895.0,17779.0,310.19,0,20,0,55.83
6380,6896.0,17783.0,232.05,30,0,0,41.77
6381,6899.0,17790.0,430.69,0,0,0,77.52
6382,6900.0,17795.0,290.07,30,0,1,52.21
6383,6902.0,17798.0,401.02,0,0,0,72.18
6384,6902.0,17799.0,277.79,30,0,0,50.0
6385,6902.0,17801.0,300.85,0,0,0,54.15
6386,6904.0,17803.0,390.81,0,0,0,70.35
6387,6907.0,17809.0,281.66,0,50,0,50.7
6388,6907.0,17810.0,407.05,0,20,0,73.27
6389,6909.0,17815.0,230.2,30,0,0,41.44
6390,6909.0,17816.0,420.81,0,0,0,75.75
6391,6910.0,17817.0,302.3,0,0,0,54.41
6392,6911.0,17819.0,273.66,30,0,0,49.26
6393,6911.0,17820.0,403.46,0,0,0,72.62
6394,6912.0,17822.0,300.34,30,0,0,54.06
6395,6912.0,17824.0,397.66,0,20,0,71.58
6396,6916.0,17829.0,151.82,30,50,0,27.33
6397,6917.0,17830.0,196.26,30,0,0,35.33
6398,6919.0,17835.0,329.36,0,50,0,59.28
6399,6920.0,17837.0,462.06,0,0,0,83.17
6400,6921.0,17839.0,273.28,30,20,0,49.19
6401,6924.0,17840.0,388.82,0,50,0,69.99
6402,6924.0,17842.0,268.28,0,50,0,48.29
6403,6924.0,17844.0,326.74,0,0,0,58.81
6404,6925.0,17847.0,200.6,30,0,0,36.11
6405,6926.0,17850.0,351.65,0,50,0,63.3
6406,6928.0,17851.0,319.04,0,0,0,57.43
6407,6930.0,17855.0,348.76,0,50,0,62.78
6408,6932.0,17859.0,272.49,0,50,0,49.05
6409,6933.0,17862.0,465.35,0,0,0,83.76
6410,6936.0,17868.0,170.32,30,0,0,30.66
6411,6937.0,17872.0,352.38,0,0,0,63.43
6412,6937.0,17875.0,181.34,30,50,0,32.64
6413,6938.0,17876.0,272.4,0,50,0,49.03
6414,6940.0,17880.0,323.31,0,50,0,58.2
6415,6941.0,17884.0,517.69,0,20,0,93.18
6416,6943.0,17886.0,311.75,0,20,0,56.11
6417,6943.0,17887.0,328.56,0,50,0,59.14
6418,6944.0,17890.0,347.93,0,20,0,62.63
6419,6944.0,17891.0,266.73,30,50,0,48.01
6420,6946.0,17895.0,278.47,30,50,0,50.12
6421,6947.0,17898.0,323.9,30,0,0,58.3
6422,6947.0,17901.0,511.48,0,50,0,92.07
6423,6947.0,17902.0,253.25,30,50,0,45.58
6424,6950.0,17907.0,407.8,0,0,0,73.4
6425,6951.0,17908.0,269.9,30,50,0,48.58
6426,6952.0,17910.0,323.41,0,50,0,58.21
6427,6952.0,17911.0,298.27,0,20,0,53.69
6428,6952.0,17913.0,410.49,0,0,0,73.89
6429,6953.0,17916.0,286.59,0,50,0,51.59
6430,6953.0,17918.0,269.42,0,50,0,48.5
6431,6957.0,17922.0,339.75,0,0,0,61.16
6432,6960.0,17930.0,380.9,0,0,0,68.56
6433,6960.0,17932.0,332.74,0,0,0,59.89
6434,6963.0,17934.0,225.99,30,20,0,40.68
6435,6965.0,17935.0,427.59,0,0,0,76.97
6436,6965.0,17936.0,201.98,30,0,0,36.36
6437,6965.0,17937.0,478.36,0,20,0,86.1
6438,6966.0,17941.0,251.08,30,0,0,45.19
6439,6967.0,17946.0,350.94,0,0,0,63.17
6440,6967.0,17947.0,374.0,0,20,0,67.32
6441,6970.0,17952.0,382.43,0,0,0,68.84
6442,6970.0,17953.0,213.81,30,50,0,38.49
6443,6970.0,17954.0,363.96,0,20,0,65.51
6444,6971.0,17955.0,292.61,30,0,0,52.67
6445,6972.0,17957.0,365.44,0,50,0,65.78
6446,6974.0,17961.0,296.58,30,0,0,53.38
6447,6975.0,17966.0,294.16,30,20,0,52.95
6448,6976.0,17969.0,105.72,30,50,0,19.03
6449,6976.0,17971.0,220.91,30,0,0,39.76
6450,6976.0,17972.0,439.13,0,50,0,79.04
6451,6976.0,17973.0,314.71,0,50,0,56.65
6452,6977.0,17975.0,216.77,30,0,0,39.02
6453,6979.0,17978.0,277.36,30,50,0,49.92
6454,6979.0,17979.0,320.74,0,0,0,57.73
6455,6979.0,17981.0,336.38,0,20,0,60.55
6456,6979.0,17982.0,319.39,0,0,0,57.49
6457,6981.0,17985.0,343.62,0,0,0,61.85
6458,6981.0,17987.0,377.92,0,0,0,68.03
6459,6984.0,17994.0,364.83,0,0,0,65.67
6460,6985.0,17997.0,321.48,0,0,0,57.87
6461,6986.0,18000.0,393.17,0,0,0,70.77
6462,6987.0,18003.0,322.6,0,0,0,58.07
6463,6991.0,18007.0,306.42,0,50,0,55.16
6464,6992.0,18008.0,401.2,0,0,0,72.22
6465,6993.0,18010.0,315.35,30,0,0,56.76
6466,6994.0,18012.0,216.88,30,0,0,39.04
6467,6995.0,18013.0,272.82,0,50,0,49.11
6468,6996.0,18015.0,179.0,30,0,0,32.22
6469,6996.0,18016.0,173.41,30,0,0,31.21
6470,6999.0,18021.0,423.82,0,20,0,76.29
6471,7000.0,18024.0,241.9,30,20,0,43.54
6472,7000.0,18026.0,239.54,30,0,0,43.12
6473,7000.0,18027.0,323.53,0,50,0,58.24
6474,7002.0,18029.0,241.14,30,0,0,43.41
6475,7002.0,18030.0,299.9,30,20,0,53.98
6476,7002.0,18033.0,204.01,30,50,0,36.72
6477,7003.0,18034.0,221.08,30,0,0,39.79
6478,7004.0,18039.0,265.68,30,50,0,47.82
6479,7005.0,18045.0,412.56,0,0,0,74.26
6480,7005.0,18046.0,184.17,30,0,0,33.15
6481,7005.0,18048.0,278.61,0,50,0,50.15
6482,7006.0,18051.0,286.35,30,0,0,51.54
6483,7006.0,18052.0,384.65,0,20,0,69.24
6484,7007.0,18054.0,330.27,0,0,0,59.45
6485,7007.0,18055.0,313.27,30,0,0,56.39
6486,7007.0,18056.0,314.27,0,0,0,56.57
6487,7008.0,18057.0,331.36,0,0,0,59.64
6488,7008.0,18059.0,408.75,0,0,0,73.58
6489,7008.0,18060.0,357.94,0,50,0,64.43
6490,7016.0,18069.0,183.8,30,20,0,33.08
6491,7016.0,18070.0,333.15,0,20,0,59.97
6492,7016.0,18071.0,294.98,30,0,0,53.1
6493,7018.0,18073.0,296.99,0,20,0,53.46
6494,7019.0,18074.0,234.02,30,20,0,42.12
6495,7021.0,18077.0,161.83,30,50,0,29.13
6496,7025.0,18083.0,359.27,0,0,0,64.67
6497,7026.0,18086.0,214.13,30,50,0,38.54
6498,7026.0,18087.0,393.94,0,0,0,70.91
6499,7026.0,18088.0,269.48,0,50,0,48.51
6500,7027.0,18089.0,359.23,0,0,0,64.66
6501,7028.0,18095.0,288.65,30,0,0,51.96
6502,7028.0,18096.0,409.86,0,50,0,73.77
6503,7029.0,18099.0,197.35,30,50,0,35.52
6504,7030.0,18101.0,441.66,0,0,0,79.5
6505,7030.0,18104.0,438.19,0,0,0,78.87
6506,7031.0,18108.0,362.08,0,0,0,65.17
6507,7032.0,18111.0,383.75,0,0,0,69.08
6508,7033.0,18116.0,321.43,0,50,0,57.86
6509,7033.0,18117.0,189.19,30,50,0,34.05
6510,7033.0,18118.0,186.77,30,0,0,33.62
6511,7037.0,18121.0,327.32,0,0,0,58.92
6512,7037.0,18124.0,482.8,0,0,0,86.9
6513,7038.0,18128.0,302.37,30,0,0,54.43
6514,7040.0,18131.0,336.02,0,20,0,60.48
6515,7040.0,18132.0,317.16,0,0,0,57.09
6516,7043.0,18138.0,327.21,0,0,0,58.9
6517,7043.0,18139.0,249.93,30,0,0,44.99
6518,7043.0,18140.0,134.72,30,0,0,24.25
6519,7045.0,18142.0,311.01,30,0,0,55.98
6520,7045.0,18144.0,300.27,0,0,0,54.05
6521,7046.0,18145.0,218.84,30,20,0,39.39
6522,7046.0,18146.0,185.44,30,50,0,33.38
6523,7049.0,18160.0,408.32,0,0,0,73.5
6524,7049.0,18163.0,391.79,0,0,0,70.52
6525,7050.0,18165.0,264.03,30,0,0,47.53
6526,7050.0,18166.0,185.76,30,0,0,33.44
6527,7050.0,18167.0,414.13,0,0,0,74.54
6528,7051.0,18168.0,403.09,0,50,0,72.56
6529,7052.0,18170.0,309.84,30,0,0,55.77
6530,7053.0,18174.0,291.79,0,20,0,52.52
6531,7055.0,18178.0,264.12,30,50,0,47.54
6532,7057.0,18180.0,326.73,0,0,0,58.81
6533,7057.0,18181.0,438.4,0,50,0,78.91
6534,7057.0,18183.0,268.72,30,0,0,48.37
6535,7061.0,18187.0,251.52,0,50,0,45.27
6536,7061.0,18189.0,304.19,30,20,0,54.75
6537,7061.0,18190.0,352.72,0,20,0,63.49
6538,7069.0,18203.0,308.72,30,0,0,55.57
6539,7071.0,18210.0,326.06,30,0,0,58.69
6540,7071.0,18211.0,312.36,0,0,0,56.22
6541,7072.0,18217.0,485.68,0,50,0,87.42
6542,7072.0,18218.0,226.68,30,50,0,40.8
6543,7073.0,18221.0,527.84,0,0,0,95.01
6544,7074.0,18222.0,297.04,0,20,0,53.47
6545,7075.0,18223.0,383.5,0,0,0,69.03
6546,7076.0,18225.0,186.75,30,50,0,33.62
6547,7079.0,18234.0,274.0,0,50,0,49.32
6548,7081.0,18241.0,294.06,30,0,0,52.93
6549,7083.0,18244.0,378.25,0,0,0,68.08
6550,7085.0,18250.0,262.95,30,20,0,47.33
6551,7086.0,18254.0,250.6,30,0,1,45.11
6552,7088.0,18259.0,263.48,30,0,0,47.43
6553,7089.0,18262.0,434.99,0,0,0,78.3
6554,7095.0,18273.0,347.78,0,0,0,62.6
6555,7095.0,18275.0,344.65,0,50,0,62.04
6556,7096.0,18278.0,458.17,0,0,0,82.47
6557,7097.0,18279.0,238.68,30,0,0,42.96
6558,7097.0,18281.0,394.02,0,20,0,70.92
6559,7099.0,18284.0,322.0,30,0,0,57.96
6560,7102.0,18293.0,267.9,30,0,0,48.22
6561,7102.0,18294.0,413.14,0,0,0,74.37
6562,7103.0,18298.0,266.06,30,0,0,47.89
6563,7104.0,18301.0,348.5,0,0,0,62.73
6564,7104.0,18303.0,498.88,0,20,0,89.8
6565,7106.0,18305.0,397.64,0,0,0,71.58
6566,7106.0,18306.0,300.87,0,0,0,54.16
6567,7107.0,18308.0,411.53,0,20,0,74.08
6568,7107.0,18309.0,384.0,0,0,0,69.12
6569,7110.0,18316.0,380.82,0,0,0,68.55
6570,7111.0,18318.0,303.01,30,20,0,54.54
6571,7115.0,18325.0,195.49,30,0,0,35.19
6572,7117.0,18329.0,321.15,30,0,0,57.81
6573,7117.0,18332.0,363.05,0,50,0,65.35
6574,7118.0,18335.0,233.81,30,20,0,42.09
6575,7122.0,18341.0,316.01,0,0,0,56.88
6576,7123.0,18342.0,178.29,30,0,0,32.09
6577,7124.0,18344.0,305.54,0,0,0,55.0
6578,7126.0,18346.0,287.47,30,0,0,51.74
6579,7126.0,18348.0,332.3,0,0,0,59.81
6580,7127.0,18350.0,156.45,30,20,0,28.16
6581,7128.0,18353.0,307.43,30,0,0,55.34
6582,7128.0,18354.0,312.53,0,0,0,56.26
6583,7129.0,18355.0,376.61,0,20,0,67.79
6584,7129.0,18357.0,286.28,0,50,0,51.53
6585,7131.0,18358.0,343.09,0,50,0,61.76
6586,7131.0,18360.0,213.07,30,0,0,38.35
6587,7132.0,18361.0,217.41,30,50,0,39.13
6588,7132.0,18363.0,379.98,0,0,0,68.4
6589,7134.0,18368.0,360.06,0,20,0,64.81
6590,7134.0,18370.0,305.4,30,20,0,54.97
6591,7136.0,18373.0,263.93,0,50,0,47.51
6592,7137.0,18374.0,316.89,0,0,0,57.04
6593,7139.0,18378.0,406.15,0,20,0,73.11
6594,7140.0,18384.0,274.89,30,50,0,49.48
6595,7141.0,18390.0,345.15,0,0,0,62.13
6596,7142.0,18392.0,303.64,30,0,0,54.66
6597,7144.0,18399.0,291.71,30,20,1,52.51
6598,7145.0,18401.0,386.09,0,0,0,69.5
6599,7149.0,18409.0,343.71,0,0,0,61.87
6600,7151.0,18414.0,438.61,0,0,0,78.95
6601,7151.0,18419.0,313.52,0,0,0,56.43
6602,7153.0,18420.0,294.52,30,0,0,53.01
6603,7153.0,18423.0,264.12,30,0,0,47.54
6604,7153.0,18424.0,323.54,30,0,0,58.24
6605,7154.0,18427.0,395.2,0,0,0,71.14
6606,7156.0,18432.0,280.95,0,20,0,50.57
6607,7156.0,18433.0,352.98,0,0,0,63.54
6608,7157.0,18435.0,294.87,0,20,0,53.08
6609,7158.0,18437.0,303.6,0,0,0,54.65
6610,7162.0,18441.0,255.64,30,0,0,46.02
6611,7163.0,18443.0,369.49,0,20,0,66.51
6612,7163.0,18444.0,367.7,0,50,0,66.19
6613,7164.0,18445.0,376.2,0,50,0,67.72
6614,7164.0,18447.0,312.54,30,0,0,56.26
6615,7164.0,18448.0,160.7,30,0,0,28.93
6616,7164.0,18449.0,245.93,30,0,0,44.27
6617,7167.0,18452.0,320.42,30,0,0,57.68
6618,7168.0,18455.0,254.24,0,50,0,45.76
6619,7168.0,18456.0,396.71,0,0,0,71.41
6620,7172.0,18468.0,281.66,0,20,0,50.7
6621,7173.0,18471.0,401.0,0,0,0,72.18
6622,7173.0,18472.0,489.29,0,0,0,88.07
6623,7173.0,18473.0,239.06,30,50,0,43.03
6624,7175.0,18478.0,333.09,0,0,0,59.96
6625,7175.0,18479.0,219.49,30,50,0,39.51
6626,7175.0,18481.0,176.05,30,50,0,31.69
6627,7175.0,18482.0,255.41,0,50,0,45.97
6628,7176.0,18483.0,265.18,0,50,0,47.73
6629,7176.0,18484.0,281.3,30,0,0,50.63
6630,7176.0,18488.0,329.17,0,0,0,59.25
6631,7176.0,18489.0,325.9,0,0,0,58.66
6632,7176.0,18490.0,307.1,0,0,0,55.28
6633,7178.0,18495.0,179.32,30,0,0,32.28
6634,7178.0,18496.0,404.81,0,0,0,72.87
6635,7180.0,18497.0,324.88,30,0,0,58.48
6636,7180.0,18499.0,310.35,30,0,0,55.86
6637,7181.0,18503.0,361.0,0,20,0,64.98
6638,7182.0,18504.0,436.37,0,0,0,78.55
6639,7182.0,18509.0,262.17,30,0,0,47.19
6640,7183.0,18511.0,310.19,30,0,0,55.83
6641,7183.0,18513.0,334.96,0,0,0,60.29
6642,7184.0,18516.0,396.45,0,20,0,71.36
6643,7184.0,18517.0,449.61,0,0,0,80.93
6644,7185.0,18520.0,212.14,30,0,0,38.19
6645,7187.0,18525.0,301.73,0,0,0,54.31
6646,7188.0,18529.0,322.18,0,0,0,57.99
6647,7188.0,18531.0,187.48,30,20,0,33.75
6648,7188.0,18533.0,303.53,0,50,0,54.64
6649,7188.0,18536.0,388.43,0,0,0,69.92
6650,7189.0,18537.0,235.49,30,50,0,42.39
6651,7189.0,18538.0,401.71,0,0,0,72.31
6652,7194.0,18549.0,313.73,30,0,0,56.47
6653,7194.0,18550.0,293.94,30,0,0,52.91
6654,7196.0,18552.0,317.92,30,0,0,57.23
6655,7196.0,18554.0,399.67,0,0,0,71.94
6656,7199.0,18560.0,365.13,0,20,0,65.72
6657,7201.0,18561.0,329.91,0,20,0,59.38
6658,7203.0,18571.0,231.33,30,50,0,41.64
6659,7204.0,18575.0,342.13,0,0,0,61.58
6660,7204.0,18577.0,339.16,0,20,0,61.05
6661,7205.0,18580.0,358.49,0,0,0,64.53
6662,7205.0,18581.0,280.59,0,20,0,50.51
6663,7205.0,18582.0,312.98,0,0,0,56.34
6664,7206.0,18584.0,271.24,0,50,0,48.82
6665,7207.0,18587.0,418.82,0,0,0,75.39
6666,7208.0,18588.0,386.87,0,0,0,69.64
6667,7209.0,18591.0,358.64,0,0,0,64.56
6668,7209.0,18593.0,315.01,0,0,0,56.7
6669,7209.0,18596.0,280.66,30,0,0,50.52
6670,7211.0,18597.0,203.05,30,20,0,36.55
6671,7212.0,18603.0,105.12,30,20,0,18.92
6672,7213.0,18606.0,334.28,0,0,0,60.17
6673,7217.0,18616.0,353.83,0,0,0,63.69
6674,7218.0,18619.0,251.67,30,20,0,45.3
6675,7220.0,18626.0,411.35,0,0,0,74.04
6676,7220.0,18627.0,396.5,0,0,0,71.37
6677,7220.0,18628.0,316.1,0,0,0,56.9
6678,7221.0,18630.0,221.35,30,50,0,39.84
6679,7222.0,18631.0,337.85,0,0,0,60.81
6680,7222.0,18634.0,224.85,30,0,0,40.47
6681,7222.0,18635.0,333.49,0,50,0,60.03
6682,7223.0,18636.0,219.84,30,50,0,39.57
6683,7224.0,18638.0,354.36,0,0,0,63.78
6684,7224.0,18639.0,308.95,0,20,0,55.61
6685,7225.0,18642.0,299.18,0,0,0,53.85
6686,7225.0,18643.0,323.99,0,0,0,58.32
6687,7230.0,18651.0,217.64,30,20,0,39.18
6688,7230.0,18652.0,350.0,0,50,0,63.0
6689,7236.0,18665.0,359.13,0,0,0,64.64
6690,7237.0,18667.0,324.87,30,0,0,58.48
6691,7237.0,18668.0,378.92,0,0,0,68.21
6692,7238.0,18670.0,407.11,0,0,0,73.28
6693,7239.0,18672.0,297.99,0,50,0,53.64
6694,7239.0,18673.0,338.88,0,50,0,61.0
6695,7239.0,18676.0,87.13,30,0,0,15.68
6696,7240.0,18678.0,375.78,0,0,0,67.64
6697,7242.0,18681.0,343.32,0,0,0,61.8
6698,7242.0,18682.0,282.83,30,20,0,50.91
6699,7243.0,18684.0,294.82,0,50,0,53.07
6700,7243.0,18686.0,403.8,0,0,0,72.68
6701,7244.0,18688.0,323.31,30,0,0,58.2
6702,7244.0,18690.0,385.85,0,0,0,69.45
6703,7244.0,18691.0,385.75,0,20,0,69.44
6704,7244.0,18692.0,155.7,30,20,0,28.03
6705,7245.0,18693.0,326.55,0,0,1,58.78
6706,7248.0,18697.0,345.29,0,50,0,62.15
6707,7248.0,18698.0,382.7,0,50,0,68.89
6708,7249.0,18700.0,472.1,0,20,0,84.98
6709,7250.0,18705.0,263.0,30,50,0,47.34
6710,7250.0,18707.0,311.68,0,0,0,56.1
6711,7251.0,18710.0,350.88,0,0,0,63.16
6712,7251.0,18713.0,393.55,0,0,0,70.84
6713,7252.0,18714.0,462.15,0,50,0,83.19
6714,7252.0,18715.0,299.63,30,0,0,53.93
6715,7253.0,18719.0,387.95,0,20,1,69.83
6716,7253.0,18720.0,167.17,30,50,0,30.09
6717,7255.0,18723.0,297.76,30,0,0,53.6
6718,7257.0,18726.0,165.18,30,20,0,29.73
6719,7259.0,18729.0,333.65,0,0,0,60.06
6720,7259.0,18730.0,383.83,0,50,0,69.09
6721,7261.0,18735.0,375.33,0,20,0,67.56
6722,7261.0,18739.0,238.69,30,50,0,42.96
6723,7261.0,18740.0,437.47,0,0,0,78.74
6724,7262.0,18742.0,190.29,30,50,0,34.25
6725,7263.0,18744.0,378.19,0,0,0,68.07
6726,7264.0,18746.0,257.81,30,50,0,46.41
6727,7265.0,18750.0,300.07,30,20,0,54.01
6728,7266.0,18753.0,289.8,30,20,0,52.16
6729,7266.0,18758.0,227.2,30,50,0,40.9
6730,7267.0,18759.0,293.69,30,20,0,52.86
6731,7267.0,18760.0,343.52,0,0,0,61.83
6732,7268.0,18762.0,336.22,0,50,0,60.52
6733,7269.0,18763.0,326.47,30,0,0,58.76
6734,7269.0,18764.0,273.42,30,0,0,49.22
6735,7270.0,18765.0,453.25,0,0,0,81.58
6736,7271.0,18768.0,375.82,0,0,0,67.65
6737,7274.0,18772.0,262.28,30,0,0,47.21
6738,7275.0,18774.0,258.49,30,0,0,46.53
6739,7276.0,18777.0,326.53,0,0,0,58.78
6740,7279.0,18785.0,284.52,0,50,0,51.21
6741,7279.0,18787.0,377.27,0,50,0,67.91
6742,7280.0,18788.0,494.33,0,50,0,88.98
6743,7284.0,18793.0,308.6,30,0,0,55.55
6744,7285.0,18796.0,452.33,0,0,0,81.42
6745,7286.0,18799.0,291.85,0,50,0,52.53
6746,7286.0,18801.0,248.23,30,0,0,44.68
6747,7287.0,18804.0,307.92,30,20,0,55.43
6748,7288.0,18805.0,308.99,30,20,0,55.62
6749,7289.0,18808.0,309.19,30,0,0,55.65
6750,7289.0,18809.0,282.37,0,50,0,50.83
6751,7289.0,18810.0,293.24,30,0,0,52.78
6752,7290.0,18811.0,373.08,0,0,0,67.15
6753,7290.0,18812.0,329.96,0,0,0,59.39
6754,7291.0,18813.0,344.33,0,0,0,61.98
6755,7292.0,18815.0,276.31,30,0,0,49.74
6756,7293.0,18821.0,282.5,0,50,1,50.85
6757,7295.0,18829.0,445.7,0,0,0,80.23
6758,7296.0,18832.0,454.82,0,20,0,81.87
6759,7296.0,18833.0,477.64,0,0,0,85.98
6760,7296.0,18835.0,429.62,0,0,0,77.33
6761,7296.0,18836.0,318.08,0,0,0,57.25
6762,7298.0,18838.0,268.18,30,50,0,48.27
6763,7298.0,18840.0,322.24,0,0,0,58.0
6764,7299.0,18841.0,313.12,0,0,0,56.36
6765,7300.0,18844.0,252.05,0,50,0,45.37
6766,7303.0,18847.0,437.9,0,0,0,78.82
6767,7303.0,18850.0,306.02,30,0,0,55.08
6768,7304.0,18851.0,247.32,30,0,0,44.52
6769,7305.0,18854.0,383.2,0,0,0,68.98
6770,7307.0,18860.0,316.89,0,0,0,57.04
6771,7307.0,18862.0,255.56,30,20,0,46.0
6772,7307.0,18866.0,383.81,0,0,0,69.09
6773,7307.0,18867.0,228.58,30,50,0,41.14
6774,7308.0,18869.0,380.53,0,0,0,68.5
6775,7308.0,18871.0,356.3,0,50,0,64.13
6776,7308.0,18873.0,285.1,30,20,0,51.32
6777,7309.0,18874.0,319.78,0,0,0,57.56
6778,7310.0,18877.0,299.77,0,0,0,53.96
6779,7312.0,18878.0,288.72,30,0,0,51.97
6780,7312.0,18879.0,310.28,0,0,0,55.85
6781,7312.0,18883.0,403.73,0,50,0,72.67
6782,7312.0,18884.0,311.31,0,0,0,56.04
6783,7313.0,18885.0,439.86,0,0,0,79.17
6784,7313.0,18887.0,294.11,30,0,0,52.94
6785,7316.0,18890.0,177.4,30,20,0,31.93
6786,7316.0,18891.0,455.73,0,0,0,82.03
6787,7317.0,18892.0,308.32,0,0,0,55.5
6788,7317.0,18895.0,297.41,30,0,0,53.53
6789,7317.0,18896.0,300.48,0,20,0,54.09
6790,7318.0,18898.0,296.37,30,20,0,53.35
6791,7320.0,18901.0,326.72,0,0,0,58.81
6792,7320.0,18902.0,196.17,30,0,0,35.31
6793,7321.0,18903.0,249.88,30,0,0,44.98
6794,7325.0,18912.0,314.97,0,20,0,56.69
6795,7325.0,18916.0,260.29,0,50,0,46.85
6796,7326.0,18917.0,298.57,0,20,0,53.74
6797,7326.0,18919.0,263.68,0,50,0,47.46
6798,7327.0,18922.0,155.69,30,0,0,28.02
6799,7327.0,18925.0,307.84,30,0,0,55.41
6800,7328.0,18927.0,332.7,0,50,0,59.89
6801,7328.0,18928.0,306.95,0,20,0,55.25
6802,7329.0,18930.0,278.88,30,0,0,50.2
6803,7330.0,18931.0,438.34,0,0,0,78.9
6804,7330.0,18932.0,280.2,0,50,0,50.44
6805,7331.0,18933.0,278.85,0,50,0,50.19
6806,7331.0,18935.0,169.38,30,50,0,30.49
6807,7332.0,18939.0,283.0,0,50,1,50.94
6808,7335.0,18944.0,366.81,0,0,0,66.03
6809,7339.0,18951.0,289.73,30,0,1,52.15
6810,7340.0,18957.0,441.17,0,0,0,79.41
6811,7340.0,18958.0,414.43,0,0,0,74.6
6812,7342.0,18962.0,298.78,0,20,0,53.78
6813,7342.0,18963.0,306.92,30,0,0,55.25
6814,7342.0,18964.0,361.15,0,0,1,65.01
6815,7344.0,18966.0,368.88,0,0,0,66.4
6816,7345.0,18970.0,534.42,0,50,0,96.2
6817,7345.0,18971.0,254.23,30,20,0,45.76
6818,7345.0,18972.0,321.48,0,0,0,57.87
6819,7347.0,18974.0,276.25,30,0,0,49.72
6820,7349.0,18976.0,256.56,30,50,0,46.18
6821,7350.0,18977.0,337.75,0,50,0,60.79
6822,7350.0,18980.0,246.78,30,50,0,44.42
6823,7354.0,18985.0,325.69,30,0,0,58.62
6824,7355.0,18986.0,340.58,0,20,0,61.3
6825,7356.0,18988.0,314.48,0,0,0,56.61
6826,7356.0,18989.0,341.94,0,0,0,61.55
6827,7356.0,18990.0,274.06,30,20,0,49.33
6828,7358.0,18992.0,257.66,30,0,0,46.38
6829,7359.0,18995.0,385.35,0,0,0,69.36
6830,7360.0,18997.0,244.42,30,0,0,44.0
6831,7366.0,19004.0,208.24,30,0,0,37.48
6832,7366.0,19005.0,305.92,30,0,0,55.07
6833,7367.0,19006.0,281.94,0,50,0,50.75
6834,7369.0,19011.0,241.79,30,0,0,43.52
6835,7369.0,19012.0,375.48,0,0,0,67.59
6836,7370.0,19015.0,316.51,0,0,0,56.97
6837,7370.0,19016.0,294.56,30,0,0,53.02
6838,7370.0,19017.0,430.49,0,0,0,77.49
6839,7370.0,19018.0,402.25,0,50,0,72.4
6840,7370.0,19019.0,401.86,0,50,0,72.33
6841,7371.0,19020.0,447.36,0,0,0,80.52
6842,7371.0,19023.0,484.54,0,20,0,87.22
6843,7371.0,19024.0,370.97,0,0,0,66.77
6844,7371.0,19025.0,478.61,0,0,0,86.15
6845,7376.0,19031.0,353.62,0,0,0,63.65
6846,7376.0,19032.0,385.39,0,0,0,69.37
6847,7379.0,19038.0,322.71,30,0,0,58.09
6848,7379.0,19039.0,283.19,0,50,0,50.97
6849,7379.0,19040.0,285.43,30,20,0,51.38
6850,7381.0,19045.0,452.26,0,20,0,81.41
6851,7381.0,19046.0,304.33,30,0,0,54.78
6852,7383.0,19051.0,302.77,0,0,0,54.5
6853,7383.0,19054.0,310.98,30,0,0,55.98
6854,7383.0,19055.0,305.66,0,0,0,55.02
6855,7387.0,19065.0,233.18,30,50,0,41.97
6856,7387.0,19066.0,364.72,0,0,0,65.65
6857,7387.0,19067.0,347.23,0,50,0,62.5
6858,7387.0,19068.0,259.67,30,0,0,46.74
6859,7389.0,19075.0,291.85,30,20,1,52.53
6860,7390.0,19077.0,289.73,0,20,0,52.15
6861,7390.0,19078.0,280.9,0,50,0,50.56
6862,7390.0,19081.0,369.67,0,20,0,66.54
6863,7391.0,19084.0,409.9,0,0,0,73.78
6864,7392.0,19085.0,318.63,0,0,0,57.35
6865,7393.0,19089.0,319.93,30,0,0,57.59
6866,7393.0,19090.0,320.5,0,20,0,57.69
6867,7394.0,19091.0,450.68,0,0,1,81.12
6868,7394.0,19092.0,298.25,30,20,0,53.68
6869,7394.0,19093.0,197.89,30,20,0,35.62
6870,7397.0,19107.0,311.53,0,20,0,56.08
6871,7397.0,19108.0,281.1,30,20,0,50.6
6872,7399.0,19111.0,386.81,0,0,0,69.63
6873,7400.0,19116.0,167.87,30,0,0,30.22
6874,7402.0,19121.0,421.11,0,0,0,75.8
6875,7404.0,19123.0,315.96,0,0,0,56.87
6876,7405.0,19127.0,289.37,0,50,0,52.09
6877,7405.0,19129.0,373.45,0,0,0,67.22
6878,7405.0,19130.0,300.42,0,20,0,54.08
6879,7406.0,19131.0,422.95,0,0,0,76.13
6880,7408.0,19140.0,475.18,0,0,0,85.53
6881,7408.0,19141.0,360.83,0,0,0,64.95
6882,7415.0,19152.0,183.64,30,0,0,33.06
6883,7416.0,19153.0,313.51,0,0,0,56.43
6884,7416.0,19154.0,411.49,0,0,0,74.07
6885,7419.0,19157.0,309.01,0,0,0,55.62
6886,7420.0,19159.0,431.94,0,0,0,77.75
6887,7421.0,19160.0,192.79,30,50,0,34.7
6888,7421.0,19163.0,359.12,0,0,0,64.64
6889,7421.0,19164.0,300.2,0,50,0,54.04
6890,7422.0,19167.0,420.1,0,0,0,75.62
6891,7423.0,19169.0,308.86,0,0,0,55.59
6892,7424.0,19175.0,302.19,0,0,0,54.39
6893,7424.0,19179.0,478.57,0,0,0,86.14
6894,7425.0,19183.0,251.89,30,0,0,45.34
6895,7425.0,19184.0,237.49,30,0,0,42.75
6896,7426.0,19185.0,292.75,30,20,0,52.7
6897,7426.0,19189.0,327.27,0,20,0,58.91
6898,7427.0,19190.0,261.37,30,0,0,47.05
6899,7428.0,19191.0,300.13,30,0,0,54.02
6900,7429.0,19195.0,355.95,0,0,0,64.07
6901,7430.0,19198.0,397.92,0,0,0,71.63
6902,7431.0,19200.0,547.55,0,0,0,98.56
6903,7431.0,19203.0,256.22,30,0,0,46.12
6904,7432.0,19204.0,276.41,30,0,0,49.75
6905,7434.0,19212.0,255.73,30,0,0,46.03
6906,7434.0,19213.0,299.49,0,0,0,53.91
6907,7434.0,19215.0,438.23,0,20,0,78.88
6908,7436.0,19224.0,318.61,30,0,0,57.35
6909,7437.0,19226.0,196.21,30,20,0,35.32
6910,7438.0,19230.0,326.0,0,20,0,58.68
6911,7438.0,19232.0,391.26,0,0,0,70.43
6912,7438.0,19234.0,366.06,0,0,0,65.89
6913,7440.0,19238.0,412.31,0,0,0,74.22
6914,7441.0,19240.0,325.9,30,0,0,58.66
6915,7442.0,19243.0,377.3,0,0,0,67.91
6916,7442.0,19244.0,197.3,30,50,0,35.51
6917,7443.0,19249.0,367.11,0,0,0,66.08
6918,7444.0,19251.0,359.83,0,20,0,64.77
6919,7447.0,19257.0,337.19,0,0,0,60.69
6920,7447.0,19259.0,310.2,0,50,0,55.84
6921,7449.0,19262.0,297.89,30,0,0,53.62
6922,7450.0,19265.0,251.22,0,50,1,45.22
6923,7451.0,19268.0,141.32,30,50,0,25.44
6924,7451.0,19270.0,327.05,0,20,0,58.87
6925,7453.0,19271.0,354.03,0,20,0,63.73
6926,7453.0,19273.0,285.35,30,0,0,51.36
6927,7454.0,19275.0,321.65,30,0,0,57.9
6928,7454.0,19276.0,362.3,0,20,0,65.21
6929,7454.0,19277.0,297.33,0,20,0,53.52
6930,7457.0,19283.0,187.68,30,0,0,33.78
6931,7460.0,19285.0,318.82,0,50,0,57.39
6932,7464.0,19290.0,375.86,0,0,0,67.65
6933,7464.0,19291.0,362.04,0,50,0,65.17
6934,7465.0,19293.0,278.07,30,20,0,50.05
6935,7468.0,19301.0,349.46,0,0,0,62.9
6936,7468.0,19302.0,438.71,0,0,0,78.97
6937,7470.0,19308.0,231.6,30,50,0,41.69
6938,7470.0,19311.0,327.49,0,0,0,58.95
6939,7471.0,19312.0,319.84,30,0,0,57.57
6940,7473.0,19315.0,280.89,0,20,0,50.56
6941,7478.0,19332.0,246.95,30,20,0,44.45
6942,7478.0,19333.0,319.2,0,20,0,57.46
6943,7478.0,19336.0,329.75,0,0,0,59.36
6944,7480.0,19343.0,239.26,30,50,0,43.07
6945,7481.0,19344.0,358.28,0,0,0,64.49
6946,7482.0,19345.0,265.04,30,50,0,47.71
6947,7483.0,19346.0,399.47,0,0,0,71.9
6948,7483.0,19348.0,421.19,0,20,0,75.81
6949,7485.0,19352.0,333.77,0,0,0,60.08
6950,7485.0,19353.0,326.97,30,0,0,58.85
6951,7486.0,19354.0,418.17,0,0,0,75.27
6952,7486.0,19356.0,357.04,0,0,0,64.27
6953,7487.0,19358.0,355.95,0,0,0,64.07
6954,7489.0,19362.0,289.4,30,0,0,52.09
6955,7490.0,19363.0,359.86,0,0,0,64.77
6956,7492.0,19365.0,297.2,30,0,0,53.5
6957,7492.0,19366.0,237.97,30,0,0,42.83
6958,7492.0,19367.0,312.39,0,50,0,56.23
6959,7493.0,19368.0,377.06,0,0,0,67.87
6960,7493.0,19369.0,277.39,30,0,0,49.93
6961,7493.0,19371.0,274.08,0,50,0,49.33
6962,7495.0,19377.0,303.69,0,20,1,54.66
6963,7495.0,19378.0,327.46,0,0,0,58.94
6964,7496.0,19380.0,252.0,30,20,0,45.36
6965,7498.0,19387.0,395.97,0,0,0,71.27
6966,7498.0,19388.0,339.51,0,0,0,61.11
6967,7503.0,19397.0,412.88,0,0,0,74.32
6968,7504.0,19400.0,313.54,0,50,0,56.44
6969,7507.0,19405.0,261.85,30,50,0,47.13
6970,7507.0,19406.0,257.28,30,50,0,46.31
6971,7508.0,19407.0,356.15,0,50,0,64.11
6972,7510.0,19410.0,308.78,0,0,0,55.58
6973,7510.0,19412.0,360.56,0,20,0,64.9
6974,7510.0,19413.0,572.95,0,0,1,103.13
6975,7511.0,19417.0,278.0,30,50,0,50.04
6976,7511.0,19418.0,389.07,0,50,0,70.03
6977,7511.0,19419.0,416.41,0,0,0,74.95
6978,7512.0,19424.0,453.35,0,50,0,81.6
6979,7513.0,19428.0,292.38,30,0,0,52.63
6980,7513.0,19429.0,340.27,0,20,0,61.25
6981,7514.0,19430.0,313.15,0,0,0,56.37
6982,7514.0,19434.0,207.94,30,0,0,37.43
6983,7516.0,19437.0,312.64,0,50,0,56.28
6984,7516.0,19439.0,291.1,30,0,0,52.4
6985,7516.0,19440.0,413.95,0,0,0,74.51
6986,7518.0,19446.0,358.97,0,20,0,64.61
6987,7522.0,19451.0,319.49,0,0,0,57.51
6988,7522.0,19452.0,255.39,30,20,0,45.97
6989,7522.0,19453.0,221.35,30,20,0,39.84
6990,7524.0,19454.0,513.92,0,20,0,92.51
6991,7524.0,19455.0,263.93,30,0,0,47.51
6992,7526.0,19460.0,285.34,0,20,0,51.36
6993,7527.0,19462.0,275.54,0,50,0,49.6
6994,7528.0,19463.0,435.2,0,0,0,78.34
6995,7528.0,19464.0,399.49,0,0,0,71.91
6996,7528.0,19466.0,239.52,30,0,0,43.11
6997,7528.0,19467.0,364.36,0,0,0,65.58
6998,7529.0,19471.0,316.36,30,0,0,56.94
6999,7530.0,19474.0,294.66,0,50,0,53.04
7000,7532.0,19479.0,330.8,0,0,0,59.54
7001,7533.0,19481.0,317.73,0,0,0,57.19
7002,7533.0,19484.0,334.8,0,0,0,60.26
7003,7534.0,19486.0,288.83,30,0,0,51.99
7004,7534.0,19487.0,210.56,30,50,0,37.9
7005,7534.0,19488.0,339.01,0,50,0,61.02
7006,7534.0,19489.0,397.11,0,0,0,71.48
7007,7536.0,19498.0,350.27,0,50,0,63.05
7008,7538.0,19501.0,393.62,0,0,0,70.85
7009,7540.0,19505.0,174.96,30,50,0,31.49
7010,7541.0,19507.0,339.46,0,0,0,61.1
7011,7544.0,19511.0,445.43,0,50,0,80.18
7012,7548.0,19519.0,467.94,0,20,0,84.23
7013,7548.0,19520.0,256.42,0,50,0,46.16
7014,7548.0,19521.0,347.29,0,0,0,62.51
7015,7548.0,19522.0,282.93,30,0,0,50.93
7016,7548.0,19524.0,462.41,0,0,0,83.23
7017,7549.0,19526.0,261.16,30,50,0,47.01
7018,7550.0,19527.0,394.26,0,0,0,70.97
7019,7552.0,19532.0,325.31,30,0,0,58.56
7020,7553.0,19535.0,407.7,0,50,0,73.39
7021,7554.0,19538.0,303.88,0,0,0,54.7
7022,7555.0,19540.0,317.03,30,0,0,57.07
7023,7555.0,19541.0,211.21,30,0,0,38.02
7024,7555.0,19542.0,387.57,0,0,0,69.76
7025,7556.0,19547.0,383.8,0,0,0,69.08
7026,7556.0,19551.0,303.67,0,0,0,54.66
7027,7558.0,19556.0,447.43,0,0,0,80.54
7028,7559.0,19560.0,486.39,0,0,0,87.55
7029,7560.0,19566.0,321.22,30,0,0,57.82
7030,7562.0,19568.0,424.38,0,0,0,76.39
7031,7564.0,19576.0,350.05,0,0,0,63.01
7032,7565.0,19579.0,320.62,30,0,0,57.71
7033,7565.0,19580.0,378.32,0,0,0,68.1
7034,7565.0,19581.0,317.56,0,0,0,57.16
7035,7565.0,19582.0,349.32,0,50,0,62.88
7036,7571.0,19590.0,266.99,30,20,0,48.06
7037,7571.0,19593.0,192.74,30,50,0,34.69
7038,7572.0,19594.0,357.04,0,0,0,64.27
7039,7573.0,19603.0,266.6,30,50,0,47.99
7040,7573.0,19605.0,462.32,0,0,0,83.22
7041,7574.0,19608.0,471.35,0,0,0,84.84
7042,7575.0,19610.0,269.54,30,20,0,48.52
7043,7576.0,19612.0,318.39,0,0,0,57.31
7044,7576.0,19613.0,195.09,30,50,0,35.12
7045,7578.0,19615.0,369.54,0,0,0,66.52
7046,7579.0,19617.0,204.59,30,0,0,36.83
7047,7581.0,19621.0,291.6,0,20,0,52.49
7048,7582.0,19624.0,359.82,0,0,0,64.77
7049,7588.0,19633.0,268.14,30,20,0,48.27
7050,7591.0,19636.0,283.19,30,20,0,50.97
7051,7592.0,19640.0,369.08,0,20,0,66.43
7052,7594.0,19643.0,269.35,0,50,0,48.48
7053,7595.0,19645.0,303.09,0,0,0,54.56
7054,7595.0,19647.0,258.33,30,20,0,46.5
7055,7595.0,19648.0,172.04,30,0,0,30.97
7056,7596.0,19651.0,268.47,30,50,0,48.32
7057,7596.0,19652.0,339.88,0,0,0,61.18
7058,7598.0,19654.0,371.2,0,0,0,66.82
7059,7598.0,19656.0,372.53,0,0,0,67.06
7060,7599.0,19658.0,257.08,0,50,0,46.27
7061,7599.0,19662.0,380.85,0,20,0,68.55
7062,7600.0,19664.0,393.62,0,0,0,70.85
7063,7602.0,19669.0,361.84,0,50,0,65.13
7064,7603.0,19672.0,297.93,30,20,0,53.63
7065,7604.0,19676.0,316.22,0,0,0,56.92
7066,7605.0,19680.0,401.89,0,0,0,72.34
7067,7610.0,19691.0,321.84,30,0,0,57.93
7068,7611.0,19692.0,273.74,30,0,0,49.27
7069,7615.0,19700.0,307.31,0,20,0,55.32
7070,7617.0,19705.0,338.73,0,0,0,60.97
7071,7617.0,19706.0,376.64,0,0,0,67.8
7072,7617.0,19707.0,353.12,0,20,0,63.56
7073,7618.0,19711.0,298.75,30,0,0,53.78
7074,7618.0,19713.0,438.02,0,0,0,78.84
7075,7619.0,19717.0,422.97,0,0,0,76.13
7076,7619.0,19718.0,367.41,0,0,0,66.13
7077,7619.0,19719.0,185.23,30,20,0,33.34
7078,7620.0,19722.0,362.61,0,0,0,65.27
7079,7621.0,19723.0,251.52,30,0,0,45.27
7080,7621.0,19724.0,334.86,0,0,0,60.27
7081,7621.0,19725.0,233.97,30,0,0,42.11
7082,7621.0,19727.0,469.66,0,50,0,84.54
7083,7622.0,19728.0,345.64,0,50,0,62.22
7084,7630.0,19737.0,222.2,30,0,0,40.0
7085,7630.0,19738.0,412.3,0,0,0,74.21
7086,7630.0,19739.0,304.55,30,0,0,54.82
7087,7632.0,19741.0,209.17,30,0,0,37.65
7088,7632.0,19742.0,308.92,0,0,0,55.61
7089,7632.0,19743.0,338.42,0,0,0,60.92
7090,7633.0,19746.0,192.41,30,20,0,34.63
7091,7633.0,19748.0,271.7,30,0,0,48.91
7092,7633.0,19750.0,419.21,0,0,1,75.46
7093,7634.0,19753.0,283.91,30,0,0,51.1
7094,7636.0,19754.0,338.99,0,0,0,61.02
7095,7636.0,19756.0,477.64,0,0,0,85.98
7096,7636.0,19759.0,404.72,0,0,0,72.85
7097,7636.0,19760.0,267.02,0,50,0,48.06
7098,7639.0,19765.0,222.13,30,50,0,39.98
7099,7639.0,19766.0,241.24,30,50,0,43.42
7100,7640.0,19767.0,493.85,0,0,0,88.89
7101,7640.0,19768.0,236.57,30,20,0,42.58
7102,7641.0,19772.0,339.61,0,0,1,61.13
7103,7642.0,19774.0,139.8,30,50,0,25.16
7104,7645.0,19783.0,320.4,30,0,0,57.67
7105,7645.0,19784.0,274.58,30,0,0,49.42
7106,7647.0,19786.0,382.81,0,0,0,68.91
7107,7647.0,19787.0,430.31,0,0,0,77.46
7108,7651.0,19792.0,295.98,30,0,0,53.28
7109,7652.0,19795.0,304.97,30,0,0,54.89
7110,7653.0,19798.0,307.47,30,20,0,55.34
7111,7655.0,19799.0,339.9,0,20,0,61.18
7112,7656.0,19802.0,138.52,30,50,0,24.93
7113,7656.0,19805.0,377.26,0,0,0,67.91
7114,7656.0,19806.0,342.92,0,50,0,61.73
7115,7657.0,19807.0,299.42,0,50,0,53.9
7116,7658.0,19810.0,301.21,30,0,0,54.22
7117,7659.0,19814.0,288.57,30,20,0,51.94
7118,7660.0,19820.0,380.0,0,0,0,68.4
7119,7661.0,19823.0,332.87,0,0,0,59.92
7120,7662.0,19829.0,326.87,30,0,0,58.84
7121,7662.0,19831.0,314.8,0,0,0,56.66
7122,7663.0,19833.0,415.35,0,0,0,74.76
7123,7663.0,19834.0,281.98,30,0,0,50.76
7124,7665.0,19836.0,260.81,0,50,0,46.95
7125,7665.0,19837.0,400.23,0,0,0,72.04
7126,7665.0,19839.0,392.13,0,20,0,70.58
7127,7665.0,19840.0,248.12,30,0,0,44.66
7128,7666.0,19843.0,256.65,30,0,0,46.2
7129,7666.0,19845.0,254.19,0,50,0,45.75
7130,7667.0,19848.0,260.14,30,50,0,46.83
7131,7668.0,19851.0,321.65,0,0,0,57.9
7132,7671.0,19854.0,368.87,0,0,0,66.4
7133,7671.0,19855.0,267.82,30,0,0,48.21
7134,7671.0,19856.0,314.47,30,0,0,56.6
7135,7673.0,19858.0,263.39,30,0,0,47.41
7136,7674.0,19862.0,464.19,0,0,0,83.55
7137,7675.0,19864.0,357.06,0,0,0,64.27
7138,7675.0,19865.0,300.54,0,20,0,54.1
7139,7676.0,19870.0,452.56,0,0,0,81.46
7140,7679.0,19877.0,314.46,30,0,0,56.6
7141,7679.0,19878.0,486.41,0,50,0,87.55
7142,7679.0,19879.0,374.22,0,0,0,67.36
7143,7682.0,19880.0,373.35,0,50,0,67.2
7144,7684.0,19882.0,263.12,30,20,0,47.36
7145,7685.0,19888.0,337.76,0,0,0,60.8
7146,7686.0,19889.0,315.37,0,0,0,56.77
7147,7687.0,19891.0,359.11,0,50,1,64.64
7148,7688.0,19892.0,196.16,30,50,0,35.31
7149,7689.0,19895.0,477.14,0,0,1,85.89
7150,7692.0,19899.0,202.02,30,20,0,36.36
7151,7693.0,19901.0,332.04,0,0,0,59.77
7152,7693.0,19902.0,323.12,0,20,0,58.16
7153,7694.0,19903.0,430.26,0,20,0,77.45
7154,7695.0,19905.0,410.62,0,20,0,73.91
7155,7696.0,19908.0,286.48,30,0,0,51.57
7156,7697.0,19909.0,388.58,0,0,0,69.94
7157,7698.0,19912.0,326.4,0,0,0,58.75
7158,7698.0,19913.0,409.31,0,0,0,73.68
7159,7699.0,19917.0,287.29,0,50,0,51.71
7160,7702.0,19920.0,389.31,0,0,0,70.08
7161,7706.0,19928.0,259.0,30,0,0,46.62
7162,7709.0,19937.0,303.61,0,0,0,54.65
7163,7710.0,19940.0,367.19,0,0,0,66.09
7164,7710.0,19941.0,409.12,0,0,0,73.64
7165,7710.0,19943.0,343.75,0,0,0,61.88
7166,7711.0,19944.0,301.14,0,50,0,54.21
7167,7713.0,19949.0,349.78,0,0,0,62.96
7168,7715.0,19951.0,277.84,30,50,0,50.01
7169,7716.0,19952.0,267.88,30,0,0,48.22
7170,7716.0,19953.0,299.77,0,50,0,53.96
7171,7717.0,19955.0,260.23,30,0,0,46.84
7172,7719.0,19962.0,146.97,30,50,0,26.45
7173,7720.0,19963.0,272.51,0,50,0,49.05
7174,7721.0,19967.0,369.65,0,0,0,66.54
7175,7726.0,19974.0,449.13,0,0,0,80.84
7176,7727.0,19978.0,310.65,0,0,0,55.92
7177,7727.0,19979.0,231.16,30,50,0,41.61
7178,7728.0,19986.0,316.24,0,0,0,56.92
7179,7730.0,19990.0,382.6,0,0,0,68.87
7180,7732.0,19994.0,258.36,30,50,0,46.5
7181,7733.0,19998.0,369.75,0,0,0,66.55
7182,7733.0,19999.0,413.56,0,50,0,74.44
7183,7734.0,20006.0,405.76,0,0,0,73.04
7184,7736.0,20012.0,293.76,0,20,0,52.88
7185,7736.0,20013.0,262.54,30,0,0,47.26
7186,7739.0,20018.0,382.38,0,20,0,68.83
7187,7740.0,20019.0,574.89,0,0,0,103.48
7188,7741.0,20021.0,308.82,0,0,0,55.59
7189,7741.0,20022.0,382.64,0,0,0,68.88
7190,7742.0,20023.0,194.04,30,0,0,34.93
7191,7742.0,20024.0,335.43,0,0,0,60.38
7192,7743.0,20027.0,165.95,30,20,0,29.87
7193,7743.0,20029.0,386.52,0,0,0,69.57
7194,7744.0,20030.0,262.62,30,20,0,47.27
7195,7746.0,20033.0,335.78,0,0,0,60.44
7196,7747.0,20035.0,317.51,0,0,0,57.15
7197,7748.0,20041.0,368.68,0,20,0,66.36
7198,7749.0,20047.0,264.62,30,20,0,47.63
7199,7751.0,20049.0,144.65,30,0,0,26.04
7200,7752.0,20051.0,188.02,30,0,0,33.84
7201,7752.0,20053.0,332.94,0,20,0,59.93
7202,7752.0,20055.0,310.34,30,0,1,55.86
7203,7753.0,20058.0,291.32,30,0,0,52.44
7204,7753.0,20059.0,469.5,0,20,0,84.51
7205,7754.0,20060.0,302.9,30,0,0,54.52
7206,7755.0,20063.0,361.91,0,20,0,65.14
7207,7755.0,20066.0,311.96,30,0,0,56.15
7208,7755.0,20067.0,383.78,0,0,0,69.08
7209,7756.0,20069.0,304.8,0,0,0,54.86
7210,7757.0,20071.0,444.4,0,0,0,79.99
7211,7757.0,20072.0,303.45,0,50,0,54.62
7212,7759.0,20077.0,519.84,0,0,0,93.57
7213,7760.0,20081.0,409.25,0,0,0,73.66
7214,7760.0,20082.0,292.03,0,50,0,52.57
7215,7761.0,20083.0,211.71,30,0,0,38.11
7216,7762.0,20086.0,312.86,0,0,0,56.31
7217,7764.0,20088.0,341.64,0,0,0,61.5
7218,7764.0,20090.0,303.42,30,0,0,54.62
7219,7766.0,20095.0,360.04,0,50,0,64.81
7220,7766.0,20096.0,160.77,30,0,0,28.94
7221,7767.0,20097.0,324.87,0,0,0,58.48
7222,7768.0,20100.0,294.28,30,0,0,52.97
7223,7769.0,20102.0,355.43,0,50,0,63.98
7224,7769.0,20103.0,396.68,0,0,0,71.4
7225,7771.0,20109.0,386.49,0,0,0,69.57
7226,7772.0,20113.0,309.92,0,0,0,55.79
7227,7772.0,20114.0,278.79,30,50,0,50.18
7228,7773.0,20119.0,476.46,0,0,0,85.76
7229,7773.0,20121.0,318.72,0,0,1,57.37
7230,7774.0,20122.0,294.76,0,50,0,53.06
7231,7774.0,20124.0,326.81,0,20,0,58.83
7232,7775.0,20127.0,307.55,0,0,0,55.36
7233,7777.0,20133.0,409.36,0,0,0,73.68
7234,7778.0,20138.0,313.87,0,0,0,56.5
7235,7779.0,20142.0,454.95,0,50,0,81.89
7236,7785.0,20148.0,138.45,30,20,0,24.92
7237,7786.0,20150.0,316.28,30,0,0,56.93
7238,7787.0,20153.0,274.02,30,50,0,49.32
7239,7788.0,20156.0,350.3,0,0,0,63.05
7240,7789.0,20162.0,284.46,30,0,0,51.2
7241,7790.0,20164.0,415.77,0,50,0,74.84
7242,7791.0,20169.0,165.93,30,50,0,29.87
7243,7791.0,20170.0,219.11,30,20,0,39.44
7244,7791.0,20171.0,254.24,0,50,0,45.76
7245,7792.0,20172.0,326.36,0,50,0,58.74
7246,7792.0,20174.0,160.6,30,50,0,28.91
7247,7793.0,20176.0,324.15,0,50,1,58.35
7248,7793.0,20178.0,328.84,30,0,0,59.19
7249,7794.0,20179.0,309.21,30,0,0,55.66
7250,7794.0,20181.0,395.82,0,20,0,71.25
7251,7794.0,20182.0,302.53,30,20,0,54.46
7252,7794.0,20183.0,382.98,0,0,0,68.94
7253,7796.0,20186.0,411.64,0,20,0,74.1
7254,7797.0,20192.0,409.45,0,0,0,73.7
7255,7798.0,20193.0,292.83,0,20,0,52.71
7256,7798.0,20194.0,294.16,0,20,0,52.95
7257,7799.0,20196.0,209.5,30,50,0,37.71
7258,7800.0,20197.0,312.17,30,0,0,56.19
7259,7801.0,20198.0,395.47,0,0,0,71.18
7260,7801.0,20199.0,386.45,0,20,0,69.56
7261,7801.0,20201.0,155.4,30,0,0,27.97
7262,7802.0,20206.0,229.01,30,20,0,41.22
7263,7805.0,20210.0,256.9,30,50,0,46.24
7264,7805.0,20211.0,386.98,0,0,0,69.66
7265,7806.0,20215.0,100.55,30,50,0,18.1
7266,7809.0,20221.0,279.23,30,0,0,50.26
7267,7809.0,20224.0,306.45,30,0,0,55.16
7268,7812.0,20233.0,263.48,30,50,0,47.43
7269,7815.0,20240.0,269.39,30,20,0,48.49
7270,7816.0,20242.0,235.0,30,20,0,42.3
7271,7817.0,20244.0,341.24,0,20,0,61.42
7272,7817.0,20248.0,353.38,0,0,0,63.61
7273,7821.0,20256.0,484.11,0,0,0,87.14
7274,7821.0,20258.0,363.28,0,0,0,65.39
7275,7821.0,20259.0,346.31,0,0,0,62.34
7276,7823.0,20260.0,383.96,0,20,0,69.11
7277,7824.0,20265.0,289.6,0,20,0,52.13
7278,7826.0,20269.0,305.16,30,0,0,54.93
7279,7829.0,20275.0,197.34,30,50,0,35.52
7280,7830.0,20277.0,293.2,0,50,0,52.78
7281,7832.0,20283.0,291.35,30,20,0,52.44
7282,7832.0,20284.0,500.81,0,0,0,90.15
7283,7833.0,20286.0,337.94,0,50,0,60.83
7284,7834.0,20290.0,305.43,30,0,0,54.98
7285,7836.0,20292.0,309.13,0,20,0,55.64
7286,7836.0,20294.0,359.57,0,50,0,64.72
7287,7837.0,20297.0,235.05,30,50,0,42.31
7288,7838.0,20300.0,292.1,30,0,0,52.58
7289,7838.0,20301.0,297.0,0,20,0,53.46
7290,7838.0,20302.0,477.53,0,20,0,85.96
7291,7838.0,20303.0,210.48,30,50,0,37.89
7292,7839.0,20304.0,163.41,30,20,0,29.41
7293,7842.0,20308.0,371.73,0,0,0,66.91
7294,7843.0,20312.0,299.92,0,0,0,53.99
7295,7843.0,20313.0,296.48,30,0,0,53.37
7296,7843.0,20314.0,289.71,0,20,1,52.15
7297,7846.0,20318.0,223.93,30,50,0,40.31
7298,7848.0,20321.0,376.98,0,20,0,67.86
7299,7849.0,20323.0,378.87,0,0,0,68.2
7300,7850.0,20324.0,370.02,0,20,0,66.6
7301,7852.0,20328.0,282.22,0,20,0,50.8
7302,7855.0,20334.0,443.02,0,20,0,79.74
7303,7855.0,20335.0,448.74,0,0,0,80.77
7304,7855.0,20336.0,363.51,0,20,0,65.43
7305,7856.0,20337.0,271.07,30,0,0,48.79
7306,7856.0,20338.0,346.59,0,0,0,62.39
7307,7856.0,20340.0,285.86,0,20,0,51.45
7308,7859.0,20345.0,426.09,0,0,0,76.7
7309,7860.0,20347.0,374.21,0,20,0,67.36
7310,7860.0,20348.0,451.76,0,0,0,81.32
7311,7862.0,20353.0,462.36,0,50,0,83.22
7312,7863.0,20356.0,268.63,0,50,0,48.35
7313,7867.0,20358.0,187.34,30,0,0,33.72
7314,7867.0,20359.0,191.31,30,50,0,34.44
7315,7867.0,20360.0,301.91,0,20,0,54.34
7316,7868.0,20361.0,416.12,0,50,0,74.9
7317,7869.0,20363.0,241.61,30,50,0,43.49
7318,7869.0,20364.0,410.12,0,20,0,73.82
7319,7869.0,20365.0,308.99,0,50,0,55.62
7320,7869.0,20366.0,320.61,0,0,0,57.71
7321,7869.0,20367.0,224.36,30,0,0,40.38
7322,7870.0,20368.0,463.48,0,0,0,83.43
7323,7871.0,20374.0,422.45,0,0,0,76.04
7324,7872.0,20377.0,405.03,0,50,0,72.91
7325,7873.0,20378.0,255.19,30,50,0,45.93
7326,7876.0,20380.0,606.48,0,0,0,109.17
7327,7876.0,20381.0,521.98,0,0,0,93.96
7328,7877.0,20382.0,339.49,0,0,0,61.11
7329,7877.0,20383.0,275.6,30,0,0,49.61
7330,7877.0,20384.0,294.43,0,20,0,53.0
7331,7878.0,20385.0,204.53,30,0,0,36.82
7332,7878.0,20386.0,284.92,0,50,0,51.29
7333,7880.0,20391.0,462.3,0,0,0,83.21
7334,7887.0,20404.0,400.79,0,20,0,72.14
7335,7888.0,20408.0,255.06,30,0,0,45.91
7336,7888.0,20409.0,267.78,30,0,0,48.2
7337,7888.0,20410.0,267.29,30,50,0,48.11
7338,7889.0,20411.0,276.35,0,50,0,49.74
7339,7891.0,20415.0,275.96,0,50,0,49.67
7340,7892.0,20419.0,350.06,0,0,0,63.01
7341,7893.0,20423.0,356.85,0,20,0,64.23
7342,7894.0,20427.0,402.53,0,0,0,72.46
7343,7898.0,20436.0,431.65,0,0,0,77.7
7344,7902.0,20441.0,334.15,0,50,0,60.15
7345,7904.0,20444.0,344.34,0,0,0,61.98
7346,7905.0,20445.0,251.79,30,20,0,45.32
7347,7909.0,20454.0,488.15,0,0,0,87.87
7348,7909.0,20455.0,263.8,0,50,0,47.48
7349,7909.0,20456.0,455.23,0,0,0,81.94
7350,7911.0,20458.0,420.5,0,20,0,75.69
7351,7911.0,20459.0,283.75,0,20,0,51.08
7352,7912.0,20464.0,185.85,30,0,0,33.45
7353,7912.0,20465.0,315.9,0,50,0,56.86
7354,7914.0,20468.0,306.87,0,0,0,55.24
7355,7916.0,20471.0,318.56,30,0,0,57.34
7356,7918.0,20474.0,322.59,0,0,0,58.07
7357,7919.0,20477.0,252.73,30,0,0,45.49
7358,7919.0,20478.0,343.18,0,0,0,61.77
7359,7920.0,20480.0,359.48,0,0,0,64.71
7360,7921.0,20481.0,343.74,0,0,0,61.87
7361,7922.0,20482.0,263.33,30,20,1,47.4
7362,7922.0,20483.0,292.52,30,20,0,52.65
7363,7922.0,20484.0,234.36,30,0,0,42.18
7364,7923.0,20487.0,162.09,30,50,0,29.18
7365,7925.0,20496.0,301.51,0,0,0,54.27
7366,7927.0,20500.0,222.25,30,20,0,40.0
7367,7927.0,20501.0,303.79,30,20,0,54.68
7368,7929.0,20504.0,316.59,0,0,0,56.99
7369,7930.0,20510.0,384.93,0,20,0,69.29
7370,7930.0,20511.0,368.35,0,20,0,66.3
7371,7931.0,20512.0,74.69,30,50,0,13.44
7372,7931.0,20513.0,420.7,0,0,0,75.73
7373,7933.0,20515.0,385.46,0,0,0,69.38
7374,7934.0,20518.0,466.62,0,0,0,83.99
7375,7939.0,20532.0,304.55,0,0,0,54.82
7376,7939.0,20533.0,282.86,0,50,0,50.91
7377,7945.0,20539.0,326.42,0,50,0,58.76
7378,7946.0,20543.0,576.11,0,0,0,103.7
7379,7947.0,20545.0,276.41,30,0,0,49.75
7380,7947.0,20546.0,278.65,30,0,0,50.16
7381,7948.0,20549.0,296.33,0,20,0,53.34
7382,7951.0,20555.0,374.74,0,0,0,67.45
7383,7955.0,20559.0,394.82,0,0,0,71.07
7384,7956.0,20562.0,347.79,0,50,0,62.6
7385,7961.0,20576.0,424.88,0,0,0,76.48
7386,7962.0,20578.0,313.64,0,0,0,56.46
7387,7962.0,20581.0,494.88,0,0,0,89.08
7388,7963.0,20582.0,262.47,30,0,0,47.24
7389,7963.0,20584.0,328.61,0,0,0,59.15
7390,7965.0,20588.0,303.85,0,50,0,54.69
7391,7965.0,20589.0,262.35,30,0,0,47.22
7392,7965.0,20590.0,287.52,30,20,0,51.75
7393,7967.0,20597.0,234.88,30,0,0,42.28
7394,7968.0,20598.0,269.33,30,0,0,48.48
7395,7970.0,20600.0,262.95,30,0,0,47.33
7396,7970.0,20601.0,449.31,0,0,0,80.88
7397,7973.0,20604.0,311.63,0,50,0,56.09
7398,7973.0,20605.0,310.4,0,0,0,55.87
7399,7974.0,20607.0,466.97,0,0,0,84.05
7400,7975.0,20608.0,336.56,0,0,0,60.58
7401,7976.0,20610.0,300.08,0,50,0,54.01
7402,7978.0,20614.0,383.65,0,0,0,69.06
7403,7981.0,20619.0,426.01,0,0,0,76.68
7404,7981.0,20621.0,364.02,0,0,0,65.52
7405,7982.0,20624.0,264.33,30,0,0,47.58
7406,7983.0,20627.0,517.34,0,20,0,93.12
7407,7984.0,20628.0,280.14,30,0,0,50.43
7408,7985.0,20634.0,127.9,30,50,0,23.02
7409,7992.0,20647.0,117.99,30,0,0,21.24
7410,7993.0,20655.0,369.08,0,0,0,66.43
7411,7996.0,20657.0,292.11,30,0,0,52.58
7412,7997.0,20659.0,284.65,30,0,0,51.24
7413,7999.0,20662.0,275.94,30,50,0,49.67
7414,7999.0,20663.0,325.58,0,0,0,58.6
7415,8000.0,20666.0,434.18,0,0,0,78.15
7416,8000.0,20667.0,334.45,0,0,0,60.2
7417,8005.0,20673.0,391.18,0,0,0,70.41
7418,8005.0,20677.0,331.17,0,0,0,59.61
7419,8007.0,20679.0,423.96,0,0,0,76.31
7420,8007.0,20683.0,288.88,30,0,0,52.0
7421,8008.0,20685.0,525.59,0,0,0,94.61
7422,8010.0,20687.0,322.64,0,0,0,58.08
7423,8011.0,20691.0,279.13,30,0,0,50.24
7424,8011.0,20692.0,347.56,0,0,0,62.56
7425,8013.0,20696.0,279.0,30,0,0,50.22
7426,8013.0,20697.0,408.37,0,50,0,73.51
7427,8017.0,20700.0,310.35,30,0,0,55.86
7428,8018.0,20702.0,211.89,30,20,0,38.14
7429,8018.0,20703.0,280.0,30,0,0,50.4
7430,8019.0,20706.0,335.01,0,20,0,60.3
7431,8020.0,20709.0,309.18,0,0,0,55.65
7432,8020.0,20710.0,460.78,0,0,0,82.94
7433,8021.0,20714.0,360.44,0,50,0,64.88
7434,8021.0,20715.0,112.52,30,0,1,20.25
7435,8023.0,20718.0,339.5,0,0,0,61.11
7436,8023.0,20720.0,284.39,30,0,0,51.19
7437,8026.0,20728.0,297.19,0,20,0,53.49
7438,8027.0,20730.0,348.47,0,50,0,62.72
7439,8028.0,20732.0,259.43,30,50,0,46.7
7440,8029.0,20733.0,340.98,0,20,0,61.38
7441,8029.0,20734.0,307.96,0,50,0,55.43
7442,8033.0,20738.0,297.2,0,50,0,53.5
7443,8033.0,20740.0,409.72,0,0,0,73.75
7444,8034.0,20742.0,286.89,30,20,0,51.64
7445,8035.0,20743.0,313.87,0,20,0,56.5
7446,8037.0,20746.0,290.61,0,20,0,52.31
7447,8037.0,20749.0,406.27,0,50,0,73.13
7448,8040.0,20751.0,319.12,30,0,0,57.44
7449,8043.0,20754.0,153.63,30,0,0,27.65
7450,8044.0,20757.0,318.21,0,0,0,57.28
7451,8044.0,20758.0,272.05,30,0,0,48.97
7452,8044.0,20759.0,377.32,0,50,0,67.92
7453,8044.0,20760.0,232.58,30,20,0,41.86
7454,8045.0,20762.0,398.89,0,0,0,71.8
7455,8045.0,20764.0,280.66,30,0,0,50.52
7456,8046.0,20769.0,402.69,0,50,0,72.48
7457,8048.0,20771.0,435.35,0,0,0,78.36
7458,8048.0,20774.0,313.22,30,0,0,56.38
7459,8048.0,20776.0,312.32,0,20,0,56.22
7460,8049.0,20778.0,262.28,30,50,0,47.21
7461,8051.0,20782.0,243.26,30,0,0,43.79
7462,8052.0,20784.0,253.35,0,50,0,45.6
7463,8053.0,20786.0,345.97,0,0,0,62.27
7464,8054.0,20789.0,280.06,0,50,0,50.41
7465,8058.0,20798.0,310.82,30,0,0,55.95
7466,8059.0,20800.0,358.15,0,0,0,64.47
7467,8063.0,20807.0,300.03,0,0,0,54.01
7468,8064.0,20810.0,533.42,0,0,0,96.02
7469,8064.0,20812.0,380.2,0,0,0,68.44
7470,8065.0,20814.0,308.85,30,20,0,55.59
7471,8066.0,20816.0,323.3,30,0,0,58.19
7472,8066.0,20818.0,408.46,0,0,0,73.52
7473,8069.0,20821.0,374.63,0,0,0,67.43
7474,8069.0,20823.0,206.68,30,0,0,37.2
7475,8069.0,20825.0,386.14,0,0,0,69.51
7476,8070.0,20827.0,255.02,0,50,0,45.9
7477,8072.0,20830.0,277.59,30,50,0,49.97
7478,8072.0,20832.0,300.8,30,0,0,54.14
7479,8072.0,20833.0,492.74,0,0,0,88.69
7480,8072.0,20834.0,234.51,30,20,0,42.21
7481,8073.0,20837.0,360.38,0,0,0,64.87
7482,8074.0,20838.0,321.78,30,0,0,57.92
7483,8074.0,20839.0,440.67,0,20,0,79.32
7484,8075.0,20842.0,398.94,0,0,0,71.81
7485,8077.0,20847.0,281.69,30,20,0,50.7
7486,8079.0,20851.0,394.59,0,50,0,71.03
7487,8081.0,20854.0,242.98,30,0,0,43.74
7488,8084.0,20862.0,319.55,0,0,0,57.52
7489,8085.0,20868.0,310.96,30,0,0,55.97
7490,8086.0,20872.0,396.23,0,20,0,71.32
7491,8086.0,20874.0,305.66,0,0,0,55.02
7492,8089.0,20879.0,297.24,0,20,0,53.5
7493,8089.0,20880.0,268.8,30,50,0,48.38
7494,8092.0,20883.0,371.1,0,0,0,66.8
7495,8093.0,20885.0,309.28,0,0,0,55.67
7496,8093.0,20886.0,319.04,30,0,0,57.43
7497,8095.0,20890.0,366.87,0,50,0,66.04
7498,8095.0,20892.0,332.66,0,50,0,59.88
7499,8097.0,20897.0,394.52,0,0,0,71.01
7500,8098.0,20899.0,339.29,0,50,0,61.07
7501,8102.0,20906.0,323.66,0,0,1,58.26
7502,8104.0,20910.0,365.52,0,0,0,65.79
7503,8105.0,20911.0,319.05,30,0,0,57.43
7504,8106.0,20912.0,246.24,30,0,0,44.32
7505,8107.0,20914.0,325.56,30,0,0,58.6
7506,8108.0,20916.0,313.84,0,0,0,56.49
7507,8112.0,20924.0,199.92,30,20,0,35.99
7508,8112.0,20925.0,305.45,30,0,0,54.98
7509,8114.0,20929.0,221.04,30,50,0,39.79
7510,8114.0,20930.0,310.58,0,50,0,55.9
7511,8115.0,20932.0,353.52,0,0,0,63.63
7512,8115.0,20933.0,251.87,30,0,0,45.34
7513,8123.0,20943.0,311.18,0,0,0,56.01
7514,8123.0,20945.0,251.22,30,20,0,45.22
7515,8123.0,20946.0,351.71,0,20,0,63.31
7516,8124.0,20947.0,341.52,0,0,0,61.47
7517,8124.0,20949.0,430.58,0,0,0,77.5
7518,8126.0,20952.0,206.39,30,20,0,37.15
7519,8130.0,20961.0,311.59,0,0,0,56.09
7520,8130.0,20962.0,308.55,0,0,0,55.54
7521,8131.0,20965.0,199.81,30,50,0,35.97
7522,8133.0,20976.0,302.09,0,50,0,54.38
7523,8136.0,20981.0,389.53,0,0,0,70.12
7524,8138.0,20986.0,416.2,0,0,0,74.92
7525,8140.0,20987.0,364.14,0,0,0,65.55
7526,8140.0,20988.0,249.31,0,50,0,44.88
7527,8144.0,20999.0,431.98,0,0,0,77.76
7528,8144.0,21000.0,306.57,30,20,0,55.18
7529,8144.0,21001.0,332.29,0,50,0,59.81
7530,8145.0,21002.0,353.87,0,50,0,63.7
7531,8146.0,21003.0,390.32,0,0,0,70.26
7532,8149.0,21008.0,262.1,30,50,0,47.18
7533,8149.0,21009.0,184.12,30,20,0,33.14
7534,8150.0,21010.0,324.1,30,0,0,58.34
7535,8151.0,21012.0,288.5,0,50,0,51.93
7536,8154.0,21020.0,271.65,30,20,0,48.9
7537,8155.0,21022.0,489.19,0,0,0,88.05
7538,8156.0,21024.0,116.3,30,0,0,20.93
7539,8156.0,21025.0,283.66,30,0,0,51.06
7540,8156.0,21026.0,265.58,0,50,0,47.8
7541,8158.0,21029.0,283.52,0,20,0,51.03
7542,8159.0,21032.0,266.48,30,0,0,47.97
7543,8159.0,21033.0,413.28,0,50,0,74.39
7544,8160.0,21035.0,324.47,0,0,1,58.4
7545,8160.0,21037.0,276.27,30,0,0,49.73
7546,8165.0,21046.0,357.67,0,0,0,64.38
7547,8167.0,21055.0,299.87,30,20,0,53.98
7548,8167.0,21056.0,369.0,0,0,0,66.42
7549,8167.0,21058.0,358.67,0,50,0,64.56
7550,8170.0,21065.0,309.79,0,0,0,55.76
7551,8171.0,21068.0,433.37,0,0,0,78.01
7552,8172.0,21073.0,362.73,0,0,0,65.29
7553,8173.0,21074.0,355.36,0,0,0,63.96
7554,8173.0,21077.0,385.28,0,0,1,69.35
7555,8177.0,21085.0,414.19,0,0,0,74.55
7556,8177.0,21087.0,305.08,0,0,0,54.91
7557,8178.0,21088.0,467.42,0,0,0,84.14
7558,8183.0,21102.0,164.35,30,20,0,29.58
7559,8185.0,21105.0,249.32,0,50,0,44.88
7560,8186.0,21109.0,331.13,0,0,1,59.6
7561,8186.0,21110.0,329.01,0,0,0,59.22
7562,8188.0,21114.0,523.69,0,0,0,94.26
7563,8189.0,21115.0,158.22,30,20,0,28.48
7564,8190.0,21117.0,389.12,0,20,0,70.04
7565,8191.0,21121.0,270.92,30,50,0,48.77
7566,8192.0,21124.0,318.4,0,20,0,57.31
7567,8192.0,21125.0,272.74,30,0,0,49.09
7568,8194.0,21130.0,372.15,0,50,0,66.99
7569,8195.0,21134.0,326.05,30,0,0,58.69
7570,8196.0,21135.0,378.93,0,20,0,68.21
7571,8199.0,21136.0,399.98,0,0,0,72.0
7572,8199.0,21137.0,315.75,0,0,0,56.84
7573,8200.0,21140.0,374.75,0,0,0,67.46
7574,8200.0,21141.0,325.65,0,0,0,58.62
7575,8200.0,21143.0,368.72,0,0,0,66.37
7576,8202.0,21145.0,388.92,0,0,0,70.01
7577,8203.0,21147.0,336.72,0,0,0,60.61
7578,8205.0,21153.0,287.04,30,0,0,51.67
7579,8206.0,21155.0,257.23,30,20,0,46.3
7580,8206.0,21157.0,401.28,0,20,0,72.23
7581,8207.0,21160.0,248.95,30,0,0,44.81
7582,8208.0,21164.0,317.34,0,20,0,57.12
7583,8208.0,21165.0,283.08,0,50,0,50.95
7584,8210.0,21170.0,230.82,30,20,0,41.55
7585,8212.0,21174.0,228.72,30,50,0,41.17
7586,8212.0,21175.0,389.98,0,0,0,70.2
7587,8213.0,21176.0,395.3,0,0,0,71.15
7588,8214.0,21179.0,410.68,0,0,0,73.92
7589,8215.0,21181.0,330.88,0,0,0,59.56
7590,8216.0,21183.0,307.35,0,0,0,55.32
7591,8219.0,21190.0,325.55,30,0,0,58.6
7592,8220.0,21194.0,317.92,0,0,0,57.23
7593,8220.0,21195.0,235.8,30,0,0,42.44
7594,8222.0,21201.0,367.91,0,20,0,66.22
7595,8222.0,21204.0,376.04,0,20,0,67.69
7596,8224.0,21208.0,304.28,30,0,0,54.77
7597,8225.0,21210.0,258.0,0,50,0,46.44
7598,8225.0,21211.0,288.64,0,50,0,51.96
7599,8229.0,21221.0,373.44,0,0,0,67.22
7600,8230.0,21224.0,297.57,0,20,0,53.56
7601,8232.0,21230.0,307.76,30,20,0,55.4
7602,8233.0,21234.0,452.98,0,0,0,81.54
7603,8234.0,21236.0,270.33,0,50,0,48.66
7604,8234.0,21237.0,260.28,30,20,0,46.85
7605,8236.0,21239.0,257.23,0,50,0,46.3
7606,8238.0,21247.0,549.41,0,0,0,98.89
7607,8239.0,21248.0,357.24,0,20,0,64.3
7608,8240.0,21249.0,319.68,0,20,0,57.54
7609,8240.0,21251.0,292.09,30,0,0,52.58
7610,8240.0,21253.0,284.85,30,0,0,51.27
7611,8240.0,21255.0,305.77,30,0,0,55.04
7612,8241.0,21256.0,373.67,0,20,0,67.26
7613,8241.0,21257.0,495.25,0,0,0,89.14
7614,8242.0,21262.0,370.4,0,0,0,66.67
7615,8243.0,21263.0,219.39,30,0,0,39.49
7616,8244.0,21266.0,336.63,0,20,0,60.59
7617,8244.0,21267.0,300.09,0,0,0,54.02
7618,8245.0,21268.0,347.53,0,20,0,62.56
7619,8247.0,21271.0,318.36,0,0,0,57.3
7620,8248.0,21272.0,332.62,0,0,0,59.87
7621,8250.0,21278.0,215.4,30,0,0,38.77
7622,8250.0,21279.0,438.86,0,0,0,78.99
7623,8251.0,21282.0,376.07,0,0,0,67.69
7624,8251.0,21283.0,408.62,0,0,0,73.55
7625,8252.0,21286.0,395.86,0,50,0,71.25
7626,8252.0,21287.0,408.75,0,20,0,73.58
7627,8252.0,21288.0,364.94,0,0,0,65.69
7628,8253.0,21289.0,290.99,0,50,0,52.38
7629,8253.0,21290.0,281.82,0,20,0,50.73
7630,8253.0,21291.0,137.63,30,0,0,24.77
7631,8253.0,21293.0,290.02,30,0,0,52.2
7632,8257.0,21301.0,307.07,30,0,0,55.27
7633,8257.0,21302.0,358.68,0,0,0,64.56
7634,8260.0,21305.0,335.09,0,0,0,60.32
7635,8261.0,21307.0,293.48,0,20,0,52.83
7636,8261.0,21310.0,245.08,30,0,0,44.11
7637,8261.0,21311.0,311.31,0,50,0,56.04
7638,8262.0,21313.0,321.05,0,0,0,57.79
7639,8262.0,21315.0,393.04,0,0,0,70.75
7640,8262.0,21316.0,222.64,30,0,0,40.08
7641,8263.0,21318.0,415.13,0,0,0,74.72
7642,8264.0,21322.0,350.96,0,20,0,63.17
7643,8266.0,21327.0,284.52,30,0,0,51.21
7644,8269.0,21332.0,50.0,30,50,0,9.0
7645,8271.0,21344.0,399.14,0,0,0,71.85
7646,8273.0,21348.0,326.01,0,0,0,58.68
7647,8273.0,21352.0,310.87,30,0,0,55.96
7648,8275.0,21354.0,367.4,0,0,0,66.13
7649,8276.0,21356.0,400.67,0,0,0,72.12
7650,8276.0,21360.0,369.28,0,20,0,66.47
7651,8277.0,21362.0,339.55,0,0,0,61.12
7652,8277.0,21364.0,307.04,0,0,0,55.27
7653,8278.0,21365.0,344.24,0,20,0,61.96
7654,8279.0,21368.0,344.86,0,0,0,62.07
7655,8279.0,21369.0,255.42,30,50,0,45.98
7656,8279.0,21370.0,229.98,30,50,1,41.4
7657,8281.0,21376.0,334.98,0,0,0,60.3
7658,8282.0,21381.0,228.15,30,20,0,41.07
7659,8283.0,21382.0,427.42,0,20,0,76.94
7660,8287.0,21390.0,291.89,0,20,0,52.54
7661,8288.0,21394.0,193.85,30,0,0,34.89
7662,8289.0,21395.0,336.25,0,50,0,60.52
7663,8289.0,21397.0,365.21,0,50,1,65.74
7664,8290.0,21398.0,447.75,0,20,0,80.6
7665,8290.0,21401.0,231.52,30,0,0,41.67
7666,8290.0,21402.0,449.57,0,0,0,80.92
7667,8291.0,21403.0,319.3,0,20,0,57.47
7668,8292.0,21407.0,333.1,0,0,0,59.96
7669,8293.0,21411.0,290.88,0,50,0,52.36
7670,8296.0,21413.0,247.75,30,0,0,44.6
7671,8296.0,21415.0,393.54,0,50,0,70.84
7672,8297.0,21419.0,352.06,0,0,0,63.37
7673,8297.0,21420.0,217.78,30,0,0,39.2
7674,8298.0,21421.0,281.4,30,0,0,50.65
7675,8303.0,21431.0,446.69,0,0,0,80.4
7676,8305.0,21435.0,315.75,30,0,0,56.84
7677,8308.0,21443.0,270.95,30,50,0,48.77
7678,8312.0,21449.0,175.94,30,0,0,31.67
7679,8312.0,21450.0,60.0,30,20,0,10.8
7680,8313.0,21452.0,357.44,0,20,0,64.34
7681,8313.0,21454.0,328.67,30,0,0,59.16
7682,8313.0,21455.0,153.43,30,50,0,27.62
7683,8315.0,21457.0,208.71,30,50,0,37.57
7684,8317.0,21458.0,288.73,0,20,0,51.97
7685,8318.0,21461.0,403.06,0,0,0,72.55
7686,8320.0,21465.0,370.87,0,0,0,66.76
7687,8321.0,21467.0,330.05,0,0,0,59.41
7688,8322.0,21468.0,353.46,0,0,0,63.62
7689,8324.0,21470.0,287.39,30,0,0,51.73
7690,8327.0,21474.0,324.75,0,0,0,58.46
7691,8328.0,21478.0,322.38,30,0,0,58.03
7692,8330.0,21482.0,341.71,0,0,0,61.51
7693,8333.0,21485.0,324.55,0,0,0,58.42
7694,8333.0,21486.0,484.28,0,0,0,87.17
7695,8335.0,21488.0,345.11,0,20,0,62.12
7696,8338.0,21493.0,426.04,0,0,0,76.69
7697,8340.0,21495.0,263.97,30,50,0,47.51
7698,8344.0,21502.0,280.07,30,0,0,50.41
7699,8344.0,21503.0,270.62,0,50,0,48.71
7700,8345.0,21508.0,348.56,0,50,0,62.74
7701,8345.0,21510.0,133.9,30,50,0,24.1
7702,8345.0,21511.0,308.65,0,20,0,55.56
7703,8346.0,21513.0,468.08,0,0,1,84.25
7704,8348.0,21515.0,283.54,0,50,0,51.04
7705,8348.0,21518.0,325.1,0,0,0,58.52
7706,8349.0,21522.0,280.99,30,0,0,50.58
7707,8352.0,21526.0,348.49,0,0,0,62.73
7708,8352.0,21527.0,323.5,0,0,0,58.23
7709,8353.0,21528.0,246.53,30,50,0,44.38
7710,8354.0,21530.0,383.66,0,50,0,69.06
7711,8355.0,21532.0,289.81,30,0,0,52.17
7712,8355.0,21534.0,245.01,30,0,0,44.1
7713,8356.0,21537.0,205.25,30,0,0,36.94
7714,8357.0,21538.0,324.25,30,0,0,58.36
7715,8357.0,21541.0,522.08,0,50,0,93.97
7716,8358.0,21545.0,262.04,30,20,0,47.17
7717,8361.0,21553.0,384.64,0,0,0,69.24
7718,8363.0,21557.0,309.61,0,20,0,55.73
7719,8364.0,21561.0,253.9,30,50,0,45.7
7720,8365.0,21562.0,302.48,30,0,0,54.45
7721,8367.0,21565.0,570.23,0,0,0,102.64
7722,8367.0,21566.0,359.63,0,0,0,64.73
7723,8370.0,21569.0,372.18,0,0,0,66.99
7724,8372.0,21575.0,515.75,0,20,0,92.84
7725,8373.0,21576.0,287.51,0,20,0,51.75
7726,8373.0,21577.0,344.07,0,0,0,61.93
7727,8375.0,21580.0,324.55,30,0,0,58.42
7728,8377.0,21587.0,187.68,30,20,0,33.78
7729,8378.0,21589.0,344.18,0,0,0,61.95
7730,8378.0,21594.0,295.86,0,20,0,53.25
7731,8379.0,21596.0,328.61,30,0,0,59.15
7732,8380.0,21598.0,331.68,0,0,0,59.7
7733,8380.0,21601.0,240.07,30,0,0,43.21
7734,8380.0,21603.0,515.11,0,50,0,92.72
7735,8381.0,21606.0,304.29,30,0,0,54.77
7736,8381.0,21607.0,265.87,30,50,0,47.86
7737,8386.0,21617.0,348.93,0,20,0,62.81
7738,8387.0,21618.0,419.82,0,0,0,75.57
7739,8388.0,21619.0,434.11,0,20,0,78.14
7740,8388.0,21620.0,231.69,30,50,0,41.7
7741,8390.0,21622.0,176.27,30,0,0,31.73
7742,8391.0,21624.0,311.97,30,0,0,56.15
7743,8392.0,21627.0,299.98,0,0,0,54.0
7744,8392.0,21630.0,376.5,0,0,0,67.77
7745,8393.0,21635.0,104.84,30,50,0,18.87
7746,8394.0,21641.0,336.18,0,0,0,60.51
7747,8397.0,21648.0,369.38,0,50,0,66.49
7748,8398.0,21651.0,243.88,30,0,0,43.9
7749,8400.0,21652.0,390.05,0,0,0,70.21
7750,8400.0,21653.0,302.23,0,50,0,54.4
7751,8401.0,21655.0,336.45,0,0,0,60.56
7752,8401.0,21659.0,248.26,30,0,0,44.69
7753,8402.0,21660.0,309.37,30,0,0,55.69
7754,8402.0,21662.0,306.26,30,0,0,55.13
7755,8403.0,21663.0,238.5,30,20,0,42.93
7756,8405.0,21667.0,261.31,30,0,0,47.04
7757,8405.0,21668.0,340.22,0,20,0,61.24
7758,8407.0,21673.0,356.21,0,20,0,64.12
7759,8408.0,21676.0,283.98,30,0,0,51.12
7760,8409.0,21678.0,304.16,30,20,0,54.75
7761,8409.0,21679.0,264.25,30,0,0,47.56
7762,8410.0,21680.0,318.46,0,20,1,57.32
7763,8411.0,21683.0,267.83,0,50,0,48.21
7764,8411.0,21684.0,468.9,0,0,0,84.4
7765,8414.0,21688.0,295.4,30,0,0,53.17
7766,8415.0,21692.0,283.43,0,20,0,51.02
7767,8415.0,21700.0,360.55,0,0,0,64.9
7768,8419.0,21703.0,396.38,0,0,0,71.35
7769,8419.0,21704.0,366.16,0,0,0,65.91
7770,8420.0,21707.0,418.5,0,0,0,75.33
7771,8421.0,21713.0,273.0,0,50,0,49.14
7772,8422.0,21716.0,328.35,30,0,0,59.1
7773,8423.0,21717.0,240.3,30,50,0,43.25
7774,8424.0,21719.0,389.22,0,0,0,70.06
7775,8424.0,21720.0,279.4,30,0,0,50.29
7776,8424.0,21722.0,198.04,30,20,0,35.65
7777,8427.0,21729.0,284.04,30,0,0,51.13
7778,8428.0,21731.0,257.45,30,50,0,46.34
7779,8428.0,21732.0,256.26,30,50,0,46.13
7780,8433.0,21739.0,492.62,0,0,0,88.67
7781,8433.0,21740.0,262.23,30,0,0,47.2
7782,8436.0,21748.0,488.77,0,0,0,87.98
7783,8441.0,21759.0,362.15,0,0,0,65.19
7784,8443.0,21765.0,208.41,30,0,1,37.51
7785,8444.0,21766.0,258.39,30,50,0,46.51
7786,8446.0,21772.0,465.68,0,0,0,83.82
7787,8446.0,21774.0,222.84,30,0,0,40.11
7788,8447.0,21775.0,437.72,0,0,1,78.79
7789,8448.0,21782.0,286.49,30,0,0,51.57
7790,8449.0,21784.0,412.06,0,0,0,74.17
7791,8450.0,21788.0,299.86,30,0,0,53.97
7792,8452.0,21795.0,371.01,0,0,0,66.78
7793,8455.0,21797.0,428.97,0,0,0,77.21
7794,8456.0,21799.0,334.24,0,0,0,60.16
7795,8456.0,21800.0,495.67,0,0,0,89.22
7796,8460.0,21808.0,466.42,0,0,0,83.96
7797,8460.0,21809.0,419.37,0,20,0,75.49
7798,8462.0,21811.0,371.17,0,0,0,66.81
7799,8462.0,21813.0,435.14,0,50,0,78.33
7800,8465.0,21822.0,273.13,0,50,0,49.16
7801,8468.0,21824.0,285.62,30,0,0,51.41
7802,8468.0,21826.0,293.76,0,20,0,52.88
7803,8468.0,21827.0,313.59,30,0,0,56.45
7804,8471.0,21833.0,348.47,0,50,0,62.72
7805,8472.0,21835.0,356.5,0,0,0,64.17
7806,8473.0,21837.0,311.99,30,0,0,56.16
7807,8475.0,21840.0,462.02,0,0,0,83.16
7808,8475.0,21841.0,327.7,30,0,0,58.99
7809,8477.0,21843.0,162.46,30,0,0,29.24
7810,8478.0,21847.0,290.99,30,0,0,52.38
7811,8480.0,21850.0,409.83,0,20,0,73.77
7812,8480.0,21851.0,322.88,30,0,0,58.12
7813,8481.0,21855.0,324.74,0,0,0,58.45
7814,8481.0,21856.0,311.57,30,0,0,56.08
7815,8481.0,21857.0,392.45,0,0,0,70.64
7816,8482.0,21860.0,348.45,0,0,0,62.72
7817,8482.0,21862.0,253.4,30,0,0,45.61
7818,8482.0,21866.0,495.75,0,0,0,89.24
7819,8482.0,21867.0,308.47,30,0,0,55.52
7820,8483.0,21870.0,417.86,0,0,0,75.21
7821,8484.0,21871.0,187.89,30,0,0,33.82
7822,8484.0,21872.0,417.89,0,20,0,75.22
7823,8485.0,21873.0,279.81,0,50,0,50.37
7824,8485.0,21874.0,367.44,0,50,0,66.14
7825,8486.0,21878.0,266.74,30,0,0,48.01
7826,8486.0,21879.0,214.45,30,20,0,38.6
7827,8487.0,21880.0,366.79,0,0,0,66.02
7828,8489.0,21883.0,342.5,0,0,0,61.65
7829,8490.0,21884.0,370.31,0,0,0,66.66
7830,8490.0,21885.0,388.67,0,0,0,69.96
7831,8491.0,21886.0,418.95,0,20,0,75.41
7832,8491.0,21887.0,165.67,30,20,0,29.82
7833,8491.0,21888.0,366.07,0,0,0,65.89
7834,8492.0,21891.0,249.47,0,50,0,44.9
7835,8496.0,21897.0,316.99,0,0,0,57.06
7836,8496.0,21898.0,369.03,0,0,0,66.43
7837,8496.0,21899.0,383.07,0,0,1,68.95
7838,8499.0,21902.0,224.08,30,20,0,40.33
7839,8499.0,21904.0,320.34,30,0,0,57.66
7840,8502.0,21907.0,405.38,0,0,0,72.97
7841,8502.0,21909.0,293.4,30,0,0,52.81
7842,8504.0,21912.0,459.53,0,0,0,82.72
7843,8505.0,21914.0,185.15,30,50,0,33.33
7844,8510.0,21922.0,359.74,0,0,0,64.75
7845,8513.0,21925.0,402.89,0,0,0,72.52
7846,8514.0,21927.0,233.93,30,0,0,42.11
7847,8514.0,21928.0,77.73,30,20,0,13.99
7848,8515.0,21935.0,318.29,0,20,0,57.29
7849,8517.0,21941.0,316.61,0,0,0,56.99
7850,8518.0,21949.0,279.45,30,0,0,50.3
7851,8519.0,21951.0,425.78,0,0,0,76.64
7852,8519.0,21953.0,286.52,30,0,0,51.57
7853,8520.0,21955.0,321.19,0,20,0,57.81
7854,8521.0,21956.0,285.03,30,20,0,51.31
7855,8521.0,21959.0,306.1,30,0,0,55.1
7856,8521.0,21962.0,347.99,0,0,0,62.64
7857,8522.0,21965.0,271.34,30,0,0,48.84
7858,8523.0,21968.0,292.88,0,20,0,52.72
7859,8527.0,21976.0,352.72,0,20,0,63.49
7860,8527.0,21977.0,340.18,0,0,0,61.23
7861,8528.0,21978.0,475.6,0,0,0,85.61
7862,8530.0,21981.0,427.69,0,0,0,76.98
7863,8531.0,21983.0,301.28,0,0,0,54.23
7864,8533.0,21988.0,313.77,30,0,0,56.48
7865,8533.0,21989.0,368.18,0,20,0,66.27
7866,8536.0,21995.0,349.51,0,0,0,62.91
7867,8539.0,22001.0,369.11,0,0,0,66.44
7868,8541.0,22006.0,408.84,0,20,0,73.59
7869,8541.0,22007.0,311.4,0,20,0,56.05
7870,8542.0,22008.0,257.55,30,0,0,46.36
7871,8542.0,22011.0,338.61,0,0,0,60.95
7872,8542.0,22014.0,279.96,30,0,0,50.39
7873,8543.0,22016.0,364.27,0,0,0,65.57
7874,8543.0,22017.0,435.72,0,0,0,78.43
7875,8545.0,22020.0,461.91,0,20,0,83.14
7876,8551.0,22029.0,355.96,0,0,0,64.07
7877,8551.0,22030.0,271.66,30,20,0,48.9
7878,8552.0,22037.0,432.35,0,0,0,77.82
7879,8556.0,22046.0,392.08,0,0,0,70.57
7880,8556.0,22048.0,309.81,30,0,1,55.77
7881,8558.0,22055.0,311.98,0,0,0,56.16
7882,8559.0,22056.0,298.33,0,20,0,53.7
7883,8562.0,22063.0,314.46,0,20,0,56.6
7884,8562.0,22064.0,354.61,0,0,0,63.83
7885,8565.0,22070.0,400.54,0,20,0,72.1
7886,8567.0,22074.0,438.26,0,0,0,78.89
7887,8568.0,22075.0,213.42,30,20,0,38.42
7888,8568.0,22076.0,345.07,0,20,0,62.11
7889,8569.0,22078.0,467.47,0,50,0,84.14
7890,8569.0,22079.0,308.11,0,0,1,55.46
7891,8570.0,22080.0,234.27,30,20,0,42.17
7892,8572.0,22085.0,237.08,30,50,0,42.67
7893,8575.0,22091.0,322.65,0,0,0,58.08
7894,8576.0,22096.0,445.26,0,0,0,80.15
7895,8577.0,22097.0,325.75,0,50,0,58.64
7896,8577.0,22099.0,324.45,0,0,0,58.4
7897,8581.0,22103.0,495.74,0,0,0,89.23
7898,8581.0,22104.0,323.73,0,0,0,58.27
7899,8581.0,22106.0,290.76,30,0,0,52.34
7900,8582.0,22108.0,300.59,30,20,0,54.11
7901,8582.0,22110.0,421.85,0,50,0,75.93
7902,8583.0,22113.0,193.95,30,50,0,34.91
7903,8583.0,22115.0,218.19,30,20,0,39.27
7904,8584.0,22118.0,288.7,0,20,0,51.97
7905,8590.0,22127.0,374.43,0,0,0,67.4
7906,8590.0,22128.0,281.27,0,50,0,50.63
7907,8590.0,22129.0,230.82,30,0,0,41.55
7908,8590.0,22131.0,243.49,30,20,0,43.83
7909,8594.0,22133.0,430.12,0,0,0,77.42
7910,8594.0,22134.0,324.43,0,50,0,58.4
7911,8595.0,22136.0,368.05,0,50,0,66.25
7912,8597.0,22140.0,382.76,0,0,0,68.9
7913,8597.0,22141.0,317.06,0,50,0,57.07
7914,8598.0,22146.0,176.63,30,0,0,31.79
7915,8600.0,22151.0,302.17,0,0,0,54.39
7916,8601.0,22152.0,316.81,30,0,0,57.03
7917,8601.0,22153.0,324.94,0,0,0,58.49
7918,8601.0,22156.0,384.51,0,0,0,69.21
7919,8602.0,22157.0,256.21,0,50,1,46.12
7920,8604.0,22161.0,405.58,0,0,0,73.0
7921,8605.0,22163.0,429.19,0,0,0,77.25
7922,8608.0,22167.0,484.58,0,0,0,87.22
7923,8608.0,22169.0,539.96,0,0,0,97.19
7924,8609.0,22174.0,404.32,0,0,0,72.78
7925,8612.0,22180.0,349.14,0,0,0,62.85
7926,8613.0,22183.0,237.75,30,0,1,42.8
7927,8616.0,22190.0,465.29,0,0,0,83.75
7928,8616.0,22194.0,288.84,30,0,0,51.99
7929,8616.0,22195.0,313.79,0,0,0,56.48
7930,8617.0,22196.0,378.37,0,0,0,68.11
7931,8617.0,22197.0,372.37,0,20,0,67.03
7932,8617.0,22198.0,309.23,30,0,0,55.66
7933,8617.0,22200.0,261.78,30,20,0,47.12
7934,8619.0,22207.0,250.87,30,50,0,45.16
7935,8624.0,22212.0,338.36,0,0,0,60.9
7936,8624.0,22213.0,318.48,0,20,0,57.33
7937,8626.0,22220.0,360.47,0,0,0,64.88
7938,8626.0,22222.0,318.39,0,0,1,57.31
7939,8626.0,22223.0,187.4,30,0,0,33.73
7940,8626.0,22224.0,328.5,0,50,0,59.13
7941,8628.0,22228.0,422.02,0,0,0,75.96
7942,8628.0,22229.0,328.67,0,50,0,59.16
7943,8628.0,22230.0,243.68,30,0,0,43.86
7944,8628.0,22232.0,299.68,0,20,0,53.94
7945,8628.0,22234.0,256.42,0,50,0,46.16
7946,8629.0,22236.0,304.91,30,0,0,54.88
7947,8629.0,22238.0,175.66,30,0,0,31.62
7948,8634.0,22245.0,274.06,30,0,0,49.33
7949,8636.0,22253.0,270.66,30,50,0,48.72
7950,8636.0,22254.0,248.94,30,0,0,44.81
7951,8636.0,22256.0,312.0,0,50,0,56.16
7952,8637.0,22258.0,278.57,0,50,0,50.14
7953,8637.0,22259.0,405.93,0,0,0,73.07
7954,8638.0,22264.0,305.43,30,20,0,54.98
7955,8639.0,22267.0,278.12,30,0,0,50.06
7956,8641.0,22271.0,261.27,30,50,0,47.03
7957,8642.0,22273.0,448.96,0,0,0,80.81
7958,8642.0,22276.0,219.53,30,50,0,39.52
7959,8642.0,22278.0,412.15,0,0,0,74.19
7960,8643.0,22280.0,303.79,0,20,0,54.68
7961,8643.0,22282.0,381.98,0,0,0,68.76
7962,8645.0,22285.0,331.52,0,0,0,59.67
7963,8645.0,22286.0,239.89,30,20,0,43.18
7964,8645.0,22288.0,300.74,30,0,0,54.13
7965,8645.0,22289.0,301.26,0,20,0,54.23
7966,8646.0,22293.0,301.11,30,0,0,54.2
7967,8648.0,22304.0,298.11,30,0,0,53.66
7968,8648.0,22306.0,452.22,0,50,0,81.4
7969,8649.0,22309.0,289.05,30,0,0,52.03
7970,8649.0,22312.0,229.73,30,50,0,41.35
7971,8650.0,22316.0,377.62,0,0,0,67.97
7972,8651.0,22319.0,328.78,0,20,0,59.18
7973,8651.0,22320.0,386.62,0,20,0,69.59
7974,8652.0,22321.0,369.15,0,20,0,66.45
7975,8653.0,22322.0,250.65,30,0,0,45.12
7976,8654.0,22324.0,301.08,0,0,0,54.19
7977,8654.0,22325.0,313.63,0,20,0,56.45
7978,8654.0,22326.0,210.55,30,50,0,37.9
7979,8656.0,22332.0,299.01,0,0,0,53.82
7980,8657.0,22335.0,381.98,0,0,0,68.76
7981,8658.0,22336.0,285.44,30,0,0,51.38
7982,8662.0,22343.0,363.51,0,0,0,65.43
7983,8662.0,22344.0,427.13,0,0,0,76.88
7984,8666.0,22350.0,380.52,0,0,0,68.49
7985,8667.0,22351.0,358.59,0,0,1,64.55
7986,8673.0,22366.0,327.16,30,0,0,58.89
7987,8674.0,22367.0,294.54,30,0,0,53.02
7988,8678.0,22375.0,277.35,30,50,0,49.92
7989,8678.0,22376.0,394.03,0,20,0,70.93
7990,8679.0,22382.0,462.29,0,0,0,83.21
7991,8681.0,22385.0,322.66,30,0,0,58.08
7992,8683.0,22387.0,372.95,0,0,0,67.13
7993,8683.0,22388.0,127.89,30,0,0,23.02
7994,8683.0,22389.0,335.65,0,20,0,60.42
7995,8684.0,22392.0,339.0,0,50,0,61.02
7996,8687.0,22394.0,310.63,30,0,0,55.91
7997,8687.0,22395.0,284.03,0,20,0,51.13
7998,8687.0,22396.0,391.62,0,0,0,70.49
7999,8688.0,22399.0,228.26,30,20,0,41.09
8000,8688.0,22400.0,415.7,0,0,0,74.83
8001,8689.0,22402.0,202.29,30,20,0,36.41
8002,8689.0,22403.0,119.83,30,20,0,21.57
8003,8689.0,22405.0,416.19,0,0,0,74.91
8004,8691.0,22407.0,315.92,30,0,0,56.87
8005,8692.0,22408.0,319.42,30,0,0,57.5
8006,8692.0,22411.0,302.83,0,0,0,54.51
8007,8693.0,22417.0,181.73,30,50,1,32.71
8008,8694.0,22420.0,283.57,30,0,0,51.04
8009,8695.0,22422.0,344.02,0,0,0,61.92
8010,8697.0,22428.0,292.83,0,50,0,52.71
8011,8697.0,22430.0,416.4,0,0,0,74.95
8012,8697.0,22431.0,186.65,30,0,0,33.6
8013,8698.0,22432.0,306.86,0,0,0,55.23
8014,8700.0,22444.0,313.01,0,0,0,56.34
8015,8700.0,22445.0,240.07,30,50,0,43.21
8016,8701.0,22449.0,242.3,30,0,0,43.61
8017,8701.0,22451.0,304.65,0,0,0,54.84
8018,8702.0,22452.0,291.42,30,0,0,52.46
8019,8703.0,22456.0,393.92,0,0,0,70.91
8020,8705.0,22460.0,187.96,30,0,0,33.83
8021,8708.0,22463.0,324.43,0,50,0,58.4
8022,8708.0,22464.0,424.92,0,50,0,76.49
8023,8709.0,22466.0,467.02,0,0,0,84.06
8024,8710.0,22468.0,300.45,30,0,0,54.08
8025,8716.0,22478.0,235.01,30,50,0,42.3
8026,8718.0,22486.0,285.33,30,20,0,51.36
8027,8719.0,22491.0,313.91,30,0,0,56.5
8028,8722.0,22496.0,282.4,30,0,0,50.83
8029,8727.0,22509.0,285.53,30,20,0,51.4
8030,8731.0,22514.0,394.97,0,0,0,71.09
8031,8733.0,22516.0,335.22,0,20,0,60.34
8032,8733.0,22517.0,346.42,0,0,0,62.36
8033,8735.0,22522.0,280.43,30,0,0,50.48
8034,8735.0,22523.0,196.54,30,0,0,35.38
8035,8736.0,22527.0,208.45,30,0,0,37.52
8036,8736.0,22529.0,328.53,0,0,0,59.14
8037,8737.0,22531.0,322.97,0,0,0,58.13
8038,8747.0,22553.0,329.54,0,20,0,59.32
8039,8748.0,22554.0,291.56,0,20,0,52.48
8040,8748.0,22555.0,372.39,0,0,0,67.03
8041,8750.0,22563.0,279.02,30,0,0,50.22
8042,8750.0,22564.0,320.73,0,20,0,57.73
8043,8751.0,22565.0,431.56,0,20,0,77.68
8044,8753.0,22568.0,179.97,30,0,0,32.39
8045,8754.0,22571.0,418.79,0,0,0,75.38
8046,8755.0,22573.0,277.13,30,0,0,49.88
8047,8755.0,22575.0,193.73,30,50,0,34.87
8048,8756.0,22578.0,324.02,0,50,0,58.32
8049,8756.0,22579.0,254.56,30,50,0,45.82
8050,8756.0,22580.0,269.54,0,50,0,48.52
8051,8757.0,22582.0,337.06,0,20,0,60.67
8052,8758.0,22584.0,397.92,0,50,0,71.63
8053,8758.0,22585.0,401.77,0,0,0,72.32
8054,8759.0,22588.0,197.83,30,50,0,35.61
8055,8759.0,22589.0,324.54,30,0,0,58.42
8056,8760.0,22591.0,348.79,0,0,0,62.78
8057,8760.0,22594.0,201.59,30,20,0,36.29
8058,8763.0,22600.0,301.45,30,0,0,54.26
8059,8764.0,22604.0,161.82,30,0,0,29.13
8060,8764.0,22607.0,318.58,0,0,0,57.34
8061,8765.0,22608.0,285.86,30,0,0,51.45
8062,8765.0,22609.0,368.47,0,0,0,66.32
8063,8765.0,22610.0,270.22,30,0,0,48.64
8064,8766.0,22614.0,271.01,30,50,0,48.78
8065,8766.0,22615.0,282.62,30,0,0,50.87
8066,8767.0,22616.0,304.16,0,20,0,54.75
8067,8769.0,22618.0,371.18,0,0,0,66.81
8068,8770.0,22621.0,254.76,30,50,0,45.86
8069,8770.0,22622.0,251.78,30,0,0,45.32
8070,8772.0,22628.0,361.98,0,0,0,65.16
8071,8773.0,22633.0,406.58,0,0,0,73.18
8072,8774.0,22636.0,406.96,0,0,0,73.25
8073,8774.0,22637.0,480.3,0,0,0,86.45
8074,8774.0,22638.0,242.12,30,0,0,43.58
8075,8774.0,22639.0,231.78,30,0,0,41.72
8076,8775.0,22643.0,467.29,0,0,0,84.11
8077,8776.0,22646.0,321.74,30,0,0,57.91
8078,8777.0,22648.0,437.75,0,0,0,78.8
8079,8779.0,22651.0,360.85,0,0,0,64.95
8080,8780.0,22652.0,159.9,30,20,0,28.78
8081,8780.0,22654.0,209.87,30,0,0,37.78
8082,8783.0,22659.0,256.29,0,50,0,46.13
8083,8784.0,22661.0,399.16,0,0,0,71.85
8084,8789.0,22667.0,295.15,0,20,0,53.13
8085,8790.0,22668.0,407.07,0,50,0,73.27
8086,8790.0,22669.0,426.33,0,0,0,76.74
8087,8791.0,22672.0,220.69,30,0,0,39.72
8088,8792.0,22679.0,390.02,0,0,1,70.2
8089,8796.0,22686.0,330.08,0,0,0,59.41
8090,8796.0,22687.0,403.51,0,0,0,72.63
8091,8800.0,22693.0,148.99,30,0,0,26.82
8092,8801.0,22695.0,441.95,0,0,0,79.55
8093,8801.0,22696.0,246.5,30,0,0,44.37
8094,8802.0,22702.0,469.74,0,0,0,84.55
8095,8803.0,22703.0,213.03,30,50,0,38.35
8096,8803.0,22704.0,245.02,30,20,0,44.1
8097,8804.0,22707.0,332.15,0,0,0,59.79
8098,8804.0,22708.0,390.93,0,50,0,70.37
8099,8805.0,22709.0,285.03,0,50,0,51.31
8100,8807.0,22716.0,439.46,0,50,0,79.1
8101,8807.0,22718.0,324.7,0,50,0,58.45
8102,8808.0,22720.0,271.25,30,0,0,48.82
8103,8808.0,22721.0,300.07,30,0,0,54.01
8104,8809.0,22726.0,489.94,0,20,0,88.19
8105,8809.0,22727.0,426.08,0,0,0,76.69
8106,8812.0,22730.0,425.47,0,50,0,76.58
8107,8813.0,22733.0,383.1,0,0,0,68.96
8108,8813.0,22734.0,263.21,30,0,0,47.38
8109,8813.0,22735.0,327.18,0,20,0,58.89
8110,8813.0,22737.0,326.13,30,0,0,58.7
8111,8815.0,22741.0,286.31,30,0,0,51.54
8112,8816.0,22743.0,321.67,30,0,0,57.9
8113,8818.0,22751.0,307.85,0,50,0,55.41
8114,8820.0,22754.0,440.49,0,0,0,79.29
8115,8821.0,22757.0,378.82,0,0,0,68.19
8116,8821.0,22758.0,384.21,0,0,0,69.16
8117,8821.0,22759.0,297.06,30,20,0,53.47
8118,8822.0,22760.0,363.69,0,20,0,65.46
8119,8822.0,22761.0,302.87,0,0,0,54.52
8120,8823.0,22762.0,211.13,30,50,0,38.0
8121,8823.0,22764.0,252.51,30,50,0,45.45
8122,8823.0,22765.0,287.53,30,0,0,51.76
8123,8824.0,22767.0,277.78,30,50,0,50.0
8124,8826.0,22769.0,401.64,0,0,0,72.3
8125,8827.0,22771.0,222.24,30,0,0,40.0
8126,8827.0,22772.0,263.72,0,50,0,47.47
8127,8827.0,22774.0,144.56,30,50,0,26.02
8128,8828.0,22775.0,310.46,0,0,0,55.88
8129,8829.0,22777.0,316.88,0,20,0,57.04
8130,8830.0,22785.0,265.27,30,50,0,47.75
8131,8830.0,22788.0,392.97,0,50,0,70.73
8132,8832.0,22790.0,240.27,30,0,0,43.25
8133,8832.0,22791.0,231.94,30,50,0,41.75
8134,8832.0,22793.0,302.34,30,20,0,54.42
8135,8832.0,22794.0,269.85,30,50,0,48.57
8136,8835.0,22799.0,261.65,30,0,0,47.1
8137,8835.0,22800.0,286.07,0,20,0,51.49
8138,8836.0,22802.0,232.79,30,0,1,41.9
8139,8837.0,22807.0,296.62,0,20,0,53.39
8140,8837.0,22810.0,522.4,0,0,0,94.03
8141,8837.0,22811.0,401.76,0,50,0,72.32
8142,8838.0,22813.0,269.64,30,0,0,48.54
8143,8838.0,22816.0,291.34,0,50,0,52.44
8144,8841.0,22818.0,349.53,0,0,0,62.92
8145,8841.0,22819.0,342.45,0,0,0,61.64
8146,8842.0,22822.0,296.12,30,0,0,53.3
8147,8843.0,22823.0,313.36,30,0,0,56.4
8148,8844.0,22826.0,224.74,30,0,0,40.45
8149,8844.0,22829.0,360.93,0,20,0,64.97
8150,8847.0,22833.0,282.42,0,20,0,50.84
8151,8847.0,22834.0,277.8,30,0,0,50.0
8152,8847.0,22835.0,310.14,30,0,0,55.83
8153,8848.0,22836.0,257.9,30,0,0,46.42
8154,8849.0,22838.0,219.48,30,0,0,39.51
8155,8849.0,22839.0,317.41,0,0,0,57.13
8156,8849.0,22840.0,246.54,30,50,0,44.38
8157,8849.0,22841.0,383.84,0,50,0,69.09
8158,8851.0,22846.0,485.33,0,50,0,87.36
8159,8852.0,22848.0,378.15,0,0,0,68.07
8160,8852.0,22849.0,236.29,30,0,0,42.53
8161,8853.0,22851.0,343.37,0,0,0,61.81
8162,8855.0,22857.0,289.19,30,0,0,52.05
8163,8856.0,22858.0,436.25,0,0,0,78.52
8164,8856.0,22859.0,231.63,30,50,0,41.69
8165,8857.0,22862.0,309.95,0,0,0,55.79
8166,8860.0,22866.0,243.13,30,0,0,43.76
8167,8862.0,22867.0,286.4,30,0,0,51.55
8168,8865.0,22871.0,419.57,0,0,0,75.52
8169,8865.0,22872.0,342.99,0,20,0,61.74
8170,8867.0,22881.0,308.3,0,0,0,55.49
8171,8867.0,22882.0,315.15,0,50,0,56.73
8172,8868.0,22885.0,383.61,0,0,0,69.05
8173,8868.0,22886.0,274.79,30,0,0,49.46
8174,8871.0,22895.0,487.07,0,0,0,87.67
8175,8872.0,22896.0,243.97,30,0,0,43.91
8176,8872.0,22899.0,341.7,0,0,0,61.51
8177,8873.0,22900.0,336.11,0,0,0,60.5
8178,8874.0,22903.0,261.69,30,0,0,47.1
8179,8875.0,22904.0,292.15,30,0,0,52.59
8180,8877.0,22908.0,388.65,0,0,0,69.96
8181,8877.0,22909.0,464.13,0,0,0,83.54
8182,8879.0,22911.0,343.56,0,0,0,61.84
8183,8881.0,22913.0,173.33,30,0,0,31.2
8184,8881.0,22914.0,331.62,0,0,0,59.69
8185,8882.0,22916.0,272.68,30,0,0,49.08
8186,8882.0,22917.0,527.09,0,50,0,94.88
8187,8884.0,22920.0,290.68,30,20,0,52.32
8188,8884.0,22922.0,513.59,0,0,0,92.45
8189,8885.0,22924.0,287.47,30,20,0,51.74
8190,8887.0,22927.0,168.97,30,50,0,30.41
8191,8888.0,22929.0,347.03,0,50,0,62.47
8192,8888.0,22931.0,455.26,0,20,0,81.95
8193,8890.0,22934.0,447.12,0,0,0,80.48
8194,8891.0,22935.0,358.03,0,50,0,64.45
8195,8892.0,22939.0,333.42,0,0,0,60.02
8196,8894.0,22941.0,385.95,0,0,0,69.47
8197,8894.0,22942.0,389.38,0,0,0,70.09
8198,8894.0,22943.0,430.35,0,50,0,77.46
8199,8895.0,22944.0,284.84,30,20,0,51.27
8200,8896.0,22947.0,298.56,0,20,0,53.74
8201,8899.0,22953.0,261.28,30,0,0,47.03
8202,8899.0,22954.0,426.04,0,0,0,76.69
8203,8899.0,22955.0,329.59,0,0,0,59.33
8204,8900.0,22957.0,390.2,0,20,0,70.24
8205,8900.0,22958.0,233.57,30,20,0,42.04
8206,8900.0,22961.0,277.51,30,20,1,49.95
8207,8900.0,22962.0,388.0,0,0,0,69.84
8208,8901.0,22965.0,371.35,0,0,0,66.84
8209,8901.0,22966.0,294.27,30,20,0,52.97
8210,8901.0,22967.0,529.81,0,0,0,95.37
8211,8902.0,22968.0,311.1,0,50,0,56.0
8212,8903.0,22971.0,478.46,0,0,0,86.12
8213,8907.0,22980.0,285.03,0,50,0,51.31
8214,8909.0,22981.0,393.7,0,0,0,70.87
8215,8909.0,22982.0,367.51,0,0,1,66.15
8216,8909.0,22983.0,282.4,0,50,0,50.83
8217,8911.0,22986.0,318.2,0,50,0,57.28
8218,8912.0,22988.0,466.94,0,0,0,84.05
8219,8912.0,22989.0,283.47,30,0,0,51.02
8220,8913.0,22990.0,275.1,30,0,0,49.52
8221,8914.0,22993.0,413.49,0,50,0,74.43
8222,8914.0,22994.0,252.62,0,50,0,45.47
8223,8915.0,22995.0,248.92,30,50,0,44.81
8224,8924.0,23012.0,325.87,30,0,0,58.66
8225,8925.0,23015.0,341.64,0,50,0,61.5
8226,8925.0,23017.0,534.58,0,20,0,96.22
8227,8925.0,23020.0,230.42,30,0,0,41.48
8228,8927.0,23024.0,372.08,0,0,0,66.97
8229,8927.0,23025.0,355.08,0,0,0,63.91
8230,8927.0,23026.0,191.93,30,20,0,34.55
8231,8927.0,23027.0,410.72,0,20,0,73.93
8232,8927.0,23028.0,537.43,0,0,0,96.74
8233,8927.0,23029.0,306.1,30,0,0,55.1
8234,8928.0,23032.0,313.65,0,0,0,56.46
8235,8928.0,23033.0,426.27,0,0,0,76.73
8236,8930.0,23035.0,317.0,0,20,0,57.06
8237,8930.0,23036.0,337.13,0,20,0,60.68
8238,8931.0,23039.0,347.65,0,0,0,62.58
8239,8932.0,23040.0,214.19,30,0,0,38.55
8240,8932.0,23041.0,453.53,0,0,0,81.64
8241,8935.0,23045.0,332.8,0,0,0,59.9
8242,8936.0,23047.0,281.53,30,0,0,50.68
8243,8936.0,23048.0,351.94,0,0,0,63.35
8244,8936.0,23049.0,387.75,0,0,0,69.8
8245,8936.0,23051.0,258.67,30,50,0,46.56
8246,8940.0,23056.0,267.53,0,50,0,48.16
8247,8940.0,23057.0,330.97,0,0,0,59.57
8248,8941.0,23059.0,387.73,0,50,0,69.79
8249,8941.0,23061.0,418.26,0,20,0,75.29
8250,8942.0,23065.0,378.65,0,50,0,68.16
8251,8943.0,23066.0,230.0,30,20,0,41.4
8252,8945.0,23071.0,390.52,0,0,0,70.29
8253,8945.0,23074.0,355.83,0,20,0,64.05
8254,8946.0,23075.0,402.5,0,0,0,72.45
8255,8946.0,23076.0,276.94,0,50,0,49.85
8256,8946.0,23077.0,327.61,0,0,0,58.97
8257,8949.0,23084.0,366.03,0,20,0,65.89
8258,8949.0,23088.0,140.2,30,50,0,25.24
8259,8950.0,23092.0,301.73,0,50,0,54.31
8260,8951.0,23099.0,338.58,0,0,0,60.94
8261,8953.0,23102.0,314.5,0,0,0,56.61
8262,8954.0,23103.0,307.16,0,50,0,55.29
8263,8955.0,23107.0,441.23,0,0,0,79.42
8264,8955.0,23108.0,318.08,0,0,0,57.25
8265,8957.0,23111.0,498.08,0,20,0,89.65
8266,8958.0,23113.0,336.77,0,50,0,60.62
8267,8959.0,23114.0,321.49,0,0,0,57.87
8268,8959.0,23116.0,268.28,0,50,0,48.29
8269,8961.0,23119.0,400.09,0,20,0,72.02
8270,8961.0,23121.0,338.78,0,50,0,60.98
8271,8962.0,23123.0,389.38,0,0,0,70.09
8272,8963.0,23124.0,225.18,30,50,0,40.53
8273,8963.0,23127.0,240.57,30,50,0,43.3
8274,8964.0,23131.0,296.3,0,50,0,53.33
8275,8965.0,23133.0,376.68,0,0,0,67.8
8276,8965.0,23135.0,362.61,0,0,0,65.27
8277,8968.0,23140.0,285.77,30,0,0,51.44
8278,8969.0,23141.0,316.83,30,0,0,57.03
8279,8969.0,23143.0,185.05,30,50,0,33.31
8280,8971.0,23146.0,407.77,0,0,0,73.4
8281,8972.0,23148.0,246.57,30,0,0,44.38
8282,8972.0,23149.0,374.85,0,0,0,67.47
8283,8974.0,23150.0,485.95,0,0,0,87.47
8284,8975.0,23152.0,443.15,0,0,0,79.77
8285,8976.0,23154.0,250.16,30,20,0,45.03
8286,8977.0,23158.0,90.53,30,50,0,16.3
8287,8978.0,23161.0,347.54,0,0,0,62.56
8288,8979.0,23165.0,348.34,0,0,0,62.7
8289,8979.0,23166.0,266.49,30,0,0,47.97
8290,8980.0,23169.0,326.23,0,20,0,58.72
8291,8983.0,23171.0,347.85,0,0,0,62.61
8292,8983.0,23172.0,297.97,0,50,0,53.63
8293,8983.0,23173.0,273.87,0,50,0,49.3
8294,8984.0,23175.0,331.52,0,0,1,59.67
8295,8985.0,23179.0,190.71,30,20,0,34.33
8296,8987.0,23183.0,307.85,0,0,0,55.41
8297,8989.0,23189.0,306.94,30,0,0,55.25
8298,8993.0,23193.0,306.56,0,0,0,55.18
8299,8993.0,23194.0,291.22,30,20,0,52.42
8300,8993.0,23195.0,326.0,0,0,0,58.68
8301,8994.0,23199.0,316.8,30,0,0,57.02
8302,8995.0,23201.0,291.94,0,20,0,52.55
8303,8997.0,23210.0,419.94,0,0,0,75.59
8304,8998.0,23211.0,270.69,30,50,1,48.72
8305,9001.0,23217.0,264.45,30,0,0,47.6
8306,9001.0,23218.0,330.3,0,0,0,59.45
8307,9002.0,23221.0,295.47,30,0,0,53.18
8308,9002.0,23222.0,290.12,0,50,0,52.22
8309,9003.0,23223.0,368.41,0,50,0,66.31
8310,9006.0,23227.0,104.67,30,50,0,18.84
8311,9007.0,23231.0,221.0,30,20,0,39.78
8312,9007.0,23233.0,276.47,30,50,0,49.76
8313,9007.0,23235.0,399.14,0,0,0,71.85
8314,9007.0,23236.0,347.05,0,0,0,62.47
8315,9008.0,23238.0,353.94,0,0,0,63.71
8316,9010.0,23243.0,184.44,30,50,0,33.2
8317,9013.0,23247.0,347.65,0,20,0,62.58
8318,9013.0,23248.0,346.75,0,20,0,62.42
8319,9014.0,23250.0,285.06,0,50,0,51.31
8320,9016.0,23257.0,382.6,0,0,0,68.87
8321,9016.0,23259.0,415.54,0,0,0,74.8
8322,9016.0,23261.0,262.88,0,50,0,47.32
8323,9017.0,23263.0,239.37,30,20,0,43.09
8324,9018.0,23266.0,296.27,0,20,0,53.33
8325,9019.0,23267.0,243.19,30,50,0,43.77
8326,9019.0,23268.0,345.04,0,0,0,62.11
8327,9019.0,23269.0,391.64,0,0,0,70.5
8328,9020.0,23270.0,361.82,0,0,0,65.13
8329,9021.0,23276.0,323.21,0,0,0,58.18
8330,9024.0,23278.0,391.06,0,20,0,70.39
8331,9027.0,23288.0,349.26,0,50,1,62.87
8332,9028.0,23291.0,164.8,30,50,0,29.66
8333,9029.0,23293.0,436.87,0,0,0,78.64
8334,9031.0,23296.0,273.6,30,50,0,49.25
8335,9033.0,23301.0,310.23,0,0,0,55.84
8336,9033.0,23302.0,356.72,0,0,0,64.21
8337,9033.0,23305.0,308.2,0,50,0,55.48
8338,9034.0,23309.0,288.1,0,20,0,51.86
8339,9036.0,23313.0,330.13,0,50,0,59.42
8340,9036.0,23314.0,378.88,0,0,0,68.2
8341,9037.0,23319.0,261.96,0,50,0,47.15
8342,9037.0,23320.0,338.1,0,0,0,60.86
8343,9039.0,23326.0,254.4,0,50,0,45.79
8344,9039.0,23327.0,323.05,0,0,0,58.15
8345,9040.0,23328.0,248.75,30,0,0,44.78
8346,9043.0,23338.0,231.1,30,50,0,41.6
8347,9046.0,23344.0,326.07,30,0,0,58.69
8348,9049.0,23353.0,322.85,0,0,0,58.11
8349,9049.0,23354.0,261.38,30,0,0,47.05
8350,9051.0,23357.0,215.3,30,0,0,38.75
8351,9051.0,23358.0,388.05,0,50,0,69.85
8352,9052.0,23361.0,409.2,0,0,0,73.66
8353,9053.0,23362.0,395.56,0,0,0,71.2
8354,9053.0,23363.0,442.55,0,0,0,79.66
8355,9053.0,23365.0,489.94,0,0,0,88.19
8356,9056.0,23369.0,379.73,0,20,0,68.35
8357,9057.0,23370.0,220.74,30,0,0,39.73
8358,9057.0,23373.0,239.2,30,0,0,43.06
8359,9057.0,23374.0,205.6,30,20,0,37.01
8360,9059.0,23375.0,363.29,0,50,0,65.39
8361,9059.0,23379.0,461.15,0,0,0,83.01
8362,9060.0,23380.0,382.61,0,0,0,68.87
8363,9060.0,23381.0,438.48,0,20,0,78.93
8364,9063.0,23387.0,277.32,0,50,0,49.92
8365,9064.0,23388.0,346.04,0,50,0,62.29
8366,9064.0,23390.0,198.18,30,0,0,35.67
8367,9064.0,23391.0,175.55,30,0,0,31.6
8368,9065.0,23393.0,307.75,0,0,1,55.4
8369,9066.0,23395.0,315.6,0,20,0,56.81
8370,9068.0,23403.0,363.79,0,20,0,65.48
8371,9068.0,23405.0,443.28,0,50,0,79.79
8372,9070.0,23410.0,315.19,0,20,0,56.73
8373,9071.0,23411.0,336.95,0,0,0,60.65
8374,9074.0,23414.0,469.7,0,0,0,84.55
8375,9075.0,23416.0,411.26,0,0,0,74.03
8376,9076.0,23421.0,305.12,30,0,0,54.92
8377,9076.0,23422.0,301.02,0,50,0,54.18
8378,9076.0,23423.0,429.24,0,0,0,77.26
8379,9077.0,23424.0,303.09,0,20,0,54.56
8380,9078.0,23425.0,259.86,30,20,0,46.77
8381,9080.0,23428.0,433.92,0,0,0,78.11
8382,9080.0,23429.0,249.81,30,50,0,44.97
8383,9080.0,23430.0,381.01,0,50,0,68.58
8384,9080.0,23432.0,442.06,0,50,0,79.57
8385,9081.0,23433.0,231.67,30,0,0,41.7
8386,9083.0,23439.0,270.82,30,0,0,48.75
8387,9086.0,23445.0,405.01,0,0,0,72.9
8388,9092.0,23453.0,320.73,0,50,0,57.73
8389,9092.0,23454.0,284.19,30,0,0,51.15
8390,9093.0,23455.0,334.69,0,50,0,60.24
8391,9096.0,23461.0,242.46,30,0,0,43.64
8392,9096.0,23463.0,296.25,30,0,0,53.32
8393,9096.0,23464.0,371.5,0,0,0,66.87
8394,9098.0,23466.0,198.46,30,0,0,35.72
8395,9098.0,23467.0,378.03,0,50,0,68.05
8396,9098.0,23470.0,347.89,0,20,0,62.62
8397,9099.0,23471.0,243.58,30,0,0,43.84
8398,9102.0,23484.0,352.99,0,20,0,63.54
8399,9104.0,23486.0,248.39,30,0,0,44.71
8400,9105.0,23492.0,336.02,0,0,0,60.48
8401,9107.0,23496.0,322.72,30,0,0,58.09
8402,9107.0,23498.0,187.14,30,0,0,33.69
8403,9113.0,23509.0,407.62,0,0,0,73.37
8404,9113.0,23510.0,350.56,0,0,0,63.1
8405,9114.0,23511.0,422.48,0,20,0,76.05
8406,9114.0,23513.0,296.84,0,50,0,53.43
8407,9118.0,23519.0,316.88,0,0,0,57.04
8408,9122.0,23523.0,424.05,0,0,0,76.33
8409,9124.0,23530.0,363.13,0,0,0,65.36
8410,9124.0,23531.0,304.21,0,0,0,54.76
8411,9124.0,23532.0,378.41,0,0,0,68.11
8412,9127.0,23540.0,381.18,0,0,0,68.61
8413,9128.0,23545.0,145.19,30,0,0,26.13
8414,9132.0,23552.0,468.18,0,0,0,84.27
8415,9132.0,23553.0,276.49,30,50,0,49.77
8416,9133.0,23554.0,593.48,0,20,0,106.83
8417,9133.0,23556.0,446.3,0,0,0,80.33
8418,9133.0,23557.0,184.59,30,20,0,33.23
8419,9134.0,23558.0,318.13,0,0,0,57.26
8420,9134.0,23559.0,305.75,30,20,0,55.04
8421,9134.0,23560.0,211.47,30,50,0,38.06
8422,9134.0,23561.0,210.43,30,20,0,37.88
8423,9136.0,23564.0,384.34,0,50,0,69.18
8424,9137.0,23567.0,381.31,0,0,0,68.64
8425,9137.0,23568.0,317.69,30,0,0,57.18
8426,9138.0,23573.0,290.38,0,50,0,52.27
8427,9140.0,23575.0,333.02,0,50,0,59.94
8428,9142.0,23580.0,285.84,0,50,0,51.45
8429,9143.0,23581.0,260.92,30,0,0,46.97
8430,9144.0,23587.0,414.84,0,0,0,74.67
8431,9144.0,23589.0,272.43,30,0,0,49.04
8432,9146.0,23594.0,272.45,0,50,0,49.04
8433,9146.0,23595.0,312.89,0,0,0,56.32
8434,9147.0,23598.0,307.99,30,20,0,55.44
8435,9148.0,23601.0,314.47,0,0,0,56.6
8436,9148.0,23603.0,351.31,0,0,1,63.24
8437,9149.0,23606.0,285.19,30,0,0,51.33
8438,9149.0,23610.0,266.15,30,50,0,47.91
8439,9150.0,23611.0,524.84,0,0,0,94.47
8440,9150.0,23613.0,254.78,0,50,0,45.86
8441,9151.0,23615.0,327.85,0,0,0,59.01
8442,9152.0,23616.0,345.01,0,0,0,62.1
8443,9152.0,23617.0,307.73,0,0,0,55.39
8444,9152.0,23618.0,258.82,30,50,0,46.59
8445,9153.0,23623.0,339.16,0,20,0,61.05
8446,9153.0,23625.0,333.25,0,0,0,59.98
8447,9158.0,23636.0,258.6,30,50,0,46.55
8448,9158.0,23637.0,319.96,0,50,0,57.59
8449,9158.0,23640.0,243.5,30,20,0,43.83
8450,9158.0,23641.0,383.76,0,50,1,69.08
8451,9159.0,23642.0,333.06,0,20,0,59.95
8452,9159.0,23645.0,411.69,0,0,0,74.1
8453,9159.0,23646.0,316.73,0,0,0,57.01
8454,9161.0,23651.0,348.41,0,0,0,62.71
8455,9161.0,23652.0,272.62,30,50,0,49.07
8456,9162.0,23653.0,321.43,0,50,0,57.86
8457,9163.0,23654.0,417.84,0,20,0,75.21
8458,9163.0,23655.0,352.74,0,0,0,63.49
8459,9165.0,23661.0,321.13,0,0,0,57.8
8460,9167.0,23667.0,259.78,30,50,0,46.76
8461,9167.0,23668.0,353.02,0,0,0,63.54
8462,9168.0,23674.0,377.93,0,0,0,68.03
8463,9168.0,23675.0,309.15,0,50,0,55.65
8464,9168.0,23677.0,325.12,0,0,0,58.52
8465,9168.0,23678.0,310.54,0,20,0,55.9
8466,9168.0,23680.0,304.24,30,0,0,54.76
8467,9170.0,23684.0,352.89,0,20,1,63.52
8468,9172.0,23689.0,263.15,30,20,0,47.37
8469,9172.0,23691.0,290.98,0,50,0,52.38
8470,9173.0,23695.0,110.0,30,50,0,19.8
8471,9173.0,23696.0,367.46,0,50,0,66.14
8472,9174.0,23699.0,261.11,30,0,0,47.0
8473,9174.0,23701.0,281.29,0,50,0,50.63
8474,9174.0,23702.0,459.99,0,0,0,82.8
8475,9175.0,23704.0,222.38,30,20,0,40.03
8476,9175.0,23705.0,311.58,30,0,0,56.08
8477,9176.0,23707.0,242.25,30,50,0,43.6
8478,9176.0,23708.0,296.34,30,20,0,53.34
8479,9178.0,23713.0,170.32,30,50,0,30.66
8480,9178.0,23714.0,211.62,30,0,0,38.09
8481,9179.0,23716.0,319.21,0,20,0,57.46
8482,9181.0,23722.0,260.16,30,50,0,46.83
8483,9181.0,23723.0,253.91,30,20,0,45.7
8484,9185.0,23730.0,495.1,0,0,0,89.12
8485,9186.0,23734.0,164.39,30,0,0,29.59
8486,9187.0,23736.0,271.62,30,0,0,48.89
8487,9188.0,23738.0,363.21,0,0,0,65.38
8488,9188.0,23742.0,278.28,30,0,0,50.09
8489,9188.0,23743.0,472.61,0,0,0,85.07
8490,9189.0,23747.0,424.55,0,20,0,76.42
8491,9190.0,23749.0,440.97,0,0,0,79.37
8492,9191.0,23751.0,324.75,0,20,0,58.46
8493,9191.0,23752.0,285.23,30,0,0,51.34
8494,9192.0,23755.0,450.08,0,0,0,81.01
8495,9193.0,23757.0,447.06,0,0,0,80.47
8496,9193.0,23759.0,332.91,0,0,0,59.92
8497,9194.0,23760.0,203.67,30,0,0,36.66
8498,9194.0,23761.0,257.18,0,50,0,46.29
8499,9196.0,23767.0,316.06,30,0,0,56.89
8500,9198.0,23771.0,299.79,0,50,0,53.96
8501,9203.0,23779.0,288.54,30,0,0,51.94
8502,9204.0,23781.0,369.32,0,0,0,66.48
8503,9204.0,23783.0,252.03,0,50,0,45.37
8504,9205.0,23785.0,339.2,0,0,0,61.06
8505,9206.0,23786.0,404.29,0,0,1,72.77
8506,9206.0,23788.0,212.17,30,20,0,38.19
8507,9209.0,23792.0,237.52,30,50,0,42.75
8508,9209.0,23793.0,493.63,0,0,0,88.85
8509,9209.0,23794.0,251.67,0,50,0,45.3
8510,9209.0,23795.0,426.19,0,0,0,76.71
8511,9209.0,23798.0,272.8,30,0,0,49.1
8512,9212.0,23802.0,289.88,30,0,0,52.18
8513,9213.0,23808.0,270.47,30,50,0,48.68
8514,9213.0,23809.0,307.61,30,0,0,55.37
8515,9215.0,23812.0,345.59,0,50,0,62.21
8516,9217.0,23820.0,354.53,0,0,0,63.82
8517,9220.0,23824.0,359.16,0,50,0,64.65
8518,9220.0,23827.0,322.34,0,20,0,58.02
8519,9220.0,23828.0,379.37,0,0,0,68.29
8520,9220.0,23832.0,368.8,0,0,0,66.38
8521,9222.0,23835.0,488.74,0,20,0,87.97
8522,9223.0,23838.0,424.91,0,50,0,76.48
8523,9226.0,23843.0,321.27,0,0,0,57.83
8524,9226.0,23846.0,304.58,0,0,0,54.82
8525,9227.0,23848.0,320.28,0,0,0,57.65
8526,9227.0,23849.0,329.93,0,20,0,59.39
8527,9228.0,23850.0,228.16,30,50,0,41.07
8528,9230.0,23854.0,294.06,0,20,0,52.93
8529,9230.0,23858.0,287.21,30,0,0,51.7
8530,9231.0,23862.0,145.5,30,50,0,26.19
8531,9231.0,23866.0,360.38,0,0,0,64.87
8532,9232.0,23868.0,316.77,0,0,0,57.02
8533,9237.0,23876.0,299.71,30,0,0,53.95
8534,9237.0,23877.0,322.2,30,0,0,58.0
8535,9238.0,23878.0,195.99,30,20,0,35.28
8536,9240.0,23881.0,470.41,0,0,1,84.67
8537,9240.0,23882.0,370.8,0,0,0,66.74
8538,9242.0,23887.0,325.05,30,0,0,58.51
8539,9242.0,23889.0,368.47,0,0,0,66.32
8540,9243.0,23894.0,401.23,0,0,0,72.22
8541,9243.0,23895.0,453.86,0,0,1,81.69
8542,9245.0,23896.0,284.12,0,50,0,51.14
8543,9245.0,23898.0,263.75,30,0,0,47.48
8544,9247.0,23905.0,402.6,0,20,0,72.47
8545,9247.0,23906.0,189.43,30,0,0,34.1
8546,9247.0,23907.0,328.18,0,0,0,59.07
8547,9248.0,23912.0,352.2,0,50,0,63.4
8548,9248.0,23916.0,213.69,30,0,0,38.46
8549,9249.0,23917.0,316.56,30,0,0,56.98
8550,9251.0,23920.0,277.47,30,0,0,49.94
8551,9252.0,23922.0,277.19,30,0,0,49.89
8552,9252.0,23923.0,442.54,0,0,0,79.66
8553,9253.0,23926.0,262.17,30,0,0,47.19
8554,9253.0,23927.0,356.79,0,0,0,64.22
8555,9253.0,23929.0,335.31,0,0,0,60.36
8556,9254.0,23932.0,452.86,0,0,0,81.51
8557,9255.0,23934.0,497.57,0,0,0,89.56
8558,9257.0,23943.0,434.23,0,20,0,78.16
8559,9259.0,23947.0,359.27,0,0,0,64.67
8560,9260.0,23948.0,265.07,30,0,0,47.71
8561,9263.0,23953.0,282.49,30,0,0,50.85
8562,9265.0,23955.0,301.43,30,0,0,54.26
8563,9265.0,23957.0,423.72,0,50,0,76.27
8564,9265.0,23958.0,271.25,30,0,0,48.82
8565,9265.0,23959.0,385.16,0,0,0,69.33
8566,9269.0,23965.0,425.52,0,50,0,76.59
8567,9269.0,23967.0,376.17,0,0,0,67.71
8568,9270.0,23969.0,345.19,0,20,0,62.13
8569,9270.0,23970.0,345.66,0,20,0,62.22
8570,9270.0,23971.0,240.54,30,0,0,43.3
8571,9273.0,23984.0,252.87,30,50,0,45.52
8572,9274.0,23985.0,326.68,0,20,0,58.8
8573,9275.0,23986.0,410.22,0,20,0,73.84
8574,9276.0,23987.0,330.26,0,0,0,59.45
8575,9276.0,23988.0,412.31,0,0,0,74.22
8576,9279.0,23995.0,355.64,0,20,0,64.02
8577,9279.0,23996.0,333.6,0,0,0,60.05
8578,9280.0,23998.0,275.63,30,20,0,49.61
8579,9281.0,24001.0,347.82,0,50,0,62.61
8580,9282.0,24005.0,250.22,30,0,0,45.04
8581,9283.0,24006.0,307.14,0,0,0,55.29
8582,9283.0,24007.0,347.77,0,0,0,62.6
8583,9284.0,24008.0,431.45,0,0,0,77.66
8584,9285.0,24012.0,297.88,0,20,1,53.62
8585,9286.0,24014.0,332.16,0,0,0,59.79
8586,9286.0,24016.0,315.99,0,0,0,56.88
8587,9286.0,24018.0,330.67,0,50,0,59.52
8588,9288.0,24027.0,442.05,0,50,0,79.57
8589,9290.0,24028.0,312.49,0,0,0,56.25
8590,9292.0,24031.0,322.36,0,20,0,58.02
8591,9293.0,24039.0,328.91,0,0,0,59.2
8592,9294.0,24042.0,275.45,30,50,0,49.58
8593,9295.0,24045.0,344.69,0,0,0,62.04
8594,9296.0,24046.0,259.61,0,50,0,46.73
8595,9298.0,24053.0,283.88,30,0,0,51.1
8596,9301.0,24058.0,279.66,0,20,0,50.34
8597,9301.0,24063.0,304.32,30,0,0,54.78
8598,9302.0,24065.0,348.05,0,0,1,62.65
8599,9307.0,24071.0,406.59,0,0,0,73.19
8600,9307.0,24074.0,371.88,0,0,0,66.94
8601,9308.0,24076.0,200.22,30,0,0,36.04
8602,9308.0,24078.0,291.1,30,20,0,52.4
8603,9309.0,24082.0,325.45,0,0,1,58.58
8604,9310.0,24084.0,279.02,0,50,0,50.22
8605,9310.0,24085.0,258.06,30,0,0,46.45
8606,9311.0,24087.0,339.43,0,20,0,61.1
8607,9312.0,24090.0,242.82,30,0,0,43.71
8608,9312.0,24092.0,521.31,0,0,0,93.84
8609,9313.0,24094.0,339.88,0,20,0,61.18
8610,9313.0,24096.0,381.97,0,0,0,68.75
8611,9315.0,24097.0,358.22,0,0,0,64.48
8612,9317.0,24099.0,435.42,0,0,0,78.38
8613,9317.0,24100.0,375.3,0,0,0,67.55
8614,9319.0,24106.0,303.12,30,0,0,54.56
8615,9319.0,24109.0,328.78,30,0,0,59.18
8616,9319.0,24113.0,185.95,30,0,0,33.47
8617,9321.0,24115.0,408.32,0,0,0,73.5
8618,9321.0,24116.0,180.89,30,20,0,32.56
8619,9322.0,24117.0,401.36,0,0,0,72.24
8620,9322.0,24118.0,409.25,0,0,0,73.66
8621,9324.0,24124.0,339.47,0,0,0,61.1
8622,9325.0,24126.0,287.15,30,20,0,51.69
8623,9325.0,24127.0,248.55,30,20,0,44.74
8624,9329.0,24128.0,412.87,0,0,0,74.32
8625,9330.0,24129.0,272.33,30,0,0,49.02
8626,9334.0,24142.0,320.27,0,0,0,57.65
8627,9335.0,24146.0,312.73,0,0,0,56.29
8628,9336.0,24150.0,343.59,0,0,0,61.85
8629,9337.0,24155.0,252.92,30,20,0,45.53
8630,9337.0,24156.0,325.82,0,0,0,58.65
8631,9337.0,24157.0,286.71,0,20,0,51.61
8632,9340.0,24165.0,354.65,0,0,0,63.84
8633,9340.0,24166.0,358.25,0,0,0,64.48
8634,9342.0,24170.0,341.93,0,0,0,61.55
8635,9345.0,24173.0,287.11,30,0,0,51.68
8636,9346.0,24180.0,265.41,30,0,0,47.77
8637,9347.0,24181.0,456.18,0,0,0,82.11
8638,9348.0,24184.0,286.35,30,0,0,51.54
8639,9348.0,24186.0,335.65,0,20,0,60.42
8640,9350.0,24189.0,297.27,30,0,0,53.51
8641,9350.0,24191.0,321.03,0,0,0,57.79
8642,9351.0,24192.0,302.81,30,0,0,54.51
8643,9353.0,24199.0,392.23,0,0,0,70.6
8644,9354.0,24201.0,404.48,0,20,0,72.81
8645,9354.0,24202.0,358.88,0,50,0,64.6
8646,9355.0,24205.0,158.93,30,0,0,28.61
8647,9356.0,24208.0,360.83,0,0,0,64.95
8648,9356.0,24211.0,382.33,0,0,0,68.82
8649,9357.0,24214.0,351.43,0,50,0,63.26
8650,9358.0,24216.0,190.86,30,0,0,34.35
8651,9358.0,24217.0,281.55,30,20,0,50.68
8652,9362.0,24226.0,365.51,0,0,0,65.79
8653,9366.0,24229.0,308.72,30,20,0,55.57
8654,9370.0,24243.0,395.43,0,0,0,71.18
8655,9372.0,24252.0,334.25,0,0,0,60.16
8656,9374.0,24254.0,323.36,0,0,0,58.2
8657,9374.0,24256.0,334.78,0,0,0,60.26
8658,9375.0,24258.0,483.35,0,0,0,87.0
8659,9375.0,24259.0,205.04,30,20,0,36.91
8660,9376.0,24261.0,332.95,0,0,0,59.93
8661,9378.0,24265.0,547.34,0,0,0,98.52
8662,9379.0,24269.0,385.59,0,0,0,69.41
8663,9380.0,24270.0,274.18,30,50,0,49.35
8664,9383.0,24274.0,270.87,30,20,0,48.76
8665,9383.0,24275.0,249.33,0,50,0,44.88
8666,9385.0,24277.0,419.96,0,0,0,75.59
8667,9385.0,24278.0,347.98,0,20,0,62.64
8668,9387.0,24279.0,367.49,0,0,0,66.15
8669,9389.0,24288.0,272.39,30,0,0,49.03
8670,9390.0,24290.0,310.98,0,0,0,55.98
8671,9390.0,24292.0,427.74,0,0,1,76.99
8672,9391.0,24293.0,337.31,0,20,0,60.72
8673,9393.0,24298.0,441.0,0,0,0,79.38
8674,9393.0,24300.0,377.76,0,0,0,68.0
8675,9394.0,24301.0,316.0,0,50,0,56.88
8676,9395.0,24303.0,447.17,0,0,0,80.49
8677,9395.0,24306.0,297.49,0,20,0,53.55
8678,9396.0,24312.0,261.05,30,0,0,46.99
8679,9397.0,24313.0,350.4,0,0,1,63.07
8680,9398.0,24315.0,170.17,30,0,0,30.63
8681,9399.0,24320.0,388.95,0,0,0,70.01
8682,9399.0,24321.0,460.01,0,0,0,82.8
8683,9399.0,24322.0,375.43,0,50,0,67.58
8684,9402.0,24332.0,292.36,30,0,0,52.62
8685,9405.0,24336.0,358.13,0,50,0,64.46
8686,9409.0,24341.0,412.64,0,0,0,74.28
8687,9412.0,24342.0,309.29,0,0,0,55.67
8688,9413.0,24344.0,288.55,30,0,0,51.94
8689,9415.0,24352.0,251.01,0,50,0,45.18
8690,9418.0,24360.0,266.65,30,0,0,48.0
8691,9418.0,24361.0,307.0,30,20,0,55.26
8692,9419.0,24365.0,297.05,30,0,0,53.47
8693,9419.0,24368.0,307.1,0,50,0,55.28
8694,9420.0,24369.0,240.6,30,0,0,43.31
8695,9421.0,24370.0,299.61,30,0,0,53.93
8696,9421.0,24372.0,297.4,0,20,1,53.53
8697,9423.0,24375.0,252.69,0,50,1,45.48
8698,9425.0,24380.0,231.23,30,50,0,41.62
8699,9429.0,24389.0,533.55,0,0,0,96.04
8700,9429.0,24393.0,306.87,30,0,0,55.24
8701,9430.0,24394.0,307.72,0,50,0,55.39
8702,9433.0,24403.0,367.79,0,0,0,66.2
8703,9437.0,24407.0,365.37,0,0,0,65.77
8704,9437.0,24410.0,321.78,0,0,0,57.92
8705,9439.0,24417.0,251.78,30,0,0,45.32
8706,9440.0,24424.0,387.91,0,0,0,69.82
8707,9441.0,24426.0,344.11,0,50,1,61.94
8708,9445.0,24433.0,340.9,0,20,0,61.36
8709,9446.0,24434.0,198.97,30,20,0,35.81
8710,9448.0,24439.0,284.93,0,20,0,51.29
8711,9448.0,24440.0,371.16,0,0,0,66.81
8712,9448.0,24442.0,80.0,30,0,0,14.4
8713,9448.0,24443.0,348.28,0,0,0,62.69
8714,9449.0,24444.0,194.47,30,20,0,35.0
8715,9450.0,24446.0,332.37,0,0,0,59.83
8716,9451.0,24448.0,290.89,0,50,0,52.36
8717,9451.0,24449.0,418.29,0,0,0,75.29
8718,9452.0,24451.0,233.0,30,50,0,41.94
8719,9452.0,24452.0,378.7,0,0,0,68.17
8720,9452.0,24453.0,256.99,30,20,0,46.26
8721,9452.0,24454.0,411.78,0,0,0,74.12
8722,9452.0,24455.0,448.68,0,0,0,80.76
8723,9453.0,24456.0,192.68,30,50,0,34.68
8724,9454.0,24458.0,314.91,30,0,0,56.68
8725,9454.0,24461.0,352.95,0,0,0,63.53
8726,9455.0,24464.0,269.78,30,50,0,48.56
8727,9457.0,24468.0,324.2,0,0,0,58.36
8728,9458.0,24471.0,299.08,30,20,0,53.83
8729,9459.0,24475.0,351.31,0,0,0,63.24
8730,9460.0,24477.0,247.26,30,0,0,44.51
8731,9460.0,24478.0,309.61,0,0,0,55.73
8732,9461.0,24483.0,312.93,0,0,0,56.33
8733,9463.0,24487.0,393.32,0,0,0,70.8
8734,9465.0,24491.0,390.87,0,20,0,70.36
8735,9467.0,24498.0,311.83,30,0,0,56.13
8736,9467.0,24499.0,335.85,0,0,0,60.45
8737,9467.0,24501.0,442.53,0,20,0,79.66
8738,9468.0,24506.0,303.25,0,0,0,54.58
8739,9468.0,24507.0,219.95,30,20,0,39.59
8740,9469.0,24509.0,363.94,0,0,0,65.51
8741,9469.0,24510.0,283.76,30,20,0,51.08
8742,9469.0,24512.0,385.98,0,0,0,69.48
8743,9470.0,24513.0,325.06,30,0,0,58.51
8744,9472.0,24516.0,272.96,30,50,0,49.13
8745,9473.0,24520.0,296.03,30,0,0,53.29
8746,9473.0,24522.0,410.06,0,0,0,73.81
8747,9473.0,24523.0,348.43,0,0,0,62.72
8748,9473.0,24524.0,296.83,30,0,0,53.43
8749,9474.0,24525.0,361.35,0,20,0,65.04
8750,9475.0,24530.0,304.98,30,0,0,54.9
8751,9475.0,24531.0,349.02,0,50,0,62.82
8752,9477.0,24533.0,278.31,0,50,0,50.1
8753,9477.0,24534.0,309.57,30,0,0,55.72
8754,9477.0,24536.0,367.31,0,0,0,66.12
8755,9480.0,24551.0,540.65,0,0,0,97.32
8756,9487.0,24560.0,344.95,0,20,0,62.09
8757,9487.0,24561.0,273.96,30,50,0,49.31
8758,9491.0,24566.0,377.36,0,20,0,67.92
8759,9491.0,24567.0,246.4,30,50,0,44.35
8760,9492.0,24568.0,309.16,0,50,0,55.65
8761,9492.0,24569.0,403.14,0,0,0,72.57
8762,9494.0,24572.0,327.99,30,0,0,59.04
8763,9494.0,24575.0,253.37,0,50,0,45.61
8764,9495.0,24576.0,310.2,0,0,0,55.84
8765,9497.0,24577.0,336.01,0,0,0,60.48
8766,9499.0,24578.0,139.8,30,0,0,25.16
8767,9500.0,24579.0,379.36,0,20,0,68.28
8768,9500.0,24581.0,283.67,0,20,0,51.06
8769,9500.0,24582.0,327.07,0,0,0,58.87
8770,9501.0,24584.0,365.89,0,0,0,65.86
8771,9502.0,24586.0,247.64,30,0,0,44.58
8772,9504.0,24589.0,319.56,0,0,0,57.52
8773,9504.0,24591.0,328.52,0,50,0,59.13
8774,9507.0,24595.0,336.08,0,20,0,60.49
8775,9507.0,24596.0,308.32,30,0,0,55.5
8776,9508.0,24597.0,525.59,0,0,0,94.61
8777,9512.0,24602.0,296.19,0,20,0,53.31
8778,9512.0,24603.0,308.92,0,50,0,55.61
8779,9512.0,24607.0,251.16,30,0,0,45.21
8780,9512.0,24608.0,330.71,0,0,0,59.53
8781,9513.0,24609.0,238.13,30,20,0,42.86
8782,9517.0,24618.0,308.96,0,50,0,55.61
8783,9518.0,24620.0,294.81,30,0,1,53.07
8784,9518.0,24622.0,320.5,0,0,0,57.69
8785,9519.0,24625.0,328.63,0,50,0,59.15
8786,9519.0,24628.0,503.49,0,0,0,90.63
8787,9519.0,24629.0,394.3,0,50,0,70.97
8788,9519.0,24630.0,494.09,0,0,0,88.94
8789,9522.0,24634.0,311.98,30,0,0,56.16
8790,9524.0,24636.0,216.78,30,0,0,39.02
8791,9524.0,24638.0,335.24,0,20,0,60.34
8792,9527.0,24649.0,243.07,30,20,0,43.75
8793,9528.0,24651.0,388.21,0,0,0,69.88
8794,9530.0,24655.0,332.61,0,0,0,59.87
8795,9531.0,24659.0,357.93,0,0,0,64.43
8796,9531.0,24663.0,268.54,30,0,1,48.34
8797,9532.0,24665.0,438.19,0,0,1,78.87
8798,9532.0,24666.0,348.77,0,20,0,62.78
8799,9534.0,24671.0,210.6,30,50,0,37.91
8800,9535.0,24672.0,411.55,0,0,0,74.08
8801,9537.0,24673.0,474.96,0,50,0,85.49
8802,9538.0,24676.0,267.81,0,50,0,48.21
8803,9539.0,24678.0,291.2,0,20,1,52.42
8804,9540.0,24684.0,332.48,0,20,0,59.85
8805,9541.0,24689.0,472.9,0,0,0,85.12
8806,9542.0,24694.0,271.18,0,50,0,48.81
8807,9545.0,24702.0,416.64,0,20,0,75.0
8808,9545.0,24703.0,455.11,0,20,0,81.92
8809,9549.0,24714.0,329.21,0,0,0,59.26
8810,9549.0,24716.0,191.0,30,0,0,34.38
8811,9550.0,24719.0,306.91,0,0,0,55.24
8812,9550.0,24720.0,295.13,0,50,1,53.12
8813,9551.0,24722.0,250.01,0,50,0,45.0
8814,9554.0,24726.0,319.32,0,0,0,57.48
8815,9556.0,24730.0,351.75,0,0,0,63.32
8816,9558.0,24739.0,458.41,0,20,0,82.51
8817,9558.0,24740.0,291.18,30,0,1,52.41
8818,9559.0,24742.0,313.06,0,20,0,56.35
8819,9560.0,24743.0,367.33,0,50,0,66.12
8820,9560.0,24748.0,422.59,0,0,1,76.07
8821,9563.0,24756.0,394.94,0,50,0,71.09
8822,9566.0,24762.0,272.17,30,20,0,48.99
8823,9566.0,24763.0,153.79,30,50,0,27.68
8824,9566.0,24764.0,267.85,30,20,1,48.21
8825,9567.0,24768.0,361.07,0,0,0,64.99
8826,9567.0,24769.0,373.93,0,0,0,67.31
8827,9568.0,24773.0,345.14,0,20,0,62.13
8828,9570.0,24777.0,376.17,0,0,0,67.71
8829,9571.0,24779.0,380.08,0,20,0,68.41
8830,9574.0,24785.0,379.29,0,50,0,68.27
8831,9574.0,24789.0,323.81,0,0,0,58.29
8832,9574.0,24791.0,285.44,0,20,0,51.38
8833,9575.0,24793.0,314.26,30,0,0,56.57
8834,9576.0,24794.0,344.72,0,0,0,62.05
8835,9576.0,24796.0,246.05,30,20,0,44.29
8836,9578.0,24802.0,336.2,0,50,0,60.52
8837,9580.0,24803.0,424.38,0,20,0,76.39
8838,9581.0,24805.0,191.67,30,0,0,34.5
8839,9581.0,24806.0,362.15,0,0,0,65.19
8840,9585.0,24812.0,345.12,0,0,0,62.12
8841,9586.0,24815.0,228.96,30,20,0,41.21
8842,9587.0,24818.0,296.06,30,20,0,53.29
8843,9588.0,24822.0,285.93,0,20,0,51.47
8844,9590.0,24823.0,311.15,0,50,0,56.01
8845,9590.0,24824.0,467.03,0,0,0,84.07
8846,9590.0,24826.0,412.47,0,50,0,74.24
8847,9590.0,24828.0,289.87,30,0,0,52.18
8848,9592.0,24834.0,265.87,30,0,0,47.86
8849,9594.0,24837.0,69.95,30,50,0,12.59
8850,9597.0,24848.0,314.37,0,20,0,56.59
8851,9598.0,24850.0,275.09,30,50,0,49.52
8852,9601.0,24852.0,424.8,0,0,0,76.46
8853,9604.0,24859.0,473.12,0,0,0,85.16
8854,9604.0,24862.0,538.45,0,0,0,96.92
8855,9604.0,24864.0,272.75,30,0,0,49.1
8856,9604.0,24865.0,389.62,0,0,0,70.13
8857,9604.0,24866.0,407.94,0,0,0,73.43
8858,9606.0,24870.0,227.59,30,0,0,40.97
8859,9606.0,24871.0,291.38,0,50,0,52.45
8860,9611.0,24875.0,314.42,0,0,0,56.6
8861,9611.0,24878.0,310.37,0,50,0,55.87
8862,9616.0,24885.0,314.17,30,0,0,56.55
8863,9617.0,24888.0,302.55,0,50,0,54.46
8864,9617.0,24889.0,319.52,30,0,1,57.51
8865,9618.0,24891.0,272.49,30,50,0,49.05
8866,9619.0,24894.0,297.65,0,50,0,53.58
8867,9619.0,24895.0,309.0,0,0,0,55.62
8868,9626.0,24906.0,218.66,30,0,0,39.36
8869,9626.0,24907.0,184.37,30,0,0,33.19
8870,9627.0,24909.0,346.58,0,0,0,62.38
8871,9628.0,24913.0,381.5,0,0,0,68.67
8872,9630.0,24917.0,548.76,0,0,0,98.78
8873,9632.0,24921.0,314.69,30,0,0,56.64
8874,9633.0,24924.0,339.97,0,50,0,61.19
8875,9635.0,24929.0,203.39,30,0,0,36.61
8876,9636.0,24934.0,365.84,0,0,0,65.85
8877,9636.0,24935.0,260.58,30,0,0,46.9
8878,9636.0,24937.0,419.81,0,0,1,75.57
8879,9636.0,24938.0,322.58,0,20,1,58.06
8880,9638.0,24940.0,326.15,30,0,0,58.71
8881,9638.0,24941.0,249.59,30,20,0,44.93
8882,9639.0,24945.0,289.91,0,20,0,52.18
8883,9640.0,24947.0,303.03,0,0,0,54.55
8884,9643.0,24955.0,339.42,0,20,0,61.1
8885,9644.0,24960.0,318.89,0,20,0,57.4
8886,9645.0,24962.0,311.17,0,50,0,56.01
8887,9645.0,24963.0,253.56,0,50,0,45.64
8888,9645.0,24964.0,406.86,0,0,0,73.23
8889,9647.0,24971.0,402.22,0,0,0,72.4
8890,9649.0,24973.0,254.19,0,50,0,45.75
8891,9649.0,24975.0,315.89,0,0,0,56.86
8892,9649.0,24976.0,263.59,30,50,0,47.45
8893,9650.0,24980.0,398.83,0,0,0,71.79
8894,9651.0,24983.0,313.84,30,0,0,56.49
8895,9652.0,24987.0,285.46,30,0,0,51.38
8896,9653.0,24988.0,397.06,0,0,0,71.47
8897,9653.0,24989.0,467.09,0,0,0,84.08
8898,9653.0,24990.0,305.86,30,0,0,55.05
8899,9653.0,24991.0,356.17,0,0,0,64.11
8900,9655.0,24996.0,313.6,30,0,0,56.45
8901,9655.0,24997.0,403.65,0,0,0,72.66
8902,9655.0,24999.0,361.32,0,20,0,65.04
8903,9656.0,25002.0,329.75,0,50,0,59.36
8904,9658.0,25004.0,375.56,0,50,0,67.6
8905,9658.0,25007.0,250.77,30,0,0,45.14
8906,9659.0,25008.0,245.24,30,50,1,44.14
8907,9660.0,25013.0,388.52,0,20,0,69.93
8908,9661.0,25016.0,158.8,30,20,0,28.58
8909,9663.0,25020.0,226.51,30,0,0,40.77
8910,9664.0,25022.0,284.52,30,20,0,51.21
8911,9664.0,25024.0,360.77,0,0,0,64.94
8912,9666.0,25026.0,291.15,30,0,0,52.41
8913,9666.0,25027.0,381.87,0,0,0,68.74
8914,9667.0,25028.0,238.2,30,0,0,42.88
8915,9667.0,25030.0,217.93,30,0,0,39.23
8916,9667.0,25032.0,279.69,30,0,0,50.34
8917,9667.0,25033.0,316.02,30,0,0,56.88
8918,9668.0,25034.0,267.52,30,20,0,48.15
8919,9669.0,25037.0,339.59,0,20,0,61.13
8920,9670.0,25038.0,288.78,30,0,0,51.98
8921,9673.0,25046.0,290.37,0,20,0,52.27
8922,9673.0,25050.0,366.74,0,20,0,66.01
8923,9675.0,25055.0,278.5,30,0,0,50.13
8924,9675.0,25057.0,316.43,30,0,0,56.96
8925,9676.0,25060.0,445.53,0,0,0,80.2
8926,9677.0,25064.0,382.05,0,0,0,68.77
8927,9677.0,25065.0,275.6,30,0,0,49.61
8928,9678.0,25066.0,339.07,0,0,0,61.03
8929,9679.0,25071.0,244.6,30,50,0,44.03
8930,9682.0,25078.0,344.61,0,50,0,62.03
8931,9683.0,25080.0,290.14,30,0,0,52.23
8932,9683.0,25081.0,284.99,30,20,0,51.3
8933,9685.0,25083.0,338.59,0,0,0,60.95
8934,9685.0,25084.0,380.36,0,0,0,68.46
8935,9688.0,25088.0,272.39,0,50,0,49.03
8936,9688.0,25091.0,230.63,30,50,0,41.51
8937,9690.0,25096.0,347.57,0,0,0,62.56
8938,9690.0,25097.0,309.51,30,0,0,55.71
8939,9692.0,25099.0,358.76,0,20,0,64.58
8940,9692.0,25100.0,271.52,30,20,0,48.87
8941,9693.0,25102.0,146.68,30,0,0,26.4
8942,9693.0,25104.0,365.77,0,0,0,65.84
8943,9694.0,25107.0,426.11,0,0,0,76.7
8944,9694.0,25110.0,451.04,0,0,0,81.19
8945,9699.0,25121.0,373.3,0,20,0,67.19
8946,9702.0,25125.0,256.61,30,50,0,46.19
8947,9706.0,25128.0,315.69,30,0,0,56.82
8948,9707.0,25131.0,303.92,30,20,0,54.71
8949,9707.0,25132.0,285.56,0,50,0,51.4
8950,9708.0,25135.0,321.63,0,20,0,57.89
8951,9708.0,25136.0,315.37,30,0,0,56.77
8952,9709.0,25139.0,284.53,30,0,0,51.22
8953,9709.0,25140.0,297.78,0,20,0,53.6
8954,9709.0,25141.0,367.99,0,0,1,66.24
8955,9710.0,25142.0,407.14,0,0,0,73.29
8956,9710.0,25143.0,220.01,30,0,0,39.6
8957,9710.0,25144.0,302.69,30,20,0,54.48
8958,9710.0,25146.0,338.92,0,0,0,61.01
8959,9715.0,25157.0,324.34,30,0,0,58.38
8960,9716.0,25158.0,366.34,0,20,0,65.94
8961,9717.0,25161.0,292.28,30,0,0,52.61
8962,9717.0,25162.0,333.23,0,0,0,59.98
8963,9718.0,25163.0,349.04,0,0,0,62.83
8964,9718.0,25164.0,450.16,0,0,0,81.03
8965,9718.0,25165.0,300.78,0,20,0,54.14
8966,9720.0,25169.0,214.08,30,50,0,38.53
8967,9721.0,25171.0,364.32,0,20,0,65.58
8968,9724.0,25178.0,362.12,0,20,0,65.18
8969,9726.0,25180.0,328.9,30,0,0,59.2
8970,9726.0,25181.0,307.68,0,50,0,55.38
8971,9727.0,25183.0,372.58,0,0,0,67.06
8972,9731.0,25188.0,386.89,0,0,0,69.64
8973,9733.0,25191.0,372.66,0,20,1,67.08
8974,9733.0,25192.0,362.64,0,0,0,65.28
8975,9733.0,25193.0,338.87,0,0,0,61.0
8976,9735.0,25198.0,191.0,30,50,0,34.38
8977,9735.0,25199.0,262.26,30,0,0,47.21
8978,9736.0,25200.0,352.13,0,0,0,63.38
8979,9738.0,25201.0,295.11,30,0,0,53.12
8980,9739.0,25203.0,388.15,0,20,0,69.87
8981,9740.0,25205.0,327.24,0,0,0,58.9
8982,9740.0,25206.0,383.73,0,0,0,69.07
8983,9740.0,25207.0,419.48,0,50,0,75.51
8984,9740.0,25208.0,198.71,30,20,0,35.77
8985,9740.0,25209.0,322.59,0,0,0,58.07
8986,9741.0,25212.0,362.54,0,50,0,65.26
8987,9742.0,25214.0,285.74,30,0,0,51.43
8988,9743.0,25218.0,322.04,0,0,0,57.97
8989,9749.0,25228.0,293.49,30,0,0,52.83
8990,9749.0,25230.0,313.26,30,0,0,56.39
8991,9750.0,25235.0,336.84,0,50,0,60.63
8992,9751.0,25236.0,346.95,0,0,0,62.45
8993,9752.0,25238.0,285.44,0,20,0,51.38
8994,9752.0,25240.0,375.98,0,50,0,67.68
8995,9753.0,25242.0,145.34,30,20,0,26.16
8996,9754.0,25244.0,322.1,0,50,0,57.98
8997,9754.0,25247.0,295.15,0,20,0,53.13
8998,9755.0,25250.0,510.71,0,0,0,91.93
8999,9757.0,25251.0,306.45,30,0,0,55.16
9000,9757.0,25252.0,381.29,0,0,0,68.63
9001,9758.0,25255.0,287.76,0,50,0,51.8
9002,9758.0,25256.0,171.47,30,0,1,30.86
9003,9761.0,25267.0,314.38,0,0,0,56.59
9004,9762.0,25270.0,343.76,0,0,0,61.88
9005,9762.0,25271.0,294.11,0,50,0,52.94
9006,9762.0,25272.0,80.0,30,0,0,14.4
9007,9763.0,25273.0,263.84,30,0,0,47.49
9008,9764.0,25274.0,367.07,0,20,0,66.07
9009,9764.0,25276.0,283.79,0,50,0,51.08
9010,9766.0,25278.0,359.72,0,50,0,64.75
9011,9766.0,25280.0,325.48,30,0,0,58.59
9012,9766.0,25281.0,560.38,0,0,0,100.87
9013,9767.0,25282.0,450.0,0,0,1,81.0
9014,9770.0,25290.0,577.09,0,0,0,103.88
9015,9773.0,25295.0,292.38,0,50,0,52.63
9016,9773.0,25296.0,311.02,0,0,0,55.98
9017,9775.0,25300.0,343.32,0,0,0,61.8
9018,9775.0,25301.0,350.5,0,0,0,63.09
9019,9777.0,25304.0,478.21,0,0,0,86.08
9020,9777.0,25306.0,359.07,0,0,0,64.63
9021,9777.0,25309.0,50.0,30,50,0,9.0
9022,9777.0,25310.0,414.69,0,0,0,74.64
9023,9778.0,25312.0,310.94,0,20,0,55.97
9024,9780.0,25317.0,438.93,0,0,0,79.01
9025,9783.0,25322.0,349.9,0,20,0,62.98
9026,9785.0,25326.0,425.85,0,0,0,76.65
9027,9785.0,25329.0,460.82,0,0,0,82.95
9028,9786.0,25330.0,393.26,0,0,0,70.79
9029,9786.0,25332.0,274.32,30,20,0,49.38
9030,9786.0,25334.0,273.66,30,50,0,49.26
9031,9787.0,25335.0,423.41,0,0,0,76.21
9032,9789.0,25338.0,317.35,0,0,0,57.12
9033,9791.0,25343.0,280.35,30,20,0,50.46
9034,9792.0,25346.0,358.97,0,50,0,64.61
9035,9793.0,25349.0,234.63,30,0,0,42.23
9036,9793.0,25350.0,334.74,0,0,1,60.25
9037,9796.0,25359.0,306.64,30,0,0,55.2
9038,9799.0,25363.0,413.92,0,0,0,74.51
9039,9799.0,25364.0,338.66,0,20,0,60.96
9040,9799.0,25365.0,433.13,0,50,0,77.96
9041,9800.0,25367.0,370.67,0,0,0,66.72
9042,9800.0,25369.0,308.19,0,0,0,55.47
9043,9801.0,25371.0,304.46,30,0,0,54.8
9044,9803.0,25380.0,254.44,0,50,0,45.8
9045,9804.0,25382.0,321.08,0,20,0,57.79
9046,9806.0,25390.0,276.56,30,0,0,49.78
9047,9808.0,25396.0,341.8,0,50,0,61.52
9048,9810.0,25401.0,305.62,0,0,0,55.01
9049,9811.0,25402.0,214.83,30,50,0,38.67
9050,9811.0,25404.0,404.91,0,0,0,72.88
9051,9812.0,25408.0,323.62,0,0,0,58.25
9052,9813.0,25409.0,382.05,0,50,0,68.77
9053,9814.0,25411.0,313.28,0,50,0,56.39
9054,9817.0,25414.0,291.95,30,0,0,52.55
9055,9817.0,25416.0,389.53,0,0,0,70.12
9056,9817.0,25418.0,242.83,30,0,0,43.71
9057,9818.0,25423.0,228.0,30,20,0,41.04
9058,9818.0,25424.0,477.46,0,0,0,85.94
9059,9821.0,25431.0,286.84,0,50,0,51.63
9060,9822.0,25434.0,315.72,0,50,0,56.83
9061,9822.0,25435.0,183.6,30,20,1,33.05
9062,9823.0,25438.0,234.78,30,20,0,42.26
9063,9823.0,25441.0,270.43,30,20,0,48.68
9064,9824.0,25445.0,301.14,0,0,0,54.21
9065,9828.0,25451.0,366.33,0,20,0,65.94
9066,9828.0,25453.0,215.83,30,20,0,38.85
9067,9829.0,25455.0,283.7,30,20,0,51.07
9068,9829.0,25457.0,294.04,30,20,0,52.93
9069,9830.0,25458.0,429.24,0,0,0,77.26
9070,9832.0,25462.0,283.14,30,20,0,50.97
9071,9832.0,25463.0,324.34,0,20,0,58.38
9072,9833.0,25466.0,338.3,0,20,0,60.89
9073,9833.0,25467.0,409.22,0,0,0,73.66
9074,9834.0,25469.0,303.19,0,0,0,54.57
9075,9835.0,25470.0,176.26,30,50,0,31.73
9076,9835.0,25471.0,225.95,30,50,0,40.67
9077,9835.0,25474.0,214.73,30,20,0,38.65
9078,9836.0,25476.0,277.39,30,50,0,49.93
9079,9837.0,25478.0,299.11,0,0,0,53.84
9080,9838.0,25484.0,357.6,0,0,0,64.37
9081,9839.0,25487.0,350.51,0,0,0,63.09
9082,9840.0,25490.0,410.65,0,50,1,73.92
9083,9842.0,25495.0,380.23,0,0,0,68.44
9084,9842.0,25498.0,428.81,0,20,0,77.19
9085,9843.0,25501.0,325.66,30,0,0,58.62
9086,9843.0,25502.0,268.32,30,50,0,48.3
9087,9844.0,25507.0,299.12,30,0,0,53.84
9088,9845.0,25510.0,445.63,0,0,0,80.21
9089,9846.0,25511.0,246.91,30,0,0,44.44
9090,9847.0,25514.0,356.22,0,0,0,64.12
9091,9847.0,25515.0,224.76,30,0,0,40.46
9092,9847.0,25516.0,233.9,30,0,0,42.1
9093,9847.0,25517.0,353.33,0,0,0,63.6
9094,9847.0,25518.0,313.62,30,0,0,56.45
9095,9851.0,25526.0,266.18,30,0,0,47.91
9096,9851.0,25527.0,217.38,30,0,0,39.13
9097,9852.0,25528.0,370.29,0,20,0,66.65
9098,9852.0,25530.0,470.05,0,20,0,84.61
9099,9853.0,25533.0,303.49,0,0,0,54.63
9100,9854.0,25538.0,332.55,0,0,0,59.86
9101,9854.0,25540.0,343.13,0,0,0,61.76
9102,9854.0,25541.0,302.49,30,0,0,54.45
9103,9855.0,25543.0,244.64,30,20,0,44.04
9104,9855.0,25545.0,393.2,0,0,0,70.78
9105,9856.0,25546.0,248.13,30,20,0,44.66
9106,9859.0,25550.0,249.48,0,50,0,44.91
9107,9859.0,25551.0,324.47,0,50,0,58.4
9108,9862.0,25559.0,191.35,30,0,0,34.44
9109,9863.0,25561.0,177.19,30,0,0,31.89
9110,9863.0,25563.0,311.05,30,0,0,55.99
9111,9866.0,25568.0,202.86,30,50,0,36.51
9112,9866.0,25571.0,406.95,0,50,0,73.25
9113,9868.0,25576.0,288.63,30,0,0,51.95
9114,9869.0,25577.0,60.0,30,20,0,10.8
9115,9869.0,25580.0,269.77,0,50,0,48.56
9116,9870.0,25581.0,459.31,0,0,0,82.68
9117,9871.0,25583.0,261.57,30,0,0,47.08
9118,9871.0,25584.0,349.27,0,0,0,62.87
9119,9872.0,25586.0,131.54,30,20,0,23.68
9120,9872.0,25587.0,308.48,30,0,0,55.53
9121,9874.0,25589.0,326.32,0,20,0,58.74
9122,9874.0,25591.0,326.15,0,0,0,58.71
9123,9875.0,25592.0,390.62,0,0,0,70.31
9124,9875.0,25595.0,227.95,30,0,0,41.03
9125,9878.0,25602.0,320.73,0,0,0,57.73
9126,9878.0,25603.0,253.97,30,0,0,45.71
9127,9879.0,25607.0,418.38,0,0,0,75.31
9128,9881.0,25611.0,326.13,0,50,0,58.7
9129,9884.0,25619.0,199.59,30,50,0,35.93
9130,9885.0,25620.0,321.8,0,0,0,57.92
9131,9886.0,25625.0,245.3,30,0,0,44.15
9132,9886.0,25626.0,283.61,0,50,0,51.05
9133,9887.0,25629.0,260.07,0,50,0,46.81
9134,9887.0,25630.0,173.42,30,0,0,31.22
9135,9888.0,25632.0,466.21,0,0,0,83.92
9136,9889.0,25634.0,141.18,30,20,0,25.41
9137,9889.0,25635.0,334.53,0,20,0,60.22
9138,9890.0,25640.0,357.47,0,0,0,64.34
9139,9892.0,25643.0,220.01,30,50,0,39.6
9140,9893.0,25647.0,250.13,30,0,0,45.02
9141,9894.0,25649.0,302.31,0,50,0,54.42
9142,9895.0,25653.0,320.81,0,0,1,57.75
9143,9897.0,25658.0,243.92,30,0,0,43.91
9144,9898.0,25659.0,269.03,30,0,0,48.43
9145,9899.0,25661.0,293.38,0,50,0,52.81
9146,9902.0,25664.0,375.02,0,0,0,67.5
9147,9902.0,25665.0,326.98,0,0,0,58.86
9148,9909.0,25675.0,323.39,0,20,0,58.21
9149,9909.0,25677.0,350.95,0,20,0,63.17
9150,9910.0,25679.0,304.09,0,50,0,54.74
9151,9912.0,25687.0,242.47,30,50,0,43.64
9152,9912.0,25689.0,375.95,0,0,0,67.67
9153,9912.0,25690.0,206.43,30,20,0,37.16
9154,9913.0,25698.0,462.86,0,50,0,83.31
9155,9914.0,25699.0,317.92,30,0,0,57.23
9156,9914.0,25700.0,309.7,30,0,0,55.75
9157,9915.0,25706.0,199.68,30,0,0,35.94
9158,9917.0,25710.0,278.34,30,20,0,50.1
9159,9917.0,25711.0,332.73,0,50,1,59.89
9160,9917.0,25713.0,222.3,30,50,0,40.01
9161,9918.0,25715.0,178.35,30,0,0,32.1
9162,9919.0,25716.0,200.22,30,50,0,36.04
9163,9919.0,25718.0,279.76,0,50,0,50.36
9164,9921.0,25722.0,323.08,0,0,0,58.15
9165,9922.0,25723.0,184.65,30,0,0,33.24
9166,9925.0,25728.0,275.15,30,0,0,49.53
9167,9927.0,25734.0,258.09,0,50,0,46.46
9168,9928.0,25735.0,195.97,30,0,0,35.27
9169,9928.0,25736.0,415.73,0,0,0,74.83
9170,9928.0,25739.0,291.14,0,20,0,52.41
9171,9931.0,25744.0,441.11,0,0,1,79.4
9172,9931.0,25745.0,256.32,30,20,0,46.14
9173,9932.0,25751.0,374.04,0,0,0,67.33
9174,9933.0,25753.0,147.6,30,0,0,26.57
9175,9933.0,25754.0,356.86,0,0,0,64.23
9176,9933.0,25756.0,328.52,30,0,0,59.13
9177,9934.0,25757.0,257.02,30,50,0,46.26
9178,9934.0,25758.0,363.13,0,50,0,65.36
9179,9937.0,25762.0,397.78,0,0,1,71.6
9180,9938.0,25766.0,302.76,0,0,0,54.5
9181,9939.0,25769.0,431.46,0,0,0,77.66
9182,9939.0,25771.0,276.48,0,50,0,49.77
9183,9941.0,25774.0,104.3,30,20,0,18.77
9184,9941.0,25775.0,267.91,30,0,0,48.22
9185,9943.0,25779.0,493.33,0,0,0,88.8
9186,9943.0,25780.0,367.61,0,0,0,66.17
9187,9943.0,25781.0,383.04,0,20,0,68.95
9188,9944.0,25782.0,231.19,30,0,0,41.61
9189,9944.0,25784.0,326.68,30,0,0,58.8
9190,9953.0,25796.0,479.15,0,0,0,86.25
9191,9953.0,25797.0,362.08,0,0,0,65.17
9192,9954.0,25799.0,372.36,0,0,0,67.02
9193,9955.0,25803.0,302.52,0,20,0,54.45
9194,9955.0,25804.0,298.5,0,50,0,53.73
9195,9957.0,25805.0,508.57,0,20,1,91.54
9196,9958.0,25806.0,298.56,30,20,0,53.74
9197,9958.0,25807.0,365.38,0,0,0,65.77
9198,9958.0,25810.0,392.16,0,0,0,70.59
9199,9961.0,25818.0,330.22,0,0,0,59.44
9200,9962.0,25821.0,281.62,30,0,0,50.69
9201,9963.0,25823.0,145.94,30,0,0,26.27
9202,9963.0,25824.0,392.68,0,0,0,70.68
9203,9964.0,25826.0,460.56,0,0,0,82.9
9204,9966.0,25829.0,399.35,0,20,0,71.88
9205,9967.0,25830.0,463.82,0,0,0,83.49
9206,9967.0,25831.0,269.94,0,50,0,48.59
9207,9969.0,25832.0,286.1,30,0,1,51.5
9208,9970.0,25834.0,241.53,30,0,0,43.48
9209,9971.0,25835.0,240.74,30,0,0,43.33
9210,9972.0,25837.0,420.58,0,0,0,75.7
9211,9972.0,25842.0,406.41,0,20,0,73.15
9212,9972.0,25843.0,308.71,0,0,0,55.57
9213,9975.0,25850.0,200.89,30,0,0,36.16
9214,9976.0,25854.0,255.05,30,20,0,45.91
9215,9976.0,25855.0,171.53,30,20,0,30.88
9216,9978.0,25856.0,308.19,0,50,0,55.47
9217,9978.0,25858.0,332.24,0,20,0,59.8
9218,9979.0,25860.0,355.81,0,0,0,64.05
9219,9980.0,25862.0,262.65,0,50,0,47.28
9220,9980.0,25864.0,402.96,0,0,0,72.53
9221,9982.0,25870.0,441.29,0,50,0,79.43
9222,9982.0,25871.0,290.19,30,0,0,52.23
9223,9982.0,25872.0,459.91,0,0,0,82.78
9224,9983.0,25873.0,321.91,30,0,0,57.94
9225,9985.0,25876.0,154.99,30,50,0,27.9
9226,9987.0,25883.0,232.44,30,20,0,41.84
9227,9987.0,25884.0,290.3,30,0,0,52.25
9228,9988.0,25890.0,202.68,30,0,0,36.48
9229,9989.0,25891.0,333.45,0,20,0,60.02
9230,9994.0,25896.0,249.64,30,20,0,44.94
9231,9994.0,25898.0,349.55,0,0,0,62.92
9232,9995.0,25900.0,410.58,0,0,0,73.9
9233,9997.0,25905.0,500.92,0,0,0,90.17
9234,9998.0,25908.0,392.61,0,0,0,70.67
9235,9998.0,25911.0,366.21,0,0,0,65.92
