checkout_id,cart_id,user_id,checkout_started,completed_checkout
1,1,1,1,1
2,2,1,1,1
3,3,1,1,0
4,4,1,1,0
5,5,1,1,0
6,6,1,1,1
7,7,1,1,0
8,9,2,1,1
9,10,2,1,0
10,11,2,1,0
11,13,2,1,1
12,14,3,1,1
13,15,3,1,0
14,19,4,1,1
15,20,4,1,0
16,21,4,1,0
17,22,6,1,0
18,23,6,1,1
19,24,6,1,1
20,25,6,1,1
21,27,6,1,0
22,28,6,1,0
23,29,6,1,0
24,32,7,1,1
25,33,8,1,1
26,34,9,1,0
27,35,10,1,1
28,36,10,1,1
29,37,10,1,0
30,38,11,1,0
31,40,12,1,0
32,41,12,1,1
33,42,12,1,1
34,44,12,1,0
35,45,12,1,0
36,46,13,1,1
37,48,13,1,0
38,50,13,1,0
39,51,14,1,1
40,52,14,1,0
41,53,14,1,0
42,54,14,1,0
43,55,17,1,0
44,56,17,1,0
45,58,18,1,0
46,59,19,1,0
47,60,20,1,1
48,61,20,1,0
49,62,21,1,0
50,63,21,1,1
51,64,21,1,0
52,65,21,1,1
53,66,21,1,0
54,67,21,1,0
55,68,21,1,0
56,69,21,1,0
57,71,21,1,0
58,73,22,1,1
59,74,22,1,1
60,75,22,1,1
61,76,22,1,0
62,77,22,1,0
63,78,24,1,1
64,79,24,1,0
65,80,24,1,1
66,81,24,1,0
67,83,24,1,0
68,85,24,1,0
69,86,24,1,0
70,88,25,1,1
71,90,26,1,0
72,91,26,1,0
73,92,27,1,1
74,96,27,1,0
75,97,27,1,0
76,100,28,1,1
77,102,28,1,1
78,103,28,1,1
79,104,29,1,0
80,105,30,1,0
81,109,32,1,0
82,110,32,1,1
83,111,33,1,0
84,112,33,1,0
85,113,33,1,1
86,117,34,1,0
87,118,34,1,1
88,119,34,1,1
89,120,34,1,0
90,122,35,1,1
91,123,35,1,0
92,124,35,1,1
93,125,35,1,0
94,126,36,1,1
95,127,37,1,0
96,128,37,1,1
97,129,37,1,1
98,131,37,1,0
99,132,37,1,1
100,134,38,1,0
101,136,38,1,1
102,137,38,1,0
103,138,38,1,1
104,139,39,1,0
105,140,40,1,0
106,141,40,1,0
107,143,41,1,0
108,145,41,1,0
109,146,42,1,0
110,147,42,1,1
111,148,42,1,1
112,150,43,1,0
113,154,44,1,0
114,156,45,1,1
115,157,45,1,0
116,158,45,1,0
117,159,46,1,0
118,160,46,1,0
119,161,46,1,0
120,162,47,1,0
121,164,47,1,0
122,166,47,1,1
123,167,48,1,0
124,168,48,1,0
125,169,48,1,0
126,170,48,1,1
127,173,49,1,1
128,174,49,1,1
129,175,49,1,1
130,176,51,1,1
131,177,51,1,0
132,178,51,1,1
133,179,51,1,1
134,181,51,1,1
135,182,51,1,0
136,183,52,1,1
137,184,52,1,1
138,185,53,1,0
139,186,54,1,0
140,188,54,1,0
141,189,55,1,0
142,190,55,1,0
143,191,57,1,0
144,192,57,1,1
145,193,57,1,1
146,194,57,1,0
147,195,57,1,0
148,196,58,1,0
149,197,58,1,1
150,198,58,1,0
151,199,58,1,0
152,200,59,1,0
153,203,60,1,1
154,204,61,1,0
155,205,61,1,0
156,206,61,1,0
157,208,61,1,0
158,209,62,1,0
159,210,63,1,1
160,212,63,1,1
161,214,63,1,0
162,215,63,1,0
163,216,63,1,0
164,217,63,1,0
165,220,64,1,0
166,221,64,1,1
167,223,65,1,0
168,224,65,1,1
169,225,65,1,1
170,226,65,1,0
171,227,66,1,0
172,228,67,1,1
173,229,67,1,0
174,230,68,1,0
175,231,69,1,0
176,233,69,1,0
177,234,69,1,0
178,235,70,1,1
179,236,70,1,0
180,238,72,1,0
181,241,74,1,0
182,242,74,1,0
183,243,75,1,0
184,244,75,1,1
185,245,76,1,1
186,246,76,1,0
187,247,77,1,0
188,248,77,1,1
189,249,77,1,0
190,250,77,1,0
191,252,78,1,0
192,253,79,1,0
193,254,79,1,1
194,255,79,1,0
195,256,79,1,0
196,257,79,1,0
197,258,79,1,0
198,262,80,1,0
199,264,81,1,1
200,265,81,1,0
201,267,81,1,1
202,268,82,1,0
203,269,82,1,1
204,272,82,1,0
205,273,82,1,0
206,274,82,1,0
207,275,82,1,0
208,276,83,1,1
209,277,83,1,1
210,279,83,1,0
211,280,83,1,0
212,282,83,1,1
213,283,85,1,1
214,284,85,1,1
215,285,85,1,0
216,286,85,1,0
217,287,85,1,0
218,288,85,1,0
219,289,85,1,1
220,290,85,1,0
221,291,86,1,1
222,292,87,1,0
223,294,88,1,1
224,296,89,1,0
225,299,89,1,0
226,300,90,1,0
227,301,91,1,0
228,302,92,1,0
229,304,92,1,0
230,305,93,1,0
231,306,93,1,1
232,307,93,1,0
233,308,93,1,0
234,309,94,1,1
235,310,94,1,0
236,311,94,1,0
237,315,96,1,0
238,319,97,1,0
239,321,97,1,1
240,322,97,1,0
241,324,99,1,0
242,325,99,1,1
243,326,99,1,1
244,327,100,1,0
245,328,100,1,0
246,330,102,1,0
247,331,102,1,1
248,332,102,1,1
249,333,102,1,0
250,334,102,1,0
251,335,102,1,1
252,336,103,1,0
253,337,103,1,1
254,341,106,1,1
255,342,106,1,0
256,344,106,1,1
257,346,107,1,1
258,347,108,1,0
259,348,109,1,0
260,349,109,1,0
261,350,109,1,1
262,351,109,1,1
263,352,109,1,1
264,354,110,1,1
265,357,111,1,1
266,359,111,1,1
267,361,112,1,0
268,362,112,1,0
269,363,112,1,1
270,365,113,1,0
271,366,113,1,0
272,367,114,1,1
273,368,114,1,0
274,369,114,1,0
275,370,114,1,0
276,371,114,1,0
277,372,114,1,0
278,373,115,1,0
279,374,115,1,0
280,375,115,1,0
281,376,115,1,1
282,377,115,1,0
283,379,115,1,1
284,380,116,1,0
285,381,116,1,0
286,383,116,1,0
287,384,116,1,1
288,385,117,1,0
289,386,117,1,0
290,387,117,1,1
291,389,118,1,0
292,392,118,1,0
293,393,118,1,1
294,395,118,1,0
295,396,118,1,1
296,397,119,1,0
297,398,119,1,0
298,400,121,1,1
299,401,121,1,1
300,402,122,1,1
301,403,122,1,1
302,408,124,1,0
303,409,124,1,1
304,412,125,1,1
305,413,125,1,0
306,414,125,1,0
307,415,126,1,0
308,416,126,1,0
309,417,126,1,1
310,419,126,1,0
311,420,126,1,0
312,421,126,1,0
313,423,127,1,1
314,424,127,1,1
315,425,127,1,0
316,426,128,1,0
317,429,128,1,1
318,430,128,1,0
319,433,129,1,0
320,434,130,1,1
321,435,130,1,0
322,436,130,1,1
323,438,130,1,0
324,439,130,1,0
325,440,130,1,0
326,441,131,1,0
327,442,131,1,0
328,443,131,1,1
329,444,131,1,1
330,445,131,1,1
331,446,132,1,0
332,447,132,1,0
333,449,132,1,1
334,451,132,1,0
335,454,133,1,1
336,455,133,1,1
337,460,134,1,1
338,462,135,1,0
339,463,136,1,0
340,464,136,1,0
341,467,136,1,0
342,468,137,1,1
343,469,137,1,0
344,471,137,1,1
345,472,138,1,0
346,473,138,1,0
347,474,138,1,0
348,475,138,1,0
349,476,138,1,0
350,477,138,1,0
351,478,138,1,0
352,479,138,1,1
353,480,138,1,1
354,481,138,1,1
355,483,139,1,0
356,484,139,1,0
357,485,139,1,1
358,486,139,1,1
359,487,139,1,0
360,489,140,1,1
361,490,140,1,0
362,492,142,1,0
363,495,143,1,0
364,496,143,1,0
365,497,143,1,0
366,498,144,1,0
367,501,144,1,1
368,502,144,1,1
369,503,145,1,1
370,504,145,1,1
371,505,146,1,1
372,508,147,1,1
373,509,148,1,0
374,510,148,1,0
375,511,148,1,0
376,512,148,1,1
377,513,149,1,1
378,515,149,1,0
379,516,150,1,1
380,517,150,1,0
381,518,151,1,0
382,519,151,1,1
383,521,151,1,0
384,523,152,1,0
385,524,152,1,0
386,527,152,1,0
387,528,152,1,0
388,529,152,1,1
389,531,153,1,0
390,532,153,1,0
391,534,153,1,1
392,535,154,1,0
393,537,155,1,0
394,538,155,1,1
395,540,155,1,0
396,541,156,1,0
397,542,156,1,0
398,543,156,1,1
399,544,157,1,1
400,545,157,1,1
401,547,157,1,1
402,549,157,1,1
403,550,157,1,0
404,551,158,1,0
405,552,158,1,0
406,554,160,1,0
407,555,160,1,0
408,556,161,1,1
409,557,163,1,0
410,558,163,1,0
411,559,164,1,0
412,560,164,1,0
413,561,164,1,0
414,563,165,1,1
415,564,165,1,0
416,565,165,1,0
417,566,166,1,0
418,568,166,1,0
419,569,166,1,0
420,570,166,1,1
421,571,166,1,1
422,573,166,1,1
423,574,167,1,1
424,575,167,1,0
425,576,168,1,0
426,577,168,1,1
427,578,168,1,1
428,579,169,1,0
429,581,169,1,1
430,582,169,1,0
431,583,169,1,0
432,585,170,1,0
433,586,171,1,0
434,587,171,1,0
435,588,172,1,0
436,589,172,1,1
437,592,174,1,0
438,593,174,1,0
439,594,175,1,0
440,595,175,1,0
441,596,175,1,1
442,597,176,1,0
443,598,176,1,1
444,599,176,1,1
445,600,176,1,0
446,601,176,1,1
447,602,176,1,1
448,603,177,1,0
449,604,178,1,0
450,605,178,1,0
451,606,178,1,0
452,607,178,1,0
453,608,178,1,0
454,609,178,1,0
455,612,179,1,0
456,613,179,1,1
457,614,180,1,0
458,615,180,1,1
459,617,181,1,1
460,618,181,1,0
461,619,181,1,0
462,620,181,1,0
463,621,181,1,1
464,622,181,1,0
465,624,182,1,1
466,625,182,1,0
467,627,182,1,0
468,628,183,1,1
469,629,183,1,0
470,631,183,1,1
471,633,184,1,1
472,634,184,1,1
473,636,184,1,1
474,637,184,1,0
475,638,185,1,0
476,639,185,1,0
477,640,186,1,1
478,644,187,1,1
479,645,187,1,0
480,646,187,1,1
481,647,187,1,0
482,648,187,1,0
483,649,187,1,1
484,652,188,1,0
485,653,189,1,0
486,654,189,1,1
487,655,190,1,0
488,656,190,1,0
489,657,190,1,1
490,658,191,1,1
491,659,192,1,1
492,660,192,1,1
493,661,192,1,0
494,662,192,1,0
495,663,193,1,1
496,664,193,1,0
497,665,193,1,1
498,667,193,1,0
499,669,193,1,0
500,671,194,1,0
501,672,194,1,0
502,673,195,1,0
503,674,195,1,0
504,675,195,1,0
505,676,195,1,1
506,678,196,1,0
507,679,196,1,1
508,680,196,1,0
509,681,197,1,0
510,682,197,1,0
511,683,197,1,0
512,684,198,1,1
513,685,198,1,0
514,688,199,1,1
515,689,199,1,0
516,690,199,1,0
517,691,200,1,0
518,692,200,1,1
519,693,200,1,0
520,695,200,1,0
521,696,201,1,1
522,697,201,1,1
523,698,201,1,0
524,699,201,1,0
525,702,202,1,0
526,706,203,1,0
527,707,203,1,1
528,708,203,1,0
529,709,203,1,1
530,710,203,1,0
531,711,203,1,0
532,712,204,1,0
533,713,204,1,0
534,714,204,1,0
535,715,204,1,0
536,716,204,1,1
537,717,204,1,0
538,718,205,1,0
539,719,205,1,0
540,721,206,1,0
541,722,206,1,0
542,723,207,1,0
543,724,207,1,1
544,725,207,1,0
545,727,208,1,1
546,728,208,1,1
547,729,208,1,0
548,730,208,1,1
549,731,208,1,0
550,732,208,1,1
551,733,209,1,0
552,734,210,1,0
553,735,210,1,0
554,737,210,1,0
555,740,211,1,0
556,741,211,1,1
557,742,211,1,0
558,743,212,1,0
559,744,212,1,1
560,745,212,1,0
561,746,212,1,0
562,747,213,1,0
563,749,213,1,0
564,750,213,1,0
565,751,214,1,0
566,752,214,1,0
567,753,214,1,0
568,754,215,1,1
569,755,215,1,0
570,756,216,1,1
571,757,216,1,1
572,758,216,1,0
573,760,216,1,1
574,761,216,1,0
575,762,216,1,0
576,763,216,1,1
577,764,216,1,0
578,765,216,1,1
579,766,218,1,0
580,767,218,1,1
581,768,218,1,1
582,769,218,1,0
583,770,218,1,1
584,771,218,1,0
585,772,218,1,0
586,774,219,1,0
587,775,219,1,1
588,776,221,1,0
589,777,222,1,1
590,778,222,1,0
591,779,222,1,1
592,780,222,1,0
593,781,223,1,0
594,784,224,1,0
595,785,224,1,1
596,788,225,1,0
597,789,225,1,1
598,790,226,1,1
599,792,226,1,0
600,794,228,1,0
601,795,228,1,0
602,799,228,1,0
603,800,229,1,0
604,801,229,1,0
605,802,229,1,0
606,803,230,1,1
607,804,230,1,0
608,805,231,1,1
609,807,231,1,0
610,808,232,1,0
611,810,232,1,1
612,811,232,1,0
613,812,232,1,1
614,813,233,1,0
615,814,233,1,1
616,815,233,1,0
617,817,234,1,0
618,819,235,1,0
619,820,235,1,1
620,821,235,1,1
621,822,235,1,0
622,823,236,1,0
623,824,236,1,0
624,825,236,1,0
625,826,237,1,0
626,827,237,1,0
627,828,237,1,0
628,829,237,1,1
629,830,237,1,0
630,831,238,1,1
631,832,238,1,0
632,833,238,1,1
633,836,238,1,0
634,837,239,1,1
635,838,239,1,0
636,840,239,1,1
637,841,239,1,1
638,842,240,1,1
639,844,240,1,0
640,845,240,1,0
641,846,240,1,0
642,847,241,1,1
643,848,241,1,0
644,849,241,1,1
645,850,242,1,1
646,851,242,1,1
647,852,242,1,1
648,853,242,1,0
649,854,242,1,0
650,855,243,1,0
651,856,243,1,1
652,857,243,1,1
653,859,244,1,1
654,860,245,1,1
655,861,245,1,0
656,863,245,1,1
657,864,246,1,0
658,866,246,1,0
659,867,246,1,0
660,868,246,1,0
661,869,247,1,1
662,871,247,1,0
663,872,248,1,0
664,873,248,1,0
665,874,248,1,1
666,876,248,1,1
667,877,248,1,0
668,879,249,1,1
669,880,250,1,1
670,881,250,1,0
671,882,250,1,1
672,883,250,1,1
673,884,250,1,0
674,885,250,1,1
675,886,251,1,0
676,887,251,1,0
677,888,251,1,0
678,889,251,1,0
679,890,251,1,0
680,892,252,1,0
681,893,252,1,1
682,894,252,1,0
683,896,252,1,1
684,897,253,1,0
685,898,253,1,0
686,899,254,1,1
687,900,254,1,0
688,901,254,1,0
689,903,255,1,0
690,904,255,1,0
691,905,255,1,1
692,906,255,1,0
693,907,255,1,0
694,908,256,1,1
695,909,256,1,1
696,910,256,1,0
697,911,256,1,1
698,912,256,1,1
699,915,256,1,0
700,916,257,1,0
701,917,257,1,0
702,918,257,1,1
703,919,259,1,0
704,920,259,1,1
705,921,259,1,0
706,922,259,1,0
707,923,260,1,0
708,924,261,1,0
709,927,261,1,0
710,929,261,1,1
711,930,261,1,0
712,931,261,1,0
713,932,261,1,0
714,934,262,1,0
715,935,262,1,0
716,936,262,1,0
717,937,262,1,1
718,938,262,1,1
719,939,263,1,0
720,940,263,1,0
721,941,263,1,1
722,942,263,1,0
723,943,263,1,1
724,945,264,1,1
725,946,264,1,0
726,948,264,1,0
727,949,265,1,0
728,950,266,1,0
729,951,266,1,0
730,952,266,1,0
731,953,266,1,1
732,954,266,1,0
733,958,266,1,1
734,960,267,1,1
735,961,267,1,0
736,962,267,1,0
737,964,268,1,0
738,965,268,1,1
739,966,268,1,0
740,967,269,1,0
741,968,269,1,0
742,969,271,1,1
743,970,271,1,0
744,971,272,1,1
745,972,273,1,0
746,973,273,1,1
747,974,273,1,0
748,975,273,1,0
749,976,274,1,1
750,977,274,1,0
751,978,274,1,1
752,979,274,1,1
753,980,274,1,1
754,981,275,1,0
755,983,275,1,0
756,985,275,1,0
757,986,275,1,1
758,988,276,1,0
759,989,276,1,0
760,990,276,1,1
761,991,277,1,0
762,992,277,1,1
763,994,277,1,0
764,996,278,1,1
765,997,278,1,0
766,999,278,1,0
767,1000,279,1,0
768,1001,279,1,1
769,1003,280,1,0
770,1004,280,1,1
771,1005,280,1,1
772,1007,280,1,0
773,1008,280,1,0
774,1009,280,1,0
775,1010,280,1,1
776,1011,280,1,1
777,1012,280,1,0
778,1013,280,1,1
779,1015,281,1,0
780,1016,281,1,0
781,1017,282,1,0
782,1018,283,1,1
783,1019,283,1,0
784,1020,283,1,1
785,1021,283,1,0
786,1023,284,1,0
787,1024,284,1,0
788,1026,284,1,1
789,1028,285,1,0
790,1029,286,1,0
791,1031,286,1,0
792,1032,287,1,0
793,1034,288,1,1
794,1035,288,1,1
795,1036,288,1,0
796,1037,289,1,0
797,1038,289,1,0
798,1039,289,1,0
799,1040,289,1,1
800,1042,290,1,0
801,1043,290,1,0
802,1045,291,1,0
803,1047,291,1,0
804,1048,291,1,0
805,1049,291,1,0
806,1051,293,1,0
807,1053,294,1,0
808,1055,295,1,1
809,1056,295,1,0
810,1057,296,1,1
811,1058,296,1,0
812,1059,297,1,0
813,1060,298,1,0
814,1062,298,1,0
815,1063,298,1,1
816,1064,298,1,0
817,1065,299,1,0
818,1066,300,1,0
819,1070,303,1,0
820,1072,303,1,0
821,1073,303,1,0
822,1074,304,1,1
823,1075,304,1,0
824,1076,304,1,1
825,1077,304,1,0
826,1078,304,1,1
827,1080,305,1,0
828,1081,305,1,0
829,1082,305,1,1
830,1083,305,1,0
831,1084,305,1,0
832,1085,305,1,0
833,1086,306,1,0
834,1087,306,1,1
835,1088,306,1,0
836,1089,307,1,0
837,1090,307,1,1
838,1091,307,1,0
839,1094,308,1,0
840,1095,308,1,0
841,1096,308,1,0
842,1097,309,1,0
843,1098,309,1,1
844,1101,310,1,1
845,1102,310,1,0
846,1104,310,1,1
847,1105,310,1,0
848,1106,311,1,1
849,1107,312,1,0
850,1109,312,1,0
851,1112,313,1,1
852,1114,313,1,1
853,1115,313,1,0
854,1116,313,1,0
855,1117,314,1,0
856,1118,314,1,1
857,1119,314,1,1
858,1120,314,1,1
859,1122,315,1,0
860,1123,315,1,0
861,1126,316,1,0
862,1127,316,1,0
863,1129,317,1,1
864,1130,317,1,1
865,1131,317,1,1
866,1132,317,1,0
867,1133,317,1,0
868,1134,317,1,0
869,1135,317,1,1
870,1136,317,1,0
871,1137,317,1,1
872,1139,318,1,1
873,1140,318,1,1
874,1141,318,1,0
875,1142,318,1,0
876,1145,320,1,0
877,1146,320,1,0
878,1148,320,1,0
879,1149,320,1,0
880,1150,321,1,0
881,1151,321,1,1
882,1152,322,1,0
883,1153,323,1,0
884,1154,323,1,0
885,1156,323,1,0
886,1157,323,1,0
887,1158,323,1,0
888,1159,324,1,0
889,1161,324,1,0
890,1162,324,1,1
891,1164,324,1,0
892,1165,324,1,1
893,1166,324,1,1
894,1168,325,1,0
895,1169,325,1,1
896,1170,325,1,1
897,1171,326,1,0
898,1172,326,1,1
899,1175,326,1,0
900,1177,326,1,0
901,1178,326,1,1
902,1181,327,1,0
903,1184,327,1,1
904,1185,327,1,1
905,1186,329,1,1
906,1187,329,1,1
907,1188,329,1,1
908,1189,329,1,1
909,1190,329,1,0
910,1192,330,1,0
911,1193,330,1,0
912,1197,331,1,0
913,1198,331,1,0
914,1199,331,1,1
915,1200,331,1,1
916,1201,334,1,0
917,1202,335,1,1
918,1203,336,1,0
919,1204,336,1,1
920,1205,336,1,1
921,1206,336,1,1
922,1207,336,1,0
923,1209,337,1,1
924,1210,337,1,0
925,1211,337,1,1
926,1213,338,1,0
927,1215,338,1,1
928,1216,338,1,0
929,1217,338,1,0
930,1219,339,1,1
931,1220,340,1,1
932,1222,340,1,1
933,1223,340,1,0
934,1224,341,1,0
935,1225,341,1,1
936,1226,341,1,0
937,1227,342,1,0
938,1228,342,1,0
939,1229,342,1,0
940,1230,342,1,0
941,1231,343,1,0
942,1232,343,1,0
943,1233,343,1,0
944,1234,343,1,0
945,1236,344,1,0
946,1238,345,1,0
947,1239,345,1,0
948,1240,346,1,0
949,1241,346,1,0
950,1243,346,1,0
951,1244,346,1,1
952,1246,348,1,1
953,1247,348,1,0
954,1248,348,1,0
955,1249,349,1,0
956,1250,349,1,0
957,1251,349,1,0
958,1253,349,1,0
959,1254,349,1,0
960,1256,350,1,1
961,1257,350,1,0
962,1258,352,1,0
963,1259,353,1,0
964,1262,353,1,0
965,1263,353,1,0
966,1264,353,1,1
967,1265,353,1,0
968,1266,353,1,1
969,1269,354,1,1
970,1270,354,1,0
971,1271,354,1,1
972,1272,354,1,0
973,1273,355,1,0
974,1275,355,1,0
975,1276,355,1,1
976,1277,355,1,1
977,1280,356,1,0
978,1281,356,1,0
979,1282,356,1,0
980,1283,356,1,0
981,1284,356,1,0
982,1285,357,1,0
983,1286,357,1,0
984,1287,357,1,1
985,1288,357,1,0
986,1290,357,1,0
987,1292,358,1,0
988,1294,358,1,0
989,1295,358,1,0
990,1296,358,1,0
991,1298,359,1,0
992,1299,359,1,1
993,1300,359,1,0
994,1306,362,1,1
995,1307,362,1,0
996,1308,362,1,1
997,1310,363,1,0
998,1311,363,1,0
999,1312,363,1,1
1000,1314,363,1,0
1001,1315,364,1,0
1002,1316,364,1,0
1003,1318,364,1,0
1004,1319,364,1,0
1005,1320,364,1,0
1006,1321,365,1,0
1007,1322,366,1,0
1008,1323,366,1,0
1009,1325,366,1,0
1010,1326,366,1,1
1011,1327,366,1,0
1012,1328,367,1,0
1013,1329,367,1,0
1014,1330,367,1,0
1015,1332,367,1,0
1016,1333,367,1,1
1017,1334,367,1,0
1018,1335,367,1,0
1019,1336,367,1,0
1020,1337,368,1,0
1021,1338,368,1,0
1022,1341,370,1,1
1023,1342,371,1,0
1024,1344,371,1,0
1025,1346,372,1,0
1026,1347,372,1,0
1027,1350,373,1,0
1028,1351,373,1,1
1029,1353,374,1,0
1030,1354,374,1,0
1031,1356,375,1,1
1032,1357,375,1,0
1033,1362,376,1,1
1034,1363,376,1,1
1035,1364,376,1,1
1036,1365,377,1,1
1037,1366,378,1,0
1038,1368,378,1,1
1039,1369,378,1,0
1040,1370,378,1,0
1041,1371,378,1,0
1042,1372,378,1,0
1043,1373,378,1,1
1044,1374,379,1,1
1045,1375,379,1,0
1046,1376,379,1,1
1047,1377,379,1,1
1048,1378,379,1,0
1049,1379,380,1,0
1050,1380,380,1,1
1051,1381,380,1,1
1052,1382,380,1,0
1053,1383,380,1,0
1054,1384,381,1,0
1055,1385,382,1,0
1056,1386,382,1,0
1057,1387,382,1,1
1058,1388,382,1,0
1059,1389,382,1,0
1060,1390,382,1,0
1061,1394,384,1,0
1062,1395,384,1,0
1063,1397,385,1,1
1064,1398,385,1,1
1065,1399,385,1,0
1066,1400,385,1,0
1067,1402,386,1,1
1068,1403,386,1,0
1069,1405,387,1,1
1070,1406,387,1,0
1071,1408,387,1,0
1072,1409,388,1,1
1073,1410,389,1,1
1074,1411,389,1,1
1075,1412,389,1,0
1076,1414,390,1,1
1077,1417,391,1,0
1078,1418,391,1,1
1079,1419,391,1,1
1080,1422,393,1,0
1081,1423,393,1,0
1082,1424,394,1,0
1083,1425,394,1,0
1084,1427,394,1,0
1085,1428,394,1,1
1086,1430,395,1,0
1087,1431,395,1,0
1088,1432,395,1,1
1089,1433,395,1,0
1090,1434,395,1,1
1091,1437,395,1,0
1092,1439,396,1,0
1093,1440,396,1,1
1094,1442,397,1,1
1095,1443,397,1,0
1096,1445,397,1,0
1097,1446,397,1,1
1098,1447,397,1,0
1099,1448,398,1,0
1100,1449,398,1,0
1101,1450,398,1,0
1102,1451,398,1,0
1103,1453,398,1,1
1104,1454,399,1,1
1105,1455,399,1,0
1106,1456,399,1,0
1107,1457,399,1,0
1108,1460,400,1,0
1109,1461,400,1,0
1110,1462,400,1,0
1111,1463,400,1,0
1112,1466,401,1,1
1113,1467,401,1,1
1114,1468,402,1,1
1115,1469,402,1,0
1116,1470,402,1,0
1117,1471,402,1,0
1118,1472,402,1,0
1119,1473,403,1,1
1120,1474,403,1,0
1121,1475,403,1,1
1122,1476,404,1,0
1123,1477,404,1,0
1124,1479,404,1,0
1125,1480,404,1,0
1126,1481,404,1,1
1127,1482,405,1,1
1128,1483,405,1,1
1129,1484,406,1,0
1130,1485,406,1,0
1131,1486,406,1,1
1132,1488,407,1,0
1133,1489,407,1,0
1134,1491,407,1,0
1135,1492,408,1,1
1136,1494,408,1,1
1137,1495,409,1,0
1138,1496,409,1,1
1139,1497,409,1,1
1140,1498,409,1,1
1141,1499,410,1,0
1142,1500,410,1,0
1143,1502,412,1,0
1144,1503,412,1,0
1145,1504,412,1,0
1146,1505,413,1,0
1147,1506,413,1,0
1148,1507,413,1,0
1149,1508,413,1,0
1150,1509,413,1,0
1151,1510,413,1,1
1152,1511,415,1,0
1153,1512,415,1,1
1154,1514,415,1,0
1155,1515,415,1,1
1156,1516,415,1,0
1157,1517,415,1,0
1158,1518,416,1,0
1159,1519,416,1,0
1160,1520,416,1,0
1161,1521,417,1,1
1162,1522,418,1,0
1163,1523,418,1,1
1164,1524,419,1,0
1165,1526,419,1,1
1166,1527,420,1,1
1167,1530,420,1,0
1168,1532,420,1,0
1169,1533,420,1,1
1170,1534,420,1,0
1171,1535,420,1,1
1172,1536,421,1,0
1173,1537,422,1,1
1174,1538,422,1,1
1175,1539,422,1,1
1176,1540,422,1,0
1177,1541,423,1,0
1178,1542,423,1,0
1179,1543,423,1,1
1180,1545,424,1,1
1181,1546,424,1,1
1182,1547,424,1,0
1183,1548,424,1,1
1184,1549,425,1,0
1185,1550,425,1,0
1186,1551,425,1,1
1187,1553,426,1,0
1188,1555,426,1,0
1189,1556,426,1,0
1190,1557,426,1,1
1191,1558,427,1,1
1192,1560,427,1,1
1193,1562,428,1,1
1194,1563,428,1,1
1195,1565,429,1,0
1196,1566,429,1,0
1197,1569,431,1,1
1198,1570,431,1,0
1199,1571,431,1,0
1200,1572,431,1,0
1201,1573,431,1,1
1202,1574,431,1,1
1203,1575,432,1,0
1204,1576,432,1,0
1205,1577,433,1,0
1206,1578,433,1,0
1207,1579,433,1,1
1208,1580,434,1,1
1209,1583,435,1,0
1210,1585,435,1,0
1211,1586,437,1,1
1212,1587,437,1,0
1213,1588,437,1,0
1214,1589,437,1,1
1215,1590,437,1,1
1216,1591,438,1,1
1217,1594,439,1,1
1218,1595,439,1,0
1219,1596,439,1,0
1220,1597,439,1,0
1221,1598,440,1,0
1222,1599,440,1,1
1223,1600,441,1,0
1224,1601,441,1,0
1225,1602,441,1,1
1226,1603,441,1,0
1227,1605,442,1,0
1228,1606,442,1,0
1229,1607,442,1,0
1230,1608,443,1,1
1231,1609,443,1,0
1232,1610,444,1,0
1233,1611,446,1,0
1234,1613,447,1,0
1235,1614,447,1,0
1236,1615,447,1,0
1237,1616,448,1,0
1238,1618,449,1,1
1239,1619,449,1,1
1240,1620,449,1,0
1241,1621,451,1,1
1242,1622,451,1,1
1243,1624,452,1,0
1244,1625,453,1,0
1245,1626,453,1,0
1246,1627,453,1,1
1247,1628,454,1,0
1248,1629,455,1,0
1249,1631,455,1,0
1250,1632,456,1,0
1251,1634,457,1,1
1252,1635,457,1,1
1253,1637,457,1,1
1254,1639,457,1,0
1255,1641,458,1,0
1256,1643,458,1,0
1257,1645,459,1,0
1258,1647,459,1,0
1259,1648,459,1,1
1260,1649,459,1,0
1261,1651,459,1,1
1262,1652,461,1,1
1263,1654,461,1,1
1264,1656,461,1,1
1265,1657,461,1,0
1266,1658,461,1,0
1267,1659,461,1,0
1268,1660,461,1,0
1269,1661,462,1,0
1270,1662,462,1,1
1271,1663,462,1,0
1272,1664,462,1,1
1273,1669,463,1,0
1274,1670,463,1,1
1275,1671,464,1,0
1276,1672,464,1,0
1277,1673,464,1,0
1278,1674,464,1,0
1279,1675,464,1,0
1280,1676,466,1,0
1281,1677,466,1,1
1282,1678,466,1,1
1283,1680,467,1,0
1284,1681,467,1,1
1285,1682,468,1,0
1286,1685,470,1,1
1287,1686,470,1,0
1288,1687,470,1,0
1289,1688,471,1,1
1290,1689,471,1,1
1291,1691,471,1,0
1292,1692,472,1,0
1293,1693,472,1,0
1294,1694,472,1,0
1295,1695,472,1,1
1296,1696,472,1,0
1297,1697,472,1,1
1298,1699,473,1,1
1299,1700,474,1,1
1300,1701,474,1,1
1301,1703,474,1,0
1302,1707,475,1,1
1303,1708,475,1,0
1304,1709,475,1,1
1305,1711,475,1,1
1306,1712,475,1,0
1307,1713,475,1,1
1308,1715,475,1,1
1309,1717,476,1,0
1310,1718,477,1,1
1311,1719,477,1,0
1312,1720,477,1,0
1313,1721,477,1,0
1314,1722,477,1,1
1315,1723,478,1,1
1316,1725,478,1,0
1317,1726,478,1,1
1318,1727,478,1,1
1319,1728,478,1,0
1320,1729,479,1,1
1321,1731,480,1,1
1322,1733,480,1,0
1323,1734,480,1,0
1324,1735,480,1,0
1325,1736,480,1,1
1326,1737,481,1,0
1327,1738,481,1,0
1328,1739,481,1,1
1329,1740,481,1,0
1330,1741,482,1,0
1331,1742,482,1,0
1332,1743,482,1,0
1333,1744,482,1,0
1334,1745,483,1,1
1335,1746,483,1,1
1336,1747,484,1,0
1337,1748,485,1,1
1338,1749,485,1,0
1339,1752,485,1,0
1340,1754,485,1,1
1341,1755,486,1,0
1342,1756,486,1,1
1343,1757,486,1,1
1344,1760,486,1,0
1345,1763,488,1,1
1346,1764,489,1,1
1347,1765,490,1,1
1348,1766,491,1,1
1349,1767,492,1,1
1350,1768,492,1,0
1351,1769,493,1,0
1352,1770,493,1,0
1353,1771,493,1,0
1354,1773,493,1,0
1355,1774,493,1,0
1356,1775,493,1,0
1357,1777,494,1,0
1358,1779,494,1,1
1359,1780,495,1,0
1360,1781,495,1,0
1361,1782,495,1,1
1362,1783,496,1,0
1363,1785,497,1,0
1364,1786,497,1,0
1365,1788,497,1,1
1366,1790,497,1,0
1367,1791,497,1,1
1368,1792,497,1,0
1369,1794,499,1,0
1370,1795,499,1,0
1371,1796,500,1,1
1372,1798,500,1,0
1373,1799,500,1,1
1374,1800,500,1,0
1375,1802,501,1,1
1376,1804,501,1,0
1377,1805,503,1,0
1378,1807,503,1,0
1379,1808,504,1,0
1380,1809,504,1,0
1381,1810,504,1,1
1382,1811,505,1,0
1383,1813,505,1,0
1384,1814,505,1,0
1385,1815,506,1,0
1386,1816,506,1,0
1387,1818,507,1,1
1388,1820,508,1,0
1389,1821,508,1,0
1390,1823,509,1,1
1391,1824,509,1,0
1392,1826,510,1,0
1393,1827,512,1,1
1394,1828,512,1,0
1395,1829,512,1,0
1396,1830,512,1,1
1397,1832,513,1,0
1398,1833,513,1,0
1399,1834,514,1,1
1400,1835,514,1,0
1401,1836,514,1,0
1402,1837,515,1,0
1403,1838,515,1,0
1404,1839,515,1,0
1405,1840,515,1,0
1406,1843,515,1,0
1407,1844,516,1,0
1408,1845,516,1,0
1409,1847,516,1,0
1410,1850,517,1,0
1411,1851,518,1,0
1412,1852,518,1,0
1413,1853,518,1,0
1414,1854,519,1,1
1415,1855,519,1,0
1416,1857,519,1,1
1417,1858,520,1,0
1418,1859,520,1,0
1419,1860,520,1,1
1420,1861,521,1,0
1421,1862,521,1,0
1422,1863,521,1,0
1423,1864,521,1,1
1424,1867,522,1,1
1425,1868,522,1,0
1426,1869,522,1,1
1427,1870,522,1,1
1428,1874,523,1,1
1429,1875,523,1,1
1430,1876,523,1,0
1431,1877,523,1,1
1432,1878,523,1,1
1433,1880,525,1,0
1434,1881,525,1,0
1435,1882,526,1,0
1436,1884,527,1,1
1437,1885,527,1,0
1438,1888,528,1,0
1439,1889,528,1,0
1440,1890,528,1,0
1441,1891,528,1,0
1442,1892,528,1,0
1443,1893,528,1,1
1444,1894,528,1,1
1445,1895,528,1,1
1446,1896,529,1,0
1447,1897,529,1,0
1448,1898,529,1,1
1449,1899,529,1,1
1450,1900,529,1,1
1451,1902,530,1,0
1452,1904,530,1,0
1453,1905,530,1,0
1454,1906,531,1,0
1455,1907,531,1,0
1456,1908,531,1,0
1457,1909,531,1,0
1458,1910,532,1,0
1459,1912,532,1,1
1460,1913,533,1,1
1461,1914,533,1,0
1462,1915,533,1,1
1463,1916,533,1,1
1464,1917,533,1,0
1465,1918,533,1,0
1466,1919,534,1,1
1467,1923,537,1,0
1468,1924,537,1,0
1469,1926,538,1,0
1470,1927,538,1,0
1471,1928,538,1,1
1472,1929,539,1,0
1473,1930,539,1,0
1474,1932,539,1,1
1475,1933,539,1,0
1476,1934,539,1,0
1477,1935,539,1,0
1478,1936,540,1,1
1479,1937,540,1,0
1480,1939,540,1,1
1481,1940,540,1,0
1482,1941,540,1,0
1483,1942,540,1,0
1484,1943,541,1,1
1485,1944,541,1,0
1486,1945,542,1,1
1487,1947,542,1,1
1488,1950,545,1,0
1489,1951,546,1,0
1490,1953,546,1,1
1491,1954,546,1,0
1492,1955,547,1,1
1493,1957,547,1,0
1494,1958,547,1,0
1495,1959,547,1,0
1496,1960,547,1,0
1497,1961,547,1,0
1498,1962,547,1,0
1499,1963,547,1,1
1500,1964,547,1,0
1501,1965,548,1,0
1502,1966,548,1,0
1503,1967,549,1,1
1504,1968,550,1,0
1505,1969,550,1,0
1506,1970,551,1,1
1507,1971,551,1,0
1508,1973,551,1,1
1509,1974,551,1,0
1510,1975,552,1,0
1511,1976,552,1,0
1512,1977,552,1,1
1513,1978,552,1,1
1514,1979,553,1,0
1515,1980,553,1,0
1516,1981,553,1,0
1517,1983,554,1,0
1518,1984,554,1,1
1519,1985,554,1,0
1520,1986,555,1,0
1521,1988,556,1,0
1522,1990,557,1,1
1523,1991,557,1,0
1524,1992,558,1,0
1525,1993,559,1,0
1526,1994,559,1,1
1527,1996,559,1,0
1528,1998,560,1,1
1529,1999,561,1,1
1530,2003,562,1,1
1531,2004,562,1,0
1532,2005,562,1,0
1533,2008,563,1,0
1534,2009,564,1,1
1535,2010,564,1,1
1536,2012,564,1,0
1537,2013,564,1,1
1538,2015,564,1,0
1539,2017,565,1,0
1540,2018,566,1,0
1541,2019,566,1,1
1542,2020,566,1,1
1543,2022,566,1,1
1544,2023,566,1,0
1545,2024,568,1,1
1546,2025,568,1,0
1547,2026,569,1,1
1548,2028,569,1,0
1549,2029,569,1,0
1550,2030,569,1,0
1551,2032,569,1,0
1552,2033,570,1,1
1553,2034,570,1,0
1554,2035,570,1,0
1555,2039,572,1,0
1556,2042,573,1,0
1557,2043,573,1,1
1558,2044,573,1,0
1559,2045,573,1,0
1560,2046,573,1,0
1561,2047,574,1,1
1562,2048,574,1,0
1563,2050,575,1,0
1564,2052,576,1,0
1565,2053,576,1,1
1566,2056,577,1,1
1567,2057,577,1,0
1568,2058,577,1,0
1569,2059,577,1,0
1570,2060,577,1,0
1571,2061,578,1,0
1572,2063,578,1,1
1573,2066,578,1,0
1574,2067,578,1,0
1575,2068,578,1,0
1576,2069,578,1,0
1577,2071,578,1,0
1578,2072,579,1,0
1579,2073,579,1,1
1580,2074,579,1,0
1581,2075,579,1,0
1582,2076,580,1,1
1583,2078,582,1,0
1584,2079,582,1,0
1585,2080,582,1,0
1586,2081,582,1,0
1587,2082,582,1,0
1588,2083,582,1,0
1589,2084,582,1,0
1590,2086,583,1,1
1591,2087,583,1,0
1592,2088,583,1,0
1593,2089,583,1,0
1594,2090,583,1,1
1595,2091,583,1,0
1596,2092,583,1,0
1597,2093,583,1,0
1598,2094,584,1,1
1599,2096,584,1,0
1600,2099,586,1,0
1601,2100,586,1,1
1602,2102,586,1,0
1603,2103,586,1,1
1604,2104,587,1,1
1605,2105,587,1,0
1606,2106,587,1,0
1607,2108,588,1,0
1608,2109,588,1,1
1609,2110,588,1,0
1610,2111,588,1,0
1611,2112,589,1,1
1612,2113,589,1,1
1613,2116,592,1,0
1614,2117,592,1,1
1615,2120,593,1,1
1616,2121,593,1,0
1617,2122,594,1,1
1618,2123,594,1,1
1619,2124,594,1,0
1620,2125,595,1,0
1621,2127,596,1,0
1622,2128,596,1,0
1623,2129,596,1,1
1624,2130,597,1,0
1625,2131,597,1,1
1626,2133,598,1,0
1627,2134,598,1,0
1628,2136,598,1,1
1629,2137,598,1,0
1630,2139,599,1,1
1631,2140,599,1,1
1632,2141,599,1,0
1633,2142,599,1,0
1634,2145,601,1,1
1635,2146,601,1,0
1636,2148,602,1,0
1637,2149,602,1,0
1638,2150,603,1,1
1639,2151,603,1,1
1640,2152,603,1,0
1641,2153,603,1,1
1642,2154,604,1,1
1643,2157,604,1,0
1644,2159,604,1,1
1645,2162,605,1,1
1646,2163,605,1,0
1647,2164,605,1,1
1648,2165,606,1,1
1649,2166,606,1,0
1650,2168,606,1,1
1651,2169,607,1,1
1652,2170,607,1,0
1653,2171,607,1,1
1654,2173,608,1,0
1655,2174,609,1,0
1656,2175,609,1,0
1657,2176,609,1,1
1658,2178,609,1,1
1659,2179,609,1,0
1660,2182,610,1,0
1661,2183,611,1,0
1662,2184,612,1,0
1663,2185,612,1,0
1664,2186,612,1,0
1665,2188,613,1,0
1666,2190,614,1,0
1667,2191,615,1,0
1668,2192,615,1,1
1669,2194,616,1,1
1670,2195,616,1,1
1671,2196,617,1,0
1672,2198,617,1,0
1673,2199,617,1,1
1674,2200,617,1,0
1675,2201,618,1,0
1676,2202,618,1,0
1677,2203,618,1,0
1678,2204,618,1,0
1679,2205,618,1,1
1680,2206,619,1,0
1681,2207,619,1,1
1682,2208,619,1,1
1683,2210,619,1,0
1684,2212,620,1,0
1685,2213,620,1,0
1686,2214,621,1,0
1687,2215,621,1,0
1688,2218,622,1,0
1689,2219,622,1,1
1690,2221,623,1,0
1691,2223,623,1,1
1692,2226,623,1,0
1693,2227,623,1,1
1694,2230,624,1,0
1695,2231,624,1,1
1696,2232,625,1,1
1697,2233,626,1,0
1698,2235,626,1,0
1699,2236,626,1,1
1700,2237,626,1,0
1701,2238,626,1,0
1702,2241,627,1,0
1703,2245,628,1,0
1704,2246,628,1,0
1705,2247,629,1,1
1706,2248,629,1,0
1707,2250,630,1,1
1708,2251,630,1,0
1709,2252,630,1,1
1710,2254,632,1,0
1711,2255,632,1,1
1712,2256,633,1,1
1713,2257,633,1,0
1714,2260,635,1,1
1715,2261,636,1,0
1716,2263,637,1,0
1717,2264,638,1,0
1718,2266,639,1,0
1719,2267,639,1,0
1720,2268,640,1,0
1721,2269,640,1,0
1722,2270,640,1,0
1723,2271,640,1,0
1724,2272,640,1,1
1725,2273,640,1,0
1726,2274,641,1,1
1727,2275,641,1,0
1728,2276,641,1,0
1729,2277,642,1,0
1730,2279,643,1,1
1731,2281,643,1,0
1732,2283,644,1,1
1733,2284,644,1,0
1734,2285,644,1,0
1735,2286,644,1,0
1736,2288,645,1,1
1737,2289,647,1,0
1738,2290,647,1,0
1739,2291,649,1,1
1740,2292,650,1,0
1741,2294,650,1,0
1742,2296,650,1,1
1743,2297,650,1,0
1744,2298,650,1,0
1745,2299,651,1,0
1746,2300,651,1,0
1747,2302,651,1,0
1748,2303,651,1,0
1749,2305,653,1,0
1750,2307,653,1,0
1751,2308,654,1,1
1752,2310,654,1,0
1753,2311,654,1,1
1754,2312,654,1,0
1755,2313,654,1,0
1756,2314,655,1,0
1757,2316,655,1,0
1758,2319,656,1,0
1759,2320,656,1,0
1760,2321,656,1,1
1761,2322,656,1,1
1762,2323,656,1,0
1763,2324,657,1,0
1764,2326,657,1,0
1765,2328,658,1,1
1766,2329,658,1,1
1767,2330,658,1,0
1768,2331,658,1,0
1769,2335,660,1,1
1770,2336,660,1,0
1771,2337,660,1,1
1772,2339,662,1,0
1773,2340,663,1,0
1774,2341,663,1,0
1775,2342,664,1,1
1776,2343,664,1,0
1777,2346,665,1,0
1778,2347,665,1,0
1779,2348,665,1,1
1780,2349,666,1,0
1781,2350,666,1,1
1782,2353,666,1,0
1783,2354,666,1,1
1784,2355,667,1,0
1785,2356,667,1,0
1786,2357,667,1,0
1787,2358,667,1,0
1788,2360,667,1,0
1789,2361,668,1,1
1790,2363,668,1,0
1791,2364,668,1,0
1792,2366,668,1,1
1793,2367,668,1,0
1794,2368,668,1,1
1795,2369,669,1,0
1796,2372,669,1,0
1797,2373,669,1,0
1798,2374,669,1,0
1799,2375,671,1,0
1800,2376,671,1,1
1801,2377,671,1,0
1802,2378,671,1,0
1803,2379,671,1,1
1804,2380,671,1,0
1805,2381,671,1,1
1806,2383,672,1,0
1807,2385,672,1,0
1808,2387,673,1,0
1809,2388,673,1,1
1810,2389,673,1,0
1811,2390,673,1,1
1812,2391,673,1,0
1813,2392,674,1,0
1814,2393,674,1,0
1815,2394,674,1,0
1816,2396,674,1,1
1817,2397,675,1,1
1818,2398,675,1,1
1819,2399,675,1,1
1820,2400,676,1,0
1821,2401,676,1,1
1822,2402,676,1,0
1823,2403,676,1,0
1824,2404,676,1,0
1825,2405,677,1,0
1826,2406,677,1,1
1827,2407,677,1,1
1828,2408,677,1,1
1829,2409,677,1,0
1830,2410,678,1,0
1831,2411,678,1,0
1832,2412,678,1,0
1833,2414,678,1,0
1834,2415,679,1,0
1835,2416,679,1,0
1836,2417,680,1,0
1837,2418,680,1,0
1838,2419,680,1,1
1839,2422,682,1,0
1840,2424,683,1,0
1841,2425,684,1,0
1842,2426,684,1,1
1843,2428,686,1,0
1844,2430,687,1,0
1845,2431,687,1,1
1846,2432,687,1,0
1847,2433,687,1,0
1848,2434,688,1,0
1849,2437,689,1,0
1850,2438,689,1,0
1851,2439,689,1,0
1852,2440,689,1,0
1853,2441,690,1,0
1854,2442,690,1,1
1855,2443,690,1,1
1856,2444,691,1,1
1857,2445,691,1,1
1858,2447,691,1,0
1859,2451,694,1,0
1860,2452,695,1,1
1861,2453,695,1,1
1862,2454,695,1,0
1863,2456,695,1,1
1864,2458,696,1,0
1865,2459,697,1,0
1866,2460,697,1,1
1867,2461,697,1,1
1868,2462,697,1,0
1869,2463,697,1,1
1870,2465,697,1,1
1871,2466,697,1,0
1872,2467,699,1,0
1873,2468,700,1,0
1874,2469,700,1,0
1875,2470,700,1,0
1876,2472,700,1,1
1877,2473,702,1,1
1878,2474,702,1,0
1879,2475,702,1,0
1880,2479,704,1,0
1881,2480,704,1,0
1882,2481,704,1,0
1883,2482,704,1,1
1884,2483,704,1,1
1885,2485,704,1,1
1886,2486,704,1,0
1887,2487,704,1,1
1888,2488,704,1,0
1889,2489,704,1,1
1890,2490,704,1,1
1891,2494,707,1,1
1892,2495,708,1,0
1893,2496,708,1,1
1894,2497,708,1,0
1895,2498,708,1,0
1896,2499,709,1,0
1897,2500,710,1,1
1898,2501,710,1,0
1899,2502,711,1,1
1900,2503,711,1,1
1901,2504,711,1,1
1902,2505,711,1,0
1903,2506,711,1,0
1904,2507,711,1,0
1905,2510,712,1,1
1906,2512,713,1,0
1907,2513,714,1,0
1908,2514,714,1,1
1909,2515,714,1,1
1910,2516,714,1,0
1911,2517,714,1,1
1912,2518,714,1,1
1913,2519,715,1,0
1914,2520,715,1,0
1915,2522,715,1,1
1916,2523,716,1,0
1917,2526,716,1,1
1918,2527,717,1,0
1919,2529,718,1,0
1920,2530,718,1,0
1921,2531,719,1,0
1922,2534,720,1,0
1923,2535,720,1,0
1924,2536,720,1,0
1925,2537,722,1,0
1926,2538,722,1,1
1927,2539,722,1,1
1928,2540,722,1,1
1929,2542,724,1,0
1930,2543,724,1,1
1931,2544,724,1,0
1932,2546,725,1,0
1933,2547,725,1,1
1934,2548,725,1,0
1935,2550,726,1,1
1936,2551,726,1,0
1937,2554,726,1,0
1938,2555,727,1,0
1939,2556,727,1,0
1940,2557,728,1,0
1941,2558,728,1,1
1942,2559,728,1,0
1943,2560,728,1,1
1944,2562,729,1,0
1945,2563,729,1,1
1946,2564,729,1,0
1947,2568,730,1,1
1948,2569,730,1,0
1949,2570,731,1,0
1950,2571,731,1,0
1951,2572,731,1,0
1952,2573,731,1,1
1953,2574,732,1,1
1954,2575,732,1,1
1955,2576,732,1,1
1956,2577,732,1,0
1957,2578,733,1,1
1958,2581,734,1,0
1959,2582,734,1,1
1960,2583,734,1,1
1961,2584,734,1,0
1962,2585,734,1,1
1963,2587,735,1,1
1964,2588,735,1,0
1965,2589,735,1,0
1966,2590,735,1,0
1967,2592,735,1,1
1968,2593,735,1,1
1969,2594,736,1,0
1970,2596,736,1,1
1971,2597,736,1,0
1972,2599,737,1,0
1973,2602,737,1,0
1974,2603,737,1,0
1975,2606,738,1,0
1976,2607,738,1,1
1977,2609,739,1,0
1978,2610,739,1,0
1979,2613,740,1,0
1980,2614,740,1,0
1981,2615,740,1,0
1982,2616,741,1,0
1983,2617,743,1,1
1984,2618,743,1,0
1985,2620,744,1,0
1986,2621,744,1,0
1987,2622,744,1,0
1988,2625,745,1,1
1989,2626,745,1,0
1990,2627,745,1,0
1991,2630,746,1,0
1992,2631,748,1,0
1993,2636,748,1,1
1994,2637,749,1,0
1995,2639,750,1,0
1996,2641,750,1,0
1997,2642,751,1,0
1998,2643,751,1,0
1999,2644,751,1,1
2000,2645,751,1,1
2001,2646,751,1,0
2002,2647,752,1,0
2003,2648,752,1,1
2004,2650,752,1,0
2005,2651,753,1,0
2006,2652,753,1,1
2007,2653,753,1,1
2008,2655,753,1,1
2009,2656,754,1,1
2010,2658,754,1,0
2011,2660,754,1,0
2012,2661,755,1,0
2013,2664,755,1,1
2014,2665,756,1,0
2015,2666,756,1,1
2016,2668,756,1,0
2017,2670,759,1,1
2018,2672,759,1,1
2019,2673,760,1,0
2020,2674,760,1,0
2021,2675,760,1,1
2022,2676,760,1,1
2023,2678,761,1,0
2024,2679,761,1,0
2025,2680,761,1,1
2026,2681,761,1,0
2027,2682,761,1,1
2028,2684,763,1,0
2029,2685,763,1,1
2030,2687,763,1,1
2031,2688,764,1,0
2032,2689,765,1,1
2033,2690,765,1,0
2034,2692,765,1,0
2035,2693,766,1,0
2036,2694,766,1,0
2037,2695,767,1,0
2038,2697,768,1,1
2039,2699,769,1,1
2040,2701,769,1,0
2041,2702,770,1,0
2042,2703,770,1,1
2043,2704,770,1,0
2044,2706,770,1,0
2045,2707,770,1,0
2046,2710,772,1,0
2047,2711,773,1,0
2048,2712,773,1,0
2049,2713,773,1,1
2050,2714,773,1,0
2051,2715,774,1,0
2052,2717,774,1,0
2053,2718,775,1,0
2054,2719,775,1,0
2055,2720,775,1,0
2056,2721,775,1,1
2057,2722,775,1,0
2058,2723,776,1,1
2059,2724,776,1,1
2060,2725,777,1,1
2061,2726,777,1,0
2062,2727,777,1,0
2063,2728,777,1,0
2064,2730,778,1,0
2065,2731,779,1,0
2066,2732,779,1,1
2067,2733,780,1,0
2068,2735,780,1,0
2069,2736,780,1,1
2070,2737,781,1,1
2071,2738,781,1,1
2072,2739,782,1,1
2073,2740,783,1,0
2074,2741,783,1,1
2075,2743,783,1,0
2076,2744,784,1,1
2077,2745,785,1,0
2078,2747,785,1,0
2079,2748,785,1,0
2080,2749,786,1,0
2081,2750,787,1,0
2082,2751,787,1,0
2083,2752,787,1,1
2084,2753,788,1,0
2085,2754,788,1,0
2086,2755,789,1,0
2087,2756,789,1,0
2088,2757,789,1,0
2089,2758,789,1,1
2090,2759,790,1,1
2091,2760,790,1,0
2092,2762,790,1,1
2093,2763,790,1,0
2094,2764,790,1,0
2095,2765,791,1,1
2096,2766,791,1,0
2097,2767,792,1,0
2098,2768,792,1,1
2099,2769,792,1,1
2100,2770,792,1,0
2101,2772,792,1,0
2102,2773,792,1,0
2103,2774,792,1,1
2104,2775,792,1,1
2105,2776,792,1,0
2106,2777,794,1,1
2107,2778,794,1,0
2108,2781,795,1,0
2109,2782,795,1,1
2110,2786,795,1,1
2111,2787,795,1,0
2112,2789,795,1,0
2113,2792,798,1,0
2114,2793,798,1,0
2115,2794,798,1,1
2116,2795,798,1,1
2117,2798,800,1,1
2118,2799,801,1,1
2119,2800,802,1,0
2120,2803,803,1,0
2121,2805,803,1,1
2122,2806,804,1,0
2123,2807,804,1,0
2124,2808,804,1,1
2125,2810,805,1,1
2126,2811,805,1,1
2127,2812,805,1,0
2128,2814,805,1,0
2129,2815,805,1,1
2130,2816,807,1,1
2131,2817,809,1,0
2132,2819,810,1,0
2133,2820,810,1,0
2134,2821,810,1,0
2135,2822,811,1,1
2136,2823,812,1,0
2137,2825,812,1,0
2138,2827,812,1,0
2139,2828,813,1,1
2140,2829,813,1,1
2141,2830,813,1,0
2142,2831,813,1,1
2143,2833,814,1,0
2144,2834,814,1,0
2145,2835,815,1,1
2146,2837,815,1,1
2147,2839,815,1,0
2148,2841,816,1,0
2149,2842,816,1,0
2150,2843,817,1,0
2151,2844,817,1,0
2152,2845,817,1,0
2153,2846,817,1,1
2154,2847,818,1,0
2155,2849,818,1,1
2156,2850,819,1,1
2157,2851,819,1,1
2158,2852,821,1,0
2159,2853,821,1,1
2160,2854,821,1,0
2161,2855,821,1,0
2162,2856,821,1,0
2163,2857,821,1,0
2164,2859,821,1,1
2165,2860,821,1,0
2166,2861,822,1,0
2167,2862,822,1,0
2168,2864,823,1,1
2169,2866,823,1,0
2170,2867,823,1,1
2171,2868,823,1,0
2172,2871,827,1,1
2173,2872,827,1,1
2174,2873,828,1,1
2175,2874,828,1,1
2176,2875,828,1,1
2177,2879,828,1,1
2178,2880,829,1,0
2179,2881,829,1,0
2180,2882,830,1,1
2181,2883,830,1,1
2182,2884,830,1,0
2183,2885,830,1,0
2184,2886,830,1,1
2185,2887,830,1,0
2186,2889,831,1,0
2187,2890,832,1,0
2188,2891,832,1,1
2189,2893,832,1,0
2190,2896,833,1,1
2191,2897,833,1,0
2192,2898,833,1,1
2193,2899,833,1,1
2194,2900,834,1,0
2195,2902,834,1,1
2196,2905,835,1,0
2197,2908,835,1,0
2198,2911,836,1,0
2199,2912,836,1,0
2200,2913,836,1,1
2201,2915,836,1,1
2202,2916,836,1,1
2203,2917,836,1,0
2204,2918,836,1,0
2205,2919,836,1,0
2206,2920,837,1,0
2207,2921,837,1,0
2208,2924,838,1,0
2209,2926,839,1,1
2210,2927,839,1,0
2211,2929,840,1,0
2212,2931,840,1,1
2213,2932,840,1,1
2214,2933,841,1,0
2215,2934,841,1,1
2216,2935,841,1,1
2217,2937,842,1,0
2218,2938,842,1,0
2219,2939,843,1,0
2220,2940,843,1,0
2221,2943,843,1,1
2222,2944,843,1,0
2223,2945,843,1,0
2224,2946,843,1,0
2225,2947,844,1,0
2226,2948,844,1,1
2227,2950,844,1,0
2228,2952,844,1,1
2229,2954,845,1,1
2230,2956,845,1,0
2231,2957,845,1,0
2232,2958,845,1,0
2233,2959,845,1,1
2234,2961,845,1,1
2235,2962,846,1,0
2236,2964,848,1,1
2237,2967,849,1,0
2238,2968,850,1,0
2239,2969,850,1,1
2240,2970,850,1,0
2241,2971,850,1,1
2242,2972,850,1,1
2243,2973,851,1,0
2244,2974,851,1,0
2245,2975,851,1,0
2246,2976,851,1,1
2247,2977,852,1,0
2248,2979,852,1,0
2249,2980,852,1,1
2250,2981,852,1,1
2251,2983,853,1,1
2252,2984,853,1,0
2253,2985,855,1,1
2254,2986,855,1,0
2255,2987,855,1,1
2256,2988,855,1,0
2257,2989,856,1,1
2258,2990,856,1,0
2259,2991,857,1,1
2260,2992,857,1,0
2261,2994,858,1,1
2262,2995,858,1,0
2263,2996,859,1,0
2264,2997,859,1,1
2265,2998,859,1,0
2266,3000,859,1,0
2267,3002,862,1,0
2268,3003,863,1,1
2269,3004,863,1,0
2270,3005,863,1,0
2271,3007,864,1,0
2272,3009,864,1,0
2273,3010,865,1,1
2274,3011,865,1,1
2275,3012,865,1,0
2276,3013,866,1,0
2277,3017,867,1,1
2278,3018,867,1,0
2279,3019,867,1,0
2280,3020,867,1,1
2281,3021,868,1,1
2282,3022,868,1,1
2283,3023,869,1,0
2284,3024,869,1,1
2285,3026,870,1,1
2286,3027,870,1,0
2287,3028,870,1,0
2288,3029,871,1,0
2289,3030,871,1,0
2290,3031,872,1,0
2291,3032,873,1,0
2292,3033,873,1,0
2293,3034,873,1,0
2294,3035,873,1,0
2295,3036,874,1,0
2296,3037,874,1,0
2297,3038,874,1,1
2298,3039,875,1,0
2299,3040,875,1,0
2300,3041,876,1,0
2301,3043,878,1,0
2302,3044,878,1,0
2303,3045,879,1,0
2304,3047,879,1,0
2305,3048,879,1,0
2306,3049,879,1,0
2307,3050,879,1,0
2308,3051,879,1,1
2309,3052,879,1,0
2310,3053,880,1,1
2311,3054,880,1,0
2312,3056,880,1,1
2313,3059,881,1,1
2314,3061,882,1,0
2315,3062,882,1,0
2316,3063,882,1,1
2317,3064,882,1,0
2318,3065,882,1,1
2319,3066,882,1,0
2320,3067,883,1,0
2321,3068,883,1,0
2322,3069,883,1,0
2323,3070,884,1,0
2324,3071,884,1,1
2325,3075,887,1,0
2326,3076,887,1,1
2327,3077,889,1,0
2328,3078,889,1,1
2329,3079,889,1,0
2330,3080,890,1,1
2331,3081,891,1,1
2332,3083,891,1,1
2333,3084,891,1,0
2334,3085,891,1,0
2335,3086,891,1,0
2336,3087,891,1,1
2337,3088,892,1,0
2338,3089,892,1,0
2339,3090,892,1,0
2340,3091,892,1,0
2341,3093,892,1,1
2342,3094,892,1,0
2343,3098,893,1,0
2344,3099,894,1,1
2345,3101,894,1,0
2346,3102,894,1,1
2347,3103,895,1,0
2348,3104,895,1,1
2349,3105,895,1,1
2350,3106,895,1,0
2351,3109,895,1,0
2352,3110,895,1,0
2353,3111,895,1,1
2354,3114,896,1,1
2355,3116,897,1,1
2356,3117,897,1,1
2357,3118,897,1,1
2358,3119,897,1,1
2359,3120,897,1,0
2360,3122,898,1,0
2361,3124,901,1,1
2362,3125,902,1,1
2363,3126,902,1,0
2364,3127,903,1,0
2365,3128,903,1,0
2366,3130,904,1,0
2367,3132,905,1,0
2368,3135,906,1,0
2369,3137,906,1,0
2370,3138,906,1,0
2371,3141,908,1,1
2372,3142,908,1,0
2373,3143,908,1,0
2374,3144,908,1,1
2375,3145,909,1,0
2376,3146,909,1,1
2377,3147,909,1,0
2378,3148,909,1,1
2379,3150,911,1,0
2380,3152,912,1,1
2381,3153,912,1,1
2382,3154,912,1,0
2383,3155,912,1,0
2384,3156,912,1,0
2385,3157,913,1,0
2386,3158,913,1,0
2387,3160,913,1,0
2388,3161,913,1,0
2389,3162,913,1,0
2390,3163,914,1,1
2391,3164,914,1,0
2392,3165,914,1,0
2393,3166,914,1,1
2394,3167,914,1,0
2395,3168,916,1,0
2396,3170,916,1,0
2397,3172,916,1,0
2398,3174,917,1,1
2399,3176,918,1,0
2400,3177,918,1,0
2401,3178,919,1,1
2402,3179,919,1,1
2403,3180,919,1,0
2404,3181,919,1,0
2405,3183,920,1,1
2406,3185,921,1,0
2407,3186,921,1,1
2408,3187,922,1,0
2409,3188,922,1,1
2410,3189,924,1,1
2411,3190,925,1,1
2412,3191,925,1,1
2413,3192,925,1,0
2414,3193,926,1,1
2415,3194,926,1,0
2416,3195,926,1,1
2417,3196,926,1,1
2418,3198,927,1,0
2419,3199,928,1,0
2420,3200,928,1,0
2421,3202,929,1,0
2422,3205,930,1,0
2423,3207,930,1,1
2424,3208,930,1,0
2425,3210,930,1,0
2426,3211,930,1,1
2427,3212,931,1,0
2428,3213,931,1,1
2429,3214,931,1,0
2430,3215,931,1,1
2431,3216,931,1,0
2432,3217,932,1,0
2433,3218,932,1,0
2434,3219,932,1,0
2435,3222,934,1,0
2436,3223,934,1,0
2437,3224,934,1,0
2438,3225,935,1,1
2439,3226,935,1,1
2440,3227,936,1,0
2441,3228,936,1,0
2442,3229,937,1,1
2443,3231,937,1,1
2444,3232,937,1,0
2445,3233,937,1,0
2446,3235,938,1,1
2447,3236,938,1,0
2448,3238,938,1,0
2449,3239,938,1,0
2450,3240,939,1,0
2451,3241,939,1,1
2452,3243,939,1,0
2453,3244,939,1,0
2454,3245,939,1,1
2455,3246,940,1,0
2456,3247,940,1,1
2457,3250,941,1,0
2458,3251,941,1,1
2459,3254,942,1,0
2460,3255,942,1,1
2461,3256,942,1,1
2462,3257,942,1,0
2463,3258,942,1,1
2464,3259,942,1,1
2465,3260,942,1,0
2466,3262,942,1,0
2467,3263,943,1,1
2468,3264,943,1,0
2469,3267,944,1,1
2470,3269,945,1,1
2471,3271,946,1,0
2472,3273,946,1,0
2473,3275,946,1,1
2474,3276,946,1,0
2475,3277,946,1,0
2476,3278,947,1,0
2477,3279,947,1,0
2478,3280,948,1,0
2479,3281,948,1,0
2480,3282,948,1,0
2481,3283,948,1,1
2482,3285,948,1,0
2483,3287,948,1,0
2484,3288,948,1,0
2485,3289,949,1,0
2486,3290,950,1,0
2487,3291,950,1,0
2488,3292,951,1,0
2489,3294,952,1,0
2490,3295,952,1,0
2491,3297,953,1,0
2492,3301,955,1,1
2493,3302,956,1,0
2494,3303,956,1,1
2495,3305,957,1,0
2496,3306,957,1,1
2497,3307,957,1,0
2498,3310,957,1,0
2499,3311,957,1,0
2500,3312,958,1,0
2501,3313,958,1,1
2502,3314,958,1,1
2503,3315,958,1,0
2504,3316,959,1,1
2505,3320,961,1,0
2506,3321,962,1,1
2507,3322,962,1,1
2508,3323,962,1,0
2509,3324,962,1,0
2510,3325,964,1,1
2511,3326,964,1,0
2512,3328,964,1,0
2513,3329,964,1,0
2514,3330,965,1,0
2515,3331,966,1,0
2516,3332,966,1,0
2517,3333,967,1,1
2518,3334,968,1,0
2519,3335,968,1,0
2520,3337,968,1,0
2521,3338,968,1,0
2522,3339,969,1,1
2523,3340,969,1,1
2524,3341,969,1,1
2525,3344,969,1,1
2526,3346,971,1,0
2527,3347,971,1,1
2528,3348,971,1,0
2529,3349,971,1,0
2530,3353,972,1,1
2531,3357,973,1,1
2532,3359,973,1,0
2533,3360,974,1,1
2534,3361,974,1,0
2535,3362,975,1,0
2536,3363,975,1,0
2537,3364,975,1,1
2538,3365,975,1,1
2539,3366,975,1,1
2540,3367,975,1,1
2541,3368,975,1,0
2542,3369,976,1,1
2543,3370,976,1,0
2544,3371,977,1,1
2545,3372,977,1,1
2546,3374,977,1,0
2547,3375,978,1,0
2548,3376,978,1,1
2549,3377,979,1,0
2550,3378,979,1,1
2551,3379,979,1,0
2552,3382,980,1,0
2553,3384,980,1,1
2554,3385,980,1,1
2555,3386,980,1,0
2556,3387,980,1,0
2557,3388,981,1,0
2558,3389,981,1,1
2559,3391,981,1,0
2560,3392,982,1,0
2561,3393,982,1,1
2562,3395,982,1,0
2563,3396,982,1,0
2564,3397,982,1,0
2565,3398,982,1,1
2566,3400,983,1,1
2567,3401,983,1,1
2568,3402,983,1,1
2569,3404,983,1,1
2570,3405,983,1,0
2571,3406,983,1,1
2572,3407,984,1,0
2573,3408,984,1,0
2574,3411,984,1,1
2575,3412,984,1,0
2576,3413,984,1,0
2577,3415,986,1,0
2578,3416,986,1,1
2579,3418,987,1,0
2580,3419,987,1,0
2581,3420,987,1,0
2582,3421,987,1,0
2583,3422,987,1,1
2584,3423,987,1,0
2585,3424,989,1,0
2586,3425,989,1,0
2587,3426,989,1,1
2588,3427,989,1,1
2589,3429,989,1,0
2590,3430,990,1,0
2591,3431,990,1,0
2592,3432,990,1,0
2593,3433,990,1,0
2594,3434,990,1,0
2595,3435,990,1,0
2596,3436,991,1,1
2597,3438,991,1,0
2598,3440,991,1,1
2599,3441,991,1,1
2600,3443,992,1,0
2601,3444,992,1,0
2602,3446,992,1,0
2603,3447,993,1,0
2604,3448,993,1,1
2605,3450,994,1,1
2606,3452,994,1,1
2607,3453,994,1,0
2608,3454,994,1,0
2609,3455,994,1,1
2610,3456,995,1,1
2611,3457,996,1,0
2612,3458,998,1,1
2613,3459,998,1,0
2614,3460,998,1,0
2615,3462,998,1,1
2616,3463,998,1,0
2617,3464,999,1,0
2618,3465,999,1,1
2619,3467,1000,1,1
2620,3468,1001,1,0
2621,3469,1001,1,0
2622,3471,1002,1,0
2623,3472,1003,1,0
2624,3473,1003,1,0
2625,3474,1003,1,0
2626,3476,1004,1,0
2627,3477,1004,1,0
2628,3478,1004,1,0
2629,3480,1005,1,0
2630,3482,1005,1,0
2631,3483,1005,1,1
2632,3484,1005,1,1
2633,3486,1005,1,0
2634,3487,1005,1,0
2635,3488,1005,1,1
2636,3489,1006,1,0
2637,3490,1007,1,0
2638,3491,1007,1,0
2639,3492,1008,1,0
2640,3493,1008,1,1
2641,3494,1008,1,1
2642,3495,1009,1,0
2643,3496,1010,1,1
2644,3497,1010,1,0
2645,3498,1010,1,0
2646,3499,1010,1,1
2647,3502,1011,1,0
2648,3503,1011,1,0
2649,3507,1012,1,0
2650,3508,1012,1,0
2651,3510,1013,1,0
2652,3511,1013,1,0
2653,3512,1013,1,0
2654,3514,1014,1,1
2655,3515,1014,1,0
2656,3516,1014,1,0
2657,3518,1015,1,1
2658,3519,1016,1,1
2659,3520,1016,1,0
2660,3522,1016,1,1
2661,3523,1016,1,0
2662,3524,1016,1,0
2663,3525,1017,1,1
2664,3526,1017,1,0
2665,3528,1017,1,0
2666,3529,1017,1,1
2667,3530,1021,1,1
2668,3531,1021,1,0
2669,3532,1022,1,0
2670,3533,1023,1,0
2671,3538,1024,1,0
2672,3540,1024,1,0
2673,3542,1025,1,0
2674,3543,1025,1,0
2675,3545,1026,1,0
2676,3547,1026,1,0
2677,3548,1026,1,0
2678,3549,1026,1,1
2679,3551,1026,1,1
2680,3552,1027,1,0
2681,3553,1027,1,0
2682,3554,1027,1,0
2683,3556,1028,1,0
2684,3557,1028,1,0
2685,3558,1028,1,1
2686,3559,1028,1,0
2687,3560,1028,1,1
2688,3561,1028,1,0
2689,3562,1029,1,0
2690,3563,1029,1,0
2691,3564,1029,1,0
2692,3565,1030,1,0
2693,3566,1030,1,1
2694,3568,1030,1,1
2695,3569,1030,1,0
2696,3570,1030,1,0
2697,3572,1031,1,0
2698,3573,1031,1,1
2699,3574,1032,1,0
2700,3575,1032,1,0
2701,3576,1032,1,0
2702,3579,1033,1,0
2703,3581,1033,1,0
2704,3582,1033,1,0
2705,3583,1033,1,1
2706,3584,1033,1,0
2707,3585,1033,1,1
2708,3587,1034,1,0
2709,3588,1036,1,0
2710,3589,1036,1,0
2711,3590,1036,1,0
2712,3591,1036,1,1
2713,3592,1036,1,0
2714,3593,1036,1,0
2715,3594,1036,1,0
2716,3597,1038,1,0
2717,3598,1038,1,1
2718,3600,1038,1,1
2719,3602,1039,1,0
2720,3604,1039,1,0
2721,3605,1039,1,0
2722,3606,1039,1,0
2723,3607,1039,1,1
2724,3608,1039,1,0
2725,3609,1040,1,0
2726,3610,1040,1,0
2727,3611,1040,1,0
2728,3614,1042,1,0
2729,3615,1043,1,0
2730,3617,1044,1,0
2731,3618,1044,1,0
2732,3619,1044,1,1
2733,3620,1044,1,0
2734,3621,1044,1,0
2735,3622,1045,1,0
2736,3623,1045,1,0
2737,3624,1045,1,0
2738,3625,1045,1,0
2739,3626,1045,1,0
2740,3629,1045,1,1
2741,3630,1045,1,1
2742,3631,1046,1,0
2743,3632,1046,1,0
2744,3634,1047,1,0
2745,3636,1047,1,1
2746,3637,1047,1,0
2747,3638,1048,1,0
2748,3639,1048,1,1
2749,3641,1049,1,0
2750,3642,1049,1,0
2751,3644,1049,1,0
2752,3645,1049,1,1
2753,3646,1049,1,0
2754,3647,1050,1,1
2755,3649,1051,1,1
2756,3650,1051,1,0
2757,3651,1051,1,0
2758,3652,1051,1,1
2759,3653,1051,1,0
2760,3654,1051,1,0
2761,3655,1052,1,1
2762,3656,1052,1,0
2763,3657,1052,1,0
2764,3659,1053,1,0
2765,3660,1053,1,0
2766,3661,1054,1,0
2767,3662,1054,1,1
2768,3665,1054,1,0
2769,3666,1054,1,1
2770,3668,1055,1,1
2771,3669,1056,1,0
2772,3670,1056,1,0
2773,3671,1057,1,0
2774,3672,1057,1,0
2775,3674,1058,1,1
2776,3675,1059,1,1
2777,3676,1059,1,0
2778,3677,1059,1,0
2779,3678,1059,1,0
2780,3680,1059,1,1
2781,3681,1060,1,0
2782,3682,1060,1,1
2783,3684,1061,1,1
2784,3686,1061,1,0
2785,3687,1061,1,1
2786,3688,1061,1,0
2787,3690,1062,1,0
2788,3691,1062,1,1
2789,3694,1063,1,1
2790,3695,1064,1,1
2791,3696,1064,1,0
2792,3697,1065,1,0
2793,3699,1066,1,1
2794,3700,1067,1,0
2795,3701,1067,1,1
2796,3702,1068,1,0
2797,3703,1068,1,0
2798,3704,1068,1,1
2799,3705,1068,1,0
2800,3706,1068,1,0
2801,3707,1069,1,1
2802,3708,1069,1,1
2803,3709,1069,1,0
2804,3711,1070,1,0
2805,3712,1070,1,0
2806,3717,1071,1,1
2807,3718,1071,1,1
2808,3719,1071,1,1
2809,3720,1072,1,0
2810,3721,1072,1,0
2811,3724,1073,1,1
2812,3726,1073,1,1
2813,3727,1074,1,0
2814,3728,1074,1,0
2815,3729,1074,1,1
2816,3730,1074,1,0
2817,3731,1074,1,0
2818,3733,1074,1,1
2819,3734,1075,1,0
2820,3737,1077,1,0
2821,3738,1077,1,0
2822,3739,1077,1,0
2823,3741,1079,1,0
2824,3742,1079,1,1
2825,3743,1079,1,1
2826,3744,1079,1,1
2827,3745,1079,1,0
2828,3746,1080,1,0
2829,3747,1080,1,0
2830,3748,1080,1,0
2831,3749,1080,1,1
2832,3751,1082,1,1
2833,3752,1082,1,1
2834,3753,1082,1,0
2835,3754,1082,1,0
2836,3755,1083,1,1
2837,3756,1083,1,0
2838,3759,1083,1,0
2839,3760,1083,1,0
2840,3761,1086,1,0
2841,3763,1086,1,0
2842,3764,1087,1,1
2843,3765,1087,1,1
2844,3766,1087,1,0
2845,3767,1087,1,0
2846,3768,1087,1,0
2847,3771,1088,1,1
2848,3772,1088,1,0
2849,3773,1088,1,0
2850,3776,1089,1,1
2851,3777,1089,1,1
2852,3778,1090,1,0
2853,3779,1090,1,0
2854,3780,1091,1,1
2855,3782,1092,1,1
2856,3783,1093,1,0
2857,3784,1093,1,1
2858,3785,1093,1,0
2859,3787,1094,1,1
2860,3788,1094,1,1
2861,3789,1094,1,1
2862,3791,1095,1,1
2863,3792,1095,1,0
2864,3793,1095,1,1
2865,3794,1095,1,1
2866,3795,1095,1,1
2867,3796,1095,1,1
2868,3797,1096,1,1
2869,3798,1096,1,0
2870,3799,1096,1,0
2871,3800,1096,1,1
2872,3801,1097,1,1
2873,3802,1097,1,0
2874,3804,1097,1,0
2875,3805,1097,1,1
2876,3807,1098,1,0
2877,3809,1098,1,0
2878,3810,1099,1,0
2879,3812,1099,1,0
2880,3814,1099,1,0
2881,3815,1100,1,1
2882,3816,1100,1,0
2883,3818,1100,1,0
2884,3820,1101,1,0
2885,3822,1101,1,1
2886,3823,1102,1,1
2887,3826,1103,1,0
2888,3827,1103,1,1
2889,3829,1104,1,1
2890,3830,1104,1,1
2891,3832,1105,1,0
2892,3834,1105,1,0
2893,3835,1105,1,0
2894,3836,1105,1,0
2895,3837,1106,1,1
2896,3838,1106,1,1
2897,3839,1106,1,0
2898,3840,1106,1,1
2899,3841,1107,1,1
2900,3842,1107,1,1
2901,3844,1107,1,0
2902,3847,1109,1,0
2903,3848,1109,1,1
2904,3849,1110,1,0
2905,3850,1111,1,1
2906,3852,1111,1,1
2907,3853,1111,1,0
2908,3854,1112,1,0
2909,3855,1112,1,0
2910,3856,1112,1,0
2911,3857,1113,1,0
2912,3858,1113,1,1
2913,3862,1113,1,0
2914,3863,1113,1,1
2915,3864,1114,1,0
2916,3865,1114,1,0
2917,3866,1114,1,0
2918,3867,1115,1,0
2919,3869,1117,1,0
2920,3870,1117,1,0
2921,3871,1118,1,0
2922,3872,1118,1,0
2923,3873,1118,1,1
2924,3874,1118,1,0
2925,3876,1118,1,1
2926,3879,1119,1,0
2927,3880,1119,1,1
2928,3881,1119,1,0
2929,3882,1119,1,1
2930,3884,1121,1,0
2931,3886,1122,1,0
2932,3887,1122,1,0
2933,3888,1122,1,0
2934,3889,1123,1,1
2935,3890,1123,1,0
2936,3891,1124,1,0
2937,3892,1124,1,0
2938,3893,1124,1,0
2939,3894,1125,1,0
2940,3895,1125,1,0
2941,3896,1125,1,1
2942,3897,1126,1,1
2943,3899,1127,1,0
2944,3900,1127,1,0
2945,3901,1128,1,1
2946,3902,1128,1,0
2947,3903,1128,1,1
2948,3904,1128,1,0
2949,3905,1128,1,0
2950,3906,1128,1,0
2951,3907,1129,1,1
2952,3908,1129,1,1
2953,3909,1129,1,0
2954,3911,1129,1,1
2955,3912,1129,1,1
2956,3913,1129,1,0
2957,3914,1130,1,0
2958,3915,1130,1,1
2959,3916,1130,1,0
2960,3917,1130,1,1
2961,3918,1130,1,1
2962,3919,1131,1,0
2963,3920,1131,1,0
2964,3922,1131,1,0
2965,3924,1132,1,1
2966,3926,1133,1,1
2967,3927,1133,1,1
2968,3928,1133,1,1
2969,3929,1134,1,0
2970,3930,1134,1,1
2971,3931,1135,1,0
2972,3932,1135,1,0
2973,3933,1135,1,1
2974,3934,1135,1,0
2975,3935,1136,1,1
2976,3936,1136,1,0
2977,3937,1137,1,1
2978,3938,1138,1,1
2979,3939,1138,1,1
2980,3940,1138,1,0
2981,3941,1139,1,1
2982,3942,1139,1,0
2983,3943,1139,1,0
2984,3944,1139,1,0
2985,3945,1140,1,0
2986,3946,1140,1,0
2987,3947,1141,1,0
2988,3948,1141,1,1
2989,3949,1141,1,1
2990,3952,1142,1,0
2991,3953,1142,1,0
2992,3954,1142,1,0
2993,3956,1143,1,1
2994,3957,1143,1,1
2995,3958,1144,1,0
2996,3959,1145,1,0
2997,3960,1146,1,0
2998,3961,1147,1,0
2999,3963,1147,1,1
3000,3964,1147,1,0
3001,3966,1147,1,1
3002,3967,1148,1,0
3003,3969,1149,1,0
3004,3970,1150,1,0
3005,3971,1150,1,0
3006,3972,1150,1,0
3007,3973,1150,1,0
3008,3974,1150,1,0
3009,3975,1151,1,1
3010,3976,1151,1,0
3011,3977,1151,1,0
3012,3978,1151,1,0
3013,3979,1151,1,0
3014,3980,1151,1,1
3015,3982,1152,1,1
3016,3983,1152,1,0
3017,3985,1153,1,0
3018,3986,1153,1,0
3019,3987,1153,1,1
3020,3988,1153,1,0
3021,3990,1153,1,1
3022,3991,1153,1,1
3023,3992,1154,1,1
3024,3993,1154,1,0
3025,3994,1154,1,0
3026,3996,1154,1,0
3027,4000,1156,1,1
3028,4001,1157,1,1
3029,4002,1157,1,0
3030,4003,1157,1,1
3031,4004,1157,1,0
3032,4006,1158,1,1
3033,4007,1158,1,1
3034,4009,1159,1,1
3035,4011,1160,1,0
3036,4012,1160,1,0
3037,4013,1160,1,1
3038,4014,1160,1,1
3039,4015,1160,1,1
3040,4016,1161,1,1
3041,4017,1161,1,0
3042,4018,1161,1,0
3043,4019,1161,1,0
3044,4020,1162,1,1
3045,4022,1162,1,1
3046,4023,1162,1,1
3047,4024,1162,1,1
3048,4025,1163,1,1
3049,4028,1164,1,1
3050,4029,1165,1,0
3051,4032,1167,1,0
3052,4035,1167,1,0
3053,4036,1167,1,0
3054,4038,1167,1,0
3055,4039,1167,1,1
3056,4040,1168,1,0
3057,4041,1168,1,0
3058,4042,1169,1,0
3059,4043,1169,1,0
3060,4044,1169,1,1
3061,4046,1170,1,0
3062,4048,1170,1,1
3063,4050,1172,1,1
3064,4052,1172,1,1
3065,4053,1172,1,0
3066,4054,1172,1,0
3067,4055,1173,1,0
3068,4057,1174,1,0
3069,4060,1176,1,1
3070,4061,1176,1,1
3071,4062,1176,1,0
3072,4063,1176,1,0
3073,4064,1177,1,0
3074,4065,1177,1,0
3075,4066,1177,1,1
3076,4067,1177,1,0
3077,4068,1177,1,1
3078,4069,1177,1,0
3079,4070,1177,1,0
3080,4071,1177,1,0
3081,4072,1177,1,0
3082,4073,1177,1,0
3083,4074,1177,1,1
3084,4075,1178,1,0
3085,4076,1178,1,0
3086,4079,1179,1,1
3087,4080,1180,1,0
3088,4082,1181,1,0
3089,4083,1181,1,0
3090,4085,1181,1,0
3091,4086,1181,1,1
3092,4087,1181,1,1
3093,4088,1181,1,0
3094,4089,1181,1,1
3095,4090,1182,1,1
3096,4092,1182,1,0
3097,4093,1183,1,1
3098,4094,1183,1,0
3099,4095,1183,1,1
3100,4096,1183,1,0
3101,4097,1184,1,1
3102,4099,1184,1,0
3103,4100,1184,1,1
3104,4102,1184,1,1
3105,4103,1185,1,0
3106,4104,1185,1,1
3107,4105,1185,1,0
3108,4106,1185,1,0
3109,4107,1186,1,0
3110,4108,1186,1,0
3111,4109,1187,1,1
3112,4110,1187,1,1
3113,4111,1187,1,0
3114,4112,1187,1,0
3115,4113,1187,1,0
3116,4114,1187,1,0
3117,4115,1189,1,0
3118,4117,1189,1,0
3119,4118,1189,1,0
3120,4120,1189,1,0
3121,4122,1189,1,0
3122,4123,1189,1,0
3123,4124,1190,1,0
3124,4125,1190,1,0
3125,4126,1190,1,1
3126,4127,1191,1,0
3127,4128,1191,1,1
3128,4130,1191,1,0
3129,4133,1192,1,0
3130,4136,1192,1,1
3131,4138,1193,1,0
3132,4139,1193,1,0
3133,4140,1193,1,1
3134,4141,1193,1,0
3135,4142,1193,1,0
3136,4143,1193,1,0
3137,4144,1194,1,0
3138,4145,1194,1,0
3139,4146,1194,1,1
3140,4147,1194,1,1
3141,4148,1194,1,0
3142,4149,1195,1,1
3143,4150,1195,1,1
3144,4151,1195,1,0
3145,4154,1197,1,0
3146,4155,1197,1,1
3147,4156,1198,1,1
3148,4157,1198,1,1
3149,4158,1198,1,1
3150,4159,1198,1,1
3151,4162,1200,1,0
3152,4163,1202,1,1
3153,4164,1202,1,0
3154,4165,1204,1,0
3155,4167,1205,1,0
3156,4168,1205,1,1
3157,4169,1205,1,1
3158,4170,1206,1,0
3159,4173,1208,1,0
3160,4174,1208,1,0
3161,4175,1208,1,1
3162,4176,1209,1,1
3163,4177,1209,1,1
3164,4179,1210,1,0
3165,4181,1210,1,0
3166,4182,1210,1,1
3167,4183,1210,1,0
3168,4184,1210,1,1
3169,4185,1211,1,1
3170,4186,1211,1,1
3171,4187,1211,1,0
3172,4191,1213,1,0
3173,4192,1213,1,0
3174,4193,1214,1,1
3175,4195,1214,1,1
3176,4196,1214,1,1
3177,4197,1214,1,1
3178,4199,1215,1,1
3179,4200,1215,1,0
3180,4201,1216,1,1
3181,4202,1216,1,1
3182,4203,1216,1,1
3183,4204,1217,1,0
3184,4206,1217,1,0
3185,4207,1217,1,0
3186,4209,1218,1,1
3187,4210,1218,1,1
3188,4213,1218,1,0
3189,4214,1218,1,0
3190,4215,1219,1,0
3191,4216,1219,1,0
3192,4217,1219,1,0
3193,4218,1220,1,0
3194,4219,1220,1,0
3195,4220,1220,1,0
3196,4221,1220,1,1
3197,4223,1221,1,1
3198,4224,1221,1,0
3199,4225,1222,1,0
3200,4226,1222,1,0
3201,4227,1222,1,0
3202,4229,1222,1,1
3203,4230,1222,1,1
3204,4231,1222,1,1
3205,4232,1222,1,0
3206,4234,1223,1,0
3207,4235,1224,1,1
3208,4236,1226,1,0
3209,4237,1226,1,0
3210,4238,1226,1,0
3211,4240,1227,1,0
3212,4241,1227,1,0
3213,4242,1227,1,1
3214,4243,1227,1,0
3215,4245,1228,1,1
3216,4246,1229,1,0
3217,4247,1229,1,1
3218,4248,1230,1,1
3219,4249,1230,1,1
3220,4250,1230,1,0
3221,4251,1230,1,1
3222,4253,1230,1,0
3223,4254,1230,1,0
3224,4255,1230,1,1
3225,4256,1230,1,0
3226,4258,1232,1,1
3227,4259,1232,1,0
3228,4263,1233,1,0
3229,4265,1235,1,1
3230,4266,1235,1,0
3231,4267,1236,1,1
3232,4268,1236,1,0
3233,4269,1236,1,1
3234,4270,1237,1,0
3235,4272,1237,1,1
3236,4273,1237,1,0
3237,4275,1238,1,0
3238,4277,1239,1,0
3239,4278,1239,1,0
3240,4279,1239,1,1
3241,4281,1239,1,0
3242,4290,1243,1,1
3243,4292,1243,1,1
3244,4293,1243,1,0
3245,4294,1244,1,0
3246,4295,1244,1,1
3247,4296,1244,1,1
3248,4297,1244,1,1
3249,4299,1244,1,0
3250,4300,1244,1,0
3251,4301,1245,1,0
3252,4302,1245,1,0
3253,4304,1246,1,1
3254,4305,1247,1,0
3255,4307,1248,1,0
3256,4308,1248,1,1
3257,4309,1248,1,1
3258,4310,1248,1,0
3259,4311,1248,1,0
3260,4314,1249,1,0
3261,4317,1250,1,0
3262,4319,1251,1,0
3263,4320,1251,1,1
3264,4322,1252,1,1
3265,4324,1252,1,0
3266,4325,1253,1,0
3267,4326,1254,1,0
3268,4327,1254,1,0
3269,4329,1254,1,1
3270,4330,1254,1,1
3271,4331,1254,1,0
3272,4332,1255,1,0
3273,4333,1255,1,0
3274,4334,1255,1,0
3275,4335,1255,1,1
3276,4336,1255,1,1
3277,4337,1256,1,1
3278,4338,1256,1,1
3279,4339,1256,1,1
3280,4341,1257,1,0
3281,4344,1257,1,1
3282,4347,1257,1,1
3283,4349,1258,1,1
3284,4350,1258,1,0
3285,4353,1259,1,1
3286,4354,1259,1,0
3287,4355,1259,1,1
3288,4356,1259,1,0
3289,4358,1260,1,0
3290,4359,1260,1,0
3291,4361,1260,1,1
3292,4362,1262,1,0
3293,4363,1263,1,1
3294,4364,1263,1,1
3295,4365,1263,1,0
3296,4366,1264,1,0
3297,4367,1264,1,1
3298,4368,1264,1,0
3299,4370,1265,1,0
3300,4371,1265,1,1
3301,4372,1265,1,0
3302,4373,1265,1,0
3303,4374,1265,1,1
3304,4375,1266,1,0
3305,4376,1266,1,0
3306,4377,1266,1,0
3307,4378,1266,1,1
3308,4379,1268,1,0
3309,4380,1268,1,0
3310,4381,1268,1,1
3311,4382,1268,1,0
3312,4383,1268,1,0
3313,4384,1269,1,1
3314,4385,1269,1,1
3315,4387,1269,1,0
3316,4388,1270,1,0
3317,4389,1270,1,1
3318,4390,1270,1,1
3319,4391,1270,1,0
3320,4392,1271,1,0
3321,4393,1271,1,0
3322,4395,1271,1,1
3323,4397,1272,1,0
3324,4399,1272,1,1
3325,4400,1272,1,0
3326,4401,1272,1,1
3327,4402,1272,1,0
3328,4404,1273,1,0
3329,4405,1273,1,1
3330,4406,1273,1,0
3331,4407,1273,1,0
3332,4408,1274,1,0
3333,4409,1274,1,0
3334,4410,1274,1,1
3335,4412,1275,1,1
3336,4413,1275,1,1
3337,4414,1276,1,1
3338,4415,1276,1,1
3339,4416,1277,1,0
3340,4418,1277,1,0
3341,4419,1277,1,1
3342,4420,1278,1,0
3343,4421,1278,1,1
3344,4423,1279,1,1
3345,4425,1280,1,0
3346,4427,1281,1,1
3347,4430,1284,1,0
3348,4432,1285,1,1
3349,4434,1285,1,0
3350,4437,1286,1,0
3351,4438,1286,1,0
3352,4439,1286,1,0
3353,4440,1287,1,1
3354,4441,1287,1,0
3355,4442,1287,1,0
3356,4443,1287,1,0
3357,4444,1288,1,1
3358,4447,1288,1,0
3359,4448,1288,1,0
3360,4449,1288,1,0
3361,4450,1289,1,0
3362,4451,1289,1,1
3363,4452,1289,1,0
3364,4453,1289,1,1
3365,4454,1289,1,1
3366,4455,1289,1,0
3367,4456,1290,1,1
3368,4457,1290,1,1
3369,4458,1290,1,0
3370,4459,1291,1,1
3371,4460,1291,1,1
3372,4462,1292,1,1
3373,4463,1293,1,0
3374,4465,1294,1,1
3375,4468,1295,1,0
3376,4469,1296,1,0
3377,4470,1296,1,1
3378,4471,1296,1,0
3379,4473,1296,1,1
3380,4474,1298,1,0
3381,4476,1298,1,0
3382,4477,1298,1,0
3383,4479,1299,1,0
3384,4480,1299,1,0
3385,4481,1299,1,1
3386,4482,1299,1,0
3387,4484,1299,1,1
3388,4485,1299,1,1
3389,4486,1300,1,1
3390,4487,1301,1,1
3391,4488,1301,1,0
3392,4490,1302,1,0
3393,4492,1302,1,0
3394,4493,1302,1,1
3395,4494,1303,1,1
3396,4496,1305,1,1
3397,4497,1305,1,1
3398,4499,1305,1,0
3399,4500,1305,1,0
3400,4501,1305,1,0
3401,4502,1306,1,0
3402,4503,1306,1,1
3403,4507,1306,1,0
3404,4511,1308,1,1
3405,4513,1309,1,0
3406,4514,1310,1,0
3407,4515,1310,1,1
3408,4516,1310,1,0
3409,4517,1310,1,0
3410,4519,1311,1,1
3411,4520,1311,1,0
3412,4521,1311,1,0
3413,4522,1312,1,1
3414,4523,1312,1,1
3415,4524,1312,1,1
3416,4525,1312,1,0
3417,4526,1312,1,0
3418,4529,1313,1,0
3419,4530,1313,1,0
3420,4532,1313,1,1
3421,4533,1313,1,0
3422,4534,1314,1,1
3423,4536,1314,1,0
3424,4537,1314,1,1
3425,4539,1315,1,0
3426,4540,1315,1,0
3427,4543,1315,1,0
3428,4545,1316,1,1
3429,4546,1316,1,0
3430,4547,1316,1,0
3431,4548,1316,1,0
3432,4549,1317,1,0
3433,4553,1318,1,0
3434,4554,1318,1,0
3435,4555,1318,1,0
3436,4557,1319,1,0
3437,4559,1319,1,0
3438,4560,1319,1,0
3439,4562,1319,1,0
3440,4563,1319,1,1
3441,4565,1320,1,0
3442,4566,1320,1,0
3443,4568,1320,1,0
3444,4569,1320,1,1
3445,4572,1321,1,1
3446,4573,1321,1,0
3447,4574,1322,1,1
3448,4575,1322,1,0
3449,4576,1322,1,1
3450,4577,1323,1,1
3451,4578,1323,1,1
3452,4579,1323,1,0
3453,4580,1324,1,0
3454,4581,1324,1,1
3455,4582,1324,1,0
3456,4583,1324,1,0
3457,4584,1325,1,1
3458,4585,1325,1,1
3459,4586,1325,1,0
3460,4587,1325,1,0
3461,4588,1325,1,0
3462,4591,1328,1,0
3463,4592,1328,1,0
3464,4593,1328,1,1
3465,4594,1329,1,0
3466,4595,1329,1,1
3467,4596,1330,1,0
3468,4597,1330,1,0
3469,4598,1330,1,0
3470,4600,1331,1,0
3471,4601,1331,1,0
3472,4602,1331,1,0
3473,4604,1332,1,0
3474,4605,1332,1,0
3475,4606,1332,1,0
3476,4607,1332,1,0
3477,4609,1332,1,1
3478,4610,1333,1,0
3479,4612,1334,1,0
3480,4614,1334,1,0
3481,4615,1334,1,0
3482,4616,1334,1,1
3483,4618,1337,1,0
3484,4619,1337,1,1
3485,4621,1337,1,0
3486,4622,1337,1,0
3487,4624,1339,1,0
3488,4625,1340,1,0
3489,4628,1341,1,0
3490,4629,1341,1,0
3491,4630,1341,1,0
3492,4631,1341,1,1
3493,4632,1342,1,1
3494,4633,1342,1,0
3495,4634,1342,1,0
3496,4636,1342,1,1
3497,4637,1343,1,1
3498,4639,1344,1,1
3499,4640,1344,1,0
3500,4641,1344,1,0
3501,4642,1344,1,1
3502,4643,1345,1,1
3503,4644,1345,1,0
3504,4645,1345,1,0
3505,4646,1345,1,0
3506,4647,1345,1,1
3507,4651,1346,1,0
3508,4652,1347,1,0
3509,4653,1347,1,1
3510,4655,1347,1,0
3511,4657,1347,1,0
3512,4658,1348,1,0
3513,4660,1348,1,1
3514,4661,1350,1,0
3515,4662,1350,1,0
3516,4663,1350,1,0
3517,4664,1350,1,1
3518,4665,1351,1,1
3519,4666,1351,1,0
3520,4667,1352,1,0
3521,4669,1352,1,0
3522,4671,1353,1,0
3523,4672,1353,1,0
3524,4674,1353,1,0
3525,4676,1356,1,0
3526,4677,1356,1,0
3527,4678,1356,1,0
3528,4679,1356,1,0
3529,4681,1357,1,1
3530,4683,1358,1,0
3531,4684,1358,1,1
3532,4686,1359,1,1
3533,4689,1360,1,0
3534,4690,1361,1,0
3535,4692,1361,1,0
3536,4693,1361,1,0
3537,4695,1361,1,0
3538,4696,1362,1,0
3539,4698,1362,1,0
3540,4699,1363,1,1
3541,4702,1365,1,1
3542,4703,1365,1,0
3543,4704,1365,1,1
3544,4705,1365,1,0
3545,4706,1366,1,0
3546,4711,1367,1,0
3547,4712,1367,1,0
3548,4713,1367,1,0
3549,4714,1367,1,1
3550,4715,1368,1,0
3551,4716,1368,1,0
3552,4717,1368,1,0
3553,4718,1368,1,1
3554,4719,1368,1,0
3555,4720,1368,1,0
3556,4721,1368,1,1
3557,4723,1369,1,1
3558,4725,1369,1,1
3559,4726,1369,1,0
3560,4727,1370,1,0
3561,4728,1370,1,0
3562,4729,1371,1,0
3563,4730,1372,1,1
3564,4731,1372,1,0
3565,4732,1372,1,0
3566,4734,1373,1,0
3567,4735,1373,1,0
3568,4736,1373,1,0
3569,4737,1373,1,1
3570,4739,1373,1,0
3571,4741,1373,1,1
3572,4742,1373,1,0
3573,4744,1375,1,0
3574,4745,1375,1,0
3575,4746,1375,1,1
3576,4747,1375,1,1
3577,4748,1375,1,1
3578,4749,1376,1,0
3579,4751,1376,1,0
3580,4752,1376,1,0
3581,4754,1377,1,0
3582,4756,1379,1,0
3583,4757,1379,1,0
3584,4758,1379,1,0
3585,4759,1379,1,0
3586,4760,1380,1,0
3587,4761,1380,1,0
3588,4763,1381,1,1
3589,4765,1382,1,1
3590,4766,1382,1,1
3591,4767,1382,1,1
3592,4768,1382,1,1
3593,4769,1382,1,1
3594,4771,1383,1,0
3595,4772,1383,1,1
3596,4773,1383,1,0
3597,4774,1384,1,1
3598,4775,1384,1,0
3599,4777,1385,1,0
3600,4779,1385,1,0
3601,4780,1385,1,0
3602,4781,1385,1,0
3603,4782,1385,1,0
3604,4783,1385,1,0
3605,4784,1387,1,1
3606,4786,1387,1,1
3607,4787,1388,1,1
3608,4788,1388,1,1
3609,4789,1388,1,1
3610,4790,1388,1,0
3611,4791,1389,1,0
3612,4792,1389,1,0
3613,4793,1389,1,0
3614,4794,1390,1,0
3615,4795,1390,1,1
3616,4796,1390,1,0
3617,4798,1391,1,1
3618,4799,1391,1,0
3619,4803,1392,1,1
3620,4804,1392,1,0
3621,4805,1392,1,0
3622,4806,1392,1,0
3623,4807,1392,1,0
3624,4808,1392,1,1
3625,4809,1393,1,0
3626,4810,1394,1,0
3627,4811,1394,1,0
3628,4812,1395,1,0
3629,4813,1395,1,0
3630,4815,1396,1,1
3631,4816,1396,1,1
3632,4819,1397,1,1
3633,4820,1398,1,1
3634,4822,1398,1,1
3635,4823,1398,1,0
3636,4826,1398,1,0
3637,4828,1399,1,0
3638,4829,1399,1,0
3639,4830,1399,1,0
3640,4831,1399,1,0
3641,4832,1399,1,0
3642,4833,1399,1,0
3643,4834,1400,1,0
3644,4835,1402,1,0
3645,4836,1402,1,1
3646,4837,1402,1,0
3647,4838,1402,1,1
3648,4839,1402,1,0
3649,4841,1403,1,0
3650,4842,1403,1,0
3651,4843,1403,1,1
3652,4844,1403,1,0
3653,4845,1405,1,0
3654,4846,1405,1,0
3655,4847,1405,1,0
3656,4849,1405,1,0
3657,4850,1406,1,0
3658,4852,1406,1,1
3659,4853,1406,1,0
3660,4854,1406,1,0
3661,4856,1408,1,1
3662,4858,1408,1,1
3663,4860,1408,1,0
3664,4861,1408,1,0
3665,4862,1408,1,0
3666,4863,1408,1,0
3667,4864,1409,1,0
3668,4866,1410,1,1
3669,4867,1410,1,0
3670,4868,1411,1,0
3671,4869,1412,1,1
3672,4870,1412,1,0
3673,4871,1413,1,1
3674,4872,1413,1,0
3675,4873,1413,1,0
3676,4874,1413,1,0
3677,4875,1413,1,0
3678,4877,1414,1,1
3679,4878,1415,1,0
3680,4880,1416,1,0
3681,4882,1416,1,1
3682,4883,1416,1,1
3683,4884,1416,1,1
3684,4885,1416,1,0
3685,4887,1418,1,0
3686,4888,1418,1,1
3687,4890,1420,1,1
3688,4891,1420,1,1
3689,4892,1420,1,0
3690,4893,1420,1,1
3691,4894,1420,1,1
3692,4895,1420,1,0
3693,4896,1420,1,0
3694,4897,1420,1,1
3695,4898,1420,1,1
3696,4899,1421,1,0
3697,4900,1421,1,0
3698,4901,1421,1,0
3699,4903,1422,1,0
3700,4904,1422,1,0
3701,4905,1422,1,0
3702,4906,1422,1,0
3703,4907,1422,1,1
3704,4909,1423,1,1
3705,4910,1423,1,1
3706,4911,1423,1,0
3707,4912,1423,1,0
3708,4913,1424,1,0
3709,4914,1425,1,1
3710,4915,1425,1,0
3711,4917,1427,1,1
3712,4918,1427,1,1
3713,4919,1427,1,0
3714,4920,1427,1,0
3715,4921,1427,1,1
3716,4922,1427,1,0
3717,4923,1427,1,0
3718,4924,1427,1,0
3719,4925,1427,1,0
3720,4926,1427,1,0
3721,4927,1427,1,1
3722,4928,1427,1,1
3723,4929,1428,1,0
3724,4931,1428,1,0
3725,4933,1429,1,0
3726,4934,1430,1,1
3727,4935,1431,1,0
3728,4936,1431,1,0
3729,4937,1431,1,1
3730,4939,1432,1,1
3731,4940,1432,1,0
3732,4941,1432,1,1
3733,4942,1432,1,0
3734,4943,1432,1,0
3735,4944,1433,1,0
3736,4947,1433,1,0
3737,4948,1433,1,1
3738,4949,1433,1,1
3739,4950,1434,1,0
3740,4951,1434,1,0
3741,4952,1434,1,0
3742,4954,1434,1,1
3743,4956,1435,1,0
3744,4957,1435,1,0
3745,4958,1435,1,1
3746,4959,1436,1,0
3747,4960,1436,1,1
3748,4962,1437,1,1
3749,4963,1437,1,0
3750,4964,1437,1,0
3751,4965,1437,1,0
3752,4967,1438,1,0
3753,4969,1438,1,0
3754,4972,1438,1,0
3755,4973,1439,1,1
3756,4974,1439,1,0
3757,4975,1440,1,0
3758,4976,1441,1,1
3759,4977,1442,1,0
3760,4978,1442,1,0
3761,4979,1442,1,0
3762,4981,1443,1,0
3763,4983,1443,1,0
3764,4987,1444,1,0
3765,4989,1445,1,0
3766,4993,1445,1,0
3767,4994,1446,1,0
3768,4995,1446,1,0
3769,4999,1448,1,0
3770,5000,1448,1,1
3771,5001,1449,1,0
3772,5002,1450,1,1
3773,5004,1451,1,1
3774,5006,1451,1,0
3775,5007,1451,1,1
3776,5008,1452,1,1
3777,5009,1452,1,0
3778,5010,1452,1,1
3779,5012,1453,1,0
3780,5013,1453,1,1
3781,5014,1454,1,1
3782,5015,1454,1,0
3783,5017,1456,1,0
3784,5018,1456,1,0
3785,5019,1457,1,0
3786,5020,1457,1,0
3787,5021,1457,1,0
3788,5024,1458,1,1
3789,5025,1458,1,0
3790,5026,1458,1,0
3791,5027,1458,1,0
3792,5028,1458,1,0
3793,5029,1458,1,0
3794,5030,1458,1,1
3795,5031,1458,1,1
3796,5032,1459,1,0
3797,5034,1459,1,0
3798,5039,1461,1,0
3799,5040,1461,1,0
3800,5041,1462,1,0
3801,5042,1462,1,0
3802,5043,1462,1,0
3803,5044,1462,1,0
3804,5045,1463,1,0
3805,5046,1463,1,0
3806,5047,1464,1,1
3807,5048,1464,1,0
3808,5049,1464,1,1
3809,5050,1464,1,0
3810,5051,1465,1,0
3811,5052,1465,1,0
3812,5053,1465,1,1
3813,5054,1466,1,0
3814,5055,1466,1,0
3815,5056,1466,1,0
3816,5057,1466,1,0
3817,5058,1467,1,1
3818,5059,1467,1,0
3819,5060,1468,1,0
3820,5062,1469,1,1
3821,5063,1469,1,1
3822,5064,1469,1,1
3823,5065,1469,1,0
3824,5070,1470,1,0
3825,5071,1470,1,0
3826,5072,1470,1,0
3827,5073,1471,1,0
3828,5074,1471,1,1
3829,5076,1471,1,0
3830,5077,1472,1,0
3831,5078,1472,1,0
3832,5080,1472,1,0
3833,5083,1474,1,0
3834,5086,1474,1,1
3835,5088,1475,1,1
3836,5089,1475,1,0
3837,5090,1475,1,1
3838,5093,1476,1,1
3839,5094,1477,1,1
3840,5096,1477,1,1
3841,5097,1477,1,0
3842,5098,1478,1,1
3843,5103,1480,1,1
3844,5104,1480,1,0
3845,5106,1481,1,1
3846,5107,1482,1,0
3847,5110,1482,1,0
3848,5111,1482,1,0
3849,5113,1483,1,1
3850,5114,1483,1,0
3851,5116,1484,1,0
3852,5121,1485,1,0
3853,5122,1485,1,1
3854,5123,1485,1,1
3855,5125,1486,1,0
3856,5126,1486,1,0
3857,5127,1487,1,0
3858,5128,1487,1,0
3859,5131,1487,1,0
3860,5132,1487,1,0
3861,5133,1487,1,0
3862,5134,1488,1,0
3863,5135,1488,1,0
3864,5138,1489,1,1
3865,5139,1491,1,0
3866,5141,1491,1,1
3867,5142,1492,1,0
3868,5144,1492,1,1
3869,5145,1492,1,1
3870,5146,1492,1,1
3871,5148,1492,1,1
3872,5149,1493,1,0
3873,5151,1493,1,0
3874,5154,1493,1,0
3875,5155,1493,1,1
3876,5156,1494,1,1
3877,5157,1494,1,1
3878,5158,1494,1,1
3879,5159,1494,1,0
3880,5163,1495,1,0
3881,5165,1495,1,0
3882,5166,1495,1,0
3883,5167,1496,1,0
3884,5168,1496,1,0
3885,5170,1497,1,1
3886,5172,1497,1,1
3887,5174,1498,1,0
3888,5175,1498,1,0
3889,5177,1500,1,0
3890,5179,1500,1,0
3891,5180,1501,1,0
3892,5181,1501,1,0
3893,5182,1501,1,0
3894,5184,1501,1,1
3895,5187,1502,1,0
3896,5188,1502,1,1
3897,5189,1502,1,0
3898,5190,1502,1,0
3899,5191,1502,1,0
3900,5192,1502,1,0
3901,5193,1502,1,0
3902,5196,1504,1,0
3903,5197,1504,1,1
3904,5198,1504,1,0
3905,5199,1505,1,0
3906,5201,1506,1,1
3907,5202,1507,1,0
3908,5204,1507,1,0
3909,5205,1507,1,0
3910,5206,1507,1,0
3911,5207,1507,1,0
3912,5209,1508,1,0
3913,5210,1508,1,1
3914,5211,1508,1,1
3915,5212,1509,1,0
3916,5213,1509,1,0
3917,5214,1509,1,1
3918,5215,1510,1,0
3919,5217,1510,1,0
3920,5218,1511,1,1
3921,5220,1511,1,1
3922,5221,1511,1,1
3923,5222,1511,1,0
3924,5223,1512,1,1
3925,5224,1512,1,0
3926,5226,1513,1,0
3927,5228,1514,1,0
3928,5229,1514,1,0
3929,5230,1515,1,1
3930,5231,1515,1,0
3931,5232,1515,1,1
3932,5234,1515,1,0
3933,5235,1515,1,0
3934,5236,1516,1,1
3935,5238,1516,1,0
3936,5239,1517,1,0
3937,5240,1517,1,0
3938,5241,1518,1,0
3939,5242,1518,1,0
3940,5244,1519,1,0
3941,5246,1519,1,1
3942,5250,1521,1,0
3943,5251,1521,1,0
3944,5253,1521,1,1
3945,5254,1521,1,0
3946,5257,1522,1,0
3947,5258,1522,1,1
3948,5260,1522,1,1
3949,5261,1522,1,0
3950,5262,1522,1,0
3951,5263,1523,1,0
3952,5264,1523,1,0
3953,5265,1523,1,0
3954,5266,1524,1,0
3955,5267,1525,1,1
3956,5268,1526,1,0
3957,5271,1526,1,1
3958,5273,1527,1,1
3959,5274,1528,1,0
3960,5275,1528,1,1
3961,5276,1528,1,0
3962,5277,1529,1,0
3963,5278,1529,1,0
3964,5279,1530,1,0
3965,5281,1530,1,0
3966,5284,1531,1,1
3967,5285,1532,1,1
3968,5286,1532,1,1
3969,5287,1532,1,0
3970,5288,1532,1,0
3971,5289,1533,1,1
3972,5290,1534,1,1
3973,5293,1535,1,1
3974,5296,1536,1,0
3975,5298,1536,1,0
3976,5299,1536,1,0
3977,5300,1536,1,0
3978,5302,1536,1,0
3979,5303,1536,1,1
3980,5304,1536,1,1
3981,5305,1536,1,0
3982,5306,1537,1,1
3983,5307,1537,1,0
3984,5308,1538,1,1
3985,5309,1538,1,0
3986,5310,1538,1,1
3987,5311,1538,1,0
3988,5312,1538,1,1
3989,5313,1538,1,1
3990,5315,1538,1,0
3991,5316,1538,1,0
3992,5317,1538,1,0
3993,5319,1540,1,1
3994,5320,1540,1,1
3995,5321,1540,1,0
3996,5322,1540,1,0
3997,5323,1540,1,1
3998,5324,1540,1,0
3999,5325,1541,1,0
4000,5326,1542,1,0
4001,5327,1542,1,0
4002,5328,1543,1,0
4003,5329,1543,1,0
4004,5330,1543,1,0
4005,5331,1543,1,0
4006,5332,1545,1,1
4007,5333,1545,1,0
4008,5334,1546,1,0
4009,5338,1547,1,0
4010,5339,1547,1,0
4011,5341,1547,1,1
4012,5342,1547,1,0
4013,5344,1547,1,0
4014,5345,1547,1,0
4015,5346,1548,1,1
4016,5347,1548,1,0
4017,5348,1548,1,0
4018,5349,1548,1,0
4019,5352,1548,1,0
4020,5353,1548,1,1
4021,5354,1548,1,0
4022,5355,1549,1,0
4023,5356,1549,1,1
4024,5357,1550,1,1
4025,5358,1550,1,1
4026,5359,1550,1,0
4027,5360,1550,1,1
4028,5362,1551,1,0
4029,5364,1551,1,1
4030,5365,1552,1,0
4031,5370,1552,1,0
4032,5372,1553,1,1
4033,5373,1554,1,1
4034,5374,1555,1,1
4035,5375,1555,1,0
4036,5376,1555,1,0
4037,5378,1557,1,1
4038,5379,1558,1,0
4039,5380,1558,1,1
4040,5381,1558,1,0
4041,5383,1559,1,0
4042,5384,1561,1,1
4043,5387,1563,1,0
4044,5388,1563,1,0
4045,5389,1563,1,0
4046,5390,1563,1,1
4047,5391,1563,1,1
4048,5392,1563,1,0
4049,5393,1564,1,0
4050,5394,1564,1,0
4051,5396,1565,1,0
4052,5399,1566,1,0
4053,5400,1566,1,1
4054,5401,1566,1,0
4055,5402,1566,1,0
4056,5403,1566,1,1
4057,5404,1566,1,0
4058,5405,1566,1,0
4059,5406,1566,1,0
4060,5408,1566,1,1
4061,5409,1566,1,1
4062,5411,1567,1,1
4063,5412,1567,1,1
4064,5414,1567,1,0
4065,5415,1567,1,1
4066,5416,1567,1,0
4067,5417,1568,1,0
4068,5420,1568,1,0
4069,5421,1568,1,0
4070,5423,1569,1,0
4071,5424,1570,1,0
4072,5425,1571,1,0
4073,5426,1571,1,0
4074,5427,1571,1,0
4075,5428,1571,1,1
4076,5429,1571,1,0
4077,5430,1571,1,1
4078,5431,1571,1,1
4079,5432,1572,1,0
4080,5434,1572,1,1
4081,5435,1573,1,0
4082,5436,1573,1,0
4083,5437,1573,1,1
4084,5438,1573,1,1
4085,5439,1573,1,1
4086,5440,1574,1,1
4087,5441,1574,1,0
4088,5442,1574,1,0
4089,5444,1575,1,1
4090,5445,1575,1,0
4091,5446,1575,1,0
4092,5447,1576,1,1
4093,5448,1577,1,0
4094,5449,1577,1,0
4095,5451,1577,1,0
4096,5452,1577,1,0
4097,5453,1577,1,0
4098,5456,1578,1,0
4099,5459,1579,1,1
4100,5460,1580,1,0
4101,5462,1581,1,0
4102,5463,1582,1,0
4103,5466,1582,1,0
4104,5467,1582,1,0
4105,5468,1583,1,0
4106,5469,1583,1,0
4107,5470,1583,1,0
4108,5471,1583,1,1
4109,5472,1583,1,0
4110,5473,1583,1,0
4111,5474,1583,1,0
4112,5475,1583,1,0
4113,5476,1583,1,0
4114,5477,1585,1,0
4115,5478,1585,1,1
4116,5479,1585,1,0
4117,5480,1585,1,1
4118,5481,1585,1,0
4119,5482,1586,1,1
4120,5484,1587,1,0
4121,5485,1588,1,0
4122,5486,1589,1,0
4123,5487,1589,1,0
4124,5488,1589,1,1
4125,5489,1590,1,1
4126,5490,1590,1,0
4127,5491,1590,1,0
4128,5492,1590,1,1
4129,5493,1590,1,0
4130,5494,1591,1,1
4131,5496,1592,1,0
4132,5497,1593,1,1
4133,5499,1593,1,0
4134,5501,1593,1,1
4135,5502,1593,1,0
4136,5503,1593,1,0
4137,5504,1594,1,0
4138,5505,1594,1,0
4139,5506,1594,1,0
4140,5507,1594,1,0
4141,5509,1594,1,0
4142,5510,1594,1,1
4143,5513,1595,1,0
4144,5514,1595,1,1
4145,5515,1595,1,1
4146,5518,1596,1,1
4147,5520,1597,1,1
4148,5522,1598,1,0
4149,5523,1598,1,1
4150,5524,1598,1,1
4151,5526,1598,1,0
4152,5528,1599,1,0
4153,5529,1599,1,1
4154,5532,1600,1,1
4155,5533,1600,1,0
4156,5534,1600,1,0
4157,5535,1601,1,0
4158,5537,1601,1,0
4159,5538,1602,1,0
4160,5539,1602,1,0
4161,5540,1602,1,1
4162,5541,1603,1,1
4163,5543,1603,1,0
4164,5544,1604,1,1
4165,5545,1605,1,0
4166,5546,1605,1,0
4167,5547,1605,1,0
4168,5548,1606,1,1
4169,5549,1606,1,1
4170,5550,1606,1,0
4171,5551,1606,1,1
4172,5552,1606,1,0
4173,5553,1606,1,0
4174,5554,1607,1,0
4175,5555,1607,1,0
4176,5556,1607,1,0
4177,5557,1608,1,1
4178,5558,1608,1,0
4179,5560,1610,1,1
4180,5563,1612,1,1
4181,5566,1613,1,0
4182,5567,1613,1,0
4183,5568,1614,1,0
4184,5569,1614,1,1
4185,5570,1614,1,1
4186,5571,1614,1,1
4187,5572,1614,1,0
4188,5573,1614,1,1
4189,5575,1615,1,1
4190,5576,1615,1,1
4191,5577,1616,1,0
4192,5578,1616,1,1
4193,5579,1616,1,0
4194,5580,1616,1,0
4195,5581,1616,1,1
4196,5582,1616,1,0
4197,5583,1616,1,1
4198,5584,1617,1,1
4199,5585,1617,1,0
4200,5586,1617,1,1
4201,5587,1617,1,0
4202,5588,1618,1,0
4203,5589,1618,1,1
4204,5590,1618,1,0
4205,5594,1619,1,0
4206,5596,1619,1,0
4207,5597,1621,1,1
4208,5598,1621,1,1
4209,5599,1621,1,0
4210,5601,1621,1,1
4211,5603,1622,1,0
4212,5604,1622,1,1
4213,5605,1622,1,0
4214,5606,1623,1,0
4215,5607,1624,1,0
4216,5609,1624,1,0
4217,5610,1624,1,1
4218,5611,1624,1,0
4219,5613,1625,1,0
4220,5614,1625,1,1
4221,5615,1625,1,0
4222,5616,1625,1,0
4223,5617,1625,1,0
4224,5618,1625,1,0
4225,5619,1626,1,0
4226,5621,1626,1,1
4227,5622,1627,1,0
4228,5623,1627,1,0
4229,5624,1627,1,1
4230,5627,1630,1,1
4231,5628,1630,1,0
4232,5630,1631,1,1
4233,5631,1631,1,1
4234,5632,1631,1,0
4235,5633,1633,1,0
4236,5635,1634,1,0
4237,5637,1634,1,0
4238,5639,1634,1,0
4239,5640,1635,1,0
4240,5641,1635,1,0
4241,5642,1635,1,0
4242,5643,1635,1,0
4243,5644,1635,1,0
4244,5645,1635,1,1
4245,5646,1635,1,0
4246,5647,1636,1,1
4247,5648,1637,1,0
4248,5649,1637,1,0
4249,5650,1637,1,0
4250,5651,1637,1,0
4251,5652,1637,1,1
4252,5654,1639,1,1
4253,5655,1639,1,1
4254,5656,1639,1,1
4255,5658,1639,1,0
4256,5661,1640,1,1
4257,5662,1640,1,0
4258,5663,1640,1,0
4259,5664,1640,1,1
4260,5665,1640,1,0
4261,5666,1641,1,0
4262,5667,1641,1,1
4263,5668,1641,1,0
4264,5672,1642,1,0
4265,5673,1642,1,0
4266,5674,1644,1,0
4267,5675,1644,1,0
4268,5676,1644,1,0
4269,5677,1644,1,0
4270,5679,1644,1,0
4271,5680,1646,1,0
4272,5681,1646,1,1
4273,5683,1646,1,1
4274,5684,1647,1,0
4275,5685,1647,1,1
4276,5687,1647,1,0
4277,5688,1648,1,1
4278,5690,1648,1,0
4279,5691,1649,1,0
4280,5692,1650,1,0
4281,5693,1650,1,0
4282,5694,1651,1,1
4283,5697,1651,1,0
4284,5698,1651,1,0
4285,5699,1651,1,0
4286,5700,1651,1,0
4287,5701,1653,1,1
4288,5702,1653,1,0
4289,5705,1653,1,0
4290,5706,1654,1,1
4291,5707,1654,1,0
4292,5708,1654,1,0
4293,5709,1654,1,0
4294,5710,1654,1,0
4295,5711,1655,1,1
4296,5712,1655,1,0
4297,5714,1655,1,0
4298,5715,1655,1,0
4299,5716,1655,1,0
4300,5717,1656,1,1
4301,5718,1656,1,0
4302,5719,1656,1,0
4303,5720,1656,1,0
4304,5721,1657,1,1
4305,5722,1658,1,0
4306,5723,1659,1,0
4307,5724,1660,1,1
4308,5726,1660,1,0
4309,5727,1660,1,1
4310,5729,1662,1,0
4311,5731,1662,1,0
4312,5732,1662,1,0
4313,5734,1662,1,1
4314,5735,1662,1,1
4315,5736,1663,1,0
4316,5737,1663,1,1
4317,5739,1664,1,0
4318,5740,1664,1,1
4319,5743,1664,1,1
4320,5744,1665,1,1
4321,5747,1665,1,0
4322,5748,1665,1,0
4323,5749,1665,1,0
4324,5750,1666,1,0
4325,5751,1667,1,0
4326,5752,1667,1,0
4327,5753,1667,1,0
4328,5754,1668,1,1
4329,5755,1669,1,0
4330,5756,1669,1,0
4331,5757,1669,1,0
4332,5758,1669,1,0
4333,5763,1670,1,1
4334,5764,1671,1,1
4335,5765,1671,1,0
4336,5766,1671,1,0
4337,5767,1671,1,0
4338,5768,1671,1,0
4339,5769,1671,1,1
4340,5771,1672,1,0
4341,5772,1673,1,0
4342,5774,1673,1,1
4343,5776,1673,1,1
4344,5778,1673,1,0
4345,5779,1674,1,0
4346,5780,1674,1,0
4347,5781,1675,1,1
4348,5785,1675,1,1
4349,5786,1676,1,0
4350,5787,1676,1,1
4351,5788,1676,1,1
4352,5789,1677,1,0
4353,5790,1677,1,1
4354,5791,1677,1,0
4355,5793,1677,1,0
4356,5794,1677,1,1
4357,5795,1677,1,0
4358,5799,1678,1,0
4359,5800,1679,1,0
4360,5806,1679,1,0
4361,5807,1680,1,1
4362,5808,1680,1,1
4363,5810,1680,1,0
4364,5812,1681,1,0
4365,5814,1682,1,1
4366,5815,1683,1,1
4367,5816,1683,1,1
4368,5818,1683,1,0
4369,5819,1683,1,0
4370,5820,1683,1,0
4371,5823,1685,1,0
4372,5824,1685,1,0
4373,5825,1685,1,1
4374,5826,1685,1,0
4375,5827,1686,1,0
4376,5828,1686,1,1
4377,5829,1686,1,0
4378,5830,1686,1,0
4379,5833,1687,1,0
4380,5835,1688,1,0
4381,5836,1688,1,0
4382,5837,1688,1,1
4383,5839,1688,1,0
4384,5840,1688,1,0
4385,5841,1688,1,0
4386,5842,1688,1,0
4387,5844,1690,1,1
4388,5845,1690,1,0
4389,5846,1690,1,0
4390,5847,1690,1,0
4391,5848,1690,1,1
4392,5849,1690,1,0
4393,5853,1692,1,1
4394,5855,1693,1,1
4395,5856,1693,1,1
4396,5858,1694,1,0
4397,5860,1695,1,0
4398,5861,1695,1,0
4399,5863,1696,1,0
4400,5864,1696,1,1
4401,5865,1696,1,0
4402,5866,1696,1,1
4403,5867,1696,1,0
4404,5869,1696,1,1
4405,5870,1696,1,1
4406,5873,1698,1,0
4407,5874,1698,1,0
4408,5875,1698,1,0
4409,5876,1698,1,0
4410,5877,1698,1,1
4411,5878,1698,1,1
4412,5880,1699,1,1
4413,5881,1699,1,0
4414,5882,1699,1,0
4415,5884,1699,1,0
4416,5886,1699,1,0
4417,5887,1699,1,0
4418,5889,1700,1,1
4419,5890,1701,1,0
4420,5891,1702,1,1
4421,5892,1703,1,1
4422,5893,1703,1,0
4423,5894,1703,1,0
4424,5895,1703,1,0
4425,5896,1703,1,1
4426,5897,1705,1,1
4427,5898,1705,1,1
4428,5899,1706,1,1
4429,5901,1706,1,1
4430,5904,1708,1,1
4431,5906,1709,1,0
4432,5907,1709,1,0
4433,5908,1709,1,0
4434,5909,1709,1,1
4435,5911,1709,1,0
4436,5913,1710,1,0
4437,5914,1711,1,0
4438,5915,1712,1,0
4439,5916,1713,1,1
4440,5917,1713,1,0
4441,5919,1714,1,0
4442,5920,1714,1,0
4443,5921,1714,1,1
4444,5922,1714,1,0
4445,5924,1714,1,0
4446,5925,1715,1,1
4447,5927,1715,1,0
4448,5928,1715,1,1
4449,5929,1716,1,0
4450,5931,1716,1,0
4451,5932,1716,1,0
4452,5933,1716,1,0
4453,5934,1716,1,0
4454,5935,1717,1,1
4455,5937,1717,1,0
4456,5939,1717,1,1
4457,5940,1718,1,0
4458,5941,1719,1,0
4459,5942,1719,1,1
4460,5943,1719,1,1
4461,5944,1719,1,0
4462,5945,1719,1,1
4463,5946,1720,1,0
4464,5947,1720,1,1
4465,5948,1720,1,1
4466,5949,1720,1,1
4467,5950,1720,1,1
4468,5952,1720,1,0
4469,5953,1720,1,0
4470,5954,1721,1,0
4471,5955,1721,1,0
4472,5959,1721,1,1
4473,5960,1721,1,1
4474,5963,1722,1,0
4475,5964,1722,1,0
4476,5966,1722,1,0
4477,5969,1723,1,0
4478,5970,1723,1,0
4479,5971,1723,1,0
4480,5974,1724,1,1
4481,5975,1724,1,0
4482,5976,1724,1,0
4483,5978,1725,1,0
4484,5982,1726,1,0
4485,5984,1726,1,0
4486,5986,1727,1,0
4487,5987,1727,1,0
4488,5988,1727,1,1
4489,5990,1728,1,1
4490,5991,1729,1,0
4491,5992,1729,1,0
4492,5993,1730,1,0
4493,5994,1730,1,0
4494,5995,1730,1,1
4495,5996,1730,1,0
4496,5998,1730,1,0
4497,5999,1731,1,1
4498,6000,1732,1,1
4499,6001,1732,1,1
4500,6002,1733,1,1
4501,6003,1733,1,1
4502,6004,1733,1,1
4503,6005,1733,1,0
4504,6006,1734,1,0
4505,6007,1734,1,1
4506,6008,1736,1,0
4507,6009,1736,1,0
4508,6010,1736,1,0
4509,6011,1736,1,1
4510,6012,1736,1,1
4511,6014,1737,1,0
4512,6016,1737,1,1
4513,6018,1738,1,1
4514,6019,1738,1,0
4515,6020,1739,1,0
4516,6021,1739,1,0
4517,6022,1739,1,1
4518,6023,1739,1,0
4519,6024,1740,1,0
4520,6025,1740,1,0
4521,6026,1740,1,1
4522,6027,1740,1,1
4523,6028,1741,1,0
4524,6029,1741,1,1
4525,6030,1741,1,0
4526,6032,1742,1,1
4527,6034,1742,1,1
4528,6036,1743,1,0
4529,6037,1743,1,0
4530,6038,1743,1,0
4531,6039,1743,1,0
4532,6041,1743,1,0
4533,6042,1744,1,1
4534,6043,1745,1,0
4535,6045,1745,1,1
4536,6046,1745,1,0
4537,6049,1745,1,0
4538,6050,1746,1,1
4539,6052,1746,1,1
4540,6054,1746,1,1
4541,6055,1746,1,1
4542,6056,1746,1,0
4543,6057,1746,1,0
4544,6058,1747,1,1
4545,6062,1748,1,0
4546,6063,1748,1,1
4547,6064,1748,1,0
4548,6065,1749,1,1
4549,6066,1749,1,0
4550,6067,1749,1,0
4551,6068,1749,1,0
4552,6069,1750,1,0
4553,6072,1750,1,0
4554,6073,1750,1,1
4555,6074,1750,1,0
4556,6075,1751,1,0
4557,6076,1751,1,0
4558,6078,1751,1,0
4559,6079,1752,1,1
4560,6080,1752,1,1
4561,6082,1753,1,0
4562,6085,1753,1,0
4563,6086,1753,1,1
4564,6087,1754,1,1
4565,6089,1754,1,1
4566,6090,1754,1,0
4567,6091,1754,1,0
4568,6092,1756,1,0
4569,6094,1757,1,0
4570,6096,1757,1,0
4571,6099,1758,1,1
4572,6100,1758,1,0
4573,6101,1758,1,0
4574,6103,1759,1,0
4575,6104,1759,1,1
4576,6105,1759,1,0
4577,6107,1760,1,1
4578,6108,1760,1,0
4579,6111,1762,1,1
4580,6112,1762,1,0
4581,6113,1764,1,0
4582,6114,1764,1,0
4583,6116,1765,1,0
4584,6117,1765,1,0
4585,6119,1766,1,1
4586,6121,1766,1,0
4587,6122,1766,1,1
4588,6123,1766,1,0
4589,6124,1766,1,0
4590,6125,1766,1,0
4591,6128,1768,1,1
4592,6130,1769,1,0
4593,6131,1769,1,0
4594,6133,1769,1,0
4595,6134,1771,1,1
4596,6135,1771,1,1
4597,6136,1771,1,1
4598,6138,1771,1,0
4599,6139,1771,1,1
4600,6140,1771,1,1
4601,6141,1771,1,0
4602,6142,1772,1,0
4603,6143,1773,1,1
4604,6144,1773,1,0
4605,6146,1774,1,0
4606,6147,1774,1,1
4607,6149,1774,1,0
4608,6150,1774,1,1
4609,6152,1775,1,0
4610,6153,1775,1,0
4611,6154,1776,1,0
4612,6155,1777,1,0
4613,6156,1777,1,0
4614,6157,1777,1,0
4615,6158,1777,1,0
4616,6159,1777,1,0
4617,6161,1778,1,1
4618,6162,1779,1,0
4619,6163,1779,1,0
4620,6164,1779,1,0
4621,6165,1780,1,0
4622,6166,1780,1,1
4623,6167,1780,1,0
4624,6168,1781,1,1
4625,6169,1781,1,0
4626,6171,1781,1,0
4627,6172,1781,1,1
4628,6173,1782,1,0
4629,6174,1782,1,0
4630,6175,1782,1,0
4631,6176,1782,1,1
4632,6177,1783,1,0
4633,6179,1783,1,0
4634,6180,1784,1,1
4635,6182,1785,1,0
4636,6183,1785,1,0
4637,6185,1785,1,0
4638,6186,1785,1,1
4639,6188,1786,1,1
4640,6189,1786,1,1
4641,6190,1786,1,0
4642,6191,1786,1,0
4643,6193,1786,1,0
4644,6194,1786,1,0
4645,6195,1787,1,1
4646,6196,1787,1,0
4647,6197,1788,1,0
4648,6198,1788,1,1
4649,6199,1788,1,0
4650,6200,1788,1,0
4651,6201,1789,1,0
4652,6203,1789,1,1
4653,6204,1789,1,0
4654,6205,1789,1,0
4655,6206,1790,1,1
4656,6207,1790,1,1
4657,6208,1790,1,0
4658,6209,1790,1,0
4659,6210,1790,1,0
4660,6211,1791,1,0
4661,6212,1791,1,1
4662,6213,1791,1,1
4663,6214,1791,1,0
4664,6215,1792,1,0
4665,6216,1792,1,1
4666,6217,1792,1,1
4667,6218,1792,1,0
4668,6219,1792,1,0
4669,6220,1793,1,0
4670,6222,1794,1,0
4671,6223,1794,1,0
4672,6225,1794,1,0
4673,6228,1797,1,1
4674,6229,1797,1,0
4675,6230,1797,1,0
4676,6232,1797,1,1
4677,6234,1797,1,0
4678,6235,1798,1,1
4679,6237,1798,1,1
4680,6238,1798,1,0
4681,6239,1799,1,1
4682,6241,1799,1,0
4683,6242,1799,1,0
4684,6244,1799,1,0
4685,6245,1800,1,0
4686,6246,1800,1,0
4687,6247,1800,1,1
4688,6249,1801,1,1
4689,6251,1801,1,1
4690,6252,1802,1,0
4691,6253,1802,1,0
4692,6255,1805,1,0
4693,6256,1805,1,1
4694,6257,1805,1,0
4695,6258,1805,1,1
4696,6260,1806,1,0
4697,6261,1807,1,1
4698,6262,1807,1,0
4699,6263,1807,1,0
4700,6266,1807,1,0
4701,6267,1808,1,1
4702,6268,1808,1,0
4703,6269,1808,1,0
4704,6271,1809,1,0
4705,6272,1811,1,0
4706,6273,1811,1,0
4707,6274,1811,1,0
4708,6275,1811,1,0
4709,6276,1812,1,0
4710,6277,1812,1,1
4711,6279,1812,1,0
4712,6280,1812,1,0
4713,6281,1812,1,1
4714,6282,1813,1,0
4715,6285,1814,1,0
4716,6287,1815,1,1
4717,6288,1815,1,0
4718,6289,1815,1,1
4719,6290,1815,1,0
4720,6291,1815,1,1
4721,6292,1815,1,0
4722,6294,1816,1,0
4723,6295,1817,1,1
4724,6296,1817,1,0
4725,6297,1817,1,1
4726,6299,1817,1,1
4727,6301,1818,1,0
4728,6305,1820,1,0
4729,6306,1821,1,1
4730,6308,1821,1,0
4731,6309,1822,1,1
4732,6310,1822,1,1
4733,6312,1824,1,0
4734,6313,1824,1,0
4735,6314,1824,1,0
4736,6317,1824,1,0
4737,6318,1824,1,0
4738,6319,1825,1,1
4739,6320,1825,1,0
4740,6321,1825,1,0
4741,6324,1825,1,0
4742,6325,1826,1,0
4743,6326,1826,1,0
4744,6327,1826,1,0
4745,6329,1828,1,0
4746,6330,1828,1,0
4747,6331,1829,1,0
4748,6332,1829,1,1
4749,6334,1829,1,1
4750,6335,1829,1,0
4751,6336,1830,1,0
4752,6337,1830,1,0
4753,6340,1831,1,1
4754,6341,1831,1,0
4755,6342,1831,1,0
4756,6344,1833,1,0
4757,6345,1833,1,0
4758,6346,1833,1,1
4759,6348,1833,1,1
4760,6349,1833,1,0
4761,6351,1834,1,1
4762,6352,1834,1,0
4763,6353,1834,1,0
4764,6354,1834,1,0
4765,6355,1835,1,1
4766,6357,1835,1,1
4767,6359,1836,1,0
4768,6360,1837,1,1
4769,6361,1837,1,0
4770,6362,1838,1,0
4771,6363,1838,1,0
4772,6364,1839,1,1
4773,6365,1839,1,0
4774,6366,1839,1,0
4775,6372,1840,1,1
4776,6373,1841,1,0
4777,6374,1841,1,1
4778,6375,1841,1,0
4779,6376,1842,1,0
4780,6377,1842,1,1
4781,6379,1843,1,0
4782,6380,1843,1,1
4783,6381,1843,1,0
4784,6382,1843,1,0
4785,6383,1843,1,0
4786,6384,1843,1,1
4787,6385,1843,1,0
4788,6386,1844,1,0
4789,6387,1844,1,0
4790,6388,1845,1,0
4791,6389,1846,1,1
4792,6390,1846,1,0
4793,6391,1846,1,1
4794,6394,1847,1,0
4795,6395,1849,1,1
4796,6397,1849,1,0
4797,6398,1849,1,0
4798,6399,1849,1,0
4799,6400,1849,1,0
4800,6402,1851,1,1
4801,6403,1851,1,0
4802,6405,1851,1,0
4803,6406,1851,1,0
4804,6407,1851,1,0
4805,6409,1851,1,1
4806,6410,1851,1,0
4807,6412,1852,1,1
4808,6414,1852,1,1
4809,6416,1853,1,1
4810,6417,1853,1,0
4811,6418,1853,1,0
4812,6419,1853,1,0
4813,6420,1853,1,1
4814,6421,1854,1,1
4815,6423,1854,1,1
4816,6425,1855,1,0
4817,6426,1855,1,0
4818,6427,1856,1,1
4819,6429,1856,1,0
4820,6430,1856,1,0
4821,6431,1856,1,0
4822,6432,1857,1,0
4823,6433,1857,1,0
4824,6436,1859,1,1
4825,6439,1860,1,0
4826,6442,1861,1,0
4827,6443,1862,1,1
4828,6444,1862,1,1
4829,6445,1863,1,0
4830,6446,1863,1,0
4831,6447,1864,1,1
4832,6448,1865,1,0
4833,6449,1865,1,1
4834,6450,1865,1,1
4835,6452,1866,1,0
4836,6453,1866,1,0
4837,6454,1866,1,1
4838,6456,1867,1,0
4839,6458,1868,1,0
4840,6461,1868,1,0
4841,6462,1868,1,1
4842,6463,1869,1,1
4843,6464,1869,1,0
4844,6465,1869,1,0
4845,6466,1870,1,0
4846,6468,1870,1,0
4847,6471,1871,1,1
4848,6472,1872,1,1
4849,6473,1872,1,0
4850,6474,1872,1,0
4851,6475,1873,1,0
4852,6477,1874,1,0
4853,6478,1874,1,0
4854,6479,1874,1,1
4855,6480,1874,1,1
4856,6481,1875,1,1
4857,6483,1875,1,0
4858,6484,1875,1,1
4859,6486,1876,1,1
4860,6487,1877,1,1
4861,6488,1877,1,0
4862,6489,1877,1,0
4863,6491,1878,1,1
4864,6493,1879,1,1
4865,6494,1880,1,0
4866,6495,1880,1,0
4867,6496,1880,1,0
4868,6497,1880,1,0
4869,6498,1880,1,1
4870,6500,1881,1,0
4871,6501,1883,1,0
4872,6502,1883,1,1
4873,6503,1883,1,1
4874,6505,1884,1,1
4875,6506,1884,1,0
4876,6507,1884,1,1
4877,6510,1885,1,0
4878,6511,1886,1,0
4879,6513,1886,1,0
4880,6514,1886,1,1
4881,6515,1887,1,1
4882,6516,1887,1,0
4883,6519,1887,1,1
4884,6520,1887,1,1
4885,6521,1888,1,1
4886,6523,1888,1,0
4887,6525,1888,1,1
4888,6526,1888,1,0
4889,6527,1888,1,1
4890,6528,1888,1,0
4891,6529,1888,1,0
4892,6530,1888,1,1
4893,6531,1889,1,0
4894,6532,1889,1,0
4895,6533,1890,1,0
4896,6534,1890,1,1
4897,6536,1892,1,0
4898,6537,1892,1,0
4899,6538,1892,1,1
4900,6540,1893,1,0
4901,6541,1894,1,0
4902,6542,1894,1,0
4903,6544,1894,1,1
4904,6546,1895,1,0
4905,6547,1895,1,0
4906,6549,1896,1,0
4907,6550,1896,1,1
4908,6552,1897,1,0
4909,6554,1897,1,0
4910,6555,1897,1,1
4911,6556,1897,1,0
4912,6557,1897,1,0
4913,6558,1898,1,0
4914,6559,1898,1,0
4915,6560,1898,1,1
4916,6561,1898,1,0
4917,6562,1898,1,0
4918,6563,1898,1,1
4919,6564,1900,1,0
4920,6565,1900,1,1
4921,6567,1901,1,0
4922,6568,1901,1,1
4923,6569,1901,1,1
4924,6570,1902,1,0
4925,6572,1902,1,0
4926,6573,1902,1,0
4927,6574,1902,1,0
4928,6575,1903,1,1
4929,6577,1903,1,0
4930,6578,1903,1,1
4931,6579,1903,1,0
4932,6581,1904,1,1
4933,6582,1905,1,1
4934,6584,1906,1,0
4935,6585,1906,1,1
4936,6587,1906,1,0
4937,6589,1907,1,1
4938,6590,1907,1,0
4939,6591,1908,1,0
4940,6592,1908,1,1
4941,6593,1908,1,0
4942,6594,1909,1,0
4943,6595,1909,1,1
4944,6596,1909,1,0
4945,6599,1910,1,0
4946,6602,1910,1,0
4947,6603,1910,1,0
4948,6607,1911,1,1
4949,6608,1911,1,1
4950,6609,1911,1,0
4951,6611,1912,1,0
4952,6613,1913,1,0
4953,6614,1914,1,1
4954,6616,1914,1,1
4955,6617,1914,1,0
4956,6618,1914,1,0
4957,6619,1914,1,0
4958,6620,1914,1,1
4959,6621,1916,1,0
4960,6622,1916,1,0
4961,6623,1916,1,0
4962,6624,1917,1,0
4963,6625,1917,1,0
4964,6626,1918,1,0
4965,6627,1918,1,1
4966,6628,1919,1,0
4967,6629,1920,1,1
4968,6631,1920,1,1
4969,6632,1920,1,0
4970,6633,1920,1,1
4971,6634,1920,1,0
4972,6635,1920,1,0
4973,6636,1921,1,0
4974,6637,1921,1,1
4975,6638,1922,1,1
4976,6639,1922,1,1
4977,6640,1923,1,0
4978,6641,1923,1,0
4979,6642,1923,1,1
4980,6643,1923,1,1
4981,6645,1924,1,0
4982,6646,1924,1,0
4983,6647,1924,1,0
4984,6648,1926,1,0
4985,6649,1927,1,0
4986,6650,1927,1,1
4987,6651,1927,1,0
4988,6652,1927,1,0
4989,6653,1928,1,0
4990,6654,1929,1,0
4991,6655,1929,1,0
4992,6656,1929,1,1
4993,6657,1929,1,1
4994,6658,1929,1,0
4995,6659,1929,1,0
4996,6660,1930,1,1
4997,6661,1930,1,0
4998,6662,1930,1,1
4999,6663,1930,1,1
5000,6664,1930,1,0
5001,6665,1931,1,0
5002,6666,1931,1,0
5003,6668,1931,1,0
5004,6669,1931,1,0
5005,6671,1933,1,0
5006,6672,1933,1,0
5007,6673,1933,1,0
5008,6674,1933,1,0
5009,6675,1933,1,0
5010,6676,1934,1,0
5011,6677,1934,1,0
5012,6678,1934,1,0
5013,6679,1934,1,0
5014,6681,1934,1,0
5015,6682,1935,1,1
5016,6683,1935,1,1
5017,6684,1935,1,1
5018,6685,1936,1,1
5019,6686,1936,1,0
5020,6687,1937,1,1
5021,6688,1937,1,1
5022,6689,1937,1,1
5023,6691,1937,1,0
5024,6692,1938,1,1
5025,6695,1938,1,1
5026,6696,1938,1,1
5027,6697,1938,1,1
5028,6698,1938,1,1
5029,6699,1938,1,0
5030,6700,1938,1,1
5031,6701,1939,1,0
5032,6702,1939,1,0
5033,6703,1939,1,0
5034,6705,1940,1,0
5035,6706,1940,1,1
5036,6707,1940,1,0
5037,6708,1940,1,1
5038,6710,1941,1,1
5039,6711,1941,1,1
5040,6712,1941,1,0
5041,6713,1941,1,0
5042,6716,1941,1,0
5043,6717,1942,1,0
5044,6718,1943,1,0
5045,6720,1944,1,1
5046,6721,1945,1,0
5047,6722,1945,1,1
5048,6723,1946,1,0
5049,6724,1946,1,0
5050,6726,1946,1,0
5051,6727,1947,1,0
5052,6729,1947,1,0
5053,6730,1947,1,0
5054,6732,1947,1,0
5055,6733,1947,1,0
5056,6734,1948,1,0
5057,6735,1948,1,0
5058,6736,1948,1,0
5059,6737,1948,1,0
5060,6738,1948,1,0
5061,6739,1948,1,0
5062,6740,1948,1,0
5063,6741,1949,1,0
5064,6742,1949,1,0
5065,6743,1949,1,1
5066,6744,1949,1,1
5067,6746,1950,1,1
5068,6748,1950,1,0
5069,6749,1950,1,1
5070,6750,1950,1,0
5071,6751,1950,1,0
5072,6752,1950,1,1
5073,6754,1951,1,1
5074,6755,1951,1,0
5075,6756,1951,1,1
5076,6757,1951,1,1
5077,6758,1952,1,0
5078,6759,1952,1,0
5079,6760,1953,1,0
5080,6761,1953,1,0
5081,6762,1953,1,1
5082,6763,1953,1,0
5083,6764,1953,1,1
5084,6765,1953,1,1
5085,6766,1953,1,1
5086,6768,1954,1,0
5087,6769,1955,1,1
5088,6770,1955,1,0
5089,6773,1956,1,1
5090,6774,1957,1,1
5091,6775,1957,1,0
5092,6776,1957,1,0
5093,6777,1957,1,0
5094,6778,1957,1,1
5095,6779,1958,1,1
5096,6780,1958,1,0
5097,6781,1958,1,1
5098,6783,1959,1,1
5099,6784,1959,1,1
5100,6785,1959,1,0
5101,6789,1960,1,0
5102,6790,1961,1,1
5103,6793,1962,1,0
5104,6795,1964,1,1
5105,6798,1964,1,0
5106,6799,1966,1,1
5107,6800,1967,1,0
5108,6801,1968,1,1
5109,6802,1968,1,0
5110,6803,1969,1,1
5111,6804,1969,1,0
5112,6806,1970,1,0
5113,6807,1971,1,0
5114,6808,1971,1,0
5115,6809,1971,1,1
5116,6810,1971,1,0
5117,6811,1971,1,0
5118,6812,1971,1,1
5119,6814,1972,1,0
5120,6815,1972,1,0
5121,6816,1972,1,0
5122,6817,1972,1,0
5123,6818,1973,1,0
5124,6819,1974,1,0
5125,6821,1975,1,0
5126,6822,1975,1,0
5127,6823,1976,1,0
5128,6824,1976,1,1
5129,6825,1976,1,0
5130,6826,1976,1,1
5131,6827,1976,1,0
5132,6829,1977,1,0
5133,6830,1978,1,1
5134,6831,1978,1,1
5135,6832,1978,1,0
5136,6835,1978,1,0
5137,6836,1979,1,0
5138,6837,1979,1,1
5139,6838,1979,1,0
5140,6839,1979,1,1
5141,6840,1979,1,0
5142,6842,1979,1,0
5143,6846,1982,1,1
5144,6847,1983,1,0
5145,6848,1983,1,0
5146,6849,1983,1,0
5147,6850,1984,1,1
5148,6851,1985,1,0
5149,6852,1985,1,0
5150,6853,1985,1,1
5151,6854,1985,1,1
5152,6855,1985,1,0
5153,6856,1985,1,0
5154,6858,1985,1,0
5155,6859,1985,1,0
5156,6860,1985,1,0
5157,6862,1986,1,0
5158,6863,1986,1,0
5159,6864,1986,1,0
5160,6866,1986,1,0
5161,6869,1987,1,0
5162,6870,1987,1,0
5163,6871,1987,1,1
5164,6872,1987,1,0
5165,6875,1989,1,0
5166,6877,1990,1,1
5167,6878,1990,1,1
5168,6880,1990,1,0
5169,6881,1990,1,0
5170,6882,1991,1,1
5171,6883,1991,1,0
5172,6884,1991,1,0
5173,6885,1992,1,1
5174,6887,1993,1,0
5175,6888,1993,1,1
5176,6889,1993,1,0
5177,6891,1994,1,0
5178,6893,1995,1,0
5179,6895,1995,1,1
5180,6897,1996,1,0
5181,6898,1997,1,1
5182,6899,1997,1,0
5183,6900,1998,1,0
5184,6901,1998,1,1
5185,6902,1998,1,1
5186,6904,1999,1,0
5187,6905,1999,1,0
5188,6906,1999,1,0
5189,6907,1999,1,1
5190,6908,2000,1,0
5191,6910,2001,1,1
5192,6911,2001,1,1
5193,6912,2001,1,0
5194,6913,2001,1,1
5195,6914,2004,1,1
5196,6915,2004,1,0
5197,6916,2005,1,0
5198,6918,2006,1,0
5199,6920,2006,1,0
5200,6921,2006,1,0
5201,6922,2006,1,1
5202,6924,2006,1,0
5203,6925,2007,1,0
5204,6926,2008,1,0
5205,6927,2009,1,0
5206,6928,2009,1,0
5207,6929,2009,1,1
5208,6930,2010,1,0
5209,6931,2011,1,1
5210,6933,2012,1,0
5211,6934,2012,1,1
5212,6935,2012,1,1
5213,6936,2012,1,0
5214,6939,2013,1,1
5215,6940,2013,1,0
5216,6941,2013,1,1
5217,6942,2013,1,1
5218,6943,2013,1,0
5219,6945,2015,1,0
5220,6946,2015,1,1
5221,6947,2015,1,0
5222,6948,2015,1,0
5223,6949,2015,1,0
5224,6951,2015,1,1
5225,6952,2016,1,0
5226,6954,2017,1,0
5227,6955,2017,1,0
5228,6956,2017,1,0
5229,6957,2017,1,1
5230,6958,2017,1,0
5231,6959,2017,1,0
5232,6960,2017,1,0
5233,6961,2018,1,0
5234,6963,2018,1,0
5235,6964,2018,1,0
5236,6965,2018,1,1
5237,6966,2018,1,0
5238,6967,2018,1,1
5239,6968,2018,1,1
5240,6969,2019,1,0
5241,6970,2019,1,0
5242,6971,2019,1,0
5243,6972,2019,1,0
5244,6974,2019,1,1
5245,6975,2019,1,1
5246,6976,2020,1,1
5247,6977,2020,1,0
5248,6978,2020,1,0
5249,6979,2021,1,0
5250,6980,2021,1,1
5251,6981,2021,1,1
5252,6982,2022,1,0
5253,6983,2022,1,0
5254,6984,2022,1,1
5255,6985,2022,1,1
5256,6987,2022,1,0
5257,6988,2022,1,1
5258,6989,2023,1,1
5259,6990,2023,1,1
5260,6993,2024,1,0
5261,6994,2024,1,1
5262,6995,2024,1,0
5263,6996,2024,1,0
5264,6997,2024,1,0
5265,6998,2025,1,0
5266,7000,2025,1,0
5267,7002,2026,1,0
5268,7003,2026,1,1
5269,7004,2026,1,1
5270,7005,2026,1,0
5271,7007,2027,1,0
5272,7008,2027,1,0
5273,7009,2028,1,1
5274,7010,2029,1,0
5275,7012,2030,1,0
5276,7013,2030,1,0
5277,7016,2031,1,0
5278,7017,2031,1,1
5279,7018,2032,1,0
5280,7019,2032,1,0
5281,7022,2034,1,1
5282,7023,2034,1,1
5283,7024,2034,1,0
5284,7026,2034,1,1
5285,7027,2034,1,1
5286,7028,2034,1,0
5287,7029,2034,1,0
5288,7031,2035,1,0
5289,7032,2035,1,1
5290,7034,2036,1,1
5291,7035,2036,1,1
5292,7036,2036,1,1
5293,7038,2036,1,1
5294,7039,2036,1,1
5295,7041,2037,1,0
5296,7042,2037,1,1
5297,7045,2038,1,0
5298,7046,2038,1,0
5299,7047,2039,1,0
5300,7048,2040,1,1
5301,7051,2040,1,0
5302,7052,2040,1,0
5303,7053,2041,1,0
5304,7054,2042,1,0
5305,7055,2042,1,0
5306,7056,2042,1,0
5307,7057,2042,1,0
5308,7059,2042,1,0
5309,7061,2044,1,0
5310,7062,2044,1,1
5311,7064,2044,1,0
5312,7065,2045,1,0
5313,7066,2045,1,0
5314,7067,2047,1,0
5315,7069,2047,1,0
5316,7070,2047,1,1
5317,7071,2047,1,0
5318,7072,2047,1,1
5319,7073,2048,1,0
5320,7074,2048,1,1
5321,7075,2048,1,1
5322,7077,2049,1,1
5323,7078,2050,1,1
5324,7079,2050,1,1
5325,7082,2051,1,0
5326,7085,2053,1,0
5327,7086,2053,1,1
5328,7087,2053,1,0
5329,7088,2053,1,0
5330,7090,2053,1,0
5331,7091,2053,1,1
5332,7093,2054,1,0
5333,7094,2055,1,0
5334,7095,2055,1,0
5335,7096,2056,1,1
5336,7097,2056,1,0
5337,7098,2056,1,0
5338,7099,2056,1,0
5339,7100,2058,1,0
5340,7101,2058,1,1
5341,7102,2058,1,1
5342,7103,2059,1,0
5343,7104,2059,1,1
5344,7107,2061,1,0
5345,7108,2061,1,0
5346,7109,2061,1,1
5347,7110,2061,1,0
5348,7112,2062,1,1
5349,7113,2062,1,0
5350,7115,2062,1,0
5351,7116,2063,1,0
5352,7117,2063,1,0
5353,7118,2063,1,0
5354,7119,2063,1,0
5355,7120,2063,1,1
5356,7123,2064,1,0
5357,7124,2064,1,0
5358,7125,2064,1,1
5359,7126,2065,1,0
5360,7127,2065,1,1
5361,7128,2066,1,0
5362,7129,2066,1,0
5363,7130,2066,1,0
5364,7131,2067,1,0
5365,7132,2067,1,1
5366,7134,2067,1,0
5367,7135,2068,1,1
5368,7139,2070,1,0
5369,7141,2070,1,0
5370,7145,2072,1,0
5371,7146,2073,1,0
5372,7148,2073,1,0
5373,7149,2073,1,0
5374,7150,2073,1,0
5375,7152,2074,1,1
5376,7153,2075,1,1
5377,7158,2076,1,0
5378,7160,2077,1,1
5379,7161,2077,1,0
5380,7162,2077,1,0
5381,7164,2078,1,1
5382,7165,2079,1,1
5383,7166,2079,1,0
5384,7167,2079,1,0
5385,7168,2079,1,0
5386,7170,2079,1,1
5387,7171,2080,1,0
5388,7172,2080,1,0
5389,7173,2080,1,0
5390,7174,2081,1,0
5391,7175,2082,1,1
5392,7176,2082,1,0
5393,7177,2082,1,0
5394,7178,2082,1,1
5395,7179,2082,1,0
5396,7181,2083,1,1
5397,7182,2083,1,0
5398,7183,2083,1,1
5399,7184,2083,1,0
5400,7185,2083,1,0
5401,7186,2085,1,0
5402,7187,2086,1,0
5403,7190,2086,1,0
5404,7192,2086,1,1
5405,7193,2086,1,0
5406,7194,2086,1,1
5407,7195,2086,1,0
5408,7197,2087,1,0
5409,7199,2087,1,0
5410,7200,2087,1,1
5411,7201,2087,1,0
5412,7202,2088,1,0
5413,7203,2088,1,0
5414,7204,2088,1,0
5415,7205,2088,1,0
5416,7206,2088,1,1
5417,7207,2088,1,0
5418,7208,2088,1,0
5419,7209,2089,1,1
5420,7210,2089,1,1
5421,7213,2089,1,0
5422,7214,2090,1,1
5423,7215,2090,1,1
5424,7216,2091,1,1
5425,7217,2091,1,0
5426,7218,2091,1,0
5427,7219,2092,1,0
5428,7220,2092,1,0
5429,7221,2093,1,1
5430,7222,2093,1,1
5431,7224,2093,1,0
5432,7225,2094,1,0
5433,7226,2094,1,0
5434,7227,2094,1,0
5435,7230,2094,1,0
5436,7231,2095,1,0
5437,7232,2095,1,1
5438,7233,2095,1,0
5439,7234,2095,1,0
5440,7235,2096,1,0
5441,7236,2096,1,0
5442,7237,2096,1,0
5443,7238,2096,1,0
5444,7239,2096,1,0
5445,7240,2096,1,0
5446,7241,2097,1,0
5447,7242,2097,1,0
5448,7243,2097,1,1
5449,7245,2097,1,1
5450,7247,2097,1,0
5451,7249,2098,1,0
5452,7250,2098,1,1
5453,7251,2098,1,0
5454,7252,2098,1,1
5455,7253,2099,1,0
5456,7255,2100,1,0
5457,7256,2100,1,1
5458,7257,2100,1,0
5459,7259,2100,1,1
5460,7260,2100,1,0
5461,7261,2100,1,1
5462,7262,2102,1,1
5463,7264,2103,1,1
5464,7265,2103,1,1
5465,7267,2103,1,0
5466,7269,2104,1,0
5467,7271,2104,1,1
5468,7272,2104,1,0
5469,7273,2105,1,0
5470,7274,2106,1,1
5471,7276,2106,1,0
5472,7277,2106,1,1
5473,7279,2107,1,0
5474,7280,2108,1,1
5475,7282,2108,1,1
5476,7283,2108,1,1
5477,7284,2109,1,0
5478,7287,2109,1,1
5479,7288,2109,1,0
5480,7289,2109,1,0
5481,7291,2111,1,0
5482,7292,2111,1,1
5483,7293,2111,1,0
5484,7296,2112,1,1
5485,7297,2112,1,1
5486,7299,2113,1,0
5487,7300,2114,1,0
5488,7302,2114,1,1
5489,7303,2114,1,0
5490,7304,2114,1,0
5491,7305,2115,1,1
5492,7306,2115,1,0
5493,7307,2115,1,0
5494,7309,2117,1,1
5495,7310,2117,1,0
5496,7311,2117,1,0
5497,7312,2117,1,1
5498,7313,2118,1,1
5499,7314,2119,1,1
5500,7315,2119,1,0
5501,7316,2120,1,0
5502,7318,2120,1,0
5503,7319,2121,1,0
5504,7320,2121,1,0
5505,7321,2121,1,0
5506,7325,2122,1,0
5507,7326,2122,1,0
5508,7327,2122,1,1
5509,7328,2123,1,0
5510,7329,2123,1,0
5511,7330,2123,1,1
5512,7331,2123,1,1
5513,7332,2123,1,1
5514,7334,2124,1,1
5515,7335,2124,1,0
5516,7336,2125,1,1
5517,7337,2125,1,0
5518,7338,2126,1,0
5519,7339,2126,1,0
5520,7340,2126,1,1
5521,7341,2127,1,0
5522,7344,2127,1,0
5523,7345,2127,1,0
5524,7346,2128,1,1
5525,7347,2128,1,1
5526,7348,2128,1,0
5527,7349,2128,1,0
5528,7352,2128,1,0
5529,7353,2129,1,1
5530,7354,2129,1,0
5531,7355,2129,1,1
5532,7356,2129,1,0
5533,7358,2129,1,0
5534,7359,2130,1,0
5535,7360,2130,1,1
5536,7361,2130,1,1
5537,7363,2130,1,0
5538,7364,2131,1,0
5539,7365,2131,1,0
5540,7366,2131,1,0
5541,7367,2132,1,0
5542,7368,2132,1,0
5543,7370,2133,1,0
5544,7371,2134,1,0
5545,7373,2135,1,0
5546,7374,2135,1,0
5547,7375,2135,1,1
5548,7377,2135,1,1
5549,7379,2136,1,1
5550,7381,2137,1,0
5551,7382,2137,1,1
5552,7384,2137,1,1
5553,7386,2138,1,0
5554,7389,2139,1,1
5555,7391,2140,1,0
5556,7392,2140,1,0
5557,7393,2140,1,0
5558,7394,2141,1,0
5559,7395,2141,1,1
5560,7396,2141,1,0
5561,7397,2141,1,0
5562,7398,2142,1,0
5563,7400,2143,1,0
5564,7401,2143,1,1
5565,7402,2143,1,0
5566,7404,2144,1,0
5567,7405,2144,1,0
5568,7406,2144,1,0
5569,7407,2144,1,1
5570,7409,2144,1,1
5571,7410,2144,1,1
5572,7411,2145,1,0
5573,7413,2145,1,1
5574,7414,2146,1,0
5575,7415,2146,1,1
5576,7416,2147,1,1
5577,7417,2147,1,1
5578,7418,2147,1,1
5579,7420,2147,1,1
5580,7421,2148,1,1
5581,7422,2150,1,1
5582,7425,2150,1,0
5583,7428,2150,1,1
5584,7429,2150,1,0
5585,7430,2150,1,1
5586,7431,2151,1,0
5587,7432,2151,1,0
5588,7433,2151,1,0
5589,7434,2151,1,1
5590,7435,2151,1,1
5591,7436,2152,1,0
5592,7437,2152,1,0
5593,7439,2152,1,0
5594,7441,2152,1,0
5595,7442,2152,1,1
5596,7443,2152,1,0
5597,7444,2153,1,0
5598,7446,2153,1,0
5599,7447,2154,1,1
5600,7448,2154,1,0
5601,7449,2154,1,1
5602,7451,2155,1,1
5603,7452,2156,1,1
5604,7453,2156,1,1
5605,7454,2156,1,1
5606,7455,2156,1,0
5607,7456,2156,1,0
5608,7458,2157,1,0
5609,7461,2158,1,1
5610,7462,2158,1,1
5611,7463,2159,1,0
5612,7464,2159,1,1
5613,7465,2160,1,0
5614,7467,2161,1,0
5615,7468,2161,1,0
5616,7469,2161,1,1
5617,7471,2161,1,0
5618,7472,2161,1,0
5619,7473,2161,1,0
5620,7474,2161,1,0
5621,7475,2162,1,0
5622,7476,2162,1,0
5623,7478,2163,1,0
5624,7480,2163,1,0
5625,7481,2163,1,0
5626,7482,2164,1,1
5627,7483,2164,1,1
5628,7484,2164,1,1
5629,7486,2165,1,0
5630,7487,2165,1,0
5631,7488,2165,1,0
5632,7489,2165,1,0
5633,7490,2165,1,0
5634,7491,2165,1,1
5635,7492,2167,1,0
5636,7494,2167,1,1
5637,7496,2167,1,0
5638,7497,2167,1,0
5639,7498,2167,1,0
5640,7499,2167,1,1
5641,7500,2167,1,0
5642,7501,2169,1,1
5643,7502,2169,1,0
5644,7503,2169,1,0
5645,7504,2169,1,0
5646,7505,2169,1,0
5647,7506,2169,1,0
5648,7508,2170,1,0
5649,7509,2170,1,1
5650,7511,2171,1,0
5651,7512,2171,1,0
5652,7514,2171,1,0
5653,7515,2172,1,0
5654,7518,2172,1,0
5655,7519,2173,1,1
5656,7520,2173,1,0
5657,7521,2173,1,0
5658,7522,2173,1,0
5659,7523,2173,1,0
5660,7524,2173,1,1
5661,7525,2173,1,1
5662,7527,2174,1,1
5663,7528,2174,1,0
5664,7529,2174,1,0
5665,7530,2174,1,1
5666,7533,2175,1,1
5667,7535,2175,1,1
5668,7537,2176,1,1
5669,7538,2176,1,0
5670,7539,2176,1,0
5671,7540,2177,1,0
5672,7541,2177,1,0
5673,7542,2177,1,1
5674,7543,2178,1,1
5675,7544,2178,1,0
5676,7545,2179,1,1
5677,7546,2179,1,0
5678,7547,2179,1,1
5679,7548,2179,1,1
5680,7549,2179,1,0
5681,7550,2180,1,0
5682,7551,2181,1,1
5683,7552,2181,1,0
5684,7553,2181,1,0
5685,7555,2181,1,1
5686,7556,2181,1,0
5687,7557,2181,1,1
5688,7559,2181,1,0
5689,7560,2181,1,0
5690,7561,2182,1,0
5691,7562,2182,1,0
5692,7563,2182,1,0
5693,7564,2182,1,0
5694,7566,2184,1,0
5695,7567,2184,1,1
5696,7568,2184,1,0
5697,7570,2185,1,0
5698,7571,2185,1,0
5699,7572,2186,1,0
5700,7573,2186,1,1
5701,7574,2187,1,0
5702,7576,2187,1,1
5703,7577,2187,1,0
5704,7579,2188,1,0
5705,7582,2188,1,0
5706,7583,2188,1,0
5707,7585,2189,1,0
5708,7586,2189,1,0
5709,7588,2190,1,1
5710,7589,2190,1,0
5711,7590,2190,1,0
5712,7591,2190,1,1
5713,7593,2191,1,0
5714,7594,2191,1,0
5715,7598,2192,1,0
5716,7599,2192,1,1
5717,7600,2192,1,1
5718,7602,2192,1,0
5719,7603,2193,1,0
5720,7604,2193,1,0
5721,7605,2193,1,1
5722,7607,2195,1,0
5723,7608,2195,1,0
5724,7609,2195,1,1
5725,7610,2196,1,1
5726,7613,2196,1,0
5727,7615,2199,1,1
5728,7616,2199,1,0
5729,7617,2200,1,0
5730,7618,2200,1,1
5731,7619,2200,1,1
5732,7620,2200,1,0
5733,7622,2201,1,0
5734,7624,2202,1,0
5735,7625,2203,1,0
5736,7626,2203,1,1
5737,7627,2203,1,0
5738,7628,2203,1,0
5739,7629,2203,1,1
5740,7630,2203,1,0
5741,7631,2203,1,0
5742,7632,2205,1,0
5743,7634,2205,1,0
5744,7635,2206,1,0
5745,7638,2208,1,1
5746,7639,2208,1,1
5747,7640,2210,1,1
5748,7641,2210,1,1
5749,7642,2210,1,1
5750,7643,2211,1,0
5751,7644,2211,1,0
5752,7645,2211,1,0
5753,7646,2211,1,1
5754,7647,2211,1,0
5755,7648,2211,1,0
5756,7652,2212,1,1
5757,7654,2212,1,0
5758,7655,2213,1,1
5759,7657,2213,1,0
5760,7658,2213,1,0
5761,7659,2214,1,1
5762,7660,2214,1,1
5763,7661,2214,1,0
5764,7662,2215,1,0
5765,7663,2215,1,0
5766,7664,2215,1,0
5767,7667,2216,1,1
5768,7669,2216,1,1
5769,7670,2216,1,0
5770,7672,2217,1,1
5771,7673,2217,1,1
5772,7674,2217,1,0
5773,7675,2218,1,0
5774,7676,2218,1,1
5775,7677,2218,1,0
5776,7678,2218,1,0
5777,7679,2219,1,0
5778,7682,2219,1,0
5779,7683,2219,1,0
5780,7684,2220,1,1
5781,7685,2221,1,1
5782,7686,2221,1,0
5783,7687,2221,1,1
5784,7688,2221,1,0
5785,7690,2221,1,0
5786,7691,2221,1,1
5787,7692,2221,1,0
5788,7693,2221,1,0
5789,7695,2221,1,1
5790,7696,2222,1,0
5791,7697,2222,1,0
5792,7698,2222,1,0
5793,7700,2222,1,1
5794,7701,2222,1,0
5795,7702,2222,1,0
5796,7703,2222,1,0
5797,7704,2223,1,0
5798,7705,2223,1,0
5799,7706,2223,1,1
5800,7707,2223,1,1
5801,7708,2224,1,0
5802,7709,2224,1,1
5803,7710,2225,1,0
5804,7711,2225,1,0
5805,7712,2225,1,1
5806,7713,2225,1,1
5807,7714,2226,1,1
5808,7715,2226,1,0
5809,7716,2227,1,0
5810,7717,2227,1,0
5811,7719,2227,1,1
5812,7720,2228,1,0
5813,7721,2228,1,0
5814,7722,2228,1,0
5815,7724,2228,1,0
5816,7727,2230,1,0
5817,7728,2231,1,0
5818,7729,2231,1,0
5819,7730,2231,1,1
5820,7731,2231,1,0
5821,7733,2233,1,0
5822,7734,2233,1,0
5823,7735,2233,1,1
5824,7736,2233,1,0
5825,7737,2233,1,0
5826,7738,2233,1,0
5827,7739,2234,1,1
5828,7740,2234,1,0
5829,7741,2234,1,1
5830,7742,2235,1,0
5831,7743,2235,1,0
5832,7744,2235,1,0
5833,7745,2235,1,0
5834,7746,2236,1,0
5835,7747,2236,1,0
5836,7748,2236,1,0
5837,7749,2237,1,0
5838,7752,2238,1,1
5839,7754,2238,1,0
5840,7755,2239,1,1
5841,7756,2239,1,0
5842,7757,2239,1,1
5843,7759,2239,1,0
5844,7760,2239,1,1
5845,7761,2239,1,0
5846,7763,2240,1,0
5847,7764,2240,1,1
5848,7765,2240,1,0
5849,7766,2241,1,0
5850,7768,2241,1,0
5851,7769,2241,1,1
5852,7770,2241,1,0
5853,7771,2241,1,0
5854,7772,2242,1,0
5855,7773,2242,1,0
5856,7774,2243,1,1
5857,7778,2243,1,0
5858,7779,2244,1,0
5859,7780,2244,1,1
5860,7782,2244,1,0
5861,7783,2244,1,0
5862,7785,2244,1,0
5863,7786,2245,1,0
5864,7787,2245,1,0
5865,7788,2245,1,1
5866,7789,2245,1,1
5867,7790,2245,1,1
5868,7791,2245,1,1
5869,7792,2245,1,0
5870,7793,2246,1,1
5871,7794,2246,1,0
5872,7796,2246,1,0
5873,7797,2246,1,0
5874,7799,2246,1,0
5875,7800,2247,1,1
5876,7804,2247,1,0
5877,7806,2248,1,0
5878,7807,2248,1,0
5879,7808,2248,1,1
5880,7809,2248,1,0
5881,7810,2249,1,0
5882,7811,2251,1,0
5883,7812,2251,1,0
5884,7813,2251,1,0
5885,7814,2252,1,1
5886,7815,2253,1,0
5887,7816,2254,1,1
5888,7817,2254,1,0
5889,7818,2254,1,1
5890,7819,2254,1,1
5891,7820,2254,1,0
5892,7821,2255,1,0
5893,7822,2255,1,1
5894,7823,2255,1,0
5895,7824,2255,1,0
5896,7826,2255,1,0
5897,7827,2256,1,1
5898,7828,2256,1,0
5899,7829,2256,1,0
5900,7833,2258,1,0
5901,7835,2258,1,0
5902,7836,2258,1,0
5903,7838,2258,1,0
5904,7839,2259,1,0
5905,7840,2259,1,0
5906,7841,2259,1,1
5907,7843,2259,1,0
5908,7847,2261,1,0
5909,7849,2261,1,0
5910,7850,2261,1,0
5911,7851,2262,1,0
5912,7852,2262,1,0
5913,7853,2262,1,0
5914,7854,2262,1,1
5915,7855,2262,1,0
5916,7856,2263,1,1
5917,7857,2263,1,1
5918,7858,2263,1,1
5919,7859,2263,1,1
5920,7860,2264,1,0
5921,7861,2264,1,0
5922,7862,2264,1,0
5923,7863,2264,1,0
5924,7865,2264,1,0
5925,7868,2265,1,0
5926,7869,2265,1,0
5927,7872,2268,1,1
5928,7873,2268,1,1
5929,7874,2269,1,0
5930,7875,2269,1,0
5931,7876,2269,1,0
5932,7879,2271,1,1
5933,7882,2272,1,0
5934,7883,2272,1,0
5935,7884,2273,1,1
5936,7885,2273,1,1
5937,7887,2274,1,1
5938,7888,2274,1,0
5939,7890,2275,1,1
5940,7891,2275,1,1
5941,7892,2275,1,1
5942,7893,2275,1,0
5943,7894,2275,1,0
5944,7896,2276,1,0
5945,7897,2276,1,0
5946,7898,2277,1,1
5947,7899,2277,1,1
5948,7900,2277,1,0
5949,7901,2277,1,1
5950,7902,2277,1,0
5951,7903,2277,1,0
5952,7905,2278,1,1
5953,7906,2278,1,1
5954,7907,2278,1,1
5955,7908,2278,1,1
5956,7910,2279,1,0
5957,7911,2279,1,0
5958,7915,2280,1,0
5959,7916,2280,1,0
5960,7917,2280,1,0
5961,7918,2280,1,0
5962,7919,2281,1,0
5963,7920,2281,1,0
5964,7921,2282,1,0
5965,7922,2283,1,1
5966,7923,2283,1,0
5967,7924,2283,1,0
5968,7925,2283,1,1
5969,7926,2284,1,1
5970,7927,2285,1,1
5971,7928,2285,1,0
5972,7931,2286,1,0
5973,7932,2286,1,0
5974,7933,2286,1,0
5975,7934,2287,1,0
5976,7935,2287,1,0
5977,7940,2289,1,0
5978,7941,2290,1,0
5979,7942,2290,1,1
5980,7944,2291,1,0
5981,7945,2291,1,0
5982,7946,2291,1,0
5983,7949,2292,1,0
5984,7951,2293,1,0
5985,7952,2293,1,0
5986,7953,2293,1,0
5987,7956,2294,1,0
5988,7958,2295,1,0
5989,7959,2295,1,0
5990,7960,2295,1,1
5991,7961,2295,1,1
5992,7962,2296,1,1
5993,7963,2296,1,0
5994,7964,2298,1,1
5995,7965,2300,1,0
5996,7966,2300,1,0
5997,7967,2301,1,0
5998,7968,2301,1,1
5999,7969,2301,1,1
6000,7970,2301,1,0
6001,7971,2301,1,1
6002,7973,2301,1,0
6003,7974,2301,1,0
6004,7975,2301,1,1
6005,7978,2302,1,0
6006,7979,2302,1,1
6007,7980,2302,1,1
6008,7981,2302,1,1
6009,7982,2303,1,0
6010,7983,2303,1,0
6011,7984,2303,1,1
6012,7986,2303,1,1
6013,7987,2305,1,0
6014,7988,2305,1,1
6015,7989,2305,1,1
6016,7991,2305,1,1
6017,7992,2305,1,0
6018,7993,2305,1,1
6019,7994,2305,1,0
6020,7996,2306,1,0
6021,8000,2308,1,0
6022,8001,2309,1,0
6023,8003,2309,1,1
6024,8004,2309,1,1
6025,8005,2309,1,0
6026,8007,2311,1,1
6027,8008,2311,1,1
6028,8010,2311,1,0
6029,8011,2311,1,1
6030,8013,2312,1,0
6031,8014,2312,1,0
6032,8015,2313,1,0
6033,8016,2313,1,0
6034,8017,2313,1,1
6035,8019,2314,1,0
6036,8020,2314,1,1
6037,8021,2314,1,1
6038,8022,2314,1,1
6039,8024,2314,1,0
6040,8026,2314,1,0
6041,8027,2315,1,0
6042,8028,2315,1,1
6043,8029,2315,1,0
6044,8030,2316,1,0
6045,8031,2316,1,1
6046,8032,2316,1,1
6047,8033,2317,1,0
6048,8035,2318,1,1
6049,8036,2318,1,0
6050,8037,2318,1,0
6051,8039,2318,1,0
6052,8040,2318,1,0
6053,8041,2319,1,1
6054,8042,2319,1,0
6055,8044,2319,1,0
6056,8045,2320,1,1
6057,8046,2320,1,0
6058,8047,2320,1,1
6059,8048,2320,1,0
6060,8050,2321,1,1
6061,8051,2322,1,0
6062,8052,2322,1,0
6063,8053,2322,1,0
6064,8054,2322,1,1
6065,8056,2323,1,1
6066,8058,2323,1,1
6067,8059,2324,1,0
6068,8062,2325,1,0
6069,8064,2326,1,0
6070,8066,2327,1,1
6071,8067,2327,1,1
6072,8068,2327,1,1
6073,8069,2327,1,0
6074,8071,2329,1,1
6075,8072,2329,1,0
6076,8073,2329,1,0
6077,8074,2330,1,0
6078,8075,2330,1,1
6079,8076,2330,1,0
6080,8079,2331,1,1
6081,8080,2331,1,0
6082,8082,2332,1,0
6083,8083,2332,1,0
6084,8085,2332,1,1
6085,8086,2332,1,0
6086,8087,2332,1,0
6087,8088,2333,1,0
6088,8089,2333,1,1
6089,8090,2333,1,0
6090,8091,2333,1,1
6091,8094,2334,1,0
6092,8095,2334,1,0
6093,8097,2334,1,0
6094,8098,2335,1,0
6095,8099,2335,1,0
6096,8101,2335,1,1
6097,8102,2335,1,0
6098,8103,2336,1,0
6099,8104,2336,1,0
6100,8107,2336,1,1
6101,8109,2339,1,0
6102,8111,2339,1,0
6103,8113,2340,1,1
6104,8115,2341,1,0
6105,8116,2341,1,0
6106,8117,2341,1,0
6107,8118,2341,1,0
6108,8119,2342,1,0
6109,8120,2342,1,0
6110,8121,2342,1,1
6111,8122,2343,1,0
6112,8123,2343,1,0
6113,8125,2343,1,1
6114,8126,2344,1,1
6115,8129,2345,1,0
6116,8130,2345,1,0
6117,8131,2346,1,1
6118,8132,2346,1,0
6119,8134,2346,1,1
6120,8135,2346,1,0
6121,8136,2346,1,0
6122,8137,2346,1,0
6123,8138,2347,1,1
6124,8140,2347,1,0
6125,8142,2347,1,0
6126,8148,2349,1,0
6127,8149,2350,1,0
6128,8151,2350,1,0
6129,8152,2350,1,1
6130,8155,2352,1,1
6131,8156,2352,1,0
6132,8159,2353,1,0
6133,8160,2353,1,1
6134,8161,2353,1,1
6135,8162,2353,1,0
6136,8163,2355,1,0
6137,8164,2355,1,1
6138,8165,2355,1,0
6139,8166,2356,1,0
6140,8167,2356,1,0
6141,8168,2356,1,1
6142,8169,2356,1,0
6143,8170,2357,1,1
6144,8171,2357,1,0
6145,8172,2358,1,0
6146,8173,2358,1,1
6147,8174,2359,1,1
6148,8176,2359,1,0
6149,8177,2359,1,1
6150,8179,2360,1,1
6151,8180,2360,1,0
6152,8181,2360,1,0
6153,8182,2360,1,1
6154,8183,2361,1,1
6155,8184,2362,1,0
6156,8185,2363,1,0
6157,8186,2364,1,0
6158,8187,2364,1,1
6159,8188,2364,1,1
6160,8189,2365,1,0
6161,8190,2366,1,1
6162,8192,2366,1,0
6163,8193,2366,1,0
6164,8196,2368,1,0
6165,8197,2369,1,0
6166,8199,2370,1,0
6167,8200,2370,1,1
6168,8201,2370,1,1
6169,8203,2371,1,1
6170,8205,2372,1,0
6171,8206,2372,1,1
6172,8207,2372,1,1
6173,8208,2372,1,0
6174,8209,2372,1,1
6175,8210,2373,1,0
6176,8211,2373,1,0
6177,8212,2375,1,0
6178,8213,2375,1,1
6179,8216,2375,1,0
6180,8217,2375,1,1
6181,8218,2375,1,0
6182,8219,2376,1,0
6183,8222,2377,1,0
6184,8223,2377,1,0
6185,8224,2377,1,1
6186,8225,2377,1,0
6187,8226,2377,1,1
6188,8227,2377,1,0
6189,8228,2377,1,0
6190,8229,2377,1,1
6191,8230,2378,1,0
6192,8232,2378,1,0
6193,8233,2378,1,0
6194,8235,2378,1,0
6195,8237,2379,1,0
6196,8238,2379,1,0
6197,8239,2379,1,0
6198,8240,2380,1,1
6199,8242,2380,1,1
6200,8243,2380,1,1
6201,8244,2380,1,0
6202,8246,2380,1,0
6203,8247,2380,1,0
6204,8248,2381,1,0
6205,8249,2381,1,0
6206,8250,2381,1,0
6207,8251,2383,1,0
6208,8252,2383,1,1
6209,8254,2383,1,0
6210,8255,2383,1,0
6211,8256,2385,1,0
6212,8257,2385,1,0
6213,8258,2385,1,0
6214,8259,2385,1,0
6215,8260,2386,1,0
6216,8261,2386,1,1
6217,8262,2386,1,0
6218,8263,2386,1,0
6219,8264,2386,1,0
6220,8265,2387,1,0
6221,8266,2388,1,0
6222,8267,2388,1,0
6223,8270,2390,1,0
6224,8272,2392,1,1
6225,8273,2393,1,1
6226,8274,2393,1,0
6227,8276,2393,1,0
6228,8278,2394,1,0
6229,8281,2394,1,1
6230,8282,2394,1,1
6231,8283,2395,1,0
6232,8284,2396,1,0
6233,8285,2396,1,1
6234,8286,2396,1,0
6235,8287,2396,1,1
6236,8289,2396,1,1
6237,8290,2397,1,1
6238,8291,2398,1,0
6239,8292,2399,1,0
6240,8293,2399,1,1
6241,8294,2399,1,0
6242,8295,2399,1,0
6243,8297,2401,1,1
6244,8298,2402,1,1
6245,8299,2402,1,0
6246,8301,2403,1,0
6247,8303,2403,1,0
6248,8304,2403,1,0
6249,8305,2403,1,0
6250,8306,2403,1,1
6251,8307,2404,1,0
6252,8309,2405,1,1
6253,8310,2406,1,0
6254,8311,2406,1,1
6255,8313,2407,1,0
6256,8315,2407,1,1
6257,8316,2407,1,0
6258,8317,2408,1,1
6259,8318,2408,1,1
6260,8319,2409,1,1
6261,8320,2409,1,0
6262,8321,2409,1,1
6263,8322,2409,1,0
6264,8323,2409,1,1
6265,8325,2410,1,0
6266,8327,2410,1,0
6267,8330,2412,1,1
6268,8331,2412,1,1
6269,8333,2414,1,0
6270,8334,2414,1,1
6271,8337,2415,1,0
6272,8338,2416,1,0
6273,8339,2416,1,1
6274,8340,2416,1,1
6275,8341,2416,1,0
6276,8342,2416,1,1
6277,8344,2416,1,1
6278,8347,2418,1,0
6279,8348,2419,1,1
6280,8349,2419,1,1
6281,8352,2419,1,0
6282,8354,2420,1,0
6283,8356,2421,1,0
6284,8357,2422,1,1
6285,8359,2423,1,1
6286,8360,2423,1,0
6287,8361,2423,1,1
6288,8363,2424,1,0
6289,8365,2426,1,1
6290,8366,2426,1,1
6291,8367,2426,1,1
6292,8368,2426,1,0
6293,8369,2429,1,0
6294,8370,2429,1,1
6295,8371,2429,1,0
6296,8373,2429,1,1
6297,8374,2429,1,1
6298,8375,2430,1,0
6299,8376,2430,1,0
6300,8379,2431,1,1
6301,8380,2431,1,0
6302,8382,2432,1,0
6303,8383,2432,1,0
6304,8384,2433,1,1
6305,8385,2433,1,1
6306,8387,2433,1,0
6307,8388,2434,1,0
6308,8389,2435,1,1
6309,8390,2436,1,0
6310,8391,2438,1,0
6311,8393,2438,1,0
6312,8394,2438,1,0
6313,8395,2438,1,0
6314,8396,2438,1,1
6315,8397,2438,1,0
6316,8398,2439,1,0
6317,8399,2439,1,0
6318,8400,2439,1,0
6319,8401,2439,1,0
6320,8404,2440,1,0
6321,8405,2440,1,0
6322,8406,2441,1,0
6323,8408,2441,1,0
6324,8409,2441,1,1
6325,8410,2441,1,0
6326,8412,2441,1,0
6327,8413,2441,1,0
6328,8414,2442,1,0
6329,8415,2443,1,1
6330,8416,2443,1,0
6331,8417,2443,1,1
6332,8418,2443,1,1
6333,8419,2443,1,0
6334,8420,2443,1,1
6335,8421,2444,1,1
6336,8422,2444,1,0
6337,8423,2444,1,0
6338,8424,2444,1,0
6339,8425,2444,1,1
6340,8426,2444,1,0
6341,8427,2445,1,0
6342,8428,2445,1,1
6343,8429,2445,1,1
6344,8430,2446,1,0
6345,8432,2446,1,1
6346,8434,2446,1,1
6347,8435,2447,1,0
6348,8436,2447,1,0
6349,8437,2447,1,1
6350,8439,2449,1,0
6351,8440,2450,1,0
6352,8442,2450,1,0
6353,8444,2450,1,0
6354,8445,2450,1,0
6355,8446,2450,1,1
6356,8447,2451,1,0
6357,8449,2452,1,1
6358,8450,2452,1,0
6359,8451,2452,1,1
6360,8452,2453,1,1
6361,8453,2453,1,1
6362,8454,2453,1,0
6363,8455,2455,1,1
6364,8456,2455,1,1
6365,8457,2455,1,0
6366,8458,2455,1,0
6367,8460,2455,1,1
6368,8461,2455,1,0
6369,8462,2456,1,0
6370,8464,2456,1,0
6371,8465,2457,1,0
6372,8467,2458,1,0
6373,8469,2458,1,1
6374,8470,2458,1,1
6375,8471,2458,1,1
6376,8473,2458,1,1
6377,8474,2459,1,0
6378,8475,2459,1,0
6379,8476,2459,1,0
6380,8479,2460,1,0
6381,8481,2460,1,1
6382,8482,2461,1,1
6383,8483,2461,1,0
6384,8484,2462,1,0
6385,8485,2462,1,0
6386,8489,2463,1,0
6387,8491,2464,1,0
6388,8492,2464,1,0
6389,8493,2464,1,0
6390,8495,2465,1,0
6391,8496,2465,1,1
6392,8497,2466,1,0
6393,8499,2467,1,0
6394,8500,2467,1,0
6395,8501,2467,1,0
6396,8502,2468,1,0
6397,8503,2468,1,1
6398,8504,2469,1,1
6399,8507,2470,1,0
6400,8508,2470,1,1
6401,8509,2471,1,1
6402,8510,2471,1,0
6403,8511,2471,1,1
6404,8512,2471,1,0
6405,8513,2472,1,1
6406,8515,2472,1,1
6407,8516,2472,1,1
6408,8517,2472,1,1
6409,8518,2472,1,0
6410,8519,2472,1,0
6411,8520,2472,1,1
6412,8521,2473,1,0
6413,8524,2475,1,1
6414,8525,2475,1,1
6415,8526,2475,1,1
6416,8527,2476,1,1
6417,8528,2477,1,1
6418,8529,2477,1,0
6419,8530,2477,1,0
6420,8531,2477,1,0
6421,8532,2477,1,1
6422,8533,2477,1,0
6423,8536,2478,1,1
6424,8539,2479,1,0
6425,8540,2479,1,0
6426,8541,2479,1,1
6427,8542,2479,1,0
6428,8543,2480,1,0
6429,8544,2480,1,0
6430,8546,2480,1,0
6431,8549,2482,1,0
6432,8550,2482,1,0
6433,8551,2483,1,0
6434,8552,2484,1,0
6435,8553,2484,1,0
6436,8554,2484,1,0
6437,8555,2484,1,1
6438,8556,2484,1,0
6439,8557,2485,1,0
6440,8558,2485,1,1
6441,8559,2485,1,0
6442,8560,2485,1,0
6443,8561,2485,1,1
6444,8562,2486,1,0
6445,8564,2486,1,1
6446,8565,2486,1,0
6447,8566,2486,1,1
6448,8568,2487,1,1
6449,8569,2487,1,0
6450,8570,2487,1,1
6451,8571,2488,1,1
6452,8572,2488,1,0
6453,8574,2488,1,0
6454,8575,2488,1,0
6455,8577,2489,1,0
6456,8578,2490,1,0
6457,8580,2490,1,1
6458,8581,2491,1,1
6459,8582,2491,1,1
6460,8583,2492,1,0
6461,8584,2492,1,0
6462,8585,2492,1,0
6463,8586,2492,1,0
6464,8587,2492,1,1
6465,8588,2492,1,0
6466,8589,2492,1,1
6467,8590,2492,1,0
6468,8591,2492,1,0
6469,8592,2492,1,0
6470,8595,2494,1,1
6471,8596,2494,1,1
6472,8597,2494,1,0
6473,8598,2494,1,0
6474,8599,2495,1,1
6475,8601,2495,1,0
6476,8602,2495,1,0
6477,8603,2496,1,0
6478,8604,2496,1,0
6479,8605,2497,1,0
6480,8606,2498,1,0
6481,8607,2498,1,1
6482,8608,2498,1,0
6483,8609,2499,1,1
6484,8610,2499,1,0
6485,8611,2500,1,0
6486,8613,2500,1,0
6487,8614,2500,1,0
6488,8615,2500,1,0
6489,8616,2501,1,0
6490,8617,2502,1,0
6491,8618,2503,1,1
6492,8619,2504,1,0
6493,8620,2504,1,0
6494,8621,2504,1,0
6495,8622,2504,1,0
6496,8624,2505,1,0
6497,8625,2506,1,0
6498,8627,2506,1,0
6499,8628,2506,1,0
6500,8629,2506,1,0
6501,8630,2506,1,1
6502,8632,2507,1,0
6503,8633,2507,1,0
6504,8634,2508,1,1
6505,8635,2509,1,0
6506,8636,2509,1,0
6507,8637,2510,1,0
6508,8638,2510,1,0
6509,8639,2510,1,0
6510,8640,2510,1,0
6511,8641,2511,1,0
6512,8642,2511,1,1
6513,8643,2511,1,1
6514,8644,2511,1,1
6515,8645,2511,1,0
6516,8646,2511,1,1
6517,8647,2511,1,0
6518,8648,2511,1,0
6519,8649,2512,1,0
6520,8650,2512,1,1
6521,8651,2512,1,1
6522,8653,2513,1,1
6523,8654,2514,1,0
6524,8656,2516,1,0
6525,8657,2516,1,0
6526,8658,2516,1,1
6527,8659,2516,1,0
6528,8660,2517,1,0
6529,8664,2518,1,0
6530,8665,2518,1,0
6531,8666,2518,1,1
6532,8667,2519,1,0
6533,8668,2519,1,0
6534,8670,2519,1,0
6535,8671,2519,1,1
6536,8672,2520,1,0
6537,8673,2520,1,0
6538,8674,2520,1,1
6539,8675,2520,1,1
6540,8677,2521,1,1
6541,8678,2521,1,1
6542,8679,2521,1,0
6543,8680,2521,1,1
6544,8681,2522,1,0
6545,8682,2522,1,1
6546,8683,2522,1,1
6547,8684,2523,1,1
6548,8686,2523,1,1
6549,8687,2523,1,1
6550,8689,2524,1,1
6551,8690,2524,1,1
6552,8691,2524,1,0
6553,8692,2525,1,0
6554,8693,2525,1,0
6555,8696,2526,1,0
6556,8697,2526,1,1
6557,8699,2527,1,0
6558,8701,2528,1,1
6559,8702,2528,1,0
6560,8703,2528,1,0
6561,8704,2528,1,0
6562,8705,2528,1,0
6563,8706,2528,1,1
6564,8707,2528,1,0
6565,8708,2528,1,1
6566,8710,2529,1,1
6567,8711,2530,1,1
6568,8712,2531,1,0
6569,8714,2533,1,1
6570,8715,2535,1,0
6571,8717,2537,1,0
6572,8718,2538,1,0
6573,8719,2538,1,0
6574,8720,2538,1,1
6575,8721,2538,1,1
6576,8722,2539,1,0
6577,8724,2540,1,0
6578,8726,2541,1,0
6579,8727,2541,1,0
6580,8728,2542,1,1
6581,8729,2542,1,1
6582,8733,2543,1,0
6583,8734,2543,1,0
6584,8736,2544,1,0
6585,8737,2544,1,0
6586,8739,2548,1,1
6587,8740,2548,1,0
6588,8741,2548,1,0
6589,8743,2548,1,1
6590,8745,2548,1,1
6591,8748,2549,1,1
6592,8750,2551,1,0
6593,8754,2552,1,1
6594,8755,2552,1,1
6595,8757,2554,1,0
6596,8758,2554,1,1
6597,8759,2555,1,1
6598,8760,2555,1,0
6599,8761,2555,1,0
6600,8762,2556,1,0
6601,8763,2556,1,1
6602,8764,2556,1,0
6603,8765,2557,1,0
6604,8766,2557,1,0
6605,8768,2557,1,1
6606,8769,2558,1,1
6607,8771,2559,1,0
6608,8772,2559,1,1
6609,8773,2559,1,0
6610,8774,2560,1,0
6611,8775,2560,1,1
6612,8778,2561,1,1
6613,8780,2561,1,0
6614,8782,2562,1,0
6615,8784,2563,1,0
6616,8785,2563,1,1
6617,8786,2563,1,0
6618,8787,2563,1,0
6619,8789,2564,1,0
6620,8790,2565,1,0
6621,8791,2565,1,0
6622,8792,2566,1,1
6623,8793,2566,1,1
6624,8795,2566,1,1
6625,8797,2567,1,0
6626,8799,2568,1,1
6627,8800,2569,1,0
6628,8801,2570,1,0
6629,8804,2570,1,0
6630,8805,2570,1,1
6631,8807,2570,1,1
6632,8808,2571,1,0
6633,8809,2572,1,0
6634,8810,2572,1,0
6635,8811,2572,1,0
6636,8812,2572,1,1
6637,8813,2572,1,1
6638,8814,2572,1,1
6639,8815,2573,1,0
6640,8816,2573,1,1
6641,8817,2573,1,0
6642,8822,2574,1,0
6643,8823,2574,1,0
6644,8825,2574,1,0
6645,8826,2574,1,0
6646,8827,2575,1,1
6647,8828,2575,1,1
6648,8829,2575,1,1
6649,8831,2576,1,0
6650,8833,2577,1,0
6651,8834,2577,1,0
6652,8836,2577,1,1
6653,8837,2577,1,0
6654,8838,2578,1,0
6655,8840,2579,1,0
6656,8841,2579,1,0
6657,8843,2579,1,1
6658,8844,2579,1,0
6659,8845,2579,1,0
6660,8846,2580,1,0
6661,8847,2581,1,0
6662,8848,2581,1,0
6663,8849,2581,1,0
6664,8852,2582,1,0
6665,8854,2583,1,0
6666,8856,2583,1,0
6667,8857,2583,1,0
6668,8859,2584,1,1
6669,8860,2584,1,0
6670,8861,2584,1,0
6671,8862,2584,1,0
6672,8864,2585,1,0
6673,8865,2585,1,0
6674,8867,2585,1,1
6675,8868,2586,1,1
6676,8870,2586,1,0
6677,8871,2586,1,1
6678,8875,2588,1,0
6679,8876,2589,1,0
6680,8879,2590,1,1
6681,8880,2590,1,0
6682,8881,2590,1,1
6683,8882,2590,1,0
6684,8885,2592,1,1
6685,8888,2592,1,0
6686,8891,2593,1,0
6687,8892,2593,1,0
6688,8893,2593,1,0
6689,8894,2593,1,0
6690,8896,2594,1,0
6691,8897,2594,1,0
6692,8898,2595,1,1
6693,8899,2596,1,0
6694,8901,2597,1,0
6695,8902,2597,1,0
6696,8903,2597,1,0
6697,8904,2597,1,0
6698,8905,2597,1,1
6699,8906,2598,1,0
6700,8908,2598,1,0
6701,8910,2599,1,0
6702,8911,2599,1,1
6703,8912,2599,1,1
6704,8913,2599,1,0
6705,8918,2601,1,0
6706,8919,2601,1,0
6707,8921,2602,1,1
6708,8922,2602,1,0
6709,8923,2602,1,0
6710,8925,2602,1,0
6711,8926,2602,1,0
6712,8927,2602,1,0
6713,8929,2603,1,0
6714,8930,2603,1,0
6715,8932,2604,1,0
6716,8934,2604,1,0
6717,8937,2604,1,0
6718,8938,2605,1,1
6719,8939,2605,1,1
6720,8940,2606,1,1
6721,8941,2607,1,0
6722,8942,2607,1,0
6723,8944,2608,1,1
6724,8945,2608,1,0
6725,8946,2609,1,0
6726,8947,2609,1,0
6727,8948,2609,1,0
6728,8949,2609,1,1
6729,8950,2610,1,0
6730,8951,2610,1,0
6731,8952,2611,1,0
6732,8954,2611,1,0
6733,8955,2611,1,0
6734,8956,2612,1,0
6735,8957,2612,1,0
6736,8958,2612,1,0
6737,8960,2613,1,1
6738,8961,2613,1,0
6739,8963,2615,1,0
6740,8964,2615,1,1
6741,8965,2615,1,0
6742,8966,2616,1,0
6743,8967,2616,1,0
6744,8968,2616,1,0
6745,8970,2616,1,1
6746,8971,2617,1,0
6747,8973,2617,1,0
6748,8974,2619,1,1
6749,8975,2619,1,1
6750,8976,2619,1,0
6751,8979,2620,1,0
6752,8980,2620,1,0
6753,8981,2620,1,1
6754,8982,2621,1,0
6755,8983,2621,1,1
6756,8985,2621,1,1
6757,8987,2622,1,0
6758,8988,2622,1,0
6759,8991,2623,1,1
6760,8992,2623,1,0
6761,8994,2624,1,1
6762,8995,2624,1,0
6763,8996,2624,1,1
6764,8997,2624,1,0
6765,8999,2625,1,0
6766,9000,2625,1,1
6767,9001,2625,1,0
6768,9002,2626,1,1
6769,9003,2626,1,0
6770,9004,2626,1,0
6771,9005,2626,1,0
6772,9006,2626,1,1
6773,9008,2628,1,0
6774,9009,2628,1,0
6775,9010,2628,1,0
6776,9011,2628,1,1
6777,9015,2629,1,1
6778,9016,2629,1,1
6779,9017,2629,1,0
6780,9018,2630,1,0
6781,9019,2630,1,1
6782,9020,2631,1,0
6783,9021,2631,1,1
6784,9022,2631,1,0
6785,9023,2632,1,0
6786,9025,2633,1,1
6787,9026,2633,1,0
6788,9027,2633,1,0
6789,9028,2633,1,0
6790,9029,2633,1,0
6791,9030,2633,1,0
6792,9031,2634,1,1
6793,9033,2635,1,0
6794,9034,2636,1,1
6795,9036,2637,1,1
6796,9037,2637,1,0
6797,9038,2637,1,1
6798,9039,2637,1,1
6799,9042,2637,1,0
6800,9043,2637,1,1
6801,9044,2638,1,1
6802,9046,2639,1,1
6803,9047,2639,1,0
6804,9048,2640,1,1
6805,9049,2640,1,0
6806,9051,2641,1,0
6807,9053,2641,1,0
6808,9054,2641,1,1
6809,9055,2641,1,0
6810,9056,2641,1,1
6811,9057,2642,1,0
6812,9058,2642,1,0
6813,9059,2642,1,1
6814,9060,2642,1,1
6815,9061,2642,1,0
6816,9062,2642,1,0
6817,9063,2643,1,1
6818,9066,2645,1,0
6819,9067,2646,1,0
6820,9070,2649,1,0
6821,9071,2649,1,1
6822,9072,2649,1,0
6823,9073,2649,1,0
6824,9075,2649,1,0
6825,9076,2649,1,0
6826,9079,2651,1,1
6827,9080,2651,1,0
6828,9084,2652,1,0
6829,9086,2653,1,1
6830,9087,2653,1,0
6831,9090,2654,1,0
6832,9091,2654,1,0
6833,9092,2654,1,0
6834,9093,2654,1,0
6835,9094,2655,1,0
6836,9095,2655,1,0
6837,9097,2655,1,1
6838,9098,2656,1,1
6839,9099,2656,1,0
6840,9101,2656,1,0
6841,9102,2656,1,0
6842,9103,2657,1,1
6843,9104,2657,1,0
6844,9105,2657,1,1
6845,9106,2657,1,0
6846,9107,2657,1,0
6847,9108,2657,1,1
6848,9109,2658,1,1
6849,9111,2658,1,1
6850,9112,2658,1,0
6851,9114,2658,1,0
6852,9115,2658,1,0
6853,9116,2658,1,0
6854,9117,2658,1,1
6855,9118,2659,1,0
6856,9119,2659,1,0
6857,9120,2659,1,1
6858,9121,2660,1,1
6859,9122,2660,1,1
6860,9123,2660,1,0
6861,9125,2660,1,0
6862,9126,2660,1,0
6863,9127,2660,1,0
6864,9128,2661,1,0
6865,9130,2662,1,0
6866,9132,2662,1,0
6867,9133,2662,1,0
6868,9134,2663,1,0
6869,9135,2663,1,1
6870,9136,2663,1,0
6871,9137,2663,1,0
6872,9138,2663,1,0
6873,9139,2663,1,0
6874,9140,2663,1,1
6875,9141,2664,1,1
6876,9143,2665,1,0
6877,9144,2665,1,1
6878,9145,2665,1,1
6879,9146,2665,1,0
6880,9148,2666,1,0
6881,9149,2667,1,1
6882,9150,2668,1,1
6883,9152,2668,1,0
6884,9153,2668,1,1
6885,9155,2669,1,0
6886,9156,2669,1,0
6887,9157,2669,1,1
6888,9158,2671,1,0
6889,9159,2671,1,1
6890,9160,2671,1,1
6891,9163,2672,1,1
6892,9164,2672,1,1
6893,9165,2673,1,0
6894,9166,2673,1,0
6895,9169,2675,1,0
6896,9170,2675,1,0
6897,9171,2675,1,0
6898,9172,2676,1,0
6899,9174,2676,1,1
6900,9175,2676,1,0
6901,9177,2677,1,0
6902,9179,2677,1,0
6903,9181,2678,1,0
6904,9182,2678,1,1
6905,9184,2678,1,1
6906,9185,2679,1,1
6907,9187,2679,1,1
6908,9189,2679,1,1
6909,9190,2680,1,0
6910,9193,2680,1,1
6911,9194,2680,1,0
6912,9195,2680,1,0
6913,9196,2680,1,1
6914,9197,2680,1,1
6915,9198,2680,1,0
6916,9199,2680,1,0
6917,9201,2681,1,0
6918,9202,2682,1,0
6919,9203,2682,1,0
6920,9204,2682,1,0
6921,9205,2683,1,0
6922,9206,2683,1,0
6923,9207,2683,1,0
6924,9209,2684,1,0
6925,9210,2684,1,0
6926,9211,2685,1,1
6927,9212,2685,1,0
6928,9214,2687,1,1
6929,9215,2687,1,0
6930,9216,2688,1,1
6931,9217,2688,1,1
6932,9220,2688,1,0
6933,9221,2689,1,0
6934,9222,2689,1,0
6935,9223,2689,1,1
6936,9224,2690,1,0
6937,9225,2691,1,0
6938,9226,2691,1,1
6939,9227,2691,1,1
6940,9228,2691,1,0
6941,9229,2692,1,0
6942,9230,2693,1,0
6943,9231,2693,1,1
6944,9232,2693,1,0
6945,9234,2693,1,0
6946,9235,2693,1,0
6947,9236,2693,1,0
6948,9237,2694,1,0
6949,9238,2694,1,0
6950,9239,2694,1,0
6951,9240,2694,1,1
6952,9241,2694,1,1
6953,9244,2694,1,0
6954,9245,2694,1,1
6955,9246,2694,1,0
6956,9247,2694,1,0
6957,9248,2695,1,0
6958,9249,2695,1,1
6959,9250,2695,1,0
6960,9251,2695,1,0
6961,9252,2695,1,1
6962,9254,2696,1,1
6963,9256,2696,1,1
6964,9258,2696,1,1
6965,9259,2697,1,0
6966,9261,2697,1,0
6967,9262,2697,1,0
6968,9263,2698,1,0
6969,9264,2698,1,1
6970,9265,2698,1,0
6971,9267,2698,1,0
6972,9268,2699,1,0
6973,9270,2699,1,0
6974,9273,2699,1,1
6975,9274,2699,1,1
6976,9275,2700,1,0
6977,9276,2700,1,1
6978,9277,2700,1,0
6979,9278,2700,1,1
6980,9280,2700,1,0
6981,9281,2701,1,0
6982,9282,2701,1,0
6983,9283,2703,1,1
6984,9284,2703,1,1
6985,9285,2704,1,1
6986,9286,2704,1,0
6987,9288,2705,1,0
6988,9290,2705,1,0
6989,9291,2705,1,1
6990,9293,2705,1,0
6991,9294,2706,1,1
6992,9298,2709,1,1
6993,9299,2710,1,0
6994,9300,2710,1,0
6995,9301,2710,1,1
6996,9303,2711,1,0
6997,9304,2711,1,1
6998,9305,2712,1,0
6999,9306,2712,1,1
7000,9308,2712,1,0
7001,9309,2713,1,0
7002,9310,2713,1,1
7003,9311,2713,1,1
7004,9312,2713,1,0
7005,9313,2715,1,0
7006,9314,2715,1,0
7007,9315,2715,1,0
7008,9318,2716,1,0
7009,9320,2716,1,0
7010,9321,2717,1,1
7011,9322,2717,1,0
7012,9324,2718,1,0
7013,9325,2718,1,1
7014,9326,2718,1,1
7015,9327,2718,1,0
7016,9328,2718,1,1
7017,9329,2719,1,0
7018,9330,2719,1,0
7019,9331,2719,1,0
7020,9332,2719,1,0
7021,9333,2720,1,0
7022,9334,2720,1,1
7023,9335,2720,1,0
7024,9336,2721,1,0
7025,9337,2721,1,1
7026,9338,2721,1,1
7027,9339,2722,1,1
7028,9340,2722,1,0
7029,9341,2722,1,0
7030,9342,2722,1,0
7031,9343,2722,1,1
7032,9344,2722,1,1
7033,9345,2723,1,0
7034,9346,2724,1,1
7035,9348,2724,1,1
7036,9349,2724,1,0
7037,9350,2725,1,1
7038,9351,2726,1,0
7039,9353,2726,1,0
7040,9356,2727,1,1
7041,9360,2729,1,1
7042,9362,2730,1,1
7043,9366,2733,1,0
7044,9368,2733,1,1
7045,9369,2733,1,0
7046,9370,2733,1,0
7047,9371,2733,1,0
7048,9372,2733,1,1
7049,9373,2733,1,0
7050,9374,2733,1,0
7051,9375,2734,1,0
7052,9376,2734,1,0
7053,9377,2734,1,0
7054,9378,2735,1,1
7055,9380,2735,1,1
7056,9381,2735,1,0
7057,9382,2735,1,0
7058,9383,2735,1,1
7059,9384,2736,1,0
7060,9385,2736,1,0
7061,9386,2737,1,1
7062,9387,2737,1,0
7063,9388,2737,1,0
7064,9390,2737,1,0
7065,9392,2738,1,0
7066,9394,2738,1,1
7067,9396,2738,1,0
7068,9398,2739,1,0
7069,9399,2740,1,0
7070,9400,2741,1,0
7071,9401,2742,1,0
7072,9402,2742,1,1
7073,9403,2742,1,0
7074,9405,2742,1,0
7075,9408,2743,1,1
7076,9409,2743,1,0
7077,9410,2743,1,0
7078,9411,2743,1,0
7079,9412,2744,1,0
7080,9413,2744,1,0
7081,9414,2744,1,0
7082,9415,2744,1,0
7083,9416,2745,1,1
7084,9417,2745,1,0
7085,9420,2746,1,0
7086,9421,2746,1,0
7087,9422,2746,1,0
7088,9423,2747,1,0
7089,9425,2749,1,1
7090,9426,2750,1,1
7091,9427,2750,1,0
7092,9428,2750,1,1
7093,9429,2750,1,0
7094,9430,2750,1,0
7095,9432,2752,1,0
7096,9433,2752,1,0
7097,9434,2752,1,0
7098,9436,2754,1,0
7099,9437,2755,1,1
7100,9439,2755,1,0
7101,9440,2756,1,0
7102,9443,2756,1,1
7103,9444,2757,1,1
7104,9445,2757,1,0
7105,9446,2757,1,0
7106,9447,2757,1,0
7107,9448,2757,1,0
7108,9449,2757,1,1
7109,9451,2759,1,1
7110,9452,2759,1,1
7111,9453,2759,1,0
7112,9454,2759,1,0
7113,9455,2759,1,1
7114,9457,2760,1,0
7115,9461,2761,1,1
7116,9462,2762,1,1
7117,9464,2762,1,0
7118,9465,2762,1,1
7119,9468,2764,1,0
7120,9469,2764,1,0
7121,9470,2765,1,0
7122,9472,2766,1,1
7123,9474,2766,1,0
7124,9475,2767,1,0
7125,9476,2767,1,0
7126,9477,2767,1,0
7127,9478,2767,1,0
7128,9479,2767,1,0
7129,9480,2769,1,0
7130,9481,2769,1,0
7131,9482,2769,1,0
7132,9485,2769,1,0
7133,9486,2769,1,1
7134,9487,2769,1,1
7135,9488,2770,1,0
7136,9489,2770,1,1
7137,9491,2770,1,0
7138,9492,2770,1,0
7139,9493,2771,1,0
7140,9495,2772,1,1
7141,9496,2772,1,1
7142,9497,2772,1,0
7143,9498,2772,1,0
7144,9499,2772,1,1
7145,9500,2772,1,0
7146,9502,2772,1,0
7147,9503,2773,1,0
7148,9504,2774,1,0
7149,9506,2775,1,0
7150,9507,2775,1,0
7151,9510,2776,1,0
7152,9511,2776,1,1
7153,9512,2777,1,1
7154,9513,2777,1,1
7155,9514,2777,1,1
7156,9515,2777,1,1
7157,9516,2777,1,0
7158,9517,2777,1,0
7159,9519,2777,1,0
7160,9520,2778,1,1
7161,9521,2778,1,0
7162,9522,2778,1,1
7163,9523,2778,1,1
7164,9526,2780,1,1
7165,9527,2780,1,0
7166,9528,2780,1,0
7167,9529,2780,1,1
7168,9530,2780,1,0
7169,9532,2781,1,0
7170,9535,2781,1,0
7171,9536,2782,1,1
7172,9537,2782,1,0
7173,9538,2784,1,0
7174,9539,2784,1,0
7175,9540,2785,1,0
7176,9541,2785,1,1
7177,9542,2786,1,0
7178,9544,2787,1,0
7179,9546,2789,1,0
7180,9547,2789,1,0
7181,9550,2789,1,0
7182,9551,2789,1,0
7183,9552,2790,1,0
7184,9553,2790,1,1
7185,9554,2790,1,0
7186,9555,2790,1,1
7187,9556,2791,1,0
7188,9558,2791,1,0
7189,9559,2791,1,1
7190,9560,2791,1,1
7191,9562,2792,1,0
7192,9564,2793,1,0
7193,9565,2794,1,1
7194,9567,2796,1,1
7195,9568,2796,1,1
7196,9569,2796,1,0
7197,9570,2796,1,1
7198,9571,2796,1,1
7199,9572,2797,1,0
7200,9573,2797,1,0
7201,9574,2797,1,0
7202,9576,2797,1,0
7203,9577,2798,1,1
7204,9578,2798,1,0
7205,9579,2798,1,1
7206,9580,2798,1,0
7207,9582,2799,1,0
7208,9583,2799,1,0
7209,9584,2799,1,1
7210,9585,2799,1,1
7211,9586,2800,1,1
7212,9588,2800,1,0
7213,9589,2800,1,1
7214,9590,2800,1,0
7215,9592,2800,1,0
7216,9593,2800,1,1
7217,9594,2801,1,0
7218,9595,2802,1,0
7219,9597,2802,1,0
7220,9598,2802,1,0
7221,9603,2803,1,1
7222,9604,2803,1,1
7223,9605,2803,1,0
7224,9606,2803,1,1
7225,9607,2803,1,0
7226,9609,2803,1,0
7227,9610,2804,1,1
7228,9611,2804,1,0
7229,9614,2805,1,0
7230,9615,2806,1,0
7231,9617,2806,1,0
7232,9618,2806,1,1
7233,9619,2806,1,1
7234,9621,2807,1,0
7235,9622,2807,1,0
7236,9624,2808,1,1
7237,9625,2808,1,1
7238,9626,2808,1,0
7239,9628,2809,1,0
7240,9629,2809,1,0
7241,9631,2811,1,0
7242,9633,2811,1,1
7243,9635,2812,1,0
7244,9636,2812,1,0
7245,9638,2813,1,0
7246,9640,2813,1,0
7247,9641,2813,1,1
7248,9642,2814,1,0
7249,9643,2815,1,1
7250,9645,2816,1,0
7251,9646,2816,1,0
7252,9647,2816,1,0
7253,9648,2816,1,1
7254,9649,2816,1,1
7255,9650,2816,1,0
7256,9651,2816,1,0
7257,9652,2816,1,0
7258,9653,2817,1,0
7259,9654,2818,1,0
7260,9656,2820,1,0
7261,9658,2821,1,0
7262,9659,2821,1,0
7263,9660,2821,1,0
7264,9661,2821,1,1
7265,9663,2822,1,0
7266,9665,2823,1,0
7267,9666,2824,1,0
7268,9667,2824,1,0
7269,9668,2824,1,1
7270,9669,2824,1,0
7271,9670,2824,1,1
7272,9672,2825,1,1
7273,9673,2825,1,0
7274,9675,2825,1,0
7275,9676,2825,1,1
7276,9677,2826,1,1
7277,9678,2826,1,1
7278,9679,2826,1,1
7279,9681,2827,1,1
7280,9682,2827,1,1
7281,9684,2829,1,0
7282,9685,2829,1,0
7283,9686,2829,1,0
7284,9687,2830,1,0
7285,9688,2831,1,0
7286,9689,2832,1,0
7287,9690,2832,1,0
7288,9691,2832,1,0
7289,9692,2832,1,0
7290,9693,2832,1,0
7291,9694,2832,1,0
7292,9695,2832,1,1
7293,9700,2834,1,0
7294,9701,2835,1,1
7295,9702,2835,1,1
7296,9705,2836,1,0
7297,9707,2836,1,0
7298,9709,2837,1,0
7299,9710,2837,1,0
7300,9711,2839,1,0
7301,9712,2839,1,1
7302,9713,2840,1,1
7303,9714,2840,1,0
7304,9716,2840,1,0
7305,9718,2841,1,1
7306,9719,2842,1,0
7307,9720,2842,1,0
7308,9721,2842,1,0
7309,9722,2842,1,0
7310,9723,2842,1,0
7311,9724,2843,1,0
7312,9725,2843,1,1
7313,9729,2844,1,1
7314,9730,2844,1,0
7315,9731,2845,1,0
7316,9732,2845,1,0
7317,9733,2845,1,0
7318,9736,2846,1,0
7319,9737,2846,1,1
7320,9738,2847,1,0
7321,9739,2847,1,0
7322,9740,2847,1,0
7323,9741,2848,1,1
7324,9742,2849,1,0
7325,9743,2849,1,0
7326,9744,2849,1,0
7327,9745,2849,1,0
7328,9746,2850,1,0
7329,9747,2851,1,0
7330,9748,2851,1,1
7331,9750,2851,1,0
7332,9751,2852,1,0
7333,9752,2852,1,0
7334,9753,2853,1,0
7335,9754,2854,1,0
7336,9757,2854,1,0
7337,9758,2854,1,0
7338,9759,2855,1,0
7339,9760,2855,1,0
7340,9761,2855,1,0
7341,9762,2855,1,1
7342,9764,2856,1,0
7343,9766,2857,1,1
7344,9767,2857,1,0
7345,9769,2857,1,1
7346,9771,2858,1,0
7347,9772,2858,1,1
7348,9773,2858,1,1
7349,9774,2859,1,0
7350,9776,2860,1,1
7351,9777,2861,1,0
7352,9779,2861,1,0
7353,9780,2861,1,1
7354,9781,2862,1,0
7355,9782,2862,1,0
7356,9783,2863,1,0
7357,9784,2863,1,0
7358,9786,2863,1,1
7359,9787,2863,1,0
7360,9788,2864,1,1
7361,9789,2864,1,1
7362,9790,2865,1,0
7363,9791,2865,1,0
7364,9794,2865,1,0
7365,9795,2865,1,0
7366,9797,2866,1,1
7367,9799,2867,1,0
7368,9802,2867,1,0
7369,9805,2867,1,1
7370,9806,2867,1,0
7371,9807,2868,1,0
7372,9808,2868,1,0
7373,9810,2868,1,0
7374,9811,2868,1,1
7375,9812,2869,1,0
7376,9813,2870,1,0
7377,9814,2870,1,1
7378,9815,2870,1,0
7379,9816,2871,1,1
7380,9817,2871,1,0
7381,9818,2871,1,1
7382,9819,2871,1,0
7383,9820,2871,1,0
7384,9821,2872,1,0
7385,9822,2872,1,1
7386,9824,2872,1,1
7387,9825,2873,1,1
7388,9826,2873,1,0
7389,9827,2873,1,0
7390,9828,2873,1,0
7391,9829,2874,1,1
7392,9830,2874,1,0
7393,9831,2875,1,0
7394,9834,2876,1,0
7395,9835,2876,1,0
7396,9836,2876,1,0
7397,9837,2877,1,1
7398,9838,2877,1,1
7399,9839,2877,1,0
7400,9840,2877,1,1
7401,9841,2877,1,0
7402,9842,2878,1,0
7403,9843,2878,1,0
7404,9844,2879,1,0
7405,9846,2879,1,0
7406,9847,2879,1,1
7407,9848,2879,1,1
7408,9849,2881,1,0
7409,9852,2881,1,0
7410,9854,2881,1,0
7411,9855,2881,1,0
7412,9856,2883,1,0
7413,9857,2883,1,0
7414,9858,2883,1,1
7415,9860,2883,1,1
7416,9861,2883,1,0
7417,9863,2886,1,0
7418,9864,2886,1,0
7419,9865,2886,1,0
7420,9866,2886,1,1
7421,9867,2887,1,0
7422,9868,2887,1,1
7423,9869,2887,1,0
7424,9870,2888,1,1
7425,9871,2888,1,0
7426,9872,2888,1,1
7427,9873,2888,1,1
7428,9874,2889,1,0
7429,9875,2890,1,1
7430,9876,2890,1,1
7431,9877,2891,1,0
7432,9878,2891,1,1
7433,9882,2891,1,1
7434,9884,2892,1,0
7435,9885,2893,1,0
7436,9886,2893,1,1
7437,9888,2893,1,0
7438,9889,2893,1,1
7439,9890,2895,1,1
7440,9891,2895,1,1
7441,9892,2896,1,1
7442,9893,2896,1,1
7443,9896,2896,1,0
7444,9897,2896,1,0
7445,9898,2897,1,0
7446,9899,2897,1,1
7447,9900,2897,1,0
7448,9901,2897,1,1
7449,9902,2898,1,1
7450,9903,2898,1,0
7451,9904,2898,1,0
7452,9907,2898,1,1
7453,9908,2899,1,0
7454,9909,2899,1,0
7455,9910,2899,1,0
7456,9911,2899,1,0
7457,9912,2899,1,0
7458,9913,2899,1,0
7459,9914,2900,1,1
7460,9917,2901,1,0
7461,9918,2901,1,1
7462,9919,2902,1,1
7463,9921,2902,1,1
7464,9922,2903,1,1
7465,9923,2903,1,1
7466,9925,2904,1,0
7467,9926,2904,1,0
7468,9927,2904,1,1
7469,9928,2904,1,1
7470,9929,2905,1,1
7471,9930,2905,1,0
7472,9931,2905,1,0
7473,9934,2906,1,0
7474,9935,2907,1,1
7475,9936,2909,1,0
7476,9941,2909,1,0
7477,9942,2909,1,1
7478,9943,2909,1,1
7479,9944,2909,1,0
7480,9946,2910,1,1
7481,9947,2910,1,1
7482,9949,2910,1,0
7483,9950,2910,1,1
7484,9951,2910,1,1
7485,9953,2911,1,0
7486,9954,2911,1,1
7487,9955,2911,1,1
7488,9956,2912,1,0
7489,9957,2912,1,0
7490,9958,2912,1,0
7491,9959,2912,1,0
7492,9960,2912,1,0
7493,9962,2912,1,0
7494,9964,2912,1,0
7495,9965,2912,1,0
7496,9966,2912,1,0
7497,9967,2913,1,1
7498,9968,2913,1,0
7499,9969,2913,1,0
7500,9971,2913,1,1
7501,9972,2913,1,1
7502,9973,2913,1,1
7503,9974,2913,1,0
7504,9975,2914,1,0
7505,9977,2915,1,0
7506,9978,2916,1,0
7507,9979,2916,1,1
7508,9981,2917,1,0
7509,9982,2917,1,0
7510,9983,2917,1,0
7511,9984,2918,1,0
7512,9985,2918,1,1
7513,9986,2918,1,1
7514,9987,2918,1,1
7515,9988,2918,1,0
7516,9989,2918,1,0
7517,9990,2918,1,0
7518,9992,2918,1,0
7519,9993,2919,1,1
7520,9995,2920,1,0
7521,9996,2920,1,0
7522,9997,2920,1,0
7523,10001,2920,1,0
7524,10003,2922,1,1
7525,10005,2923,1,1
7526,10006,2923,1,0
7527,10007,2923,1,1
7528,10010,2924,1,0
7529,10012,2924,1,0
7530,10013,2925,1,1
7531,10014,2925,1,0
7532,10016,2926,1,0
7533,10019,2926,1,1
7534,10020,2927,1,0
7535,10022,2927,1,0
7536,10023,2927,1,0
7537,10024,2927,1,0
7538,10025,2928,1,1
7539,10028,2928,1,1
7540,10029,2929,1,0
7541,10030,2929,1,0
7542,10031,2930,1,0
7543,10032,2930,1,1
7544,10033,2930,1,0
7545,10034,2930,1,1
7546,10037,2931,1,1
7547,10038,2931,1,0
7548,10041,2932,1,0
7549,10042,2932,1,0
7550,10043,2932,1,0
7551,10045,2932,1,0
7552,10046,2932,1,1
7553,10047,2933,1,0
7554,10048,2933,1,0
7555,10049,2933,1,0
7556,10050,2933,1,0
7557,10052,2934,1,0
7558,10053,2935,1,0
7559,10054,2935,1,0
7560,10055,2935,1,1
7561,10056,2935,1,0
7562,10057,2935,1,1
7563,10058,2935,1,0
7564,10059,2935,1,1
7565,10060,2936,1,0
7566,10064,2937,1,0
7567,10065,2939,1,0
7568,10066,2939,1,1
7569,10067,2939,1,0
7570,10068,2940,1,0
7571,10069,2940,1,1
7572,10070,2940,1,1
7573,10071,2941,1,1
7574,10072,2941,1,0
7575,10073,2941,1,0
7576,10074,2941,1,1
7577,10075,2942,1,1
7578,10077,2943,1,1
7579,10078,2943,1,0
7580,10079,2943,1,1
7581,10080,2944,1,1
7582,10082,2944,1,1
7583,10083,2944,1,0
7584,10084,2944,1,1
7585,10085,2945,1,0
7586,10087,2945,1,1
7587,10088,2945,1,0
7588,10089,2945,1,0
7589,10090,2945,1,0
7590,10093,2946,1,0
7591,10094,2946,1,0
7592,10097,2946,1,0
7593,10098,2946,1,0
7594,10099,2946,1,0
7595,10100,2947,1,0
7596,10101,2948,1,0
7597,10102,2949,1,0
7598,10103,2949,1,0
7599,10105,2950,1,1
7600,10106,2950,1,0
7601,10107,2951,1,1
7602,10108,2951,1,0
7603,10109,2951,1,1
7604,10110,2951,1,0
7605,10111,2951,1,0
7606,10112,2951,1,0
7607,10115,2952,1,0
7608,10116,2952,1,1
7609,10117,2952,1,0
7610,10118,2952,1,0
7611,10119,2953,1,0
7612,10120,2953,1,0
7613,10122,2953,1,1
7614,10123,2953,1,0
7615,10124,2954,1,0
7616,10125,2954,1,0
7617,10126,2954,1,1
7618,10129,2954,1,1
7619,10130,2954,1,0
7620,10131,2954,1,0
7621,10132,2954,1,0
7622,10133,2955,1,0
7623,10134,2955,1,0
7624,10135,2956,1,0
7625,10136,2957,1,0
7626,10138,2957,1,0
7627,10139,2957,1,0
7628,10140,2957,1,0
7629,10142,2959,1,0
7630,10143,2959,1,0
7631,10144,2959,1,0
7632,10145,2959,1,0
7633,10147,2960,1,0
7634,10150,2960,1,0
7635,10152,2961,1,1
7636,10154,2962,1,0
7637,10156,2962,1,0
7638,10159,2963,1,0
7639,10160,2963,1,0
7640,10162,2963,1,1
7641,10163,2963,1,0
7642,10164,2963,1,0
7643,10166,2964,1,0
7644,10167,2964,1,1
7645,10168,2964,1,1
7646,10169,2965,1,0
7647,10170,2965,1,1
7648,10172,2965,1,0
7649,10173,2965,1,0
7650,10174,2965,1,0
7651,10176,2965,1,0
7652,10177,2966,1,0
7653,10178,2966,1,0
7654,10179,2967,1,0
7655,10181,2967,1,0
7656,10182,2967,1,1
7657,10183,2968,1,0
7658,10184,2969,1,1
7659,10185,2970,1,0
7660,10186,2971,1,0
7661,10188,2972,1,1
7662,10190,2972,1,1
7663,10191,2972,1,0
7664,10193,2972,1,0
7665,10194,2972,1,0
7666,10195,2973,1,1
7667,10196,2973,1,0
7668,10197,2973,1,0
7669,10199,2974,1,0
7670,10200,2975,1,1
7671,10202,2975,1,0
7672,10203,2976,1,0
7673,10204,2977,1,0
7674,10205,2977,1,1
7675,10207,2977,1,0
7676,10208,2977,1,0
7677,10211,2977,1,1
7678,10212,2977,1,0
7679,10213,2978,1,0
7680,10214,2978,1,1
7681,10215,2978,1,0
7682,10217,2978,1,1
7683,10218,2979,1,1
7684,10219,2979,1,1
7685,10220,2979,1,0
7686,10221,2979,1,0
7687,10222,2979,1,1
7688,10224,2980,1,0
7689,10225,2980,1,0
7690,10226,2980,1,1
7691,10228,2981,1,0
7692,10229,2981,1,0
7693,10231,2982,1,1
7694,10232,2982,1,0
7695,10233,2982,1,0
7696,10234,2983,1,0
7697,10235,2983,1,0
7698,10237,2984,1,1
7699,10238,2985,1,1
7700,10239,2985,1,1
7701,10240,2985,1,0
7702,10241,2985,1,0
7703,10242,2985,1,1
7704,10244,2985,1,0
7705,10248,2986,1,1
7706,10249,2987,1,0
7707,10250,2987,1,1
7708,10251,2987,1,1
7709,10252,2987,1,0
7710,10253,2988,1,0
7711,10254,2988,1,1
7712,10255,2988,1,0
7713,10256,2988,1,1
7714,10258,2989,1,1
7715,10259,2990,1,1
7716,10260,2990,1,0
7717,10262,2990,1,0
7718,10263,2990,1,1
7719,10264,2990,1,1
7720,10265,2990,1,0
7721,10266,2991,1,1
7722,10267,2991,1,0
7723,10268,2992,1,1
7724,10269,2993,1,0
7725,10272,2993,1,0
7726,10273,2994,1,0
7727,10274,2994,1,1
7728,10275,2994,1,0
7729,10276,2995,1,1
7730,10277,2995,1,0
7731,10278,2995,1,0
7732,10280,2996,1,0
7733,10281,2996,1,0
7734,10282,2998,1,0
7735,10283,2998,1,0
7736,10284,2998,1,0
7737,10285,2999,1,0
7738,10286,2999,1,0
7739,10287,2999,1,0
7740,10288,2999,1,0
7741,10289,2999,1,0
7742,10290,2999,1,1
7743,10291,3000,1,1
7744,10292,3000,1,1
7745,10293,3001,1,0
7746,10294,3001,1,0
7747,10296,3001,1,0
7748,10299,3002,1,0
7749,10300,3002,1,1
7750,10301,3002,1,1
7751,10302,3002,1,0
7752,10303,3003,1,0
7753,10304,3004,1,1
7754,10305,3005,1,0
7755,10306,3006,1,1
7756,10307,3006,1,0
7757,10308,3006,1,0
7758,10309,3006,1,0
7759,10310,3006,1,0
7760,10311,3007,1,0
7761,10313,3008,1,0
7762,10314,3008,1,0
7763,10315,3008,1,0
7764,10316,3009,1,1
7765,10318,3009,1,0
7766,10321,3009,1,1
7767,10327,3011,1,1
7768,10328,3011,1,0
7769,10329,3011,1,0
7770,10330,3011,1,0
7771,10331,3011,1,0
7772,10332,3011,1,0
7773,10333,3012,1,0
7774,10334,3012,1,1
7775,10335,3013,1,0
7776,10337,3013,1,0
7777,10338,3013,1,0
7778,10340,3014,1,0
7779,10341,3014,1,0
7780,10342,3014,1,1
7781,10343,3016,1,1
7782,10344,3016,1,0
7783,10345,3016,1,0
7784,10348,3019,1,1
7785,10350,3020,1,1
7786,10351,3020,1,0
7787,10352,3020,1,0
7788,10354,3021,1,0
7789,10358,3022,1,1
7790,10360,3023,1,1
7791,10361,3023,1,0
7792,10362,3023,1,0
7793,10363,3023,1,1
7794,10365,3024,1,0
7795,10366,3024,1,1
7796,10367,3024,1,1
7797,10368,3024,1,1
7798,10370,3025,1,1
7799,10373,3025,1,0
7800,10374,3025,1,0
7801,10375,3026,1,1
7802,10377,3027,1,0
7803,10378,3027,1,0
7804,10381,3027,1,1
7805,10382,3027,1,0
7806,10383,3027,1,1
7807,10384,3027,1,1
7808,10385,3027,1,0
7809,10387,3028,1,0
7810,10388,3028,1,1
7811,10390,3028,1,0
7812,10391,3028,1,1
7813,10392,3029,1,1
7814,10393,3029,1,1
7815,10395,3029,1,0
7816,10397,3029,1,0
7817,10398,3029,1,0
7818,10399,3031,1,0
7819,10401,3031,1,0
7820,10402,3031,1,0
7821,10406,3033,1,1
7822,10407,3033,1,1
7823,10410,3036,1,0
7824,10415,3037,1,1
7825,10417,3037,1,0
7826,10418,3038,1,0
7827,10419,3038,1,0
7828,10420,3039,1,0
7829,10421,3039,1,1
7830,10423,3039,1,0
7831,10425,3040,1,0
7832,10427,3042,1,0
7833,10428,3042,1,1
7834,10429,3042,1,0
7835,10430,3042,1,0
7836,10431,3042,1,0
7837,10432,3042,1,0
7838,10433,3043,1,0
7839,10434,3043,1,1
7840,10435,3043,1,1
7841,10436,3043,1,0
7842,10437,3045,1,1
7843,10439,3045,1,0
7844,10442,3046,1,1
7845,10443,3046,1,1
7846,10444,3047,1,1
7847,10445,3047,1,1
7848,10446,3047,1,0
7849,10447,3047,1,0
7850,10449,3047,1,0
7851,10450,3047,1,0
7852,10451,3047,1,1
7853,10452,3047,1,0
7854,10454,3048,1,0
7855,10455,3048,1,0
7856,10456,3048,1,0
7857,10457,3048,1,1
7858,10458,3048,1,0
7859,10459,3048,1,0
7860,10462,3048,1,0
7861,10463,3048,1,0
7862,10464,3048,1,0
7863,10465,3048,1,1
7864,10466,3049,1,0
7865,10467,3049,1,0
7866,10468,3050,1,0
7867,10469,3050,1,0
7868,10470,3050,1,1
7869,10471,3050,1,0
7870,10472,3050,1,0
7871,10473,3050,1,1
7872,10474,3050,1,0
7873,10475,3051,1,1
7874,10477,3052,1,0
7875,10478,3052,1,0
7876,10479,3052,1,0
7877,10480,3052,1,0
7878,10481,3054,1,0
7879,10482,3055,1,0
7880,10483,3055,1,0
7881,10484,3055,1,1
7882,10485,3055,1,0
7883,10486,3055,1,1
7884,10487,3055,1,1
7885,10488,3056,1,0
7886,10490,3056,1,0
7887,10491,3056,1,1
7888,10493,3057,1,0
7889,10494,3058,1,0
7890,10495,3058,1,1
7891,10496,3058,1,0
7892,10497,3058,1,1
7893,10499,3059,1,0
7894,10500,3060,1,0
7895,10501,3060,1,1
7896,10502,3060,1,1
7897,10504,3061,1,0
7898,10505,3061,1,0
7899,10506,3062,1,1
7900,10508,3062,1,0
7901,10509,3063,1,0
7902,10510,3063,1,1
7903,10511,3063,1,1
7904,10512,3063,1,0
7905,10513,3064,1,0
7906,10515,3065,1,1
7907,10516,3066,1,0
7908,10517,3066,1,0
7909,10518,3066,1,1
7910,10519,3066,1,0
7911,10521,3067,1,1
7912,10522,3067,1,0
7913,10523,3068,1,1
7914,10524,3068,1,0
7915,10525,3069,1,1
7916,10526,3069,1,0
7917,10531,3070,1,1
7918,10533,3071,1,0
7919,10535,3072,1,0
7920,10538,3073,1,1
7921,10540,3074,1,1
7922,10541,3074,1,0
7923,10542,3074,1,1
7924,10543,3075,1,0
7925,10544,3075,1,0
7926,10545,3075,1,0
7927,10546,3075,1,1
7928,10547,3075,1,0
7929,10549,3076,1,0
7930,10550,3076,1,0
7931,10552,3076,1,0
7932,10554,3076,1,1
7933,10555,3077,1,0
7934,10556,3078,1,0
7935,10558,3079,1,0
7936,10559,3079,1,0
7937,10562,3080,1,0
7938,10563,3080,1,1
7939,10564,3081,1,1
7940,10565,3081,1,0
7941,10566,3082,1,1
7942,10567,3082,1,0
7943,10568,3082,1,0
7944,10571,3083,1,0
7945,10573,3083,1,0
7946,10575,3083,1,0
7947,10576,3083,1,0
7948,10577,3084,1,1
7949,10578,3084,1,0
7950,10579,3084,1,1
7951,10580,3084,1,0
7952,10581,3086,1,1
7953,10584,3086,1,1
7954,10585,3086,1,0
7955,10586,3086,1,1
7956,10587,3086,1,0
7957,10588,3086,1,0
7958,10589,3087,1,1
7959,10590,3087,1,0
7960,10591,3087,1,0
7961,10592,3087,1,1
7962,10594,3087,1,0
7963,10595,3088,1,0
7964,10596,3088,1,1
7965,10597,3088,1,0
7966,10598,3088,1,1
7967,10599,3088,1,0
7968,10602,3088,1,0
7969,10604,3089,1,0
7970,10605,3092,1,0
7971,10606,3092,1,1
7972,10607,3092,1,0
7973,10609,3093,1,1
7974,10610,3093,1,0
7975,10611,3093,1,0
7976,10612,3093,1,0
7977,10613,3093,1,1
7978,10614,3093,1,0
7979,10615,3093,1,0
7980,10616,3094,1,0
7981,10617,3094,1,0
7982,10618,3094,1,0
7983,10619,3095,1,1
7984,10622,3096,1,1
7985,10623,3096,1,1
7986,10624,3097,1,0
7987,10625,3097,1,1
7988,10627,3097,1,0
7989,10629,3099,1,0
7990,10631,3099,1,0
7991,10632,3099,1,0
7992,10633,3100,1,1
7993,10634,3100,1,0
7994,10635,3100,1,0
7995,10637,3101,1,0
7996,10638,3101,1,0
7997,10639,3101,1,0
7998,10640,3102,1,0
7999,10642,3103,1,0
8000,10643,3103,1,1
8001,10644,3103,1,1
8002,10645,3103,1,0
8003,10646,3105,1,1
8004,10647,3107,1,1
8005,10648,3107,1,0
8006,10649,3107,1,1
8007,10656,3108,1,1
8008,10657,3108,1,0
8009,10659,3108,1,1
8010,10660,3109,1,1
8011,10661,3109,1,0
8012,10662,3109,1,1
8013,10663,3110,1,0
8014,10665,3111,1,0
8015,10668,3111,1,0
8016,10670,3111,1,1
8017,10671,3111,1,0
8018,10674,3112,1,0
8019,10675,3112,1,0
8020,10676,3113,1,0
8021,10677,3113,1,0
8022,10678,3113,1,0
8023,10679,3113,1,0
8024,10680,3113,1,1
8025,10681,3114,1,0
8026,10682,3114,1,0
8027,10685,3115,1,0
8028,10686,3115,1,0
8029,10688,3116,1,1
8030,10690,3116,1,0
8031,10691,3116,1,0
8032,10692,3117,1,0
8033,10693,3117,1,1
8034,10695,3118,1,0
8035,10696,3118,1,0
8036,10697,3118,1,1
8037,10698,3118,1,1
8038,10699,3118,1,0
8039,10702,3119,1,0
8040,10703,3119,1,1
8041,10704,3119,1,0
8042,10705,3119,1,1
8043,10706,3119,1,0
8044,10707,3119,1,0
8045,10710,3120,1,0
8046,10712,3120,1,0
8047,10713,3122,1,0
8048,10714,3122,1,0
8049,10715,3122,1,1
8050,10718,3123,1,0
8051,10719,3124,1,0
8052,10720,3124,1,0
8053,10721,3124,1,0
8054,10722,3124,1,1
8055,10723,3124,1,1
8056,10724,3124,1,1
8057,10725,3124,1,0
8058,10726,3125,1,0
8059,10727,3126,1,1
8060,10728,3127,1,0
8061,10729,3128,1,0
8062,10730,3128,1,0
8063,10731,3128,1,0
8064,10732,3128,1,0
8065,10733,3128,1,0
8066,10735,3129,1,0
8067,10736,3129,1,0
8068,10737,3129,1,0
8069,10738,3130,1,1
8070,10739,3130,1,0
8071,10740,3130,1,0
8072,10741,3131,1,0
8073,10743,3131,1,0
8074,10744,3131,1,0
8075,10746,3131,1,0
8076,10747,3131,1,0
8077,10750,3132,1,0
8078,10751,3132,1,0
8079,10753,3133,1,0
8080,10754,3133,1,0
8081,10755,3133,1,0
8082,10756,3133,1,1
8083,10757,3134,1,0
8084,10759,3134,1,0
8085,10761,3134,1,0
8086,10763,3135,1,1
8087,10765,3136,1,0
8088,10766,3136,1,1
8089,10767,3136,1,0
8090,10768,3136,1,1
8091,10769,3136,1,1
8092,10773,3137,1,0
8093,10774,3137,1,0
8094,10775,3137,1,0
8095,10778,3137,1,0
8096,10779,3137,1,1
8097,10780,3137,1,0
8098,10781,3138,1,0
8099,10782,3138,1,0
8100,10783,3138,1,0
8101,10784,3138,1,1
8102,10785,3138,1,1
8103,10786,3138,1,1
8104,10787,3138,1,1
8105,10790,3139,1,0
8106,10791,3139,1,1
8107,10792,3141,1,0
8108,10794,3141,1,0
8109,10795,3141,1,0
8110,10797,3141,1,0
8111,10798,3141,1,0
8112,10799,3142,1,1
8113,10800,3142,1,0
8114,10801,3142,1,0
8115,10802,3142,1,0
8116,10803,3143,1,0
8117,10804,3143,1,0
8118,10805,3143,1,0
8119,10806,3144,1,1
8120,10807,3144,1,1
8121,10808,3145,1,0
8122,10809,3145,1,0
8123,10812,3146,1,0
8124,10815,3146,1,0
8125,10816,3146,1,0
8126,10817,3146,1,0
8127,10819,3148,1,1
8128,10821,3148,1,0
8129,10822,3148,1,0
8130,10823,3149,1,1
8131,10824,3149,1,0
8132,10826,3150,1,0
8133,10827,3150,1,0
8134,10829,3151,1,0
8135,10830,3151,1,1
8136,10831,3152,1,0
8137,10835,3153,1,0
8138,10836,3153,1,0
8139,10837,3154,1,1
8140,10839,3154,1,1
8141,10841,3154,1,0
8142,10843,3154,1,0
8143,10844,3154,1,0
8144,10845,3155,1,0
8145,10846,3155,1,0
8146,10848,3156,1,0
8147,10849,3156,1,1
8148,10850,3157,1,1
8149,10851,3158,1,0
8150,10852,3158,1,0
8151,10853,3158,1,0
8152,10854,3158,1,0
8153,10855,3158,1,1
8154,10856,3159,1,0
8155,10857,3159,1,1
8156,10858,3160,1,0
8157,10859,3161,1,0
8158,10860,3161,1,0
8159,10861,3161,1,1
8160,10862,3161,1,1
8161,10863,3161,1,1
8162,10864,3161,1,1
8163,10865,3162,1,0
8164,10866,3162,1,0
8165,10867,3163,1,0
8166,10868,3163,1,0
8167,10869,3164,1,1
8168,10872,3167,1,1
8169,10873,3167,1,0
8170,10874,3167,1,1
8171,10875,3167,1,1
8172,10876,3167,1,0
8173,10877,3168,1,0
8174,10880,3168,1,1
8175,10881,3168,1,0
8176,10882,3169,1,1
8177,10883,3169,1,0
8178,10884,3170,1,1
8179,10885,3170,1,0
8180,10887,3171,1,0
8181,10889,3171,1,0
8182,10890,3171,1,1
8183,10891,3171,1,0
8184,10892,3171,1,0
8185,10893,3172,1,0
8186,10894,3172,1,0
8187,10895,3173,1,0
8188,10896,3173,1,1
8189,10898,3174,1,0
8190,10899,3174,1,1
8191,10900,3174,1,1
8192,10901,3175,1,0
8193,10902,3175,1,0
8194,10903,3175,1,1
8195,10906,3177,1,0
8196,10909,3177,1,0
8197,10910,3178,1,0
8198,10911,3178,1,1
8199,10912,3178,1,1
8200,10913,3179,1,0
8201,10916,3180,1,1
8202,10917,3180,1,1
8203,10919,3180,1,0
8204,10921,3180,1,0
8205,10922,3180,1,0
8206,10925,3181,1,0
8207,10926,3182,1,1
8208,10927,3182,1,0
8209,10928,3183,1,0
8210,10930,3183,1,0
8211,10932,3183,1,0
8212,10933,3184,1,0
8213,10934,3185,1,0
8214,10935,3185,1,0
8215,10937,3185,1,0
8216,10938,3186,1,1
8217,10939,3186,1,0
8218,10940,3187,1,1
8219,10941,3187,1,1
8220,10942,3187,1,0
8221,10944,3188,1,0
8222,10946,3189,1,1
8223,10947,3189,1,0
8224,10948,3189,1,0
8225,10950,3189,1,0
8226,10951,3189,1,0
8227,10952,3189,1,1
8228,10953,3190,1,0
8229,10957,3190,1,0
8230,10959,3190,1,1
8231,10960,3190,1,0
8232,10961,3191,1,1
8233,10962,3191,1,1
8234,10963,3191,1,0
8235,10965,3191,1,1
8236,10966,3191,1,1
8237,10967,3192,1,0
8238,10968,3193,1,1
8239,10969,3193,1,0
8240,10971,3193,1,1
8241,10972,3194,1,0
8242,10973,3194,1,0
8243,10974,3194,1,1
8244,10975,3194,1,1
8245,10976,3194,1,0
8246,10980,3196,1,0
8247,10981,3196,1,1
8248,10983,3196,1,0
8249,10984,3196,1,1
8250,10986,3196,1,1
8251,10988,3197,1,1
8252,10990,3197,1,0
8253,10991,3197,1,0
8254,10992,3197,1,1
8255,10993,3198,1,1
8256,10994,3198,1,1
8257,10995,3199,1,1
8258,10996,3199,1,1
8259,10997,3199,1,1
8260,10998,3200,1,0
8261,10999,3200,1,0
8262,11000,3200,1,0
8263,11001,3200,1,0
8264,11002,3200,1,0
8265,11003,3201,1,0
8266,11004,3201,1,1
8267,11005,3201,1,0
8268,11006,3201,1,0
8269,11007,3201,1,0
8270,11008,3202,1,0
8271,11009,3202,1,0
8272,11010,3202,1,0
8273,11011,3203,1,0
8274,11012,3203,1,0
8275,11013,3203,1,1
8276,11014,3203,1,0
8277,11015,3203,1,1
8278,11016,3203,1,1
8279,11017,3203,1,0
8280,11018,3204,1,1
8281,11019,3204,1,1
8282,11021,3205,1,0
8283,11023,3206,1,1
8284,11024,3206,1,1
8285,11025,3206,1,0
8286,11026,3206,1,1
8287,11027,3206,1,0
8288,11028,3207,1,1
8289,11030,3207,1,0
8290,11031,3207,1,0
8291,11034,3208,1,1
8292,11036,3208,1,1
8293,11038,3208,1,1
8294,11039,3209,1,0
8295,11041,3209,1,0
8296,11042,3209,1,0
8297,11043,3209,1,0
8298,11045,3210,1,1
8299,11046,3210,1,0
8300,11047,3210,1,0
8301,11048,3211,1,0
8302,11049,3211,1,1
8303,11050,3211,1,0
8304,11051,3211,1,1
8305,11052,3211,1,1
8306,11053,3211,1,0
8307,11054,3212,1,0
8308,11055,3212,1,0
8309,11056,3213,1,1
8310,11057,3213,1,1
8311,11058,3214,1,1
8312,11061,3215,1,0
8313,11062,3215,1,0
8314,11063,3215,1,1
8315,11067,3217,1,1
8316,11068,3217,1,0
8317,11069,3217,1,1
8318,11070,3217,1,0
8319,11071,3218,1,0
8320,11073,3218,1,0
8321,11074,3218,1,1
8322,11075,3218,1,1
8323,11076,3218,1,0
8324,11077,3218,1,1
8325,11079,3220,1,0
8326,11081,3221,1,1
8327,11082,3221,1,1
8328,11083,3223,1,0
8329,11084,3223,1,0
8330,11085,3223,1,0
8331,11086,3223,1,0
8332,11087,3224,1,0
8333,11088,3224,1,0
8334,11089,3225,1,1
8335,11090,3225,1,0
8336,11091,3225,1,0
8337,11093,3226,1,0
8338,11094,3226,1,0
8339,11095,3226,1,0
8340,11096,3226,1,0
8341,11098,3226,1,0
8342,11099,3226,1,1
8343,11100,3227,1,1
8344,11101,3228,1,0
8345,11102,3229,1,1
8346,11103,3229,1,1
8347,11104,3230,1,0
8348,11105,3230,1,0
8349,11106,3230,1,0
8350,11107,3230,1,1
8351,11108,3230,1,0
8352,11111,3233,1,1
8353,11112,3233,1,1
8354,11113,3234,1,1
8355,11114,3234,1,0
8356,11115,3234,1,0
8357,11116,3234,1,0
8358,11118,3235,1,0
8359,11119,3235,1,0
8360,11120,3236,1,0
8361,11121,3236,1,0
8362,11122,3236,1,0
8363,11123,3236,1,0
8364,11124,3237,1,0
8365,11126,3237,1,0
8366,11127,3237,1,0
8367,11128,3237,1,0
8368,11129,3237,1,0
8369,11131,3238,1,0
8370,11132,3238,1,0
8371,11134,3238,1,0
8372,11135,3238,1,1
8373,11136,3238,1,0
8374,11137,3238,1,0
8375,11139,3240,1,1
8376,11140,3240,1,0
8377,11141,3241,1,0
8378,11143,3241,1,0
8379,11144,3241,1,0
8380,11145,3241,1,0
8381,11146,3242,1,0
8382,11147,3242,1,0
8383,11149,3242,1,1
8384,11150,3243,1,0
8385,11153,3244,1,0
8386,11155,3245,1,0
8387,11156,3245,1,0
8388,11157,3245,1,0
8389,11158,3245,1,0
8390,11160,3246,1,0
8391,11161,3246,1,0
8392,11162,3246,1,0
8393,11163,3248,1,0
8394,11164,3249,1,1
8395,11165,3249,1,1
8396,11166,3249,1,0
8397,11167,3249,1,0
8398,11169,3250,1,0
8399,11172,3252,1,0
8400,11173,3252,1,0
8401,11175,3253,1,1
8402,11176,3253,1,0
8403,11178,3253,1,0
8404,11179,3254,1,1
8405,11180,3254,1,0
8406,11181,3254,1,0
8407,11183,3254,1,1
8408,11185,3255,1,0
8409,11186,3255,1,1
8410,11187,3256,1,1
8411,11188,3256,1,0
8412,11192,3259,1,0
8413,11193,3259,1,1
8414,11194,3259,1,0
8415,11195,3259,1,1
8416,11196,3259,1,0
8417,11197,3261,1,0
8418,11198,3262,1,0
8419,11199,3262,1,1
8420,11201,3263,1,0
8421,11202,3263,1,0
8422,11203,3264,1,0
8423,11205,3264,1,0
8424,11206,3264,1,0
8425,11208,3265,1,0
8426,11209,3265,1,0
8427,11210,3265,1,0
8428,11211,3266,1,1
8429,11212,3266,1,1
8430,11214,3266,1,1
8431,11215,3267,1,1
8432,11216,3267,1,0
8433,11217,3268,1,0
8434,11219,3269,1,1
8435,11224,3272,1,1
8436,11225,3272,1,1
8437,11227,3274,1,1
8438,11228,3274,1,0
8439,11229,3274,1,0
8440,11230,3275,1,1
8441,11232,3276,1,1
8442,11233,3276,1,0
8443,11234,3276,1,1
8444,11235,3276,1,1
8445,11236,3276,1,1
8446,11237,3276,1,0
8447,11239,3278,1,1
8448,11240,3278,1,1
8449,11241,3278,1,1
8450,11243,3278,1,0
8451,11245,3280,1,1
8452,11247,3280,1,1
8453,11248,3280,1,1
8454,11249,3280,1,0
8455,11251,3280,1,0
8456,11253,3282,1,0
8457,11254,3282,1,0
8458,11255,3282,1,1
8459,11256,3282,1,1
8460,11257,3283,1,0
8461,11258,3283,1,0
8462,11259,3283,1,1
8463,11260,3283,1,0
8464,11261,3283,1,0
8465,11262,3284,1,1
8466,11263,3284,1,0
8467,11265,3284,1,0
8468,11267,3285,1,0
8469,11268,3285,1,0
8470,11270,3285,1,1
8471,11272,3286,1,0
8472,11273,3286,1,1
8473,11275,3287,1,1
8474,11276,3287,1,0
8475,11277,3287,1,0
8476,11278,3287,1,1
8477,11279,3287,1,0
8478,11281,3288,1,0
8479,11282,3288,1,0
8480,11285,3290,1,0
8481,11286,3290,1,0
8482,11287,3290,1,1
8483,11288,3290,1,1
8484,11289,3290,1,0
8485,11290,3290,1,0
8486,11291,3290,1,0
8487,11292,3291,1,0
8488,11293,3291,1,0
8489,11294,3291,1,1
8490,11295,3291,1,0
8491,11296,3293,1,0
8492,11297,3293,1,1
8493,11298,3293,1,1
8494,11299,3294,1,1
8495,11300,3295,1,1
8496,11302,3295,1,0
8497,11303,3296,1,1
8498,11304,3296,1,0
8499,11305,3296,1,0
8500,11307,3297,1,1
8501,11309,3297,1,0
8502,11311,3297,1,0
8503,11312,3297,1,0
8504,11313,3298,1,0
8505,11314,3299,1,1
8506,11315,3300,1,0
8507,11316,3300,1,0
8508,11317,3300,1,1
8509,11318,3300,1,0
8510,11320,3300,1,0
8511,11321,3301,1,1
8512,11323,3301,1,1
8513,11324,3301,1,0
8514,11326,3301,1,0
8515,11327,3302,1,0
8516,11328,3302,1,0
8517,11329,3302,1,0
8518,11330,3302,1,1
8519,11331,3302,1,1
8520,11332,3302,1,0
8521,11334,3304,1,1
8522,11337,3305,1,1
8523,11340,3306,1,0
8524,11342,3306,1,1
8525,11343,3306,1,0
8526,11344,3306,1,1
8527,11345,3307,1,0
8528,11347,3307,1,1
8529,11348,3308,1,1
8530,11349,3308,1,0
8531,11351,3309,1,1
8532,11352,3309,1,0
8533,11353,3309,1,0
8534,11354,3309,1,0
8535,11356,3310,1,0
8536,11358,3311,1,0
8537,11361,3312,1,1
8538,11362,3312,1,1
8539,11363,3312,1,0
8540,11364,3313,1,0
8541,11366,3313,1,0
8542,11367,3314,1,0
8543,11368,3314,1,0
8544,11369,3314,1,0
8545,11370,3314,1,0
8546,11371,3314,1,0
8547,11372,3314,1,0
8548,11377,3316,1,1
8549,11378,3317,1,0
8550,11379,3317,1,0
8551,11381,3319,1,1
8552,11382,3319,1,1
8553,11383,3319,1,0
8554,11384,3319,1,0
8555,11385,3319,1,1
8556,11386,3320,1,1
8557,11387,3320,1,0
8558,11388,3320,1,0
8559,11389,3320,1,1
8560,11391,3321,1,0
8561,11394,3321,1,1
8562,11395,3322,1,0
8563,11396,3322,1,1
8564,11398,3322,1,1
8565,11401,3322,1,0
8566,11405,3323,1,1
8567,11406,3323,1,1
8568,11408,3324,1,1
8569,11409,3324,1,1
8570,11410,3324,1,0
8571,11411,3324,1,0
8572,11412,3325,1,1
8573,11413,3325,1,1
8574,11414,3325,1,0
8575,11416,3326,1,1
8576,11417,3326,1,0
8577,11418,3326,1,0
8578,11419,3326,1,1
8579,11420,3326,1,0
8580,11421,3326,1,0
8581,11423,3326,1,0
8582,11424,3326,1,1
8583,11425,3326,1,0
8584,11426,3327,1,1
8585,11427,3328,1,1
8586,11428,3328,1,1
8587,11429,3328,1,0
8588,11431,3328,1,0
8589,11433,3328,1,1
8590,11434,3328,1,0
8591,11437,3330,1,0
8592,11438,3331,1,1
8593,11439,3331,1,1
8594,11440,3331,1,0
8595,11441,3331,1,0
8596,11442,3332,1,0
8597,11443,3332,1,0
8598,11444,3332,1,0
8599,11445,3333,1,1
8600,11446,3333,1,1
8601,11447,3333,1,1
8602,11448,3333,1,0
8603,11449,3333,1,1
8604,11450,3334,1,0
8605,11451,3334,1,0
8606,11452,3334,1,1
8607,11455,3336,1,1
8608,11456,3337,1,0
8609,11457,3338,1,0
8610,11458,3338,1,1
8611,11459,3339,1,0
8612,11460,3339,1,0
8613,11461,3340,1,0
8614,11463,3342,1,1
8615,11464,3342,1,0
8616,11467,3344,1,0
8617,11471,3345,1,0
8618,11472,3345,1,1
8619,11473,3345,1,0
8620,11474,3346,1,0
8621,11475,3347,1,1
8622,11476,3347,1,0
8623,11478,3347,1,0
8624,11480,3347,1,0
8625,11481,3347,1,1
8626,11482,3348,1,0
8627,11483,3348,1,0
8628,11484,3348,1,0
8629,11486,3349,1,1
8630,11487,3350,1,1
8631,11490,3352,1,0
8632,11491,3352,1,0
8633,11493,3352,1,1
8634,11494,3353,1,1
8635,11495,3353,1,0
8636,11496,3353,1,0
8637,11497,3353,1,0
8638,11498,3354,1,1
8639,11499,3354,1,0
8640,11500,3354,1,0
8641,11502,3355,1,0
8642,11503,3355,1,0
8643,11504,3355,1,0
8644,11505,3355,1,0
8645,11506,3355,1,1
8646,11507,3356,1,0
8647,11509,3357,1,0
8648,11510,3357,1,1
8649,11511,3357,1,1
8650,11512,3358,1,1
8651,11513,3358,1,0
8652,11515,3358,1,0
8653,11516,3359,1,1
8654,11518,3359,1,1
8655,11519,3359,1,0
8656,11520,3360,1,0
8657,11523,3362,1,0
8658,11524,3363,1,1
8659,11525,3363,1,0
8660,11526,3364,1,0
8661,11528,3364,1,0
8662,11529,3364,1,0
8663,11531,3365,1,1
8664,11532,3365,1,1
8665,11533,3366,1,0
8666,11535,3366,1,1
8667,11536,3367,1,0
8668,11537,3368,1,0
8669,11538,3368,1,0
8670,11539,3368,1,0
8671,11540,3368,1,0
8672,11541,3368,1,1
8673,11542,3368,1,0
8674,11544,3369,1,1
8675,11547,3370,1,0
8676,11548,3370,1,0
8677,11549,3371,1,0
8678,11550,3371,1,0
8679,11551,3372,1,0
8680,11552,3372,1,0
8681,11553,3372,1,0
8682,11554,3373,1,0
8683,11555,3373,1,0
8684,11556,3373,1,1
8685,11557,3373,1,0
8686,11559,3374,1,1
8687,11561,3374,1,0
8688,11562,3374,1,0
8689,11563,3375,1,1
8690,11564,3376,1,1
8691,11565,3376,1,0
8692,11566,3376,1,0
8693,11568,3376,1,0
8694,11570,3376,1,0
8695,11573,3377,1,1
8696,11575,3378,1,1
8697,11576,3378,1,0
8698,11577,3378,1,1
8699,11578,3378,1,1
8700,11579,3378,1,0
8701,11580,3379,1,0
8702,11581,3379,1,1
8703,11582,3379,1,0
8704,11584,3379,1,0
8705,11585,3379,1,0
8706,11586,3379,1,0
8707,11587,3379,1,1
8708,11588,3380,1,0
8709,11589,3380,1,0
8710,11590,3380,1,0
8711,11592,3381,1,0
8712,11593,3381,1,0
8713,11594,3381,1,0
8714,11598,3383,1,1
8715,11599,3383,1,0
8716,11600,3383,1,0
8717,11601,3383,1,1
8718,11602,3383,1,1
8719,11604,3384,1,1
8720,11605,3384,1,1
8721,11606,3384,1,1
8722,11607,3385,1,1
8723,11608,3385,1,0
8724,11609,3385,1,0
8725,11611,3386,1,0
8726,11612,3386,1,1
8727,11613,3387,1,0
8728,11614,3387,1,1
8729,11615,3387,1,0
8730,11616,3388,1,0
8731,11617,3389,1,0
8732,11618,3389,1,1
8733,11619,3389,1,1
8734,11620,3390,1,0
8735,11622,3391,1,0
8736,11623,3391,1,1
8737,11624,3391,1,1
8738,11625,3391,1,0
8739,11626,3392,1,0
8740,11629,3393,1,0
8741,11630,3393,1,1
8742,11631,3393,1,1
8743,11632,3394,1,0
8744,11633,3395,1,1
8745,11634,3395,1,0
8746,11635,3395,1,1
8747,11637,3395,1,0
8748,11638,3395,1,1
8749,11639,3396,1,0
8750,11640,3396,1,0
8751,11643,3398,1,0
8752,11644,3398,1,0
8753,11645,3399,1,0
8754,11646,3400,1,0
8755,11648,3400,1,1
8756,11650,3401,1,0
8757,11651,3401,1,1
8758,11652,3401,1,0
8759,11657,3403,1,0
8760,11659,3403,1,0
8761,11660,3404,1,0
8762,11661,3404,1,0
8763,11663,3404,1,0
8764,11664,3405,1,0
8765,11665,3405,1,0
8766,11666,3405,1,1
8767,11667,3405,1,0
8768,11668,3407,1,0
8769,11669,3407,1,1
8770,11670,3407,1,0
8771,11672,3407,1,0
8772,11673,3408,1,1
8773,11675,3409,1,1
8774,11676,3409,1,1
8775,11677,3410,1,0
8776,11679,3410,1,1
8777,11682,3410,1,1
8778,11683,3410,1,0
8779,11684,3411,1,0
8780,11685,3411,1,0
8781,11686,3411,1,0
8782,11690,3412,1,1
8783,11691,3412,1,1
8784,11692,3412,1,0
8785,11693,3413,1,0
8786,11694,3413,1,0
8787,11696,3413,1,0
8788,11697,3413,1,0
8789,11698,3413,1,0
8790,11699,3414,1,0
8791,11700,3414,1,1
8792,11701,3415,1,1
8793,11702,3415,1,0
8794,11703,3415,1,0
8795,11704,3415,1,1
8796,11705,3415,1,1
8797,11706,3416,1,1
8798,11707,3416,1,1
8799,11709,3417,1,1
8800,11710,3417,1,0
8801,11712,3418,1,0
8802,11714,3418,1,1
8803,11715,3419,1,1
8804,11716,3419,1,0
8805,11717,3419,1,0
8806,11718,3420,1,0
8807,11719,3420,1,0
8808,11720,3420,1,0
8809,11721,3420,1,0
8810,11722,3420,1,1
8811,11724,3422,1,1
8812,11725,3422,1,1
8813,11726,3423,1,1
8814,11727,3424,1,1
8815,11728,3424,1,0
8816,11729,3424,1,0
8817,11731,3426,1,0
8818,11732,3426,1,0
8819,11733,3426,1,1
8820,11734,3426,1,1
8821,11735,3426,1,0
8822,11736,3426,1,1
8823,11738,3427,1,0
8824,11739,3427,1,0
8825,11740,3427,1,0
8826,11742,3427,1,1
8827,11743,3427,1,0
8828,11744,3428,1,1
8829,11745,3429,1,1
8830,11746,3429,1,0
8831,11747,3430,1,0
8832,11748,3430,1,0
8833,11749,3430,1,1
8834,11750,3430,1,0
8835,11751,3431,1,0
8836,11752,3431,1,0
8837,11754,3431,1,0
8838,11756,3433,1,0
8839,11758,3433,1,1
8840,11759,3434,1,0
8841,11761,3435,1,1
8842,11762,3435,1,1
8843,11763,3435,1,0
8844,11764,3435,1,1
8845,11765,3436,1,1
8846,11766,3437,1,1
8847,11767,3437,1,1
8848,11768,3438,1,0
8849,11769,3439,1,0
8850,11770,3440,1,1
8851,11773,3442,1,0
8852,11774,3442,1,1
8853,11775,3442,1,0
8854,11776,3442,1,0
8855,11777,3442,1,1
8856,11778,3443,1,1
8857,11779,3443,1,1
8858,11781,3444,1,0
8859,11782,3444,1,1
8860,11783,3444,1,0
8861,11784,3445,1,1
8862,11785,3445,1,1
8863,11786,3446,1,1
8864,11788,3446,1,0
8865,11790,3446,1,1
8866,11792,3447,1,1
8867,11794,3447,1,0
8868,11795,3447,1,1
8869,11797,3448,1,0
8870,11799,3448,1,0
8871,11801,3450,1,0
8872,11802,3450,1,0
8873,11806,3452,1,0
8874,11807,3453,1,0
8875,11808,3454,1,0
8876,11811,3454,1,1
8877,11813,3454,1,1
8878,11814,3454,1,0
8879,11815,3455,1,0
8880,11816,3455,1,0
8881,11817,3455,1,0
8882,11818,3455,1,0
8883,11819,3455,1,0
8884,11820,3455,1,0
8885,11821,3455,1,1
8886,11822,3456,1,0
8887,11823,3456,1,0
8888,11824,3456,1,0
8889,11825,3456,1,1
8890,11826,3456,1,0
8891,11827,3456,1,0
8892,11828,3456,1,0
8893,11830,3457,1,1
8894,11831,3458,1,0
8895,11834,3458,1,0
8896,11835,3459,1,1
8897,11836,3459,1,1
8898,11837,3460,1,0
8899,11838,3460,1,0
8900,11839,3460,1,0
8901,11840,3460,1,0
8902,11841,3460,1,0
8903,11842,3460,1,1
8904,11843,3461,1,0
8905,11844,3462,1,0
8906,11845,3462,1,1
8907,11847,3462,1,0
8908,11848,3462,1,0
8909,11849,3462,1,0
8910,11850,3462,1,0
8911,11851,3463,1,0
8912,11852,3464,1,0
8913,11853,3464,1,0
8914,11854,3464,1,0
8915,11855,3464,1,0
8916,11856,3464,1,1
8917,11858,3464,1,1
8918,11859,3464,1,0
8919,11860,3464,1,0
8920,11862,3465,1,0
8921,11863,3465,1,0
8922,11865,3466,1,0
8923,11868,3467,1,1
8924,11869,3467,1,0
8925,11870,3468,1,0
8926,11871,3468,1,1
8927,11872,3468,1,0
8928,11874,3468,1,0
8929,11877,3470,1,0
8930,11878,3471,1,1
8931,11882,3473,1,1
8932,11883,3473,1,1
8933,11885,3473,1,1
8934,11886,3473,1,0
8935,11888,3475,1,1
8936,11889,3475,1,0
8937,11890,3475,1,1
8938,11891,3476,1,1
8939,11892,3476,1,1
8940,11893,3476,1,0
8941,11895,3476,1,1
8942,11896,3476,1,0
8943,11897,3476,1,1
8944,11898,3476,1,0
8945,11900,3477,1,1
8946,11901,3478,1,0
8947,11902,3478,1,1
8948,11903,3478,1,1
8949,11906,3478,1,0
8950,11907,3478,1,1
8951,11908,3480,1,0
8952,11909,3480,1,1
8953,11910,3480,1,0
8954,11911,3481,1,1
8955,11912,3481,1,0
8956,11913,3481,1,0
8957,11914,3481,1,0
8958,11916,3481,1,1
8959,11917,3482,1,0
8960,11918,3482,1,0
8961,11920,3482,1,0
8962,11921,3484,1,0
8963,11922,3484,1,1
8964,11923,3484,1,0
8965,11925,3484,1,1
8966,11927,3485,1,1
8967,11929,3485,1,0
8968,11930,3485,1,0
8969,11931,3486,1,0
8970,11932,3486,1,0
8971,11933,3486,1,1
8972,11934,3486,1,0
8973,11935,3486,1,0
8974,11936,3486,1,0
8975,11938,3487,1,0
8976,11939,3487,1,0
8977,11940,3488,1,0
8978,11941,3488,1,0
8979,11942,3488,1,1
8980,11944,3489,1,0
8981,11945,3489,1,1
8982,11947,3490,1,0
8983,11948,3490,1,0
8984,11949,3490,1,1
8985,11952,3491,1,0
8986,11953,3491,1,0
8987,11954,3492,1,1
8988,11956,3492,1,1
8989,11957,3492,1,0
8990,11959,3493,1,0
8991,11960,3493,1,1
8992,11961,3493,1,1
8993,11962,3493,1,0
8994,11963,3493,1,0
8995,11964,3494,1,0
8996,11965,3494,1,0
8997,11967,3495,1,0
8998,11968,3496,1,0
8999,11970,3497,1,0
9000,11972,3497,1,1
9001,11973,3498,1,0
9002,11975,3498,1,1
9003,11976,3498,1,0
9004,11977,3498,1,0
9005,11978,3499,1,0
9006,11979,3499,1,0
9007,11980,3499,1,1
9008,11981,3499,1,0
9009,11982,3500,1,0
9010,11983,3500,1,0
9011,11984,3500,1,1
9012,11985,3500,1,0
9013,11986,3502,1,0
9014,11987,3502,1,0
9015,11988,3503,1,0
9016,11989,3503,1,1
9017,11991,3503,1,0
9018,11992,3503,1,0
9019,11993,3503,1,0
9020,11994,3504,1,1
9021,11995,3504,1,0
9022,11996,3505,1,0
9023,11997,3506,1,1
9024,12000,3506,1,1
9025,12002,3506,1,0
9026,12003,3506,1,0
9027,12004,3508,1,1
9028,12006,3508,1,1
9029,12009,3509,1,1
9030,12010,3509,1,0
9031,12011,3510,1,0
9032,12012,3510,1,1
9033,12013,3510,1,0
9034,12014,3511,1,0
9035,12016,3511,1,0
9036,12017,3511,1,0
9037,12018,3511,1,0
9038,12019,3511,1,0
9039,12020,3512,1,1
9040,12022,3512,1,0
9041,12023,3512,1,0
9042,12024,3512,1,1
9043,12025,3512,1,1
9044,12026,3512,1,0
9045,12027,3512,1,0
9046,12028,3512,1,0
9047,12029,3512,1,1
9048,12031,3513,1,0
9049,12032,3513,1,0
9050,12033,3513,1,1
9051,12034,3513,1,0
9052,12035,3513,1,1
9053,12038,3513,1,1
9054,12039,3514,1,1
9055,12040,3514,1,0
9056,12041,3514,1,1
9057,12042,3514,1,0
9058,12044,3514,1,0
9059,12046,3515,1,1
9060,12047,3516,1,1
9061,12048,3517,1,0
9062,12050,3517,1,0
9063,12051,3518,1,0
9064,12054,3518,1,1
9065,12055,3518,1,0
9066,12056,3518,1,0
9067,12057,3518,1,0
9068,12059,3519,1,1
9069,12060,3519,1,1
9070,12061,3519,1,0
9071,12062,3519,1,0
9072,12063,3519,1,1
9073,12064,3519,1,0
9074,12065,3519,1,0
9075,12066,3519,1,1
9076,12067,3520,1,1
9077,12068,3520,1,1
9078,12069,3520,1,0
9079,12070,3520,1,1
9080,12071,3520,1,0
9081,12072,3521,1,0
9082,12073,3521,1,0
9083,12074,3521,1,1
9084,12075,3521,1,1
9085,12076,3521,1,0
9086,12077,3522,1,0
9087,12078,3523,1,0
9088,12079,3523,1,1
9089,12081,3523,1,0
9090,12082,3523,1,1
9091,12084,3524,1,1
9092,12086,3525,1,0
9093,12089,3526,1,0
9094,12090,3526,1,1
9095,12091,3526,1,0
9096,12092,3526,1,0
9097,12093,3526,1,1
9098,12095,3527,1,0
9099,12096,3527,1,0
9100,12097,3527,1,1
9101,12098,3527,1,0
9102,12099,3528,1,1
9103,12100,3529,1,0
9104,12101,3530,1,0
9105,12102,3530,1,0
9106,12104,3530,1,1
9107,12106,3530,1,0
9108,12108,3531,1,1
9109,12109,3531,1,0
9110,12111,3531,1,1
9111,12112,3531,1,0
9112,12113,3532,1,0
9113,12114,3532,1,1
9114,12115,3532,1,0
9115,12116,3532,1,1
9116,12117,3533,1,0
9117,12118,3533,1,0
9118,12119,3533,1,0
9119,12120,3533,1,1
9120,12121,3534,1,0
9121,12124,3536,1,1
9122,12125,3536,1,0
9123,12127,3537,1,1
9124,12128,3537,1,0
9125,12129,3537,1,1
9126,12130,3538,1,0
9127,12131,3538,1,0
9128,12132,3538,1,1
9129,12133,3539,1,0
9130,12134,3539,1,1
9131,12135,3539,1,1
9132,12136,3539,1,1
9133,12138,3540,1,1
9134,12139,3540,1,0
9135,12140,3541,1,1
9136,12141,3541,1,0
9137,12142,3542,1,0
9138,12143,3542,1,1
9139,12144,3542,1,0
9140,12145,3542,1,0
9141,12146,3542,1,0
9142,12147,3542,1,0
9143,12148,3544,1,0
9144,12150,3546,1,1
9145,12151,3547,1,0
9146,12152,3547,1,0
9147,12153,3548,1,0
9148,12154,3548,1,1
9149,12155,3548,1,1
9150,12156,3548,1,0
9151,12157,3550,1,0
9152,12159,3550,1,0
9153,12160,3550,1,0
9154,12161,3551,1,1
9155,12162,3551,1,0
9156,12163,3551,1,1
9157,12164,3552,1,1
9158,12166,3552,1,0
9159,12167,3552,1,0
9160,12168,3552,1,1
9161,12170,3554,1,0
9162,12174,3555,1,1
9163,12175,3555,1,0
9164,12177,3555,1,0
9165,12178,3556,1,1
9166,12179,3556,1,0
9167,12181,3556,1,0
9168,12183,3556,1,1
9169,12184,3556,1,0
9170,12188,3558,1,0
9171,12189,3558,1,1
9172,12190,3558,1,0
9173,12191,3559,1,0
9174,12193,3559,1,0
9175,12194,3560,1,1
9176,12196,3560,1,0
9177,12197,3560,1,0
9178,12198,3561,1,0
9179,12199,3561,1,0
9180,12201,3561,1,0
9181,12202,3562,1,1
9182,12203,3562,1,0
9183,12204,3562,1,0
9184,12205,3562,1,0
9185,12207,3563,1,0
9186,12208,3563,1,0
9187,12210,3563,1,1
9188,12211,3564,1,1
9189,12213,3564,1,1
9190,12214,3565,1,0
9191,12215,3565,1,0
9192,12217,3565,1,0
9193,12218,3565,1,1
9194,12219,3566,1,1
9195,12221,3566,1,0
9196,12222,3566,1,0
9197,12223,3566,1,0
9198,12226,3568,1,0
9199,12227,3568,1,1
9200,12229,3569,1,1
9201,12230,3569,1,0
9202,12233,3569,1,0
9203,12234,3570,1,1
9204,12235,3571,1,0
9205,12236,3572,1,1
9206,12237,3573,1,1
9207,12238,3573,1,1
9208,12239,3573,1,1
9209,12240,3573,1,1
9210,12242,3575,1,1
9211,12243,3575,1,0
9212,12246,3577,1,1
9213,12247,3577,1,0
9214,12248,3577,1,0
9215,12249,3577,1,0
9216,12250,3578,1,0
9217,12251,3578,1,0
9218,12252,3578,1,0
9219,12253,3579,1,0
9220,12254,3579,1,0
9221,12255,3579,1,0
9222,12256,3579,1,0
9223,12257,3579,1,0
9224,12258,3579,1,0
9225,12259,3579,1,1
9226,12260,3579,1,0
9227,12262,3580,1,0
9228,12265,3582,1,1
9229,12266,3582,1,0
9230,12268,3584,1,0
9231,12269,3584,1,0
9232,12270,3584,1,1
9233,12271,3585,1,0
9234,12272,3585,1,0
9235,12275,3586,1,1
9236,12276,3586,1,0
9237,12278,3586,1,0
9238,12279,3587,1,0
9239,12280,3587,1,1
9240,12281,3587,1,0
9241,12282,3587,1,0
9242,12283,3587,1,0
9243,12284,3587,1,1
9244,12285,3587,1,1
9245,12287,3588,1,1
9246,12289,3588,1,0
9247,12290,3589,1,0
9248,12291,3589,1,0
9249,12293,3589,1,0
9250,12295,3590,1,1
9251,12296,3590,1,0
9252,12297,3590,1,1
9253,12298,3590,1,1
9254,12300,3590,1,1
9255,12301,3590,1,1
9256,12302,3591,1,1
9257,12303,3591,1,1
9258,12304,3591,1,1
9259,12305,3591,1,0
9260,12306,3592,1,0
9261,12307,3593,1,0
9262,12309,3593,1,0
9263,12311,3594,1,1
9264,12313,3594,1,1
9265,12314,3594,1,1
9266,12317,3595,1,1
9267,12319,3595,1,1
9268,12320,3596,1,1
9269,12321,3596,1,0
9270,12322,3596,1,0
9271,12323,3596,1,1
9272,12324,3596,1,1
9273,12325,3597,1,0
9274,12326,3597,1,1
9275,12327,3598,1,0
9276,12328,3598,1,0
9277,12330,3599,1,0
9278,12331,3599,1,1
9279,12332,3599,1,1
9280,12333,3599,1,0
9281,12334,3599,1,1
9282,12335,3599,1,0
9283,12336,3599,1,0
9284,12337,3600,1,1
9285,12339,3600,1,1
9286,12340,3600,1,0
9287,12341,3600,1,0
9288,12343,3600,1,0
9289,12344,3601,1,0
9290,12346,3601,1,0
9291,12350,3603,1,0
9292,12352,3603,1,0
9293,12353,3603,1,1
9294,12354,3604,1,0
9295,12356,3604,1,0
9296,12357,3604,1,0
9297,12358,3604,1,0
9298,12359,3604,1,1
9299,12360,3605,1,0
9300,12362,3605,1,0
9301,12363,3605,1,0
9302,12364,3605,1,0
9303,12365,3606,1,0
9304,12366,3607,1,0
9305,12367,3607,1,0
9306,12368,3608,1,1
9307,12370,3608,1,0
9308,12371,3608,1,1
9309,12372,3609,1,1
9310,12373,3609,1,0
9311,12374,3609,1,0
9312,12375,3609,1,0
9313,12376,3609,1,0
9314,12378,3610,1,1
9315,12379,3610,1,0
9316,12381,3610,1,1
9317,12382,3610,1,1
9318,12383,3610,1,1
9319,12384,3611,1,0
9320,12385,3612,1,1
9321,12387,3613,1,1
9322,12389,3613,1,0
9323,12390,3614,1,0
9324,12391,3614,1,1
9325,12392,3615,1,0
9326,12394,3615,1,0
9327,12395,3615,1,1
9328,12397,3616,1,1
9329,12398,3616,1,0
9330,12399,3616,1,1
9331,12400,3616,1,0
9332,12402,3617,1,1
9333,12405,3618,1,1
9334,12406,3618,1,0
9335,12408,3618,1,1
9336,12409,3619,1,0
9337,12410,3619,1,0
9338,12411,3620,1,0
9339,12413,3620,1,1
9340,12414,3620,1,1
9341,12416,3620,1,1
9342,12417,3621,1,0
9343,12418,3622,1,0
9344,12420,3622,1,0
9345,12421,3622,1,0
9346,12422,3622,1,0
9347,12423,3622,1,0
9348,12424,3622,1,0
9349,12425,3623,1,1
9350,12426,3623,1,1
9351,12427,3624,1,0
9352,12429,3624,1,0
9353,12430,3624,1,1
9354,12431,3625,1,1
9355,12433,3626,1,1
9356,12434,3626,1,0
9357,12435,3626,1,1
9358,12436,3626,1,0
9359,12439,3627,1,0
9360,12440,3627,1,1
9361,12441,3627,1,1
9362,12442,3628,1,0
9363,12443,3628,1,1
9364,12444,3628,1,0
9365,12445,3628,1,0
9366,12447,3628,1,1
9367,12448,3628,1,1
9368,12450,3628,1,1
9369,12451,3629,1,1
9370,12453,3630,1,0
9371,12455,3630,1,0
9372,12457,3633,1,1
9373,12458,3634,1,1
9374,12459,3634,1,1
9375,12461,3635,1,0
9376,12462,3635,1,1
9377,12464,3635,1,1
9378,12465,3635,1,0
9379,12466,3636,1,0
9380,12467,3636,1,0
9381,12469,3637,1,0
9382,12470,3637,1,0
9383,12471,3637,1,0
9384,12473,3637,1,0
9385,12474,3638,1,0
9386,12475,3638,1,0
9387,12476,3638,1,0
9388,12479,3638,1,0
9389,12480,3640,1,0
9390,12481,3641,1,0
9391,12482,3641,1,0
9392,12484,3642,1,0
9393,12486,3642,1,0
9394,12488,3643,1,1
9395,12489,3643,1,0
9396,12490,3643,1,0
9397,12491,3644,1,0
9398,12495,3646,1,0
9399,12497,3647,1,0
9400,12498,3647,1,0
9401,12499,3647,1,1
9402,12500,3648,1,0
9403,12501,3648,1,0
9404,12503,3649,1,0
9405,12504,3649,1,0
9406,12505,3649,1,0
9407,12507,3650,1,1
9408,12508,3650,1,1
9409,12509,3650,1,0
9410,12510,3650,1,0
9411,12511,3651,1,0
9412,12513,3651,1,0
9413,12514,3651,1,0
9414,12515,3652,1,0
9415,12516,3652,1,0
9416,12518,3653,1,0
9417,12520,3653,1,0
9418,12521,3653,1,1
9419,12522,3653,1,0
9420,12523,3653,1,0
9421,12524,3654,1,0
9422,12525,3654,1,1
9423,12527,3654,1,0
9424,12528,3655,1,0
9425,12529,3656,1,1
9426,12530,3656,1,1
9427,12531,3657,1,0
9428,12533,3657,1,0
9429,12534,3657,1,0
9430,12535,3658,1,0
9431,12536,3658,1,0
9432,12538,3659,1,1
9433,12539,3659,1,1
9434,12540,3659,1,0
9435,12541,3660,1,0
9436,12543,3660,1,0
9437,12544,3660,1,0
9438,12546,3660,1,0
9439,12547,3661,1,0
9440,12548,3662,1,0
9441,12549,3662,1,0
9442,12550,3662,1,0
9443,12551,3662,1,1
9444,12552,3663,1,0
9445,12553,3664,1,1
9446,12554,3664,1,0
9447,12555,3664,1,0
9448,12556,3664,1,0
9449,12557,3664,1,1
9450,12558,3664,1,0
9451,12559,3664,1,0
9452,12561,3665,1,0
9453,12562,3665,1,0
9454,12564,3665,1,1
9455,12566,3666,1,0
9456,12567,3666,1,0
9457,12568,3666,1,0
9458,12570,3666,1,0
9459,12571,3668,1,1
9460,12572,3670,1,1
9461,12573,3670,1,1
9462,12574,3670,1,1
9463,12575,3670,1,1
9464,12576,3671,1,0
9465,12577,3671,1,0
9466,12578,3672,1,0
9467,12579,3672,1,1
9468,12580,3672,1,1
9469,12581,3672,1,1
9470,12582,3672,1,0
9471,12583,3673,1,0
9472,12584,3673,1,0
9473,12585,3674,1,1
9474,12586,3674,1,0
9475,12587,3674,1,0
9476,12588,3675,1,0
9477,12590,3675,1,0
9478,12591,3676,1,1
9479,12592,3676,1,0
9480,12593,3676,1,0
9481,12598,3678,1,0
9482,12599,3678,1,0
9483,12600,3678,1,0
9484,12601,3679,1,0
9485,12602,3679,1,1
9486,12603,3680,1,0
9487,12605,3680,1,0
9488,12607,3681,1,0
9489,12608,3681,1,0
9490,12611,3682,1,1
9491,12612,3682,1,0
9492,12615,3682,1,1
9493,12616,3682,1,1
9494,12617,3682,1,0
9495,12618,3683,1,1
9496,12619,3683,1,1
9497,12621,3683,1,0
9498,12624,3684,1,0
9499,12625,3685,1,0
9500,12626,3685,1,0
9501,12627,3685,1,1
9502,12628,3685,1,0
9503,12629,3685,1,0
9504,12630,3685,1,1
9505,12631,3685,1,0
9506,12632,3686,1,1
9507,12634,3686,1,0
9508,12635,3687,1,0
9509,12636,3687,1,0
9510,12638,3687,1,1
9511,12640,3688,1,0
9512,12641,3688,1,1
9513,12642,3689,1,1
9514,12644,3689,1,0
9515,12645,3690,1,0
9516,12646,3690,1,1
9517,12648,3692,1,0
9518,12649,3692,1,0
9519,12650,3692,1,1
9520,12651,3692,1,0
9521,12653,3693,1,1
9522,12655,3694,1,0
9523,12656,3694,1,0
9524,12658,3695,1,0
9525,12659,3695,1,0
9526,12660,3695,1,1
9527,12662,3695,1,1
9528,12664,3697,1,0
9529,12665,3697,1,0
9530,12667,3697,1,1
9531,12669,3697,1,0
9532,12670,3698,1,0
9533,12671,3698,1,1
9534,12673,3699,1,1
9535,12674,3699,1,0
9536,12675,3699,1,1
9537,12676,3699,1,0
9538,12677,3699,1,1
9539,12678,3699,1,0
9540,12679,3699,1,1
9541,12680,3700,1,1
9542,12681,3700,1,1
9543,12682,3701,1,1
9544,12683,3701,1,0
9545,12684,3701,1,1
9546,12685,3701,1,0
9547,12686,3701,1,1
9548,12687,3702,1,1
9549,12688,3703,1,1
9550,12689,3703,1,0
9551,12690,3704,1,0
9552,12691,3704,1,1
9553,12692,3704,1,0
9554,12693,3704,1,0
9555,12694,3704,1,0
9556,12695,3704,1,1
9557,12696,3704,1,0
9558,12697,3704,1,0
9559,12698,3705,1,0
9560,12700,3705,1,1
9561,12701,3705,1,0
9562,12704,3706,1,1
9563,12705,3706,1,1
9564,12706,3706,1,1
9565,12707,3707,1,0
9566,12708,3707,1,1
9567,12710,3707,1,1
9568,12712,3708,1,1
9569,12713,3708,1,0
9570,12715,3709,1,1
9571,12716,3709,1,0
9572,12717,3710,1,1
9573,12718,3710,1,0
9574,12722,3710,1,0
9575,12724,3711,1,0
9576,12725,3711,1,0
9577,12728,3711,1,0
9578,12730,3711,1,0
9579,12731,3711,1,1
9580,12732,3712,1,1
9581,12733,3712,1,0
9582,12734,3712,1,0
9583,12735,3713,1,0
9584,12736,3713,1,0
9585,12738,3713,1,0
9586,12739,3713,1,0
9587,12741,3715,1,1
9588,12743,3716,1,0
9589,12744,3716,1,0
9590,12745,3718,1,1
9591,12746,3719,1,1
9592,12747,3719,1,0
9593,12750,3721,1,1
9594,12753,3722,1,0
9595,12754,3722,1,0
9596,12755,3722,1,0
9597,12756,3723,1,1
9598,12757,3723,1,1
9599,12758,3724,1,0
9600,12759,3724,1,0
9601,12760,3724,1,0
9602,12761,3724,1,1
9603,12762,3725,1,1
9604,12763,3726,1,1
9605,12764,3726,1,0
9606,12765,3726,1,1
9607,12766,3726,1,0
9608,12768,3727,1,0
9609,12770,3728,1,1
9610,12772,3728,1,0
9611,12773,3729,1,1
9612,12774,3729,1,1
9613,12776,3729,1,1
9614,12778,3731,1,1
9615,12779,3731,1,0
9616,12781,3731,1,1
9617,12782,3731,1,1
9618,12783,3731,1,1
9619,12784,3731,1,1
9620,12785,3732,1,1
9621,12786,3732,1,1
9622,12787,3732,1,0
9623,12788,3732,1,1
9624,12789,3732,1,0
9625,12790,3732,1,1
9626,12791,3733,1,1
9627,12793,3733,1,1
9628,12795,3734,1,0
9629,12796,3734,1,0
9630,12797,3736,1,0
9631,12798,3736,1,0
9632,12799,3736,1,1
9633,12800,3736,1,1
9634,12802,3737,1,0
9635,12803,3737,1,0
9636,12806,3738,1,0
9637,12807,3738,1,1
9638,12809,3739,1,1
9639,12810,3740,1,1
9640,12814,3742,1,0
9641,12815,3742,1,1
9642,12816,3742,1,0
9643,12817,3743,1,0
9644,12818,3743,1,1
9645,12819,3744,1,0
9646,12821,3744,1,0
9647,12822,3745,1,0
9648,12825,3746,1,0
9649,12827,3746,1,0
9650,12828,3746,1,1
9651,12830,3747,1,0
9652,12831,3747,1,0
9653,12832,3747,1,0
9654,12835,3747,1,0
9655,12838,3748,1,0
9656,12841,3749,1,0
9657,12842,3749,1,1
9658,12843,3749,1,1
9659,12844,3749,1,1
9660,12845,3749,1,1
9661,12846,3749,1,0
9662,12848,3750,1,1
9663,12850,3750,1,0
9664,12853,3751,1,1
9665,12854,3751,1,0
9666,12856,3752,1,0
9667,12857,3753,1,0
9668,12859,3753,1,1
9669,12860,3753,1,0
9670,12861,3753,1,0
9671,12862,3754,1,1
9672,12863,3754,1,0
9673,12864,3754,1,1
9674,12865,3754,1,0
9675,12867,3755,1,1
9676,12868,3755,1,1
9677,12869,3755,1,0
9678,12870,3756,1,0
9679,12873,3758,1,0
9680,12874,3758,1,1
9681,12875,3758,1,0
9682,12877,3758,1,1
9683,12878,3760,1,1
9684,12879,3761,1,0
9685,12881,3762,1,0
9686,12882,3762,1,0
9687,12883,3763,1,0
9688,12884,3763,1,0
9689,12886,3764,1,0
9690,12887,3764,1,0
9691,12888,3764,1,1
9692,12889,3764,1,0
9693,12890,3764,1,1
9694,12891,3765,1,0
9695,12892,3765,1,1
9696,12893,3765,1,0
9697,12894,3767,1,1
9698,12895,3768,1,0
9699,12897,3768,1,1
9700,12899,3769,1,1
9701,12900,3769,1,0
9702,12901,3770,1,0
9703,12902,3770,1,0
9704,12903,3770,1,1
9705,12904,3770,1,1
9706,12906,3770,1,0
9707,12907,3770,1,0
9708,12908,3771,1,1
9709,12909,3771,1,0
9710,12910,3771,1,0
9711,12911,3771,1,1
9712,12912,3772,1,0
9713,12916,3773,1,0
9714,12919,3775,1,1
9715,12920,3775,1,0
9716,12921,3775,1,0
9717,12922,3776,1,0
9718,12923,3776,1,1
9719,12924,3776,1,1
9720,12925,3776,1,1
9721,12927,3777,1,1
9722,12928,3777,1,0
9723,12929,3777,1,0
9724,12930,3777,1,0
9725,12931,3777,1,0
9726,12932,3778,1,0
9727,12933,3778,1,0
9728,12934,3779,1,1
9729,12937,3779,1,0
9730,12938,3779,1,1
9731,12939,3779,1,0
9732,12940,3779,1,0
9733,12943,3780,1,0
9734,12945,3781,1,0
9735,12946,3781,1,0
9736,12947,3781,1,1
9737,12948,3781,1,1
9738,12949,3781,1,1
9739,12950,3781,1,0
9740,12951,3781,1,0
9741,12952,3781,1,0
9742,12953,3781,1,0
9743,12954,3782,1,1
9744,12955,3782,1,0
9745,12958,3783,1,0
9746,12963,3786,1,1
9747,12964,3786,1,0
9748,12966,3786,1,0
9749,12969,3786,1,0
9750,12971,3787,1,1
9751,12972,3787,1,0
9752,12973,3787,1,0
9753,12974,3787,1,1
9754,12977,3789,1,0
9755,12981,3789,1,0
9756,12982,3789,1,0
9757,12983,3790,1,1
9758,12984,3790,1,1
9759,12986,3790,1,1
9760,12987,3791,1,0
9761,12988,3791,1,0
9762,12989,3791,1,0
9763,12990,3791,1,0
9764,12991,3791,1,1
9765,12992,3791,1,0
9766,12993,3791,1,1
9767,12994,3792,1,0
9768,12995,3792,1,1
9769,12996,3793,1,0
9770,12998,3793,1,1
9771,12999,3793,1,0
9772,13000,3793,1,1
9773,13001,3793,1,1
9774,13002,3793,1,0
9775,13004,3794,1,0
9776,13005,3794,1,0
9777,13006,3794,1,0
9778,13007,3794,1,1
9779,13008,3794,1,0
9780,13009,3794,1,1
9781,13010,3795,1,0
9782,13012,3795,1,0
9783,13013,3795,1,0
9784,13014,3796,1,0
9785,13015,3796,1,0
9786,13017,3796,1,0
9787,13018,3796,1,0
9788,13019,3797,1,0
9789,13021,3797,1,0
9790,13022,3797,1,0
9791,13023,3797,1,0
9792,13024,3798,1,0
9793,13025,3798,1,0
9794,13026,3798,1,0
9795,13027,3798,1,1
9796,13028,3799,1,1
9797,13031,3800,1,0
9798,13032,3801,1,1
9799,13034,3802,1,0
9800,13035,3802,1,1
9801,13036,3802,1,1
9802,13037,3802,1,1
9803,13038,3803,1,0
9804,13039,3803,1,0
9805,13040,3803,1,0
9806,13041,3804,1,0
9807,13042,3804,1,0
9808,13043,3804,1,0
9809,13044,3805,1,0
9810,13046,3806,1,0
9811,13047,3806,1,0
9812,13048,3807,1,0
9813,13050,3807,1,1
9814,13051,3807,1,0
9815,13052,3807,1,0
9816,13053,3807,1,1
9817,13054,3808,1,0
9818,13055,3808,1,0
9819,13056,3808,1,0
9820,13057,3808,1,0
9821,13058,3808,1,0
9822,13061,3809,1,0
9823,13062,3809,1,0
9824,13063,3809,1,0
9825,13065,3810,1,1
9826,13066,3810,1,0
9827,13067,3810,1,1
9828,13068,3811,1,0
9829,13070,3811,1,0
9830,13073,3813,1,0
9831,13074,3813,1,1
9832,13075,3813,1,0
9833,13076,3813,1,1
9834,13078,3814,1,1
9835,13079,3814,1,0
9836,13080,3815,1,1
9837,13081,3815,1,0
9838,13082,3815,1,0
9839,13084,3815,1,0
9840,13085,3815,1,0
9841,13086,3815,1,0
9842,13087,3815,1,1
9843,13090,3815,1,1
9844,13091,3815,1,0
9845,13092,3816,1,0
9846,13094,3816,1,0
9847,13095,3816,1,0
9848,13096,3817,1,0
9849,13097,3817,1,1
9850,13098,3817,1,0
9851,13100,3819,1,1
9852,13102,3819,1,0
9853,13104,3821,1,0
9854,13105,3821,1,1
9855,13107,3821,1,0
9856,13108,3821,1,1
9857,13110,3823,1,0
9858,13113,3823,1,1
9859,13117,3824,1,0
9860,13118,3824,1,0
9861,13119,3825,1,0
9862,13120,3825,1,0
9863,13123,3825,1,0
9864,13124,3825,1,0
9865,13125,3826,1,1
9866,13127,3827,1,1
9867,13128,3827,1,1
9868,13129,3827,1,0
9869,13130,3828,1,1
9870,13131,3828,1,1
9871,13132,3828,1,0
9872,13134,3829,1,0
9873,13135,3829,1,1
9874,13136,3829,1,1
9875,13137,3829,1,0
9876,13138,3830,1,0
9877,13139,3830,1,0
9878,13141,3830,1,1
9879,13144,3832,1,1
9880,13147,3834,1,1
9881,13149,3836,1,0
9882,13150,3836,1,0
9883,13151,3836,1,0
9884,13152,3836,1,0
9885,13155,3837,1,0
9886,13157,3837,1,1
9887,13158,3837,1,0
9888,13160,3838,1,0
9889,13161,3838,1,0
9890,13163,3838,1,0
9891,13165,3838,1,0
9892,13166,3839,1,0
9893,13167,3839,1,0
9894,13168,3839,1,0
9895,13169,3839,1,0
9896,13170,3839,1,0
9897,13171,3840,1,0
9898,13172,3840,1,0
9899,13173,3840,1,0
9900,13174,3841,1,0
9901,13177,3841,1,0
9902,13178,3841,1,0
9903,13180,3841,1,0
9904,13181,3841,1,0
9905,13184,3841,1,0
9906,13185,3842,1,1
9907,13187,3842,1,1
9908,13188,3842,1,1
9909,13189,3842,1,0
9910,13190,3842,1,1
9911,13191,3842,1,1
9912,13192,3843,1,1
9913,13193,3843,1,1
9914,13195,3843,1,1
9915,13196,3843,1,0
9916,13197,3843,1,1
9917,13198,3844,1,1
9918,13200,3845,1,0
9919,13201,3845,1,0
9920,13202,3845,1,0
9921,13203,3845,1,0
9922,13204,3845,1,1
9923,13205,3845,1,0
9924,13206,3846,1,0
9925,13207,3846,1,1
9926,13209,3846,1,0
9927,13210,3847,1,1
9928,13211,3847,1,0
9929,13212,3847,1,0
9930,13213,3847,1,1
9931,13214,3849,1,0
9932,13216,3849,1,0
9933,13217,3851,1,0
9934,13218,3851,1,0
9935,13219,3851,1,0
9936,13221,3851,1,0
9937,13222,3852,1,0
9938,13223,3852,1,0
9939,13225,3854,1,0
9940,13226,3854,1,1
9941,13228,3854,1,0
9942,13229,3854,1,1
9943,13230,3854,1,0
9944,13231,3855,1,0
9945,13234,3855,1,0
9946,13235,3856,1,0
9947,13236,3856,1,0
9948,13237,3856,1,0
9949,13239,3857,1,0
9950,13240,3857,1,1
9951,13241,3857,1,0
9952,13244,3858,1,1
9953,13246,3858,1,0
9954,13247,3859,1,0
9955,13248,3859,1,0
9956,13249,3859,1,0
9957,13251,3860,1,0
9958,13252,3860,1,0
9959,13253,3860,1,0
9960,13254,3860,1,0
9961,13255,3860,1,0
9962,13256,3860,1,0
9963,13258,3861,1,1
9964,13259,3861,1,0
9965,13260,3861,1,0
9966,13262,3862,1,1
9967,13263,3862,1,0
9968,13264,3862,1,0
9969,13266,3863,1,0
9970,13267,3863,1,0
9971,13269,3864,1,0
9972,13270,3864,1,0
9973,13271,3864,1,1
9974,13273,3864,1,1
9975,13274,3864,1,1
9976,13276,3865,1,0
9977,13277,3865,1,0
9978,13279,3866,1,1
9979,13280,3866,1,0
9980,13282,3867,1,0
9981,13283,3867,1,0
9982,13284,3867,1,1
9983,13285,3867,1,1
9984,13286,3868,1,0
9985,13288,3868,1,0
9986,13289,3868,1,0
9987,13290,3868,1,0
9988,13291,3868,1,0
9989,13293,3869,1,1
9990,13294,3869,1,1
9991,13295,3871,1,1
9992,13296,3872,1,0
9993,13298,3873,1,1
9994,13299,3873,1,0
9995,13300,3873,1,1
9996,13301,3874,1,1
9997,13302,3875,1,0
9998,13303,3875,1,1
9999,13304,3875,1,1
10000,13305,3875,1,1
10001,13306,3875,1,0
10002,13307,3875,1,1
10003,13309,3875,1,0
10004,13310,3875,1,1
10005,13311,3876,1,0
10006,13312,3876,1,0
10007,13314,3876,1,0
10008,13315,3876,1,0
10009,13316,3876,1,0
10010,13317,3876,1,0
10011,13318,3877,1,0
10012,13319,3877,1,0
10013,13321,3878,1,0
10014,13322,3878,1,0
10015,13323,3878,1,0
10016,13325,3878,1,1
10017,13329,3882,1,1
10018,13330,3882,1,0
10019,13331,3882,1,1
10020,13332,3882,1,0
10021,13334,3882,1,0
10022,13335,3883,1,1
10023,13336,3883,1,0
10024,13338,3883,1,0
10025,13339,3883,1,0
10026,13340,3883,1,0
10027,13341,3883,1,1
10028,13342,3884,1,0
10029,13343,3884,1,1
10030,13344,3885,1,1
10031,13345,3886,1,0
10032,13346,3886,1,0
10033,13347,3886,1,1
10034,13348,3886,1,1
10035,13351,3887,1,0
10036,13353,3889,1,0
10037,13355,3889,1,0
10038,13356,3889,1,1
10039,13357,3890,1,1
10040,13358,3891,1,1
10041,13359,3891,1,1
10042,13360,3891,1,0
10043,13361,3891,1,0
10044,13363,3892,1,0
10045,13364,3893,1,0
10046,13365,3893,1,0
10047,13366,3893,1,0
10048,13367,3893,1,1
10049,13368,3893,1,1
10050,13369,3893,1,0
10051,13370,3893,1,0
10052,13372,3894,1,0
10053,13373,3894,1,1
10054,13374,3895,1,0
10055,13375,3895,1,1
10056,13376,3895,1,0
10057,13377,3895,1,0
10058,13378,3895,1,0
10059,13379,3895,1,0
10060,13380,3896,1,0
10061,13381,3897,1,0
10062,13382,3897,1,0
10063,13383,3897,1,1
10064,13384,3897,1,0
10065,13385,3897,1,0
10066,13386,3897,1,1
10067,13387,3898,1,1
10068,13389,3900,1,0
10069,13390,3901,1,0
10070,13391,3902,1,0
10071,13392,3902,1,1
10072,13393,3902,1,0
10073,13394,3902,1,0
10074,13395,3903,1,1
10075,13396,3903,1,0
10076,13397,3903,1,1
10077,13398,3904,1,1
10078,13399,3904,1,0
10079,13400,3904,1,0
10080,13401,3904,1,0
10081,13402,3904,1,0
10082,13403,3904,1,0
10083,13404,3904,1,0
10084,13406,3905,1,1
10085,13407,3905,1,0
10086,13409,3906,1,0
10087,13410,3906,1,1
10088,13412,3906,1,1
10089,13414,3907,1,0
10090,13416,3907,1,1
10091,13417,3907,1,0
10092,13420,3908,1,1
10093,13422,3908,1,0
10094,13425,3909,1,0
10095,13426,3909,1,1
10096,13427,3909,1,0
10097,13430,3910,1,0
10098,13431,3910,1,1
10099,13432,3911,1,1
10100,13434,3911,1,0
10101,13435,3911,1,1
10102,13436,3911,1,1
10103,13439,3911,1,0
10104,13440,3912,1,0
10105,13442,3912,1,1
10106,13444,3912,1,0
10107,13445,3912,1,0
10108,13446,3913,1,1
10109,13447,3913,1,1
10110,13448,3913,1,0
10111,13449,3913,1,1
10112,13450,3913,1,1
10113,13452,3915,1,1
10114,13453,3915,1,0
10115,13455,3916,1,0
10116,13456,3916,1,0
10117,13457,3916,1,0
10118,13458,3916,1,0
10119,13459,3916,1,1
10120,13460,3916,1,0
10121,13461,3916,1,1
10122,13462,3917,1,1
10123,13463,3917,1,0
10124,13466,3917,1,1
10125,13467,3917,1,1
10126,13468,3918,1,0
10127,13469,3918,1,0
10128,13470,3918,1,1
10129,13471,3918,1,1
10130,13473,3919,1,0
10131,13474,3920,1,1
10132,13475,3920,1,0
10133,13476,3920,1,1
10134,13480,3922,1,1
10135,13481,3922,1,0
10136,13482,3923,1,0
10137,13483,3923,1,1
10138,13486,3924,1,1
10139,13487,3925,1,1
10140,13489,3926,1,0
10141,13491,3926,1,0
10142,13492,3926,1,0
10143,13496,3928,1,0
10144,13497,3930,1,0
10145,13498,3931,1,0
10146,13499,3932,1,0
10147,13503,3932,1,1
10148,13504,3932,1,1
10149,13505,3933,1,0
10150,13506,3937,1,0
10151,13508,3938,1,0
10152,13510,3938,1,0
10153,13511,3938,1,0
10154,13512,3938,1,1
10155,13513,3939,1,0
10156,13514,3939,1,0
10157,13516,3940,1,1
10158,13518,3940,1,0
10159,13519,3940,1,0
10160,13522,3941,1,0
10161,13523,3941,1,0
10162,13525,3941,1,0
10163,13526,3942,1,0
10164,13527,3942,1,0
10165,13528,3943,1,0
10166,13530,3943,1,0
10167,13531,3943,1,0
10168,13532,3943,1,0
10169,13534,3944,1,0
10170,13537,3944,1,0
10171,13538,3945,1,1
10172,13539,3946,1,0
10173,13542,3946,1,0
10174,13545,3947,1,0
10175,13546,3947,1,0
10176,13547,3947,1,0
10177,13548,3947,1,1
10178,13549,3948,1,1
10179,13550,3948,1,0
10180,13552,3948,1,1
10181,13553,3948,1,1
10182,13555,3950,1,0
10183,13556,3950,1,1
10184,13557,3950,1,0
10185,13559,3950,1,0
10186,13562,3951,1,0
10187,13565,3953,1,0
10188,13568,3953,1,1
10189,13569,3953,1,0
10190,13570,3953,1,0
10191,13571,3954,1,0
10192,13572,3954,1,1
10193,13573,3954,1,0
10194,13575,3954,1,0
10195,13576,3954,1,0
10196,13577,3955,1,0
10197,13578,3955,1,0
10198,13579,3955,1,1
10199,13580,3955,1,1
10200,13582,3956,1,1
10201,13583,3956,1,0
10202,13584,3956,1,0
10203,13585,3956,1,1
10204,13587,3957,1,1
10205,13588,3958,1,0
10206,13590,3960,1,1
10207,13591,3960,1,1
10208,13593,3960,1,1
10209,13594,3960,1,1
10210,13595,3961,1,0
10211,13597,3961,1,0
10212,13598,3961,1,1
10213,13599,3962,1,0
10214,13600,3963,1,0
10215,13601,3963,1,0
10216,13603,3963,1,1
10217,13606,3966,1,0
10218,13607,3966,1,1
10219,13608,3968,1,0
10220,13609,3969,1,1
10221,13610,3969,1,0
10222,13611,3969,1,1
10223,13612,3969,1,0
10224,13613,3970,1,1
10225,13615,3970,1,0
10226,13616,3970,1,0
10227,13617,3970,1,0
10228,13618,3970,1,0
10229,13619,3971,1,0
10230,13620,3971,1,0
10231,13621,3972,1,1
10232,13622,3972,1,1
10233,13623,3972,1,0
10234,13624,3972,1,1
10235,13626,3973,1,1
10236,13627,3974,1,0
10237,13628,3974,1,0
10238,13629,3974,1,0
10239,13630,3974,1,0
10240,13632,3974,1,0
10241,13633,3974,1,0
10242,13635,3975,1,0
10243,13637,3976,1,1
10244,13638,3976,1,0
10245,13640,3977,1,0
10246,13641,3978,1,0
10247,13642,3978,1,1
10248,13643,3978,1,0
10249,13644,3978,1,1
10250,13647,3979,1,0
10251,13648,3980,1,1
10252,13649,3980,1,0
10253,13650,3981,1,0
10254,13651,3981,1,0
10255,13652,3982,1,1
10256,13653,3982,1,1
10257,13654,3982,1,0
10258,13655,3982,1,0
10259,13656,3982,1,0
10260,13658,3982,1,0
10261,13660,3982,1,1
10262,13662,3984,1,0
10263,13664,3984,1,1
10264,13665,3984,1,0
10265,13666,3985,1,1
10266,13667,3985,1,1
10267,13668,3985,1,1
10268,13669,3986,1,0
10269,13670,3986,1,0
10270,13671,3986,1,0
10271,13673,3986,1,0
10272,13675,3988,1,1
10273,13676,3989,1,0
10274,13677,3990,1,1
10275,13678,3990,1,0
10276,13680,3990,1,0
10277,13681,3990,1,1
10278,13682,3990,1,0
10279,13683,3990,1,0
10280,13684,3992,1,1
10281,13685,3992,1,0
10282,13687,3993,1,1
10283,13688,3993,1,0
10284,13689,3993,1,0
10285,13691,3993,1,0
10286,13692,3994,1,0
10287,13693,3994,1,1
10288,13694,3994,1,1
10289,13695,3995,1,0
10290,13696,3995,1,0
10291,13697,3996,1,0
10292,13700,3997,1,1
10293,13702,3997,1,1
10294,13704,3998,1,0
10295,13705,3998,1,0
10296,13706,3999,1,0
10297,13707,3999,1,1
10298,13708,3999,1,0
10299,13710,4001,1,0
10300,13712,4001,1,0
10301,13713,4001,1,1
10302,13715,4002,1,1
10303,13717,4002,1,0
10304,13721,4002,1,1
10305,13724,4004,1,0
10306,13725,4005,1,0
10307,13727,4006,1,1
10308,13728,4006,1,0
10309,13730,4007,1,1
10310,13731,4008,1,0
10311,13732,4008,1,0
10312,13733,4008,1,1
10313,13735,4008,1,1
10314,13738,4008,1,1
10315,13739,4009,1,0
10316,13740,4009,1,1
10317,13742,4010,1,0
10318,13743,4010,1,1
10319,13745,4010,1,0
10320,13746,4010,1,1
10321,13747,4010,1,0
10322,13748,4010,1,0
10323,13749,4010,1,0
10324,13750,4011,1,0
10325,13751,4011,1,1
10326,13752,4011,1,0
10327,13753,4012,1,0
10328,13754,4012,1,0
10329,13755,4012,1,0
10330,13756,4012,1,0
10331,13758,4013,1,0
10332,13759,4013,1,0
10333,13760,4014,1,1
10334,13762,4015,1,0
10335,13763,4015,1,1
10336,13764,4015,1,1
10337,13768,4016,1,1
10338,13769,4016,1,0
10339,13770,4016,1,0
10340,13771,4016,1,1
10341,13772,4016,1,1
10342,13773,4016,1,1
10343,13774,4016,1,0
10344,13775,4018,1,0
10345,13776,4018,1,0
10346,13777,4019,1,0
10347,13779,4019,1,0
10348,13780,4019,1,1
10349,13781,4019,1,1
10350,13782,4019,1,0
10351,13783,4019,1,0
10352,13784,4019,1,0
10353,13786,4020,1,0
10354,13787,4020,1,0
10355,13788,4020,1,0
10356,13789,4020,1,0
10357,13790,4021,1,1
10358,13791,4022,1,1
10359,13792,4022,1,0
10360,13793,4022,1,0
10361,13795,4022,1,0
10362,13796,4022,1,1
10363,13798,4022,1,1
10364,13799,4023,1,0
10365,13800,4024,1,0
10366,13801,4025,1,0
10367,13802,4025,1,0
10368,13803,4026,1,0
10369,13804,4026,1,1
10370,13805,4027,1,0
10371,13806,4027,1,0
10372,13807,4027,1,0
10373,13808,4027,1,0
10374,13810,4028,1,0
10375,13811,4028,1,0
10376,13812,4029,1,1
10377,13813,4030,1,0
10378,13814,4030,1,1
10379,13815,4030,1,1
10380,13816,4030,1,0
10381,13817,4030,1,0
10382,13818,4030,1,0
10383,13819,4030,1,1
10384,13820,4030,1,1
10385,13821,4031,1,0
10386,13822,4032,1,0
10387,13823,4033,1,0
10388,13824,4033,1,0
10389,13826,4034,1,1
10390,13827,4035,1,0
10391,13828,4035,1,0
10392,13829,4035,1,0
10393,13830,4035,1,0
10394,13831,4035,1,1
10395,13834,4036,1,0
10396,13835,4037,1,0
10397,13836,4037,1,1
10398,13837,4037,1,0
10399,13838,4037,1,0
10400,13839,4038,1,0
10401,13840,4038,1,0
10402,13841,4039,1,0
10403,13842,4039,1,0
10404,13843,4040,1,0
10405,13844,4040,1,1
10406,13845,4040,1,1
10407,13846,4040,1,1
10408,13847,4040,1,0
10409,13848,4040,1,0
10410,13849,4040,1,1
10411,13850,4040,1,0
10412,13851,4041,1,0
10413,13852,4041,1,0
10414,13853,4042,1,1
10415,13854,4042,1,0
10416,13855,4043,1,0
10417,13858,4043,1,1
10418,13859,4043,1,0
10419,13860,4043,1,1
10420,13861,4043,1,0
10421,13862,4043,1,1
10422,13864,4044,1,0
10423,13867,4045,1,0
10424,13868,4045,1,0
10425,13869,4046,1,1
10426,13871,4046,1,1
10427,13874,4046,1,0
10428,13875,4046,1,0
10429,13876,4047,1,0
10430,13877,4047,1,0
10431,13878,4047,1,0
10432,13879,4047,1,0
10433,13880,4048,1,1
10434,13881,4048,1,0
10435,13883,4048,1,1
10436,13884,4049,1,0
10437,13885,4050,1,0
10438,13886,4050,1,0
10439,13888,4050,1,0
10440,13889,4051,1,0
10441,13890,4052,1,0
10442,13892,4053,1,0
10443,13893,4053,1,0
10444,13894,4053,1,1
10445,13897,4054,1,1
10446,13898,4054,1,0
10447,13899,4054,1,0
10448,13901,4055,1,0
10449,13902,4055,1,0
10450,13903,4055,1,0
10451,13904,4055,1,0
10452,13905,4055,1,1
10453,13906,4056,1,0
10454,13908,4057,1,0
10455,13909,4057,1,1
10456,13910,4057,1,1
10457,13911,4057,1,0
10458,13912,4058,1,0
10459,13913,4058,1,0
10460,13914,4059,1,0
10461,13915,4060,1,0
10462,13916,4060,1,0
10463,13918,4061,1,0
10464,13919,4061,1,0
10465,13920,4061,1,0
10466,13921,4061,1,0
10467,13922,4062,1,0
10468,13923,4062,1,0
10469,13924,4062,1,1
10470,13926,4063,1,0
10471,13927,4063,1,1
10472,13928,4064,1,1
10473,13929,4064,1,1
10474,13930,4064,1,0
10475,13931,4064,1,0
10476,13932,4064,1,0
10477,13933,4065,1,0
10478,13934,4065,1,1
10479,13935,4066,1,0
10480,13936,4066,1,0
10481,13938,4067,1,1
10482,13940,4067,1,0
10483,13941,4067,1,0
10484,13942,4068,1,1
10485,13943,4068,1,0
10486,13944,4069,1,1
10487,13945,4069,1,1
10488,13946,4069,1,1
10489,13948,4070,1,1
10490,13949,4070,1,0
10491,13950,4071,1,1
10492,13952,4071,1,0
10493,13953,4072,1,1
10494,13954,4072,1,0
10495,13955,4072,1,0
10496,13958,4074,1,1
10497,13959,4074,1,1
10498,13960,4074,1,0
10499,13961,4074,1,0
10500,13962,4074,1,0
10501,13964,4075,1,0
10502,13966,4076,1,0
10503,13968,4076,1,1
10504,13969,4076,1,0
10505,13970,4076,1,0
10506,13971,4077,1,0
10507,13972,4077,1,0
10508,13973,4077,1,0
10509,13974,4078,1,0
10510,13976,4079,1,1
10511,13977,4079,1,0
10512,13978,4080,1,0
10513,13979,4080,1,1
10514,13981,4082,1,0
10515,13982,4082,1,0
10516,13983,4082,1,0
10517,13984,4082,1,1
10518,13985,4082,1,0
10519,13986,4082,1,0
10520,13987,4082,1,0
10521,13989,4083,1,0
10522,13990,4083,1,1
10523,13992,4083,1,0
10524,13993,4083,1,1
10525,13994,4084,1,0
10526,13995,4084,1,1
10527,13997,4085,1,0
10528,14000,4086,1,0
10529,14001,4086,1,0
10530,14002,4087,1,0
10531,14004,4088,1,1
10532,14006,4089,1,0
10533,14010,4089,1,0
10534,14011,4090,1,0
10535,14012,4091,1,0
10536,14013,4091,1,1
10537,14014,4091,1,0
10538,14015,4092,1,1
10539,14016,4092,1,0
10540,14017,4092,1,0
10541,14018,4092,1,1
10542,14019,4092,1,0
10543,14020,4092,1,0
10544,14022,4093,1,0
10545,14023,4093,1,1
10546,14024,4093,1,1
10547,14025,4094,1,0
10548,14026,4094,1,1
10549,14027,4094,1,0
10550,14028,4094,1,0
10551,14032,4094,1,0
10552,14033,4094,1,1
10553,14034,4095,1,1
10554,14035,4095,1,1
10555,14036,4095,1,0
10556,14037,4095,1,1
10557,14038,4096,1,0
10558,14039,4096,1,1
10559,14040,4096,1,0
10560,14041,4096,1,1
10561,14042,4097,1,0
10562,14043,4098,1,0
10563,14044,4099,1,1
10564,14045,4100,1,1
10565,14046,4100,1,1
10566,14049,4101,1,1
10567,14051,4101,1,0
10568,14052,4101,1,0
10569,14053,4101,1,0
10570,14054,4101,1,1
10571,14055,4102,1,0
10572,14056,4102,1,0
10573,14057,4102,1,0
10574,14058,4102,1,0
10575,14059,4103,1,0
10576,14060,4104,1,0
10577,14061,4104,1,0
10578,14062,4104,1,1
10579,14065,4105,1,0
10580,14066,4107,1,0
10581,14067,4107,1,1
10582,14068,4107,1,0
10583,14070,4107,1,1
10584,14071,4107,1,0
10585,14073,4108,1,0
10586,14074,4108,1,1
10587,14075,4108,1,0
10588,14076,4108,1,1
10589,14078,4112,1,0
10590,14079,4112,1,0
10591,14080,4112,1,0
10592,14081,4112,1,0
10593,14082,4113,1,0
10594,14083,4113,1,1
10595,14084,4113,1,0
10596,14085,4113,1,0
10597,14086,4113,1,0
10598,14088,4113,1,1
10599,14089,4114,1,0
10600,14091,4115,1,1
10601,14092,4115,1,0
10602,14093,4115,1,0
10603,14094,4115,1,0
10604,14096,4116,1,1
10605,14097,4117,1,0
10606,14098,4117,1,1
10607,14101,4118,1,0
10608,14102,4118,1,0
10609,14104,4118,1,1
10610,14105,4118,1,0
10611,14108,4118,1,1
10612,14109,4119,1,0
10613,14110,4119,1,0
10614,14111,4119,1,0
10615,14112,4119,1,0
10616,14113,4119,1,1
10617,14114,4120,1,1
10618,14116,4120,1,0
10619,14117,4121,1,0
10620,14118,4121,1,0
10621,14120,4121,1,1
10622,14121,4121,1,0
10623,14122,4121,1,1
10624,14126,4124,1,0
10625,14127,4124,1,0
10626,14128,4125,1,0
10627,14129,4125,1,1
10628,14130,4126,1,1
10629,14131,4126,1,0
10630,14132,4127,1,1
10631,14134,4128,1,0
10632,14135,4128,1,0
10633,14136,4128,1,0
10634,14138,4129,1,0
10635,14139,4129,1,0
10636,14140,4129,1,0
10637,14141,4129,1,0
10638,14142,4130,1,0
10639,14143,4130,1,0
10640,14149,4133,1,0
10641,14151,4134,1,1
10642,14153,4134,1,0
10643,14154,4134,1,0
10644,14155,4134,1,0
10645,14157,4135,1,1
10646,14159,4135,1,1
10647,14160,4135,1,1
10648,14162,4136,1,0
10649,14163,4136,1,0
10650,14165,4137,1,0
10651,14168,4137,1,1
10652,14169,4138,1,0
10653,14170,4138,1,0
10654,14171,4138,1,1
10655,14172,4138,1,0
10656,14174,4139,1,1
10657,14175,4141,1,0
10658,14177,4141,1,0
10659,14178,4142,1,1
10660,14179,4143,1,0
10661,14180,4143,1,1
10662,14181,4143,1,0
10663,14183,4144,1,0
10664,14184,4145,1,0
10665,14185,4145,1,0
10666,14186,4145,1,0
10667,14187,4145,1,0
10668,14188,4145,1,0
10669,14189,4146,1,0
10670,14190,4146,1,0
10671,14191,4147,1,0
10672,14192,4147,1,0
10673,14194,4148,1,0
10674,14195,4148,1,1
10675,14197,4149,1,1
10676,14201,4149,1,1
10677,14202,4149,1,0
10678,14204,4149,1,0
10679,14205,4150,1,0
10680,14206,4150,1,0
10681,14207,4150,1,0
10682,14210,4150,1,0
10683,14212,4151,1,1
10684,14213,4151,1,1
10685,14214,4151,1,1
10686,14215,4154,1,1
10687,14216,4154,1,1
10688,14217,4155,1,1
10689,14218,4155,1,1
10690,14219,4155,1,1
10691,14220,4156,1,0
10692,14221,4157,1,0
10693,14222,4157,1,1
10694,14223,4157,1,0
10695,14224,4157,1,1
10696,14225,4158,1,0
10697,14226,4159,1,0
10698,14227,4159,1,0
10699,14228,4159,1,0
10700,14229,4159,1,0
10701,14230,4159,1,0
10702,14232,4160,1,0
10703,14233,4161,1,0
10704,14234,4161,1,0
10705,14236,4161,1,1
10706,14237,4161,1,0
10707,14238,4162,1,1
10708,14239,4162,1,1
10709,14240,4163,1,1
10710,14242,4163,1,1
10711,14243,4163,1,1
10712,14244,4163,1,0
10713,14245,4164,1,0
10714,14246,4164,1,0
10715,14247,4164,1,0
10716,14250,4164,1,1
10717,14251,4165,1,0
10718,14253,4165,1,1
10719,14254,4165,1,1
10720,14255,4165,1,0
10721,14256,4165,1,1
10722,14258,4166,1,0
10723,14259,4166,1,0
10724,14260,4166,1,0
10725,14261,4167,1,0
10726,14265,4168,1,0
10727,14266,4168,1,1
10728,14267,4168,1,1
10729,14269,4169,1,1
10730,14270,4169,1,1
10731,14271,4170,1,1
10732,14272,4170,1,1
10733,14274,4170,1,1
10734,14275,4171,1,0
10735,14276,4171,1,0
10736,14277,4171,1,1
10737,14278,4171,1,1
10738,14279,4171,1,0
10739,14281,4172,1,1
10740,14282,4172,1,1
10741,14283,4172,1,0
10742,14284,4172,1,0
10743,14286,4172,1,0
10744,14288,4172,1,1
10745,14289,4172,1,1
10746,14292,4173,1,1
10747,14293,4173,1,0
10748,14294,4173,1,0
10749,14295,4173,1,0
10750,14297,4174,1,0
10751,14298,4174,1,1
10752,14300,4175,1,1
10753,14301,4175,1,0
10754,14303,4177,1,0
10755,14304,4177,1,0
10756,14306,4179,1,0
10757,14307,4179,1,0
10758,14308,4179,1,0
10759,14309,4181,1,0
10760,14311,4181,1,0
10761,14314,4182,1,0
10762,14316,4183,1,0
10763,14318,4183,1,0
10764,14319,4183,1,1
10765,14320,4184,1,0
10766,14321,4186,1,0
10767,14323,4186,1,0
10768,14324,4186,1,0
10769,14326,4187,1,0
10770,14327,4187,1,1
10771,14328,4187,1,1
10772,14329,4187,1,1
10773,14330,4188,1,1
10774,14331,4188,1,0
10775,14332,4189,1,1
10776,14333,4189,1,0
10777,14334,4190,1,1
10778,14336,4190,1,1
10779,14338,4190,1,1
10780,14340,4191,1,0
10781,14341,4191,1,1
10782,14342,4191,1,0
10783,14343,4192,1,1
10784,14347,4193,1,1
10785,14348,4193,1,1
10786,14350,4193,1,1
10787,14351,4193,1,0
10788,14352,4194,1,0
10789,14356,4196,1,1
10790,14357,4197,1,1
10791,14358,4197,1,1
10792,14359,4197,1,0
10793,14360,4197,1,0
10794,14361,4197,1,0
10795,14364,4198,1,0
10796,14365,4198,1,0
10797,14366,4198,1,1
10798,14367,4199,1,0
10799,14370,4199,1,0
10800,14371,4199,1,1
10801,14372,4199,1,1
10802,14373,4199,1,1
10803,14375,4200,1,1
10804,14376,4200,1,0
10805,14377,4201,1,0
10806,14378,4201,1,1
10807,14379,4201,1,0
10808,14381,4202,1,0
10809,14382,4202,1,1
10810,14383,4202,1,1
10811,14384,4202,1,0
10812,14389,4205,1,1
10813,14390,4206,1,0
10814,14391,4206,1,1
10815,14392,4206,1,0
10816,14393,4207,1,0
10817,14395,4207,1,1
10818,14396,4207,1,0
10819,14397,4207,1,0
10820,14401,4208,1,0
10821,14402,4209,1,0
10822,14405,4209,1,0
10823,14406,4209,1,0
10824,14408,4210,1,0
10825,14411,4213,1,0
10826,14412,4213,1,0
10827,14415,4215,1,0
10828,14416,4215,1,0
10829,14418,4216,1,0
10830,14419,4216,1,0
10831,14420,4217,1,1
10832,14421,4218,1,0
10833,14422,4220,1,0
10834,14424,4220,1,0
10835,14425,4221,1,1
10836,14426,4221,1,1
10837,14427,4221,1,0
10838,14428,4221,1,1
10839,14429,4222,1,0
10840,14430,4222,1,0
10841,14431,4222,1,0
10842,14432,4222,1,0
10843,14433,4222,1,0
10844,14434,4222,1,0
10845,14435,4222,1,1
10846,14438,4224,1,0
10847,14439,4224,1,1
10848,14440,4224,1,0
10849,14442,4224,1,1
10850,14443,4225,1,0
10851,14444,4225,1,1
10852,14445,4225,1,0
10853,14446,4225,1,1
10854,14450,4226,1,0
10855,14452,4226,1,0
10856,14454,4227,1,0
10857,14455,4227,1,0
10858,14456,4227,1,0
10859,14457,4227,1,1
10860,14458,4227,1,0
10861,14460,4229,1,0
10862,14461,4229,1,0
10863,14462,4229,1,0
10864,14463,4230,1,1
10865,14464,4231,1,1
10866,14465,4231,1,0
10867,14467,4231,1,1
10868,14468,4231,1,0
10869,14469,4231,1,0
10870,14470,4231,1,1
10871,14471,4231,1,1
10872,14472,4232,1,0
10873,14473,4232,1,0
10874,14475,4233,1,0
10875,14476,4234,1,0
10876,14477,4234,1,0
10877,14479,4235,1,0
10878,14480,4236,1,1
10879,14481,4236,1,1
10880,14482,4237,1,0
10881,14483,4237,1,0
10882,14484,4237,1,1
10883,14485,4238,1,1
10884,14486,4238,1,0
10885,14487,4238,1,0
10886,14488,4238,1,0
10887,14489,4238,1,1
10888,14490,4238,1,0
10889,14492,4239,1,1
10890,14494,4239,1,0
10891,14495,4239,1,0
10892,14496,4239,1,1
10893,14497,4240,1,0
10894,14500,4240,1,0
10895,14501,4240,1,1
10896,14502,4241,1,0
10897,14503,4242,1,0
10898,14505,4243,1,0
10899,14506,4243,1,0
10900,14507,4243,1,0
10901,14508,4243,1,1
10902,14509,4243,1,0
10903,14512,4244,1,0
10904,14513,4244,1,0
10905,14514,4244,1,0
10906,14515,4244,1,0
10907,14517,4247,1,0
10908,14518,4247,1,0
10909,14521,4247,1,0
10910,14522,4247,1,0
10911,14524,4248,1,1
10912,14525,4248,1,1
10913,14526,4249,1,0
10914,14528,4249,1,0
10915,14529,4249,1,0
10916,14530,4249,1,0
10917,14532,4250,1,0
10918,14533,4252,1,1
10919,14534,4252,1,0
10920,14535,4252,1,0
10921,14536,4252,1,1
10922,14538,4253,1,0
10923,14539,4253,1,0
10924,14540,4253,1,0
10925,14541,4254,1,0
10926,14542,4254,1,1
10927,14543,4254,1,1
10928,14544,4254,1,1
10929,14545,4254,1,1
10930,14546,4254,1,0
10931,14547,4254,1,0
10932,14548,4255,1,0
10933,14549,4255,1,0
10934,14550,4256,1,0
10935,14551,4256,1,0
10936,14552,4256,1,1
10937,14553,4256,1,0
10938,14554,4256,1,0
10939,14555,4257,1,1
10940,14556,4257,1,1
10941,14557,4257,1,0
10942,14558,4257,1,1
10943,14559,4257,1,0
10944,14560,4258,1,1
10945,14561,4258,1,1
10946,14564,4259,1,1
10947,14565,4259,1,0
10948,14566,4259,1,1
10949,14567,4260,1,1
10950,14568,4260,1,1
10951,14569,4260,1,0
10952,14570,4260,1,0
10953,14571,4260,1,1
10954,14572,4260,1,1
10955,14574,4261,1,0
10956,14575,4261,1,1
10957,14576,4261,1,0
10958,14577,4262,1,0
10959,14578,4262,1,0
10960,14579,4262,1,1
10961,14580,4262,1,0
10962,14581,4262,1,0
10963,14582,4263,1,0
10964,14583,4263,1,0
10965,14584,4264,1,0
10966,14585,4264,1,0
10967,14586,4264,1,1
10968,14588,4264,1,0
10969,14591,4265,1,1
10970,14593,4266,1,0
10971,14594,4267,1,1
10972,14595,4267,1,0
10973,14596,4267,1,0
10974,14597,4267,1,0
10975,14598,4267,1,0
10976,14599,4267,1,0
10977,14600,4267,1,0
10978,14601,4267,1,0
10979,14602,4268,1,0
10980,14603,4268,1,0
10981,14605,4269,1,1
10982,14606,4269,1,0
10983,14607,4269,1,0
10984,14608,4269,1,0
10985,14609,4269,1,0
10986,14610,4269,1,0
10987,14611,4269,1,1
10988,14612,4269,1,1
10989,14613,4270,1,1
10990,14614,4270,1,0
10991,14615,4270,1,0
10992,14616,4270,1,0
10993,14617,4270,1,1
10994,14618,4270,1,0
10995,14620,4271,1,0
10996,14621,4271,1,0
10997,14622,4271,1,1
10998,14625,4273,1,0
10999,14626,4273,1,0
11000,14627,4273,1,0
11001,14628,4273,1,1
11002,14629,4273,1,0
11003,14630,4273,1,1
11004,14631,4273,1,0
11005,14633,4275,1,0
11006,14635,4277,1,0
11007,14637,4277,1,0
11008,14639,4278,1,1
11009,14640,4278,1,0
11010,14641,4279,1,0
11011,14642,4279,1,0
11012,14644,4280,1,1
11013,14646,4281,1,0
11014,14648,4281,1,0
11015,14649,4281,1,1
11016,14650,4281,1,0
11017,14652,4281,1,0
11018,14653,4281,1,1
11019,14654,4281,1,0
11020,14655,4281,1,0
11021,14656,4282,1,1
11022,14657,4282,1,1
11023,14658,4283,1,1
11024,14660,4283,1,0
11025,14661,4284,1,0
11026,14662,4284,1,0
11027,14663,4284,1,0
11028,14664,4284,1,0
11029,14666,4286,1,0
11030,14667,4286,1,0
11031,14668,4286,1,1
11032,14669,4286,1,0
11033,14670,4286,1,0
11034,14671,4287,1,1
11035,14672,4288,1,0
11036,14673,4288,1,0
11037,14674,4289,1,1
11038,14675,4290,1,0
11039,14676,4291,1,0
11040,14677,4291,1,0
11041,14679,4291,1,0
11042,14680,4291,1,1
11043,14684,4293,1,1
11044,14686,4293,1,1
11045,14687,4293,1,0
11046,14688,4293,1,1
11047,14689,4293,1,1
11048,14691,4294,1,0
11049,14693,4294,1,0
11050,14694,4295,1,0
11051,14696,4295,1,0
11052,14699,4296,1,0
11053,14701,4298,1,0
11054,14702,4298,1,0
11055,14703,4298,1,0
11056,14704,4298,1,0
11057,14705,4299,1,1
11058,14706,4300,1,0
11059,14707,4300,1,1
11060,14708,4300,1,1
11061,14709,4300,1,0
11062,14710,4300,1,1
11063,14712,4300,1,1
11064,14713,4300,1,0
11065,14714,4301,1,0
11066,14716,4301,1,0
11067,14717,4301,1,0
11068,14720,4302,1,0
11069,14721,4302,1,1
11070,14722,4302,1,1
11071,14723,4302,1,1
11072,14724,4302,1,0
11073,14725,4302,1,0
11074,14726,4302,1,0
11075,14727,4302,1,0
11076,14728,4302,1,1
11077,14729,4303,1,0
11078,14731,4303,1,1
11079,14733,4304,1,1
11080,14734,4304,1,0
11081,14735,4304,1,0
11082,14736,4305,1,0
11083,14737,4305,1,0
11084,14739,4305,1,0
11085,14740,4307,1,1
11086,14743,4308,1,1
11087,14744,4308,1,0
11088,14745,4308,1,0
11089,14746,4308,1,1
11090,14747,4308,1,1
11091,14748,4309,1,1
11092,14749,4309,1,0
11093,14750,4310,1,1
11094,14751,4310,1,1
11095,14752,4311,1,0
11096,14753,4312,1,0
11097,14755,4312,1,0
11098,14756,4312,1,0
11099,14757,4312,1,0
11100,14760,4312,1,1
11101,14762,4313,1,0
11102,14763,4313,1,0
11103,14764,4313,1,0
11104,14765,4313,1,1
11105,14766,4313,1,1
11106,14767,4314,1,0
11107,14768,4314,1,1
11108,14769,4314,1,0
11109,14771,4315,1,0
11110,14772,4315,1,0
11111,14773,4315,1,0
11112,14774,4316,1,1
11113,14775,4317,1,1
11114,14780,4318,1,0
11115,14781,4318,1,0
11116,14782,4318,1,1
11117,14783,4318,1,0
11118,14784,4318,1,0
11119,14785,4319,1,0
11120,14788,4319,1,0
11121,14789,4319,1,0
11122,14790,4319,1,0
11123,14791,4319,1,1
11124,14794,4320,1,0
11125,14796,4320,1,1
11126,14797,4320,1,1
11127,14798,4320,1,0
11128,14799,4320,1,0
11129,14802,4321,1,0
11130,14803,4321,1,1
11131,14804,4321,1,1
11132,14806,4322,1,0
11133,14807,4322,1,0
11134,14808,4323,1,0
11135,14810,4323,1,1
11136,14811,4323,1,0
11137,14812,4323,1,0
11138,14813,4323,1,0
11139,14814,4324,1,0
11140,14815,4324,1,1
11141,14817,4325,1,1
11142,14818,4326,1,0
11143,14819,4326,1,1
11144,14820,4326,1,0
11145,14823,4327,1,0
11146,14824,4327,1,1
11147,14825,4327,1,0
11148,14826,4328,1,0
11149,14827,4328,1,0
11150,14828,4328,1,1
11151,14829,4328,1,1
11152,14831,4328,1,0
11153,14832,4328,1,1
11154,14833,4328,1,0
11155,14834,4328,1,1
11156,14835,4329,1,0
11157,14837,4330,1,0
11158,14838,4330,1,0
11159,14839,4330,1,1
11160,14840,4330,1,0
11161,14841,4331,1,0
11162,14842,4331,1,1
11163,14844,4332,1,0
11164,14845,4332,1,0
11165,14846,4332,1,0
11166,14847,4332,1,0
11167,14850,4333,1,1
11168,14851,4333,1,0
11169,14852,4334,1,0
11170,14853,4334,1,1
11171,14854,4335,1,1
11172,14855,4335,1,0
11173,14856,4337,1,1
11174,14858,4338,1,0
11175,14861,4339,1,0
11176,14863,4339,1,0
11177,14864,4339,1,1
11178,14865,4339,1,0
11179,14866,4340,1,0
11180,14867,4340,1,0
11181,14868,4340,1,1
11182,14873,4341,1,0
11183,14874,4342,1,0
11184,14877,4342,1,1
11185,14878,4343,1,0
11186,14879,4343,1,0
11187,14882,4343,1,1
11188,14884,4344,1,0
11189,14885,4346,1,1
11190,14886,4346,1,0
11191,14889,4348,1,0
11192,14890,4348,1,0
11193,14892,4348,1,0
11194,14893,4348,1,0
11195,14894,4349,1,0
11196,14896,4349,1,0
11197,14900,4350,1,0
11198,14901,4351,1,0
11199,14902,4351,1,1
11200,14903,4351,1,0
11201,14904,4351,1,0
11202,14905,4352,1,1
11203,14906,4352,1,1
11204,14907,4353,1,1
11205,14908,4353,1,0
11206,14909,4353,1,0
11207,14910,4353,1,0
11208,14912,4353,1,0
11209,14913,4353,1,0
11210,14914,4354,1,0
11211,14915,4354,1,0
11212,14916,4354,1,0
11213,14917,4355,1,1
11214,14918,4355,1,1
11215,14920,4355,1,1
11216,14921,4355,1,0
11217,14922,4356,1,1
11218,14923,4357,1,0
11219,14924,4357,1,0
11220,14925,4357,1,0
11221,14927,4357,1,0
11222,14928,4358,1,0
11223,14929,4358,1,0
11224,14930,4358,1,0
11225,14931,4358,1,0
11226,14932,4359,1,0
11227,14933,4359,1,1
11228,14934,4359,1,0
11229,14935,4360,1,1
11230,14936,4360,1,1
11231,14938,4361,1,0
11232,14939,4361,1,1
11233,14940,4361,1,1
11234,14941,4361,1,0
11235,14942,4361,1,0
11236,14943,4361,1,0
11237,14944,4362,1,0
11238,14945,4362,1,0
11239,14948,4363,1,0
11240,14949,4363,1,0
11241,14954,4365,1,0
11242,14955,4365,1,0
11243,14956,4366,1,0
11244,14957,4366,1,0
11245,14958,4366,1,0
11246,14959,4366,1,0
11247,14960,4366,1,0
11248,14961,4366,1,1
11249,14962,4367,1,0
11250,14964,4367,1,1
11251,14965,4367,1,0
11252,14967,4367,1,0
11253,14968,4368,1,1
11254,14969,4368,1,0
11255,14970,4369,1,0
11256,14971,4369,1,0
11257,14974,4370,1,1
11258,14975,4370,1,1
11259,14976,4370,1,1
11260,14977,4370,1,1
11261,14978,4370,1,0
11262,14979,4371,1,0
11263,14980,4371,1,1
11264,14981,4371,1,0
11265,14982,4371,1,1
11266,14983,4371,1,0
11267,14984,4373,1,0
11268,14985,4373,1,0
11269,14987,4373,1,0
11270,14988,4373,1,1
11271,14989,4374,1,0
11272,14990,4375,1,0
11273,14991,4376,1,1
11274,14992,4378,1,1
11275,14994,4378,1,0
11276,14996,4378,1,1
11277,14997,4378,1,0
11278,14998,4378,1,0
11279,15000,4378,1,0
11280,15001,4379,1,1
11281,15004,4380,1,1
11282,15005,4380,1,1
11283,15007,4380,1,1
11284,15009,4381,1,1
11285,15010,4381,1,0
11286,15011,4381,1,0
11287,15012,4381,1,0
11288,15013,4381,1,1
11289,15014,4381,1,1
11290,15016,4381,1,0
11291,15017,4382,1,1
11292,15018,4382,1,1
11293,15019,4382,1,0
11294,15020,4382,1,0
11295,15021,4382,1,0
11296,15022,4382,1,0
11297,15023,4382,1,0
11298,15024,4383,1,0
11299,15025,4383,1,0
11300,15026,4383,1,0
11301,15027,4383,1,1
11302,15028,4383,1,0
11303,15029,4383,1,1
11304,15030,4383,1,0
11305,15031,4384,1,1
11306,15032,4384,1,0
11307,15033,4385,1,0
11308,15034,4386,1,0
11309,15035,4386,1,0
11310,15036,4386,1,1
11311,15039,4387,1,0
11312,15042,4390,1,0
11313,15043,4391,1,0
11314,15044,4391,1,0
11315,15046,4391,1,1
11316,15048,4392,1,0
11317,15049,4392,1,1
11318,15052,4393,1,0
11319,15053,4393,1,0
11320,15054,4393,1,0
11321,15056,4393,1,0
11322,15057,4394,1,0
11323,15058,4394,1,0
11324,15060,4395,1,0
11325,15064,4397,1,1
11326,15065,4397,1,0
11327,15066,4397,1,1
11328,15067,4397,1,1
11329,15068,4397,1,0
11330,15069,4398,1,1
11331,15070,4398,1,1
11332,15071,4398,1,1
11333,15072,4398,1,1
11334,15074,4399,1,0
11335,15075,4399,1,0
11336,15076,4399,1,0
11337,15078,4400,1,0
11338,15079,4400,1,1
11339,15080,4400,1,1
11340,15082,4400,1,1
11341,15084,4401,1,0
11342,15085,4401,1,1
11343,15086,4402,1,1
11344,15088,4402,1,0
11345,15089,4402,1,1
11346,15090,4403,1,1
11347,15091,4403,1,0
11348,15093,4404,1,1
11349,15094,4404,1,0
11350,15095,4407,1,1
11351,15096,4408,1,1
11352,15097,4408,1,1
11353,15098,4408,1,0
11354,15099,4408,1,1
11355,15100,4408,1,0
11356,15101,4408,1,0
11357,15102,4408,1,0
11358,15103,4409,1,0
11359,15104,4409,1,0
11360,15105,4410,1,0
11361,15106,4411,1,1
11362,15107,4411,1,0
11363,15108,4411,1,0
11364,15109,4412,1,1
11365,15110,4413,1,0
11366,15113,4416,1,0
11367,15114,4416,1,0
11368,15115,4416,1,0
11369,15117,4417,1,0
11370,15118,4417,1,1
11371,15119,4417,1,0
11372,15120,4417,1,0
11373,15121,4418,1,1
11374,15122,4418,1,1
11375,15123,4419,1,0
11376,15124,4420,1,0
11377,15125,4420,1,0
11378,15126,4421,1,1
11379,15127,4421,1,0
11380,15128,4421,1,0
11381,15129,4421,1,1
11382,15130,4421,1,0
11383,15131,4421,1,0
11384,15132,4422,1,0
11385,15133,4422,1,0
11386,15134,4422,1,1
11387,15136,4422,1,0
11388,15138,4423,1,0
11389,15139,4423,1,0
11390,15140,4424,1,0
11391,15141,4424,1,0
11392,15142,4424,1,1
11393,15143,4425,1,0
11394,15145,4426,1,1
11395,15147,4426,1,0
11396,15148,4426,1,1
11397,15151,4427,1,0
11398,15152,4427,1,0
11399,15154,4428,1,0
11400,15155,4429,1,0
11401,15156,4429,1,1
11402,15157,4430,1,0
11403,15158,4430,1,0
11404,15159,4430,1,0
11405,15160,4430,1,0
11406,15161,4430,1,1
11407,15162,4431,1,0
11408,15165,4431,1,0
11409,15167,4431,1,1
11410,15168,4431,1,0
11411,15169,4431,1,0
11412,15171,4432,1,0
11413,15174,4433,1,0
11414,15175,4433,1,1
11415,15176,4433,1,1
11416,15177,4433,1,1
11417,15179,4434,1,1
11418,15180,4434,1,0
11419,15181,4434,1,0
11420,15182,4435,1,0
11421,15183,4435,1,1
11422,15184,4435,1,1
11423,15185,4435,1,1
11424,15186,4436,1,1
11425,15187,4436,1,1
11426,15188,4436,1,1
11427,15189,4436,1,0
11428,15190,4437,1,1
11429,15191,4437,1,1
11430,15192,4438,1,0
11431,15193,4438,1,1
11432,15194,4438,1,1
11433,15195,4439,1,1
11434,15196,4442,1,1
11435,15197,4443,1,0
11436,15198,4443,1,1
11437,15199,4443,1,1
11438,15200,4443,1,1
11439,15201,4444,1,0
11440,15202,4444,1,0
11441,15204,4444,1,1
11442,15206,4444,1,0
11443,15207,4445,1,0
11444,15208,4445,1,0
11445,15210,4446,1,0
11446,15211,4446,1,1
11447,15212,4446,1,0
11448,15213,4446,1,0
11449,15214,4446,1,1
11450,15215,4447,1,0
11451,15216,4447,1,1
11452,15217,4447,1,0
11453,15218,4447,1,0
11454,15219,4447,1,0
11455,15221,4447,1,0
11456,15222,4447,1,0
11457,15224,4448,1,0
11458,15225,4449,1,1
11459,15228,4449,1,0
11460,15229,4450,1,0
11461,15230,4450,1,1
11462,15231,4450,1,1
11463,15232,4450,1,0
11464,15233,4450,1,0
11465,15234,4450,1,0
11466,15235,4450,1,0
11467,15236,4450,1,0
11468,15238,4451,1,1
11469,15239,4451,1,0
11470,15240,4452,1,0
11471,15241,4452,1,0
11472,15242,4452,1,0
11473,15243,4452,1,0
11474,15244,4453,1,1
11475,15245,4453,1,0
11476,15246,4453,1,0
11477,15247,4453,1,1
11478,15248,4454,1,0
11479,15249,4454,1,0
11480,15250,4454,1,0
11481,15252,4454,1,1
11482,15254,4455,1,0
11483,15256,4456,1,1
11484,15258,4456,1,1
11485,15260,4456,1,0
11486,15261,4457,1,1
11487,15263,4458,1,0
11488,15264,4458,1,1
11489,15267,4459,1,0
11490,15268,4459,1,0
11491,15270,4459,1,0
11492,15271,4459,1,1
11493,15272,4460,1,0
11494,15273,4460,1,0
11495,15274,4461,1,1
11496,15275,4461,1,1
11497,15276,4461,1,0
11498,15277,4461,1,0
11499,15278,4462,1,1
11500,15279,4462,1,0
11501,15284,4463,1,0
11502,15285,4463,1,0
11503,15286,4463,1,0
11504,15287,4463,1,0
11505,15288,4463,1,1
11506,15289,4465,1,0
11507,15290,4465,1,0
11508,15291,4465,1,1
11509,15292,4465,1,0
11510,15293,4466,1,0
11511,15294,4467,1,0
11512,15296,4468,1,0
11513,15297,4468,1,0
11514,15301,4469,1,0
11515,15302,4469,1,0
11516,15303,4469,1,0
11517,15304,4469,1,1
11518,15305,4469,1,0
11519,15306,4469,1,0
11520,15307,4469,1,0
11521,15310,4471,1,0
11522,15312,4471,1,1
11523,15313,4471,1,1
11524,15314,4472,1,0
11525,15315,4472,1,1
11526,15316,4472,1,1
11527,15318,4473,1,0
11528,15319,4473,1,1
11529,15320,4473,1,0
11530,15322,4473,1,1
11531,15323,4473,1,1
11532,15324,4474,1,0
11533,15325,4474,1,0
11534,15326,4474,1,1
11535,15327,4474,1,0
11536,15329,4474,1,0
11537,15331,4475,1,1
11538,15332,4475,1,0
11539,15333,4475,1,0
11540,15334,4476,1,0
11541,15336,4476,1,0
11542,15337,4476,1,1
11543,15338,4476,1,0
11544,15339,4476,1,0
11545,15344,4477,1,1
11546,15345,4478,1,1
11547,15346,4479,1,1
11548,15347,4479,1,1
11549,15348,4479,1,1
11550,15349,4479,1,0
11551,15350,4479,1,1
11552,15351,4479,1,0
11553,15352,4479,1,1
11554,15353,4480,1,0
11555,15354,4480,1,1
11556,15355,4480,1,0
11557,15356,4481,1,1
11558,15358,4481,1,1
11559,15359,4481,1,0
11560,15360,4481,1,1
11561,15361,4482,1,1
11562,15365,4483,1,0
11563,15367,4483,1,0
11564,15368,4484,1,1
11565,15369,4484,1,0
11566,15370,4484,1,0
11567,15371,4484,1,0
11568,15372,4484,1,0
11569,15373,4485,1,1
11570,15374,4485,1,0
11571,15375,4486,1,1
11572,15376,4486,1,0
11573,15377,4486,1,0
11574,15378,4486,1,0
11575,15379,4487,1,1
11576,15380,4488,1,0
11577,15381,4488,1,0
11578,15382,4488,1,0
11579,15383,4488,1,1
11580,15384,4489,1,0
11581,15387,4490,1,0
11582,15388,4491,1,0
11583,15389,4491,1,1
11584,15390,4491,1,0
11585,15391,4492,1,1
11586,15392,4492,1,0
11587,15393,4492,1,0
11588,15394,4492,1,1
11589,15397,4492,1,0
11590,15399,4493,1,0
11591,15400,4493,1,0
11592,15401,4493,1,0
11593,15404,4494,1,0
11594,15405,4494,1,0
11595,15406,4494,1,1
11596,15407,4494,1,0
11597,15408,4494,1,0
11598,15410,4494,1,1
11599,15411,4495,1,0
11600,15412,4495,1,0
11601,15414,4495,1,0
11602,15415,4495,1,0
11603,15417,4496,1,1
11604,15418,4496,1,0
11605,15419,4497,1,1
11606,15422,4498,1,0
11607,15424,4498,1,0
11608,15425,4498,1,1
11609,15426,4498,1,1
11610,15427,4498,1,0
11611,15429,4498,1,0
11612,15431,4499,1,0
11613,15432,4499,1,0
11614,15434,4499,1,0
11615,15435,4499,1,0
11616,15436,4499,1,1
11617,15437,4500,1,1
11618,15438,4500,1,1
11619,15439,4500,1,0
11620,15441,4500,1,1
11621,15442,4501,1,0
11622,15443,4501,1,0
11623,15444,4501,1,0
11624,15447,4501,1,0
11625,15448,4502,1,0
11626,15449,4502,1,1
11627,15450,4502,1,1
11628,15451,4502,1,0
11629,15454,4502,1,1
11630,15455,4504,1,1
11631,15456,4504,1,0
11632,15457,4504,1,1
11633,15458,4504,1,0
11634,15459,4504,1,0
11635,15462,4505,1,1
11636,15464,4506,1,0
11637,15465,4506,1,1
11638,15466,4507,1,1
11639,15467,4508,1,0
11640,15468,4509,1,1
11641,15469,4509,1,0
11642,15470,4509,1,0
11643,15471,4509,1,0
11644,15472,4509,1,1
11645,15473,4509,1,0
11646,15474,4509,1,0
11647,15475,4509,1,0
11648,15476,4510,1,1
11649,15479,4510,1,1
11650,15481,4511,1,1
11651,15482,4511,1,0
11652,15484,4511,1,0
11653,15485,4512,1,0
11654,15486,4513,1,0
11655,15489,4513,1,0
11656,15490,4513,1,0
11657,15491,4513,1,1
11658,15493,4515,1,0
11659,15494,4515,1,1
11660,15495,4515,1,1
11661,15498,4515,1,1
11662,15499,4516,1,0
11663,15500,4516,1,1
11664,15501,4516,1,0
11665,15502,4516,1,0
11666,15503,4516,1,0
11667,15504,4517,1,0
11668,15506,4517,1,0
11669,15507,4518,1,1
11670,15508,4518,1,0
11671,15510,4519,1,0
11672,15512,4519,1,0
11673,15513,4519,1,1
11674,15514,4519,1,0
11675,15515,4520,1,0
11676,15516,4520,1,0
11677,15517,4522,1,0
11678,15518,4524,1,1
11679,15519,4524,1,0
11680,15520,4524,1,1
11681,15521,4524,1,1
11682,15522,4524,1,0
11683,15523,4525,1,0
11684,15524,4525,1,0
11685,15525,4525,1,1
11686,15527,4526,1,1
11687,15528,4526,1,0
11688,15529,4526,1,0
11689,15530,4526,1,1
11690,15532,4527,1,0
11691,15533,4531,1,1
11692,15534,4531,1,0
11693,15535,4531,1,0
11694,15536,4531,1,0
11695,15537,4531,1,0
11696,15538,4531,1,1
11697,15539,4532,1,0
11698,15540,4532,1,0
11699,15541,4532,1,0
11700,15542,4532,1,1
11701,15543,4532,1,1
11702,15544,4532,1,0
11703,15545,4533,1,0
11704,15546,4533,1,1
11705,15547,4533,1,0
11706,15548,4533,1,0
11707,15550,4534,1,0
11708,15551,4534,1,0
11709,15552,4534,1,0
11710,15554,4534,1,0
11711,15555,4534,1,0
11712,15557,4534,1,0
11713,15559,4536,1,0
11714,15560,4536,1,1
11715,15561,4536,1,1
11716,15562,4536,1,1
11717,15563,4536,1,0
11718,15565,4537,1,0
11719,15568,4538,1,0
11720,15571,4538,1,1
11721,15572,4539,1,0
11722,15573,4539,1,0
11723,15574,4539,1,1
11724,15575,4539,1,1
11725,15577,4539,1,1
11726,15579,4540,1,0
11727,15580,4540,1,0
11728,15582,4540,1,1
11729,15583,4541,1,0
11730,15584,4541,1,1
11731,15585,4541,1,1
11732,15586,4541,1,0
11733,15588,4542,1,0
11734,15590,4542,1,1
11735,15591,4542,1,0
11736,15592,4542,1,0
11737,15593,4542,1,1
11738,15594,4543,1,0
11739,15596,4544,1,1
11740,15598,4545,1,0
11741,15600,4545,1,0
11742,15601,4545,1,1
11743,15602,4545,1,0
11744,15603,4545,1,0
11745,15604,4546,1,1
11746,15605,4546,1,0
11747,15607,4547,1,0
11748,15608,4547,1,1
11749,15609,4547,1,0
11750,15610,4547,1,0
11751,15611,4547,1,1
11752,15612,4548,1,0
11753,15614,4548,1,0
11754,15616,4548,1,0
11755,15617,4548,1,1
11756,15618,4549,1,0
11757,15619,4550,1,0
11758,15620,4551,1,0
11759,15621,4551,1,0
11760,15622,4551,1,0
11761,15623,4551,1,1
11762,15624,4551,1,0
11763,15625,4552,1,0
11764,15626,4552,1,0
11765,15628,4552,1,0
11766,15629,4552,1,0
11767,15633,4553,1,0
11768,15634,4553,1,1
11769,15635,4554,1,1
11770,15637,4554,1,0
11771,15638,4555,1,0
11772,15639,4555,1,0
11773,15641,4556,1,1
11774,15643,4556,1,0
11775,15645,4557,1,0
11776,15646,4558,1,1
11777,15647,4558,1,1
11778,15648,4558,1,1
11779,15649,4559,1,0
11780,15651,4559,1,0
11781,15653,4559,1,1
11782,15654,4560,1,0
11783,15655,4560,1,0
11784,15656,4560,1,1
11785,15659,4561,1,1
11786,15660,4561,1,0
11787,15661,4561,1,0
11788,15663,4561,1,0
11789,15664,4561,1,0
11790,15665,4561,1,1
11791,15666,4562,1,1
11792,15667,4562,1,1
11793,15668,4562,1,0
11794,15669,4562,1,0
11795,15670,4563,1,1
11796,15671,4563,1,0
11797,15673,4563,1,1
11798,15674,4564,1,0
11799,15676,4565,1,1
11800,15677,4565,1,1
11801,15678,4565,1,0
11802,15679,4565,1,0
11803,15680,4565,1,1
11804,15681,4565,1,0
11805,15682,4566,1,0
11806,15684,4566,1,0
11807,15686,4566,1,1
11808,15687,4566,1,0
11809,15689,4566,1,0
11810,15691,4567,1,0
11811,15692,4567,1,0
11812,15693,4567,1,0
11813,15694,4568,1,0
11814,15696,4568,1,1
11815,15697,4568,1,0
11816,15698,4568,1,1
11817,15699,4568,1,0
11818,15700,4569,1,1
11819,15701,4570,1,0
11820,15704,4570,1,0
11821,15705,4570,1,0
11822,15706,4570,1,1
11823,15708,4571,1,0
11824,15709,4571,1,0
11825,15710,4571,1,0
11826,15711,4571,1,0
11827,15713,4572,1,0
11828,15716,4572,1,0
11829,15717,4572,1,1
11830,15718,4572,1,0
11831,15719,4572,1,0
11832,15720,4572,1,1
11833,15721,4573,1,1
11834,15722,4573,1,0
11835,15723,4574,1,0
11836,15726,4574,1,1
11837,15727,4574,1,0
11838,15728,4574,1,1
11839,15730,4575,1,0
11840,15731,4575,1,0
11841,15734,4575,1,0
11842,15735,4575,1,1
11843,15736,4575,1,0
11844,15737,4576,1,0
11845,15738,4576,1,0
11846,15739,4576,1,0
11847,15740,4577,1,0
11848,15742,4577,1,1
11849,15743,4578,1,0
11850,15744,4578,1,0
11851,15745,4579,1,0
11852,15746,4579,1,1
11853,15747,4579,1,1
11854,15748,4579,1,0
11855,15751,4580,1,0
11856,15752,4581,1,0
11857,15753,4581,1,1
11858,15754,4581,1,0
11859,15755,4582,1,0
11860,15756,4582,1,1
11861,15758,4583,1,0
11862,15759,4583,1,0
11863,15761,4584,1,0
11864,15762,4584,1,0
11865,15763,4584,1,0
11866,15765,4586,1,0
11867,15766,4586,1,1
11868,15767,4586,1,1
11869,15769,4588,1,1
11870,15770,4588,1,0
11871,15771,4589,1,0
11872,15772,4589,1,0
11873,15775,4590,1,0
11874,15776,4591,1,0
11875,15778,4591,1,0
11876,15779,4591,1,1
11877,15780,4591,1,1
11878,15781,4592,1,0
11879,15782,4592,1,0
11880,15783,4593,1,0
11881,15784,4593,1,0
11882,15785,4593,1,0
11883,15787,4594,1,0
11884,15788,4594,1,1
11885,15789,4594,1,0
11886,15790,4594,1,1
11887,15791,4594,1,1
11888,15794,4595,1,0
11889,15799,4597,1,0
11890,15800,4597,1,1
11891,15801,4597,1,1
11892,15802,4597,1,0
11893,15803,4597,1,0
11894,15804,4598,1,0
11895,15805,4598,1,0
11896,15806,4599,1,1
11897,15807,4599,1,0
11898,15808,4599,1,0
11899,15809,4599,1,0
11900,15812,4600,1,0
11901,15813,4600,1,0
11902,15814,4600,1,1
11903,15817,4601,1,1
11904,15818,4601,1,0
11905,15819,4602,1,1
11906,15820,4602,1,0
11907,15821,4602,1,0
11908,15822,4602,1,0
11909,15823,4602,1,0
11910,15824,4602,1,0
11911,15825,4604,1,1
11912,15826,4605,1,0
11913,15827,4605,1,0
11914,15828,4605,1,1
11915,15829,4605,1,1
11916,15831,4605,1,0
11917,15833,4606,1,0
11918,15835,4606,1,1
11919,15836,4606,1,0
11920,15837,4607,1,0
11921,15838,4607,1,0
11922,15839,4608,1,1
11923,15840,4608,1,0
11924,15841,4609,1,1
11925,15844,4609,1,0
11926,15845,4609,1,0
11927,15846,4609,1,0
11928,15848,4611,1,0
11929,15849,4611,1,1
11930,15850,4611,1,0
11931,15851,4612,1,0
11932,15854,4613,1,1
11933,15857,4613,1,0
11934,15859,4614,1,0
11935,15861,4614,1,0
11936,15862,4614,1,0
11937,15865,4614,1,0
11938,15866,4615,1,1
11939,15867,4615,1,1
11940,15869,4615,1,0
11941,15870,4617,1,0
11942,15871,4617,1,0
11943,15872,4617,1,0
11944,15873,4617,1,0
11945,15874,4618,1,0
11946,15876,4618,1,0
11947,15878,4618,1,1
11948,15879,4618,1,0
11949,15880,4618,1,1
11950,15881,4619,1,1
11951,15882,4620,1,0
11952,15885,4620,1,1
11953,15888,4621,1,0
11954,15890,4621,1,0
11955,15891,4621,1,0
11956,15892,4621,1,0
11957,15893,4621,1,0
11958,15894,4621,1,0
11959,15895,4622,1,1
11960,15896,4622,1,1
11961,15897,4622,1,1
11962,15899,4622,1,0
11963,15900,4622,1,0
11964,15901,4622,1,0
11965,15902,4622,1,1
11966,15904,4622,1,0
11967,15905,4623,1,1
11968,15906,4623,1,1
11969,15909,4623,1,1
11970,15910,4623,1,1
11971,15911,4624,1,0
11972,15912,4624,1,0
11973,15913,4626,1,0
11974,15914,4626,1,0
11975,15915,4626,1,0
11976,15916,4627,1,0
11977,15917,4627,1,0
11978,15918,4627,1,0
11979,15919,4628,1,1
11980,15920,4629,1,0
11981,15921,4631,1,0
11982,15922,4631,1,0
11983,15923,4631,1,0
11984,15924,4632,1,0
11985,15925,4632,1,1
11986,15926,4632,1,0
11987,15928,4632,1,0
11988,15929,4633,1,1
11989,15930,4633,1,1
11990,15931,4634,1,0
11991,15932,4634,1,1
11992,15933,4634,1,1
11993,15934,4635,1,0
11994,15935,4636,1,1
11995,15936,4636,1,0
11996,15937,4636,1,1
11997,15938,4636,1,0
11998,15939,4636,1,1
11999,15940,4636,1,0
12000,15941,4636,1,0
12001,15942,4637,1,0
12002,15943,4637,1,0
12003,15944,4637,1,0
12004,15945,4638,1,0
12005,15948,4639,1,0
12006,15949,4639,1,0
12007,15950,4639,1,1
12008,15951,4640,1,0
12009,15952,4640,1,0
12010,15953,4641,1,1
12011,15954,4641,1,0
12012,15955,4641,1,1
12013,15957,4641,1,0
12014,15960,4643,1,0
12015,15961,4643,1,0
12016,15965,4644,1,1
12017,15966,4645,1,0
12018,15968,4646,1,1
12019,15969,4646,1,1
12020,15970,4647,1,1
12021,15973,4648,1,1
12022,15974,4648,1,0
12023,15975,4648,1,0
12024,15976,4649,1,0
12025,15977,4650,1,0
12026,15979,4652,1,0
12027,15982,4652,1,1
12028,15983,4654,1,0
12029,15984,4654,1,1
12030,15985,4654,1,0
12031,15986,4654,1,0
12032,15987,4654,1,0
12033,15988,4654,1,0
12034,15989,4654,1,1
12035,15990,4655,1,1
12036,15991,4655,1,1
12037,15992,4655,1,0
12038,15995,4657,1,0
12039,15996,4657,1,0
12040,15997,4658,1,1
12041,15998,4658,1,0
12042,15999,4658,1,0
12043,16000,4659,1,0
12044,16001,4659,1,0
12045,16002,4659,1,1
12046,16003,4659,1,0
12047,16006,4659,1,1
12048,16007,4660,1,1
12049,16008,4660,1,0
12050,16009,4660,1,0
12051,16010,4660,1,1
12052,16011,4660,1,0
12053,16012,4660,1,0
12054,16013,4660,1,1
12055,16015,4661,1,0
12056,16016,4661,1,1
12057,16017,4661,1,1
12058,16018,4662,1,1
12059,16019,4662,1,0
12060,16021,4662,1,0
12061,16022,4663,1,1
12062,16023,4663,1,0
12063,16024,4663,1,0
12064,16025,4663,1,0
12065,16026,4663,1,1
12066,16027,4665,1,0
12067,16028,4665,1,1
12068,16029,4665,1,1
12069,16030,4665,1,1
12070,16032,4666,1,0
12071,16033,4666,1,1
12072,16035,4666,1,0
12073,16039,4667,1,1
12074,16040,4668,1,0
12075,16041,4668,1,0
12076,16042,4668,1,1
12077,16043,4668,1,1
12078,16044,4669,1,0
12079,16046,4669,1,1
12080,16049,4669,1,0
12081,16052,4670,1,0
12082,16053,4670,1,0
12083,16055,4671,1,0
12084,16056,4671,1,0
12085,16057,4672,1,0
12086,16058,4672,1,1
12087,16059,4672,1,0
12088,16060,4672,1,1
12089,16061,4672,1,0
12090,16062,4672,1,0
12091,16063,4673,1,0
12092,16064,4673,1,1
12093,16066,4673,1,1
12094,16067,4674,1,0
12095,16071,4676,1,1
12096,16072,4676,1,1
12097,16074,4677,1,0
12098,16075,4677,1,0
12099,16076,4678,1,1
12100,16077,4678,1,0
12101,16078,4678,1,0
12102,16079,4678,1,0
12103,16080,4678,1,0
12104,16081,4678,1,1
12105,16082,4679,1,0
12106,16084,4680,1,1
12107,16085,4680,1,0
12108,16087,4681,1,0
12109,16089,4681,1,0
12110,16091,4681,1,0
12111,16092,4682,1,1
12112,16094,4682,1,1
12113,16095,4683,1,0
12114,16096,4683,1,1
12115,16097,4683,1,0
12116,16098,4683,1,0
12117,16099,4683,1,1
12118,16101,4683,1,0
12119,16102,4683,1,0
12120,16103,4683,1,1
12121,16104,4684,1,0
12122,16105,4684,1,1
12123,16106,4684,1,1
12124,16107,4684,1,0
12125,16109,4685,1,0
12126,16110,4685,1,0
12127,16112,4685,1,0
12128,16113,4687,1,0
12129,16114,4687,1,0
12130,16115,4687,1,0
12131,16116,4687,1,0
12132,16118,4687,1,0
12133,16119,4687,1,1
12134,16120,4688,1,1
12135,16122,4688,1,0
12136,16123,4689,1,0
12137,16124,4689,1,0
12138,16125,4689,1,0
12139,16126,4689,1,0
12140,16127,4689,1,0
12141,16129,4690,1,1
12142,16130,4691,1,0
12143,16132,4692,1,0
12144,16133,4692,1,0
12145,16134,4692,1,1
12146,16135,4692,1,0
12147,16136,4692,1,0
12148,16137,4692,1,0
12149,16140,4693,1,1
12150,16141,4693,1,1
12151,16144,4693,1,0
12152,16145,4693,1,1
12153,16146,4695,1,1
12154,16147,4696,1,0
12155,16148,4696,1,0
12156,16149,4696,1,0
12157,16150,4696,1,0
12158,16152,4696,1,0
12159,16153,4696,1,1
12160,16155,4697,1,0
12161,16156,4697,1,0
12162,16157,4697,1,0
12163,16158,4697,1,1
12164,16159,4699,1,1
12165,16160,4699,1,1
12166,16161,4699,1,1
12167,16164,4700,1,1
12168,16165,4701,1,0
12169,16166,4701,1,0
12170,16169,4702,1,0
12171,16170,4704,1,0
12172,16172,4704,1,1
12173,16173,4705,1,0
12174,16176,4705,1,0
12175,16177,4705,1,0
12176,16178,4705,1,0
12177,16179,4705,1,1
12178,16181,4706,1,0
12179,16182,4706,1,0
12180,16183,4706,1,0
12181,16184,4707,1,1
12182,16185,4707,1,0
12183,16186,4708,1,0
12184,16187,4708,1,1
12185,16188,4708,1,1
12186,16189,4709,1,0
12187,16190,4709,1,0
12188,16191,4710,1,1
12189,16192,4710,1,0
12190,16193,4710,1,1
12191,16194,4710,1,1
12192,16195,4710,1,0
12193,16196,4710,1,0
12194,16198,4711,1,1
12195,16199,4711,1,0
12196,16200,4712,1,0
12197,16201,4712,1,0
12198,16202,4712,1,0
12199,16203,4713,1,0
12200,16204,4713,1,0
12201,16205,4713,1,1
12202,16206,4714,1,1
12203,16207,4714,1,0
12204,16208,4714,1,1
12205,16209,4714,1,0
12206,16210,4714,1,1
12207,16211,4715,1,1
12208,16213,4715,1,0
12209,16214,4715,1,1
12210,16215,4716,1,0
12211,16216,4716,1,0
12212,16217,4718,1,0
12213,16218,4718,1,0
12214,16219,4722,1,0
12215,16221,4722,1,0
12216,16222,4722,1,1
12217,16223,4722,1,0
12218,16225,4722,1,0
12219,16226,4722,1,0
12220,16227,4723,1,0
12221,16228,4724,1,0
12222,16232,4724,1,0
12223,16234,4725,1,0
12224,16236,4725,1,0
12225,16237,4726,1,0
12226,16239,4726,1,0
12227,16240,4726,1,0
12228,16241,4726,1,1
12229,16242,4726,1,1
12230,16243,4727,1,0
12231,16244,4728,1,0
12232,16245,4728,1,0
12233,16246,4728,1,0
12234,16247,4728,1,0
12235,16248,4728,1,0
12236,16249,4728,1,0
12237,16251,4729,1,0
12238,16252,4729,1,0
12239,16253,4729,1,0
12240,16255,4730,1,1
12241,16256,4730,1,0
12242,16257,4731,1,0
12243,16258,4732,1,0
12244,16259,4733,1,1
12245,16261,4733,1,0
12246,16262,4733,1,0
12247,16265,4734,1,0
12248,16266,4734,1,0
12249,16267,4734,1,0
12250,16268,4735,1,0
12251,16270,4735,1,1
12252,16271,4735,1,1
12253,16273,4735,1,0
12254,16276,4736,1,1
12255,16278,4737,1,1
12256,16279,4738,1,1
12257,16281,4738,1,0
12258,16282,4738,1,0
12259,16283,4739,1,0
12260,16284,4739,1,0
12261,16288,4740,1,0
12262,16289,4741,1,0
12263,16290,4742,1,0
12264,16293,4742,1,0
12265,16294,4742,1,0
12266,16295,4743,1,1
12267,16296,4743,1,0
12268,16298,4743,1,0
12269,16300,4743,1,0
12270,16301,4743,1,1
12271,16302,4743,1,1
12272,16303,4745,1,0
12273,16304,4745,1,0
12274,16305,4745,1,1
12275,16306,4745,1,1
12276,16308,4745,1,1
12277,16309,4745,1,0
12278,16310,4745,1,0
12279,16312,4747,1,1
12280,16313,4747,1,1
12281,16314,4747,1,0
12282,16315,4748,1,1
12283,16316,4748,1,1
12284,16318,4748,1,1
12285,16319,4748,1,0
12286,16320,4749,1,0
12287,16322,4749,1,1
12288,16323,4749,1,1
12289,16324,4751,1,1
12290,16325,4751,1,0
12291,16329,4752,1,1
12292,16330,4752,1,1
12293,16332,4753,1,0
12294,16333,4753,1,1
12295,16334,4753,1,1
12296,16335,4753,1,0
12297,16336,4753,1,0
12298,16337,4753,1,0
12299,16340,4754,1,0
12300,16342,4754,1,0
12301,16343,4755,1,1
12302,16344,4756,1,0
12303,16345,4756,1,0
12304,16346,4756,1,1
12305,16347,4757,1,1
12306,16348,4759,1,0
12307,16350,4759,1,1
12308,16351,4759,1,0
12309,16353,4759,1,0
12310,16354,4760,1,0
12311,16355,4760,1,0
12312,16356,4760,1,0
12313,16357,4761,1,0
12314,16358,4761,1,0
12315,16360,4761,1,0
12316,16361,4761,1,1
12317,16362,4761,1,0
12318,16363,4762,1,0
12319,16365,4762,1,0
12320,16370,4763,1,0
12321,16373,4765,1,0
12322,16374,4765,1,0
12323,16375,4765,1,0
12324,16376,4765,1,1
12325,16377,4765,1,0
12326,16379,4766,1,1
12327,16380,4766,1,1
12328,16381,4766,1,0
12329,16382,4767,1,0
12330,16383,4767,1,0
12331,16384,4767,1,1
12332,16386,4767,1,0
12333,16387,4767,1,0
12334,16388,4767,1,0
12335,16389,4768,1,0
12336,16390,4768,1,0
12337,16391,4768,1,0
12338,16392,4769,1,1
12339,16394,4769,1,0
12340,16395,4769,1,0
12341,16396,4769,1,0
12342,16398,4770,1,1
12343,16399,4770,1,0
12344,16400,4770,1,0
12345,16401,4770,1,0
12346,16403,4771,1,0
12347,16406,4772,1,1
12348,16407,4772,1,1
12349,16408,4772,1,0
12350,16409,4773,1,0
12351,16411,4774,1,0
12352,16412,4774,1,1
12353,16413,4775,1,1
12354,16415,4775,1,1
12355,16416,4775,1,1
12356,16418,4775,1,0
12357,16419,4775,1,0
12358,16420,4775,1,0
12359,16421,4775,1,0
12360,16423,4776,1,0
12361,16424,4776,1,0
12362,16425,4776,1,0
12363,16426,4777,1,0
12364,16427,4777,1,1
12365,16428,4778,1,0
12366,16429,4778,1,0
12367,16431,4778,1,0
12368,16434,4779,1,0
12369,16435,4779,1,0
12370,16436,4779,1,1
12371,16437,4779,1,1
12372,16438,4779,1,1
12373,16439,4779,1,1
12374,16440,4780,1,0
12375,16441,4780,1,1
12376,16443,4780,1,0
12377,16444,4781,1,0
12378,16445,4781,1,0
12379,16446,4782,1,0
12380,16448,4782,1,0
12381,16449,4782,1,1
12382,16453,4782,1,0
12383,16456,4784,1,0
12384,16459,4784,1,1
12385,16460,4785,1,0
12386,16463,4785,1,0
12387,16464,4786,1,1
12388,16465,4786,1,1
12389,16466,4786,1,0
12390,16468,4787,1,1
12391,16469,4789,1,1
12392,16472,4791,1,1
12393,16475,4793,1,1
12394,16476,4793,1,0
12395,16477,4793,1,0
12396,16478,4793,1,0
12397,16479,4793,1,0
12398,16482,4794,1,0
12399,16483,4794,1,0
12400,16484,4794,1,1
12401,16485,4794,1,1
12402,16487,4795,1,1
12403,16488,4795,1,0
12404,16492,4797,1,0
12405,16494,4797,1,0
12406,16495,4797,1,0
12407,16496,4797,1,0
12408,16497,4797,1,0
12409,16498,4798,1,1
12410,16499,4798,1,1
12411,16500,4798,1,0
12412,16502,4800,1,0
12413,16503,4801,1,1
12414,16504,4801,1,0
12415,16505,4801,1,1
12416,16507,4802,1,0
12417,16508,4803,1,1
12418,16509,4803,1,0
12419,16510,4803,1,0
12420,16512,4804,1,1
12421,16513,4804,1,1
12422,16514,4804,1,0
12423,16515,4804,1,0
12424,16516,4804,1,1
12425,16518,4805,1,0
12426,16521,4805,1,0
12427,16523,4805,1,1
12428,16524,4805,1,0
12429,16525,4807,1,0
12430,16526,4807,1,1
12431,16527,4807,1,0
12432,16528,4808,1,0
12433,16529,4808,1,0
12434,16530,4808,1,1
12435,16532,4809,1,1
12436,16533,4809,1,0
12437,16534,4809,1,1
12438,16535,4810,1,0
12439,16536,4810,1,0
12440,16537,4810,1,0
12441,16538,4811,1,0
12442,16539,4811,1,1
12443,16542,4812,1,0
12444,16543,4812,1,0
12445,16544,4813,1,1
12446,16545,4814,1,1
12447,16548,4815,1,1
12448,16549,4815,1,0
12449,16550,4815,1,1
12450,16552,4815,1,1
12451,16553,4816,1,0
12452,16554,4816,1,0
12453,16555,4816,1,1
12454,16556,4817,1,0
12455,16557,4817,1,0
12456,16558,4817,1,1
12457,16560,4818,1,1
12458,16561,4818,1,1
12459,16562,4818,1,1
12460,16563,4819,1,0
12461,16564,4820,1,1
12462,16566,4822,1,0
12463,16567,4823,1,1
12464,16568,4823,1,0
12465,16569,4823,1,1
12466,16570,4823,1,0
12467,16572,4823,1,0
12468,16573,4824,1,1
12469,16574,4824,1,1
12470,16577,4824,1,1
12471,16578,4824,1,0
12472,16579,4825,1,0
12473,16580,4826,1,0
12474,16581,4827,1,1
12475,16582,4828,1,0
12476,16583,4828,1,1
12477,16584,4828,1,0
12478,16585,4828,1,0
12479,16586,4828,1,0
12480,16587,4828,1,1
12481,16589,4830,1,0
12482,16592,4830,1,0
12483,16594,4830,1,0
12484,16596,4830,1,0
12485,16598,4831,1,0
12486,16599,4832,1,1
12487,16600,4832,1,1
12488,16601,4832,1,0
12489,16602,4832,1,1
12490,16603,4833,1,0
12491,16605,4834,1,0
12492,16608,4835,1,0
12493,16609,4835,1,1
12494,16610,4835,1,1
12495,16611,4836,1,0
12496,16612,4836,1,0
12497,16614,4836,1,0
12498,16615,4836,1,0
12499,16616,4838,1,1
12500,16618,4838,1,1
12501,16620,4839,1,1
12502,16621,4839,1,1
12503,16622,4840,1,1
12504,16623,4840,1,0
12505,16625,4842,1,1
12506,16627,4842,1,0
12507,16628,4842,1,0
12508,16629,4842,1,0
12509,16630,4843,1,0
12510,16631,4843,1,0
12511,16633,4843,1,0
12512,16634,4843,1,0
12513,16636,4844,1,0
12514,16637,4845,1,0
12515,16638,4845,1,0
12516,16640,4845,1,0
12517,16641,4845,1,1
12518,16642,4846,1,0
12519,16643,4846,1,1
12520,16644,4846,1,0
12521,16645,4846,1,0
12522,16647,4846,1,1
12523,16648,4847,1,0
12524,16649,4847,1,1
12525,16650,4848,1,0
12526,16653,4848,1,0
12527,16654,4848,1,1
12528,16657,4849,1,0
12529,16658,4849,1,1
12530,16659,4849,1,1
12531,16660,4849,1,1
12532,16661,4849,1,1
12533,16663,4850,1,0
12534,16664,4850,1,1
12535,16665,4850,1,0
12536,16668,4852,1,0
12537,16669,4852,1,1
12538,16670,4852,1,0
12539,16671,4852,1,1
12540,16672,4854,1,0
12541,16673,4854,1,0
12542,16674,4854,1,0
12543,16676,4855,1,1
12544,16677,4855,1,1
12545,16679,4855,1,0
12546,16681,4856,1,0
12547,16682,4856,1,0
12548,16683,4856,1,0
12549,16684,4857,1,0
12550,16685,4857,1,1
12551,16687,4857,1,1
12552,16688,4858,1,0
12553,16689,4860,1,0
12554,16691,4860,1,1
12555,16692,4860,1,0
12556,16693,4861,1,1
12557,16694,4861,1,0
12558,16695,4861,1,1
12559,16696,4861,1,1
12560,16697,4861,1,0
12561,16699,4861,1,1
12562,16701,4863,1,0
12563,16702,4863,1,0
12564,16703,4863,1,1
12565,16704,4864,1,0
12566,16705,4865,1,1
12567,16706,4866,1,0
12568,16707,4866,1,1
12569,16708,4866,1,1
12570,16710,4867,1,1
12571,16714,4867,1,0
12572,16715,4868,1,0
12573,16716,4868,1,1
12574,16718,4868,1,1
12575,16719,4868,1,0
12576,16720,4868,1,1
12577,16721,4868,1,0
12578,16722,4868,1,0
12579,16723,4868,1,1
12580,16725,4869,1,0
12581,16726,4869,1,0
12582,16728,4869,1,0
12583,16729,4870,1,1
12584,16730,4870,1,0
12585,16731,4870,1,0
12586,16733,4871,1,0
12587,16734,4871,1,1
12588,16736,4872,1,0
12589,16737,4872,1,0
12590,16738,4873,1,1
12591,16741,4873,1,0
12592,16743,4874,1,1
12593,16744,4875,1,0
12594,16745,4875,1,1
12595,16747,4875,1,1
12596,16748,4875,1,1
12597,16749,4876,1,0
12598,16750,4877,1,0
12599,16751,4877,1,0
12600,16752,4878,1,0
12601,16754,4879,1,0
12602,16755,4879,1,1
12603,16756,4879,1,1
12604,16757,4880,1,0
12605,16759,4880,1,0
12606,16760,4880,1,0
12607,16761,4881,1,0
12608,16762,4881,1,0
12609,16763,4881,1,0
12610,16764,4881,1,0
12611,16766,4882,1,0
12612,16767,4884,1,0
12613,16768,4884,1,1
12614,16770,4884,1,0
12615,16771,4884,1,0
12616,16772,4884,1,0
12617,16774,4886,1,0
12618,16775,4886,1,1
12619,16776,4887,1,1
12620,16778,4887,1,0
12621,16781,4887,1,1
12622,16782,4888,1,0
12623,16783,4888,1,1
12624,16786,4890,1,0
12625,16787,4890,1,1
12626,16788,4890,1,0
12627,16789,4890,1,1
12628,16791,4891,1,1
12629,16792,4891,1,1
12630,16794,4891,1,1
12631,16795,4892,1,0
12632,16796,4892,1,0
12633,16798,4892,1,0
12634,16799,4892,1,1
12635,16801,4893,1,0
12636,16802,4893,1,1
12637,16804,4893,1,1
12638,16805,4893,1,0
12639,16806,4894,1,0
12640,16807,4894,1,1
12641,16808,4896,1,0
12642,16809,4896,1,1
12643,16810,4896,1,1
12644,16812,4897,1,0
12645,16813,4898,1,0
12646,16814,4898,1,1
12647,16816,4898,1,0
12648,16817,4899,1,0
12649,16820,4900,1,0
12650,16821,4901,1,1
12651,16824,4902,1,0
12652,16825,4903,1,1
12653,16826,4903,1,0
12654,16828,4903,1,0
12655,16829,4903,1,0
12656,16830,4903,1,1
12657,16831,4903,1,0
12658,16832,4903,1,0
12659,16834,4903,1,0
12660,16835,4904,1,1
12661,16836,4904,1,0
12662,16837,4904,1,0
12663,16838,4904,1,0
12664,16840,4904,1,1
12665,16842,4905,1,0
12666,16843,4905,1,0
12667,16845,4905,1,0
12668,16846,4906,1,1
12669,16848,4907,1,1
12670,16849,4907,1,0
12671,16850,4907,1,0
12672,16851,4907,1,0
12673,16853,4907,1,1
12674,16854,4907,1,1
12675,16855,4908,1,0
12676,16856,4908,1,0
12677,16857,4908,1,0
12678,16858,4908,1,0
12679,16859,4908,1,1
12680,16860,4908,1,0
12681,16861,4909,1,0
12682,16862,4909,1,1
12683,16865,4909,1,1
12684,16866,4910,1,0
12685,16867,4910,1,1
12686,16868,4910,1,0
12687,16869,4910,1,1
12688,16870,4910,1,0
12689,16871,4910,1,0
12690,16872,4911,1,1
12691,16873,4911,1,1
12692,16874,4911,1,1
12693,16876,4912,1,1
12694,16877,4913,1,1
12695,16878,4913,1,1
12696,16879,4913,1,1
12697,16880,4913,1,1
12698,16882,4914,1,0
12699,16884,4914,1,0
12700,16885,4915,1,0
12701,16886,4915,1,0
12702,16887,4915,1,0
12703,16888,4915,1,1
12704,16889,4915,1,0
12705,16890,4916,1,0
12706,16891,4916,1,1
12707,16892,4916,1,0
12708,16893,4916,1,1
12709,16895,4916,1,1
12710,16896,4916,1,1
12711,16897,4916,1,1
12712,16899,4917,1,1
12713,16900,4918,1,0
12714,16902,4918,1,1
12715,16904,4920,1,0
12716,16905,4920,1,0
12717,16907,4920,1,0
12718,16908,4921,1,0
12719,16909,4921,1,1
12720,16910,4921,1,0
12721,16911,4922,1,1
12722,16912,4922,1,0
12723,16913,4922,1,0
12724,16915,4922,1,1
12725,16916,4923,1,1
12726,16917,4923,1,1
12727,16918,4923,1,1
12728,16919,4923,1,1
12729,16920,4924,1,0
12730,16921,4924,1,1
12731,16922,4924,1,0
12732,16923,4924,1,0
12733,16924,4924,1,0
12734,16925,4924,1,0
12735,16926,4924,1,0
12736,16927,4925,1,1
12737,16928,4925,1,1
12738,16929,4925,1,1
12739,16930,4925,1,1
12740,16931,4925,1,0
12741,16932,4926,1,0
12742,16933,4926,1,1
12743,16936,4927,1,1
12744,16938,4928,1,0
12745,16939,4928,1,1
12746,16941,4928,1,1
12747,16942,4929,1,0
12748,16944,4929,1,1
12749,16945,4929,1,1
12750,16946,4929,1,0
12751,16947,4929,1,0
12752,16948,4929,1,0
12753,16950,4930,1,1
12754,16952,4931,1,0
12755,16953,4932,1,0
12756,16954,4932,1,0
12757,16955,4932,1,0
12758,16956,4932,1,0
12759,16961,4937,1,1
12760,16962,4938,1,0
12761,16963,4938,1,0
12762,16964,4938,1,0
12763,16965,4939,1,0
12764,16966,4939,1,0
12765,16967,4939,1,0
12766,16968,4939,1,0
12767,16969,4939,1,0
12768,16970,4939,1,1
12769,16972,4940,1,1
12770,16973,4940,1,0
12771,16974,4940,1,1
12772,16975,4940,1,0
12773,16976,4940,1,1
12774,16977,4940,1,0
12775,16978,4941,1,1
12776,16979,4941,1,0
12777,16980,4941,1,0
12778,16981,4942,1,0
12779,16983,4943,1,1
12780,16984,4943,1,0
12781,16986,4943,1,0
12782,16987,4943,1,0
12783,16990,4944,1,1
12784,16991,4944,1,0
12785,16992,4946,1,1
12786,16993,4947,1,0
12787,16994,4947,1,0
12788,16995,4948,1,1
12789,16996,4948,1,0
12790,16998,4949,1,0
12791,16999,4949,1,0
12792,17002,4950,1,0
12793,17004,4951,1,0
12794,17005,4951,1,0
12795,17006,4951,1,0
12796,17007,4951,1,0
12797,17008,4951,1,1
12798,17010,4951,1,0
12799,17011,4951,1,0
12800,17012,4951,1,0
12801,17013,4952,1,0
12802,17014,4952,1,0
12803,17015,4952,1,0
12804,17017,4952,1,0
12805,17018,4952,1,1
12806,17019,4952,1,1
12807,17020,4953,1,1
12808,17021,4953,1,0
12809,17022,4954,1,0
12810,17023,4954,1,0
12811,17024,4954,1,0
12812,17025,4955,1,0
12813,17026,4956,1,0
12814,17029,4958,1,0
12815,17031,4958,1,1
12816,17032,4959,1,1
12817,17033,4959,1,0
12818,17034,4960,1,0
12819,17036,4960,1,0
12820,17037,4960,1,1
12821,17038,4960,1,1
12822,17039,4960,1,0
12823,17042,4961,1,0
12824,17043,4961,1,0
12825,17044,4962,1,1
12826,17046,4962,1,1
12827,17047,4962,1,1
12828,17052,4964,1,0
12829,17053,4964,1,0
12830,17054,4964,1,0
12831,17055,4964,1,0
12832,17057,4964,1,0
12833,17058,4964,1,1
12834,17059,4964,1,1
12835,17061,4965,1,0
12836,17062,4965,1,0
12837,17063,4965,1,0
12838,17064,4965,1,1
12839,17065,4966,1,0
12840,17067,4969,1,0
12841,17068,4969,1,0
12842,17069,4969,1,1
12843,17070,4969,1,0
12844,17071,4969,1,1
12845,17072,4969,1,0
12846,17074,4969,1,0
12847,17075,4969,1,0
12848,17077,4970,1,0
12849,17080,4972,1,0
12850,17081,4973,1,1
12851,17082,4974,1,0
12852,17083,4974,1,0
12853,17084,4974,1,1
12854,17085,4974,1,0
12855,17086,4975,1,0
12856,17087,4975,1,1
12857,17088,4975,1,0
12858,17089,4975,1,1
12859,17090,4976,1,0
12860,17091,4976,1,0
12861,17092,4977,1,0
12862,17093,4977,1,0
12863,17094,4977,1,0
12864,17097,4978,1,0
12865,17098,4978,1,0
12866,17099,4979,1,1
12867,17100,4979,1,1
12868,17103,4981,1,0
12869,17105,4982,1,0
12870,17107,4982,1,1
12871,17108,4982,1,0
12872,17109,4982,1,0
12873,17110,4982,1,0
12874,17111,4983,1,1
12875,17112,4983,1,0
12876,17113,4983,1,1
12877,17114,4983,1,1
12878,17117,4986,1,0
12879,17118,4986,1,0
12880,17119,4986,1,0
12881,17120,4986,1,0
12882,17122,4988,1,1
12883,17125,4989,1,0
12884,17127,4989,1,0
12885,17128,4990,1,0
12886,17131,4990,1,1
12887,17132,4990,1,0
12888,17133,4990,1,0
12889,17134,4991,1,1
12890,17135,4991,1,1
12891,17136,4991,1,0
12892,17139,4992,1,0
12893,17141,4992,1,0
12894,17142,4992,1,1
12895,17144,4993,1,0
12896,17145,4993,1,1
12897,17146,4993,1,0
12898,17148,4994,1,1
12899,17149,4994,1,0
12900,17150,4994,1,1
12901,17151,4995,1,0
12902,17152,4995,1,1
12903,17153,4995,1,0
12904,17154,4995,1,1
12905,17155,4995,1,0
12906,17157,4995,1,0
12907,17158,4996,1,0
12908,17159,4996,1,1
12909,17160,4997,1,0
12910,17161,4997,1,1
12911,17162,4997,1,0
12912,17163,4997,1,1
12913,17164,4998,1,1
12914,17166,4998,1,1
12915,17167,4998,1,1
12916,17170,4999,1,0
12917,17172,4999,1,1
12918,17173,4999,1,0
12919,17174,4999,1,1
12920,17175,4999,1,0
12921,17177,5000,1,1
12922,17178,5000,1,1
12923,17179,5001,1,0
12924,17180,5001,1,1
12925,17181,5002,1,1
12926,17182,5002,1,1
12927,17183,5002,1,1
12928,17184,5002,1,0
12929,17185,5002,1,0
12930,17187,5002,1,0
12931,17188,5002,1,0
12932,17189,5002,1,0
12933,17191,5003,1,0
12934,17193,5004,1,1
12935,17194,5004,1,0
12936,17195,5004,1,0
12937,17196,5004,1,0
12938,17197,5004,1,1
12939,17198,5004,1,0
12940,17199,5004,1,0
12941,17200,5004,1,0
12942,17201,5005,1,1
12943,17202,5005,1,1
12944,17203,5005,1,1
12945,17204,5005,1,0
12946,17205,5006,1,0
12947,17206,5006,1,1
12948,17208,5006,1,1
12949,17209,5006,1,1
12950,17210,5006,1,1
12951,17211,5008,1,0
12952,17212,5008,1,1
12953,17214,5008,1,0
12954,17215,5009,1,1
12955,17216,5010,1,0
12956,17218,5010,1,0
12957,17219,5011,1,1
12958,17220,5012,1,0
12959,17222,5015,1,0
12960,17223,5015,1,1
12961,17224,5015,1,1
12962,17225,5016,1,0
12963,17226,5016,1,1
12964,17227,5016,1,1
12965,17229,5017,1,1
12966,17230,5017,1,0
12967,17231,5017,1,1
12968,17232,5017,1,1
12969,17234,5019,1,1
12970,17235,5019,1,1
12971,17238,5020,1,1
12972,17239,5021,1,0
12973,17242,5022,1,0
12974,17243,5022,1,1
12975,17246,5022,1,1
12976,17247,5022,1,0
12977,17248,5022,1,0
12978,17250,5023,1,1
12979,17251,5023,1,0
12980,17253,5024,1,1
12981,17257,5026,1,1
12982,17258,5026,1,1
12983,17259,5026,1,1
12984,17261,5026,1,0
12985,17262,5026,1,0
12986,17263,5026,1,0
12987,17264,5027,1,0
12988,17265,5027,1,0
12989,17266,5027,1,0
12990,17267,5027,1,0
12991,17268,5027,1,0
12992,17269,5027,1,1
12993,17272,5027,1,0
12994,17273,5028,1,1
12995,17274,5028,1,1
12996,17275,5029,1,1
12997,17276,5029,1,0
12998,17277,5029,1,0
12999,17278,5029,1,0
13000,17280,5029,1,0
13001,17281,5029,1,0
13002,17282,5029,1,1
13003,17283,5029,1,1
13004,17284,5029,1,1
13005,17287,5031,1,1
13006,17288,5033,1,1
13007,17292,5033,1,0
13008,17293,5033,1,0
13009,17294,5034,1,0
13010,17295,5034,1,0
13011,17297,5034,1,0
13012,17298,5034,1,1
13013,17299,5035,1,0
13014,17300,5035,1,0
13015,17303,5036,1,1
13016,17304,5036,1,0
13017,17305,5036,1,0
13018,17307,5039,1,1
13019,17309,5039,1,1
13020,17310,5039,1,1
13021,17311,5039,1,1
13022,17312,5040,1,1
13023,17313,5040,1,0
13024,17314,5040,1,0
13025,17315,5040,1,1
13026,17317,5041,1,0
13027,17318,5041,1,1
13028,17319,5041,1,0
13029,17320,5041,1,1
13030,17321,5041,1,0
13031,17322,5041,1,0
13032,17323,5042,1,0
13033,17324,5042,1,1
13034,17325,5042,1,1
13035,17326,5042,1,1
13036,17327,5042,1,1
13037,17328,5043,1,0
13038,17329,5043,1,1
13039,17330,5043,1,1
13040,17331,5043,1,0
13041,17332,5043,1,1
13042,17335,5044,1,1
13043,17336,5045,1,0
13044,17337,5046,1,1
13045,17338,5046,1,0
13046,17339,5047,1,1
13047,17343,5047,1,0
13048,17344,5047,1,1
13049,17347,5048,1,0
13050,17348,5048,1,0
13051,17349,5049,1,1
13052,17350,5049,1,0
13053,17351,5049,1,0
13054,17353,5049,1,1
13055,17355,5049,1,0
13056,17356,5050,1,1
13057,17358,5050,1,1
13058,17359,5050,1,0
13059,17362,5051,1,1
13060,17364,5054,1,0
13061,17366,5054,1,0
13062,17367,5056,1,0
13063,17368,5056,1,1
13064,17370,5057,1,1
13065,17371,5057,1,0
13066,17374,5057,1,0
13067,17375,5058,1,0
13068,17376,5058,1,0
13069,17377,5058,1,1
13070,17378,5059,1,0
13071,17381,5060,1,1
13072,17382,5060,1,0
13073,17384,5060,1,0
13074,17386,5062,1,1
13075,17387,5062,1,0
13076,17388,5062,1,0
13077,17390,5062,1,0
13078,17391,5062,1,1
13079,17392,5062,1,0
13080,17393,5062,1,0
13081,17394,5062,1,1
13082,17395,5062,1,0
13083,17396,5063,1,0
13084,17397,5063,1,0
13085,17398,5063,1,0
13086,17399,5063,1,1
13087,17401,5064,1,1
13088,17403,5064,1,0
13089,17405,5064,1,0
13090,17407,5064,1,0
13091,17408,5064,1,0
13092,17409,5064,1,0
13093,17410,5065,1,1
13094,17411,5065,1,1
13095,17412,5065,1,1
13096,17413,5065,1,0
13097,17415,5066,1,0
13098,17416,5066,1,1
13099,17417,5067,1,0
13100,17418,5067,1,0
13101,17420,5067,1,0
13102,17421,5067,1,1
13103,17422,5068,1,1
13104,17425,5069,1,1
13105,17426,5069,1,0
13106,17427,5070,1,0
13107,17428,5070,1,1
13108,17430,5071,1,0
13109,17431,5072,1,1
13110,17432,5072,1,0
13111,17434,5072,1,0
13112,17435,5072,1,0
13113,17436,5073,1,0
13114,17437,5073,1,0
13115,17438,5073,1,0
13116,17440,5073,1,1
13117,17441,5073,1,0
13118,17442,5073,1,1
13119,17443,5074,1,0
13120,17444,5074,1,0
13121,17445,5075,1,0
13122,17446,5075,1,0
13123,17447,5075,1,0
13124,17448,5076,1,0
13125,17449,5076,1,0
13126,17450,5077,1,1
13127,17451,5078,1,1
13128,17453,5078,1,0
13129,17456,5081,1,0
13130,17457,5081,1,0
13131,17458,5081,1,0
13132,17459,5082,1,0
13133,17460,5082,1,1
13134,17461,5082,1,0
13135,17462,5083,1,0
13136,17464,5085,1,0
13137,17465,5085,1,1
13138,17467,5085,1,0
13139,17469,5089,1,1
13140,17470,5090,1,0
13141,17473,5091,1,0
13142,17474,5091,1,1
13143,17475,5091,1,1
13144,17477,5092,1,0
13145,17478,5092,1,0
13146,17479,5092,1,0
13147,17480,5092,1,0
13148,17481,5092,1,0
13149,17482,5093,1,1
13150,17483,5093,1,1
13151,17484,5093,1,0
13152,17485,5093,1,0
13153,17486,5093,1,1
13154,17488,5094,1,1
13155,17490,5094,1,1
13156,17491,5094,1,0
13157,17492,5094,1,0
13158,17494,5094,1,0
13159,17495,5094,1,0
13160,17496,5095,1,1
13161,17497,5095,1,1
13162,17499,5095,1,0
13163,17501,5096,1,0
13164,17502,5097,1,0
13165,17505,5097,1,0
13166,17506,5097,1,0
13167,17507,5098,1,0
13168,17508,5098,1,1
13169,17509,5098,1,0
13170,17510,5099,1,1
13171,17511,5099,1,0
13172,17512,5099,1,0
13173,17513,5100,1,0
13174,17514,5100,1,1
13175,17515,5101,1,0
13176,17516,5102,1,1
13177,17517,5103,1,0
13178,17518,5104,1,0
13179,17519,5105,1,0
13180,17520,5105,1,0
13181,17521,5105,1,1
13182,17523,5105,1,0
13183,17526,5106,1,0
13184,17527,5107,1,1
13185,17528,5107,1,0
13186,17529,5107,1,0
13187,17530,5107,1,0
13188,17531,5107,1,0
13189,17532,5107,1,1
13190,17534,5108,1,0
13191,17535,5108,1,1
13192,17536,5108,1,0
13193,17537,5109,1,1
13194,17539,5110,1,1
13195,17540,5110,1,1
13196,17541,5111,1,1
13197,17542,5111,1,1
13198,17543,5111,1,0
13199,17544,5113,1,1
13200,17545,5113,1,0
13201,17546,5113,1,0
13202,17547,5114,1,0
13203,17548,5114,1,1
13204,17549,5114,1,0
13205,17550,5114,1,0
13206,17551,5116,1,0
13207,17552,5116,1,0
13208,17554,5117,1,0
13209,17555,5117,1,0
13210,17556,5117,1,0
13211,17557,5118,1,0
13212,17558,5118,1,0
13213,17559,5118,1,1
13214,17560,5118,1,0
13215,17561,5118,1,0
13216,17563,5118,1,0
13217,17564,5118,1,0
13218,17565,5118,1,0
13219,17566,5118,1,0
13220,17567,5118,1,0
13221,17570,5121,1,0
13222,17571,5121,1,0
13223,17572,5121,1,0
13224,17574,5122,1,0
13225,17575,5123,1,0
13226,17576,5123,1,1
13227,17577,5123,1,0
13228,17578,5123,1,0
13229,17579,5124,1,0
13230,17581,5125,1,0
13231,17582,5126,1,1
13232,17583,5126,1,1
13233,17584,5127,1,0
13234,17585,5127,1,1
13235,17586,5127,1,1
13236,17587,5128,1,0
13237,17588,5128,1,1
13238,17590,5129,1,0
13239,17592,5129,1,0
13240,17593,5131,1,0
13241,17594,5131,1,0
13242,17595,5131,1,0
13243,17596,5131,1,0
13244,17597,5131,1,1
13245,17598,5132,1,1
13246,17599,5132,1,0
13247,17600,5132,1,1
13248,17601,5132,1,0
13249,17602,5133,1,0
13250,17604,5134,1,0
13251,17606,5135,1,1
13252,17607,5135,1,0
13253,17608,5136,1,0
13254,17609,5136,1,1
13255,17611,5137,1,0
13256,17612,5137,1,1
13257,17613,5138,1,1
13258,17614,5138,1,1
13259,17615,5139,1,1
13260,17616,5139,1,1
13261,17617,5139,1,0
13262,17618,5139,1,0
13263,17620,5139,1,0
13264,17621,5139,1,0
13265,17623,5140,1,0
13266,17624,5141,1,0
13267,17625,5141,1,0
13268,17626,5141,1,0
13269,17627,5141,1,0
13270,17628,5141,1,0
13271,17630,5141,1,0
13272,17631,5141,1,0
13273,17633,5143,1,0
13274,17634,5143,1,0
13275,17635,5144,1,0
13276,17637,5146,1,0
13277,17638,5146,1,1
13278,17639,5147,1,0
13279,17640,5147,1,0
13280,17641,5147,1,0
13281,17643,5147,1,1
13282,17644,5147,1,0
13283,17645,5148,1,0
13284,17647,5149,1,0
13285,17648,5149,1,0
13286,17649,5150,1,0
13287,17650,5150,1,0
13288,17652,5151,1,0
13289,17655,5152,1,0
13290,17656,5152,1,0
13291,17657,5152,1,1
13292,17658,5152,1,0
13293,17660,5152,1,0
13294,17662,5153,1,1
13295,17663,5153,1,0
13296,17664,5154,1,0
13297,17665,5154,1,0
13298,17667,5155,1,0
13299,17669,5156,1,0
13300,17670,5157,1,0
13301,17671,5157,1,0
13302,17672,5157,1,0
13303,17673,5157,1,1
13304,17674,5157,1,0
13305,17675,5158,1,0
13306,17678,5161,1,1
13307,17679,5163,1,0
13308,17680,5163,1,1
13309,17681,5164,1,0
13310,17683,5165,1,0
13311,17685,5166,1,0
13312,17686,5166,1,0
13313,17688,5166,1,0
13314,17689,5166,1,1
13315,17690,5166,1,1
13316,17691,5167,1,1
13317,17696,5168,1,0
13318,17697,5168,1,0
13319,17698,5168,1,0
13320,17699,5168,1,0
13321,17700,5168,1,0
13322,17701,5169,1,0
13323,17703,5169,1,1
13324,17704,5169,1,1
13325,17705,5170,1,1
13326,17706,5170,1,0
13327,17707,5170,1,0
13328,17708,5170,1,1
13329,17709,5171,1,0
13330,17710,5171,1,0
13331,17713,5172,1,0
13332,17714,5172,1,0
13333,17716,5172,1,1
13334,17718,5173,1,0
13335,17720,5173,1,0
13336,17723,5174,1,0
13337,17724,5174,1,0
13338,17725,5174,1,0
13339,17726,5174,1,1
13340,17727,5174,1,1
13341,17729,5174,1,0
13342,17730,5174,1,0
13343,17731,5175,1,1
13344,17732,5175,1,0
13345,17733,5176,1,0
13346,17734,5176,1,0
13347,17736,5178,1,0
13348,17737,5179,1,0
13349,17742,5180,1,0
13350,17743,5181,1,1
13351,17745,5181,1,0
13352,17747,5181,1,0
13353,17748,5182,1,1
13354,17749,5182,1,0
13355,17750,5182,1,0
13356,17751,5182,1,1
13357,17752,5182,1,1
13358,17753,5183,1,0
13359,17754,5183,1,0
13360,17755,5184,1,0
13361,17756,5184,1,1
13362,17757,5184,1,0
13363,17759,5184,1,1
13364,17761,5185,1,0
13365,17762,5185,1,0
13366,17763,5185,1,0
13367,17764,5185,1,0
13368,17765,5185,1,0
13369,17768,5186,1,0
13370,17769,5186,1,0
13371,17771,5187,1,0
13372,17772,5187,1,0
13373,17773,5187,1,1
13374,17774,5187,1,0
13375,17776,5187,1,0
13376,17777,5187,1,0
13377,17779,5187,1,1
13378,17781,5188,1,0
13379,17782,5188,1,0
13380,17783,5188,1,0
13381,17784,5188,1,1
13382,17785,5188,1,0
13383,17786,5189,1,1
13384,17788,5189,1,0
13385,17790,5189,1,0
13386,17791,5190,1,0
13387,17792,5190,1,1
13388,17793,5190,1,0
13389,17794,5190,1,0
13390,17795,5190,1,0
13391,17796,5191,1,1
13392,17797,5191,1,0
13393,17798,5191,1,1
13394,17799,5192,1,0
13395,17800,5192,1,1
13396,17801,5192,1,1
13397,17802,5192,1,0
13398,17803,5192,1,0
13399,17804,5194,1,0
13400,17806,5194,1,0
13401,17807,5195,1,1
13402,17808,5195,1,0
13403,17810,5195,1,1
13404,17811,5196,1,1
13405,17812,5196,1,0
13406,17813,5196,1,0
13407,17814,5196,1,0
13408,17815,5196,1,0
13409,17816,5197,1,0
13410,17817,5197,1,1
13411,17818,5197,1,0
13412,17820,5197,1,1
13413,17821,5197,1,0
13414,17822,5197,1,0
13415,17824,5198,1,1
13416,17825,5198,1,0
13417,17826,5199,1,0
13418,17827,5199,1,1
13419,17828,5199,1,0
13420,17829,5199,1,0
13421,17831,5200,1,1
13422,17832,5201,1,1
13423,17833,5202,1,1
13424,17834,5202,1,0
13425,17835,5204,1,0
13426,17836,5204,1,1
13427,17838,5205,1,0
13428,17839,5206,1,0
13429,17840,5206,1,1
13430,17841,5206,1,0
13431,17842,5206,1,0
13432,17844,5206,1,1
13433,17845,5207,1,0
13434,17846,5207,1,0
13435,17847,5208,1,0
13436,17850,5208,1,0
13437,17851,5209,1,1
13438,17855,5210,1,0
13439,17856,5211,1,0
13440,17857,5211,1,0
13441,17861,5212,1,1
13442,17862,5213,1,0
13443,17864,5214,1,1
13444,17865,5214,1,1
13445,17866,5215,1,0
13446,17869,5215,1,1
13447,17870,5215,1,0
13448,17871,5215,1,1
13449,17872,5217,1,0
13450,17875,5217,1,0
13451,17876,5217,1,0
13452,17877,5217,1,0
13453,17878,5217,1,1
13454,17879,5217,1,0
13455,17880,5218,1,0
13456,17881,5218,1,0
13457,17882,5219,1,1
13458,17883,5219,1,1
13459,17884,5219,1,0
13460,17886,5220,1,0
13461,17887,5220,1,1
13462,17888,5220,1,1
13463,17893,5222,1,0
13464,17894,5222,1,0
13465,17895,5222,1,0
13466,17896,5222,1,1
13467,17899,5223,1,0
13468,17900,5223,1,0
13469,17901,5224,1,0
13470,17902,5224,1,0
13471,17904,5224,1,0
13472,17906,5225,1,1
13473,17907,5225,1,0
13474,17909,5225,1,1
13475,17910,5226,1,1
13476,17913,5226,1,0
13477,17914,5226,1,0
13478,17915,5227,1,0
13479,17916,5227,1,0
13480,17917,5228,1,1
13481,17918,5228,1,0
13482,17919,5228,1,1
13483,17920,5229,1,0
13484,17921,5229,1,0
13485,17922,5229,1,0
13486,17923,5229,1,0
13487,17925,5229,1,1
13488,17927,5230,1,1
13489,17928,5230,1,0
13490,17929,5230,1,0
13491,17930,5230,1,0
13492,17931,5230,1,0
13493,17932,5230,1,1
13494,17933,5232,1,0
13495,17934,5232,1,0
13496,17935,5232,1,0
13497,17936,5232,1,1
13498,17937,5233,1,0
13499,17938,5233,1,0
13500,17939,5233,1,0
13501,17940,5233,1,0
13502,17941,5234,1,1
13503,17942,5234,1,0
13504,17943,5234,1,0
13505,17944,5234,1,1
13506,17946,5235,1,0
13507,17947,5236,1,1
13508,17951,5236,1,0
13509,17952,5236,1,0
13510,17953,5237,1,0
13511,17955,5237,1,1
13512,17956,5237,1,0
13513,17958,5237,1,1
13514,17959,5238,1,0
13515,17960,5238,1,1
13516,17961,5238,1,0
13517,17962,5238,1,0
13518,17963,5238,1,1
13519,17964,5239,1,0
13520,17966,5239,1,0
13521,17969,5240,1,0
13522,17970,5240,1,0
13523,17973,5241,1,0
13524,17975,5241,1,0
13525,17977,5242,1,0
13526,17978,5243,1,0
13527,17980,5243,1,0
13528,17981,5243,1,0
13529,17982,5243,1,1
13530,17983,5244,1,0
13531,17985,5245,1,0
13532,17986,5247,1,0
13533,17987,5247,1,0
13534,17988,5248,1,1
13535,17991,5249,1,1
13536,17992,5249,1,1
13537,17993,5250,1,0
13538,17994,5251,1,0
13539,17995,5251,1,0
13540,17996,5252,1,1
13541,17997,5252,1,1
13542,17998,5252,1,1
13543,18000,5253,1,0
13544,18002,5253,1,0
13545,18004,5254,1,0
13546,18005,5254,1,0
13547,18006,5255,1,0
13548,18008,5256,1,1
13549,18009,5256,1,1
13550,18010,5256,1,1
13551,18011,5256,1,0
13552,18012,5256,1,1
13553,18014,5257,1,0
13554,18016,5258,1,1
13555,18017,5258,1,1
13556,18019,5258,1,1
13557,18020,5258,1,1
13558,18021,5258,1,0
13559,18022,5259,1,0
13560,18023,5259,1,0
13561,18024,5259,1,0
13562,18025,5259,1,0
13563,18026,5259,1,0
13564,18027,5260,1,0
13565,18028,5260,1,0
13566,18030,5260,1,0
13567,18031,5261,1,0
13568,18032,5261,1,0
13569,18033,5261,1,1
13570,18035,5261,1,1
13571,18036,5261,1,1
13572,18037,5261,1,0
13573,18040,5262,1,1
13574,18041,5263,1,0
13575,18042,5263,1,1
13576,18043,5263,1,0
13577,18044,5263,1,0
13578,18045,5265,1,0
13579,18046,5265,1,0
13580,18047,5266,1,1
13581,18049,5266,1,0
13582,18050,5266,1,1
13583,18051,5266,1,0
13584,18052,5266,1,0
13585,18053,5266,1,0
13586,18054,5267,1,0
13587,18055,5267,1,1
13588,18058,5268,1,0
13589,18059,5269,1,0
13590,18060,5270,1,0
13591,18061,5270,1,0
13592,18062,5270,1,0
13593,18064,5270,1,0
13594,18065,5271,1,0
13595,18067,5271,1,1
13596,18069,5271,1,1
13597,18070,5271,1,0
13598,18072,5271,1,1
13599,18073,5272,1,0
13600,18074,5273,1,0
13601,18075,5273,1,1
13602,18076,5274,1,0
13603,18078,5274,1,1
13604,18079,5274,1,0
13605,18080,5275,1,0
13606,18081,5275,1,1
13607,18082,5276,1,0
13608,18084,5276,1,0
13609,18085,5276,1,1
13610,18087,5276,1,1
13611,18090,5277,1,0
13612,18091,5278,1,0
13613,18093,5278,1,0
13614,18095,5279,1,0
13615,18096,5279,1,1
13616,18099,5279,1,0
13617,18100,5280,1,0
13618,18102,5280,1,0
13619,18103,5280,1,0
13620,18105,5280,1,1
13621,18106,5281,1,0
13622,18107,5281,1,0
13623,18108,5281,1,0
13624,18109,5281,1,0
13625,18111,5281,1,0
13626,18112,5281,1,1
13627,18113,5281,1,0
13628,18115,5283,1,0
13629,18116,5283,1,1
13630,18118,5283,1,1
13631,18119,5283,1,1
13632,18122,5285,1,0
13633,18123,5285,1,1
13634,18124,5286,1,1
13635,18125,5286,1,0
13636,18126,5286,1,0
13637,18127,5286,1,0
13638,18128,5286,1,1
13639,18130,5286,1,1
13640,18131,5286,1,0
13641,18133,5287,1,0
13642,18134,5287,1,0
13643,18135,5287,1,1
13644,18136,5288,1,1
13645,18138,5288,1,1
13646,18140,5288,1,1
13647,18141,5288,1,0
13648,18142,5288,1,0
13649,18143,5289,1,0
13650,18145,5290,1,0
13651,18146,5290,1,0
13652,18147,5290,1,0
13653,18148,5290,1,1
13654,18149,5290,1,0
13655,18151,5291,1,0
13656,18152,5291,1,1
13657,18153,5291,1,0
13658,18154,5291,1,0
13659,18157,5292,1,0
13660,18158,5292,1,0
13661,18159,5292,1,0
13662,18161,5293,1,0
13663,18162,5294,1,1
13664,18163,5294,1,0
13665,18164,5294,1,0
13666,18165,5294,1,0
13667,18169,5296,1,1
13668,18170,5296,1,0
13669,18174,5298,1,1
13670,18175,5298,1,1
13671,18176,5298,1,0
13672,18177,5298,1,0
13673,18178,5298,1,1
13674,18179,5298,1,1
13675,18180,5299,1,1
13676,18181,5299,1,0
13677,18183,5299,1,1
13678,18184,5299,1,1
13679,18185,5299,1,1
13680,18186,5300,1,0
13681,18187,5300,1,0
13682,18188,5300,1,0
13683,18190,5300,1,1
13684,18191,5300,1,1
13685,18192,5300,1,0
13686,18193,5300,1,0
13687,18195,5302,1,1
13688,18196,5302,1,0
13689,18197,5302,1,0
13690,18198,5302,1,0
13691,18199,5302,1,0
13692,18200,5303,1,0
13693,18202,5303,1,0
13694,18203,5304,1,1
13695,18204,5304,1,1
13696,18205,5304,1,1
13697,18206,5304,1,0
13698,18207,5305,1,0
13699,18208,5305,1,0
13700,18213,5306,1,0
13701,18214,5306,1,0
13702,18215,5308,1,1
13703,18216,5308,1,1
13704,18218,5308,1,0
13705,18219,5308,1,0
13706,18220,5308,1,1
13707,18221,5308,1,0
13708,18222,5309,1,1
13709,18223,5309,1,0
13710,18224,5309,1,1
13711,18225,5310,1,0
13712,18226,5311,1,0
13713,18228,5312,1,1
13714,18229,5312,1,1
13715,18230,5312,1,0
13716,18231,5312,1,0
13717,18232,5312,1,1
13718,18233,5312,1,1
13719,18234,5313,1,0
13720,18235,5313,1,1
13721,18236,5313,1,1
13722,18238,5313,1,0
13723,18239,5313,1,0
13724,18240,5313,1,0
13725,18241,5313,1,1
13726,18243,5314,1,0
13727,18244,5314,1,0
13728,18246,5315,1,0
13729,18247,5315,1,1
13730,18248,5315,1,0
13731,18250,5316,1,1
13732,18251,5316,1,0
13733,18253,5317,1,1
13734,18254,5317,1,0
13735,18255,5317,1,0
13736,18257,5317,1,1
13737,18258,5318,1,0
13738,18259,5318,1,0
13739,18262,5319,1,0
13740,18263,5319,1,0
13741,18264,5319,1,0
13742,18265,5320,1,0
13743,18267,5320,1,1
13744,18268,5321,1,0
13745,18270,5321,1,1
13746,18271,5321,1,0
13747,18272,5322,1,0
13748,18273,5322,1,1
13749,18274,5322,1,0
13750,18275,5322,1,0
13751,18276,5322,1,1
13752,18277,5323,1,0
13753,18279,5323,1,0
13754,18280,5323,1,0
13755,18282,5324,1,1
13756,18284,5324,1,1
13757,18285,5325,1,1
13758,18287,5325,1,1
13759,18288,5325,1,0
13760,18289,5326,1,1
13761,18290,5326,1,1
13762,18291,5326,1,0
13763,18292,5326,1,1
13764,18293,5326,1,1
13765,18295,5327,1,0
13766,18298,5328,1,1
13767,18299,5328,1,1
13768,18300,5328,1,0
13769,18301,5329,1,1
13770,18302,5329,1,0
13771,18303,5329,1,0
13772,18304,5329,1,0
13773,18305,5329,1,0
13774,18306,5329,1,1
13775,18307,5330,1,1
13776,18308,5330,1,1
13777,18310,5330,1,1
13778,18311,5330,1,1
13779,18313,5330,1,1
13780,18315,5331,1,1
13781,18318,5331,1,1
13782,18319,5331,1,0
13783,18320,5332,1,0
13784,18321,5332,1,1
13785,18322,5333,1,0
13786,18324,5336,1,0
13787,18325,5337,1,0
13788,18326,5337,1,0
13789,18327,5337,1,0
13790,18328,5337,1,0
13791,18329,5337,1,0
13792,18330,5338,1,0
13793,18334,5339,1,0
13794,18335,5339,1,1
13795,18336,5339,1,0
13796,18337,5339,1,0
13797,18338,5339,1,1
13798,18339,5339,1,0
13799,18340,5339,1,0
13800,18341,5339,1,1
13801,18342,5339,1,0
13802,18343,5340,1,0
13803,18346,5341,1,0
13804,18347,5342,1,0
13805,18349,5342,1,1
13806,18351,5343,1,1
13807,18352,5344,1,0
13808,18353,5344,1,0
13809,18355,5345,1,0
13810,18357,5346,1,0
13811,18360,5348,1,0
13812,18361,5348,1,0
13813,18362,5348,1,1
13814,18364,5349,1,0
13815,18366,5349,1,1
13816,18367,5349,1,0
13817,18368,5349,1,0
13818,18369,5349,1,0
13819,18370,5350,1,0
13820,18371,5350,1,0
13821,18372,5350,1,1
13822,18373,5351,1,0
13823,18374,5351,1,0
13824,18375,5351,1,1
13825,18376,5351,1,1
13826,18377,5351,1,0
13827,18381,5352,1,1
13828,18382,5352,1,1
13829,18383,5353,1,0
13830,18384,5353,1,1
13831,18385,5353,1,0
13832,18386,5353,1,0
13833,18387,5353,1,1
13834,18388,5353,1,0
13835,18389,5353,1,1
13836,18390,5354,1,0
13837,18391,5354,1,0
13838,18392,5354,1,0
13839,18393,5354,1,0
13840,18394,5354,1,1
13841,18396,5354,1,1
13842,18397,5354,1,1
13843,18400,5356,1,0
13844,18401,5357,1,0
13845,18402,5357,1,0
13846,18403,5357,1,0
13847,18404,5357,1,0
13848,18405,5359,1,1
13849,18406,5359,1,0
13850,18407,5359,1,0
13851,18408,5359,1,0
13852,18409,5360,1,0
13853,18410,5360,1,0
13854,18411,5360,1,0
13855,18412,5361,1,0
13856,18414,5362,1,0
13857,18415,5362,1,1
13858,18417,5363,1,0
13859,18418,5364,1,0
13860,18420,5364,1,0
13861,18421,5364,1,0
13862,18422,5364,1,0
13863,18423,5364,1,1
13864,18424,5365,1,0
13865,18425,5365,1,0
13866,18426,5365,1,0
13867,18427,5365,1,1
13868,18428,5366,1,1
13869,18429,5366,1,0
13870,18430,5366,1,1
13871,18431,5366,1,1
13872,18432,5366,1,0
13873,18434,5367,1,1
13874,18435,5367,1,0
13875,18437,5368,1,0
13876,18438,5368,1,0
13877,18441,5369,1,0
13878,18442,5369,1,0
13879,18443,5369,1,0
13880,18445,5370,1,0
13881,18447,5370,1,1
13882,18448,5371,1,1
13883,18449,5371,1,1
13884,18450,5371,1,0
13885,18451,5371,1,0
13886,18452,5371,1,0
13887,18453,5372,1,1
13888,18454,5372,1,0
13889,18455,5372,1,1
13890,18456,5372,1,1
13891,18458,5373,1,1
13892,18459,5373,1,1
13893,18461,5373,1,0
13894,18463,5373,1,0
13895,18466,5375,1,0
13896,18469,5376,1,1
13897,18472,5376,1,1
13898,18473,5376,1,0
13899,18474,5376,1,0
13900,18478,5377,1,1
13901,18479,5377,1,0
13902,18482,5378,1,0
13903,18483,5378,1,1
13904,18484,5378,1,0
13905,18485,5378,1,0
13906,18487,5379,1,1
13907,18489,5379,1,1
13908,18490,5379,1,0
13909,18491,5379,1,0
13910,18494,5380,1,1
13911,18495,5381,1,0
13912,18497,5381,1,1
13913,18498,5382,1,0
13914,18499,5383,1,1
13915,18500,5383,1,0
13916,18505,5385,1,0
13917,18507,5386,1,0
13918,18508,5386,1,1
13919,18509,5387,1,0
13920,18510,5387,1,0
13921,18511,5388,1,0
13922,18512,5389,1,0
13923,18513,5389,1,0
13924,18514,5389,1,0
13925,18516,5390,1,1
13926,18517,5390,1,1
13927,18518,5390,1,0
13928,18519,5391,1,0
13929,18520,5392,1,0
13930,18521,5392,1,0
13931,18522,5392,1,0
13932,18525,5395,1,0
13933,18526,5395,1,0
13934,18527,5395,1,0
13935,18528,5395,1,0
13936,18530,5398,1,0
13937,18531,5398,1,0
13938,18532,5398,1,0
13939,18533,5399,1,1
13940,18534,5399,1,0
13941,18535,5400,1,0
13942,18536,5401,1,0
13943,18537,5401,1,0
13944,18539,5402,1,0
13945,18540,5402,1,0
13946,18541,5403,1,0
13947,18542,5403,1,0
13948,18544,5404,1,0
13949,18545,5404,1,1
13950,18547,5405,1,1
13951,18548,5405,1,0
13952,18549,5405,1,0
13953,18550,5405,1,1
13954,18551,5406,1,1
13955,18553,5406,1,0
13956,18554,5406,1,1
13957,18555,5406,1,1
13958,18557,5406,1,0
13959,18558,5407,1,0
13960,18560,5407,1,0
13961,18561,5407,1,1
13962,18563,5408,1,0
13963,18564,5408,1,1
13964,18566,5408,1,0
13965,18567,5408,1,0
13966,18568,5409,1,0
13967,18570,5410,1,0
13968,18571,5410,1,0
13969,18572,5410,1,0
13970,18574,5412,1,1
13971,18576,5413,1,0
13972,18577,5413,1,0
13973,18578,5413,1,0
13974,18579,5413,1,0
13975,18580,5413,1,0
13976,18581,5414,1,0
13977,18583,5414,1,0
13978,18584,5415,1,1
13979,18586,5415,1,1
13980,18587,5415,1,0
13981,18588,5418,1,0
13982,18589,5418,1,1
13983,18590,5418,1,0
13984,18591,5418,1,1
13985,18592,5419,1,1
13986,18593,5419,1,0
13987,18595,5420,1,0
13988,18596,5420,1,1
13989,18597,5421,1,1
13990,18598,5421,1,1
13991,18601,5423,1,1
13992,18604,5423,1,1
13993,18605,5423,1,0
13994,18606,5423,1,0
13995,18607,5424,1,0
13996,18608,5425,1,0
13997,18609,5425,1,0
13998,18610,5425,1,0
13999,18611,5426,1,0
14000,18612,5426,1,0
14001,18613,5426,1,0
14002,18614,5426,1,1
14003,18615,5426,1,0
14004,18616,5426,1,0
14005,18617,5427,1,0
14006,18618,5427,1,0
14007,18619,5427,1,0
14008,18620,5427,1,1
14009,18621,5427,1,0
14010,18622,5427,1,0
14011,18623,5428,1,0
14012,18624,5428,1,0
14013,18626,5430,1,0
14014,18627,5430,1,0
14015,18628,5430,1,0
14016,18629,5430,1,0
14017,18630,5430,1,1
14018,18631,5430,1,0
14019,18632,5431,1,1
14020,18633,5431,1,0
14021,18636,5432,1,0
14022,18637,5432,1,0
14023,18638,5432,1,0
14024,18639,5432,1,1
14025,18640,5432,1,0
14026,18641,5432,1,0
14027,18642,5433,1,0
14028,18643,5433,1,1
14029,18644,5433,1,1
14030,18645,5433,1,0
14031,18647,5434,1,0
14032,18649,5434,1,0
14033,18650,5434,1,0
14034,18652,5434,1,1
14035,18654,5434,1,0
14036,18655,5434,1,0
14037,18657,5435,1,0
14038,18658,5435,1,0
14039,18659,5435,1,1
14040,18660,5436,1,0
14041,18661,5436,1,0
14042,18662,5436,1,0
14043,18665,5437,1,1
14044,18666,5438,1,1
14045,18667,5438,1,0
14046,18668,5438,1,1
14047,18669,5439,1,1
14048,18671,5439,1,0
14049,18672,5439,1,1
14050,18673,5439,1,0
14051,18674,5439,1,1
14052,18675,5440,1,0
14053,18676,5440,1,0
14054,18677,5440,1,0
14055,18678,5440,1,0
14056,18679,5441,1,1
14057,18680,5442,1,1
14058,18681,5442,1,0
14059,18684,5443,1,0
14060,18685,5443,1,0
14061,18686,5444,1,0
14062,18687,5444,1,0
14063,18688,5445,1,0
14064,18690,5447,1,1
14065,18691,5447,1,1
14066,18692,5447,1,0
14067,18693,5448,1,0
14068,18694,5448,1,1
14069,18695,5449,1,0
14070,18696,5449,1,0
14071,18697,5450,1,1
14072,18698,5451,1,1
14073,18699,5451,1,0
14074,18701,5451,1,0
14075,18702,5451,1,1
14076,18704,5452,1,1
14077,18706,5452,1,1
14078,18710,5453,1,0
14079,18714,5453,1,0
14080,18715,5454,1,1
14081,18716,5454,1,0
14082,18717,5454,1,0
14083,18718,5454,1,0
14084,18719,5454,1,1
14085,18720,5454,1,0
14086,18721,5454,1,0
14087,18722,5454,1,1
14088,18723,5454,1,0
14089,18724,5455,1,1
14090,18727,5456,1,1
14091,18728,5456,1,1
14092,18729,5456,1,0
14093,18730,5456,1,0
14094,18732,5456,1,0
14095,18733,5457,1,1
14096,18734,5457,1,0
14097,18735,5457,1,1
14098,18737,5457,1,0
14099,18739,5458,1,0
14100,18740,5459,1,0
14101,18741,5459,1,0
14102,18742,5459,1,1
14103,18743,5459,1,1
14104,18744,5460,1,0
14105,18746,5461,1,1
14106,18747,5461,1,0
14107,18748,5461,1,0
14108,18749,5461,1,1
14109,18750,5461,1,0
14110,18751,5461,1,1
14111,18752,5462,1,0
14112,18753,5462,1,0
14113,18754,5462,1,1
14114,18755,5462,1,0
14115,18756,5462,1,1
14116,18757,5463,1,1
14117,18758,5463,1,1
14118,18759,5464,1,1
14119,18760,5464,1,1
14120,18762,5464,1,0
14121,18763,5464,1,0
14122,18764,5464,1,0
14123,18765,5464,1,0
14124,18766,5464,1,0
14125,18770,5465,1,1
14126,18771,5465,1,0
14127,18772,5465,1,1
14128,18773,5466,1,0
14129,18774,5466,1,0
14130,18775,5466,1,0
14131,18776,5466,1,1
14132,18779,5467,1,0
14133,18780,5467,1,0
14134,18781,5467,1,0
14135,18782,5467,1,1
14136,18783,5467,1,1
14137,18784,5470,1,0
14138,18786,5471,1,0
14139,18787,5471,1,0
14140,18789,5471,1,1
14141,18790,5471,1,0
14142,18791,5471,1,1
14143,18792,5471,1,0
14144,18793,5473,1,0
14145,18794,5473,1,1
14146,18795,5473,1,0
14147,18796,5474,1,0
14148,18797,5475,1,0
14149,18798,5475,1,1
14150,18799,5475,1,0
14151,18800,5475,1,0
14152,18801,5475,1,0
14153,18803,5475,1,1
14154,18804,5476,1,0
14155,18805,5477,1,1
14156,18806,5478,1,0
14157,18807,5478,1,1
14158,18808,5478,1,0
14159,18809,5479,1,1
14160,18810,5479,1,0
14161,18811,5479,1,1
14162,18812,5479,1,0
14163,18813,5479,1,1
14164,18814,5480,1,1
14165,18816,5480,1,1
14166,18818,5481,1,0
14167,18819,5481,1,0
14168,18820,5481,1,0
14169,18821,5481,1,0
14170,18823,5482,1,0
14171,18825,5484,1,0
14172,18826,5484,1,1
14173,18827,5484,1,0
14174,18828,5484,1,0
14175,18829,5484,1,0
14176,18830,5484,1,0
14177,18831,5484,1,1
14178,18832,5484,1,0
14179,18833,5484,1,0
14180,18834,5485,1,1
14181,18835,5486,1,1
14182,18836,5486,1,0
14183,18838,5487,1,1
14184,18840,5488,1,0
14185,18843,5488,1,0
14186,18844,5488,1,0
14187,18846,5488,1,1
14188,18847,5488,1,0
14189,18848,5489,1,0
14190,18849,5489,1,1
14191,18850,5489,1,1
14192,18851,5489,1,0
14193,18852,5489,1,0
14194,18855,5489,1,0
14195,18856,5490,1,0
14196,18857,5490,1,0
14197,18858,5490,1,1
14198,18859,5490,1,0
14199,18860,5490,1,1
14200,18861,5490,1,0
14201,18862,5491,1,0
14202,18863,5491,1,1
14203,18864,5491,1,0
14204,18865,5491,1,1
14205,18866,5491,1,0
14206,18867,5492,1,0
14207,18869,5492,1,0
14208,18870,5492,1,1
14209,18872,5492,1,0
14210,18874,5492,1,0
14211,18876,5494,1,0
14212,18877,5494,1,1
14213,18878,5494,1,0
14214,18880,5495,1,1
14215,18881,5495,1,1
14216,18883,5495,1,0
14217,18885,5495,1,0
14218,18886,5495,1,1
14219,18887,5497,1,0
14220,18888,5498,1,0
14221,18889,5498,1,0
14222,18890,5498,1,1
14223,18891,5498,1,0
14224,18892,5499,1,0
14225,18894,5499,1,1
14226,18895,5499,1,0
14227,18898,5500,1,1
14228,18899,5500,1,1
14229,18900,5500,1,0
14230,18901,5500,1,1
14231,18902,5500,1,0
14232,18903,5500,1,1
14233,18904,5500,1,0
14234,18905,5500,1,0
14235,18906,5501,1,0
14236,18907,5501,1,1
14237,18908,5503,1,0
14238,18909,5503,1,1
14239,18910,5504,1,0
14240,18911,5504,1,0
14241,18912,5505,1,1
14242,18913,5505,1,0
14243,18917,5506,1,1
14244,18918,5506,1,0
14245,18919,5506,1,0
14246,18922,5507,1,1
14247,18923,5508,1,0
14248,18924,5508,1,0
14249,18925,5508,1,1
14250,18928,5508,1,0
14251,18929,5508,1,1
14252,18930,5509,1,0
14253,18931,5509,1,0
14254,18932,5509,1,0
14255,18933,5509,1,1
14256,18934,5509,1,0
14257,18935,5509,1,0
14258,18936,5510,1,0
14259,18937,5510,1,1
14260,18939,5511,1,1
14261,18940,5511,1,0
14262,18941,5512,1,1
14263,18942,5512,1,0
14264,18943,5512,1,0
14265,18944,5512,1,0
14266,18945,5512,1,0
14267,18946,5512,1,1
14268,18948,5513,1,0
14269,18949,5513,1,0
14270,18950,5513,1,0
14271,18951,5513,1,1
14272,18952,5514,1,0
14273,18955,5514,1,0
14274,18956,5514,1,0
14275,18958,5516,1,0
14276,18959,5516,1,1
14277,18960,5517,1,1
14278,18962,5517,1,0
14279,18963,5517,1,1
14280,18964,5517,1,0
14281,18965,5517,1,0
14282,18966,5518,1,1
14283,18967,5518,1,0
14284,18969,5519,1,1
14285,18970,5519,1,0
14286,18971,5519,1,1
14287,18972,5519,1,0
14288,18973,5520,1,0
14289,18975,5520,1,0
14290,18977,5521,1,1
14291,18978,5521,1,0
14292,18979,5521,1,0
14293,18980,5521,1,0
14294,18981,5521,1,1
14295,18982,5523,1,0
14296,18983,5523,1,0
14297,18984,5523,1,1
14298,18985,5524,1,0
14299,18986,5524,1,0
14300,18987,5524,1,0
14301,18988,5524,1,0
14302,18989,5524,1,0
14303,18990,5524,1,0
14304,18991,5524,1,0
14305,18994,5526,1,0
14306,18995,5526,1,0
14307,18996,5527,1,1
14308,18997,5527,1,1
14309,18998,5529,1,0
14310,18999,5529,1,1
14311,19001,5529,1,1
14312,19002,5529,1,0
14313,19003,5529,1,0
14314,19004,5530,1,0
14315,19005,5530,1,0
14316,19007,5532,1,0
14317,19008,5532,1,0
14318,19009,5532,1,0
14319,19010,5533,1,0
14320,19013,5535,1,0
14321,19014,5535,1,0
14322,19015,5535,1,1
14323,19016,5535,1,0
14324,19017,5535,1,1
14325,19018,5535,1,0
14326,19019,5536,1,1
14327,19020,5536,1,1
14328,19022,5536,1,1
14329,19025,5536,1,1
14330,19026,5536,1,1
14331,19027,5537,1,1
14332,19029,5538,1,0
14333,19030,5538,1,0
14334,19031,5538,1,0
14335,19035,5539,1,0
14336,19036,5539,1,0
14337,19037,5540,1,1
14338,19038,5542,1,1
14339,19039,5542,1,1
14340,19040,5542,1,0
14341,19041,5542,1,0
14342,19042,5543,1,0
14343,19043,5543,1,0
14344,19044,5544,1,0
14345,19046,5545,1,0
14346,19048,5546,1,0
14347,19049,5546,1,0
14348,19050,5546,1,0
14349,19054,5547,1,0
14350,19056,5548,1,0
14351,19057,5548,1,0
14352,19058,5549,1,0
14353,19060,5549,1,0
14354,19061,5550,1,1
14355,19062,5550,1,0
14356,19063,5550,1,1
14357,19064,5551,1,0
14358,19065,5551,1,1
14359,19066,5551,1,0
14360,19067,5552,1,0
14361,19068,5552,1,1
14362,19069,5552,1,1
14363,19070,5552,1,0
14364,19071,5554,1,0
14365,19074,5555,1,0
14366,19075,5555,1,0
14367,19077,5555,1,0
14368,19081,5556,1,1
14369,19082,5557,1,1
14370,19083,5557,1,0
14371,19084,5558,1,0
14372,19087,5559,1,0
14373,19088,5559,1,0
14374,19089,5559,1,0
14375,19091,5560,1,0
14376,19092,5560,1,0
14377,19093,5560,1,0
14378,19094,5560,1,0
14379,19095,5560,1,1
14380,19096,5561,1,0
14381,19097,5562,1,0
14382,19098,5562,1,1
14383,19099,5562,1,1
14384,19100,5562,1,1
14385,19101,5562,1,0
14386,19103,5562,1,0
14387,19104,5562,1,1
14388,19105,5562,1,1
14389,19106,5563,1,1
14390,19108,5563,1,0
14391,19109,5563,1,0
14392,19110,5563,1,0
14393,19112,5564,1,0
14394,19113,5564,1,0
14395,19114,5565,1,1
14396,19116,5566,1,0
14397,19117,5567,1,0
14398,19118,5569,1,0
14399,19119,5569,1,0
14400,19120,5569,1,0
14401,19122,5569,1,0
14402,19123,5569,1,0
14403,19124,5569,1,0
14404,19125,5570,1,0
14405,19126,5570,1,1
14406,19127,5570,1,0
14407,19128,5570,1,0
14408,19129,5570,1,0
14409,19132,5570,1,0
14410,19134,5571,1,1
14411,19135,5571,1,0
14412,19136,5571,1,0
14413,19137,5571,1,1
14414,19138,5571,1,0
14415,19139,5571,1,0
14416,19140,5571,1,0
14417,19141,5572,1,0
14418,19142,5573,1,0
14419,19143,5573,1,0
14420,19144,5573,1,0
14421,19145,5573,1,0
14422,19146,5575,1,0
14423,19147,5575,1,0
14424,19148,5575,1,0
14425,19149,5576,1,0
14426,19150,5576,1,1
14427,19151,5577,1,0
14428,19154,5577,1,0
14429,19156,5577,1,0
14430,19157,5580,1,1
14431,19158,5580,1,1
14432,19160,5580,1,0
14433,19163,5580,1,0
14434,19164,5581,1,0
14435,19165,5581,1,0
14436,19166,5581,1,0
14437,19168,5582,1,0
14438,19170,5582,1,1
14439,19171,5582,1,0
14440,19172,5582,1,0
14441,19173,5582,1,0
14442,19174,5582,1,0
14443,19175,5582,1,1
14444,19178,5583,1,1
14445,19179,5583,1,0
14446,19180,5584,1,0
14447,19183,5585,1,0
14448,19186,5586,1,1
14449,19187,5586,1,1
14450,19188,5586,1,0
14451,19189,5587,1,0
14452,19190,5587,1,0
14453,19191,5587,1,0
14454,19192,5587,1,0
14455,19193,5587,1,0
14456,19195,5590,1,0
14457,19197,5591,1,1
14458,19198,5591,1,0
14459,19199,5591,1,0
14460,19200,5592,1,1
14461,19201,5592,1,1
14462,19202,5592,1,0
14463,19203,5593,1,1
14464,19204,5593,1,0
14465,19208,5593,1,0
14466,19209,5594,1,0
14467,19210,5595,1,0
14468,19214,5597,1,0
14469,19215,5597,1,1
14470,19216,5597,1,0
14471,19217,5597,1,1
14472,19218,5597,1,0
14473,19220,5597,1,1
14474,19222,5599,1,0
14475,19223,5600,1,0
14476,19224,5600,1,0
14477,19227,5602,1,0
14478,19228,5602,1,0
14479,19229,5602,1,1
14480,19230,5602,1,1
14481,19232,5602,1,1
14482,19234,5603,1,0
14483,19235,5603,1,0
14484,19236,5603,1,0
14485,19237,5604,1,1
14486,19238,5605,1,1
14487,19239,5605,1,0
14488,19240,5605,1,1
14489,19242,5605,1,1
14490,19243,5606,1,0
14491,19244,5606,1,1
14492,19245,5606,1,0
14493,19246,5606,1,0
14494,19247,5607,1,0
14495,19248,5608,1,1
14496,19249,5608,1,0
14497,19251,5609,1,1
14498,19252,5609,1,0
14499,19253,5609,1,1
14500,19254,5609,1,1
14501,19255,5609,1,0
14502,19257,5609,1,0
14503,19259,5610,1,0
14504,19260,5611,1,0
14505,19262,5611,1,0
14506,19263,5611,1,0
14507,19264,5612,1,1
14508,19265,5612,1,0
14509,19266,5612,1,0
14510,19267,5612,1,0
14511,19269,5612,1,1
14512,19271,5612,1,0
14513,19272,5612,1,1
14514,19274,5613,1,0
14515,19275,5613,1,1
14516,19276,5613,1,0
14517,19277,5613,1,0
14518,19278,5614,1,0
14519,19279,5614,1,0
14520,19281,5614,1,1
14521,19282,5614,1,1
14522,19283,5614,1,1
14523,19284,5615,1,1
14524,19285,5615,1,0
14525,19286,5615,1,0
14526,19287,5615,1,1
14527,19288,5615,1,0
14528,19289,5615,1,0
14529,19290,5615,1,0
14530,19291,5615,1,1
14531,19292,5615,1,1
14532,19295,5616,1,0
14533,19296,5616,1,0
14534,19298,5617,1,1
14535,19299,5617,1,0
14536,19300,5618,1,0
14537,19301,5619,1,0
14538,19302,5619,1,0
14539,19303,5619,1,1
14540,19304,5619,1,0
14541,19305,5619,1,0
14542,19306,5619,1,0
14543,19307,5620,1,0
14544,19310,5621,1,0
14545,19312,5621,1,1
14546,19313,5622,1,0
14547,19314,5622,1,1
14548,19315,5622,1,0
14549,19316,5622,1,0
14550,19318,5623,1,1
14551,19319,5623,1,0
14552,19320,5623,1,0
14553,19324,5624,1,0
14554,19326,5624,1,1
14555,19327,5624,1,1
14556,19329,5624,1,0
14557,19331,5625,1,1
14558,19332,5625,1,0
14559,19333,5625,1,0
14560,19334,5626,1,0
14561,19335,5626,1,0
14562,19336,5626,1,0
14563,19338,5626,1,0
14564,19339,5626,1,1
14565,19340,5627,1,0
14566,19342,5627,1,0
14567,19343,5627,1,0
14568,19344,5627,1,0
14569,19346,5628,1,0
14570,19347,5628,1,0
14571,19348,5628,1,0
14572,19349,5628,1,0
14573,19351,5628,1,1
14574,19352,5629,1,0
14575,19353,5629,1,1
14576,19355,5629,1,0
14577,19356,5629,1,0
14578,19357,5629,1,0
14579,19358,5629,1,0
14580,19359,5629,1,0
14581,19364,5633,1,1
14582,19365,5633,1,1
14583,19367,5633,1,1
14584,19368,5634,1,0
14585,19369,5635,1,0
14586,19370,5637,1,0
14587,19371,5637,1,1
14588,19372,5637,1,0
14589,19375,5638,1,0
14590,19376,5638,1,0
14591,19380,5639,1,1
14592,19381,5639,1,1
14593,19382,5640,1,0
14594,19383,5640,1,0
14595,19384,5640,1,1
14596,19385,5640,1,0
14597,19386,5642,1,0
14598,19387,5643,1,0
14599,19389,5644,1,0
14600,19390,5644,1,0
14601,19391,5645,1,0
14602,19393,5646,1,1
14603,19394,5646,1,0
14604,19395,5646,1,0
14605,19397,5647,1,0
14606,19398,5647,1,0
14607,19399,5648,1,0
14608,19400,5648,1,1
14609,19401,5648,1,1
14610,19403,5652,1,0
14611,19407,5655,1,1
14612,19411,5656,1,1
14613,19412,5656,1,0
14614,19413,5656,1,0
14615,19414,5657,1,0
14616,19415,5657,1,0
14617,19416,5657,1,0
14618,19417,5658,1,1
14619,19419,5658,1,0
14620,19421,5658,1,0
14621,19422,5659,1,1
14622,19423,5659,1,0
14623,19424,5660,1,0
14624,19426,5660,1,1
14625,19427,5660,1,0
14626,19428,5660,1,0
14627,19429,5660,1,1
14628,19430,5660,1,1
14629,19431,5660,1,0
14630,19432,5661,1,0
14631,19433,5661,1,0
14632,19435,5661,1,1
14633,19436,5661,1,1
14634,19437,5661,1,0
14635,19438,5663,1,0
14636,19442,5664,1,0
14637,19444,5665,1,1
14638,19445,5666,1,1
14639,19446,5667,1,0
14640,19447,5667,1,1
14641,19448,5667,1,1
14642,19449,5667,1,1
14643,19450,5667,1,0
14644,19451,5667,1,0
14645,19452,5667,1,0
14646,19454,5668,1,0
14647,19455,5668,1,0
14648,19456,5670,1,0
14649,19457,5670,1,0
14650,19458,5670,1,1
14651,19459,5670,1,0
14652,19461,5671,1,0
14653,19462,5672,1,0
14654,19463,5672,1,1
14655,19466,5676,1,0
14656,19467,5676,1,1
14657,19469,5677,1,1
14658,19471,5678,1,1
14659,19472,5679,1,0
14660,19473,5679,1,0
14661,19474,5679,1,1
14662,19475,5679,1,1
14663,19476,5679,1,1
14664,19477,5679,1,0
14665,19478,5679,1,0
14666,19479,5679,1,0
14667,19480,5679,1,1
14668,19481,5679,1,0
14669,19482,5680,1,0
14670,19483,5680,1,1
14671,19484,5680,1,1
14672,19485,5680,1,0
14673,19487,5681,1,0
14674,19489,5682,1,1
14675,19491,5682,1,0
14676,19492,5682,1,1
14677,19493,5683,1,1
14678,19494,5683,1,0
14679,19495,5683,1,1
14680,19496,5683,1,0
14681,19497,5683,1,1
14682,19498,5683,1,1
14683,19499,5683,1,0
14684,19500,5683,1,0
14685,19501,5683,1,1
14686,19502,5684,1,0
14687,19503,5684,1,0
14688,19504,5684,1,0
14689,19505,5684,1,1
14690,19506,5684,1,0
14691,19508,5685,1,0
14692,19509,5685,1,0
14693,19510,5685,1,1
14694,19511,5685,1,0
14695,19513,5685,1,0
14696,19514,5686,1,1
14697,19515,5686,1,0
14698,19516,5687,1,1
14699,19518,5687,1,0
14700,19520,5687,1,0
14701,19522,5688,1,0
14702,19523,5688,1,0
14703,19525,5689,1,0
14704,19528,5689,1,1
14705,19529,5689,1,0
14706,19530,5690,1,1
14707,19531,5691,1,0
14708,19532,5691,1,0
14709,19533,5691,1,0
14710,19534,5691,1,1
14711,19535,5692,1,0
14712,19536,5692,1,1
14713,19538,5692,1,0
14714,19540,5693,1,0
14715,19541,5693,1,0
14716,19543,5693,1,1
14717,19544,5694,1,0
14718,19545,5694,1,1
14719,19546,5695,1,0
14720,19547,5695,1,0
14721,19551,5695,1,1
14722,19552,5695,1,0
14723,19554,5697,1,1
14724,19555,5697,1,0
14725,19557,5697,1,1
14726,19558,5697,1,1
14727,19559,5698,1,0
14728,19560,5699,1,0
14729,19561,5699,1,0
14730,19563,5699,1,0
14731,19565,5699,1,1
14732,19567,5699,1,1
14733,19568,5699,1,1
14734,19571,5699,1,1
14735,19576,5701,1,1
14736,19577,5701,1,0
14737,19578,5701,1,0
14738,19579,5701,1,1
14739,19580,5701,1,1
14740,19582,5702,1,1
14741,19583,5702,1,0
14742,19584,5702,1,1
14743,19586,5702,1,1
14744,19588,5703,1,0
14745,19589,5703,1,0
14746,19590,5703,1,0
14747,19591,5703,1,0
14748,19592,5704,1,0
14749,19593,5704,1,0
14750,19594,5704,1,0
14751,19595,5705,1,1
14752,19597,5705,1,0
14753,19598,5705,1,1
14754,19599,5705,1,1
14755,19600,5705,1,0
14756,19603,5706,1,1
14757,19604,5706,1,0
14758,19605,5706,1,0
14759,19606,5706,1,1
14760,19609,5708,1,1
14761,19612,5709,1,0
14762,19613,5709,1,1
14763,19614,5709,1,1
14764,19618,5710,1,0
14765,19619,5710,1,1
14766,19620,5710,1,0
14767,19621,5710,1,0
14768,19622,5711,1,1
14769,19623,5711,1,0
14770,19625,5711,1,0
14771,19627,5712,1,0
14772,19628,5712,1,1
14773,19629,5713,1,1
14774,19630,5713,1,0
14775,19631,5713,1,0
14776,19632,5713,1,1
14777,19633,5713,1,0
14778,19636,5714,1,0
14779,19637,5715,1,0
14780,19640,5716,1,1
14781,19641,5716,1,0
14782,19642,5716,1,1
14783,19643,5716,1,0
14784,19644,5717,1,0
14785,19645,5717,1,0
14786,19647,5718,1,0
14787,19648,5718,1,0
14788,19651,5718,1,0
14789,19652,5719,1,1
14790,19653,5719,1,1
14791,19654,5719,1,1
14792,19657,5719,1,0
14793,19658,5719,1,0
14794,19659,5720,1,1
14795,19660,5720,1,0
14796,19663,5721,1,1
14797,19664,5721,1,0
14798,19666,5721,1,0
14799,19668,5722,1,0
14800,19669,5722,1,0
14801,19670,5722,1,1
14802,19671,5722,1,0
14803,19674,5722,1,1
14804,19675,5722,1,0
14805,19676,5722,1,1
14806,19678,5723,1,0
14807,19679,5723,1,1
14808,19680,5723,1,0
14809,19681,5724,1,1
14810,19682,5724,1,1
14811,19683,5725,1,0
14812,19684,5725,1,0
14813,19686,5725,1,0
14814,19687,5725,1,0
14815,19688,5726,1,1
14816,19690,5726,1,0
14817,19691,5726,1,1
14818,19692,5726,1,0
14819,19693,5727,1,0
14820,19695,5727,1,0
14821,19697,5727,1,1
14822,19698,5728,1,1
14823,19699,5729,1,1
14824,19700,5729,1,0
14825,19701,5730,1,0
14826,19702,5730,1,0
14827,19703,5731,1,0
14828,19704,5732,1,0
14829,19705,5732,1,1
14830,19706,5734,1,0
14831,19707,5734,1,0
14832,19709,5735,1,0
14833,19711,5735,1,0
14834,19712,5735,1,1
14835,19714,5736,1,1
14836,19715,5736,1,0
14837,19716,5737,1,0
14838,19717,5737,1,0
14839,19718,5738,1,0
14840,19719,5738,1,0
14841,19720,5738,1,1
14842,19721,5739,1,0
14843,19724,5740,1,0
14844,19725,5740,1,0
14845,19726,5740,1,0
14846,19727,5740,1,0
14847,19728,5741,1,0
14848,19729,5741,1,0
14849,19730,5741,1,0
14850,19732,5741,1,1
14851,19733,5742,1,1
14852,19734,5742,1,0
14853,19735,5742,1,0
14854,19737,5742,1,1
14855,19738,5743,1,0
14856,19739,5743,1,0
14857,19741,5744,1,1
14858,19743,5744,1,1
14859,19744,5744,1,0
14860,19745,5744,1,0
14861,19746,5744,1,1
14862,19747,5744,1,0
14863,19748,5745,1,0
14864,19749,5745,1,1
14865,19750,5745,1,1
14866,19751,5745,1,1
14867,19752,5745,1,0
14868,19754,5745,1,0
14869,19755,5746,1,0
14870,19757,5747,1,1
14871,19759,5748,1,0
14872,19760,5748,1,1
14873,19762,5749,1,1
14874,19764,5749,1,1
14875,19765,5749,1,0
14876,19768,5749,1,1
14877,19770,5749,1,1
14878,19771,5750,1,0
14879,19772,5750,1,1
14880,19774,5750,1,0
14881,19775,5750,1,0
14882,19776,5750,1,0
14883,19777,5751,1,0
14884,19779,5751,1,1
14885,19780,5751,1,0
14886,19781,5751,1,1
14887,19783,5752,1,0
14888,19784,5752,1,1
14889,19785,5752,1,1
14890,19786,5753,1,0
14891,19787,5753,1,0
14892,19788,5753,1,0
14893,19789,5753,1,1
14894,19790,5753,1,1
14895,19792,5754,1,0
14896,19793,5755,1,0
14897,19794,5755,1,0
14898,19795,5756,1,0
14899,19796,5756,1,0
14900,19797,5756,1,1
14901,19798,5757,1,1
14902,19799,5757,1,0
14903,19801,5757,1,0
14904,19802,5757,1,0
14905,19803,5758,1,0
14906,19804,5758,1,0
14907,19805,5758,1,1
14908,19806,5758,1,0
14909,19807,5758,1,0
14910,19808,5759,1,0
14911,19809,5759,1,0
14912,19811,5760,1,1
14913,19812,5760,1,0
14914,19814,5761,1,0
14915,19815,5761,1,0
14916,19816,5762,1,0
14917,19818,5762,1,0
14918,19819,5762,1,0
14919,19822,5763,1,0
14920,19823,5763,1,1
14921,19824,5763,1,1
14922,19826,5764,1,1
14923,19827,5764,1,0
14924,19831,5765,1,1
14925,19832,5767,1,1
14926,19833,5768,1,0
14927,19835,5768,1,0
14928,19836,5768,1,1
14929,19837,5768,1,0
14930,19838,5768,1,1
14931,19839,5769,1,1
14932,19840,5769,1,0
14933,19841,5769,1,1
14934,19842,5769,1,1
14935,19843,5769,1,0
14936,19844,5769,1,0
14937,19845,5769,1,0
14938,19846,5769,1,0
14939,19847,5770,1,0
14940,19848,5770,1,0
14941,19849,5770,1,1
14942,19851,5771,1,1
14943,19852,5771,1,0
14944,19853,5771,1,1
14945,19854,5772,1,0
14946,19855,5772,1,0
14947,19856,5772,1,0
14948,19857,5772,1,1
14949,19858,5772,1,1
14950,19860,5772,1,0
14951,19861,5773,1,1
14952,19863,5773,1,0
14953,19865,5773,1,0
14954,19866,5774,1,1
14955,19867,5774,1,0
14956,19868,5774,1,0
14957,19869,5775,1,0
14958,19871,5775,1,1
14959,19872,5775,1,1
14960,19873,5776,1,0
14961,19874,5776,1,0
14962,19876,5777,1,0
14963,19877,5777,1,0
14964,19880,5778,1,1
14965,19882,5779,1,1
14966,19883,5779,1,1
14967,19884,5779,1,0
14968,19885,5779,1,0
14969,19886,5780,1,0
14970,19888,5780,1,1
14971,19890,5780,1,0
14972,19892,5781,1,0
14973,19894,5782,1,1
14974,19895,5782,1,1
14975,19897,5784,1,1
14976,19898,5784,1,0
14977,19901,5784,1,1
14978,19902,5785,1,0
14979,19903,5785,1,1
14980,19904,5785,1,0
14981,19905,5785,1,0
14982,19906,5786,1,0
14983,19907,5786,1,0
14984,19908,5787,1,1
14985,19909,5787,1,0
14986,19911,5789,1,0
14987,19912,5789,1,0
14988,19913,5789,1,0
14989,19914,5789,1,0
14990,19917,5790,1,0
14991,19918,5790,1,0
14992,19919,5790,1,1
14993,19920,5790,1,0
14994,19921,5791,1,1
14995,19922,5791,1,0
14996,19923,5791,1,1
14997,19924,5792,1,0
14998,19925,5793,1,0
14999,19929,5793,1,1
15000,19931,5793,1,0
15001,19932,5793,1,0
15002,19933,5793,1,1
15003,19936,5793,1,1
15004,19937,5794,1,1
15005,19938,5795,1,0
15006,19939,5795,1,0
15007,19940,5796,1,1
15008,19941,5796,1,0
15009,19943,5796,1,1
15010,19944,5797,1,0
15011,19945,5798,1,1
15012,19946,5798,1,0
15013,19947,5799,1,0
15014,19948,5799,1,0
15015,19950,5800,1,1
15016,19951,5800,1,0
15017,19954,5801,1,1
15018,19955,5801,1,0
15019,19957,5801,1,1
15020,19958,5801,1,0
15021,19960,5802,1,0
15022,19962,5802,1,1
15023,19963,5803,1,0
15024,19964,5803,1,1
15025,19966,5804,1,1
15026,19967,5805,1,1
15027,19968,5805,1,1
15028,19969,5805,1,0
15029,19970,5805,1,1
15030,19972,5805,1,0
15031,19975,5807,1,1
15032,19977,5807,1,1
15033,19979,5808,1,0
15034,19980,5808,1,0
15035,19981,5808,1,0
15036,19985,5810,1,0
15037,19986,5810,1,1
15038,19987,5810,1,1
15039,19988,5810,1,0
15040,19990,5811,1,0
15041,19992,5812,1,0
15042,19993,5812,1,0
15043,19994,5813,1,1
15044,19995,5813,1,0
15045,19996,5814,1,1
15046,19997,5814,1,0
15047,19998,5814,1,1
15048,19999,5814,1,0
15049,20000,5815,1,1
15050,20001,5815,1,0
15051,20002,5815,1,0
15052,20003,5815,1,1
15053,20004,5816,1,0
15054,20006,5816,1,0
15055,20007,5816,1,1
15056,20009,5816,1,0
15057,20010,5817,1,0
15058,20011,5817,1,1
15059,20013,5817,1,0
15060,20014,5817,1,0
15061,20015,5817,1,0
15062,20016,5817,1,1
15063,20018,5818,1,0
15064,20019,5818,1,1
15065,20020,5819,1,0
15066,20021,5819,1,0
15067,20022,5819,1,1
15068,20023,5819,1,0
15069,20024,5819,1,0
15070,20025,5819,1,0
15071,20026,5820,1,0
15072,20027,5820,1,0
15073,20028,5820,1,0
15074,20029,5820,1,0
15075,20030,5821,1,0
15076,20031,5821,1,0
15077,20033,5821,1,1
15078,20034,5822,1,1
15079,20035,5822,1,0
15080,20036,5822,1,0
15081,20037,5822,1,0
15082,20038,5823,1,0
15083,20039,5823,1,0
15084,20041,5824,1,0
15085,20042,5824,1,0
15086,20044,5825,1,0
15087,20045,5825,1,0
15088,20047,5826,1,0
15089,20049,5826,1,1
15090,20051,5828,1,0
15091,20052,5828,1,0
15092,20053,5828,1,0
15093,20054,5828,1,1
15094,20055,5828,1,0
15095,20057,5829,1,0
15096,20058,5829,1,1
15097,20059,5829,1,1
15098,20060,5829,1,0
15099,20061,5829,1,0
15100,20062,5829,1,0
15101,20063,5829,1,1
15102,20064,5830,1,1
15103,20065,5831,1,0
15104,20066,5831,1,0
15105,20067,5832,1,0
15106,20068,5832,1,0
15107,20069,5833,1,1
15108,20073,5833,1,0
15109,20075,5833,1,1
15110,20076,5834,1,0
15111,20078,5834,1,0
15112,20079,5834,1,1
15113,20080,5834,1,0
15114,20081,5834,1,0
15115,20082,5835,1,0
15116,20083,5836,1,0
15117,20084,5836,1,0
15118,20085,5837,1,0
15119,20086,5837,1,0
15120,20087,5839,1,1
15121,20089,5840,1,0
15122,20090,5840,1,0
15123,20094,5843,1,1
15124,20095,5843,1,0
15125,20096,5843,1,1
15126,20097,5844,1,0
15127,20098,5844,1,1
15128,20099,5844,1,1
15129,20100,5844,1,0
15130,20101,5844,1,0
15131,20103,5844,1,0
15132,20104,5845,1,1
15133,20105,5845,1,0
15134,20106,5845,1,0
15135,20107,5846,1,0
15136,20109,5846,1,0
15137,20111,5846,1,1
15138,20113,5847,1,0
15139,20114,5847,1,0
15140,20115,5847,1,1
15141,20116,5847,1,0
15142,20118,5847,1,0
15143,20119,5847,1,0
15144,20120,5847,1,0
15145,20121,5848,1,0
15146,20122,5848,1,1
15147,20123,5849,1,0
15148,20124,5850,1,0
15149,20125,5851,1,0
15150,20126,5851,1,0
15151,20127,5851,1,0
15152,20128,5852,1,1
15153,20129,5852,1,1
15154,20130,5852,1,0
15155,20131,5853,1,0
15156,20133,5853,1,0
15157,20134,5854,1,0
15158,20136,5854,1,0
15159,20137,5854,1,1
15160,20138,5854,1,1
15161,20139,5855,1,0
15162,20140,5855,1,0
15163,20141,5857,1,1
15164,20142,5857,1,1
15165,20143,5857,1,0
15166,20144,5857,1,0
15167,20146,5857,1,0
15168,20147,5858,1,0
15169,20148,5858,1,0
15170,20149,5858,1,0
15171,20150,5858,1,0
15172,20152,5858,1,0
15173,20153,5858,1,1
15174,20154,5858,1,0
15175,20155,5858,1,0
15176,20156,5858,1,1
15177,20157,5859,1,0
15178,20158,5860,1,1
15179,20159,5860,1,0
15180,20160,5860,1,1
15181,20161,5861,1,0
15182,20162,5861,1,0
15183,20163,5861,1,0
15184,20165,5861,1,0
15185,20166,5862,1,0
15186,20168,5862,1,1
15187,20171,5862,1,0
15188,20173,5862,1,0
15189,20174,5863,1,0
15190,20175,5863,1,1
15191,20176,5863,1,0
15192,20177,5863,1,0
15193,20179,5863,1,1
15194,20182,5864,1,0
15195,20184,5866,1,0
15196,20185,5866,1,1
15197,20186,5867,1,0
15198,20188,5867,1,1
15199,20189,5867,1,0
15200,20190,5867,1,1
15201,20192,5868,1,1
15202,20195,5868,1,0
15203,20197,5868,1,0
15204,20198,5868,1,0
15205,20199,5869,1,0
15206,20200,5869,1,1
15207,20201,5869,1,0
15208,20202,5869,1,0
15209,20203,5870,1,0
15210,20204,5870,1,1
15211,20205,5871,1,0
15212,20206,5871,1,1
15213,20207,5871,1,0
15214,20209,5872,1,0
15215,20213,5876,1,0
15216,20215,5878,1,0
15217,20216,5878,1,1
15218,20217,5878,1,1
15219,20218,5878,1,0
15220,20219,5879,1,0
15221,20220,5879,1,1
15222,20221,5880,1,0
15223,20222,5880,1,0
15224,20223,5880,1,0
15225,20224,5880,1,0
15226,20225,5880,1,0
15227,20226,5880,1,0
15228,20227,5881,1,1
15229,20228,5881,1,0
15230,20229,5882,1,0
15231,20230,5883,1,0
15232,20231,5883,1,1
15233,20232,5883,1,1
15234,20233,5883,1,1
15235,20234,5883,1,0
15236,20235,5883,1,1
15237,20236,5883,1,1
15238,20237,5883,1,0
15239,20238,5884,1,0
15240,20239,5885,1,0
15241,20240,5885,1,0
15242,20241,5886,1,0
15243,20242,5887,1,1
15244,20243,5887,1,1
15245,20244,5889,1,0
15246,20245,5889,1,0
15247,20246,5889,1,0
15248,20247,5889,1,0
15249,20248,5889,1,0
15250,20249,5890,1,0
15251,20251,5890,1,0
15252,20252,5890,1,0
15253,20253,5891,1,0
15254,20255,5891,1,1
15255,20256,5891,1,0
15256,20257,5891,1,0
15257,20258,5891,1,0
15258,20259,5892,1,1
15259,20261,5892,1,0
15260,20262,5892,1,0
15261,20264,5892,1,1
15262,20266,5893,1,0
15263,20267,5893,1,1
15264,20268,5893,1,0
15265,20270,5894,1,1
15266,20271,5894,1,0
15267,20272,5895,1,0
15268,20273,5895,1,0
15269,20274,5895,1,1
15270,20275,5895,1,0
15271,20276,5896,1,1
15272,20277,5898,1,1
15273,20280,5898,1,0
15274,20281,5898,1,0
15275,20282,5898,1,1
15276,20283,5898,1,1
15277,20284,5899,1,0
15278,20286,5899,1,1
15279,20289,5900,1,0
15280,20290,5900,1,0
15281,20292,5901,1,0
15282,20293,5901,1,0
15283,20294,5901,1,1
15284,20295,5902,1,1
15285,20296,5903,1,0
15286,20297,5903,1,0
15287,20298,5904,1,0
15288,20299,5906,1,0
15289,20301,5906,1,0
15290,20302,5906,1,0
15291,20304,5907,1,1
15292,20305,5907,1,1
15293,20306,5908,1,0
15294,20308,5908,1,0
15295,20309,5909,1,1
15296,20310,5909,1,0
15297,20311,5910,1,0
15298,20313,5911,1,0
15299,20314,5911,1,0
15300,20317,5912,1,0
15301,20318,5912,1,1
15302,20319,5913,1,1
15303,20320,5913,1,1
15304,20321,5913,1,1
15305,20322,5913,1,0
15306,20323,5914,1,0
15307,20324,5914,1,1
15308,20325,5914,1,0
15309,20327,5915,1,1
15310,20328,5916,1,1
15311,20329,5916,1,0
15312,20331,5916,1,0
15313,20333,5917,1,0
15314,20337,5919,1,0
15315,20339,5919,1,1
15316,20340,5919,1,0
15317,20341,5919,1,0
15318,20343,5920,1,0
15319,20344,5921,1,0
15320,20345,5921,1,1
15321,20346,5921,1,0
15322,20347,5921,1,1
15323,20348,5921,1,1
15324,20349,5921,1,0
15325,20351,5922,1,0
15326,20352,5922,1,0
15327,20353,5922,1,0
15328,20354,5922,1,0
15329,20355,5923,1,0
15330,20356,5924,1,0
15331,20357,5924,1,1
15332,20358,5924,1,0
15333,20359,5925,1,0
15334,20360,5925,1,0
15335,20361,5925,1,0
15336,20364,5926,1,0
15337,20365,5926,1,0
15338,20366,5927,1,0
15339,20368,5927,1,0
15340,20369,5927,1,0
15341,20370,5927,1,0
15342,20371,5928,1,0
15343,20372,5928,1,0
15344,20373,5929,1,1
15345,20374,5929,1,1
15346,20376,5929,1,0
15347,20377,5929,1,0
15348,20379,5930,1,0
15349,20380,5930,1,0
15350,20382,5931,1,1
15351,20383,5931,1,0
15352,20386,5932,1,0
15353,20387,5932,1,0
15354,20388,5932,1,0
15355,20390,5932,1,1
15356,20391,5933,1,1
15357,20394,5935,1,0
15358,20395,5936,1,0
15359,20397,5936,1,0
15360,20398,5936,1,0
15361,20400,5937,1,1
15362,20401,5937,1,0
15363,20402,5938,1,0
15364,20403,5938,1,0
15365,20405,5938,1,0
15366,20407,5938,1,0
15367,20408,5938,1,1
15368,20409,5939,1,0
15369,20410,5939,1,0
15370,20412,5939,1,0
15371,20414,5939,1,0
15372,20416,5940,1,1
15373,20417,5940,1,1
15374,20418,5940,1,0
15375,20419,5940,1,0
15376,20421,5940,1,0
15377,20422,5941,1,0
15378,20423,5941,1,0
15379,20424,5941,1,0
15380,20426,5943,1,0
15381,20427,5943,1,1
15382,20428,5945,1,1
15383,20429,5945,1,1
15384,20430,5945,1,0
15385,20431,5945,1,0
15386,20433,5946,1,1
15387,20434,5946,1,1
15388,20435,5947,1,0
15389,20436,5947,1,0
15390,20437,5947,1,0
15391,20438,5947,1,1
15392,20439,5947,1,1
15393,20440,5948,1,0
15394,20441,5948,1,0
15395,20442,5948,1,0
15396,20443,5949,1,1
15397,20444,5949,1,0
15398,20445,5949,1,0
15399,20446,5950,1,0
15400,20447,5950,1,1
15401,20448,5951,1,0
15402,20450,5951,1,0
15403,20451,5951,1,1
15404,20452,5952,1,0
15405,20453,5952,1,1
15406,20454,5952,1,0
15407,20455,5952,1,0
15408,20456,5952,1,0
15409,20458,5952,1,1
15410,20459,5952,1,0
15411,20460,5953,1,0
15412,20462,5953,1,1
15413,20463,5953,1,0
15414,20464,5953,1,0
15415,20465,5953,1,1
15416,20469,5954,1,0
15417,20470,5954,1,1
15418,20472,5954,1,0
15419,20473,5955,1,0
15420,20474,5956,1,0
15421,20475,5956,1,0
15422,20478,5957,1,1
15423,20480,5957,1,0
15424,20481,5957,1,1
15425,20482,5957,1,1
15426,20483,5957,1,0
15427,20484,5957,1,0
15428,20488,5958,1,1
15429,20490,5959,1,0
15430,20492,5959,1,0
15431,20493,5959,1,1
15432,20494,5959,1,1
15433,20495,5959,1,0
15434,20496,5960,1,0
15435,20497,5960,1,0
15436,20498,5960,1,0
15437,20499,5960,1,1
15438,20500,5960,1,1
15439,20501,5960,1,1
15440,20502,5961,1,1
15441,20504,5961,1,0
15442,20505,5961,1,0
15443,20507,5962,1,0
15444,20509,5963,1,1
15445,20511,5963,1,0
15446,20512,5964,1,0
15447,20513,5965,1,0
15448,20514,5966,1,0
15449,20515,5966,1,0
15450,20517,5966,1,0
15451,20518,5967,1,0
15452,20519,5967,1,1
15453,20520,5967,1,0
15454,20521,5967,1,1
15455,20523,5968,1,0
15456,20524,5969,1,0
15457,20525,5969,1,0
15458,20526,5969,1,1
15459,20527,5970,1,0
15460,20530,5972,1,1
15461,20532,5972,1,0
15462,20533,5973,1,0
15463,20534,5973,1,0
15464,20535,5973,1,0
15465,20536,5973,1,1
15466,20537,5973,1,0
15467,20538,5973,1,0
15468,20539,5973,1,0
15469,20542,5975,1,0
15470,20545,5977,1,0
15471,20547,5978,1,1
15472,20548,5978,1,0
15473,20549,5978,1,0
15474,20551,5978,1,0
15475,20552,5978,1,0
15476,20554,5979,1,0
15477,20555,5979,1,0
15478,20556,5979,1,1
15479,20558,5979,1,1
15480,20559,5979,1,0
15481,20560,5979,1,1
15482,20562,5980,1,1
15483,20563,5980,1,0
15484,20564,5980,1,0
15485,20566,5980,1,1
15486,20567,5980,1,0
15487,20568,5980,1,1
15488,20571,5981,1,0
15489,20572,5981,1,0
15490,20573,5981,1,0
15491,20574,5981,1,0
15492,20575,5982,1,0
15493,20576,5983,1,1
15494,20577,5983,1,0
15495,20578,5983,1,0
15496,20580,5985,1,0
15497,20581,5985,1,0
15498,20583,5985,1,0
15499,20584,5986,1,0
15500,20585,5986,1,1
15501,20586,5987,1,0
15502,20587,5987,1,0
15503,20589,5987,1,0
15504,20591,5988,1,1
15505,20592,5988,1,0
15506,20593,5989,1,0
15507,20594,5989,1,0
15508,20595,5989,1,1
15509,20598,5989,1,0
15510,20600,5990,1,0
15511,20601,5991,1,1
15512,20602,5992,1,0
15513,20604,5992,1,0
15514,20605,5992,1,1
15515,20606,5993,1,0
15516,20607,5993,1,1
15517,20608,5993,1,1
15518,20610,5993,1,0
15519,20611,5993,1,1
15520,20612,5993,1,0
15521,20613,5993,1,1
15522,20614,5994,1,1
15523,20617,5995,1,0
15524,20618,5995,1,0
15525,20620,5997,1,1
15526,20621,5997,1,0
15527,20623,6000,1,0
15528,20625,6001,1,0
15529,20627,6002,1,0
15530,20628,6002,1,0
15531,20629,6002,1,0
15532,20630,6002,1,0
15533,20631,6002,1,0
15534,20632,6002,1,0
15535,20633,6002,1,0
15536,20634,6002,1,0
15537,20635,6002,1,0
15538,20637,6003,1,0
15539,20638,6003,1,0
15540,20639,6004,1,0
15541,20640,6004,1,1
15542,20641,6004,1,1
15543,20643,6004,1,0
15544,20644,6004,1,0
15545,20646,6004,1,0
15546,20647,6005,1,1
15547,20648,6005,1,1
15548,20649,6006,1,0
15549,20650,6007,1,0
15550,20651,6007,1,0
15551,20652,6007,1,0
15552,20653,6007,1,0
15553,20655,6007,1,0
15554,20657,6008,1,1
15555,20658,6008,1,1
15556,20660,6008,1,1
15557,20661,6008,1,1
15558,20662,6009,1,0
15559,20663,6009,1,0
15560,20664,6009,1,0
15561,20665,6009,1,0
15562,20666,6010,1,0
15563,20667,6011,1,0
15564,20668,6011,1,1
15565,20670,6011,1,0
15566,20671,6012,1,1
15567,20672,6012,1,1
15568,20673,6012,1,1
15569,20674,6013,1,1
15570,20676,6013,1,0
15571,20677,6014,1,0
15572,20678,6014,1,0
15573,20679,6014,1,1
15574,20680,6014,1,1
15575,20681,6014,1,1
15576,20682,6015,1,0
15577,20683,6015,1,0
15578,20684,6016,1,0
15579,20685,6017,1,0
15580,20686,6017,1,0
15581,20689,6017,1,1
15582,20691,6018,1,1
15583,20692,6018,1,0
15584,20694,6019,1,1
15585,20695,6019,1,0
15586,20697,6020,1,0
15587,20698,6020,1,0
15588,20700,6021,1,1
15589,20701,6021,1,0
15590,20702,6022,1,0
15591,20703,6024,1,0
15592,20704,6024,1,0
15593,20705,6024,1,0
15594,20706,6024,1,0
15595,20707,6025,1,0
15596,20708,6025,1,0
15597,20711,6026,1,1
15598,20713,6026,1,1
15599,20714,6026,1,1
15600,20715,6028,1,0
15601,20716,6028,1,0
15602,20719,6028,1,1
15603,20720,6028,1,1
15604,20722,6029,1,0
15605,20723,6029,1,0
15606,20726,6030,1,1
15607,20728,6030,1,0
15608,20731,6031,1,0
15609,20733,6031,1,0
15610,20734,6032,1,0
15611,20735,6032,1,0
15612,20736,6032,1,1
15613,20737,6033,1,1
15614,20738,6033,1,1
15615,20740,6033,1,0
15616,20741,6033,1,1
15617,20746,6036,1,1
15618,20747,6037,1,0
15619,20748,6038,1,0
15620,20749,6038,1,0
15621,20750,6038,1,0
15622,20751,6038,1,0
15623,20752,6038,1,1
15624,20753,6038,1,1
15625,20755,6039,1,0
15626,20756,6039,1,1
15627,20757,6040,1,1
15628,20759,6040,1,0
15629,20760,6040,1,1
15630,20761,6040,1,0
15631,20763,6041,1,0
15632,20764,6041,1,0
15633,20767,6043,1,0
15634,20769,6044,1,0
15635,20770,6044,1,0
15636,20771,6044,1,0
15637,20774,6045,1,0
15638,20775,6045,1,0
15639,20776,6045,1,0
15640,20777,6045,1,0
15641,20778,6045,1,0
15642,20780,6046,1,0
15643,20782,6047,1,0
15644,20783,6048,1,0
15645,20784,6049,1,0
15646,20785,6049,1,0
15647,20788,6050,1,1
15648,20789,6050,1,0
15649,20794,6052,1,0
15650,20796,6052,1,1
15651,20798,6053,1,0
15652,20800,6053,1,1
15653,20803,6056,1,1
15654,20804,6056,1,0
15655,20806,6056,1,0
15656,20807,6057,1,0
15657,20808,6057,1,0
15658,20809,6057,1,1
15659,20810,6059,1,0
15660,20814,6060,1,0
15661,20815,6060,1,1
15662,20816,6060,1,1
15663,20817,6061,1,0
15664,20819,6061,1,0
15665,20821,6062,1,1
15666,20822,6062,1,1
15667,20826,6063,1,1
15668,20828,6064,1,0
15669,20829,6065,1,0
15670,20830,6065,1,1
15671,20831,6065,1,0
15672,20833,6067,1,0
15673,20835,6067,1,0
15674,20836,6068,1,1
15675,20837,6068,1,1
15676,20838,6069,1,1
15677,20839,6069,1,1
15678,20840,6069,1,0
15679,20841,6070,1,1
15680,20843,6070,1,0
15681,20844,6071,1,0
15682,20845,6071,1,0
15683,20846,6071,1,1
15684,20847,6071,1,1
15685,20848,6071,1,1
15686,20849,6073,1,1
15687,20850,6073,1,0
15688,20851,6073,1,0
15689,20852,6073,1,0
15690,20853,6074,1,0
15691,20854,6075,1,0
15692,20857,6076,1,0
15693,20858,6076,1,0
15694,20861,6076,1,0
15695,20864,6077,1,1
15696,20865,6077,1,1
15697,20868,6079,1,0
15698,20869,6081,1,1
15699,20871,6081,1,0
15700,20872,6081,1,0
15701,20873,6081,1,0
15702,20874,6081,1,1
15703,20877,6083,1,0
15704,20878,6083,1,0
15705,20879,6083,1,0
15706,20881,6084,1,0
15707,20885,6084,1,0
15708,20886,6084,1,0
15709,20887,6085,1,0
15710,20888,6085,1,0
15711,20889,6086,1,1
15712,20891,6086,1,1
15713,20892,6086,1,0
15714,20893,6087,1,1
15715,20894,6087,1,0
15716,20895,6087,1,1
15717,20897,6088,1,0
15718,20899,6088,1,0
15719,20901,6089,1,0
15720,20902,6089,1,0
15721,20903,6089,1,0
15722,20904,6089,1,1
15723,20905,6089,1,1
15724,20906,6089,1,1
15725,20908,6091,1,0
15726,20909,6091,1,0
15727,20910,6091,1,0
15728,20911,6091,1,0
15729,20913,6091,1,0
15730,20915,6092,1,0
15731,20916,6092,1,0
15732,20918,6092,1,0
15733,20920,6092,1,0
15734,20921,6092,1,0
15735,20923,6093,1,0
15736,20925,6093,1,1
15737,20928,6093,1,0
15738,20929,6093,1,1
15739,20930,6094,1,0
15740,20931,6094,1,0
15741,20933,6094,1,1
15742,20934,6094,1,0
15743,20935,6094,1,0
15744,20937,6095,1,0
15745,20938,6096,1,1
15746,20941,6097,1,1
15747,20942,6097,1,1
15748,20943,6097,1,0
15749,20944,6098,1,1
15750,20947,6099,1,0
15751,20949,6099,1,0
15752,20950,6100,1,1
15753,20951,6100,1,0
15754,20953,6100,1,1
15755,20954,6100,1,0
15756,20956,6100,1,1
15757,20958,6101,1,0
15758,20960,6101,1,0
15759,20961,6101,1,0
15760,20962,6102,1,1
15761,20963,6102,1,1
15762,20964,6103,1,1
15763,20966,6104,1,1
15764,20967,6105,1,0
15765,20968,6105,1,1
15766,20969,6106,1,0
15767,20970,6107,1,1
15768,20971,6107,1,1
15769,20972,6107,1,0
15770,20973,6107,1,0
15771,20975,6107,1,1
15772,20976,6107,1,1
15773,20977,6107,1,1
15774,20978,6107,1,1
15775,20979,6107,1,0
15776,20980,6108,1,0
15777,20981,6108,1,0
15778,20982,6108,1,1
15779,20983,6109,1,0
15780,20984,6109,1,0
15781,20986,6109,1,1
15782,20987,6110,1,1
15783,20989,6112,1,0
15784,20990,6112,1,0
15785,20992,6112,1,0
15786,20993,6113,1,0
15787,20995,6114,1,0
15788,20996,6114,1,0
15789,20997,6115,1,0
15790,20998,6116,1,0
15791,20999,6116,1,0
15792,21001,6116,1,0
15793,21003,6118,1,0
15794,21004,6118,1,0
15795,21005,6118,1,0
15796,21006,6118,1,0
15797,21008,6118,1,1
15798,21009,6119,1,1
15799,21010,6119,1,1
15800,21011,6120,1,1
15801,21012,6120,1,1
15802,21013,6120,1,0
15803,21015,6122,1,0
15804,21016,6122,1,0
15805,21017,6122,1,0
15806,21018,6122,1,0
15807,21019,6122,1,0
15808,21020,6122,1,0
15809,21021,6122,1,0
15810,21022,6122,1,0
15811,21024,6123,1,0
15812,21025,6123,1,0
15813,21026,6124,1,0
15814,21028,6125,1,1
15815,21029,6125,1,0
15816,21030,6125,1,1
15817,21031,6126,1,1
15818,21033,6126,1,1
15819,21035,6127,1,1
15820,21036,6127,1,0
15821,21037,6127,1,1
15822,21038,6127,1,0
15823,21039,6128,1,0
15824,21040,6128,1,0
15825,21041,6129,1,1
15826,21042,6129,1,0
15827,21043,6129,1,0
15828,21044,6129,1,0
15829,21045,6129,1,0
15830,21046,6130,1,1
15831,21048,6130,1,0
15832,21051,6131,1,0
15833,21053,6132,1,0
15834,21054,6133,1,0
15835,21055,6133,1,1
15836,21056,6133,1,0
15837,21057,6133,1,1
15838,21059,6133,1,1
15839,21060,6133,1,0
15840,21061,6134,1,0
15841,21062,6134,1,0
15842,21063,6134,1,0
15843,21064,6134,1,0
15844,21065,6134,1,0
15845,21066,6135,1,1
15846,21068,6136,1,0
15847,21069,6136,1,0
15848,21070,6136,1,0
15849,21071,6137,1,0
15850,21072,6137,1,0
15851,21073,6137,1,1
15852,21074,6137,1,1
15853,21075,6137,1,0
15854,21077,6139,1,0
15855,21078,6139,1,1
15856,21079,6140,1,1
15857,21081,6141,1,1
15858,21082,6141,1,0
15859,21083,6141,1,0
15860,21085,6141,1,0
15861,21086,6142,1,0
15862,21087,6142,1,0
15863,21088,6142,1,1
15864,21090,6142,1,1
15865,21092,6142,1,0
15866,21094,6143,1,0
15867,21095,6143,1,0
15868,21096,6143,1,0
15869,21098,6144,1,1
15870,21099,6144,1,0
15871,21100,6145,1,1
15872,21101,6146,1,0
15873,21102,6146,1,1
15874,21103,6146,1,1
15875,21104,6146,1,1
15876,21105,6146,1,1
15877,21106,6147,1,0
15878,21107,6147,1,0
15879,21108,6148,1,1
15880,21109,6148,1,1
15881,21110,6148,1,1
15882,21111,6149,1,0
15883,21112,6149,1,1
15884,21113,6149,1,1
15885,21114,6150,1,0
15886,21115,6150,1,1
15887,21116,6150,1,0
15888,21117,6150,1,1
15889,21118,6151,1,0
15890,21119,6151,1,1
15891,21120,6151,1,0
15892,21122,6151,1,0
15893,21124,6151,1,1
15894,21126,6152,1,0
15895,21127,6152,1,0
15896,21128,6152,1,1
15897,21132,6152,1,0
15898,21134,6153,1,0
15899,21135,6154,1,0
15900,21138,6154,1,1
15901,21139,6155,1,0
15902,21140,6155,1,0
15903,21142,6155,1,1
15904,21144,6156,1,1
15905,21145,6156,1,1
15906,21147,6157,1,0
15907,21148,6157,1,1
15908,21149,6157,1,0
15909,21150,6159,1,1
15910,21151,6160,1,0
15911,21152,6160,1,0
15912,21153,6160,1,1
15913,21154,6160,1,0
15914,21155,6160,1,1
15915,21156,6161,1,0
15916,21158,6162,1,0
15917,21159,6162,1,0
15918,21160,6162,1,1
15919,21161,6162,1,0
15920,21162,6163,1,0
15921,21163,6163,1,1
15922,21164,6163,1,0
15923,21165,6163,1,1
15924,21167,6163,1,0
15925,21170,6164,1,1
15926,21172,6166,1,0
15927,21174,6166,1,0
15928,21175,6167,1,1
15929,21177,6167,1,1
15930,21179,6167,1,0
15931,21180,6169,1,0
15932,21181,6169,1,1
15933,21182,6169,1,0
15934,21186,6169,1,0
15935,21188,6170,1,0
15936,21189,6171,1,0
15937,21190,6171,1,1
15938,21191,6172,1,1
15939,21192,6172,1,1
15940,21193,6172,1,1
15941,21194,6172,1,1
15942,21196,6173,1,1
15943,21197,6173,1,1
15944,21198,6173,1,0
15945,21200,6174,1,1
15946,21201,6174,1,0
15947,21202,6174,1,0
15948,21204,6175,1,0
15949,21205,6176,1,0
15950,21206,6176,1,0
15951,21207,6176,1,0
15952,21208,6177,1,1
15953,21209,6179,1,0
15954,21210,6179,1,1
15955,21212,6179,1,0
15956,21213,6179,1,0
15957,21214,6179,1,0
15958,21215,6180,1,0
15959,21216,6180,1,0
15960,21217,6180,1,1
15961,21219,6182,1,1
15962,21220,6182,1,0
15963,21222,6183,1,0
15964,21225,6184,1,1
15965,21226,6185,1,0
15966,21227,6185,1,0
15967,21228,6185,1,1
15968,21230,6186,1,1
15969,21231,6186,1,1
15970,21232,6186,1,0
15971,21234,6187,1,0
15972,21235,6187,1,0
15973,21236,6188,1,1
15974,21238,6188,1,1
15975,21239,6188,1,0
15976,21240,6188,1,1
15977,21241,6189,1,0
15978,21242,6189,1,0
15979,21243,6189,1,0
15980,21244,6189,1,0
15981,21245,6189,1,0
15982,21247,6190,1,1
15983,21248,6190,1,1
15984,21249,6190,1,0
15985,21250,6190,1,0
15986,21251,6191,1,0
15987,21252,6191,1,0
15988,21253,6191,1,0
15989,21254,6192,1,1
15990,21255,6192,1,0
15991,21256,6192,1,0
15992,21257,6192,1,0
15993,21259,6193,1,0
15994,21261,6194,1,0
15995,21262,6196,1,0
15996,21264,6196,1,0
15997,21265,6197,1,0
15998,21266,6197,1,0
15999,21267,6197,1,1
16000,21268,6197,1,0
16001,21269,6197,1,1
16002,21270,6197,1,1
16003,21271,6197,1,1
16004,21272,6198,1,0
16005,21274,6198,1,0
16006,21275,6198,1,0
16007,21277,6198,1,0
16008,21278,6199,1,0
16009,21279,6200,1,0
16010,21280,6200,1,0
16011,21282,6201,1,1
16012,21284,6201,1,0
16013,21285,6201,1,0
16014,21286,6201,1,0
16015,21287,6201,1,0
16016,21288,6201,1,1
16017,21289,6202,1,0
16018,21290,6202,1,0
16019,21291,6202,1,0
16020,21293,6205,1,0
16021,21294,6205,1,0
16022,21296,6205,1,0
16023,21297,6205,1,1
16024,21298,6205,1,0
16025,21299,6205,1,0
16026,21300,6205,1,0
16027,21301,6206,1,0
16028,21303,6206,1,0
16029,21304,6206,1,1
16030,21305,6207,1,0
16031,21306,6207,1,1
16032,21307,6207,1,0
16033,21308,6207,1,0
16034,21309,6208,1,0
16035,21310,6209,1,0
16036,21312,6209,1,1
16037,21313,6209,1,0
16038,21314,6210,1,0
16039,21315,6210,1,0
16040,21316,6210,1,0
16041,21318,6211,1,1
16042,21319,6211,1,0
16043,21320,6211,1,0
16044,21321,6211,1,0
16045,21324,6212,1,0
16046,21325,6212,1,1
16047,21327,6213,1,0
16048,21329,6214,1,0
16049,21330,6214,1,0
16050,21332,6214,1,1
16051,21334,6215,1,0
16052,21335,6215,1,0
16053,21336,6215,1,0
16054,21337,6215,1,1
16055,21338,6216,1,1
16056,21339,6217,1,0
16057,21340,6217,1,1
16058,21342,6217,1,0
16059,21343,6218,1,0
16060,21344,6218,1,0
16061,21345,6218,1,0
16062,21346,6218,1,1
16063,21347,6218,1,0
16064,21348,6219,1,0
16065,21349,6220,1,0
16066,21350,6221,1,1
16067,21351,6221,1,1
16068,21352,6222,1,0
16069,21353,6222,1,0
16070,21354,6222,1,0
16071,21355,6223,1,0
16072,21356,6224,1,0
16073,21358,6226,1,0
16074,21359,6226,1,0
16075,21363,6226,1,0
16076,21364,6226,1,1
16077,21366,6226,1,1
16078,21367,6227,1,0
16079,21368,6227,1,1
16080,21369,6227,1,1
16081,21371,6229,1,0
16082,21372,6229,1,0
16083,21373,6229,1,0
16084,21374,6229,1,1
16085,21379,6232,1,0
16086,21380,6233,1,1
16087,21384,6233,1,0
16088,21385,6233,1,1
16089,21387,6235,1,0
16090,21388,6235,1,0
16091,21389,6235,1,1
16092,21390,6235,1,1
16093,21391,6235,1,0
16094,21392,6235,1,0
16095,21395,6236,1,1
16096,21397,6237,1,0
16097,21398,6238,1,0
16098,21399,6238,1,0
16099,21400,6238,1,0
16100,21402,6238,1,1
16101,21404,6239,1,1
16102,21405,6239,1,1
16103,21406,6239,1,0
16104,21407,6240,1,1
16105,21408,6240,1,1
16106,21409,6240,1,0
16107,21411,6241,1,1
16108,21412,6241,1,1
16109,21413,6241,1,0
16110,21415,6242,1,1
16111,21416,6244,1,1
16112,21417,6245,1,1
16113,21418,6245,1,0
16114,21419,6245,1,1
16115,21421,6245,1,0
16116,21423,6246,1,0
16117,21424,6246,1,0
16118,21425,6247,1,0
16119,21431,6248,1,1
16120,21432,6249,1,0
16121,21433,6249,1,0
16122,21434,6249,1,0
16123,21435,6249,1,0
16124,21436,6250,1,1
16125,21438,6251,1,0
16126,21439,6251,1,0
16127,21440,6251,1,0
16128,21441,6251,1,1
16129,21442,6252,1,1
16130,21443,6252,1,0
16131,21444,6253,1,1
16132,21445,6253,1,1
16133,21446,6253,1,1
16134,21447,6253,1,1
16135,21448,6253,1,1
16136,21451,6253,1,0
16137,21453,6254,1,0
16138,21454,6254,1,0
16139,21455,6254,1,0
16140,21456,6254,1,0
16141,21457,6255,1,0
16142,21458,6255,1,0
16143,21459,6255,1,0
16144,21460,6256,1,0
16145,21462,6256,1,1
16146,21463,6257,1,0
16147,21467,6257,1,0
16148,21468,6258,1,1
16149,21469,6258,1,0
16150,21472,6259,1,0
16151,21473,6259,1,0
16152,21474,6260,1,0
16153,21477,6261,1,0
16154,21480,6261,1,0
16155,21482,6262,1,0
16156,21483,6262,1,0
16157,21484,6263,1,0
16158,21485,6263,1,0
16159,21486,6266,1,0
16160,21487,6266,1,0
16161,21490,6268,1,1
16162,21491,6268,1,0
16163,21492,6268,1,0
16164,21493,6268,1,1
16165,21494,6268,1,1
16166,21495,6268,1,0
16167,21496,6269,1,0
16168,21498,6270,1,1
16169,21500,6271,1,0
16170,21502,6273,1,0
16171,21503,6273,1,0
16172,21504,6274,1,0
16173,21505,6275,1,0
16174,21506,6275,1,0
16175,21508,6275,1,0
16176,21509,6275,1,1
16177,21510,6276,1,0
16178,21511,6277,1,0
16179,21512,6277,1,0
16180,21515,6277,1,1
16181,21518,6278,1,0
16182,21519,6279,1,1
16183,21520,6279,1,0
16184,21523,6279,1,1
16185,21525,6279,1,1
16186,21526,6279,1,0
16187,21527,6279,1,0
16188,21528,6279,1,0
16189,21529,6280,1,1
16190,21530,6281,1,0
16191,21534,6282,1,1
16192,21535,6282,1,0
16193,21536,6282,1,0
16194,21539,6283,1,1
16195,21540,6284,1,0
16196,21541,6285,1,1
16197,21544,6286,1,1
16198,21546,6286,1,0
16199,21547,6286,1,0
16200,21549,6287,1,0
16201,21550,6287,1,0
16202,21551,6288,1,0
16203,21552,6288,1,0
16204,21554,6290,1,0
16205,21555,6290,1,0
16206,21556,6290,1,0
16207,21557,6290,1,1
16208,21559,6291,1,1
16209,21560,6291,1,0
16210,21561,6291,1,0
16211,21562,6291,1,0
16212,21563,6291,1,0
16213,21564,6291,1,1
16214,21567,6294,1,1
16215,21568,6294,1,0
16216,21570,6295,1,0
16217,21571,6295,1,1
16218,21573,6295,1,0
16219,21574,6295,1,1
16220,21575,6295,1,0
16221,21576,6296,1,1
16222,21577,6296,1,1
16223,21578,6296,1,0
16224,21580,6297,1,1
16225,21581,6297,1,0
16226,21582,6297,1,0
16227,21583,6297,1,0
16228,21584,6297,1,0
16229,21586,6298,1,0
16230,21587,6298,1,0
16231,21589,6299,1,1
16232,21590,6299,1,1
16233,21591,6299,1,0
16234,21593,6299,1,0
16235,21595,6300,1,0
16236,21596,6300,1,1
16237,21598,6300,1,0
16238,21599,6301,1,0
16239,21600,6301,1,0
16240,21601,6301,1,0
16241,21603,6301,1,0
16242,21604,6301,1,0
16243,21605,6301,1,1
16244,21607,6301,1,1
16245,21608,6301,1,0
16246,21609,6302,1,0
16247,21610,6302,1,0
16248,21611,6302,1,1
16249,21612,6303,1,0
16250,21613,6303,1,0
16251,21614,6303,1,0
16252,21615,6304,1,0
16253,21616,6304,1,1
16254,21617,6304,1,0
16255,21618,6304,1,1
16256,21619,6304,1,1
16257,21621,6304,1,1
16258,21622,6305,1,0
16259,21623,6305,1,1
16260,21624,6305,1,0
16261,21625,6305,1,0
16262,21627,6306,1,0
16263,21628,6306,1,0
16264,21630,6308,1,0
16265,21631,6308,1,0
16266,21632,6308,1,0
16267,21634,6309,1,0
16268,21636,6310,1,0
16269,21637,6310,1,0
16270,21638,6310,1,1
16271,21639,6311,1,0
16272,21640,6311,1,0
16273,21641,6311,1,1
16274,21642,6311,1,1
16275,21643,6311,1,0
16276,21644,6311,1,0
16277,21645,6311,1,1
16278,21647,6312,1,0
16279,21648,6313,1,1
16280,21650,6314,1,0
16281,21651,6314,1,0
16282,21652,6314,1,0
16283,21653,6314,1,0
16284,21654,6314,1,1
16285,21655,6314,1,1
16286,21656,6314,1,0
16287,21657,6315,1,1
16288,21660,6316,1,0
16289,21661,6317,1,1
16290,21662,6317,1,1
16291,21663,6317,1,0
16292,21664,6319,1,1
16293,21665,6320,1,0
16294,21668,6320,1,1
16295,21672,6321,1,0
16296,21673,6321,1,0
16297,21674,6321,1,0
16298,21675,6321,1,1
16299,21677,6322,1,1
16300,21679,6323,1,0
16301,21680,6324,1,1
16302,21681,6324,1,1
16303,21682,6325,1,0
16304,21683,6325,1,1
16305,21684,6325,1,1
16306,21686,6325,1,1
16307,21687,6326,1,0
16308,21688,6327,1,1
16309,21689,6327,1,1
16310,21690,6327,1,1
16311,21691,6327,1,1
16312,21692,6327,1,0
16313,21694,6328,1,0
16314,21695,6328,1,0
16315,21696,6328,1,1
16316,21697,6329,1,0
16317,21698,6330,1,0
16318,21702,6331,1,1
16319,21703,6332,1,1
16320,21704,6332,1,0
16321,21706,6333,1,0
16322,21708,6334,1,0
16323,21709,6334,1,0
16324,21712,6334,1,0
16325,21713,6334,1,1
16326,21714,6334,1,0
16327,21715,6335,1,0
16328,21716,6337,1,0
16329,21718,6338,1,0
16330,21721,6338,1,0
16331,21722,6338,1,0
16332,21724,6339,1,0
16333,21725,6339,1,1
16334,21726,6339,1,0
16335,21727,6339,1,0
16336,21728,6340,1,0
16337,21729,6341,1,0
16338,21731,6341,1,0
16339,21732,6341,1,1
16340,21734,6343,1,0
16341,21735,6343,1,1
16342,21736,6343,1,0
16343,21737,6343,1,0
16344,21738,6343,1,1
16345,21740,6345,1,0
16346,21741,6346,1,1
16347,21742,6346,1,0
16348,21744,6346,1,0
16349,21745,6346,1,0
16350,21746,6347,1,0
16351,21747,6347,1,0
16352,21749,6348,1,1
16353,21750,6348,1,1
16354,21751,6348,1,0
16355,21754,6350,1,0
16356,21755,6350,1,0
16357,21756,6352,1,0
16358,21759,6352,1,0
16359,21760,6352,1,0
16360,21761,6353,1,1
16361,21763,6353,1,1
16362,21764,6353,1,0
16363,21765,6353,1,1
16364,21766,6353,1,0
16365,21768,6353,1,1
16366,21769,6353,1,0
16367,21770,6354,1,1
16368,21771,6354,1,1
16369,21772,6354,1,0
16370,21773,6354,1,1
16371,21774,6354,1,1
16372,21775,6355,1,0
16373,21776,6355,1,1
16374,21778,6355,1,1
16375,21779,6355,1,0
16376,21780,6356,1,0
16377,21781,6357,1,0
16378,21782,6357,1,0
16379,21783,6357,1,1
16380,21784,6357,1,1
16381,21785,6357,1,0
16382,21786,6357,1,0
16383,21788,6357,1,0
16384,21790,6357,1,1
16385,21793,6359,1,0
16386,21794,6359,1,1
16387,21795,6359,1,1
16388,21796,6359,1,1
16389,21798,6359,1,0
16390,21799,6359,1,0
16391,21801,6360,1,0
16392,21802,6360,1,0
16393,21803,6361,1,1
16394,21805,6362,1,0
16395,21807,6362,1,1
16396,21810,6363,1,0
16397,21811,6363,1,0
16398,21812,6363,1,1
16399,21814,6363,1,0
16400,21815,6363,1,0
16401,21816,6364,1,0
16402,21817,6364,1,1
16403,21818,6364,1,0
16404,21819,6365,1,1
16405,21821,6366,1,0
16406,21822,6367,1,0
16407,21825,6368,1,0
16408,21826,6368,1,0
16409,21827,6368,1,0
16410,21829,6369,1,0
16411,21830,6369,1,0
16412,21831,6369,1,0
16413,21832,6369,1,0
16414,21834,6369,1,0
16415,21835,6369,1,1
16416,21836,6369,1,0
16417,21837,6369,1,1
16418,21838,6370,1,0
16419,21839,6370,1,0
16420,21840,6370,1,1
16421,21843,6370,1,0
16422,21844,6370,1,1
16423,21845,6371,1,0
16424,21846,6371,1,1
16425,21847,6371,1,0
16426,21848,6371,1,0
16427,21850,6371,1,1
16428,21851,6372,1,0
16429,21852,6372,1,0
16430,21853,6373,1,1
16431,21854,6373,1,0
16432,21855,6373,1,0
16433,21857,6374,1,0
16434,21858,6374,1,1
16435,21859,6374,1,0
16436,21860,6374,1,0
16437,21864,6377,1,0
16438,21865,6377,1,0
16439,21866,6378,1,1
16440,21868,6378,1,1
16441,21869,6378,1,1
16442,21870,6378,1,0
16443,21871,6379,1,1
16444,21872,6379,1,0
16445,21873,6379,1,0
16446,21875,6381,1,0
16447,21876,6381,1,0
16448,21877,6381,1,1
16449,21879,6382,1,0
16450,21880,6382,1,0
16451,21881,6382,1,0
16452,21882,6382,1,0
16453,21883,6383,1,1
16454,21884,6383,1,0
16455,21885,6383,1,0
16456,21886,6383,1,1
16457,21889,6384,1,0
16458,21891,6384,1,0
16459,21892,6384,1,0
16460,21893,6384,1,1
16461,21896,6385,1,0
16462,21898,6386,1,0
16463,21899,6386,1,1
16464,21900,6386,1,1
16465,21901,6386,1,1
16466,21902,6386,1,1
16467,21903,6387,1,1
16468,21904,6387,1,0
16469,21906,6387,1,0
16470,21910,6388,1,1
16471,21911,6388,1,1
16472,21912,6388,1,0
16473,21914,6389,1,0
16474,21915,6389,1,0
16475,21916,6389,1,1
16476,21917,6390,1,0
16477,21919,6390,1,1
16478,21921,6391,1,1
16479,21922,6391,1,0
16480,21923,6392,1,1
16481,21924,6393,1,1
16482,21925,6393,1,1
16483,21926,6393,1,1
16484,21928,6393,1,0
16485,21930,6394,1,1
16486,21931,6394,1,1
16487,21932,6394,1,0
16488,21934,6395,1,0
16489,21936,6395,1,1
16490,21937,6395,1,0
16491,21938,6396,1,0
16492,21939,6396,1,1
16493,21940,6396,1,1
16494,21941,6397,1,0
16495,21942,6397,1,1
16496,21943,6398,1,1
16497,21944,6398,1,0
16498,21945,6399,1,0
16499,21948,6399,1,0
16500,21949,6399,1,0
16501,21950,6400,1,0
16502,21951,6400,1,1
16503,21952,6400,1,0
16504,21953,6401,1,0
16505,21955,6402,1,0
16506,21957,6403,1,1
16507,21959,6404,1,0
16508,21962,6406,1,1
16509,21963,6406,1,1
16510,21966,6407,1,1
16511,21969,6408,1,1
16512,21970,6409,1,0
16513,21973,6410,1,0
16514,21974,6410,1,0
16515,21976,6410,1,0
16516,21978,6411,1,1
16517,21979,6411,1,1
16518,21981,6411,1,0
16519,21983,6411,1,1
16520,21984,6411,1,0
16521,21985,6412,1,0
16522,21986,6414,1,0
16523,21987,6414,1,0
16524,21988,6415,1,1
16525,21989,6415,1,0
16526,21990,6415,1,0
16527,21991,6415,1,0
16528,21993,6417,1,0
16529,21994,6417,1,1
16530,21995,6417,1,0
16531,21996,6417,1,1
16532,21999,6419,1,0
16533,22000,6419,1,1
16534,22001,6419,1,1
16535,22003,6419,1,1
16536,22005,6420,1,0
16537,22006,6420,1,0
16538,22008,6421,1,0
16539,22009,6421,1,0
16540,22012,6424,1,1
16541,22013,6424,1,0
16542,22014,6424,1,0
16543,22015,6424,1,0
16544,22016,6424,1,0
16545,22017,6425,1,1
16546,22019,6425,1,0
16547,22020,6425,1,1
16548,22022,6425,1,0
16549,22023,6425,1,0
16550,22024,6425,1,0
16551,22025,6425,1,1
16552,22026,6426,1,0
16553,22027,6426,1,1
16554,22028,6426,1,0
16555,22029,6426,1,1
16556,22030,6426,1,0
16557,22031,6427,1,0
16558,22032,6428,1,0
16559,22033,6428,1,0
16560,22034,6428,1,0
16561,22035,6429,1,1
16562,22037,6429,1,0
16563,22038,6430,1,0
16564,22041,6431,1,0
16565,22042,6431,1,0
16566,22044,6432,1,0
16567,22046,6432,1,1
16568,22047,6432,1,0
16569,22048,6433,1,0
16570,22050,6433,1,0
16571,22051,6433,1,0
16572,22052,6433,1,1
16573,22053,6434,1,1
16574,22054,6434,1,0
16575,22057,6435,1,1
16576,22059,6436,1,0
16577,22061,6436,1,0
16578,22062,6436,1,0
16579,22063,6436,1,0
16580,22065,6436,1,1
16581,22066,6437,1,1
16582,22070,6439,1,0
16583,22072,6439,1,1
16584,22073,6439,1,1
16585,22074,6439,1,1
16586,22075,6439,1,0
16587,22076,6439,1,0
16588,22078,6439,1,0
16589,22079,6440,1,0
16590,22080,6440,1,0
16591,22081,6441,1,0
16592,22082,6441,1,1
16593,22084,6441,1,0
16594,22085,6441,1,0
16595,22086,6442,1,0
16596,22088,6442,1,0
16597,22089,6443,1,0
16598,22090,6444,1,1
16599,22091,6444,1,0
16600,22094,6445,1,1
16601,22095,6445,1,1
16602,22098,6445,1,0
16603,22099,6445,1,1
16604,22101,6446,1,0
16605,22102,6446,1,0
16606,22104,6447,1,0
16607,22105,6447,1,1
16608,22106,6447,1,0
16609,22109,6447,1,0
16610,22110,6448,1,1
16611,22111,6448,1,0
16612,22112,6448,1,1
16613,22113,6448,1,0
16614,22114,6448,1,0
16615,22116,6449,1,0
16616,22117,6449,1,0
16617,22118,6449,1,0
16618,22119,6449,1,1
16619,22120,6449,1,0
16620,22121,6449,1,0
16621,22124,6451,1,0
16622,22125,6451,1,1
16623,22126,6452,1,0
16624,22127,6452,1,0
16625,22128,6452,1,1
16626,22129,6452,1,1
16627,22132,6454,1,0
16628,22133,6454,1,1
16629,22135,6455,1,0
16630,22138,6455,1,1
16631,22140,6455,1,0
16632,22141,6455,1,0
16633,22142,6456,1,0
16634,22143,6456,1,0
16635,22144,6456,1,1
16636,22145,6456,1,0
16637,22146,6456,1,0
16638,22147,6456,1,0
16639,22148,6457,1,0
16640,22149,6458,1,1
16641,22151,6459,1,1
16642,22152,6459,1,0
16643,22153,6459,1,1
16644,22156,6460,1,1
16645,22158,6462,1,0
16646,22162,6462,1,0
16647,22163,6463,1,0
16648,22164,6463,1,1
16649,22166,6463,1,0
16650,22167,6463,1,1
16651,22168,6464,1,0
16652,22169,6465,1,1
16653,22170,6465,1,1
16654,22172,6466,1,1
16655,22173,6466,1,1
16656,22174,6466,1,0
16657,22175,6466,1,0
16658,22176,6466,1,1
16659,22177,6467,1,0
16660,22178,6467,1,0
16661,22179,6468,1,0
16662,22180,6468,1,0
16663,22181,6468,1,0
16664,22183,6470,1,0
16665,22184,6470,1,0
16666,22185,6470,1,1
16667,22186,6471,1,1
16668,22187,6471,1,0
16669,22188,6471,1,1
16670,22189,6471,1,0
16671,22191,6471,1,1
16672,22192,6471,1,0
16673,22193,6472,1,0
16674,22197,6474,1,0
16675,22198,6474,1,0
16676,22199,6475,1,1
16677,22200,6475,1,1
16678,22201,6476,1,1
16679,22202,6476,1,0
16680,22203,6476,1,0
16681,22204,6476,1,1
16682,22210,6478,1,0
16683,22211,6478,1,0
16684,22213,6479,1,0
16685,22214,6479,1,1
16686,22216,6480,1,1
16687,22217,6481,1,0
16688,22218,6482,1,1
16689,22219,6482,1,1
16690,22220,6482,1,0
16691,22222,6483,1,0
16692,22223,6483,1,0
16693,22224,6483,1,0
16694,22225,6483,1,1
16695,22226,6483,1,0
16696,22227,6484,1,1
16697,22228,6484,1,1
16698,22229,6484,1,0
16699,22231,6485,1,0
16700,22233,6486,1,1
16701,22234,6486,1,0
16702,22235,6486,1,0
16703,22236,6486,1,1
16704,22238,6486,1,0
16705,22239,6486,1,1
16706,22240,6486,1,1
16707,22241,6486,1,0
16708,22242,6486,1,1
16709,22243,6487,1,0
16710,22244,6487,1,1
16711,22245,6488,1,1
16712,22246,6488,1,0
16713,22247,6488,1,0
16714,22248,6488,1,0
16715,22249,6489,1,1
16716,22250,6489,1,0
16717,22251,6489,1,0
16718,22252,6489,1,1
16719,22254,6491,1,0
16720,22255,6491,1,0
16721,22256,6491,1,1
16722,22258,6492,1,1
16723,22259,6492,1,0
16724,22260,6492,1,0
16725,22261,6492,1,1
16726,22262,6492,1,0
16727,22263,6493,1,1
16728,22264,6493,1,0
16729,22265,6493,1,1
16730,22266,6493,1,1
16731,22267,6493,1,1
16732,22268,6493,1,0
16733,22269,6494,1,0
16734,22270,6496,1,0
16735,22271,6496,1,1
16736,22273,6496,1,0
16737,22274,6497,1,0
16738,22275,6497,1,1
16739,22276,6497,1,1
16740,22277,6498,1,0
16741,22278,6498,1,0
16742,22279,6498,1,0
16743,22280,6498,1,1
16744,22281,6499,1,1
16745,22282,6499,1,1
16746,22283,6499,1,0
16747,22284,6501,1,1
16748,22285,6502,1,1
16749,22286,6502,1,0
16750,22287,6502,1,1
16751,22288,6502,1,1
16752,22289,6502,1,0
16753,22290,6502,1,1
16754,22291,6502,1,0
16755,22293,6503,1,0
16756,22295,6503,1,0
16757,22297,6504,1,1
16758,22298,6504,1,1
16759,22299,6504,1,1
16760,22303,6506,1,1
16761,22306,6507,1,0
16762,22308,6508,1,1
16763,22309,6508,1,0
16764,22310,6508,1,0
16765,22311,6508,1,1
16766,22312,6508,1,1
16767,22313,6508,1,0
16768,22314,6508,1,0
16769,22315,6508,1,1
16770,22316,6509,1,1
16771,22317,6509,1,1
16772,22319,6509,1,0
16773,22320,6509,1,1
16774,22322,6509,1,1
16775,22323,6510,1,1
16776,22326,6510,1,0
16777,22328,6510,1,0
16778,22330,6510,1,1
16779,22331,6511,1,1
16780,22332,6511,1,1
16781,22333,6511,1,0
16782,22334,6511,1,1
16783,22337,6512,1,0
16784,22338,6512,1,1
16785,22339,6512,1,1
16786,22340,6514,1,1
16787,22341,6515,1,0
16788,22342,6516,1,1
16789,22343,6516,1,0
16790,22345,6516,1,0
16791,22346,6517,1,0
16792,22348,6518,1,1
16793,22349,6518,1,0
16794,22350,6518,1,0
16795,22351,6518,1,0
16796,22352,6518,1,0
16797,22353,6519,1,1
16798,22355,6519,1,1
16799,22356,6519,1,1
16800,22357,6519,1,0
16801,22358,6520,1,0
16802,22359,6520,1,1
16803,22360,6520,1,1
16804,22361,6521,1,0
16805,22362,6521,1,1
16806,22363,6521,1,0
16807,22364,6521,1,0
16808,22365,6521,1,0
16809,22366,6521,1,0
16810,22367,6521,1,1
16811,22368,6522,1,0
16812,22370,6522,1,1
16813,22371,6523,1,0
16814,22372,6523,1,0
16815,22376,6524,1,0
16816,22377,6525,1,1
16817,22378,6525,1,0
16818,22379,6525,1,0
16819,22380,6525,1,1
16820,22381,6525,1,0
16821,22382,6526,1,0
16822,22383,6526,1,0
16823,22384,6526,1,0
16824,22385,6526,1,0
16825,22386,6526,1,1
16826,22389,6527,1,1
16827,22391,6528,1,0
16828,22392,6528,1,1
16829,22394,6528,1,1
16830,22395,6529,1,1
16831,22397,6530,1,0
16832,22399,6531,1,0
16833,22401,6531,1,1
16834,22402,6532,1,0
16835,22405,6532,1,0
16836,22406,6532,1,0
16837,22407,6533,1,0
16838,22409,6533,1,0
16839,22411,6533,1,0
16840,22412,6533,1,0
16841,22414,6533,1,0
16842,22415,6534,1,0
16843,22416,6534,1,0
16844,22417,6534,1,1
16845,22418,6534,1,0
16846,22419,6534,1,0
16847,22420,6534,1,1
16848,22421,6534,1,1
16849,22422,6534,1,0
16850,22425,6535,1,0
16851,22427,6535,1,1
16852,22428,6535,1,0
16853,22429,6536,1,1
16854,22430,6536,1,0
16855,22431,6536,1,0
16856,22432,6536,1,1
16857,22434,6536,1,1
16858,22435,6536,1,0
16859,22436,6536,1,1
16860,22437,6536,1,1
16861,22438,6536,1,1
16862,22439,6536,1,0
16863,22440,6537,1,0
16864,22441,6537,1,1
16865,22442,6537,1,1
16866,22443,6537,1,0
16867,22444,6537,1,1
16868,22447,6538,1,1
16869,22450,6538,1,0
16870,22452,6538,1,1
16871,22453,6538,1,0
16872,22454,6539,1,0
16873,22456,6539,1,1
16874,22458,6539,1,1
16875,22459,6539,1,0
16876,22461,6539,1,0
16877,22463,6540,1,0
16878,22464,6540,1,1
16879,22466,6541,1,0
16880,22469,6541,1,0
16881,22470,6542,1,1
16882,22471,6542,1,0
16883,22472,6543,1,1
16884,22475,6544,1,0
16885,22476,6545,1,0
16886,22477,6545,1,0
16887,22478,6545,1,0
16888,22479,6546,1,0
16889,22480,6546,1,0
16890,22481,6547,1,0
16891,22482,6547,1,0
16892,22483,6547,1,0
16893,22485,6548,1,1
16894,22486,6548,1,0
16895,22487,6548,1,1
16896,22488,6549,1,0
16897,22489,6549,1,1
16898,22490,6550,1,0
16899,22491,6550,1,0
16900,22492,6550,1,1
16901,22493,6551,1,0
16902,22494,6551,1,0
16903,22495,6551,1,1
16904,22497,6552,1,1
16905,22498,6552,1,0
16906,22500,6552,1,0
16907,22503,6553,1,0
16908,22504,6553,1,0
16909,22506,6553,1,0
16910,22507,6553,1,0
16911,22508,6554,1,1
16912,22509,6554,1,0
16913,22510,6554,1,0
16914,22512,6554,1,1
16915,22513,6555,1,0
16916,22514,6555,1,0
16917,22517,6556,1,1
16918,22518,6556,1,0
16919,22519,6556,1,0
16920,22520,6556,1,1
16921,22521,6556,1,1
16922,22522,6557,1,1
16923,22524,6557,1,0
16924,22526,6558,1,1
16925,22527,6558,1,0
16926,22529,6558,1,1
16927,22530,6559,1,0
16928,22532,6560,1,0
16929,22536,6562,1,0
16930,22537,6563,1,0
16931,22538,6563,1,0
16932,22539,6564,1,0
16933,22540,6564,1,1
16934,22541,6565,1,0
16935,22542,6566,1,1
16936,22544,6567,1,0
16937,22545,6567,1,1
16938,22546,6567,1,0
16939,22547,6567,1,1
16940,22548,6568,1,0
16941,22549,6568,1,0
16942,22550,6568,1,1
16943,22551,6568,1,0
16944,22552,6568,1,1
16945,22553,6568,1,0
16946,22554,6568,1,0
16947,22556,6569,1,0
16948,22558,6569,1,0
16949,22559,6569,1,1
16950,22560,6569,1,0
16951,22561,6570,1,0
16952,22562,6570,1,0
16953,22563,6570,1,0
16954,22564,6570,1,1
16955,22566,6571,1,0
16956,22567,6572,1,0
16957,22568,6573,1,1
16958,22569,6573,1,0
16959,22570,6573,1,0
16960,22571,6573,1,1
16961,22572,6573,1,1
16962,22573,6574,1,1
16963,22574,6574,1,1
16964,22575,6574,1,0
16965,22576,6574,1,0
16966,22577,6574,1,0
16967,22579,6575,1,1
16968,22580,6575,1,0
16969,22581,6575,1,0
16970,22582,6576,1,0
16971,22583,6576,1,0
16972,22584,6576,1,0
16973,22585,6577,1,0
16974,22587,6578,1,1
16975,22589,6578,1,0
16976,22590,6580,1,1
16977,22591,6581,1,1
16978,22592,6581,1,1
16979,22593,6581,1,0
16980,22596,6582,1,1
16981,22597,6582,1,1
16982,22598,6583,1,0
16983,22599,6583,1,0
16984,22600,6583,1,1
16985,22601,6583,1,0
16986,22602,6584,1,0
16987,22603,6584,1,0
16988,22604,6584,1,0
16989,22605,6585,1,1
16990,22606,6585,1,0
16991,22608,6585,1,0
16992,22609,6585,1,0
16993,22610,6585,1,0
16994,22611,6586,1,1
16995,22612,6586,1,1
16996,22613,6586,1,1
16997,22615,6587,1,0
16998,22619,6587,1,0
16999,22620,6588,1,0
17000,22624,6588,1,0
17001,22625,6588,1,1
17002,22627,6588,1,0
17003,22628,6589,1,0
17004,22629,6590,1,0
17005,22630,6590,1,1
17006,22632,6592,1,1
17007,22633,6593,1,1
17008,22634,6593,1,0
17009,22635,6593,1,0
17010,22637,6594,1,0
17011,22638,6594,1,1
17012,22640,6594,1,1
17013,22641,6594,1,0
17014,22642,6594,1,1
17015,22643,6594,1,1
17016,22644,6595,1,0
17017,22645,6595,1,0
17018,22647,6595,1,0
17019,22648,6596,1,0
17020,22650,6596,1,0
17021,22652,6596,1,0
17022,22654,6597,1,0
17023,22655,6597,1,0
17024,22657,6598,1,0
17025,22658,6598,1,0
17026,22659,6598,1,0
17027,22660,6598,1,0
17028,22662,6599,1,1
17029,22664,6599,1,1
17030,22665,6599,1,1
17031,22667,6601,1,1
17032,22668,6601,1,0
17033,22669,6601,1,0
17034,22671,6601,1,1
17035,22672,6602,1,0
17036,22673,6602,1,0
17037,22675,6602,1,0
17038,22677,6603,1,0
17039,22678,6603,1,1
17040,22681,6603,1,1
17041,22682,6603,1,0
17042,22683,6604,1,1
17043,22684,6604,1,0
17044,22685,6604,1,1
17045,22686,6604,1,1
17046,22688,6605,1,0
17047,22689,6605,1,0
17048,22690,6607,1,0
17049,22692,6608,1,1
17050,22693,6608,1,1
17051,22694,6608,1,0
17052,22695,6608,1,0
17053,22696,6609,1,1
17054,22697,6609,1,1
17055,22698,6609,1,1
17056,22700,6610,1,0
17057,22701,6610,1,0
17058,22702,6610,1,0
17059,22703,6610,1,0
17060,22704,6610,1,0
17061,22705,6611,1,0
17062,22706,6611,1,0
17063,22709,6612,1,0
17064,22710,6612,1,1
17065,22711,6614,1,0
17066,22712,6614,1,0
17067,22713,6614,1,0
17068,22714,6614,1,1
17069,22715,6614,1,0
17070,22716,6614,1,1
17071,22717,6614,1,0
17072,22718,6614,1,1
17073,22721,6615,1,1
17074,22722,6616,1,1
17075,22723,6616,1,0
17076,22724,6616,1,0
17077,22725,6617,1,0
17078,22727,6618,1,0
17079,22728,6618,1,0
17080,22729,6618,1,1
17081,22730,6618,1,0
17082,22732,6619,1,0
17083,22734,6619,1,0
17084,22735,6619,1,0
17085,22736,6619,1,0
17086,22737,6619,1,1
17087,22738,6620,1,1
17088,22739,6620,1,0
17089,22740,6620,1,0
17090,22741,6620,1,0
17091,22742,6620,1,0
17092,22746,6623,1,0
17093,22747,6623,1,1
17094,22748,6623,1,1
17095,22750,6625,1,0
17096,22751,6625,1,0
17097,22752,6626,1,0
17098,22753,6626,1,0
17099,22754,6626,1,0
17100,22756,6627,1,1
17101,22757,6628,1,0
17102,22758,6628,1,0
17103,22760,6629,1,0
17104,22761,6629,1,0
17105,22762,6629,1,1
17106,22763,6630,1,1
17107,22765,6631,1,0
17108,22768,6632,1,1
17109,22769,6632,1,0
17110,22770,6632,1,1
17111,22771,6633,1,0
17112,22774,6633,1,1
17113,22775,6633,1,0
17114,22776,6633,1,1
17115,22777,6634,1,1
17116,22779,6634,1,0
17117,22780,6635,1,0
17118,22781,6635,1,0
17119,22782,6635,1,0
17120,22783,6635,1,0
17121,22785,6636,1,1
17122,22787,6637,1,0
17123,22788,6637,1,0
17124,22789,6637,1,1
17125,22791,6638,1,0
17126,22794,6639,1,1
17127,22796,6639,1,1
17128,22797,6639,1,1
17129,22799,6640,1,0
17130,22802,6641,1,0
17131,22803,6641,1,0
17132,22804,6642,1,0
17133,22805,6643,1,0
17134,22806,6643,1,1
17135,22807,6643,1,1
17136,22808,6644,1,1
17137,22810,6644,1,0
17138,22811,6644,1,0
17139,22812,6645,1,0
17140,22813,6646,1,0
17141,22814,6647,1,1
17142,22816,6647,1,1
17143,22818,6647,1,1
17144,22820,6648,1,0
17145,22823,6649,1,1
17146,22824,6649,1,0
17147,22825,6649,1,0
17148,22826,6649,1,0
17149,22828,6650,1,0
17150,22829,6651,1,0
17151,22830,6651,1,1
17152,22831,6652,1,0
17153,22834,6652,1,1
17154,22835,6652,1,1
17155,22836,6652,1,0
17156,22838,6653,1,1
17157,22839,6653,1,1
17158,22840,6653,1,1
17159,22841,6653,1,0
17160,22843,6654,1,1
17161,22844,6654,1,0
17162,22845,6654,1,0
17163,22846,6654,1,0
17164,22848,6654,1,0
17165,22851,6655,1,0
17166,22852,6655,1,1
17167,22855,6655,1,0
17168,22857,6655,1,0
17169,22859,6657,1,0
17170,22860,6657,1,0
17171,22861,6657,1,0
17172,22863,6657,1,0
17173,22864,6657,1,0
17174,22865,6658,1,1
17175,22866,6659,1,0
17176,22867,6659,1,0
17177,22868,6659,1,1
17178,22871,6659,1,0
17179,22872,6660,1,1
17180,22874,6660,1,0
17181,22879,6662,1,0
17182,22880,6662,1,0
17183,22882,6662,1,0
17184,22883,6662,1,0
17185,22884,6662,1,0
17186,22886,6665,1,0
17187,22887,6666,1,1
17188,22889,6666,1,0
17189,22891,6667,1,0
17190,22892,6667,1,1
17191,22893,6667,1,1
17192,22894,6667,1,0
17193,22896,6668,1,1
17194,22898,6668,1,0
17195,22899,6668,1,0
17196,22900,6668,1,0
17197,22901,6669,1,0
17198,22902,6670,1,0
17199,22903,6670,1,1
17200,22904,6670,1,0
17201,22906,6670,1,1
17202,22907,6670,1,1
17203,22908,6670,1,1
17204,22909,6670,1,0
17205,22911,6671,1,0
17206,22912,6672,1,0
17207,22913,6672,1,0
17208,22914,6672,1,0
17209,22916,6672,1,1
17210,22919,6672,1,1
17211,22920,6672,1,0
17212,22922,6673,1,1
17213,22925,6673,1,0
17214,22926,6673,1,1
17215,22927,6673,1,0
17216,22928,6673,1,0
17217,22929,6674,1,0
17218,22930,6675,1,0
17219,22931,6676,1,1
17220,22932,6677,1,0
17221,22933,6677,1,1
17222,22934,6677,1,1
17223,22935,6677,1,0
17224,22938,6678,1,1
17225,22940,6678,1,0
17226,22941,6678,1,1
17227,22942,6678,1,0
17228,22943,6678,1,0
17229,22946,6679,1,1
17230,22947,6679,1,1
17231,22948,6679,1,1
17232,22949,6680,1,0
17233,22950,6680,1,1
17234,22951,6681,1,0
17235,22952,6681,1,0
17236,22953,6682,1,0
17237,22954,6682,1,0
17238,22955,6682,1,0
17239,22959,6683,1,0
17240,22960,6684,1,0
17241,22961,6684,1,0
17242,22962,6684,1,0
17243,22963,6684,1,1
17244,22964,6686,1,0
17245,22965,6687,1,0
17246,22966,6687,1,1
17247,22968,6687,1,1
17248,22969,6687,1,0
17249,22970,6687,1,0
17250,22973,6688,1,0
17251,22975,6688,1,1
17252,22978,6689,1,1
17253,22979,6689,1,0
17254,22981,6690,1,0
17255,22982,6690,1,0
17256,22987,6692,1,0
17257,22989,6692,1,1
17258,22990,6693,1,1
17259,22991,6695,1,0
17260,22992,6696,1,1
17261,22993,6696,1,0
17262,22994,6697,1,0
17263,22997,6697,1,0
17264,22999,6698,1,1
17265,23002,6699,1,1
17266,23003,6699,1,0
17267,23004,6699,1,0
17268,23006,6701,1,0
17269,23008,6701,1,0
17270,23010,6702,1,1
17271,23011,6702,1,0
17272,23012,6702,1,1
17273,23013,6702,1,0
17274,23014,6703,1,0
17275,23015,6703,1,0
17276,23016,6704,1,0
17277,23018,6704,1,1
17278,23019,6704,1,1
17279,23021,6704,1,0
17280,23022,6704,1,1
17281,23023,6704,1,1
17282,23025,6704,1,0
17283,23027,6704,1,1
17284,23028,6705,1,0
17285,23029,6705,1,1
17286,23030,6706,1,0
17287,23032,6707,1,0
17288,23033,6708,1,0
17289,23034,6708,1,0
17290,23035,6708,1,0
17291,23036,6708,1,0
17292,23037,6708,1,1
17293,23038,6708,1,0
17294,23039,6708,1,0
17295,23040,6709,1,1
17296,23041,6709,1,0
17297,23042,6709,1,0
17298,23043,6709,1,0
17299,23045,6709,1,1
17300,23046,6709,1,1
17301,23047,6710,1,0
17302,23048,6710,1,1
17303,23049,6710,1,0
17304,23050,6710,1,1
17305,23051,6710,1,0
17306,23053,6711,1,0
17307,23057,6713,1,0
17308,23060,6713,1,0
17309,23061,6714,1,0
17310,23062,6714,1,1
17311,23064,6714,1,0
17312,23065,6715,1,1
17313,23067,6716,1,1
17314,23070,6717,1,0
17315,23071,6717,1,1
17316,23073,6717,1,0
17317,23074,6718,1,0
17318,23076,6718,1,1
17319,23077,6718,1,0
17320,23078,6718,1,0
17321,23079,6718,1,0
17322,23081,6718,1,0
17323,23082,6718,1,1
17324,23083,6719,1,1
17325,23084,6719,1,0
17326,23086,6720,1,0
17327,23088,6720,1,0
17328,23090,6721,1,1
17329,23091,6721,1,0
17330,23092,6721,1,0
17331,23093,6721,1,0
17332,23094,6721,1,1
17333,23095,6722,1,0
17334,23096,6722,1,1
17335,23097,6722,1,0
17336,23098,6722,1,0
17337,23099,6722,1,0
17338,23100,6723,1,0
17339,23101,6723,1,0
17340,23102,6723,1,0
17341,23103,6723,1,0
17342,23104,6723,1,1
17343,23105,6723,1,0
17344,23106,6724,1,0
17345,23107,6724,1,1
17346,23108,6724,1,1
17347,23109,6724,1,0
17348,23110,6724,1,0
17349,23111,6724,1,0
17350,23113,6725,1,0
17351,23115,6725,1,0
17352,23116,6725,1,1
17353,23118,6726,1,1
17354,23119,6726,1,0
17355,23120,6726,1,1
17356,23121,6726,1,0
17357,23122,6726,1,1
17358,23123,6726,1,0
17359,23124,6727,1,0
17360,23125,6727,1,0
17361,23126,6727,1,0
17362,23127,6728,1,1
17363,23128,6728,1,0
17364,23129,6728,1,0
17365,23131,6730,1,1
17366,23132,6730,1,1
17367,23133,6731,1,1
17368,23135,6732,1,0
17369,23136,6734,1,1
17370,23137,6734,1,1
17371,23139,6734,1,1
17372,23141,6735,1,1
17373,23143,6735,1,1
17374,23145,6735,1,0
17375,23146,6736,1,0
17376,23147,6737,1,0
17377,23148,6738,1,0
17378,23149,6739,1,0
17379,23150,6739,1,0
17380,23151,6739,1,1
17381,23152,6739,1,1
17382,23153,6739,1,1
17383,23154,6739,1,0
17384,23157,6740,1,1
17385,23159,6740,1,1
17386,23160,6741,1,0
17387,23163,6742,1,0
17388,23165,6743,1,1
17389,23166,6743,1,1
17390,23168,6744,1,1
17391,23169,6744,1,0
17392,23170,6745,1,0
17393,23172,6745,1,0
17394,23173,6745,1,0
17395,23174,6746,1,0
17396,23177,6748,1,0
17397,23178,6748,1,0
17398,23180,6748,1,0
17399,23181,6748,1,1
17400,23182,6749,1,0
17401,23183,6750,1,0
17402,23184,6750,1,0
17403,23185,6750,1,0
17404,23186,6750,1,0
17405,23187,6750,1,0
17406,23188,6750,1,1
17407,23190,6751,1,0
17408,23191,6751,1,0
17409,23193,6751,1,1
17410,23194,6752,1,1
17411,23195,6752,1,0
17412,23196,6752,1,0
17413,23197,6752,1,0
17414,23199,6754,1,0
17415,23200,6754,1,0
17416,23201,6754,1,0
17417,23202,6754,1,0
17418,23203,6755,1,0
17419,23204,6755,1,0
17420,23205,6755,1,1
17421,23206,6756,1,1
17422,23207,6756,1,0
17423,23208,6756,1,0
17424,23209,6756,1,1
17425,23210,6756,1,1
17426,23211,6756,1,1
17427,23212,6757,1,1
17428,23213,6757,1,1
17429,23214,6758,1,0
17430,23215,6758,1,0
17431,23216,6758,1,1
17432,23218,6758,1,0
17433,23219,6758,1,0
17434,23220,6758,1,1
17435,23221,6758,1,0
17436,23222,6759,1,0
17437,23223,6759,1,1
17438,23225,6759,1,0
17439,23226,6760,1,0
17440,23227,6760,1,0
17441,23228,6762,1,0
17442,23230,6763,1,0
17443,23231,6763,1,1
17444,23232,6763,1,1
17445,23233,6764,1,0
17446,23235,6765,1,0
17447,23239,6767,1,0
17448,23240,6769,1,1
17449,23241,6769,1,1
17450,23244,6769,1,0
17451,23245,6771,1,0
17452,23246,6771,1,0
17453,23249,6771,1,1
17454,23251,6772,1,1
17455,23252,6772,1,0
17456,23253,6772,1,1
17457,23255,6772,1,0
17458,23256,6772,1,0
17459,23257,6773,1,0
17460,23258,6773,1,0
17461,23259,6773,1,0
17462,23260,6773,1,1
17463,23261,6773,1,0
17464,23262,6773,1,0
17465,23263,6774,1,0
17466,23264,6774,1,0
17467,23265,6774,1,0
17468,23266,6774,1,1
17469,23267,6775,1,1
17470,23268,6775,1,0
17471,23270,6776,1,0
17472,23272,6776,1,1
17473,23274,6778,1,0
17474,23275,6778,1,1
17475,23277,6779,1,1
17476,23278,6780,1,0
17477,23279,6780,1,1
17478,23281,6781,1,0
17479,23282,6782,1,0
17480,23283,6782,1,1
17481,23284,6782,1,0
17482,23285,6782,1,0
17483,23286,6782,1,0
17484,23288,6782,1,1
17485,23294,6783,1,1
17486,23295,6784,1,1
17487,23296,6784,1,0
17488,23299,6786,1,1
17489,23300,6786,1,0
17490,23303,6787,1,1
17491,23304,6787,1,1
17492,23305,6787,1,0
17493,23306,6787,1,0
17494,23307,6788,1,1
17495,23308,6788,1,0
17496,23310,6788,1,0
17497,23311,6788,1,1
17498,23314,6788,1,0
17499,23316,6789,1,1
17500,23317,6789,1,0
17501,23318,6790,1,1
17502,23319,6790,1,0
17503,23320,6790,1,1
17504,23321,6790,1,0
17505,23323,6791,1,0
17506,23324,6791,1,0
17507,23325,6791,1,0
17508,23326,6791,1,1
17509,23327,6792,1,1
17510,23331,6792,1,1
17511,23332,6792,1,1
17512,23333,6793,1,0
17513,23334,6793,1,0
17514,23335,6794,1,0
17515,23336,6794,1,1
17516,23337,6794,1,0
17517,23338,6796,1,1
17518,23341,6797,1,0
17519,23342,6797,1,0
17520,23343,6797,1,0
17521,23344,6797,1,0
17522,23345,6797,1,0
17523,23346,6798,1,0
17524,23347,6798,1,0
17525,23349,6798,1,0
17526,23350,6798,1,0
17527,23351,6798,1,0
17528,23352,6799,1,0
17529,23353,6799,1,1
17530,23354,6800,1,0
17531,23355,6800,1,0
17532,23356,6800,1,1
17533,23357,6800,1,0
17534,23358,6800,1,0
17535,23360,6801,1,0
17536,23362,6801,1,0
17537,23364,6803,1,1
17538,23365,6803,1,0
17539,23367,6804,1,0
17540,23370,6805,1,0
17541,23372,6805,1,0
17542,23373,6806,1,1
17543,23374,6806,1,0
17544,23375,6806,1,1
17545,23376,6806,1,1
17546,23377,6807,1,0
17547,23378,6808,1,0
17548,23381,6808,1,0
17549,23382,6809,1,0
17550,23383,6809,1,0
17551,23385,6812,1,1
17552,23386,6812,1,0
17553,23387,6812,1,0
17554,23388,6813,1,0
17555,23389,6813,1,1
17556,23390,6813,1,1
17557,23391,6813,1,1
17558,23392,6813,1,1
17559,23393,6813,1,0
17560,23394,6814,1,0
17561,23395,6814,1,0
17562,23396,6815,1,0
17563,23399,6815,1,1
17564,23400,6815,1,0
17565,23401,6817,1,1
17566,23402,6817,1,0
17567,23403,6817,1,1
17568,23404,6817,1,0
17569,23407,6818,1,0
17570,23408,6818,1,1
17571,23409,6818,1,0
17572,23410,6818,1,0
17573,23411,6819,1,0
17574,23412,6819,1,0
17575,23413,6819,1,1
17576,23415,6819,1,0
17577,23416,6819,1,1
17578,23417,6820,1,0
17579,23418,6820,1,0
17580,23419,6820,1,1
17581,23420,6820,1,0
17582,23421,6820,1,1
17583,23422,6820,1,1
17584,23423,6821,1,1
17585,23425,6821,1,1
17586,23426,6821,1,1
17587,23427,6821,1,0
17588,23428,6821,1,0
17589,23429,6821,1,0
17590,23430,6822,1,0
17591,23432,6823,1,0
17592,23434,6823,1,1
17593,23435,6823,1,0
17594,23436,6823,1,1
17595,23437,6823,1,0
17596,23439,6823,1,1
17597,23440,6823,1,1
17598,23441,6824,1,0
17599,23442,6824,1,1
17600,23443,6824,1,0
17601,23444,6824,1,0
17602,23445,6824,1,1
17603,23446,6824,1,0
17604,23447,6825,1,1
17605,23448,6825,1,1
17606,23449,6825,1,0
17607,23450,6826,1,0
17608,23451,6827,1,0
17609,23453,6827,1,0
17610,23454,6827,1,1
17611,23455,6828,1,0
17612,23456,6828,1,1
17613,23457,6829,1,0
17614,23458,6829,1,0
17615,23459,6829,1,0
17616,23460,6829,1,1
17617,23461,6829,1,0
17618,23462,6829,1,1
17619,23463,6830,1,0
17620,23464,6831,1,0
17621,23466,6832,1,1
17622,23467,6832,1,0
17623,23468,6832,1,0
17624,23470,6832,1,0
17625,23472,6833,1,1
17626,23473,6833,1,0
17627,23474,6834,1,0
17628,23475,6835,1,1
17629,23477,6835,1,1
17630,23479,6835,1,0
17631,23480,6835,1,1
17632,23481,6835,1,1
17633,23483,6836,1,1
17634,23485,6837,1,1
17635,23486,6838,1,0
17636,23488,6838,1,0
17637,23489,6838,1,0
17638,23490,6838,1,0
17639,23492,6838,1,0
17640,23493,6839,1,1
17641,23494,6839,1,1
17642,23495,6840,1,0
17643,23497,6841,1,0
17644,23498,6841,1,1
17645,23502,6842,1,1
17646,23503,6842,1,1
17647,23504,6843,1,0
17648,23506,6844,1,1
17649,23507,6844,1,0
17650,23508,6844,1,0
17651,23509,6844,1,0
17652,23510,6844,1,0
17653,23511,6844,1,1
17654,23514,6845,1,0
17655,23515,6845,1,1
17656,23517,6847,1,0
17657,23519,6849,1,0
17658,23520,6850,1,1
17659,23521,6851,1,0
17660,23522,6851,1,0
17661,23523,6851,1,1
17662,23525,6852,1,0
17663,23527,6852,1,1
17664,23528,6852,1,0
17665,23529,6852,1,0
17666,23530,6852,1,0
17667,23532,6854,1,0
17668,23534,6855,1,1
17669,23535,6855,1,0
17670,23536,6855,1,0
17671,23537,6855,1,0
17672,23538,6855,1,1
17673,23540,6856,1,0
17674,23541,6857,1,1
17675,23544,6859,1,0
17676,23545,6859,1,0
17677,23546,6859,1,1
17678,23548,6859,1,0
17679,23549,6859,1,0
17680,23550,6860,1,0
17681,23551,6860,1,0
17682,23552,6860,1,0
17683,23554,6860,1,0
17684,23556,6861,1,0
17685,23557,6863,1,1
17686,23558,6863,1,0
17687,23559,6863,1,0
17688,23560,6864,1,0
17689,23561,6864,1,1
17690,23564,6864,1,0
17691,23566,6864,1,1
17692,23568,6866,1,1
17693,23570,6866,1,1
17694,23571,6866,1,0
17695,23572,6867,1,1
17696,23573,6867,1,0
17697,23574,6867,1,0
17698,23575,6867,1,0
17699,23576,6868,1,0
17700,23577,6869,1,1
17701,23578,6869,1,0
17702,23582,6869,1,0
17703,23583,6869,1,0
17704,23584,6870,1,0
17705,23586,6870,1,0
17706,23587,6870,1,0
17707,23588,6870,1,0
17708,23589,6872,1,1
17709,23590,6872,1,0
17710,23591,6872,1,0
17711,23593,6873,1,0
17712,23594,6874,1,1
17713,23595,6875,1,0
17714,23596,6875,1,1
17715,23600,6877,1,1
17716,23601,6878,1,0
17717,23602,6878,1,0
17718,23603,6878,1,0
17719,23604,6878,1,1
17720,23606,6878,1,0
17721,23609,6879,1,1
17722,23610,6879,1,0
17723,23611,6879,1,1
17724,23613,6880,1,0
17725,23614,6880,1,1
17726,23616,6880,1,1
17727,23617,6881,1,1
17728,23618,6881,1,0
17729,23619,6882,1,0
17730,23620,6882,1,0
17731,23621,6882,1,0
17732,23622,6882,1,0
17733,23623,6883,1,1
17734,23624,6883,1,0
17735,23625,6883,1,0
17736,23626,6883,1,0
17737,23627,6883,1,1
17738,23628,6883,1,1
17739,23629,6883,1,0
17740,23631,6883,1,0
17741,23632,6884,1,0
17742,23633,6885,1,0
17743,23634,6885,1,0
17744,23635,6885,1,0
17745,23636,6886,1,1
17746,23637,6886,1,0
17747,23639,6886,1,0
17748,23640,6887,1,0
17749,23641,6887,1,0
17750,23642,6887,1,0
17751,23644,6887,1,0
17752,23646,6887,1,1
17753,23647,6888,1,1
17754,23648,6888,1,0
17755,23649,6888,1,1
17756,23650,6888,1,0
17757,23651,6888,1,0
17758,23653,6888,1,0
17759,23654,6889,1,0
17760,23655,6889,1,1
17761,23657,6889,1,0
17762,23658,6889,1,1
17763,23659,6889,1,0
17764,23661,6890,1,1
17765,23662,6890,1,0
17766,23663,6890,1,0
17767,23665,6890,1,0
17768,23666,6890,1,1
17769,23668,6890,1,0
17770,23669,6890,1,0
17771,23670,6891,1,0
17772,23671,6891,1,0
17773,23673,6892,1,1
17774,23674,6893,1,1
17775,23675,6894,1,0
17776,23676,6894,1,0
17777,23677,6895,1,0
17778,23678,6895,1,0
17779,23679,6895,1,1
17780,23680,6895,1,0
17781,23681,6896,1,0
17782,23682,6896,1,0
17783,23683,6896,1,1
17784,23684,6897,1,0
17785,23687,6898,1,0
17786,23688,6898,1,0
17787,23689,6898,1,0
17788,23690,6898,1,0
17789,23691,6898,1,0
17790,23692,6899,1,1
17791,23694,6899,1,0
17792,23695,6900,1,0
17793,23696,6900,1,0
17794,23698,6900,1,0
17795,23699,6900,1,1
17796,23700,6901,1,0
17797,23701,6902,1,0
17798,23702,6902,1,1
17799,23703,6902,1,1
17800,23704,6902,1,0
17801,23705,6902,1,1
17802,23706,6904,1,0
17803,23707,6904,1,1
17804,23708,6905,1,0
17805,23709,6906,1,0
17806,23710,6906,1,0
17807,23711,6906,1,0
17808,23713,6907,1,0
17809,23714,6907,1,1
17810,23715,6907,1,1
17811,23716,6908,1,0
17812,23717,6908,1,0
17813,23718,6909,1,0
17814,23719,6909,1,0
17815,23721,6909,1,1
17816,23722,6909,1,1
17817,23723,6910,1,1
17818,23724,6910,1,0
17819,23725,6911,1,1
17820,23726,6911,1,1
17821,23727,6911,1,0
17822,23728,6912,1,1
17823,23729,6912,1,0
17824,23731,6912,1,1
17825,23732,6913,1,0
17826,23734,6914,1,0
17827,23736,6915,1,0
17828,23737,6915,1,0
17829,23738,6916,1,1
17830,23740,6917,1,1
17831,23741,6917,1,0
17832,23742,6917,1,0
17833,23743,6918,1,0
17834,23746,6918,1,0
17835,23748,6919,1,1
17836,23749,6920,1,0
17837,23750,6920,1,1
17838,23751,6921,1,0
17839,23753,6921,1,1
17840,23755,6924,1,1
17841,23756,6924,1,0
17842,23757,6924,1,1
17843,23758,6924,1,0
17844,23759,6924,1,1
17845,23760,6924,1,0
17846,23761,6925,1,0
17847,23762,6925,1,1
17848,23763,6925,1,0
17849,23764,6926,1,0
17850,23766,6926,1,1
17851,23769,6928,1,1
17852,23771,6929,1,0
17853,23775,6930,1,0
17854,23776,6930,1,0
17855,23777,6930,1,1
17856,23778,6930,1,0
17857,23779,6932,1,0
17858,23782,6932,1,0
17859,23783,6932,1,1
17860,23785,6933,1,0
17861,23786,6933,1,0
17862,23787,6933,1,1
17863,23788,6933,1,0
17864,23789,6934,1,0
17865,23792,6935,1,0
17866,23793,6936,1,0
17867,23794,6936,1,0
17868,23795,6936,1,1
17869,23797,6937,1,0
17870,23798,6937,1,0
17871,23799,6937,1,0
17872,23800,6937,1,1
17873,23801,6937,1,0
17874,23802,6937,1,0
17875,23803,6937,1,1
17876,23804,6938,1,1
17877,23806,6939,1,0
17878,23807,6939,1,0
17879,23809,6940,1,0
17880,23810,6940,1,1
17881,23811,6940,1,0
17882,23812,6940,1,0
17883,23813,6940,1,0
17884,23814,6941,1,1
17885,23815,6941,1,0
17886,23817,6943,1,1
17887,23818,6943,1,1
17888,23819,6943,1,0
17889,23820,6943,1,0
17890,23821,6944,1,1
17891,23822,6944,1,1
17892,23823,6945,1,0
17893,23824,6945,1,0
17894,23825,6945,1,0
17895,23829,6946,1,1
17896,23830,6947,1,0
17897,23831,6947,1,0
17898,23832,6947,1,1
17899,23833,6947,1,0
17900,23834,6947,1,0
17901,23836,6947,1,1
17902,23837,6947,1,1
17903,23838,6948,1,0
17904,23839,6948,1,0
17905,23840,6948,1,0
17906,23841,6949,1,0
17907,23842,6950,1,1
17908,23843,6951,1,1
17909,23844,6951,1,0
17910,23846,6952,1,1
17911,23847,6952,1,1
17912,23848,6952,1,0
17913,23849,6952,1,1
17914,23850,6952,1,0
17915,23852,6953,1,0
17916,23854,6953,1,1
17917,23855,6953,1,0
17918,23856,6953,1,1
17919,23857,6954,1,0
17920,23859,6955,1,0
17921,23860,6956,1,0
17922,23862,6957,1,1
17923,23864,6957,1,0
17924,23865,6957,1,0
17925,23866,6958,1,0
17926,23867,6958,1,0
17927,23868,6959,1,0
17928,23869,6959,1,0
17929,23871,6959,1,0
17930,23873,6960,1,1
17931,23874,6960,1,0
17932,23875,6960,1,1
17933,23877,6961,1,0
17934,23878,6963,1,1
17935,23879,6965,1,1
17936,23880,6965,1,1
17937,23882,6965,1,1
17938,23883,6965,1,0
17939,23884,6966,1,0
17940,23885,6966,1,0
17941,23886,6966,1,1
17942,23888,6966,1,0
17943,23889,6967,1,0
17944,23890,6967,1,0
17945,23891,6967,1,0
17946,23895,6967,1,1
17947,23896,6967,1,1
17948,23898,6969,1,0
17949,23899,6969,1,0
17950,23900,6969,1,0
17951,23902,6970,1,0
17952,23903,6970,1,1
17953,23905,6970,1,1
17954,23906,6970,1,1
17955,23907,6971,1,1
17956,23908,6972,1,0
17957,23909,6972,1,1
17958,23910,6973,1,0
17959,23912,6973,1,0
17960,23913,6974,1,0
17961,23914,6974,1,1
17962,23915,6974,1,0
17963,23917,6974,1,0
17964,23919,6974,1,0
17965,23921,6975,1,0
17966,23922,6975,1,1
17967,23923,6975,1,0
17968,23924,6975,1,0
17969,23926,6976,1,1
17970,23927,6976,1,0
17971,23929,6976,1,1
17972,23930,6976,1,1
17973,23931,6976,1,1
17974,23932,6977,1,0
17975,23933,6977,1,1
17976,23934,6977,1,0
17977,23937,6978,1,0
17978,23938,6979,1,1
17979,23940,6979,1,1
17980,23941,6979,1,0
17981,23942,6979,1,1
17982,23943,6979,1,1
17983,23945,6980,1,0
17984,23946,6981,1,0
17985,23948,6981,1,1
17986,23949,6981,1,0
17987,23951,6981,1,1
17988,23952,6981,1,0
17989,23954,6982,1,0
17990,23955,6983,1,0
17991,23956,6983,1,0
17992,23958,6983,1,0
17993,23959,6983,1,0
17994,23962,6984,1,1
17995,23963,6984,1,0
17996,23964,6984,1,0
17997,23966,6985,1,1
17998,23971,6986,1,0
17999,23972,6986,1,0
18000,23973,6986,1,1
18001,23974,6986,1,0
18002,23975,6987,1,0
18003,23976,6987,1,1
18004,23977,6988,1,0
18005,23979,6989,1,0
18006,23980,6991,1,0
18007,23981,6991,1,1
18008,23982,6992,1,1
18009,23984,6993,1,0
18010,23985,6993,1,1
18011,23986,6994,1,0
18012,23987,6994,1,1
18013,23989,6995,1,1
18014,23990,6996,1,0
18015,23992,6996,1,1
18016,23993,6996,1,1
18017,23995,6997,1,0
18018,23997,6997,1,0
18019,24000,6998,1,0
18020,24001,6998,1,0
18021,24003,6999,1,1
18022,24005,6999,1,0
18023,24006,6999,1,0
18024,24007,7000,1,1
18025,24008,7000,1,0
18026,24009,7000,1,1
18027,24015,7000,1,1
18028,24017,7001,1,0
18029,24018,7002,1,1
18030,24019,7002,1,1
18031,24020,7002,1,0
18032,24021,7002,1,0
18033,24022,7002,1,1
18034,24023,7003,1,1
18035,24024,7003,1,0
18036,24025,7003,1,0
18037,24026,7003,1,0
18038,24027,7004,1,0
18039,24028,7004,1,1
18040,24029,7004,1,0
18041,24031,7004,1,0
18042,24032,7004,1,0
18043,24033,7005,1,0
18044,24034,7005,1,0
18045,24035,7005,1,1
18046,24037,7005,1,1
18047,24038,7005,1,0
18048,24039,7005,1,1
18049,24040,7005,1,0
18050,24041,7006,1,0
18051,24042,7006,1,1
18052,24043,7006,1,1
18053,24044,7007,1,0
18054,24045,7007,1,1
18055,24048,7007,1,1
18056,24049,7007,1,1
18057,24050,7008,1,1
18058,24051,7008,1,0
18059,24052,7008,1,1
18060,24054,7008,1,1
18061,24055,7009,1,0
18062,24057,7009,1,0
18063,24059,7010,1,0
18064,24060,7012,1,0
18065,24061,7014,1,0
18066,24063,7015,1,0
18067,24065,7016,1,0
18068,24066,7016,1,0
18069,24067,7016,1,1
18070,24068,7016,1,1
18071,24069,7016,1,1
18072,24070,7017,1,0
18073,24073,7018,1,1
18074,24074,7019,1,1
18075,24077,7021,1,0
18076,24078,7021,1,0
18077,24079,7021,1,1
18078,24080,7021,1,0
18079,24081,7022,1,0
18080,24082,7023,1,0
18081,24083,7023,1,0
18082,24084,7024,1,0
18083,24085,7025,1,1
18084,24087,7026,1,0
18085,24088,7026,1,0
18086,24090,7026,1,1
18087,24091,7026,1,1
18088,24092,7026,1,1
18089,24093,7027,1,1
18090,24094,7027,1,0
18091,24095,7028,1,0
18092,24096,7028,1,0
18093,24097,7028,1,0
18094,24099,7028,1,0
18095,24100,7028,1,1
18096,24102,7028,1,1
18097,24103,7029,1,0
18098,24104,7029,1,0
18099,24105,7029,1,1
18100,24106,7029,1,0
18101,24108,7030,1,1
18102,24109,7030,1,0
18103,24111,7030,1,0
18104,24112,7030,1,1
18105,24113,7031,1,0
18106,24115,7031,1,0
18107,24116,7031,1,0
18108,24119,7031,1,1
18109,24122,7031,1,0
18110,24123,7032,1,0
18111,24124,7032,1,1
18112,24125,7032,1,0
18113,24126,7033,1,0
18114,24127,7033,1,0
18115,24129,7033,1,0
18116,24130,7033,1,1
18117,24131,7033,1,1
18118,24133,7033,1,1
18119,24134,7034,1,0
18120,24136,7036,1,0
18121,24137,7037,1,1
18122,24139,7037,1,0
18123,24140,7037,1,0
18124,24141,7037,1,1
18125,24142,7038,1,0
18126,24143,7038,1,0
18127,24144,7038,1,0
18128,24145,7038,1,1
18129,24147,7039,1,0
18130,24148,7039,1,0
18131,24149,7040,1,1
18132,24150,7040,1,1
18133,24151,7041,1,0
18134,24153,7041,1,0
18135,24154,7041,1,0
18136,24155,7042,1,0
18137,24156,7043,1,0
18138,24157,7043,1,1
18139,24158,7043,1,1
18140,24159,7043,1,1
18141,24160,7044,1,0
18142,24161,7045,1,1
18143,24162,7045,1,0
18144,24163,7045,1,1
18145,24164,7046,1,1
18146,24166,7046,1,1
18147,24167,7046,1,0
18148,24168,7046,1,0
18149,24169,7046,1,0
18150,24170,7046,1,0
18151,24171,7047,1,0
18152,24173,7048,1,0
18153,24174,7048,1,0
18154,24175,7048,1,0
18155,24176,7048,1,0
18156,24179,7048,1,0
18157,24180,7048,1,0
18158,24181,7049,1,0
18159,24182,7049,1,0
18160,24183,7049,1,1
18161,24184,7049,1,0
18162,24185,7049,1,0
18163,24186,7049,1,1
18164,24187,7049,1,0
18165,24189,7050,1,1
18166,24190,7050,1,1
18167,24191,7050,1,1
18168,24192,7051,1,1
18169,24195,7051,1,0
18170,24196,7052,1,1
18171,24197,7052,1,0
18172,24198,7053,1,0
18173,24199,7053,1,0
18174,24200,7053,1,1
18175,24201,7054,1,0
18176,24202,7054,1,0
18177,24203,7055,1,0
18178,24204,7055,1,1
18179,24207,7056,1,0
18180,24208,7057,1,1
18181,24209,7057,1,1
18182,24210,7057,1,0
18183,24212,7057,1,1
18184,24213,7058,1,0
18185,24214,7058,1,0
18186,24215,7059,1,0
18187,24216,7061,1,1
18188,24217,7061,1,0
18189,24218,7061,1,1
18190,24219,7061,1,1
18191,24220,7062,1,0
18192,24221,7062,1,0
18193,24223,7062,1,0
18194,24224,7062,1,0
18195,24226,7063,1,0
18196,24227,7063,1,0
18197,24228,7065,1,0
18198,24229,7066,1,0
18199,24230,7066,1,0
18200,24231,7066,1,0
18201,24232,7067,1,0
18202,24233,7068,1,0
18203,24234,7069,1,1
18204,24235,7069,1,0
18205,24236,7069,1,0
18206,24237,7069,1,0
18207,24238,7070,1,0
18208,24241,7071,1,0
18209,24242,7071,1,0
18210,24243,7071,1,1
18211,24244,7071,1,1
18212,24245,7071,1,0
18213,24246,7071,1,0
18214,24247,7071,1,0
18215,24248,7071,1,0
18216,24249,7072,1,0
18217,24250,7072,1,1
18218,24252,7072,1,1
18219,24253,7073,1,0
18220,24254,7073,1,0
18221,24256,7073,1,1
18222,24257,7074,1,1
18223,24258,7075,1,1
18224,24259,7075,1,0
18225,24260,7076,1,1
18226,24261,7076,1,0
18227,24262,7076,1,0
18228,24263,7076,1,0
18229,24265,7077,1,0
18230,24266,7078,1,0
18231,24267,7078,1,0
18232,24268,7078,1,0
18233,24270,7079,1,0
18234,24271,7079,1,1
18235,24272,7080,1,0
18236,24273,7080,1,0
18237,24274,7080,1,0
18238,24275,7080,1,0
18239,24277,7081,1,0
18240,24278,7081,1,0
18241,24279,7081,1,1
18242,24280,7082,1,0
18243,24281,7083,1,0
18244,24282,7083,1,1
18245,24283,7083,1,0
18246,24284,7083,1,0
18247,24287,7084,1,0
18248,24288,7084,1,0
18249,24289,7084,1,0
18250,24290,7085,1,1
18251,24292,7085,1,0
18252,24293,7086,1,0
18253,24295,7086,1,0
18254,24296,7086,1,1
18255,24297,7087,1,0
18256,24300,7088,1,0
18257,24301,7088,1,0
18258,24302,7088,1,0
18259,24303,7088,1,1
18260,24304,7088,1,0
18261,24307,7089,1,0
18262,24309,7089,1,1
18263,24310,7089,1,0
18264,24315,7091,1,0
18265,24316,7092,1,0
18266,24317,7093,1,0
18267,24320,7093,1,0
18268,24322,7093,1,0
18269,24324,7094,1,0
18270,24325,7094,1,0
18271,24326,7094,1,0
18272,24327,7094,1,0
18273,24331,7095,1,1
18274,24332,7095,1,0
18275,24333,7095,1,1
18276,24334,7095,1,0
18277,24335,7096,1,0
18278,24336,7096,1,1
18279,24339,7097,1,1
18280,24340,7097,1,0
18281,24341,7097,1,1
18282,24342,7099,1,0
18283,24344,7099,1,0
18284,24345,7099,1,1
18285,24346,7099,1,0
18286,24347,7099,1,0
18287,24348,7099,1,0
18288,24349,7099,1,0
18289,24350,7099,1,0
18290,24352,7100,1,0
18291,24353,7100,1,0
18292,24354,7101,1,0
18293,24359,7102,1,1
18294,24360,7102,1,1
18295,24362,7102,1,0
18296,24364,7102,1,0
18297,24365,7102,1,0
18298,24366,7103,1,1
18299,24368,7103,1,0
18300,24369,7103,1,0
18301,24373,7104,1,1
18302,24374,7104,1,0
18303,24375,7104,1,1
18304,24376,7105,1,0
18305,24381,7106,1,1
18306,24382,7106,1,1
18307,24383,7107,1,0
18308,24384,7107,1,1
18309,24385,7107,1,1
18310,24386,7108,1,0
18311,24387,7109,1,0
18312,24388,7110,1,0
18313,24390,7110,1,0
18314,24391,7110,1,0
18315,24393,7110,1,0
18316,24394,7110,1,1
18317,24395,7110,1,0
18318,24397,7111,1,1
18319,24398,7111,1,0
18320,24399,7112,1,0
18321,24400,7112,1,0
18322,24401,7112,1,0
18323,24402,7113,1,0
18324,24403,7114,1,0
18325,24405,7115,1,1
18326,24407,7115,1,0
18327,24408,7115,1,0
18328,24409,7116,1,0
18329,24413,7117,1,1
18330,24414,7117,1,0
18331,24415,7117,1,0
18332,24417,7117,1,1
18333,24418,7118,1,0
18334,24419,7118,1,0
18335,24420,7118,1,1
18336,24421,7118,1,0
18337,24424,7121,1,0
18338,24426,7122,1,0
18339,24428,7122,1,0
18340,24429,7122,1,0
18341,24430,7122,1,1
18342,24431,7123,1,1
18343,24433,7124,1,0
18344,24435,7124,1,1
18345,24437,7125,1,0
18346,24439,7126,1,1
18347,24441,7126,1,0
18348,24442,7126,1,1
18349,24444,7127,1,0
18350,24445,7127,1,1
18351,24449,7128,1,0
18352,24450,7128,1,0
18353,24451,7128,1,1
18354,24453,7128,1,1
18355,24454,7129,1,1
18356,24455,7129,1,0
18357,24456,7129,1,1
18358,24458,7131,1,1
18359,24459,7131,1,0
18360,24460,7131,1,1
18361,24461,7132,1,1
18362,24462,7132,1,0
18363,24465,7132,1,1
18364,24467,7132,1,0
18365,24468,7132,1,0
18366,24469,7133,1,0
18367,24470,7133,1,0
18368,24471,7134,1,1
18369,24472,7134,1,0
18370,24474,7134,1,1
18371,24475,7134,1,0
18372,24476,7136,1,0
18373,24479,7136,1,1
18374,24483,7137,1,1
18375,24484,7137,1,0
18376,24485,7138,1,0
18377,24487,7139,1,0
18378,24488,7139,1,1
18379,24489,7139,1,0
18380,24490,7139,1,0
18381,24491,7139,1,0
18382,24492,7139,1,0
18383,24493,7139,1,0
18384,24494,7140,1,1
18385,24495,7140,1,0
18386,24496,7140,1,0
18387,24498,7140,1,0
18388,24499,7141,1,0
18389,24500,7141,1,0
18390,24501,7141,1,1
18391,24502,7142,1,0
18392,24504,7142,1,1
18393,24505,7142,1,0
18394,24506,7142,1,0
18395,24509,7143,1,0
18396,24510,7143,1,0
18397,24511,7143,1,0
18398,24512,7143,1,0
18399,24513,7144,1,1
18400,24514,7144,1,0
18401,24518,7145,1,1
18402,24519,7146,1,0
18403,24520,7146,1,0
18404,24521,7146,1,0
18405,24522,7147,1,0
18406,24525,7148,1,0
18407,24526,7149,1,0
18408,24527,7149,1,0
18409,24529,7149,1,1
18410,24530,7150,1,0
18411,24532,7150,1,0
18412,24533,7150,1,0
18413,24534,7150,1,0
18414,24535,7151,1,1
18415,24536,7151,1,0
18416,24537,7151,1,0
18417,24538,7151,1,0
18418,24539,7151,1,0
18419,24540,7151,1,1
18420,24543,7153,1,1
18421,24544,7153,1,0
18422,24546,7153,1,0
18423,24547,7153,1,1
18424,24548,7153,1,1
18425,24549,7153,1,0
18426,24550,7153,1,0
18427,24551,7154,1,1
18428,24552,7154,1,0
18429,24553,7155,1,0
18430,24555,7156,1,0
18431,24556,7156,1,0
18432,24557,7156,1,1
18433,24558,7156,1,1
18434,24559,7157,1,0
18435,24560,7157,1,1
18436,24561,7157,1,0
18437,24562,7158,1,1
18438,24565,7159,1,0
18439,24566,7160,1,0
18440,24567,7162,1,0
18441,24568,7162,1,1
18442,24570,7163,1,0
18443,24571,7163,1,1
18444,24572,7163,1,1
18445,24574,7164,1,1
18446,24575,7164,1,0
18447,24576,7164,1,1
18448,24577,7164,1,1
18449,24578,7164,1,1
18450,24581,7165,1,0
18451,24582,7166,1,0
18452,24584,7167,1,1
18453,24585,7167,1,0
18454,24587,7168,1,0
18455,24588,7168,1,1
18456,24589,7168,1,1
18457,24590,7168,1,0
18458,24591,7168,1,0
18459,24593,7169,1,0
18460,24594,7170,1,0
18461,24597,7170,1,0
18462,24598,7170,1,0
18463,24599,7170,1,0
18464,24603,7171,1,0
18465,24604,7171,1,0
18466,24605,7172,1,0
18467,24606,7172,1,0
18468,24608,7172,1,1
18469,24609,7172,1,0
18470,24610,7173,1,0
18471,24611,7173,1,1
18472,24612,7173,1,1
18473,24613,7173,1,1
18474,24614,7173,1,0
18475,24616,7174,1,0
18476,24618,7174,1,0
18477,24620,7174,1,0
18478,24621,7175,1,1
18479,24622,7175,1,1
18480,24623,7175,1,0
18481,24624,7175,1,1
18482,24626,7175,1,1
18483,24627,7176,1,1
18484,24628,7176,1,1
18485,24629,7176,1,0
18486,24630,7176,1,0
18487,24631,7176,1,0
18488,24632,7176,1,1
18489,24633,7176,1,1
18490,24634,7176,1,1
18491,24635,7176,1,0
18492,24638,7177,1,0
18493,24640,7177,1,0
18494,24641,7178,1,0
18495,24642,7178,1,1
18496,24644,7178,1,1
18497,24645,7180,1,1
18498,24647,7180,1,0
18499,24648,7180,1,1
18500,24649,7180,1,0
18501,24650,7181,1,0
18502,24652,7181,1,0
18503,24653,7181,1,1
18504,24654,7182,1,1
18505,24655,7182,1,0
18506,24657,7182,1,0
18507,24659,7182,1,0
18508,24661,7182,1,0
18509,24663,7182,1,1
18510,24664,7183,1,0
18511,24665,7183,1,1
18512,24666,7183,1,0
18513,24667,7183,1,1
18514,24668,7184,1,0
18515,24669,7184,1,0
18516,24670,7184,1,1
18517,24671,7184,1,1
18518,24672,7185,1,0
18519,24673,7185,1,0
18520,24674,7185,1,1
18521,24675,7186,1,0
18522,24676,7186,1,0
18523,24677,7186,1,0
18524,24678,7187,1,0
18525,24680,7187,1,1
18526,24681,7187,1,0
18527,24682,7187,1,0
18528,24683,7188,1,0
18529,24684,7188,1,1
18530,24685,7188,1,0
18531,24686,7188,1,1
18532,24687,7188,1,0
18533,24688,7188,1,1
18534,24689,7188,1,0
18535,24690,7188,1,0
18536,24691,7188,1,1
18537,24692,7189,1,1
18538,24693,7189,1,1
18539,24695,7189,1,0
18540,24697,7190,1,0
18541,24699,7191,1,0
18542,24700,7191,1,0
18543,24701,7192,1,0
18544,24703,7193,1,0
18545,24704,7193,1,0
18546,24705,7193,1,0
18547,24706,7194,1,0
18548,24707,7194,1,0
18549,24708,7194,1,1
18550,24710,7194,1,1
18551,24712,7196,1,0
18552,24713,7196,1,1
18553,24714,7196,1,0
18554,24716,7196,1,1
18555,24717,7197,1,0
18556,24719,7197,1,0
18557,24720,7197,1,0
18558,24721,7197,1,0
18559,24723,7198,1,0
18560,24725,7199,1,1
18561,24727,7201,1,1
18562,24728,7201,1,0
18563,24730,7201,1,0
18564,24731,7201,1,0
18565,24734,7202,1,0
18566,24735,7202,1,0
18567,24736,7202,1,0
18568,24737,7202,1,0
18569,24738,7202,1,0
18570,24739,7202,1,0
18571,24740,7203,1,1
18572,24741,7203,1,0
18573,24742,7203,1,0
18574,24743,7203,1,0
18575,24749,7204,1,1
18576,24751,7204,1,0
18577,24752,7204,1,1
18578,24754,7205,1,0
18579,24755,7205,1,0
18580,24756,7205,1,1
18581,24758,7205,1,1
18582,24759,7205,1,1
18583,24760,7205,1,0
18584,24762,7206,1,1
18585,24764,7206,1,0
18586,24765,7206,1,0
18587,24767,7207,1,1
18588,24768,7208,1,1
18589,24770,7209,1,0
18590,24771,7209,1,0
18591,24772,7209,1,1
18592,24773,7209,1,0
18593,24774,7209,1,1
18594,24776,7209,1,0
18595,24777,7209,1,0
18596,24778,7209,1,1
18597,24782,7211,1,1
18598,24783,7211,1,0
18599,24784,7211,1,0
18600,24785,7211,1,0
18601,24786,7211,1,0
18602,24787,7211,1,0
18603,24788,7212,1,1
18604,24789,7212,1,0
18605,24790,7213,1,0
18606,24791,7213,1,1
18607,24792,7213,1,0
18608,24794,7214,1,0
18609,24795,7214,1,0
18610,24796,7215,1,0
18611,24797,7216,1,0
18612,24798,7216,1,0
18613,24799,7216,1,0
18614,24802,7217,1,0
18615,24803,7217,1,0
18616,24804,7217,1,1
18617,24805,7217,1,0
18618,24807,7218,1,0
18619,24808,7218,1,1
18620,24810,7219,1,0
18621,24812,7219,1,0
18622,24813,7219,1,0
18623,24814,7219,1,0
18624,24815,7219,1,0
18625,24816,7220,1,0
18626,24817,7220,1,1
18627,24818,7220,1,1
18628,24819,7220,1,1
18629,24821,7221,1,0
18630,24825,7221,1,1
18631,24826,7222,1,1
18632,24827,7222,1,0
18633,24828,7222,1,0
18634,24829,7222,1,1
18635,24830,7222,1,1
18636,24831,7223,1,1
18637,24832,7223,1,0
18638,24834,7224,1,1
18639,24835,7224,1,1
18640,24836,7224,1,0
18641,24838,7225,1,0
18642,24840,7225,1,1
18643,24841,7225,1,1
18644,24842,7225,1,0
18645,24843,7226,1,0
18646,24844,7226,1,0
18647,24846,7227,1,0
18648,24849,7230,1,0
18649,24850,7230,1,0
18650,24851,7230,1,0
18651,24852,7230,1,1
18652,24853,7230,1,1
18653,24854,7231,1,0
18654,24856,7231,1,0
18655,24857,7231,1,0
18656,24858,7232,1,0
18657,24859,7232,1,0
18658,24861,7232,1,0
18659,24862,7233,1,0
18660,24863,7234,1,0
18661,24864,7234,1,0
18662,24866,7235,1,0
18663,24867,7235,1,0
18664,24869,7236,1,0
18665,24870,7236,1,1
18666,24871,7236,1,0
18667,24872,7237,1,1
18668,24873,7237,1,1
18669,24874,7237,1,0
18670,24875,7238,1,1
18671,24876,7238,1,0
18672,24877,7239,1,1
18673,24878,7239,1,1
18674,24879,7239,1,0
18675,24880,7239,1,0
18676,24882,7239,1,1
18677,24883,7239,1,0
18678,24885,7240,1,1
18679,24887,7241,1,0
18680,24888,7241,1,0
18681,24889,7242,1,1
18682,24890,7242,1,1
18683,24891,7242,1,0
18684,24892,7243,1,1
18685,24894,7243,1,0
18686,24895,7243,1,1
18687,24896,7244,1,0
18688,24897,7244,1,1
18689,24898,7244,1,0
18690,24899,7244,1,1
18691,24901,7244,1,1
18692,24902,7244,1,1
18693,24903,7245,1,1
18694,24904,7245,1,0
18695,24906,7246,1,0
18696,24907,7246,1,0
18697,24909,7248,1,1
18698,24910,7248,1,1
18699,24912,7248,1,0
18700,24913,7249,1,1
18701,24916,7249,1,0
18702,24917,7250,1,0
18703,24918,7250,1,0
18704,24919,7250,1,0
18705,24920,7250,1,1
18706,24921,7250,1,0
18707,24922,7250,1,1
18708,24923,7250,1,0
18709,24924,7251,1,0
18710,24925,7251,1,1
18711,24926,7251,1,0
18712,24927,7251,1,0
18713,24929,7251,1,1
18714,24930,7252,1,1
18715,24932,7252,1,1
18716,24933,7252,1,0
18717,24934,7252,1,0
18718,24935,7252,1,0
18719,24936,7253,1,1
18720,24937,7253,1,1
18721,24938,7254,1,0
18722,24939,7254,1,0
18723,24940,7255,1,1
18724,24943,7256,1,0
18725,24944,7257,1,0
18726,24945,7257,1,1
18727,24946,7258,1,0
18728,24947,7258,1,0
18729,24948,7259,1,1
18730,24949,7259,1,1
18731,24950,7259,1,0
18732,24951,7259,1,0
18733,24952,7259,1,0
18734,24954,7260,1,0
18735,24957,7261,1,1
18736,24959,7261,1,0
18737,24960,7261,1,0
18738,24961,7261,1,0
18739,24962,7261,1,1
18740,24963,7261,1,1
18741,24964,7262,1,0
18742,24965,7262,1,1
18743,24966,7262,1,0
18744,24967,7263,1,1
18745,24970,7263,1,0
18746,24971,7264,1,1
18747,24972,7264,1,0
18748,24973,7264,1,0
18749,24975,7265,1,0
18750,24976,7265,1,1
18751,24977,7265,1,0
18752,24978,7265,1,0
18753,24979,7266,1,1
18754,24980,7266,1,0
18755,24983,7266,1,0
18756,24984,7266,1,0
18757,24985,7266,1,0
18758,24986,7266,1,1
18759,24987,7267,1,1
18760,24988,7267,1,1
18761,24989,7267,1,0
18762,24990,7268,1,1
18763,24991,7269,1,1
18764,24992,7269,1,1
18765,24993,7270,1,1
18766,24994,7270,1,0
18767,24995,7271,1,0
18768,24997,7271,1,1
18769,24999,7272,1,0
18770,25000,7272,1,0
18771,25001,7273,1,0
18772,25005,7274,1,1
18773,25006,7274,1,0
18774,25007,7275,1,1
18775,25008,7275,1,0
18776,25009,7275,1,0
18777,25010,7276,1,1
18778,25011,7277,1,0
18779,25012,7277,1,0
18780,25013,7277,1,0
18781,25014,7278,1,0
18782,25015,7278,1,0
18783,25016,7278,1,0
18784,25017,7279,1,0
18785,25018,7279,1,1
18786,25019,7279,1,0
18787,25020,7279,1,1
18788,25021,7280,1,1
18789,25022,7281,1,0
18790,25024,7282,1,0
18791,25025,7282,1,0
18792,25026,7283,1,0
18793,25030,7284,1,1
18794,25031,7284,1,0
18795,25033,7285,1,0
18796,25034,7285,1,1
18797,25035,7285,1,0
18798,25036,7286,1,0
18799,25037,7286,1,1
18800,25038,7286,1,0
18801,25039,7286,1,1
18802,25040,7286,1,0
18803,25041,7287,1,0
18804,25042,7287,1,1
18805,25044,7288,1,1
18806,25045,7288,1,0
18807,25047,7289,1,0
18808,25048,7289,1,1
18809,25049,7289,1,1
18810,25050,7289,1,1
18811,25051,7290,1,1
18812,25052,7290,1,1
18813,25053,7291,1,1
18814,25054,7291,1,0
18815,25055,7292,1,1
18816,25056,7292,1,0
18817,25057,7292,1,0
18818,25058,7292,1,0
18819,25061,7292,1,0
18820,25062,7292,1,0
18821,25065,7293,1,1
18822,25066,7293,1,0
18823,25067,7293,1,0
18824,25068,7293,1,0
18825,25069,7293,1,0
18826,25070,7294,1,0
18827,25071,7294,1,0
18828,25072,7294,1,0
18829,25073,7295,1,1
18830,25074,7295,1,0
18831,25075,7296,1,0
18832,25076,7296,1,1
18833,25077,7296,1,1
18834,25078,7296,1,0
18835,25079,7296,1,1
18836,25080,7296,1,1
18837,25082,7297,1,0
18838,25083,7298,1,1
18839,25084,7298,1,0
18840,25085,7298,1,1
18841,25088,7299,1,1
18842,25089,7299,1,0
18843,25090,7300,1,0
18844,25091,7300,1,1
18845,25092,7301,1,0
18846,25093,7301,1,0
18847,25094,7303,1,1
18848,25095,7303,1,0
18849,25096,7303,1,0
18850,25097,7303,1,1
18851,25099,7304,1,1
18852,25101,7304,1,0
18853,25103,7305,1,0
18854,25105,7305,1,1
18855,25106,7305,1,0
18856,25107,7305,1,0
18857,25108,7306,1,0
18858,25110,7306,1,0
18859,25111,7307,1,0
18860,25112,7307,1,1
18861,25113,7307,1,0
18862,25114,7307,1,1
18863,25115,7307,1,0
18864,25116,7307,1,0
18865,25117,7307,1,0
18866,25118,7307,1,1
18867,25119,7307,1,1
18868,25120,7307,1,0
18869,25121,7308,1,1
18870,25122,7308,1,0
18871,25123,7308,1,1
18872,25124,7308,1,0
18873,25125,7308,1,1
18874,25126,7309,1,1
18875,25130,7310,1,0
18876,25131,7310,1,0
18877,25133,7310,1,1
18878,25134,7312,1,1
18879,25135,7312,1,1
18880,25136,7312,1,0
18881,25138,7312,1,0
18882,25141,7312,1,0
18883,25142,7312,1,1
18884,25143,7312,1,1
18885,25144,7313,1,1
18886,25145,7313,1,0
18887,25146,7313,1,1
18888,25147,7313,1,0
18889,25148,7316,1,0
18890,25149,7316,1,1
18891,25151,7316,1,1
18892,25152,7317,1,1
18893,25153,7317,1,0
18894,25154,7317,1,0
18895,25155,7317,1,1
18896,25156,7317,1,1
18897,25157,7317,1,0
18898,25158,7318,1,1
18899,25162,7319,1,0
18900,25164,7319,1,0
18901,25165,7320,1,1
18902,25166,7320,1,1
18903,25167,7321,1,1
18904,25169,7321,1,0
18905,25170,7321,1,0
18906,25171,7322,1,0
18907,25172,7322,1,0
18908,25174,7322,1,0
18909,25175,7322,1,0
18910,25176,7324,1,0
18911,25177,7324,1,0
18912,25178,7325,1,1
18913,25179,7325,1,0
18914,25180,7325,1,0
18915,25181,7325,1,0
18916,25182,7325,1,1
18917,25183,7326,1,1
18918,25184,7326,1,0
18919,25185,7326,1,1
18920,25186,7326,1,0
18921,25188,7326,1,0
18922,25189,7327,1,1
18923,25191,7327,1,0
18924,25192,7327,1,0
18925,25193,7327,1,1
18926,25194,7327,1,0
18927,25195,7328,1,1
18928,25196,7328,1,1
18929,25197,7328,1,0
18930,25200,7329,1,1
18931,25201,7330,1,1
18932,25202,7330,1,1
18933,25204,7331,1,1
18934,25205,7331,1,0
18935,25206,7331,1,1
18936,25207,7331,1,0
18937,25208,7331,1,0
18938,25210,7331,1,0
18939,25211,7332,1,1
18940,25214,7334,1,0
18941,25216,7334,1,0
18942,25217,7334,1,0
18943,25218,7334,1,0
18944,25219,7335,1,1
18945,25221,7335,1,0
18946,25222,7335,1,0
18947,25223,7335,1,0
18948,25225,7336,1,0
18949,25228,7337,1,0
18950,25230,7337,1,0
18951,25231,7339,1,1
18952,25233,7339,1,0
18953,25234,7339,1,0
18954,25235,7339,1,0
18955,25236,7339,1,0
18956,25238,7340,1,0
18957,25239,7340,1,1
18958,25240,7340,1,1
18959,25241,7340,1,0
18960,25244,7341,1,0
18961,25245,7341,1,0
18962,25246,7342,1,1
18963,25247,7342,1,1
18964,25249,7342,1,1
18965,25250,7343,1,0
18966,25251,7344,1,1
18967,25252,7345,1,0
18968,25253,7345,1,0
18969,25255,7345,1,0
18970,25256,7345,1,1
18971,25257,7345,1,1
18972,25259,7345,1,1
18973,25260,7345,1,0
18974,25261,7347,1,1
18975,25263,7348,1,0
18976,25266,7349,1,1
18977,25268,7350,1,1
18978,25269,7350,1,0
18979,25270,7350,1,0
18980,25272,7350,1,1
18981,25274,7352,1,0
18982,25275,7352,1,0
18983,25276,7352,1,0
18984,25277,7352,1,0
18985,25280,7354,1,1
18986,25281,7355,1,1
18987,25282,7355,1,0
18988,25283,7356,1,1
18989,25284,7356,1,1
18990,25285,7356,1,1
18991,25286,7356,1,0
18992,25288,7358,1,1
18993,25290,7359,1,0
18994,25291,7359,1,0
18995,25292,7359,1,1
18996,25293,7359,1,0
18997,25294,7360,1,1
18998,25295,7362,1,0
18999,25296,7363,1,0
19000,25298,7365,1,0
19001,25299,7365,1,0
19002,25300,7365,1,0
19003,25301,7366,1,0
19004,25302,7366,1,1
19005,25303,7366,1,1
19006,25304,7367,1,1
19007,25305,7367,1,0
19008,25306,7367,1,0
19009,25309,7368,1,0
19010,25311,7368,1,0
19011,25314,7369,1,1
19012,25315,7369,1,1
19013,25316,7369,1,0
19014,25317,7369,1,0
19015,25318,7370,1,1
19016,25320,7370,1,1
19017,25322,7370,1,1
19018,25323,7370,1,1
19019,25324,7370,1,1
19020,25325,7371,1,1
19021,25326,7371,1,0
19022,25327,7371,1,0
19023,25328,7371,1,1
19024,25329,7371,1,1
19025,25330,7371,1,1
19026,25333,7373,1,0
19027,25334,7373,1,0
19028,25336,7374,1,0
19029,25337,7374,1,0
19030,25338,7375,1,0
19031,25339,7376,1,1
19032,25340,7376,1,1
19033,25341,7377,1,0
19034,25343,7378,1,0
19035,25345,7378,1,0
19036,25346,7379,1,0
19037,25347,7379,1,0
19038,25348,7379,1,1
19039,25349,7379,1,1
19040,25352,7379,1,1
19041,25354,7379,1,0
19042,25355,7379,1,0
19043,25356,7381,1,0
19044,25357,7381,1,0
19045,25358,7381,1,1
19046,25359,7381,1,1
19047,25360,7381,1,0
19048,25362,7382,1,0
19049,25363,7382,1,0
19050,25365,7382,1,0
19051,25366,7383,1,1
19052,25367,7383,1,0
19053,25368,7383,1,0
19054,25369,7383,1,1
19055,25370,7383,1,1
19056,25371,7383,1,0
19057,25372,7384,1,0
19058,25377,7385,1,0
19059,25378,7386,1,0
19060,25380,7386,1,0
19061,25382,7386,1,0
19062,25384,7387,1,0
19063,25385,7387,1,0
19064,25386,7387,1,0
19065,25387,7387,1,1
19066,25388,7387,1,1
19067,25390,7387,1,1
19068,25392,7387,1,1
19069,25395,7388,1,0
19070,25396,7388,1,0
19071,25397,7388,1,0
19072,25398,7388,1,0
19073,25399,7388,1,0
19074,25400,7388,1,0
19075,25401,7389,1,1
19076,25402,7389,1,0
19077,25403,7390,1,1
19078,25404,7390,1,1
19079,25405,7390,1,0
19080,25406,7390,1,0
19081,25407,7390,1,1
19082,25408,7390,1,0
19083,25409,7391,1,0
19084,25414,7391,1,1
19085,25416,7392,1,1
19086,25417,7392,1,0
19087,25418,7393,1,0
19088,25419,7393,1,0
19089,25421,7393,1,1
19090,25422,7393,1,1
19091,25424,7394,1,1
19092,25425,7394,1,1
19093,25426,7394,1,1
19094,25427,7394,1,0
19095,25428,7395,1,0
19096,25429,7395,1,0
19097,25431,7395,1,0
19098,25432,7395,1,0
19099,25433,7396,1,0
19100,25434,7396,1,0
19101,25435,7396,1,0
19102,25436,7396,1,0
19103,25437,7396,1,0
19104,25438,7396,1,0
19105,25439,7396,1,0
19106,25440,7397,1,0
19107,25441,7397,1,1
19108,25442,7397,1,1
19109,25444,7397,1,0
19110,25446,7399,1,0
19111,25448,7399,1,1
19112,25449,7400,1,0
19113,25450,7400,1,0
19114,25451,7400,1,0
19115,25452,7400,1,0
19116,25453,7400,1,1
19117,25454,7400,1,0
19118,25455,7400,1,0
19119,25456,7401,1,0
19120,25457,7401,1,0
19121,25461,7402,1,1
19122,25462,7404,1,0
19123,25464,7404,1,1
19124,25465,7404,1,0
19125,25466,7404,1,0
19126,25467,7404,1,0
19127,25468,7405,1,1
19128,25469,7405,1,0
19129,25470,7405,1,1
19130,25471,7405,1,1
19131,25472,7406,1,1
19132,25473,7406,1,0
19133,25474,7406,1,0
19134,25475,7406,1,0
19135,25476,7406,1,0
19136,25477,7407,1,0
19137,25478,7407,1,0
19138,25479,7408,1,0
19139,25480,7408,1,0
19140,25481,7408,1,1
19141,25483,7408,1,1
19142,25485,7408,1,0
19143,25486,7409,1,0
19144,25487,7409,1,0
19145,25490,7409,1,0
19146,25491,7409,1,0
19147,25492,7411,1,0
19148,25494,7414,1,0
19149,25495,7415,1,0
19150,25496,7415,1,0
19151,25497,7415,1,0
19152,25498,7415,1,1
19153,25499,7416,1,1
19154,25500,7416,1,1
19155,25501,7417,1,0
19156,25503,7419,1,0
19157,25504,7419,1,1
19158,25505,7419,1,0
19159,25506,7420,1,1
19160,25508,7421,1,1
19161,25509,7421,1,0
19162,25510,7421,1,0
19163,25511,7421,1,1
19164,25513,7421,1,1
19165,25515,7421,1,0
19166,25516,7422,1,0
19167,25518,7422,1,1
19168,25519,7422,1,0
19169,25520,7423,1,1
19170,25521,7423,1,0
19171,25522,7423,1,0
19172,25524,7423,1,0
19173,25525,7423,1,0
19174,25526,7423,1,0
19175,25528,7424,1,1
19176,25529,7424,1,0
19177,25530,7424,1,0
19178,25531,7424,1,0
19179,25533,7424,1,1
19180,25534,7424,1,0
19181,25535,7425,1,0
19182,25536,7425,1,0
19183,25537,7425,1,1
19184,25538,7425,1,1
19185,25539,7426,1,1
19186,25540,7426,1,0
19187,25541,7426,1,0
19188,25542,7426,1,0
19189,25543,7426,1,1
19190,25544,7427,1,1
19191,25546,7428,1,1
19192,25547,7428,1,0
19193,25549,7428,1,0
19194,25551,7428,1,0
19195,25552,7429,1,1
19196,25554,7429,1,0
19197,25556,7430,1,0
19198,25557,7430,1,1
19199,25560,7431,1,0
19200,25561,7431,1,1
19201,25562,7431,1,0
19202,25563,7431,1,0
19203,25564,7431,1,1
19204,25566,7432,1,1
19205,25567,7432,1,0
19206,25568,7432,1,0
19207,25572,7432,1,0
19208,25574,7432,1,0
19209,25575,7433,1,0
19210,25576,7433,1,0
19211,25577,7434,1,0
19212,25578,7434,1,1
19213,25579,7434,1,1
19214,25580,7434,1,0
19215,25581,7434,1,1
19216,25582,7435,1,0
19217,25584,7435,1,0
19218,25586,7435,1,0
19219,25587,7435,1,0
19220,25588,7435,1,0
19221,25589,7436,1,0
19222,25590,7436,1,0
19223,25591,7436,1,0
19224,25592,7436,1,1
19225,25593,7437,1,0
19226,25594,7437,1,1
19227,25595,7437,1,0
19228,25596,7437,1,0
19229,25597,7437,1,0
19230,25598,7438,1,1
19231,25599,7438,1,0
19232,25600,7438,1,1
19233,25601,7438,1,0
19234,25602,7438,1,1
19235,25603,7439,1,0
19236,25605,7439,1,0
19237,25606,7439,1,0
19238,25607,7440,1,1
19239,25609,7440,1,0
19240,25610,7441,1,1
19241,25613,7442,1,0
19242,25614,7442,1,0
19243,25616,7442,1,1
19244,25617,7442,1,1
19245,25618,7443,1,0
19246,25619,7443,1,0
19247,25620,7443,1,0
19248,25621,7443,1,0
19249,25623,7443,1,1
19250,25624,7444,1,0
19251,25625,7444,1,1
19252,25627,7445,1,0
19253,25628,7445,1,0
19254,25630,7446,1,0
19255,25632,7447,1,0
19256,25633,7447,1,0
19257,25634,7447,1,1
19258,25635,7447,1,0
19259,25637,7447,1,1
19260,25638,7448,1,0
19261,25639,7449,1,0
19262,25640,7449,1,1
19263,25642,7449,1,0
19264,25643,7450,1,0
19265,25644,7450,1,1
19266,25645,7450,1,0
19267,25647,7450,1,0
19268,25648,7451,1,1
19269,25649,7451,1,0
19270,25650,7451,1,1
19271,25652,7453,1,1
19272,25653,7453,1,0
19273,25655,7453,1,1
19274,25656,7454,1,0
19275,25657,7454,1,1
19276,25658,7454,1,1
19277,25659,7454,1,1
19278,25661,7454,1,0
19279,25662,7456,1,0
19280,25663,7456,1,0
19281,25665,7456,1,0
19282,25666,7456,1,0
19283,25667,7457,1,1
19284,25668,7457,1,0
19285,25670,7460,1,1
19286,25671,7461,1,0
19287,25673,7462,1,0
19288,25674,7462,1,0
19289,25675,7463,1,0
19290,25677,7464,1,1
19291,25678,7464,1,1
19292,25680,7464,1,0
19293,25681,7465,1,1
19294,25684,7465,1,0
19295,25685,7465,1,0
19296,25687,7465,1,0
19297,25688,7466,1,0
19298,25689,7466,1,0
19299,25690,7466,1,0
19300,25692,7467,1,0
19301,25693,7468,1,1
19302,25694,7468,1,1
19303,25696,7468,1,0
19304,25697,7469,1,0
19305,25698,7469,1,0
19306,25699,7469,1,0
19307,25701,7469,1,0
19308,25704,7470,1,1
19309,25705,7470,1,0
19310,25706,7470,1,0
19311,25708,7470,1,1
19312,25710,7471,1,1
19313,25711,7471,1,0
19314,25712,7472,1,0
19315,25716,7473,1,1
19316,25717,7473,1,0
19317,25719,7474,1,0
19318,25720,7474,1,0
19319,25721,7474,1,0
19320,25722,7474,1,0
19321,25724,7474,1,0
19322,25725,7474,1,0
19323,25727,7475,1,0
19324,25728,7476,1,0
19325,25729,7476,1,0
19326,25730,7476,1,0
19327,25731,7476,1,0
19328,25732,7477,1,0
19329,25733,7477,1,0
19330,25735,7478,1,0
19331,25736,7478,1,0
19332,25737,7478,1,1
19333,25738,7478,1,1
19334,25739,7478,1,0
19335,25740,7478,1,0
19336,25741,7478,1,1
19337,25742,7479,1,0
19338,25743,7479,1,0
19339,25744,7479,1,0
19340,25745,7480,1,0
19341,25746,7480,1,0
19342,25747,7480,1,0
19343,25748,7480,1,1
19344,25750,7481,1,1
19345,25751,7482,1,1
19346,25752,7483,1,1
19347,25753,7483,1,0
19348,25756,7483,1,1
19349,25757,7483,1,0
19350,25760,7485,1,0
19351,25761,7485,1,0
19352,25763,7485,1,1
19353,25764,7485,1,1
19354,25766,7486,1,1
19355,25768,7486,1,0
19356,25769,7486,1,1
19357,25771,7486,1,0
19358,25772,7487,1,1
19359,25773,7487,1,0
19360,25775,7488,1,0
19361,25776,7488,1,0
19362,25778,7489,1,1
19363,25780,7490,1,1
19364,25781,7490,1,0
19365,25784,7492,1,1
19366,25785,7492,1,1
19367,25786,7492,1,1
19368,25788,7493,1,1
19369,25789,7493,1,1
19370,25791,7493,1,0
19371,25792,7493,1,1
19372,25794,7493,1,0
19373,25795,7494,1,0
19374,25796,7494,1,0
19375,25797,7494,1,0
19376,25798,7495,1,0
19377,25799,7495,1,1
19378,25800,7495,1,1
19379,25801,7496,1,0
19380,25803,7496,1,1
19381,25804,7497,1,0
19382,25805,7497,1,0
19383,25807,7497,1,0
19384,25809,7497,1,0
19385,25810,7498,1,0
19386,25813,7498,1,0
19387,25814,7498,1,1
19388,25815,7498,1,1
19389,25816,7499,1,0
19390,25817,7499,1,0
19391,25818,7499,1,0
19392,25820,7500,1,0
19393,25821,7501,1,0
19394,25822,7501,1,0
19395,25823,7501,1,0
19396,25825,7502,1,0
19397,25826,7503,1,1
19398,25827,7503,1,0
19399,25829,7504,1,0
19400,25830,7504,1,1
19401,25831,7505,1,0
19402,25833,7506,1,0
19403,25835,7507,1,0
19404,25836,7507,1,0
19405,25837,7507,1,1
19406,25838,7507,1,1
19407,25839,7508,1,1
19408,25841,7509,1,0
19409,25842,7509,1,0
19410,25843,7510,1,1
19411,25844,7510,1,0
19412,25845,7510,1,1
19413,25847,7510,1,1
19414,25848,7510,1,0
19415,25849,7511,1,0
19416,25850,7511,1,0
19417,25851,7511,1,1
19418,25853,7511,1,1
19419,25854,7511,1,1
19420,25855,7512,1,0
19421,25856,7512,1,0
19422,25857,7512,1,0
19423,25858,7512,1,0
19424,25859,7512,1,1
19425,25861,7512,1,0
19426,25862,7513,1,0
19427,25863,7513,1,0
19428,25864,7513,1,1
19429,25865,7513,1,1
19430,25866,7514,1,1
19431,25867,7514,1,0
19432,25868,7514,1,0
19433,25870,7514,1,0
19434,25871,7514,1,1
19435,25872,7515,1,0
19436,25873,7515,1,0
19437,25876,7516,1,1
19438,25877,7516,1,0
19439,25878,7516,1,1
19440,25879,7516,1,1
19441,25880,7516,1,0
19442,25882,7517,1,0
19443,25884,7517,1,0
19444,25886,7517,1,0
19445,25887,7518,1,0
19446,25888,7518,1,1
19447,25889,7518,1,0
19448,25890,7518,1,0
19449,25892,7520,1,0
19450,25893,7520,1,0
19451,25895,7522,1,1
19452,25896,7522,1,1
19453,25899,7522,1,1
19454,25903,7524,1,1
19455,25904,7524,1,1
19456,25905,7524,1,0
19457,25906,7525,1,0
19458,25907,7525,1,0
19459,25908,7525,1,0
19460,25909,7526,1,1
19461,25910,7526,1,0
19462,25912,7527,1,1
19463,25913,7528,1,1
19464,25914,7528,1,1
19465,25915,7528,1,0
19466,25916,7528,1,1
19467,25917,7528,1,1
19468,25918,7529,1,0
19469,25920,7529,1,0
19470,25921,7529,1,0
19471,25922,7529,1,1
19472,25923,7529,1,0
19473,25924,7529,1,0
19474,25926,7530,1,1
19475,25927,7530,1,0
19476,25928,7530,1,0
19477,25929,7530,1,0
19478,25932,7531,1,0
19479,25934,7532,1,1
19480,25935,7533,1,0
19481,25936,7533,1,1
19482,25937,7533,1,0
19483,25938,7533,1,0
19484,25940,7533,1,1
19485,25942,7534,1,0
19486,25943,7534,1,1
19487,25945,7534,1,1
19488,25946,7534,1,1
19489,25947,7534,1,1
19490,25948,7534,1,0
19491,25949,7535,1,0
19492,25950,7535,1,0
19493,25951,7535,1,0
19494,25952,7535,1,0
19495,25953,7535,1,0
19496,25954,7535,1,0
19497,25955,7536,1,0
19498,25956,7536,1,1
19499,25957,7536,1,0
19500,25959,7537,1,0
19501,25961,7538,1,1
19502,25962,7538,1,0
19503,25964,7538,1,0
19504,25965,7538,1,0
19505,25966,7540,1,1
19506,25967,7541,1,0
19507,25969,7541,1,1
19508,25971,7541,1,0
19509,25972,7543,1,0
19510,25973,7543,1,0
19511,25974,7544,1,1
19512,25975,7545,1,0
19513,25976,7546,1,0
19514,25977,7546,1,0
19515,25978,7546,1,0
19516,25979,7546,1,0
19517,25980,7546,1,0
19518,25981,7547,1,0
19519,25982,7548,1,1
19520,25983,7548,1,1
19521,25985,7548,1,1
19522,25986,7548,1,1
19523,25987,7548,1,0
19524,25988,7548,1,1
19525,25989,7548,1,0
19526,25990,7549,1,1
19527,25991,7550,1,1
19528,25992,7552,1,0
19529,25993,7552,1,0
19530,25995,7552,1,0
19531,25996,7552,1,0
19532,25997,7552,1,1
19533,25998,7552,1,0
19534,25999,7553,1,0
19535,26000,7553,1,1
19536,26003,7554,1,0
19537,26004,7554,1,0
19538,26005,7554,1,1
19539,26006,7555,1,0
19540,26007,7555,1,1
19541,26008,7555,1,1
19542,26009,7555,1,1
19543,26010,7556,1,0
19544,26011,7556,1,0
19545,26012,7556,1,0
19546,26013,7556,1,0
19547,26014,7556,1,1
19548,26015,7556,1,0
19549,26016,7556,1,0
19550,26017,7556,1,0
19551,26019,7556,1,1
19552,26020,7557,1,0
19553,26021,7557,1,0
19554,26022,7557,1,0
19555,26023,7558,1,0
19556,26024,7558,1,1
19557,26026,7559,1,0
19558,26027,7559,1,0
19559,26029,7559,1,0
19560,26030,7559,1,1
19561,26031,7560,1,0
19562,26032,7560,1,0
19563,26033,7560,1,0
19564,26034,7560,1,0
19565,26035,7560,1,0
19566,26037,7560,1,1
19567,26038,7560,1,0
19568,26041,7562,1,1
19569,26043,7562,1,0
19570,26044,7562,1,0
19571,26045,7562,1,0
19572,26046,7562,1,0
19573,26047,7563,1,0
19574,26048,7563,1,0
19575,26049,7563,1,0
19576,26050,7564,1,1
19577,26051,7564,1,0
19578,26052,7564,1,0
19579,26053,7565,1,1
19580,26054,7565,1,1
19581,26055,7565,1,1
19582,26056,7565,1,1
19583,26058,7566,1,0
19584,26059,7566,1,0
19585,26060,7566,1,0
19586,26061,7566,1,0
19587,26062,7567,1,0
19588,26063,7568,1,0
19589,26066,7569,1,0
19590,26067,7571,1,1
19591,26068,7571,1,0
19592,26069,7571,1,0
19593,26070,7571,1,1
19594,26071,7572,1,1
19595,26073,7572,1,0
19596,26074,7572,1,0
19597,26075,7572,1,0
19598,26076,7572,1,0
19599,26079,7572,1,0
19600,26080,7573,1,0
19601,26081,7573,1,0
19602,26082,7573,1,0
19603,26083,7573,1,1
19604,26084,7573,1,0
19605,26085,7573,1,1
19606,26086,7573,1,0
19607,26087,7574,1,0
19608,26088,7574,1,1
19609,26089,7575,1,0
19610,26090,7575,1,1
19611,26091,7576,1,0
19612,26092,7576,1,1
19613,26094,7576,1,1
19614,26095,7578,1,0
19615,26096,7578,1,1
19616,26097,7579,1,0
19617,26098,7579,1,1
19618,26100,7579,1,0
19619,26101,7580,1,0
19620,26102,7580,1,0
19621,26104,7581,1,1
19622,26105,7582,1,0
19623,26106,7582,1,0
19624,26107,7582,1,1
19625,26108,7583,1,0
19626,26109,7584,1,0
19627,26110,7585,1,0
19628,26112,7586,1,0
19629,26114,7586,1,0
19630,26115,7586,1,0
19631,26116,7587,1,0
19632,26118,7588,1,0
19633,26119,7588,1,1
19634,26122,7589,1,0
19635,26123,7590,1,0
19636,26125,7591,1,1
19637,26126,7592,1,0
19638,26127,7592,1,0
19639,26128,7592,1,0
19640,26129,7592,1,1
19641,26130,7593,1,0
19642,26131,7593,1,0
19643,26133,7594,1,1
19644,26137,7594,1,0
19645,26139,7595,1,1
19646,26140,7595,1,0
19647,26141,7595,1,1
19648,26142,7595,1,1
19649,26143,7596,1,0
19650,26144,7596,1,0
19651,26145,7596,1,1
19652,26146,7596,1,1
19653,26147,7597,1,0
19654,26149,7598,1,1
19655,26150,7598,1,0
19656,26151,7598,1,1
19657,26153,7598,1,0
19658,26154,7599,1,1
19659,26155,7599,1,0
19660,26156,7599,1,0
19661,26157,7599,1,0
19662,26158,7599,1,1
19663,26159,7599,1,0
19664,26160,7600,1,1
19665,26161,7601,1,0
19666,26162,7601,1,0
19667,26163,7601,1,0
19668,26164,7601,1,0
19669,26165,7602,1,1
19670,26167,7603,1,0
19671,26168,7603,1,0
19672,26169,7603,1,1
19673,26170,7603,1,0
19674,26172,7603,1,0
19675,26174,7603,1,0
19676,26176,7604,1,1
19677,26177,7604,1,0
19678,26178,7604,1,0
19679,26179,7605,1,0
19680,26180,7605,1,1
19681,26181,7606,1,0
19682,26182,7606,1,0
19683,26183,7606,1,0
19684,26184,7607,1,0
19685,26185,7607,1,0
19686,26186,7608,1,0
19687,26187,7608,1,0
19688,26188,7608,1,0
19689,26190,7610,1,0
19690,26191,7610,1,0
19691,26193,7610,1,1
19692,26194,7611,1,1
19693,26195,7611,1,0
19694,26196,7611,1,0
19695,26198,7612,1,0
19696,26199,7612,1,0
19697,26200,7613,1,0
19698,26201,7613,1,0
19699,26204,7615,1,0
19700,26205,7615,1,1
19701,26207,7616,1,0
19702,26208,7616,1,0
19703,26209,7616,1,0
19704,26210,7617,1,0
19705,26211,7617,1,1
19706,26212,7617,1,1
19707,26213,7617,1,1
19708,26214,7617,1,0
19709,26215,7617,1,0
19710,26216,7618,1,0
19711,26217,7618,1,1
19712,26218,7618,1,0
19713,26220,7618,1,1
19714,26222,7619,1,0
19715,26223,7619,1,0
19716,26224,7619,1,0
19717,26225,7619,1,1
19718,26226,7619,1,1
19719,26227,7619,1,1
19720,26229,7620,1,0
19721,26230,7620,1,0
19722,26231,7620,1,1
19723,26232,7621,1,1
19724,26233,7621,1,1
19725,26234,7621,1,1
19726,26235,7621,1,0
19727,26237,7621,1,1
19728,26238,7622,1,1
19729,26239,7622,1,0
19730,26240,7624,1,0
19731,26241,7624,1,0
19732,26242,7624,1,0
19733,26243,7625,1,0
19734,26244,7627,1,0
19735,26246,7628,1,0
19736,26248,7628,1,0
19737,26250,7630,1,1
19738,26251,7630,1,1
19739,26252,7630,1,1
19740,26253,7631,1,0
19741,26255,7632,1,1
19742,26256,7632,1,1
19743,26257,7632,1,1
19744,26258,7632,1,0
19745,26259,7633,1,0
19746,26260,7633,1,1
19747,26261,7633,1,0
19748,26262,7633,1,1
19749,26263,7633,1,0
19750,26264,7633,1,1
19751,26265,7634,1,0
19752,26268,7634,1,0
19753,26269,7634,1,1
19754,26271,7636,1,1
19755,26272,7636,1,0
19756,26274,7636,1,1
19757,26275,7636,1,0
19758,26276,7636,1,0
19759,26277,7636,1,1
19760,26278,7636,1,1
19761,26279,7637,1,0
19762,26281,7638,1,0
19763,26282,7638,1,0
19764,26283,7639,1,0
19765,26284,7639,1,1
19766,26288,7639,1,1
19767,26289,7640,1,1
19768,26292,7640,1,1
19769,26294,7641,1,0
19770,26295,7641,1,0
19771,26296,7641,1,0
19772,26297,7641,1,1
19773,26298,7642,1,0
19774,26299,7642,1,1
19775,26300,7642,1,0
19776,26301,7642,1,0
19777,26303,7643,1,0
19778,26305,7643,1,0
19779,26306,7644,1,0
19780,26307,7644,1,0
19781,26308,7644,1,0
19782,26309,7644,1,0
19783,26310,7645,1,1
19784,26311,7645,1,1
19785,26313,7646,1,0
19786,26314,7647,1,1
19787,26315,7647,1,1
19788,26318,7648,1,0
19789,26321,7649,1,0
19790,26323,7650,1,0
19791,26324,7650,1,0
19792,26326,7651,1,1
19793,26327,7652,1,0
19794,26328,7652,1,0
19795,26330,7652,1,1
19796,26331,7652,1,0
19797,26333,7653,1,0
19798,26334,7653,1,1
19799,26337,7655,1,1
19800,26338,7656,1,0
19801,26340,7656,1,0
19802,26341,7656,1,1
19803,26342,7656,1,0
19804,26343,7656,1,0
19805,26344,7656,1,1
19806,26345,7656,1,1
19807,26346,7657,1,1
19808,26347,7657,1,0
19809,26348,7658,1,0
19810,26349,7658,1,1
19811,26350,7658,1,0
19812,26352,7658,1,0
19813,26353,7659,1,0
19814,26354,7659,1,1
19815,26355,7660,1,0
19816,26357,7660,1,0
19817,26358,7660,1,0
19818,26359,7660,1,0
19819,26360,7660,1,0
19820,26362,7660,1,1
19821,26363,7660,1,0
19822,26364,7661,1,0
19823,26366,7661,1,1
19824,26367,7661,1,0
19825,26368,7661,1,0
19826,26369,7661,1,0
19827,26370,7662,1,0
19828,26371,7662,1,0
19829,26372,7662,1,1
19830,26374,7662,1,0
19831,26375,7662,1,1
19832,26376,7663,1,0
19833,26377,7663,1,1
19834,26378,7663,1,1
19835,26379,7664,1,0
19836,26380,7665,1,1
19837,26381,7665,1,1
19838,26382,7665,1,0
19839,26383,7665,1,1
19840,26384,7665,1,1
19841,26385,7666,1,0
19842,26386,7666,1,0
19843,26387,7666,1,1
19844,26388,7666,1,0
19845,26389,7666,1,1
19846,26390,7667,1,0
19847,26391,7667,1,0
19848,26392,7667,1,1
19849,26393,7668,1,0
19850,26394,7668,1,0
19851,26395,7668,1,1
19852,26397,7670,1,0
19853,26398,7671,1,0
19854,26400,7671,1,1
19855,26401,7671,1,1
19856,26403,7671,1,1
19857,26405,7673,1,0
19858,26406,7673,1,1
19859,26407,7674,1,0
19860,26408,7674,1,0
19861,26409,7674,1,0
19862,26410,7674,1,1
19863,26412,7675,1,0
19864,26413,7675,1,1
19865,26415,7675,1,1
19866,26416,7675,1,0
19867,26417,7675,1,0
19868,26418,7675,1,0
19869,26420,7676,1,0
19870,26421,7676,1,1
19871,26422,7677,1,0
19872,26424,7677,1,0
19873,26425,7677,1,0
19874,26426,7677,1,0
19875,26427,7678,1,0
19876,26428,7678,1,0
19877,26431,7679,1,1
19878,26432,7679,1,1
19879,26433,7679,1,1
19880,26435,7682,1,1
19881,26436,7683,1,0
19882,26437,7684,1,1
19883,26439,7684,1,0
19884,26441,7685,1,0
19885,26442,7685,1,0
19886,26444,7685,1,0
19887,26445,7685,1,0
19888,26446,7685,1,1
19889,26449,7686,1,1
19890,26450,7687,1,0
19891,26451,7687,1,1
19892,26453,7688,1,1
19893,26455,7688,1,0
19894,26456,7689,1,0
19895,26457,7689,1,1
19896,26458,7689,1,0
19897,26459,7690,1,0
19898,26460,7691,1,0
19899,26461,7692,1,1
19900,26465,7693,1,0
19901,26466,7693,1,1
19902,26467,7693,1,1
19903,26469,7694,1,1
19904,26470,7695,1,0
19905,26471,7695,1,1
19906,26472,7695,1,0
19907,26473,7696,1,0
19908,26475,7696,1,1
19909,26476,7697,1,1
19910,26477,7697,1,0
19911,26478,7697,1,0
19912,26481,7698,1,1
19913,26484,7698,1,1
19914,26485,7699,1,0
19915,26486,7699,1,0
19916,26487,7699,1,0
19917,26488,7699,1,1
19918,26489,7700,1,0
19919,26490,7700,1,0
19920,26493,7702,1,1
19921,26494,7703,1,0
19922,26495,7703,1,0
19923,26496,7703,1,0
19924,26498,7705,1,0
19925,26499,7705,1,0
19926,26500,7706,1,0
19927,26501,7706,1,0
19928,26502,7706,1,1
19929,26503,7706,1,0
19930,26504,7708,1,0
19931,26505,7708,1,0
19932,26506,7708,1,0
19933,26508,7709,1,0
19934,26510,7709,1,0
19935,26513,7709,1,0
19936,26514,7709,1,0
19937,26515,7709,1,1
19938,26516,7710,1,0
19939,26517,7710,1,0
19940,26518,7710,1,1
19941,26519,7710,1,1
19942,26520,7710,1,0
19943,26521,7710,1,1
19944,26522,7711,1,1
19945,26523,7711,1,0
19946,26525,7711,1,0
19947,26526,7711,1,0
19948,26528,7713,1,0
19949,26529,7713,1,1
19950,26530,7714,1,0
19951,26532,7715,1,1
19952,26534,7716,1,1
19953,26535,7716,1,1
19954,26537,7717,1,0
19955,26538,7717,1,1
19956,26539,7717,1,0
19957,26540,7717,1,0
19958,26541,7718,1,0
19959,26542,7718,1,0
19960,26543,7718,1,0
19961,26544,7719,1,0
19962,26546,7719,1,1
19963,26547,7720,1,1
19964,26548,7720,1,0
19965,26549,7720,1,0
19966,26550,7721,1,0
19967,26551,7721,1,1
19968,26553,7721,1,0
19969,26555,7722,1,0
19970,26557,7723,1,0
19971,26558,7723,1,0
19972,26559,7724,1,0
19973,26562,7725,1,0
19974,26564,7726,1,1
19975,26565,7726,1,0
19976,26566,7726,1,0
19977,26568,7726,1,0
19978,26569,7727,1,1
19979,26570,7727,1,1
19980,26571,7727,1,0
19981,26573,7727,1,0
19982,26575,7727,1,0
19983,26576,7727,1,0
19984,26577,7728,1,0
19985,26578,7728,1,0
19986,26579,7728,1,1
19987,26580,7729,1,0
19988,26582,7729,1,0
19989,26583,7730,1,0
19990,26584,7730,1,1
19991,26585,7731,1,0
19992,26586,7731,1,0
19993,26588,7731,1,0
19994,26589,7732,1,1
19995,26590,7732,1,0
19996,26591,7732,1,0
19997,26592,7733,1,0
19998,26594,7733,1,1
19999,26595,7733,1,1
20000,26596,7733,1,0
20001,26598,7733,1,0
20002,26599,7733,1,0
20003,26600,7734,1,0
20004,26601,7734,1,0
20005,26603,7734,1,0
20006,26606,7734,1,1
20007,26608,7735,1,0
20008,26609,7735,1,0
20009,26610,7736,1,0
20010,26611,7736,1,0
20011,26612,7736,1,0
20012,26613,7736,1,1
20013,26614,7736,1,1
20014,26617,7737,1,0
20015,26618,7738,1,0
20016,26619,7739,1,0
20017,26620,7739,1,0
20018,26621,7739,1,1
20019,26623,7740,1,1
20020,26625,7741,1,0
20021,26626,7741,1,1
20022,26627,7741,1,1
20023,26629,7742,1,1
20024,26630,7742,1,1
20025,26631,7742,1,0
20026,26632,7742,1,0
20027,26633,7743,1,1
20028,26634,7743,1,0
20029,26635,7743,1,1
20030,26636,7744,1,1
20031,26638,7744,1,0
20032,26639,7744,1,0
20033,26640,7746,1,1
20034,26641,7747,1,0
20035,26643,7747,1,1
20036,26644,7747,1,0
20037,26645,7747,1,0
20038,26649,7747,1,0
20039,26650,7747,1,0
20040,26652,7748,1,0
20041,26653,7748,1,1
20042,26654,7748,1,0
20043,26655,7748,1,0
20044,26657,7748,1,0
20045,26658,7748,1,0
20046,26659,7749,1,0
20047,26660,7749,1,1
20048,26663,7750,1,0
20049,26664,7751,1,1
20050,26665,7752,1,0
20051,26666,7752,1,1
20052,26667,7752,1,0
20053,26668,7752,1,1
20054,26669,7752,1,0
20055,26670,7752,1,1
20056,26671,7753,1,0
20057,26672,7753,1,0
20058,26673,7753,1,1
20059,26675,7753,1,1
20060,26676,7754,1,1
20061,26677,7754,1,0
20062,26678,7754,1,0
20063,26679,7755,1,1
20064,26680,7755,1,0
20065,26681,7755,1,0
20066,26682,7755,1,1
20067,26683,7755,1,1
20068,26684,7756,1,0
20069,26685,7756,1,1
20070,26687,7757,1,0
20071,26688,7757,1,1
20072,26689,7757,1,1
20073,26690,7757,1,0
20074,26692,7758,1,0
20075,26693,7759,1,0
20076,26694,7759,1,0
20077,26695,7759,1,1
20078,26697,7760,1,0
20079,26698,7760,1,0
20080,26699,7760,1,0
20081,26700,7760,1,1
20082,26701,7760,1,1
20083,26702,7761,1,1
20084,26703,7761,1,0
20085,26704,7761,1,0
20086,26706,7762,1,1
20087,26707,7764,1,0
20088,26708,7764,1,1
20089,26709,7764,1,0
20090,26710,7764,1,1
20091,26713,7765,1,0
20092,26715,7765,1,0
20093,26716,7765,1,0
20094,26717,7766,1,0
20095,26718,7766,1,1
20096,26719,7766,1,1
20097,26722,7767,1,1
20098,26723,7767,1,0
20099,26725,7768,1,0
20100,26726,7768,1,1
20101,26727,7769,1,0
20102,26729,7769,1,1
20103,26730,7769,1,1
20104,26731,7769,1,0
20105,26732,7769,1,0
20106,26733,7770,1,0
20107,26736,7770,1,0
20108,26738,7771,1,0
20109,26740,7771,1,1
20110,26741,7772,1,0
20111,26744,7772,1,0
20112,26746,7772,1,0
20113,26748,7772,1,1
20114,26749,7772,1,1
20115,26751,7773,1,0
20116,26752,7773,1,0
20117,26753,7773,1,0
20118,26754,7773,1,0
20119,26755,7773,1,1
20120,26756,7773,1,0
20121,26757,7773,1,1
20122,26758,7774,1,1
20123,26759,7774,1,0
20124,26760,7774,1,1
20125,26761,7774,1,0
20126,26762,7775,1,0
20127,26763,7775,1,1
20128,26764,7775,1,0
20129,26765,7775,1,0
20130,26766,7775,1,0
20131,26768,7775,1,0
20132,26769,7775,1,0
20133,26771,7777,1,1
20134,26772,7777,1,0
20135,26773,7777,1,0
20136,26774,7778,1,0
20137,26775,7778,1,0
20138,26777,7778,1,1
20139,26780,7779,1,0
20140,26781,7779,1,0
20141,26782,7779,1,0
20142,26783,7779,1,1
20143,26789,7781,1,0
20144,26790,7781,1,0
20145,26792,7783,1,0
20146,26793,7784,1,0
20147,26796,7785,1,0
20148,26797,7785,1,1
20149,26798,7785,1,0
20150,26800,7786,1,1
20151,26801,7786,1,0
20152,26803,7787,1,0
20153,26804,7787,1,1
20154,26806,7788,1,0
20155,26807,7788,1,0
20156,26808,7788,1,1
20157,26810,7789,1,0
20158,26811,7789,1,0
20159,26812,7789,1,0
20160,26813,7789,1,0
20161,26814,7789,1,0
20162,26815,7789,1,1
20163,26816,7790,1,0
20164,26817,7790,1,1
20165,26818,7790,1,0
20166,26819,7790,1,0
20167,26821,7790,1,0
20168,26822,7791,1,0
20169,26823,7791,1,1
20170,26824,7791,1,1
20171,26827,7791,1,1
20172,26828,7792,1,1
20173,26829,7792,1,0
20174,26830,7792,1,1
20175,26832,7793,1,0
20176,26833,7793,1,1
20177,26834,7793,1,0
20178,26835,7793,1,1
20179,26837,7794,1,1
20180,26838,7794,1,0
20181,26839,7794,1,1
20182,26840,7794,1,1
20183,26842,7794,1,1
20184,26843,7795,1,0
20185,26844,7795,1,0
20186,26846,7796,1,1
20187,26848,7797,1,0
20188,26849,7797,1,0
20189,26850,7797,1,0
20190,26851,7797,1,0
20191,26852,7797,1,0
20192,26853,7797,1,1
20193,26854,7798,1,1
20194,26856,7798,1,1
20195,26857,7799,1,0
20196,26858,7799,1,1
20197,26859,7800,1,1
20198,26860,7801,1,1
20199,26861,7801,1,1
20200,26863,7801,1,0
20201,26864,7801,1,1
20202,26866,7801,1,0
20203,26867,7801,1,0
20204,26868,7802,1,0
20205,26869,7802,1,0
20206,26870,7802,1,1
20207,26871,7802,1,0
20208,26873,7804,1,0
20209,26874,7804,1,0
20210,26876,7805,1,1
20211,26877,7805,1,1
20212,26878,7805,1,0
20213,26880,7806,1,0
20214,26881,7806,1,0
20215,26882,7806,1,1
20216,26883,7806,1,0
20217,26884,7806,1,0
20218,26885,7807,1,0
20219,26887,7807,1,0
20220,26888,7808,1,0
20221,26889,7809,1,1
20222,26890,7809,1,0
20223,26891,7809,1,0
20224,26892,7809,1,1
20225,26895,7810,1,0
20226,26896,7810,1,0
20227,26897,7810,1,0
20228,26898,7811,1,0
20229,26899,7811,1,0
20230,26900,7812,1,0
20231,26901,7812,1,0
20232,26902,7812,1,0
20233,26903,7812,1,1
20234,26904,7812,1,0
20235,26905,7812,1,0
20236,26906,7812,1,0
20237,26907,7813,1,0
20238,26909,7814,1,0
20239,26910,7814,1,0
20240,26911,7815,1,1
20241,26912,7815,1,0
20242,26914,7816,1,1
20243,26917,7817,1,0
20244,26918,7817,1,1
20245,26919,7817,1,0
20246,26920,7817,1,0
20247,26921,7817,1,0
20248,26922,7817,1,1
20249,26923,7817,1,0
20250,26925,7818,1,0
20251,26930,7819,1,0
20252,26931,7820,1,0
20253,26933,7820,1,0
20254,26934,7820,1,0
20255,26936,7821,1,0
20256,26938,7821,1,1
20257,26939,7821,1,0
20258,26940,7821,1,1
20259,26941,7821,1,1
20260,26942,7823,1,1
20261,26943,7823,1,0
20262,26945,7824,1,0
20263,26946,7824,1,0
20264,26947,7824,1,0
20265,26948,7824,1,1
20266,26950,7825,1,0
20267,26951,7825,1,0
20268,26952,7826,1,0
20269,26953,7826,1,1
20270,26954,7827,1,0
20271,26955,7827,1,0
20272,26956,7829,1,0
20273,26959,7829,1,0
20274,26961,7829,1,0
20275,26962,7829,1,1
20276,26963,7830,1,0
20277,26964,7830,1,1
20278,26965,7830,1,0
20279,26966,7831,1,0
20280,26967,7832,1,0
20281,26969,7832,1,0
20282,26970,7832,1,0
20283,26971,7832,1,1
20284,26972,7832,1,1
20285,26974,7833,1,0
20286,26975,7833,1,1
20287,26976,7834,1,0
20288,26977,7834,1,0
20289,26978,7834,1,0
20290,26979,7834,1,1
20291,26981,7836,1,0
20292,26982,7836,1,1
20293,26983,7836,1,0
20294,26984,7836,1,1
20295,26985,7836,1,0
20296,26986,7836,1,0
20297,26988,7837,1,1
20298,26989,7837,1,0
20299,26990,7837,1,0
20300,26991,7838,1,1
20301,26992,7838,1,1
20302,26993,7838,1,1
20303,26994,7838,1,1
20304,26995,7839,1,1
20305,26996,7839,1,0
20306,26997,7841,1,0
20307,26998,7841,1,0
20308,27000,7842,1,1
20309,27001,7842,1,0
20310,27002,7842,1,0
20311,27003,7842,1,0
20312,27005,7843,1,1
20313,27006,7843,1,1
20314,27007,7843,1,1
20315,27009,7844,1,0
20316,27010,7844,1,0
20317,27011,7845,1,0
20318,27013,7846,1,1
20319,27014,7846,1,0
20320,27015,7846,1,0
20321,27017,7848,1,1
20322,27019,7848,1,0
20323,27022,7849,1,1
20324,27023,7850,1,1
20325,27025,7850,1,0
20326,27026,7851,1,0
20327,27027,7851,1,0
20328,27029,7852,1,1
20329,27030,7852,1,0
20330,27031,7853,1,0
20331,27032,7853,1,0
20332,27033,7853,1,0
20333,27034,7855,1,0
20334,27035,7855,1,1
20335,27037,7855,1,1
20336,27038,7855,1,1
20337,27039,7856,1,1
20338,27042,7856,1,1
20339,27043,7856,1,0
20340,27044,7856,1,1
20341,27046,7857,1,0
20342,27047,7858,1,0
20343,27049,7858,1,0
20344,27050,7858,1,0
20345,27051,7859,1,1
20346,27052,7859,1,0
20347,27053,7860,1,1
20348,27054,7860,1,1
20349,27055,7860,1,0
20350,27056,7860,1,0
20351,27057,7861,1,0
20352,27060,7862,1,0
20353,27061,7862,1,1
20354,27062,7862,1,0
20355,27063,7862,1,0
20356,27065,7863,1,1
20357,27066,7863,1,0
20358,27069,7867,1,1
20359,27070,7867,1,1
20360,27071,7867,1,1
20361,27072,7868,1,1
20362,27074,7869,1,0
20363,27075,7869,1,1
20364,27076,7869,1,1
20365,27077,7869,1,1
20366,27078,7869,1,1
20367,27080,7869,1,1
20368,27081,7870,1,1
20369,27083,7870,1,0
20370,27084,7870,1,0
20371,27085,7870,1,0
20372,27086,7871,1,0
20373,27087,7871,1,0
20374,27088,7871,1,1
20375,27090,7872,1,0
20376,27092,7872,1,0
20377,27093,7872,1,1
20378,27095,7873,1,1
20379,27098,7875,1,0
20380,27099,7876,1,1
20381,27100,7876,1,1
20382,27101,7877,1,1
20383,27102,7877,1,1
20384,27103,7877,1,1
20385,27105,7878,1,1
20386,27106,7878,1,1
20387,27108,7878,1,0
20388,27109,7879,1,0
20389,27111,7879,1,0
20390,27113,7880,1,0
20391,27114,7880,1,1
20392,27115,7881,1,0
20393,27116,7881,1,0
20394,27117,7881,1,0
20395,27118,7882,1,0
20396,27120,7884,1,0
20397,27121,7884,1,0
20398,27124,7886,1,0
20399,27125,7886,1,0
20400,27126,7886,1,0
20401,27127,7887,1,0
20402,27129,7887,1,0
20403,27130,7887,1,0
20404,27132,7887,1,1
20405,27134,7888,1,0
20406,27135,7888,1,0
20407,27136,7888,1,0
20408,27137,7888,1,1
20409,27139,7888,1,1
20410,27140,7888,1,1
20411,27142,7889,1,1
20412,27143,7889,1,0
20413,27145,7890,1,0
20414,27146,7891,1,0
20415,27147,7891,1,1
20416,27148,7891,1,0
20417,27149,7891,1,0
20418,27150,7891,1,0
20419,27151,7892,1,1
20420,27153,7892,1,0
20421,27154,7893,1,0
20422,27155,7893,1,0
20423,27156,7893,1,1
20424,27157,7893,1,0
20425,27158,7893,1,0
20426,27160,7893,1,0
20427,27162,7894,1,1
20428,27164,7894,1,0
20429,27166,7895,1,0
20430,27167,7896,1,0
20431,27169,7896,1,0
20432,27170,7897,1,0
20433,27171,7897,1,0
20434,27172,7897,1,0
20435,27173,7898,1,0
20436,27174,7898,1,1
20437,27176,7899,1,0
20438,27178,7902,1,0
20439,27180,7902,1,0
20440,27181,7902,1,0
20441,27182,7902,1,1
20442,27183,7902,1,0
20443,27186,7904,1,0
20444,27188,7904,1,1
20445,27189,7905,1,1
20446,27190,7905,1,0
20447,27191,7906,1,0
20448,27192,7907,1,0
20449,27193,7907,1,0
20450,27194,7907,1,0
20451,27198,7908,1,0
20452,27199,7908,1,0
20453,27200,7908,1,0
20454,27201,7909,1,1
20455,27202,7909,1,1
20456,27203,7909,1,1
20457,27205,7910,1,0
20458,27208,7911,1,1
20459,27209,7911,1,1
20460,27210,7911,1,0
20461,27211,7911,1,0
20462,27212,7911,1,0
20463,27213,7912,1,0
20464,27214,7912,1,1
20465,27215,7912,1,1
20466,27216,7913,1,0
20467,27217,7914,1,0
20468,27218,7914,1,1
20469,27219,7914,1,0
20470,27220,7916,1,0
20471,27221,7916,1,1
20472,27222,7917,1,0
20473,27223,7918,1,0
20474,27224,7918,1,1
20475,27225,7919,1,0
20476,27227,7919,1,0
20477,27228,7919,1,1
20478,27229,7919,1,1
20479,27230,7920,1,0
20480,27232,7920,1,1
20481,27234,7921,1,1
20482,27236,7922,1,1
20483,27237,7922,1,1
20484,27238,7922,1,1
20485,27239,7922,1,0
20486,27240,7922,1,0
20487,27241,7923,1,1
20488,27242,7923,1,0
20489,27243,7923,1,0
20490,27246,7924,1,0
20491,27247,7924,1,0
20492,27248,7924,1,0
20493,27250,7925,1,0
20494,27253,7925,1,0
20495,27254,7925,1,0
20496,27255,7925,1,1
20497,27257,7926,1,0
20498,27259,7926,1,0
20499,27260,7926,1,0
20500,27261,7927,1,1
20501,27264,7927,1,1
20502,27265,7928,1,0
20503,27266,7928,1,0
20504,27267,7929,1,1
20505,27268,7929,1,0
20506,27269,7929,1,0
20507,27270,7929,1,0
20508,27271,7929,1,0
20509,27272,7930,1,0
20510,27273,7930,1,1
20511,27274,7930,1,1
20512,27275,7931,1,1
20513,27276,7931,1,1
20514,27277,7932,1,0
20515,27278,7933,1,1
20516,27279,7933,1,0
20517,27280,7933,1,0
20518,27283,7934,1,1
20519,27284,7934,1,0
20520,27285,7934,1,0
20521,27287,7934,1,0
20522,27289,7937,1,0
20523,27291,7937,1,0
20524,27293,7937,1,0
20525,27294,7937,1,0
20526,27295,7938,1,0
20527,27296,7938,1,0
20528,27297,7938,1,0
20529,27298,7938,1,0
20530,27300,7938,1,0
20531,27302,7939,1,0
20532,27303,7939,1,1
20533,27304,7939,1,1
20534,27306,7941,1,0
20535,27307,7942,1,0
20536,27308,7944,1,0
20537,27309,7945,1,0
20538,27310,7945,1,0
20539,27311,7945,1,1
20540,27312,7945,1,0
20541,27314,7946,1,0
20542,27315,7946,1,0
20543,27316,7946,1,1
20544,27317,7947,1,0
20545,27318,7947,1,1
20546,27319,7947,1,1
20547,27320,7948,1,0
20548,27321,7948,1,0
20549,27322,7948,1,1
20550,27323,7949,1,0
20551,27324,7949,1,0
20552,27326,7949,1,0
20553,27327,7950,1,0
20554,27328,7950,1,0
20555,27329,7951,1,1
20556,27330,7952,1,0
20557,27332,7954,1,0
20558,27333,7954,1,0
20559,27334,7955,1,1
20560,27336,7956,1,0
20561,27337,7956,1,0
20562,27338,7956,1,1
20563,27339,7958,1,0
20564,27340,7958,1,0
20565,27341,7959,1,0
20566,27342,7959,1,0
20567,27343,7959,1,0
20568,27344,7959,1,0
20569,27345,7960,1,0
20570,27347,7960,1,0
20571,27348,7961,1,0
20572,27349,7961,1,0
20573,27350,7961,1,0
20574,27352,7961,1,0
20575,27353,7961,1,0
20576,27354,7961,1,1
20577,27356,7962,1,0
20578,27357,7962,1,1
20579,27359,7962,1,0
20580,27360,7962,1,0
20581,27361,7962,1,1
20582,27362,7963,1,1
20583,27363,7963,1,0
20584,27364,7963,1,1
20585,27366,7964,1,0
20586,27367,7964,1,0
20587,27370,7965,1,0
20588,27371,7965,1,1
20589,27372,7965,1,1
20590,27373,7965,1,1
20591,27374,7965,1,0
20592,27375,7965,1,0
20593,27376,7965,1,0
20594,27377,7965,1,0
20595,27378,7966,1,0
20596,27379,7966,1,0
20597,27380,7967,1,1
20598,27381,7968,1,1
20599,27383,7969,1,0
20600,27384,7970,1,1
20601,27385,7970,1,1
20602,27386,7970,1,0
20603,27387,7971,1,0
20604,27390,7973,1,1
20605,27391,7973,1,1
20606,27392,7974,1,0
20607,27393,7974,1,1
20608,27398,7975,1,1
20609,27399,7976,1,0
20610,27400,7976,1,1
20611,27403,7978,1,0
20612,27404,7978,1,0
20613,27405,7978,1,0
20614,27406,7978,1,1
20615,27407,7978,1,0
20616,27408,7979,1,0
20617,27410,7979,1,0
20618,27412,7981,1,0
20619,27413,7981,1,1
20620,27414,7981,1,0
20621,27415,7981,1,1
20622,27416,7981,1,0
20623,27417,7982,1,0
20624,27418,7982,1,1
20625,27419,7982,1,0
20626,27420,7983,1,0
20627,27421,7983,1,1
20628,27422,7984,1,1
20629,27423,7984,1,0
20630,27424,7984,1,0
20631,27425,7984,1,0
20632,27429,7985,1,0
20633,27431,7985,1,0
20634,27433,7985,1,1
20635,27434,7985,1,0
20636,27435,7986,1,0
20637,27438,7987,1,0
20638,27439,7987,1,0
20639,27440,7987,1,0
20640,27441,7988,1,0
20641,27442,7988,1,0
20642,27444,7989,1,0
20643,27446,7990,1,0
20644,27448,7991,1,0
20645,27450,7991,1,0
20646,27451,7992,1,0
20647,27452,7992,1,1
20648,27453,7992,1,0
20649,27454,7992,1,0
20650,27455,7992,1,0
20651,27456,7992,1,0
20652,27457,7993,1,0
20653,27458,7993,1,0
20654,27459,7993,1,0
20655,27460,7993,1,1
20656,27461,7994,1,0
20657,27468,7996,1,1
20658,27470,7996,1,0
20659,27472,7997,1,1
20660,27473,7997,1,0
20661,27474,7997,1,0
20662,27475,7999,1,1
20663,27477,7999,1,1
20664,27479,7999,1,0
20665,27480,8000,1,0
20666,27481,8000,1,1
20667,27482,8000,1,1
20668,27483,8000,1,0
20669,27484,8002,1,0
20670,27485,8003,1,0
20671,27486,8003,1,0
20672,27488,8004,1,0
20673,27489,8005,1,1
20674,27490,8005,1,0
20675,27491,8005,1,0
20676,27492,8005,1,0
20677,27493,8005,1,1
20678,27494,8007,1,0
20679,27496,8007,1,1
20680,27497,8007,1,0
20681,27498,8007,1,0
20682,27499,8007,1,0
20683,27500,8007,1,1
20684,27501,8008,1,0
20685,27502,8008,1,1
20686,27503,8008,1,0
20687,27508,8010,1,1
20688,27509,8010,1,0
20689,27510,8010,1,0
20690,27511,8011,1,0
20691,27513,8011,1,1
20692,27514,8011,1,1
20693,27515,8011,1,0
20694,27516,8011,1,0
20695,27518,8012,1,0
20696,27520,8013,1,1
20697,27521,8013,1,1
20698,27523,8015,1,0
20699,27524,8015,1,0
20700,27525,8017,1,1
20701,27527,8017,1,0
20702,27529,8018,1,1
20703,27530,8018,1,1
20704,27534,8019,1,0
20705,27536,8019,1,0
20706,27537,8019,1,1
20707,27539,8019,1,0
20708,27540,8020,1,0
20709,27541,8020,1,1
20710,27542,8020,1,1
20711,27543,8020,1,0
20712,27544,8021,1,0
20713,27545,8021,1,0
20714,27546,8021,1,1
20715,27547,8021,1,1
20716,27550,8022,1,0
20717,27552,8023,1,0
20718,27553,8023,1,1
20719,27554,8023,1,0
20720,27555,8023,1,1
20721,27556,8023,1,0
20722,27558,8024,1,0
20723,27559,8024,1,0
20724,27560,8025,1,0
20725,27561,8025,1,0
20726,27562,8025,1,0
20727,27563,8025,1,0
20728,27564,8026,1,1
20729,27565,8026,1,0
20730,27568,8027,1,1
20731,27569,8027,1,0
20732,27571,8028,1,1
20733,27572,8029,1,1
20734,27573,8029,1,1
20735,27574,8029,1,0
20736,27575,8030,1,0
20737,27578,8033,1,0
20738,27579,8033,1,1
20739,27580,8033,1,0
20740,27581,8033,1,1
20741,27582,8034,1,0
20742,27583,8034,1,1
20743,27584,8035,1,1
20744,27586,8036,1,0
20745,27588,8036,1,0
20746,27589,8037,1,1
20747,27590,8037,1,0
20748,27592,8037,1,0
20749,27593,8037,1,1
20750,27594,8037,1,0
20751,27595,8040,1,1
20752,27596,8041,1,0
20753,27597,8042,1,0
20754,27598,8043,1,1
20755,27600,8043,1,0
20756,27601,8043,1,0
20757,27602,8044,1,1
20758,27603,8044,1,1
20759,27604,8044,1,1
20760,27605,8044,1,1
20761,27606,8044,1,0
20762,27607,8045,1,1
20763,27609,8045,1,0
20764,27610,8045,1,1
20765,27611,8045,1,0
20766,27613,8046,1,0
20767,27614,8046,1,0
20768,27615,8046,1,0
20769,27616,8046,1,1
20770,27617,8046,1,0
20771,27619,8048,1,1
20772,27620,8048,1,0
20773,27621,8048,1,0
20774,27622,8048,1,1
20775,27623,8048,1,0
20776,27624,8048,1,1
20777,27625,8048,1,0
20778,27627,8049,1,1
20779,27629,8050,1,0
20780,27630,8050,1,0
20781,27631,8051,1,0
20782,27633,8051,1,1
20783,27634,8052,1,0
20784,27635,8052,1,1
20785,27636,8052,1,0
20786,27639,8053,1,1
20787,27640,8053,1,0
20788,27641,8053,1,0
20789,27642,8054,1,1
20790,27643,8054,1,0
20791,27644,8054,1,0
20792,27645,8054,1,0
20793,27646,8054,1,0
20794,27652,8057,1,0
20795,27654,8058,1,0
20796,27655,8058,1,0
20797,27656,8058,1,0
20798,27657,8058,1,1
20799,27658,8058,1,0
20800,27660,8059,1,1
20801,27662,8061,1,0
20802,27663,8061,1,0
20803,27664,8061,1,0
20804,27665,8062,1,0
20805,27666,8062,1,0
20806,27667,8062,1,0
20807,27668,8063,1,1
20808,27670,8063,1,0
20809,27671,8063,1,0
20810,27672,8064,1,1
20811,27673,8064,1,0
20812,27676,8064,1,1
20813,27677,8065,1,0
20814,27678,8065,1,1
20815,27680,8066,1,0
20816,27681,8066,1,1
20817,27682,8066,1,0
20818,27683,8066,1,1
20819,27684,8066,1,0
20820,27687,8068,1,0
20821,27689,8069,1,1
20822,27690,8069,1,0
20823,27691,8069,1,1
20824,27692,8069,1,0
20825,27694,8069,1,1
20826,27695,8070,1,0
20827,27696,8070,1,1
20828,27697,8071,1,0
20829,27699,8072,1,0
20830,27700,8072,1,1
20831,27701,8072,1,0
20832,27702,8072,1,1
20833,27703,8072,1,1
20834,27705,8072,1,1
20835,27706,8072,1,0
20836,27707,8073,1,0
20837,27708,8073,1,1
20838,27709,8074,1,1
20839,27711,8074,1,1
20840,27712,8074,1,0
20841,27713,8074,1,0
20842,27715,8075,1,1
20843,27716,8075,1,0
20844,27719,8076,1,0
20845,27721,8077,1,0
20846,27722,8077,1,0
20847,27723,8077,1,1
20848,27724,8078,1,0
20849,27726,8078,1,0
20850,27728,8079,1,0
20851,27729,8079,1,1
20852,27730,8080,1,0
20853,27731,8081,1,0
20854,27732,8081,1,1
20855,27733,8081,1,0
20856,27734,8081,1,0
20857,27736,8081,1,0
20858,27737,8082,1,0
20859,27738,8083,1,0
20860,27741,8083,1,0
20861,27742,8083,1,0
20862,27743,8084,1,1
20863,27744,8084,1,0
20864,27746,8084,1,0
20865,27747,8084,1,0
20866,27749,8084,1,0
20867,27750,8084,1,0
20868,27752,8085,1,1
20869,27753,8085,1,0
20870,27754,8085,1,0
20871,27756,8086,1,0
20872,27757,8086,1,1
20873,27758,8086,1,0
20874,27759,8086,1,1
20875,27761,8087,1,0
20876,27762,8087,1,0
20877,27766,8088,1,0
20878,27767,8088,1,0
20879,27769,8089,1,1
20880,27770,8089,1,1
20881,27771,8089,1,0
20882,27772,8090,1,0
20883,27773,8092,1,1
20884,27775,8093,1,0
20885,27776,8093,1,1
20886,27778,8093,1,1
20887,27779,8094,1,0
20888,27781,8094,1,0
20889,27782,8094,1,0
20890,27783,8095,1,1
20891,27785,8095,1,0
20892,27787,8095,1,1
20893,27788,8096,1,0
20894,27789,8097,1,0
20895,27790,8097,1,0
20896,27792,8097,1,0
20897,27793,8097,1,1
20898,27794,8098,1,0
20899,27797,8098,1,1
20900,27798,8099,1,0
20901,27799,8100,1,0
20902,27801,8100,1,0
20903,27802,8100,1,0
20904,27803,8101,1,0
20905,27804,8101,1,0
20906,27805,8102,1,1
20907,27807,8102,1,0
20908,27808,8103,1,0
20909,27809,8103,1,0
20910,27811,8104,1,1
20911,27812,8105,1,1
20912,27813,8106,1,1
20913,27814,8106,1,0
20914,27816,8107,1,1
20915,27817,8107,1,0
20916,27818,8108,1,1
20917,27819,8108,1,0
20918,27820,8108,1,0
20919,27821,8108,1,0
20920,27822,8109,1,0
20921,27823,8109,1,0
20922,27824,8109,1,0
20923,27826,8109,1,0
20924,27830,8112,1,1
20925,27831,8112,1,1
20926,27832,8113,1,0
20927,27833,8113,1,0
20928,27834,8113,1,0
20929,27835,8114,1,1
20930,27836,8114,1,1
20931,27838,8115,1,0
20932,27839,8115,1,1
20933,27840,8115,1,1
20934,27842,8117,1,0
20935,27846,8118,1,0
20936,27847,8119,1,0
20937,27850,8120,1,0
20938,27852,8120,1,0
20939,27856,8122,1,0
20940,27858,8122,1,0
20941,27859,8123,1,0
20942,27860,8123,1,0
20943,27861,8123,1,1
20944,27862,8123,1,0
20945,27863,8123,1,1
20946,27864,8123,1,1
20947,27865,8124,1,1
20948,27867,8124,1,0
20949,27868,8124,1,1
20950,27870,8125,1,0
20951,27871,8126,1,0
20952,27872,8126,1,1
20953,27874,8127,1,0
20954,27875,8128,1,0
20955,27876,8128,1,0
20956,27877,8128,1,0
20957,27879,8128,1,0
20958,27880,8129,1,0
20959,27881,8129,1,0
20960,27882,8130,1,0
20961,27883,8130,1,1
20962,27884,8130,1,1
20963,27885,8130,1,0
20964,27887,8130,1,0
20965,27889,8131,1,1
20966,27890,8131,1,0
20967,27891,8131,1,0
20968,27893,8131,1,0
20969,27894,8131,1,0
20970,27895,8131,1,0
20971,27896,8131,1,0
20972,27897,8132,1,0
20973,27898,8132,1,0
20974,27900,8133,1,0
20975,27901,8133,1,0
20976,27902,8133,1,1
20977,27903,8133,1,0
20978,27904,8134,1,0
20979,27906,8134,1,0
20980,27908,8135,1,0
20981,27909,8136,1,1
20982,27910,8136,1,0
20983,27911,8136,1,0
20984,27913,8137,1,0
20985,27914,8137,1,0
20986,27915,8138,1,1
20987,27917,8140,1,1
20988,27918,8140,1,1
20989,27919,8140,1,0
20990,27923,8141,1,0
20991,27924,8141,1,0
20992,27925,8141,1,0
20993,27926,8141,1,0
20994,27929,8142,1,0
20995,27930,8142,1,0
20996,27931,8143,1,0
20997,27934,8144,1,0
20998,27936,8144,1,0
20999,27937,8144,1,1
21000,27938,8144,1,1
21001,27940,8144,1,1
21002,27942,8145,1,1
21003,27943,8146,1,1
21004,27944,8146,1,0
21005,27945,8147,1,0
21006,27946,8148,1,0
21007,27947,8149,1,0
21008,27948,8149,1,1
21009,27949,8149,1,1
21010,27950,8150,1,1
21011,27952,8151,1,0
21012,27953,8151,1,1
21013,27956,8152,1,0
21014,27957,8153,1,0
21015,27958,8153,1,0
21016,27959,8153,1,0
21017,27960,8153,1,0
21018,27961,8153,1,0
21019,27962,8154,1,0
21020,27963,8154,1,1
21021,27964,8155,1,0
21022,27965,8155,1,1
21023,27966,8156,1,0
21024,27967,8156,1,1
21025,27968,8156,1,1
21026,27970,8156,1,1
21027,27971,8156,1,0
21028,27973,8157,1,0
21029,27975,8158,1,1
21030,27978,8159,1,0
21031,27979,8159,1,0
21032,27980,8159,1,1
21033,27982,8159,1,1
21034,27984,8160,1,0
21035,27985,8160,1,1
21036,27986,8160,1,0
21037,27987,8160,1,1
21038,27989,8161,1,0
21039,27990,8161,1,0
21040,27991,8161,1,0
21041,27992,8162,1,0
21042,27993,8162,1,0
21043,27994,8163,1,0
21044,27996,8164,1,0
21045,27997,8165,1,0
21046,27999,8165,1,1
21047,28000,8165,1,0
21048,28001,8165,1,0
21049,28002,8166,1,0
21050,28003,8166,1,0
21051,28004,8166,1,0
21052,28006,8166,1,0
21053,28007,8166,1,0
21054,28008,8166,1,0
21055,28011,8167,1,1
21056,28012,8167,1,1
21057,28013,8167,1,0
21058,28014,8167,1,1
21059,28015,8167,1,0
21060,28016,8167,1,0
21061,28017,8167,1,0
21062,28018,8168,1,0
21063,28019,8169,1,0
21064,28020,8169,1,0
21065,28021,8170,1,1
21066,28022,8170,1,0
21067,28023,8170,1,0
21068,28027,8171,1,1
21069,28028,8171,1,0
21070,28029,8171,1,0
21071,28031,8172,1,0
21072,28032,8172,1,0
21073,28033,8172,1,1
21074,28037,8173,1,1
21075,28039,8173,1,0
21076,28040,8173,1,0
21077,28041,8173,1,1
21078,28043,8174,1,0
21079,28046,8175,1,0
21080,28048,8175,1,0
21081,28049,8176,1,0
21082,28050,8177,1,0
21083,28051,8177,1,0
21084,28054,8177,1,0
21085,28056,8177,1,1
21086,28057,8177,1,0
21087,28058,8177,1,1
21088,28059,8178,1,1
21089,28060,8178,1,0
21090,28062,8179,1,0
21091,28063,8179,1,0
21092,28064,8179,1,0
21093,28068,8179,1,0
21094,28071,8180,1,0
21095,28072,8180,1,0
21096,28073,8180,1,0
21097,28075,8181,1,0
21098,28076,8181,1,0
21099,28078,8182,1,0
21100,28079,8182,1,0
21101,28080,8182,1,0
21102,28082,8183,1,1
21103,28083,8183,1,0
21104,28084,8183,1,0
21105,28087,8185,1,1
21106,28088,8185,1,0
21107,28089,8185,1,0
21108,28091,8186,1,0
21109,28092,8186,1,1
21110,28093,8186,1,1
21111,28094,8186,1,0
21112,28095,8187,1,0
21113,28096,8187,1,0
21114,28097,8188,1,1
21115,28099,8189,1,1
21116,28100,8190,1,0
21117,28101,8190,1,1
21118,28102,8190,1,0
21119,28104,8190,1,0
21120,28106,8191,1,0
21121,28107,8191,1,1
21122,28108,8191,1,0
21123,28110,8192,1,0
21124,28111,8192,1,1
21125,28112,8192,1,1
21126,28114,8192,1,0
21127,28115,8193,1,0
21128,28116,8193,1,0
21129,28117,8194,1,0
21130,28118,8194,1,1
21131,28119,8194,1,0
21132,28120,8194,1,0
21133,28121,8195,1,0
21134,28124,8195,1,1
21135,28125,8196,1,1
21136,28128,8199,1,1
21137,28129,8199,1,1
21138,28130,8199,1,0
21139,28131,8199,1,0
21140,28132,8200,1,1
21141,28133,8200,1,1
21142,28135,8200,1,0
21143,28136,8200,1,1
21144,28137,8201,1,0
21145,28139,8202,1,1
21146,28140,8203,1,0
21147,28141,8203,1,1
21148,28142,8203,1,0
21149,28143,8204,1,0
21150,28144,8204,1,0
21151,28145,8204,1,0
21152,28146,8204,1,0
21153,28148,8205,1,1
21154,28149,8205,1,0
21155,28152,8206,1,1
21156,28153,8206,1,0
21157,28154,8206,1,1
21158,28155,8206,1,0
21159,28156,8207,1,0
21160,28157,8207,1,1
21161,28158,8207,1,0
21162,28159,8207,1,0
21163,28162,8208,1,0
21164,28163,8208,1,1
21165,28164,8208,1,1
21166,28166,8208,1,0
21167,28167,8209,1,0
21168,28168,8210,1,0
21169,28169,8210,1,0
21170,28170,8210,1,1
21171,28171,8210,1,0
21172,28173,8211,1,0
21173,28174,8212,1,0
21174,28176,8212,1,1
21175,28177,8212,1,1
21176,28179,8213,1,1
21177,28181,8213,1,0
21178,28182,8214,1,0
21179,28184,8214,1,1
21180,28185,8214,1,0
21181,28186,8215,1,1
21182,28190,8216,1,0
21183,28192,8216,1,1
21184,28194,8216,1,0
21185,28196,8218,1,0
21186,28197,8218,1,0
21187,28198,8218,1,0
21188,28199,8218,1,0
21189,28200,8218,1,0
21190,28201,8219,1,1
21191,28202,8219,1,0
21192,28203,8220,1,0
21193,28204,8220,1,0
21194,28205,8220,1,1
21195,28206,8220,1,1
21196,28208,8220,1,0
21197,28209,8220,1,0
21198,28210,8221,1,0
21199,28211,8222,1,0
21200,28212,8222,1,0
21201,28213,8222,1,1
21202,28214,8222,1,0
21203,28215,8222,1,0
21204,28217,8222,1,1
21205,28218,8223,1,0
21206,28220,8223,1,0
21207,28221,8224,1,0
21208,28222,8224,1,1
21209,28223,8225,1,0
21210,28225,8225,1,1
21211,28226,8225,1,1
21212,28227,8226,1,0
21213,28228,8227,1,0
21214,28229,8227,1,0
21215,28230,8228,1,0
21216,28231,8228,1,0
21217,28232,8228,1,0
21218,28233,8228,1,0
21219,28234,8228,1,0
21220,28236,8229,1,0
21221,28237,8229,1,1
21222,28238,8230,1,0
21223,28240,8230,1,0
21224,28241,8230,1,1
21225,28242,8231,1,0
21226,28243,8232,1,0
21227,28244,8232,1,0
21228,28245,8232,1,0
21229,28246,8232,1,0
21230,28247,8232,1,1
21231,28248,8232,1,0
21232,28249,8233,1,0
21233,28250,8233,1,0
21234,28251,8233,1,1
21235,28252,8233,1,0
21236,28254,8234,1,1
21237,28255,8234,1,1
21238,28256,8235,1,0
21239,28257,8236,1,1
21240,28258,8236,1,0
21241,28259,8236,1,0
21242,28260,8236,1,0
21243,28261,8237,1,0
21244,28262,8237,1,0
21245,28263,8237,1,0
21246,28264,8237,1,0
21247,28266,8238,1,1
21248,28267,8239,1,1
21249,28268,8240,1,1
21250,28269,8240,1,0
21251,28271,8240,1,1
21252,28272,8240,1,0
21253,28273,8240,1,1
21254,28274,8240,1,0
21255,28275,8240,1,1
21256,28276,8241,1,1
21257,28278,8241,1,1
21258,28279,8241,1,0
21259,28280,8241,1,0
21260,28281,8242,1,0
21261,28282,8242,1,0
21262,28284,8242,1,1
21263,28286,8243,1,1
21264,28288,8244,1,0
21265,28289,8244,1,0
21266,28290,8244,1,1
21267,28293,8244,1,1
21268,28296,8245,1,1
21269,28297,8246,1,0
21270,28298,8246,1,0
21271,28299,8247,1,1
21272,28300,8248,1,1
21273,28301,8248,1,0
21274,28302,8248,1,0
21275,28304,8248,1,0
21276,28305,8248,1,0
21277,28306,8249,1,0
21278,28307,8250,1,1
21279,28309,8250,1,1
21280,28310,8250,1,0
21281,28311,8250,1,0
21282,28312,8251,1,1
21283,28313,8251,1,1
21284,28314,8251,1,0
21285,28315,8252,1,0
21286,28316,8252,1,1
21287,28317,8252,1,1
21288,28318,8252,1,1
21289,28321,8253,1,1
21290,28322,8253,1,1
21291,28323,8253,1,1
21292,28326,8253,1,0
21293,28327,8253,1,1
21294,28328,8254,1,0
21295,28329,8254,1,0
21296,28330,8256,1,0
21297,28332,8256,1,0
21298,28333,8256,1,0
21299,28334,8256,1,0
21300,28336,8256,1,0
21301,28338,8257,1,1
21302,28339,8257,1,1
21303,28341,8258,1,0
21304,28344,8259,1,0
21305,28345,8260,1,1
21306,28347,8261,1,0
21307,28349,8261,1,1
21308,28350,8261,1,0
21309,28351,8261,1,0
21310,28352,8261,1,1
21311,28353,8261,1,1
21312,28354,8262,1,0
21313,28355,8262,1,1
21314,28356,8262,1,0
21315,28357,8262,1,1
21316,28358,8262,1,1
21317,28361,8263,1,0
21318,28364,8263,1,1
21319,28365,8263,1,0
21320,28366,8263,1,0
21321,28367,8263,1,0
21322,28369,8264,1,1
21323,28370,8264,1,0
21324,28372,8265,1,0
21325,28373,8265,1,0
21326,28374,8265,1,0
21327,28376,8266,1,1
21328,28377,8266,1,0
21329,28378,8267,1,0
21330,28379,8267,1,0
21331,28383,8269,1,0
21332,28384,8269,1,1
21333,28385,8269,1,0
21334,28386,8269,1,0
21335,28390,8270,1,0
21336,28391,8270,1,0
21337,28392,8270,1,0
21338,28393,8271,1,0
21339,28394,8271,1,0
21340,28395,8271,1,0
21341,28396,8271,1,0
21342,28397,8271,1,0
21343,28398,8271,1,0
21344,28399,8271,1,1
21345,28400,8272,1,0
21346,28401,8272,1,0
21347,28402,8273,1,0
21348,28403,8273,1,1
21349,28404,8273,1,0
21350,28405,8273,1,0
21351,28406,8273,1,0
21352,28407,8273,1,1
21353,28408,8274,1,0
21354,28409,8275,1,1
21355,28410,8276,1,0
21356,28411,8276,1,1
21357,28412,8276,1,0
21358,28413,8276,1,0
21359,28414,8276,1,0
21360,28416,8276,1,1
21361,28417,8276,1,0
21362,28418,8277,1,1
21363,28419,8277,1,0
21364,28420,8277,1,1
21365,28421,8278,1,1
21366,28422,8278,1,0
21367,28423,8279,1,0
21368,28424,8279,1,1
21369,28425,8279,1,1
21370,28426,8279,1,1
21371,28427,8279,1,0
21372,28429,8279,1,0
21373,28431,8280,1,0
21374,28432,8281,1,0
21375,28434,8281,1,0
21376,28435,8281,1,1
21377,28436,8281,1,0
21378,28437,8281,1,0
21379,28438,8281,1,0
21380,28439,8282,1,0
21381,28441,8282,1,1
21382,28442,8283,1,1
21383,28443,8283,1,0
21384,28444,8283,1,0
21385,28445,8283,1,0
21386,28446,8283,1,0
21387,28451,8284,1,0
21388,28452,8284,1,0
21389,28453,8285,1,0
21390,28455,8287,1,1
21391,28456,8287,1,0
21392,28457,8287,1,0
21393,28458,8288,1,0
21394,28460,8288,1,1
21395,28461,8289,1,1
21396,28462,8289,1,0
21397,28463,8289,1,1
21398,28464,8290,1,1
21399,28466,8290,1,0
21400,28467,8290,1,0
21401,28468,8290,1,1
21402,28469,8290,1,1
21403,28471,8291,1,1
21404,28472,8291,1,0
21405,28473,8292,1,0
21406,28474,8292,1,0
21407,28475,8292,1,1
21408,28476,8292,1,0
21409,28479,8293,1,0
21410,28480,8293,1,0
21411,28481,8293,1,1
21412,28484,8295,1,0
21413,28485,8296,1,1
21414,28487,8296,1,0
21415,28488,8296,1,1
21416,28489,8297,1,0
21417,28490,8297,1,0
21418,28491,8297,1,0
21419,28492,8297,1,1
21420,28493,8297,1,1
21421,28494,8298,1,1
21422,28495,8299,1,0
21423,28496,8299,1,0
21424,28497,8299,1,0
21425,28498,8299,1,0
21426,28499,8300,1,0
21427,28500,8300,1,0
21428,28503,8301,1,0
21429,28505,8301,1,0
21430,28506,8302,1,0
21431,28508,8303,1,1
21432,28510,8303,1,0
21433,28512,8303,1,0
21434,28513,8304,1,0
21435,28517,8305,1,1
21436,28518,8305,1,0
21437,28519,8305,1,0
21438,28520,8305,1,0
21439,28522,8306,1,0
21440,28523,8306,1,0
21441,28524,8306,1,0
21442,28526,8307,1,0
21443,28528,8308,1,1
21444,28529,8309,1,0
21445,28530,8310,1,0
21446,28531,8310,1,0
21447,28533,8310,1,0
21448,28536,8312,1,0
21449,28538,8312,1,1
21450,28540,8312,1,1
21451,28542,8312,1,0
21452,28543,8313,1,1
21453,28545,8313,1,0
21454,28546,8313,1,1
21455,28548,8313,1,1
21456,28549,8314,1,0
21457,28550,8315,1,1
21458,28551,8317,1,1
21459,28552,8317,1,0
21460,28553,8318,1,0
21461,28554,8318,1,1
21462,28556,8318,1,0
21463,28558,8320,1,0
21464,28559,8320,1,0
21465,28561,8320,1,1
21466,28562,8321,1,0
21467,28563,8321,1,1
21468,28564,8322,1,1
21469,28568,8324,1,0
21470,28571,8324,1,1
21471,28572,8325,1,0
21472,28573,8326,1,0
21473,28574,8326,1,0
21474,28576,8327,1,1
21475,28577,8327,1,0
21476,28578,8328,1,0
21477,28579,8328,1,0
21478,28581,8328,1,1
21479,28582,8328,1,0
21480,28583,8328,1,0
21481,28585,8329,1,0
21482,28586,8330,1,1
21483,28587,8331,1,0
21484,28588,8332,1,0
21485,28589,8333,1,1
21486,28590,8333,1,1
21487,28591,8335,1,0
21488,28592,8335,1,1
21489,28594,8337,1,0
21490,28595,8338,1,0
21491,28596,8338,1,0
21492,28597,8338,1,0
21493,28598,8338,1,1
21494,28599,8338,1,0
21495,28600,8340,1,1
21496,28601,8341,1,0
21497,28602,8342,1,0
21498,28603,8342,1,0
21499,28604,8342,1,0
21500,28605,8343,1,0
21501,28607,8344,1,0
21502,28608,8344,1,1
21503,28609,8344,1,1
21504,28610,8344,1,0
21505,28611,8344,1,0
21506,28612,8345,1,0
21507,28613,8345,1,0
21508,28615,8345,1,1
21509,28616,8345,1,0
21510,28617,8345,1,1
21511,28618,8345,1,1
21512,28619,8345,1,0
21513,28620,8346,1,1
21514,28621,8346,1,0
21515,28624,8348,1,1
21516,28625,8348,1,0
21517,28627,8348,1,0
21518,28628,8348,1,1
21519,28629,8348,1,0
21520,28630,8348,1,0
21521,28632,8349,1,0
21522,28633,8349,1,1
21523,28636,8349,1,0
21524,28637,8350,1,0
21525,28639,8351,1,0
21526,28641,8352,1,1
21527,28642,8352,1,1
21528,28643,8353,1,1
21529,28644,8353,1,0
21530,28646,8354,1,1
21531,28647,8354,1,0
21532,28649,8355,1,1
21533,28650,8355,1,0
21534,28651,8355,1,1
21535,28652,8355,1,0
21536,28653,8355,1,0
21537,28654,8356,1,1
21538,28655,8357,1,1
21539,28656,8357,1,0
21540,28657,8357,1,0
21541,28659,8357,1,1
21542,28660,8357,1,0
21543,28663,8358,1,0
21544,28664,8358,1,0
21545,28665,8358,1,1
21546,28666,8358,1,0
21547,28667,8358,1,0
21548,28668,8359,1,0
21549,28670,8360,1,0
21550,28671,8360,1,0
21551,28672,8360,1,0
21552,28673,8361,1,0
21553,28674,8361,1,1
21554,28675,8361,1,0
21555,28676,8362,1,0
21556,28677,8362,1,0
21557,28680,8363,1,1
21558,28681,8363,1,0
21559,28682,8363,1,0
21560,28684,8363,1,0
21561,28685,8364,1,1
21562,28688,8365,1,1
21563,28690,8367,1,0
21564,28691,8367,1,0
21565,28692,8367,1,1
21566,28693,8367,1,1
21567,28696,8368,1,0
21568,28700,8369,1,0
21569,28701,8370,1,1
21570,28702,8370,1,0
21571,28704,8370,1,0
21572,28705,8370,1,0
21573,28708,8371,1,0
21574,28709,8371,1,0
21575,28710,8372,1,1
21576,28711,8373,1,1
21577,28712,8373,1,1
21578,28713,8373,1,0
21579,28714,8374,1,0
21580,28715,8375,1,1
21581,28716,8375,1,0
21582,28717,8376,1,0
21583,28718,8376,1,0
21584,28719,8376,1,0
21585,28720,8376,1,0
21586,28721,8377,1,0
21587,28722,8377,1,1
21588,28724,8377,1,0
21589,28725,8378,1,1
21590,28726,8378,1,0
21591,28729,8378,1,0
21592,28730,8378,1,0
21593,28731,8378,1,0
21594,28733,8378,1,1
21595,28734,8379,1,0
21596,28738,8379,1,1
21597,28740,8379,1,0
21598,28741,8380,1,1
21599,28742,8380,1,0
21600,28743,8380,1,0
21601,28745,8380,1,1
21602,28746,8380,1,0
21603,28747,8380,1,1
21604,28749,8381,1,0
21605,28750,8381,1,0
21606,28751,8381,1,1
21607,28754,8381,1,1
21608,28755,8382,1,0
21609,28756,8382,1,0
21610,28757,8382,1,0
21611,28758,8384,1,0
21612,28760,8385,1,0
21613,28762,8385,1,0
21614,28763,8385,1,0
21615,28764,8385,1,0
21616,28765,8386,1,0
21617,28766,8386,1,1
21618,28767,8387,1,1
21619,28770,8388,1,1
21620,28771,8388,1,1
21621,28774,8389,1,0
21622,28775,8390,1,1
21623,28776,8391,1,0
21624,28777,8391,1,1
21625,28779,8391,1,0
21626,28781,8391,1,0
21627,28782,8392,1,1
21628,28783,8392,1,0
21629,28785,8392,1,0
21630,28787,8392,1,1
21631,28788,8392,1,0
21632,28789,8393,1,0
21633,28790,8393,1,0
21634,28791,8393,1,0
21635,28792,8393,1,1
21636,28793,8393,1,0
21637,28794,8394,1,0
21638,28795,8394,1,0
21639,28796,8394,1,0
21640,28798,8394,1,0
21641,28799,8394,1,1
21642,28800,8395,1,0
21643,28801,8395,1,0
21644,28802,8395,1,0
21645,28803,8395,1,0
21646,28804,8396,1,0
21647,28805,8396,1,0
21648,28806,8397,1,1
21649,28807,8397,1,0
21650,28809,8397,1,0
21651,28810,8398,1,1
21652,28813,8400,1,1
21653,28814,8400,1,1
21654,28815,8400,1,0
21655,28817,8401,1,1
21656,28818,8401,1,0
21657,28819,8401,1,0
21658,28820,8401,1,0
21659,28822,8401,1,1
21660,28823,8402,1,1
21661,28824,8402,1,0
21662,28826,8402,1,1
21663,28827,8403,1,1
21664,28828,8403,1,0
21665,28830,8403,1,0
21666,28831,8404,1,0
21667,28833,8405,1,1
21668,28834,8405,1,1
21669,28835,8406,1,0
21670,28837,8406,1,0
21671,28839,8407,1,0
21672,28840,8407,1,0
21673,28841,8407,1,1
21674,28844,8407,1,0
21675,28845,8407,1,0
21676,28847,8408,1,1
21677,28848,8408,1,0
21678,28849,8409,1,1
21679,28850,8409,1,1
21680,28851,8410,1,1
21681,28852,8410,1,0
21682,28853,8411,1,0
21683,28854,8411,1,1
21684,28855,8411,1,1
21685,28856,8412,1,0
21686,28857,8413,1,0
21687,28859,8414,1,0
21688,28860,8414,1,1
21689,28861,8415,1,0
21690,28864,8415,1,0
21691,28865,8415,1,0
21692,28866,8415,1,1
21693,28867,8415,1,0
21694,28868,8415,1,0
21695,28869,8415,1,0
21696,28870,8415,1,0
21697,28871,8415,1,0
21698,28872,8415,1,0
21699,28873,8415,1,0
21700,28874,8415,1,1
21701,28875,8416,1,0
21702,28878,8417,1,0
21703,28879,8419,1,1
21704,28880,8419,1,1
21705,28881,8419,1,0
21706,28882,8419,1,0
21707,28883,8420,1,1
21708,28884,8420,1,0
21709,28885,8420,1,0
21710,28886,8420,1,0
21711,28887,8420,1,0
21712,28888,8421,1,0
21713,28889,8421,1,1
21714,28890,8421,1,0
21715,28891,8422,1,0
21716,28894,8422,1,1
21717,28896,8423,1,1
21718,28897,8423,1,0
21719,28899,8424,1,1
21720,28900,8424,1,1
21721,28901,8424,1,0
21722,28902,8424,1,1
21723,28903,8424,1,0
21724,28907,8426,1,0
21725,28909,8426,1,0
21726,28910,8427,1,0
21727,28912,8427,1,0
21728,28913,8427,1,0
21729,28915,8427,1,1
21730,28916,8428,1,0
21731,28917,8428,1,1
21732,28918,8428,1,1
21733,28919,8430,1,0
21734,28921,8430,1,0
21735,28923,8431,1,0
21736,28924,8432,1,0
21737,28925,8432,1,0
21738,28926,8432,1,0
21739,28928,8433,1,1
21740,28929,8433,1,1
21741,28931,8433,1,0
21742,28932,8434,1,0
21743,28933,8435,1,0
21744,28934,8435,1,0
21745,28935,8435,1,0
21746,28936,8436,1,0
21747,28937,8436,1,0
21748,28938,8436,1,1
21749,28940,8437,1,0
21750,28941,8437,1,0
21751,28942,8437,1,0
21752,28943,8437,1,0
21753,28945,8438,1,0
21754,28947,8438,1,0
21755,28948,8439,1,0
21756,28949,8439,1,0
21757,28950,8439,1,0
21758,28951,8440,1,0
21759,28953,8441,1,1
21760,28954,8441,1,0
21761,28956,8442,1,0
21762,28958,8443,1,0
21763,28959,8443,1,0
21764,28960,8443,1,0
21765,28962,8443,1,1
21766,28963,8444,1,1
21767,28964,8444,1,0
21768,28965,8444,1,0
21769,28966,8444,1,0
21770,28967,8444,1,0
21771,28968,8446,1,0
21772,28969,8446,1,1
21773,28970,8446,1,0
21774,28973,8446,1,1
21775,28976,8447,1,1
21776,28977,8447,1,0
21777,28978,8447,1,0
21778,28979,8447,1,0
21779,28980,8447,1,0
21780,28981,8448,1,0
21781,28982,8448,1,0
21782,28985,8448,1,1
21783,28986,8448,1,0
21784,28987,8449,1,1
21785,28989,8449,1,0
21786,28990,8450,1,0
21787,28991,8450,1,0
21788,28992,8450,1,1
21789,28993,8450,1,0
21790,28994,8450,1,0
21791,28996,8451,1,0
21792,28997,8451,1,0
21793,28998,8452,1,0
21794,29001,8452,1,0
21795,29002,8452,1,1
21796,29004,8454,1,0
21797,29006,8455,1,1
21798,29007,8456,1,0
21799,29008,8456,1,1
21800,29011,8456,1,1
21801,29012,8457,1,0
21802,29014,8458,1,0
21803,29015,8458,1,0
21804,29016,8458,1,0
21805,29017,8458,1,0
21806,29019,8460,1,0
21807,29020,8460,1,0
21808,29023,8460,1,1
21809,29025,8460,1,1
21810,29026,8461,1,0
21811,29028,8462,1,1
21812,29029,8462,1,0
21813,29030,8462,1,1
21814,29031,8462,1,0
21815,29032,8462,1,0
21816,29035,8463,1,0
21817,29036,8463,1,0
21818,29037,8463,1,0
21819,29038,8463,1,0
21820,29039,8463,1,0
21821,29040,8465,1,0
21822,29041,8465,1,1
21823,29042,8465,1,0
21824,29046,8468,1,1
21825,29047,8468,1,0
21826,29048,8468,1,1
21827,29049,8468,1,1
21828,29050,8469,1,0
21829,29051,8470,1,0
21830,29052,8470,1,0
21831,29053,8470,1,0
21832,29054,8470,1,0
21833,29055,8471,1,1
21834,29056,8472,1,0
21835,29057,8472,1,1
21836,29058,8473,1,0
21837,29059,8473,1,1
21838,29060,8473,1,0
21839,29061,8473,1,0
21840,29063,8475,1,1
21841,29064,8475,1,1
21842,29067,8477,1,0
21843,29068,8477,1,1
21844,29069,8477,1,0
21845,29070,8477,1,0
21846,29071,8477,1,0
21847,29073,8478,1,1
21848,29075,8480,1,0
21849,29076,8480,1,0
21850,29077,8480,1,1
21851,29078,8480,1,1
21852,29079,8480,1,0
21853,29080,8481,1,0
21854,29081,8481,1,0
21855,29082,8481,1,1
21856,29083,8481,1,1
21857,29084,8481,1,1
21858,29085,8481,1,0
21859,29086,8481,1,0
21860,29087,8482,1,1
21861,29088,8482,1,0
21862,29089,8482,1,1
21863,29090,8482,1,0
21864,29091,8482,1,0
21865,29092,8482,1,0
21866,29093,8482,1,1
21867,29094,8482,1,1
21868,29095,8482,1,0
21869,29096,8482,1,0
21870,29098,8483,1,1
21871,29099,8484,1,1
21872,29100,8484,1,1
21873,29102,8485,1,1
21874,29103,8485,1,1
21875,29104,8485,1,0
21876,29105,8486,1,0
21877,29108,8486,1,0
21878,29109,8486,1,1
21879,29110,8486,1,1
21880,29111,8487,1,1
21881,29112,8487,1,0
21882,29114,8488,1,0
21883,29115,8489,1,1
21884,29117,8490,1,1
21885,29118,8490,1,1
21886,29119,8491,1,1
21887,29120,8491,1,1
21888,29121,8491,1,1
21889,29123,8492,1,0
21890,29124,8492,1,0
21891,29126,8492,1,1
21892,29127,8493,1,0
21893,29130,8495,1,0
21894,29131,8495,1,0
21895,29132,8496,1,0
21896,29133,8496,1,0
21897,29134,8496,1,1
21898,29135,8496,1,1
21899,29136,8496,1,1
21900,29137,8497,1,0
21901,29139,8499,1,0
21902,29140,8499,1,1
21903,29141,8499,1,0
21904,29142,8499,1,1
21905,29144,8500,1,0
21906,29148,8502,1,0
21907,29149,8502,1,1
21908,29151,8502,1,0
21909,29154,8502,1,1
21910,29155,8503,1,0
21911,29156,8503,1,0
21912,29158,8504,1,1
21913,29160,8505,1,0
21914,29163,8505,1,1
21915,29164,8506,1,0
21916,29166,8506,1,0
21917,29168,8508,1,0
21918,29169,8508,1,0
21919,29171,8508,1,0
21920,29172,8508,1,0
21921,29174,8510,1,0
21922,29175,8510,1,1
21923,29176,8511,1,0
21924,29178,8513,1,0
21925,29179,8513,1,1
21926,29181,8514,1,0
21927,29182,8514,1,1
21928,29183,8514,1,1
21929,29184,8514,1,0
21930,29185,8514,1,0
21931,29186,8514,1,0
21932,29187,8514,1,0
21933,29189,8515,1,0
21934,29190,8515,1,0
21935,29191,8515,1,1
21936,29192,8516,1,0
21937,29193,8516,1,0
21938,29194,8516,1,0
21939,29195,8516,1,0
21940,29197,8516,1,0
21941,29198,8517,1,1
21942,29199,8517,1,0
21943,29200,8517,1,0
21944,29201,8517,1,0
21945,29202,8517,1,0
21946,29204,8517,1,0
21947,29205,8518,1,0
21948,29206,8518,1,0
21949,29208,8518,1,1
21950,29210,8518,1,0
21951,29211,8519,1,1
21952,29212,8519,1,0
21953,29214,8519,1,1
21954,29216,8520,1,0
21955,29217,8520,1,1
21956,29218,8521,1,1
21957,29219,8521,1,0
21958,29221,8521,1,0
21959,29223,8521,1,1
21960,29224,8521,1,0
21961,29225,8521,1,0
21962,29226,8521,1,1
21963,29227,8521,1,0
21964,29230,8522,1,0
21965,29231,8522,1,1
21966,29232,8522,1,0
21967,29234,8523,1,0
21968,29235,8523,1,1
21969,29236,8523,1,0
21970,29237,8523,1,0
21971,29239,8523,1,0
21972,29241,8524,1,0
21973,29243,8524,1,0
21974,29246,8526,1,0
21975,29247,8526,1,0
21976,29248,8527,1,1
21977,29249,8527,1,1
21978,29250,8528,1,1
21979,29251,8528,1,0
21980,29252,8528,1,0
21981,29256,8530,1,1
21982,29257,8531,1,0
21983,29259,8531,1,1
21984,29263,8531,1,0
21985,29264,8531,1,0
21986,29265,8531,1,0
21987,29266,8532,1,0
21988,29268,8533,1,1
21989,29269,8533,1,1
21990,29273,8534,1,0
21991,29274,8534,1,0
21992,29276,8535,1,0
21993,29277,8535,1,0
21994,29279,8536,1,0
21995,29280,8536,1,1
21996,29281,8537,1,0
21997,29282,8537,1,0
21998,29283,8538,1,0
21999,29285,8539,1,0
22000,29286,8539,1,0
22001,29287,8539,1,1
22002,29289,8539,1,0
22003,29292,8540,1,0
22004,29293,8540,1,0
22005,29294,8540,1,0
22006,29296,8541,1,1
22007,29297,8541,1,1
22008,29299,8542,1,1
22009,29300,8542,1,0
22010,29301,8542,1,0
22011,29302,8542,1,1
22012,29303,8542,1,0
22013,29304,8542,1,0
22014,29305,8542,1,1
22015,29307,8543,1,0
22016,29308,8543,1,1
22017,29309,8543,1,1
22018,29310,8544,1,0
22019,29312,8545,1,0
22020,29313,8545,1,1
22021,29315,8545,1,0
22022,29318,8546,1,0
22023,29321,8547,1,0
22024,29322,8548,1,0
22025,29323,8548,1,0
22026,29324,8548,1,0
22027,29325,8549,1,0
22028,29326,8551,1,0
22029,29327,8551,1,1
22030,29328,8551,1,1
22031,29329,8551,1,0
22032,29330,8551,1,0
22033,29331,8551,1,0
22034,29332,8551,1,0
22035,29333,8551,1,0
22036,29334,8552,1,0
22037,29335,8552,1,1
22038,29336,8553,1,0
22039,29337,8553,1,0
22040,29339,8554,1,0
22041,29340,8554,1,0
22042,29341,8554,1,0
22043,29342,8554,1,0
22044,29343,8554,1,0
22045,29346,8555,1,0
22046,29347,8556,1,1
22047,29348,8556,1,0
22048,29349,8556,1,1
22049,29351,8557,1,0
22050,29352,8557,1,0
22051,29354,8557,1,0
22052,29355,8557,1,0
22053,29356,8558,1,0
22054,29357,8558,1,0
22055,29359,8558,1,1
22056,29360,8559,1,1
22057,29361,8561,1,0
22058,29362,8561,1,0
22059,29363,8561,1,0
22060,29364,8561,1,0
22061,29365,8561,1,0
22062,29367,8562,1,0
22063,29368,8562,1,1
22064,29369,8562,1,1
22065,29370,8562,1,0
22066,29371,8562,1,0
22067,29372,8562,1,0
22068,29373,8563,1,0
22069,29376,8564,1,0
22070,29377,8565,1,1
22071,29378,8565,1,0
22072,29379,8565,1,0
22073,29380,8565,1,0
22074,29381,8567,1,1
22075,29383,8568,1,1
22076,29385,8568,1,1
22077,29386,8568,1,0
22078,29388,8569,1,1
22079,29390,8569,1,1
22080,29391,8570,1,1
22081,29392,8570,1,0
22082,29393,8570,1,0
22083,29395,8571,1,0
22084,29397,8571,1,0
22085,29398,8572,1,1
22086,29399,8572,1,0
22087,29402,8572,1,0
22088,29403,8572,1,0
22089,29404,8573,1,0
22090,29405,8573,1,0
22091,29408,8575,1,1
22092,29409,8575,1,0
22093,29410,8576,1,0
22094,29412,8576,1,0
22095,29413,8576,1,0
22096,29414,8576,1,1
22097,29415,8577,1,1
22098,29416,8577,1,0
22099,29417,8577,1,1
22100,29420,8577,1,0
22101,29422,8579,1,0
22102,29423,8581,1,0
22103,29424,8581,1,1
22104,29425,8581,1,1
22105,29426,8581,1,0
22106,29427,8581,1,1
22107,29429,8582,1,0
22108,29430,8582,1,1
22109,29431,8582,1,0
22110,29433,8582,1,1
22111,29434,8583,1,0
22112,29436,8583,1,0
22113,29437,8583,1,1
22114,29440,8583,1,0
22115,29441,8583,1,1
22116,29442,8583,1,0
22117,29443,8584,1,0
22118,29444,8584,1,1
22119,29445,8584,1,0
22120,29446,8584,1,0
22121,29447,8584,1,0
22122,29448,8586,1,0
22123,29449,8587,1,0
22124,29451,8588,1,0
22125,29453,8589,1,0
22126,29454,8589,1,0
22127,29456,8590,1,1
22128,29457,8590,1,1
22129,29458,8590,1,1
22130,29459,8590,1,0
22131,29460,8590,1,1
22132,29461,8591,1,0
22133,29464,8594,1,1
22134,29465,8594,1,1
22135,29467,8594,1,0
22136,29468,8595,1,1
22137,29469,8596,1,0
22138,29471,8596,1,0
22139,29475,8597,1,0
22140,29476,8597,1,1
22141,29477,8597,1,1
22142,29478,8597,1,0
22143,29479,8598,1,0
22144,29480,8598,1,0
22145,29481,8598,1,0
22146,29482,8598,1,1
22147,29483,8598,1,0
22148,29485,8599,1,0
22149,29487,8599,1,0
22150,29490,8600,1,0
22151,29491,8600,1,1
22152,29492,8601,1,1
22153,29493,8601,1,1
22154,29494,8601,1,0
22155,29495,8601,1,0
22156,29497,8601,1,1
22157,29498,8602,1,1
22158,29499,8603,1,0
22159,29502,8604,1,0
22160,29504,8604,1,0
22161,29505,8604,1,1
22162,29507,8605,1,0
22163,29508,8605,1,1
22164,29510,8606,1,0
22165,29511,8607,1,0
22166,29512,8607,1,0
22167,29513,8608,1,1
22168,29514,8608,1,0
22169,29515,8608,1,1
22170,29516,8608,1,0
22171,29517,8608,1,0
22172,29519,8609,1,0
22173,29520,8609,1,0
22174,29521,8609,1,1
22175,29522,8610,1,0
22176,29524,8610,1,0
22177,29525,8611,1,0
22178,29526,8611,1,0
22179,29527,8611,1,0
22180,29529,8612,1,1
22181,29530,8612,1,0
22182,29531,8612,1,0
22183,29532,8613,1,1
22184,29533,8613,1,0
22185,29534,8614,1,0
22186,29535,8614,1,0
22187,29537,8615,1,0
22188,29538,8615,1,0
22189,29540,8616,1,0
22190,29541,8616,1,1
22191,29542,8616,1,0
22192,29543,8616,1,0
22193,29544,8616,1,0
22194,29545,8616,1,1
22195,29547,8616,1,1
22196,29549,8617,1,1
22197,29550,8617,1,1
22198,29552,8617,1,1
22199,29553,8617,1,0
22200,29554,8617,1,1
22201,29555,8618,1,0
22202,29556,8618,1,0
22203,29557,8618,1,0
22204,29558,8618,1,0
22205,29559,8619,1,0
22206,29560,8619,1,0
22207,29561,8619,1,1
22208,29562,8619,1,0
22209,29565,8621,1,0
22210,29566,8622,1,0
22211,29568,8623,1,0
22212,29571,8624,1,1
22213,29572,8624,1,1
22214,29573,8624,1,0
22215,29574,8625,1,0
22216,29576,8625,1,0
22217,29578,8626,1,0
22218,29580,8626,1,0
22219,29582,8626,1,0
22220,29583,8626,1,1
22221,29584,8626,1,0
22222,29585,8626,1,1
22223,29586,8626,1,1
22224,29588,8626,1,1
22225,29589,8626,1,0
22226,29590,8627,1,0
22227,29591,8627,1,0
22228,29592,8628,1,1
22229,29593,8628,1,1
22230,29594,8628,1,1
22231,29595,8628,1,0
22232,29596,8628,1,1
22233,29597,8628,1,0
22234,29598,8628,1,1
22235,29599,8629,1,0
22236,29600,8629,1,1
22237,29601,8629,1,0
22238,29602,8629,1,1
22239,29603,8630,1,0
22240,29604,8630,1,0
22241,29605,8630,1,0
22242,29608,8631,1,0
22243,29609,8631,1,0
22244,29614,8632,1,0
22245,29617,8634,1,1
22246,29618,8634,1,0
22247,29619,8635,1,0
22248,29620,8635,1,0
22249,29621,8635,1,0
22250,29622,8635,1,0
22251,29623,8635,1,0
22252,29624,8636,1,0
22253,29625,8636,1,1
22254,29626,8636,1,1
22255,29627,8636,1,0
22256,29628,8636,1,1
22257,29629,8636,1,0
22258,29630,8637,1,1
22259,29631,8637,1,1
22260,29632,8637,1,0
22261,29633,8638,1,0
22262,29634,8638,1,0
22263,29635,8638,1,0
22264,29638,8638,1,1
22265,29639,8639,1,0
22266,29640,8639,1,0
22267,29641,8639,1,1
22268,29643,8639,1,0
22269,29645,8640,1,0
22270,29646,8640,1,0
22271,29647,8641,1,1
22272,29648,8641,1,0
22273,29649,8642,1,1
22274,29650,8642,1,0
22275,29651,8642,1,0
22276,29653,8642,1,1
22277,29654,8642,1,0
22278,29655,8642,1,1
22279,29656,8643,1,0
22280,29657,8643,1,1
22281,29658,8643,1,0
22282,29659,8643,1,1
22283,29660,8643,1,0
22284,29663,8644,1,0
22285,29664,8645,1,1
22286,29665,8645,1,1
22287,29666,8645,1,0
22288,29667,8645,1,1
22289,29668,8645,1,1
22290,29670,8645,1,0
22291,29672,8646,1,0
22292,29673,8646,1,0
22293,29675,8646,1,1
22294,29677,8647,1,0
22295,29678,8647,1,0
22296,29679,8647,1,0
22297,29680,8647,1,0
22298,29682,8647,1,0
22299,29683,8647,1,0
22300,29685,8647,1,0
22301,29686,8647,1,0
22302,29687,8647,1,0
22303,29689,8648,1,0
22304,29690,8648,1,1
22305,29691,8648,1,0
22306,29692,8648,1,1
22307,29694,8649,1,0
22308,29695,8649,1,0
22309,29696,8649,1,1
22310,29697,8649,1,0
22311,29699,8649,1,0
22312,29700,8649,1,1
22313,29701,8649,1,0
22314,29702,8650,1,0
22315,29704,8650,1,0
22316,29705,8650,1,1
22317,29707,8651,1,0
22318,29708,8651,1,0
22319,29710,8651,1,1
22320,29711,8651,1,1
22321,29712,8652,1,1
22322,29714,8653,1,1
22323,29715,8654,1,0
22324,29716,8654,1,1
22325,29717,8654,1,1
22326,29718,8654,1,1
22327,29720,8656,1,0
22328,29721,8656,1,0
22329,29722,8656,1,0
22330,29723,8656,1,0
22331,29724,8656,1,0
22332,29725,8656,1,1
22333,29727,8657,1,0
22334,29729,8657,1,0
22335,29730,8657,1,1
22336,29734,8658,1,1
22337,29737,8659,1,0
22338,29739,8659,1,0
22339,29740,8659,1,0
22340,29741,8661,1,0
22341,29742,8661,1,0
22342,29743,8662,1,0
22343,29744,8662,1,1
22344,29745,8662,1,1
22345,29746,8663,1,0
22346,29747,8663,1,0
22347,29749,8663,1,0
22348,29751,8664,1,0
22349,29752,8665,1,0
22350,29753,8666,1,1
22351,29754,8667,1,1
22352,29757,8668,1,0
22353,29758,8668,1,0
22354,29759,8668,1,0
22355,29760,8669,1,0
22356,29762,8669,1,0
22357,29763,8669,1,0
22358,29764,8669,1,0
22359,29765,8671,1,0
22360,29767,8671,1,0
22361,29768,8672,1,0
22362,29769,8672,1,0
22363,29770,8673,1,0
22364,29774,8673,1,0
22365,29775,8673,1,0
22366,29776,8673,1,1
22367,29778,8674,1,1
22368,29779,8674,1,0
22369,29781,8676,1,0
22370,29783,8676,1,0
22371,29784,8676,1,0
22372,29785,8676,1,0
22373,29786,8678,1,0
22374,29787,8678,1,0
22375,29789,8678,1,1
22376,29790,8678,1,1
22377,29792,8678,1,0
22378,29793,8678,1,0
22379,29794,8679,1,0
22380,29795,8679,1,0
22381,29796,8679,1,0
22382,29797,8679,1,1
22383,29798,8680,1,0
22384,29799,8681,1,0
22385,29801,8681,1,1
22386,29802,8683,1,0
22387,29803,8683,1,1
22388,29804,8683,1,1
22389,29805,8683,1,1
22390,29806,8683,1,0
22391,29807,8684,1,0
22392,29808,8684,1,1
22393,29809,8685,1,0
22394,29813,8687,1,1
22395,29814,8687,1,1
22396,29815,8687,1,1
22397,29816,8687,1,0
22398,29817,8687,1,0
22399,29819,8688,1,1
22400,29820,8688,1,1
22401,29821,8688,1,0
22402,29822,8689,1,1
22403,29823,8689,1,1
22404,29826,8689,1,0
22405,29827,8689,1,1
22406,29830,8690,1,0
22407,29832,8691,1,1
22408,29833,8692,1,1
22409,29834,8692,1,0
22410,29835,8692,1,0
22411,29836,8692,1,1
22412,29837,8692,1,0
22413,29838,8692,1,0
22414,29840,8693,1,0
22415,29842,8693,1,0
22416,29844,8693,1,0
22417,29846,8693,1,1
22418,29847,8694,1,0
22419,29848,8694,1,0
22420,29849,8694,1,1
22421,29850,8694,1,0
22422,29851,8695,1,1
22423,29852,8695,1,0
22424,29854,8696,1,0
22425,29855,8696,1,0
22426,29857,8697,1,0
22427,29858,8697,1,0
22428,29859,8697,1,1
22429,29861,8697,1,0
22430,29862,8697,1,1
22431,29863,8697,1,1
22432,29864,8698,1,1
22433,29865,8698,1,0
22434,29867,8698,1,0
22435,29868,8698,1,0
22436,29869,8698,1,0
22437,29870,8698,1,0
22438,29872,8698,1,0
22439,29873,8699,1,0
22440,29874,8699,1,0
22441,29875,8699,1,0
22442,29876,8699,1,0
22443,29877,8699,1,0
22444,29879,8700,1,1
22445,29880,8700,1,1
22446,29882,8701,1,0
22447,29883,8701,1,0
22448,29884,8701,1,0
22449,29885,8701,1,1
22450,29886,8701,1,0
22451,29887,8701,1,1
22452,29888,8702,1,1
22453,29889,8702,1,0
22454,29890,8702,1,0
22455,29891,8702,1,0
22456,29893,8703,1,1
22457,29894,8703,1,0
22458,29895,8703,1,0
22459,29897,8704,1,0
22460,29898,8705,1,1
22461,29899,8706,1,0
22462,29900,8707,1,0
22463,29901,8708,1,1
22464,29902,8708,1,1
22465,29903,8708,1,0
22466,29904,8709,1,1
22467,29906,8709,1,0
22468,29912,8710,1,1
22469,29914,8710,1,0
22470,29918,8712,1,0
22471,29921,8714,1,0
22472,29922,8714,1,0
22473,29923,8714,1,0
22474,29924,8715,1,0
22475,29925,8715,1,0
22476,29926,8716,1,0
22477,29927,8716,1,0
22478,29928,8716,1,1
22479,29931,8716,1,0
22480,29932,8716,1,0
22481,29933,8716,1,0
22482,29934,8717,1,0
22483,29935,8718,1,0
22484,29937,8718,1,0
22485,29938,8718,1,0
22486,29939,8718,1,1
22487,29940,8719,1,0
22488,29941,8719,1,0
22489,29942,8719,1,0
22490,29943,8719,1,0
22491,29945,8719,1,1
22492,29947,8720,1,0
22493,29948,8720,1,0
22494,29949,8721,1,0
22495,29950,8722,1,0
22496,29951,8722,1,1
22497,29953,8723,1,0
22498,29954,8724,1,0
22499,29955,8724,1,0
22500,29956,8724,1,0
22501,29957,8725,1,0
22502,29959,8725,1,0
22503,29960,8725,1,0
22504,29961,8725,1,0
22505,29962,8725,1,0
22506,29963,8725,1,0
22507,29964,8726,1,0
22508,29967,8727,1,0
22509,29968,8727,1,1
22510,29969,8728,1,0
22511,29970,8729,1,0
22512,29971,8729,1,0
22513,29972,8729,1,0
22514,29973,8731,1,1
22515,29974,8733,1,0
22516,29975,8733,1,1
22517,29976,8733,1,1
22518,29977,8734,1,0
22519,29978,8735,1,0
22520,29979,8735,1,0
22521,29980,8735,1,0
22522,29981,8735,1,1
22523,29982,8735,1,1
22524,29984,8735,1,0
22525,29985,8735,1,0
22526,29986,8736,1,0
22527,29987,8736,1,1
22528,29988,8736,1,0
22529,29989,8736,1,1
22530,29990,8737,1,0
22531,29993,8737,1,1
22532,29994,8737,1,0
22533,29995,8739,1,0
22534,29996,8739,1,0
22535,29998,8739,1,0
22536,29999,8739,1,0
22537,30000,8740,1,0
22538,30001,8740,1,0
22539,30002,8740,1,0
22540,30003,8740,1,0
22541,30004,8741,1,0
22542,30005,8741,1,0
22543,30008,8741,1,0
22544,30010,8743,1,0
22545,30011,8743,1,0
22546,30012,8744,1,0
22547,30013,8744,1,0
22548,30015,8745,1,0
22549,30016,8745,1,0
22550,30017,8745,1,0
22551,30018,8746,1,0
22552,30019,8746,1,0
22553,30020,8747,1,1
22554,30021,8748,1,1
22555,30023,8748,1,1
22556,30024,8749,1,0
22557,30025,8749,1,0
22558,30026,8749,1,0
22559,30027,8749,1,0
22560,30029,8750,1,0
22561,30030,8750,1,0
22562,30031,8750,1,0
22563,30033,8750,1,1
22564,30034,8750,1,1
22565,30035,8751,1,1
22566,30036,8752,1,0
22567,30038,8753,1,0
22568,30039,8753,1,1
22569,30040,8753,1,0
22570,30041,8754,1,0
22571,30042,8754,1,1
22572,30043,8754,1,0
22573,30044,8755,1,1
22574,30045,8755,1,0
22575,30046,8755,1,1
22576,30047,8755,1,0
22577,30048,8756,1,0
22578,30049,8756,1,1
22579,30050,8756,1,1
22580,30051,8756,1,1
22581,30052,8757,1,0
22582,30054,8757,1,1
22583,30057,8758,1,0
22584,30058,8758,1,1
22585,30059,8758,1,1
22586,30060,8759,1,0
22587,30061,8759,1,0
22588,30062,8759,1,1
22589,30063,8759,1,1
22590,30064,8759,1,0
22591,30066,8760,1,1
22592,30067,8760,1,0
22593,30068,8760,1,0
22594,30069,8760,1,1
22595,30070,8760,1,0
22596,30071,8760,1,0
22597,30072,8761,1,0
22598,30076,8762,1,0
22599,30077,8763,1,0
22600,30078,8763,1,1
22601,30079,8763,1,0
22602,30080,8763,1,0
22603,30081,8764,1,0
22604,30082,8764,1,1
22605,30085,8764,1,0
22606,30087,8764,1,0
22607,30088,8764,1,1
22608,30089,8765,1,1
22609,30090,8765,1,1
22610,30091,8765,1,1
22611,30092,8765,1,0
22612,30093,8765,1,0
22613,30094,8766,1,0
22614,30096,8766,1,1
22615,30100,8766,1,1
22616,30101,8767,1,1
22617,30102,8767,1,0
22618,30106,8769,1,1
22619,30107,8769,1,0
22620,30108,8770,1,0
22621,30109,8770,1,1
22622,30110,8770,1,1
22623,30111,8770,1,0
22624,30112,8771,1,0
22625,30113,8771,1,0
22626,30115,8771,1,0
22627,30117,8772,1,0
22628,30118,8772,1,1
22629,30119,8772,1,0
22630,30121,8772,1,0
22631,30122,8772,1,0
22632,30123,8772,1,0
22633,30125,8773,1,1
22634,30127,8773,1,0
22635,30128,8773,1,0
22636,30131,8774,1,1
22637,30132,8774,1,1
22638,30133,8774,1,1
22639,30134,8774,1,1
22640,30135,8774,1,0
22641,30137,8774,1,0
22642,30139,8775,1,0
22643,30140,8775,1,1
22644,30142,8775,1,0
22645,30143,8775,1,0
22646,30144,8776,1,1
22647,30145,8777,1,0
22648,30146,8777,1,1
22649,30147,8777,1,0
22650,30149,8778,1,0
22651,30150,8779,1,1
22652,30151,8780,1,1
22653,30152,8780,1,0
22654,30153,8780,1,1
22655,30154,8780,1,0
22656,30155,8781,1,0
22657,30159,8783,1,0
22658,30160,8783,1,0
22659,30162,8783,1,1
22660,30163,8783,1,0
22661,30164,8784,1,1
22662,30165,8784,1,0
22663,30166,8784,1,0
22664,30168,8786,1,0
22665,30169,8787,1,0
22666,30171,8788,1,0
22667,30172,8789,1,1
22668,30174,8790,1,1
22669,30176,8790,1,1
22670,30177,8790,1,0
22671,30178,8790,1,0
22672,30179,8791,1,1
22673,30180,8791,1,0
22674,30181,8792,1,0
22675,30183,8792,1,0
22676,30184,8792,1,0
22677,30185,8792,1,0
22678,30187,8792,1,0
22679,30190,8792,1,1
22680,30191,8792,1,0
22681,30193,8794,1,0
22682,30194,8794,1,0
22683,30195,8794,1,0
22684,30197,8794,1,0
22685,30199,8795,1,0
22686,30202,8796,1,1
22687,30203,8796,1,1
22688,30204,8797,1,0
22689,30206,8798,1,0
22690,30207,8798,1,0
22691,30208,8799,1,0
22692,30209,8799,1,0
22693,30210,8800,1,1
22694,30212,8801,1,0
22695,30213,8801,1,1
22696,30214,8801,1,1
22697,30215,8801,1,0
22698,30216,8802,1,0
22699,30217,8802,1,0
22700,30218,8802,1,0
22701,30219,8802,1,0
22702,30220,8802,1,1
22703,30221,8803,1,1
22704,30222,8803,1,1
22705,30223,8803,1,0
22706,30224,8804,1,0
22707,30225,8804,1,1
22708,30226,8804,1,1
22709,30227,8805,1,1
22710,30230,8805,1,0
22711,30232,8805,1,0
22712,30233,8806,1,0
22713,30234,8806,1,0
22714,30235,8806,1,0
22715,30236,8806,1,0
22716,30237,8807,1,1
22717,30238,8807,1,0
22718,30239,8807,1,1
22719,30240,8808,1,0
22720,30241,8808,1,1
22721,30242,8808,1,1
22722,30243,8809,1,0
22723,30244,8809,1,0
22724,30245,8809,1,0
22725,30246,8809,1,0
22726,30247,8809,1,1
22727,30248,8809,1,1
22728,30249,8810,1,0
22729,30251,8811,1,0
22730,30253,8812,1,1
22731,30254,8812,1,0
22732,30255,8812,1,0
22733,30256,8813,1,1
22734,30258,8813,1,1
22735,30260,8813,1,1
22736,30261,8813,1,0
22737,30262,8813,1,1
22738,30266,8815,1,0
22739,30267,8815,1,0
22740,30268,8815,1,0
22741,30269,8815,1,1
22742,30270,8815,1,0
22743,30272,8816,1,1
22744,30273,8816,1,0
22745,30274,8816,1,0
22746,30275,8817,1,0
22747,30276,8817,1,0
22748,30277,8817,1,0
22749,30278,8817,1,0
22750,30279,8817,1,0
22751,30281,8818,1,1
22752,30284,8820,1,0
22753,30286,8820,1,0
22754,30287,8820,1,1
22755,30289,8820,1,0
22756,30290,8820,1,0
22757,30291,8821,1,1
22758,30292,8821,1,1
22759,30294,8821,1,1
22760,30296,8822,1,1
22761,30297,8822,1,1
22762,30298,8823,1,1
22763,30299,8823,1,0
22764,30301,8823,1,1
22765,30303,8823,1,1
22766,30304,8823,1,0
22767,30305,8824,1,1
22768,30307,8825,1,0
22769,30309,8826,1,1
22770,30311,8826,1,0
22771,30314,8827,1,1
22772,30316,8827,1,1
22773,30317,8827,1,0
22774,30318,8827,1,1
22775,30319,8828,1,1
22776,30322,8828,1,0
22777,30324,8829,1,1
22778,30325,8829,1,0
22779,30326,8829,1,0
22780,30327,8829,1,0
22781,30328,8829,1,0
22782,30329,8829,1,0
22783,30330,8829,1,0
22784,30331,8829,1,0
22785,30332,8830,1,1
22786,30333,8830,1,0
22787,30335,8830,1,0
22788,30336,8830,1,1
22789,30339,8831,1,0
22790,30340,8832,1,1
22791,30341,8832,1,1
22792,30342,8832,1,0
22793,30343,8832,1,1
22794,30344,8832,1,1
22795,30345,8833,1,0
22796,30346,8833,1,0
22797,30349,8834,1,0
22798,30351,8834,1,0
22799,30353,8835,1,1
22800,30355,8835,1,1
22801,30356,8836,1,0
22802,30357,8836,1,1
22803,30358,8836,1,0
22804,30360,8836,1,0
22805,30361,8836,1,0
22806,30362,8836,1,0
22807,30363,8837,1,1
22808,30364,8837,1,0
22809,30365,8837,1,0
22810,30366,8837,1,1
22811,30367,8837,1,1
22812,30368,8838,1,0
22813,30370,8838,1,1
22814,30371,8838,1,0
22815,30372,8838,1,0
22816,30373,8838,1,1
22817,30376,8840,1,0
22818,30378,8841,1,1
22819,30379,8841,1,1
22820,30380,8841,1,0
22821,30381,8842,1,0
22822,30382,8842,1,1
22823,30386,8843,1,1
22824,30388,8843,1,0
22825,30390,8843,1,0
22826,30391,8844,1,1
22827,30393,8844,1,0
22828,30394,8844,1,0
22829,30395,8844,1,1
22830,30396,8845,1,0
22831,30397,8845,1,0
22832,30402,8847,1,0
22833,30403,8847,1,1
22834,30404,8847,1,1
22835,30405,8847,1,1
22836,30406,8848,1,1
22837,30408,8848,1,0
22838,30409,8849,1,1
22839,30410,8849,1,1
22840,30411,8849,1,1
22841,30412,8849,1,1
22842,30413,8850,1,0
22843,30414,8850,1,0
22844,30415,8850,1,0
22845,30416,8850,1,0
22846,30418,8851,1,1
22847,30422,8852,1,0
22848,30423,8852,1,1
22849,30424,8852,1,1
22850,30425,8852,1,0
22851,30426,8853,1,1
22852,30427,8853,1,0
22853,30428,8854,1,0
22854,30429,8854,1,0
22855,30430,8854,1,0
22856,30431,8854,1,0
22857,30432,8855,1,1
22858,30434,8856,1,1
22859,30435,8856,1,1
22860,30436,8856,1,0
22861,30437,8856,1,0
22862,30438,8857,1,1
22863,30439,8857,1,0
22864,30440,8858,1,0
22865,30443,8859,1,0
22866,30445,8860,1,1
22867,30451,8862,1,1
22868,30452,8863,1,0
22869,30453,8864,1,0
22870,30454,8865,1,0
22871,30455,8865,1,1
22872,30456,8865,1,1
22873,30457,8865,1,0
22874,30458,8865,1,0
22875,30459,8865,1,0
22876,30460,8865,1,0
22877,30461,8865,1,0
22878,30462,8866,1,0
22879,30463,8866,1,0
22880,30465,8867,1,0
22881,30466,8867,1,1
22882,30467,8867,1,1
22883,30468,8868,1,0
22884,30469,8868,1,0
22885,30470,8868,1,1
22886,30471,8868,1,1
22887,30472,8869,1,0
22888,30473,8869,1,0
22889,30474,8869,1,0
22890,30476,8870,1,0
22891,30477,8870,1,0
22892,30478,8870,1,0
22893,30479,8870,1,0
22894,30480,8871,1,0
22895,30481,8871,1,1
22896,30482,8872,1,1
22897,30483,8872,1,0
22898,30484,8872,1,0
22899,30485,8872,1,1
22900,30486,8873,1,1
22901,30487,8873,1,0
22902,30489,8874,1,0
22903,30490,8874,1,1
22904,30491,8875,1,1
22905,30492,8875,1,0
22906,30497,8875,1,0
22907,30498,8876,1,0
22908,30499,8877,1,1
22909,30501,8877,1,1
22910,30503,8878,1,0
22911,30504,8879,1,1
22912,30508,8881,1,0
22913,30509,8881,1,1
22914,30510,8881,1,1
22915,30511,8881,1,0
22916,30512,8882,1,1
22917,30513,8882,1,1
22918,30514,8883,1,0
22919,30515,8884,1,0
22920,30517,8884,1,1
22921,30518,8884,1,0
22922,30519,8884,1,1
22923,30520,8885,1,0
22924,30521,8885,1,1
22925,30524,8886,1,0
22926,30525,8887,1,0
22927,30526,8887,1,1
22928,30527,8888,1,0
22929,30528,8888,1,1
22930,30529,8888,1,0
22931,30530,8888,1,1
22932,30532,8889,1,0
22933,30533,8889,1,0
22934,30535,8890,1,1
22935,30536,8891,1,1
22936,30537,8891,1,0
22937,30538,8891,1,0
22938,30539,8891,1,0
22939,30540,8892,1,1
22940,30543,8894,1,0
22941,30544,8894,1,1
22942,30546,8894,1,1
22943,30547,8894,1,1
22944,30548,8895,1,1
22945,30549,8896,1,0
22946,30550,8896,1,0
22947,30551,8896,1,1
22948,30552,8896,1,0
22949,30553,8896,1,0
22950,30555,8896,1,0
22951,30556,8897,1,0
22952,30557,8898,1,0
22953,30558,8899,1,1
22954,30559,8899,1,1
22955,30560,8899,1,1
22956,30561,8899,1,0
22957,30562,8900,1,1
22958,30563,8900,1,1
22959,30564,8900,1,0
22960,30565,8900,1,0
22961,30566,8900,1,1
22962,30567,8900,1,1
22963,30568,8900,1,0
22964,30569,8900,1,0
22965,30570,8901,1,1
22966,30571,8901,1,1
22967,30572,8901,1,1
22968,30573,8902,1,1
22969,30574,8903,1,0
22970,30575,8903,1,0
22971,30576,8903,1,1
22972,30577,8904,1,0
22973,30578,8904,1,0
22974,30579,8904,1,0
22975,30580,8904,1,0
22976,30581,8905,1,0
22977,30582,8905,1,0
22978,30583,8906,1,0
22979,30586,8907,1,0
22980,30587,8907,1,1
22981,30591,8909,1,1
22982,30592,8909,1,1
22983,30593,8909,1,1
22984,30594,8910,1,0
22985,30595,8910,1,0
22986,30596,8911,1,1
22987,30597,8911,1,0
22988,30598,8912,1,1
22989,30600,8912,1,1
22990,30602,8913,1,1
22991,30603,8913,1,0
22992,30604,8913,1,0
22993,30605,8914,1,1
22994,30606,8914,1,1
22995,30608,8915,1,1
22996,30610,8916,1,0
22997,30612,8917,1,0
22998,30614,8917,1,0
22999,30615,8917,1,0
23000,30616,8917,1,0
23001,30617,8918,1,0
23002,30618,8918,1,0
23003,30619,8918,1,0
23004,30621,8919,1,0
23005,30623,8920,1,0
23006,30624,8921,1,0
23007,30625,8921,1,0
23008,30626,8921,1,0
23009,30628,8923,1,0
23010,30629,8923,1,0
23011,30632,8924,1,0
23012,30633,8924,1,1
23013,30634,8925,1,0
23014,30635,8925,1,0
23015,30636,8925,1,1
23016,30637,8925,1,0
23017,30638,8925,1,1
23018,30639,8925,1,0
23019,30640,8925,1,0
23020,30641,8925,1,1
23021,30642,8926,1,0
23022,30644,8927,1,0
23023,30645,8927,1,0
23024,30646,8927,1,1
23025,30647,8927,1,1
23026,30648,8927,1,1
23027,30649,8927,1,1
23028,30650,8927,1,1
23029,30652,8927,1,1
23030,30653,8928,1,0
23031,30655,8928,1,0
23032,30656,8928,1,1
23033,30657,8928,1,1
23034,30658,8929,1,0
23035,30660,8930,1,1
23036,30661,8930,1,1
23037,30662,8930,1,0
23038,30663,8931,1,0
23039,30664,8931,1,1
23040,30665,8932,1,1
23041,30666,8932,1,1
23042,30668,8933,1,0
23043,30670,8935,1,0
23044,30671,8935,1,0
23045,30672,8935,1,1
23046,30674,8935,1,0
23047,30676,8936,1,1
23048,30677,8936,1,1
23049,30678,8936,1,1
23050,30679,8936,1,0
23051,30681,8936,1,1
23052,30683,8937,1,0
23053,30685,8938,1,0
23054,30686,8939,1,0
23055,30687,8940,1,0
23056,30688,8940,1,1
23057,30690,8940,1,1
23058,30693,8941,1,0
23059,30694,8941,1,1
23060,30695,8941,1,0
23061,30696,8941,1,1
23062,30698,8942,1,0
23063,30699,8942,1,0
23064,30700,8942,1,0
23065,30702,8942,1,1
23066,30703,8943,1,1
23067,30705,8943,1,0
23068,30706,8944,1,0
23069,30708,8944,1,0
23070,30709,8944,1,0
23071,30710,8945,1,1
23072,30711,8945,1,0
23073,30712,8945,1,0
23074,30713,8945,1,1
23075,30714,8946,1,1
23076,30715,8946,1,1
23077,30716,8946,1,1
23078,30717,8946,1,0
23079,30718,8946,1,0
23080,30719,8946,1,0
23081,30720,8948,1,0
23082,30721,8948,1,0
23083,30722,8949,1,0
23084,30723,8949,1,1
23085,30724,8949,1,0
23086,30725,8949,1,0
23087,30727,8949,1,0
23088,30728,8949,1,1
23089,30729,8950,1,0
23090,30730,8950,1,0
23091,30731,8950,1,0
23092,30733,8950,1,1
23093,30734,8950,1,0
23094,30735,8950,1,0
23095,30736,8950,1,0
23096,30737,8951,1,0
23097,30738,8951,1,0
23098,30739,8951,1,0
23099,30740,8951,1,1
23100,30742,8953,1,0
23101,30743,8953,1,0
23102,30744,8953,1,1
23103,30746,8954,1,1
23104,30747,8954,1,0
23105,30749,8954,1,0
23106,30750,8954,1,0
23107,30751,8955,1,1
23108,30753,8955,1,1
23109,30754,8955,1,0
23110,30756,8956,1,0
23111,30758,8957,1,1
23112,30759,8957,1,0
23113,30760,8958,1,1
23114,30761,8959,1,1
23115,30763,8959,1,0
23116,30764,8959,1,1
23117,30765,8961,1,0
23118,30766,8961,1,0
23119,30767,8961,1,1
23120,30768,8961,1,0
23121,30769,8961,1,1
23122,30770,8962,1,0
23123,30771,8962,1,1
23124,30772,8963,1,1
23125,30773,8963,1,0
23126,30774,8963,1,0
23127,30775,8963,1,1
23128,30776,8963,1,0
23129,30777,8963,1,0
23130,30778,8964,1,0
23131,30780,8964,1,1
23132,30781,8964,1,0
23133,30782,8965,1,1
23134,30783,8965,1,0
23135,30784,8965,1,1
23136,30785,8966,1,0
23137,30786,8966,1,0
23138,30787,8967,1,0
23139,30788,8967,1,0
23140,30791,8968,1,1
23141,30792,8969,1,1
23142,30793,8969,1,0
23143,30794,8969,1,1
23144,30796,8970,1,0
23145,30797,8971,1,0
23146,30799,8971,1,1
23147,30800,8971,1,0
23148,30803,8972,1,1
23149,30804,8972,1,1
23150,30805,8974,1,1
23151,30806,8974,1,0
23152,30809,8975,1,1
23153,30810,8975,1,0
23154,30811,8976,1,1
23155,30813,8976,1,0
23156,30814,8976,1,0
23157,30815,8976,1,0
23158,30816,8977,1,1
23159,30817,8977,1,0
23160,30818,8978,1,0
23161,30819,8978,1,1
23162,30821,8978,1,0
23163,30822,8978,1,0
23164,30823,8979,1,0
23165,30824,8979,1,1
23166,30826,8979,1,1
23167,30827,8980,1,0
23168,30829,8980,1,0
23169,30830,8980,1,1
23170,30831,8982,1,0
23171,30834,8983,1,1
23172,30836,8983,1,1
23173,30838,8983,1,1
23174,30839,8983,1,0
23175,30842,8984,1,1
23176,30843,8984,1,0
23177,30844,8984,1,0
23178,30845,8984,1,0
23179,30846,8985,1,1
23180,30847,8986,1,0
23181,30849,8986,1,0
23182,30852,8987,1,0
23183,30854,8987,1,1
23184,30855,8987,1,0
23185,30856,8987,1,0
23186,30858,8988,1,0
23187,30859,8988,1,0
23188,30860,8989,1,0
23189,30861,8989,1,1
23190,30863,8991,1,0
23191,30864,8991,1,0
23192,30865,8992,1,0
23193,30866,8993,1,1
23194,30868,8993,1,1
23195,30869,8993,1,1
23196,30871,8994,1,0
23197,30872,8994,1,0
23198,30873,8994,1,0
23199,30874,8994,1,1
23200,30875,8995,1,0
23201,30877,8995,1,1
23202,30878,8996,1,0
23203,30879,8996,1,0
23204,30880,8996,1,0
23205,30881,8996,1,0
23206,30882,8996,1,0
23207,30883,8997,1,0
23208,30884,8997,1,0
23209,30886,8997,1,0
23210,30887,8997,1,1
23211,30888,8998,1,1
23212,30890,8998,1,0
23213,30892,8999,1,0
23214,30896,9000,1,0
23215,30898,9000,1,0
23216,30901,9001,1,0
23217,30902,9001,1,1
23218,30903,9001,1,1
23219,30904,9001,1,0
23220,30905,9002,1,0
23221,30907,9002,1,1
23222,30908,9002,1,1
23223,30910,9003,1,1
23224,30912,9004,1,0
23225,30914,9004,1,0
23226,30915,9005,1,0
23227,30916,9006,1,1
23228,30917,9006,1,0
23229,30919,9006,1,0
23230,30920,9007,1,0
23231,30921,9007,1,1
23232,30922,9007,1,0
23233,30923,9007,1,1
23234,30924,9007,1,0
23235,30925,9007,1,1
23236,30926,9007,1,1
23237,30927,9007,1,0
23238,30928,9008,1,1
23239,30929,9008,1,0
23240,30930,9008,1,0
23241,30934,9009,1,0
23242,30935,9009,1,0
23243,30936,9010,1,1
23244,30937,9010,1,0
23245,30938,9011,1,0
23246,30940,9012,1,0
23247,30941,9013,1,1
23248,30942,9013,1,1
23249,30943,9014,1,0
23250,30944,9014,1,1
23251,30945,9014,1,0
23252,30946,9014,1,0
23253,30947,9014,1,0
23254,30949,9015,1,0
23255,30950,9015,1,0
23256,30952,9015,1,0
23257,30953,9016,1,1
23258,30954,9016,1,0
23259,30956,9016,1,1
23260,30957,9016,1,0
23261,30958,9016,1,1
23262,30959,9017,1,0
23263,30960,9017,1,1
23264,30961,9018,1,0
23265,30963,9018,1,0
23266,30964,9018,1,1
23267,30965,9019,1,1
23268,30968,9019,1,1
23269,30969,9019,1,1
23270,30970,9020,1,1
23271,30971,9020,1,0
23272,30972,9020,1,0
23273,30973,9020,1,0
23274,30974,9021,1,0
23275,30975,9021,1,0
23276,30976,9021,1,1
23277,30977,9023,1,0
23278,30979,9024,1,1
23279,30981,9025,1,0
23280,30983,9025,1,0
23281,30984,9025,1,0
23282,30985,9025,1,0
23283,30986,9025,1,0
23284,30987,9025,1,0
23285,30988,9026,1,0
23286,30989,9026,1,0
23287,30991,9027,1,0
23288,30992,9027,1,1
23289,30994,9027,1,0
23290,30995,9028,1,0
23291,30996,9028,1,1
23292,30997,9028,1,0
23293,30998,9029,1,1
23294,30999,9029,1,0
23295,31000,9029,1,0
23296,31004,9031,1,1
23297,31005,9032,1,0
23298,31006,9032,1,0
23299,31007,9032,1,0
23300,31008,9033,1,0
23301,31009,9033,1,1
23302,31010,9033,1,1
23303,31012,9033,1,0
23304,31014,9033,1,0
23305,31016,9033,1,1
23306,31017,9034,1,0
23307,31018,9034,1,0
23308,31019,9034,1,0
23309,31020,9034,1,1
23310,31021,9035,1,0
23311,31022,9035,1,0
23312,31023,9035,1,0
23313,31024,9036,1,1
23314,31025,9036,1,1
23315,31026,9036,1,0
23316,31027,9036,1,0
23317,31028,9037,1,0
23318,31029,9037,1,0
23319,31031,9037,1,1
23320,31032,9037,1,1
23321,31033,9037,1,0
23322,31034,9038,1,0
23323,31035,9038,1,0
23324,31036,9039,1,0
23325,31037,9039,1,0
23326,31038,9039,1,1
23327,31040,9039,1,1
23328,31041,9040,1,1
23329,31042,9040,1,0
23330,31043,9040,1,0
23331,31044,9041,1,0
23332,31045,9041,1,0
23333,31046,9041,1,0
23334,31048,9042,1,0
23335,31049,9042,1,0
23336,31050,9043,1,0
23337,31051,9043,1,0
23338,31052,9043,1,1
23339,31053,9043,1,0
23340,31057,9046,1,0
23341,31058,9046,1,0
23342,31059,9046,1,0
23343,31060,9046,1,0
23344,31061,9046,1,1
23345,31062,9047,1,0
23346,31063,9047,1,0
23347,31065,9048,1,0
23348,31067,9048,1,0
23349,31068,9048,1,0
23350,31069,9049,1,0
23351,31070,9049,1,0
23352,31071,9049,1,0
23353,31072,9049,1,1
23354,31073,9049,1,1
23355,31074,9050,1,0
23356,31077,9051,1,0
23357,31078,9051,1,1
23358,31080,9051,1,1
23359,31081,9051,1,0
23360,31082,9051,1,0
23361,31084,9052,1,1
23362,31085,9053,1,1
23363,31086,9053,1,1
23364,31087,9053,1,0
23365,31089,9053,1,1
23366,31090,9053,1,0
23367,31092,9054,1,0
23368,31093,9055,1,0
23369,31095,9056,1,1
23370,31096,9057,1,1
23371,31097,9057,1,0
23372,31098,9057,1,0
23373,31099,9057,1,1
23374,31100,9057,1,1
23375,31102,9059,1,1
23376,31103,9059,1,0
23377,31104,9059,1,0
23378,31105,9059,1,0
23379,31106,9059,1,1
23380,31107,9060,1,1
23381,31108,9060,1,1
23382,31110,9060,1,0
23383,31112,9061,1,0
23384,31113,9061,1,0
23385,31116,9062,1,0
23386,31117,9062,1,0
23387,31119,9063,1,1
23388,31120,9064,1,1
23389,31121,9064,1,0
23390,31122,9064,1,1
23391,31123,9064,1,1
23392,31124,9064,1,0
23393,31125,9065,1,1
23394,31126,9065,1,0
23395,31127,9066,1,1
23396,31128,9066,1,0
23397,31129,9066,1,0
23398,31130,9066,1,0
23399,31132,9067,1,0
23400,31134,9067,1,0
23401,31136,9067,1,0
23402,31137,9067,1,0
23403,31138,9068,1,1
23404,31139,9068,1,0
23405,31140,9068,1,1
23406,31141,9069,1,0
23407,31142,9069,1,0
23408,31144,9069,1,0
23409,31146,9070,1,0
23410,31147,9070,1,1
23411,31149,9071,1,1
23412,31150,9073,1,0
23413,31153,9073,1,0
23414,31154,9074,1,1
23415,31155,9075,1,0
23416,31156,9075,1,1
23417,31157,9075,1,0
23418,31158,9075,1,0
23419,31159,9075,1,0
23420,31160,9075,1,0
23421,31161,9076,1,1
23422,31163,9076,1,1
23423,31164,9076,1,1
23424,31166,9077,1,1
23425,31167,9078,1,1
23426,31168,9078,1,0
23427,31170,9080,1,0
23428,31171,9080,1,1
23429,31172,9080,1,1
23430,31173,9080,1,1
23431,31175,9080,1,0
23432,31176,9080,1,1
23433,31177,9081,1,1
23434,31178,9081,1,0
23435,31180,9082,1,0
23436,31181,9082,1,0
23437,31182,9083,1,0
23438,31183,9083,1,0
23439,31184,9083,1,1
23440,31185,9083,1,0
23441,31188,9084,1,0
23442,31189,9084,1,0
23443,31190,9085,1,0
23444,31191,9086,1,0
23445,31192,9086,1,1
23446,31193,9087,1,0
23447,31195,9088,1,0
23448,31196,9088,1,0
23449,31197,9088,1,0
23450,31198,9089,1,0
23451,31199,9089,1,0
23452,31201,9090,1,0
23453,31204,9092,1,1
23454,31205,9092,1,1
23455,31206,9093,1,1
23456,31208,9095,1,0
23457,31209,9095,1,0
23458,31210,9096,1,0
23459,31211,9096,1,0
23460,31212,9096,1,0
23461,31214,9096,1,1
23462,31215,9096,1,0
23463,31216,9096,1,1
23464,31217,9096,1,1
23465,31219,9097,1,0
23466,31220,9098,1,1
23467,31221,9098,1,1
23468,31222,9098,1,0
23469,31223,9098,1,0
23470,31224,9098,1,1
23471,31225,9099,1,1
23472,31226,9099,1,0
23473,31228,9099,1,0
23474,31229,9099,1,0
23475,31230,9100,1,0
23476,31231,9100,1,0
23477,31233,9100,1,0
23478,31234,9100,1,0
23479,31237,9101,1,0
23480,31238,9102,1,0
23481,31239,9102,1,0
23482,31240,9102,1,0
23483,31241,9102,1,0
23484,31243,9102,1,1
23485,31244,9103,1,0
23486,31246,9104,1,1
23487,31247,9105,1,0
23488,31249,9105,1,0
23489,31250,9105,1,0
23490,31251,9105,1,0
23491,31252,9105,1,0
23492,31254,9105,1,1
23493,31255,9105,1,0
23494,31256,9105,1,0
23495,31257,9106,1,0
23496,31258,9107,1,1
23497,31259,9107,1,0
23498,31260,9107,1,1
23499,31261,9107,1,0
23500,31262,9107,1,0
23501,31263,9109,1,0
23502,31264,9110,1,0
23503,31266,9111,1,0
23504,31267,9111,1,0
23505,31268,9112,1,0
23506,31269,9112,1,0
23507,31270,9112,1,0
23508,31271,9112,1,0
23509,31273,9113,1,1
23510,31274,9113,1,1
23511,31275,9114,1,1
23512,31276,9114,1,0
23513,31278,9114,1,1
23514,31280,9116,1,0
23515,31281,9116,1,0
23516,31282,9116,1,0
23517,31283,9116,1,0
23518,31284,9116,1,0
23519,31286,9118,1,1
23520,31289,9118,1,0
23521,31291,9120,1,0
23522,31293,9121,1,0
23523,31294,9122,1,1
23524,31295,9122,1,0
23525,31296,9123,1,0
23526,31297,9123,1,0
23527,31298,9123,1,0
23528,31299,9123,1,0
23529,31300,9124,1,0
23530,31301,9124,1,1
23531,31302,9124,1,1
23532,31303,9124,1,1
23533,31304,9124,1,0
23534,31305,9124,1,0
23535,31307,9124,1,0
23536,31308,9125,1,0
23537,31309,9126,1,0
23538,31310,9127,1,0
23539,31311,9127,1,0
23540,31312,9127,1,1
23541,31313,9127,1,0
23542,31314,9127,1,0
23543,31315,9127,1,0
23544,31317,9128,1,0
23545,31318,9128,1,1
23546,31321,9129,1,0
23547,31322,9130,1,0
23548,31323,9130,1,0
23549,31324,9131,1,0
23550,31325,9131,1,0
23551,31326,9132,1,0
23552,31327,9132,1,1
23553,31328,9132,1,1
23554,31329,9133,1,1
23555,31330,9133,1,0
23556,31331,9133,1,1
23557,31332,9133,1,1
23558,31334,9134,1,1
23559,31335,9134,1,1
23560,31336,9134,1,1
23561,31337,9134,1,1
23562,31338,9135,1,0
23563,31339,9135,1,0
23564,31340,9136,1,1
23565,31341,9136,1,0
23566,31342,9137,1,0
23567,31344,9137,1,1
23568,31345,9137,1,1
23569,31346,9137,1,0
23570,31348,9137,1,0
23571,31349,9138,1,0
23572,31350,9138,1,0
23573,31352,9138,1,1
23574,31354,9139,1,0
23575,31355,9140,1,1
23576,31356,9140,1,0
23577,31359,9142,1,0
23578,31360,9142,1,0
23579,31362,9142,1,0
23580,31363,9142,1,1
23581,31364,9143,1,1
23582,31365,9143,1,0
23583,31367,9143,1,0
23584,31368,9143,1,0
23585,31370,9144,1,0
23586,31371,9144,1,0
23587,31372,9144,1,1
23588,31373,9144,1,0
23589,31374,9144,1,1
23590,31375,9145,1,0
23591,31376,9146,1,0
23592,31378,9146,1,0
23593,31379,9146,1,0
23594,31380,9146,1,1
23595,31381,9146,1,1
23596,31383,9147,1,0
23597,31384,9147,1,0
23598,31385,9147,1,1
23599,31386,9147,1,0
23600,31388,9147,1,0
23601,31390,9148,1,1
23602,31391,9148,1,0
23603,31392,9148,1,1
23604,31393,9148,1,0
23605,31394,9148,1,0
23606,31395,9149,1,1
23607,31396,9149,1,0
23608,31398,9149,1,0
23609,31399,9149,1,0
23610,31400,9149,1,1
23611,31402,9150,1,1
23612,31403,9150,1,0
23613,31404,9150,1,1
23614,31405,9151,1,0
23615,31406,9151,1,1
23616,31407,9152,1,1
23617,31408,9152,1,1
23618,31409,9152,1,1
23619,31410,9152,1,0
23620,31411,9152,1,0
23621,31412,9153,1,0
23622,31413,9153,1,0
23623,31414,9153,1,1
23624,31417,9153,1,0
23625,31418,9153,1,1
23626,31419,9153,1,0
23627,31420,9153,1,0
23628,31422,9154,1,0
23629,31423,9154,1,0
23630,31425,9154,1,0
23631,31426,9155,1,0
23632,31428,9155,1,0
23633,31429,9156,1,0
23634,31430,9156,1,0
23635,31433,9157,1,0
23636,31436,9158,1,1
23637,31437,9158,1,1
23638,31438,9158,1,0
23639,31439,9158,1,0
23640,31440,9158,1,1
23641,31441,9158,1,1
23642,31442,9159,1,1
23643,31444,9159,1,0
23644,31445,9159,1,0
23645,31446,9159,1,1
23646,31447,9159,1,1
23647,31449,9160,1,0
23648,31450,9161,1,0
23649,31451,9161,1,0
23650,31453,9161,1,0
23651,31454,9161,1,1
23652,31455,9161,1,1
23653,31456,9162,1,1
23654,31457,9163,1,1
23655,31458,9163,1,1
23656,31460,9165,1,0
23657,31462,9165,1,0
23658,31463,9165,1,0
23659,31464,9165,1,0
23660,31465,9165,1,0
23661,31466,9165,1,1
23662,31468,9166,1,0
23663,31469,9166,1,0
23664,31470,9166,1,0
23665,31471,9166,1,0
23666,31472,9166,1,0
23667,31473,9167,1,1
23668,31474,9167,1,1
23669,31475,9168,1,0
23670,31476,9168,1,0
23671,31477,9168,1,0
23672,31478,9168,1,0
23673,31479,9168,1,0
23674,31480,9168,1,1
23675,31481,9168,1,1
23676,31482,9168,1,0
23677,31483,9168,1,1
23678,31484,9168,1,1
23679,31485,9168,1,0
23680,31486,9168,1,1
23681,31487,9170,1,0
23682,31489,9170,1,0
23683,31490,9170,1,0
23684,31491,9170,1,1
23685,31492,9170,1,0
23686,31493,9170,1,0
23687,31494,9170,1,0
23688,31495,9171,1,0
23689,31497,9172,1,1
23690,31498,9172,1,0
23691,31499,9172,1,1
23692,31500,9172,1,0
23693,31501,9172,1,0
23694,31502,9172,1,0
23695,31504,9173,1,1
23696,31505,9173,1,1
23697,31506,9173,1,0
23698,31507,9174,1,0
23699,31508,9174,1,1
23700,31509,9174,1,0
23701,31510,9174,1,1
23702,31511,9174,1,1
23703,31512,9174,1,0
23704,31514,9175,1,1
23705,31516,9175,1,1
23706,31517,9176,1,0
23707,31518,9176,1,1
23708,31520,9176,1,1
23709,31521,9176,1,0
23710,31522,9176,1,0
23711,31523,9177,1,0
23712,31526,9177,1,0
23713,31527,9178,1,1
23714,31528,9178,1,1
23715,31529,9178,1,0
23716,31530,9179,1,1
23717,31531,9179,1,0
23718,31532,9179,1,0
23719,31534,9180,1,0
23720,31535,9180,1,0
23721,31536,9181,1,0
23722,31537,9181,1,1
23723,31539,9181,1,1
23724,31540,9181,1,0
23725,31541,9182,1,0
23726,31542,9182,1,0
23727,31543,9183,1,0
23728,31544,9183,1,0
23729,31545,9184,1,0
23730,31547,9185,1,1
23731,31550,9186,1,0
23732,31551,9186,1,0
23733,31552,9186,1,0
23734,31554,9186,1,1
23735,31557,9187,1,0
23736,31558,9187,1,1
23737,31559,9187,1,0
23738,31560,9188,1,1
23739,31561,9188,1,0
23740,31562,9188,1,0
23741,31563,9188,1,0
23742,31564,9188,1,1
23743,31566,9188,1,1
23744,31567,9188,1,0
23745,31569,9189,1,0
23746,31570,9189,1,0
23747,31571,9189,1,1
23748,31572,9190,1,0
23749,31573,9190,1,1
23750,31574,9190,1,0
23751,31576,9191,1,1
23752,31578,9191,1,1
23753,31579,9192,1,0
23754,31580,9192,1,0
23755,31582,9192,1,1
23756,31584,9193,1,0
23757,31585,9193,1,1
23758,31586,9193,1,0
23759,31587,9193,1,1
23760,31588,9194,1,1
23761,31589,9194,1,1
23762,31592,9195,1,0
23763,31593,9195,1,0
23764,31594,9195,1,0
23765,31595,9195,1,0
23766,31597,9196,1,0
23767,31600,9196,1,1
23768,31604,9197,1,0
23769,31605,9197,1,0
23770,31608,9198,1,0
23771,31609,9198,1,1
23772,31611,9198,1,0
23773,31612,9198,1,0
23774,31613,9199,1,0
23775,31617,9199,1,0
23776,31619,9201,1,0
23777,31620,9201,1,0
23778,31626,9203,1,0
23779,31627,9203,1,1
23780,31628,9204,1,0
23781,31629,9204,1,1
23782,31630,9204,1,0
23783,31631,9204,1,1
23784,31634,9205,1,0
23785,31636,9205,1,1
23786,31638,9206,1,1
23787,31639,9206,1,0
23788,31640,9206,1,1
23789,31641,9206,1,0
23790,31643,9207,1,0
23791,31645,9208,1,0
23792,31648,9209,1,1
23793,31649,9209,1,1
23794,31650,9209,1,1
23795,31651,9209,1,1
23796,31652,9209,1,0
23797,31653,9209,1,0
23798,31654,9209,1,1
23799,31656,9211,1,0
23800,31658,9211,1,0
23801,31659,9211,1,0
23802,31660,9212,1,1
23803,31662,9212,1,0
23804,31663,9212,1,0
23805,31666,9213,1,0
23806,31667,9213,1,0
23807,31668,9213,1,0
23808,31669,9213,1,1
23809,31670,9213,1,1
23810,31672,9214,1,0
23811,31673,9215,1,0
23812,31674,9215,1,1
23813,31676,9215,1,0
23814,31677,9216,1,0
23815,31678,9216,1,0
23816,31679,9216,1,0
23817,31680,9216,1,0
23818,31681,9216,1,0
23819,31682,9216,1,0
23820,31683,9217,1,1
23821,31686,9217,1,0
23822,31687,9217,1,0
23823,31689,9219,1,0
23824,31690,9220,1,1
23825,31692,9220,1,0
23826,31694,9220,1,0
23827,31695,9220,1,1
23828,31697,9220,1,1
23829,31699,9220,1,0
23830,31700,9220,1,0
23831,31701,9220,1,0
23832,31702,9220,1,1
23833,31703,9221,1,0
23834,31705,9221,1,0
23835,31706,9222,1,1
23836,31708,9223,1,0
23837,31709,9223,1,0
23838,31710,9223,1,1
23839,31711,9224,1,0
23840,31712,9224,1,0
23841,31713,9225,1,0
23842,31714,9225,1,0
23843,31716,9226,1,1
23844,31718,9226,1,0
23845,31719,9226,1,0
23846,31721,9226,1,1
23847,31722,9226,1,0
23848,31723,9227,1,1
23849,31724,9227,1,1
23850,31725,9228,1,1
23851,31727,9228,1,0
23852,31729,9229,1,0
23853,31730,9229,1,0
23854,31733,9230,1,1
23855,31735,9230,1,0
23856,31737,9230,1,0
23857,31738,9230,1,0
23858,31739,9230,1,1
23859,31740,9230,1,0
23860,31741,9230,1,0
23861,31742,9231,1,0
23862,31743,9231,1,1
23863,31744,9231,1,0
23864,31745,9231,1,0
23865,31746,9231,1,0
23866,31747,9231,1,1
23867,31748,9231,1,0
23868,31749,9232,1,1
23869,31750,9232,1,0
23870,31751,9233,1,0
23871,31752,9234,1,0
23872,31753,9234,1,0
23873,31755,9235,1,0
23874,31756,9236,1,0
23875,31757,9236,1,0
23876,31758,9237,1,1
23877,31759,9237,1,1
23878,31760,9238,1,1
23879,31762,9238,1,0
23880,31764,9240,1,0
23881,31765,9240,1,1
23882,31766,9240,1,1
23883,31767,9240,1,0
23884,31769,9241,1,0
23885,31770,9241,1,0
23886,31771,9241,1,0
23887,31773,9242,1,1
23888,31775,9242,1,0
23889,31777,9242,1,1
23890,31778,9242,1,0
23891,31779,9242,1,0
23892,31780,9242,1,0
23893,31781,9242,1,0
23894,31782,9243,1,1
23895,31784,9243,1,1
23896,31786,9245,1,1
23897,31787,9245,1,0
23898,31789,9245,1,1
23899,31792,9245,1,0
23900,31793,9245,1,0
23901,31794,9245,1,0
23902,31795,9246,1,0
23903,31796,9246,1,0
23904,31797,9246,1,0
23905,31799,9247,1,1
23906,31800,9247,1,1
23907,31803,9247,1,1
23908,31804,9247,1,0
23909,31806,9247,1,0
23910,31807,9247,1,0
23911,31808,9248,1,0
23912,31809,9248,1,1
23913,31810,9248,1,0
23914,31811,9248,1,0
23915,31812,9248,1,0
23916,31813,9248,1,1
23917,31814,9249,1,1
23918,31816,9251,1,0
23919,31817,9251,1,0
23920,31818,9251,1,1
23921,31819,9251,1,0
23922,31820,9252,1,1
23923,31821,9252,1,1
23924,31822,9252,1,0
23925,31823,9253,1,0
23926,31824,9253,1,1
23927,31826,9253,1,1
23928,31827,9253,1,0
23929,31830,9253,1,1
23930,31833,9254,1,0
23931,31834,9254,1,0
23932,31835,9254,1,1
23933,31836,9254,1,0
23934,31837,9255,1,1
23935,31838,9255,1,0
23936,31840,9255,1,0
23937,31841,9255,1,0
23938,31843,9256,1,0
23939,31845,9256,1,0
23940,31846,9256,1,0
23941,31848,9257,1,0
23942,31849,9257,1,0
23943,31850,9257,1,1
23944,31852,9258,1,0
23945,31853,9258,1,0
23946,31856,9258,1,0
23947,31858,9259,1,1
23948,31859,9260,1,1
23949,31860,9260,1,0
23950,31861,9261,1,0
23951,31863,9262,1,0
23952,31864,9262,1,0
23953,31865,9263,1,1
23954,31867,9263,1,0
23955,31868,9265,1,1
23956,31869,9265,1,0
23957,31870,9265,1,1
23958,31871,9265,1,1
23959,31872,9265,1,1
23960,31874,9266,1,0
23961,31875,9268,1,0
23962,31876,9268,1,0
23963,31877,9269,1,0
23964,31878,9269,1,0
23965,31879,9269,1,1
23966,31880,9269,1,0
23967,31881,9269,1,1
23968,31882,9270,1,0
23969,31883,9270,1,1
23970,31884,9270,1,1
23971,31885,9270,1,1
23972,31887,9270,1,0
23973,31889,9271,1,0
23974,31891,9271,1,0
23975,31892,9271,1,0
23976,31893,9271,1,0
23977,31894,9271,1,0
23978,31895,9272,1,0
23979,31896,9272,1,0
23980,31897,9272,1,0
23981,31898,9273,1,0
23982,31899,9273,1,0
23983,31900,9273,1,0
23984,31901,9273,1,1
23985,31903,9274,1,1
23986,31904,9275,1,1
23987,31905,9276,1,1
23988,31906,9276,1,1
23989,31907,9276,1,0
23990,31909,9277,1,0
23991,31910,9277,1,0
23992,31911,9277,1,0
23993,31913,9277,1,0
23994,31919,9279,1,0
23995,31920,9279,1,1
23996,31921,9279,1,1
23997,31924,9280,1,0
23998,31925,9280,1,1
23999,31926,9281,1,0
24000,31927,9281,1,0
24001,31928,9281,1,1
24002,31929,9281,1,0
24003,31930,9282,1,0
24004,31931,9282,1,0
24005,31932,9282,1,1
24006,31934,9283,1,1
24007,31936,9283,1,1
24008,31938,9284,1,1
24009,31939,9284,1,0
24010,31940,9285,1,0
24011,31941,9285,1,0
24012,31942,9285,1,1
24013,31943,9285,1,0
24014,31944,9286,1,1
24015,31945,9286,1,0
24016,31946,9286,1,1
24017,31947,9286,1,0
24018,31948,9286,1,1
24019,31949,9287,1,0
24020,31950,9287,1,0
24021,31951,9287,1,0
24022,31952,9287,1,0
24023,31953,9287,1,0
24024,31954,9288,1,0
24025,31955,9288,1,0
24026,31956,9288,1,0
24027,31957,9288,1,1
24028,31958,9290,1,1
24029,31959,9291,1,0
24030,31960,9292,1,0
24031,31961,9292,1,1
24032,31963,9292,1,0
24033,31964,9292,1,0
24034,31965,9292,1,0
24035,31966,9292,1,0
24036,31967,9292,1,0
24037,31969,9293,1,0
24038,31970,9293,1,0
24039,31971,9293,1,1
24040,31973,9294,1,0
24041,31975,9294,1,0
24042,31976,9294,1,1
24043,31978,9294,1,0
24044,31979,9294,1,0
24045,31981,9295,1,1
24046,31982,9296,1,1
24047,31983,9297,1,0
24048,31984,9297,1,0
24049,31985,9297,1,0
24050,31986,9297,1,0
24051,31987,9298,1,0
24052,31988,9298,1,0
24053,31990,9298,1,1
24054,31991,9298,1,0
24055,31993,9299,1,0
24056,31994,9299,1,0
24057,31995,9301,1,0
24058,31997,9301,1,1
24059,31998,9301,1,0
24060,31999,9301,1,0
24061,32000,9301,1,0
24062,32001,9301,1,0
24063,32002,9301,1,1
24064,32003,9302,1,0
24065,32004,9302,1,1
24066,32007,9303,1,0
24067,32008,9303,1,0
24068,32009,9304,1,0
24069,32010,9305,1,0
24070,32011,9305,1,0
24071,32015,9307,1,1
24072,32016,9307,1,0
24073,32017,9307,1,0
24074,32019,9307,1,1
24075,32021,9308,1,0
24076,32022,9308,1,1
24077,32023,9308,1,0
24078,32025,9308,1,1
24079,32026,9308,1,0
24080,32027,9308,1,0
24081,32028,9309,1,0
24082,32030,9309,1,1
24083,32031,9309,1,0
24084,32033,9310,1,1
24085,32034,9310,1,1
24086,32035,9310,1,0
24087,32037,9311,1,1
24088,32038,9311,1,0
24089,32039,9312,1,0
24090,32040,9312,1,1
24091,32041,9312,1,0
24092,32042,9312,1,1
24093,32044,9313,1,0
24094,32046,9313,1,1
24095,32047,9313,1,0
24096,32048,9313,1,1
24097,32051,9315,1,1
24098,32053,9315,1,0
24099,32056,9317,1,1
24100,32057,9317,1,1
24101,32058,9317,1,0
24102,32059,9317,1,0
24103,32061,9317,1,0
24104,32064,9318,1,0
24105,32065,9318,1,0
24106,32066,9319,1,1
24107,32067,9319,1,0
24108,32068,9319,1,0
24109,32069,9319,1,1
24110,32070,9319,1,0
24111,32071,9319,1,0
24112,32072,9319,1,0
24113,32073,9319,1,1
24114,32076,9320,1,0
24115,32077,9321,1,1
24116,32078,9321,1,1
24117,32079,9322,1,1
24118,32081,9322,1,1
24119,32083,9322,1,0
24120,32084,9323,1,0
24121,32085,9323,1,0
24122,32089,9323,1,0
24123,32090,9324,1,0
24124,32093,9324,1,1
24125,32094,9324,1,0
24126,32095,9325,1,1
24127,32096,9325,1,1
24128,32100,9329,1,1
24129,32101,9330,1,1
24130,32102,9330,1,0
24131,32105,9331,1,0
24132,32107,9331,1,0
24133,32108,9331,1,0
24134,32109,9331,1,0
24135,32110,9332,1,0
24136,32111,9332,1,0
24137,32112,9333,1,0
24138,32113,9333,1,0
24139,32115,9334,1,0
24140,32116,9334,1,0
24141,32117,9334,1,0
24142,32118,9334,1,1
24143,32119,9334,1,0
24144,32121,9335,1,0
24145,32122,9335,1,0
24146,32124,9335,1,1
24147,32125,9335,1,0
24148,32126,9335,1,0
24149,32127,9335,1,0
24150,32128,9336,1,1
24151,32129,9336,1,0
24152,32130,9336,1,0
24153,32131,9336,1,0
24154,32132,9336,1,0
24155,32133,9337,1,1
24156,32134,9337,1,1
24157,32136,9337,1,1
24158,32137,9338,1,0
24159,32138,9338,1,0
24160,32139,9338,1,0
24161,32140,9339,1,0
24162,32141,9339,1,0
24163,32144,9340,1,0
24164,32145,9340,1,0
24165,32146,9340,1,1
24166,32149,9340,1,1
24167,32150,9340,1,0
24168,32152,9341,1,0
24169,32153,9341,1,0
24170,32157,9342,1,1
24171,32158,9343,1,0
24172,32160,9344,1,0
24173,32161,9345,1,1
24174,32162,9345,1,0
24175,32163,9345,1,0
24176,32164,9345,1,0
24177,32165,9346,1,0
24178,32166,9346,1,0
24179,32167,9346,1,0
24180,32168,9346,1,1
24181,32169,9347,1,1
24182,32170,9347,1,0
24183,32171,9348,1,0
24184,32172,9348,1,1
24185,32174,9348,1,0
24186,32175,9348,1,1
24187,32176,9349,1,0
24188,32178,9349,1,0
24189,32179,9350,1,1
24190,32180,9350,1,0
24191,32181,9350,1,1
24192,32182,9351,1,1
24193,32183,9351,1,0
24194,32184,9351,1,0
24195,32185,9351,1,0
24196,32187,9351,1,0
24197,32188,9351,1,0
24198,32190,9353,1,0
24199,32192,9353,1,1
24200,32193,9354,1,0
24201,32194,9354,1,1
24202,32195,9354,1,1
24203,32196,9354,1,0
24204,32197,9355,1,0
24205,32198,9355,1,1
24206,32199,9355,1,0
24207,32200,9356,1,0
24208,32201,9356,1,1
24209,32202,9356,1,0
24210,32203,9356,1,0
24211,32204,9356,1,1
24212,32205,9357,1,0
24213,32207,9357,1,0
24214,32208,9357,1,1
24215,32211,9358,1,0
24216,32212,9358,1,1
24217,32214,9358,1,1
24218,32215,9358,1,0
24219,32216,9359,1,0
24220,32217,9360,1,0
24221,32219,9361,1,0
24222,32220,9361,1,0
24223,32221,9362,1,0
24224,32224,9362,1,0
24225,32225,9362,1,0
24226,32226,9362,1,1
24227,32227,9364,1,0
24228,32229,9365,1,0
24229,32230,9366,1,1
24230,32231,9366,1,0
24231,32233,9366,1,0
24232,32236,9366,1,0
24233,32237,9367,1,0
24234,32238,9367,1,0
24235,32239,9367,1,0
24236,32240,9367,1,0
24237,32241,9367,1,0
24238,32242,9367,1,0
24239,32243,9367,1,0
24240,32245,9368,1,0
24241,32246,9370,1,0
24242,32247,9370,1,0
24243,32248,9370,1,1
24244,32249,9370,1,0
24245,32250,9370,1,0
24246,32251,9370,1,0
24247,32255,9371,1,0
24248,32256,9371,1,0
24249,32258,9372,1,0
24250,32259,9372,1,0
24251,32260,9372,1,0
24252,32261,9372,1,1
24253,32262,9373,1,0
24254,32263,9374,1,1
24255,32264,9374,1,0
24256,32265,9374,1,1
24257,32267,9375,1,0
24258,32269,9375,1,1
24259,32270,9375,1,1
24260,32271,9376,1,0
24261,32274,9376,1,1
24262,32275,9376,1,0
24263,32276,9377,1,0
24264,32277,9377,1,0
24265,32278,9378,1,1
24266,32279,9378,1,0
24267,32281,9378,1,0
24268,32282,9379,1,0
24269,32283,9379,1,1
24270,32284,9380,1,1
24271,32287,9380,1,0
24272,32289,9380,1,0
24273,32290,9383,1,0
24274,32291,9383,1,1
24275,32292,9383,1,1
24276,32294,9383,1,0
24277,32297,9385,1,1
24278,32298,9385,1,1
24279,32302,9387,1,1
24280,32304,9388,1,0
24281,32306,9388,1,0
24282,32307,9388,1,0
24283,32311,9389,1,0
24284,32312,9389,1,0
24285,32313,9389,1,0
24286,32314,9389,1,0
24287,32315,9389,1,0
24288,32316,9389,1,1
24289,32319,9390,1,0
24290,32320,9390,1,1
24291,32322,9390,1,0
24292,32323,9390,1,1
24293,32324,9391,1,1
24294,32326,9392,1,0
24295,32327,9392,1,0
24296,32328,9392,1,0
24297,32330,9393,1,0
24298,32331,9393,1,1
24299,32333,9393,1,0
24300,32334,9393,1,1
24301,32335,9394,1,1
24302,32337,9394,1,0
24303,32339,9395,1,1
24304,32340,9395,1,0
24305,32341,9395,1,0
24306,32342,9395,1,1
24307,32343,9395,1,0
24308,32344,9395,1,0
24309,32346,9395,1,0
24310,32347,9396,1,0
24311,32349,9396,1,0
24312,32350,9396,1,1
24313,32351,9397,1,1
24314,32352,9397,1,0
24315,32354,9398,1,1
24316,32355,9398,1,0
24317,32358,9398,1,0
24318,32359,9398,1,0
24319,32360,9399,1,0
24320,32361,9399,1,1
24321,32362,9399,1,1
24322,32363,9399,1,1
24323,32364,9399,1,0
24324,32365,9399,1,0
24325,32366,9399,1,0
24326,32367,9400,1,0
24327,32368,9400,1,0
24328,32369,9400,1,0
24329,32370,9400,1,0
24330,32372,9401,1,0
24331,32373,9401,1,0
24332,32374,9402,1,1
24333,32375,9403,1,0
24334,32377,9403,1,0
24335,32378,9404,1,0
24336,32379,9405,1,1
24337,32381,9405,1,0
24338,32383,9407,1,0
24339,32384,9407,1,0
24340,32385,9408,1,0
24341,32387,9409,1,1
24342,32388,9412,1,1
24343,32390,9413,1,0
24344,32391,9413,1,1
24345,32392,9413,1,0
24346,32393,9413,1,0
24347,32395,9414,1,0
24348,32396,9414,1,0
24349,32397,9414,1,0
24350,32398,9414,1,0
24351,32399,9414,1,0
24352,32400,9415,1,1
24353,32403,9415,1,0
24354,32404,9416,1,0
24355,32405,9417,1,0
24356,32406,9417,1,0
24357,32407,9417,1,0
24358,32409,9417,1,0
24359,32410,9418,1,0
24360,32411,9418,1,1
24361,32412,9418,1,1
24362,32413,9419,1,0
24363,32415,9419,1,0
24364,32417,9419,1,0
24365,32418,9419,1,1
24366,32419,9419,1,0
24367,32421,9419,1,0
24368,32422,9419,1,1
24369,32423,9420,1,1
24370,32425,9421,1,1
24371,32426,9421,1,0
24372,32427,9421,1,1
24373,32428,9421,1,0
24374,32429,9422,1,0
24375,32431,9423,1,1
24376,32432,9423,1,0
24377,32434,9424,1,0
24378,32435,9424,1,0
24379,32437,9425,1,0
24380,32440,9425,1,1
24381,32442,9427,1,0
24382,32443,9427,1,0
24383,32444,9427,1,0
24384,32446,9428,1,0
24385,32448,9428,1,0
24386,32450,9428,1,0
24387,32451,9428,1,0
24388,32452,9428,1,0
24389,32453,9429,1,1
24390,32455,9429,1,0
24391,32456,9429,1,0
24392,32457,9429,1,0
24393,32458,9429,1,1
24394,32460,9430,1,1
24395,32461,9430,1,0
24396,32462,9430,1,0
24397,32463,9430,1,0
24398,32464,9431,1,0
24399,32465,9431,1,0
24400,32466,9433,1,0
24401,32467,9433,1,0
24402,32468,9433,1,0
24403,32469,9433,1,1
24404,32470,9434,1,0
24405,32471,9434,1,0
24406,32472,9435,1,0
24407,32476,9437,1,1
24408,32477,9437,1,0
24409,32478,9437,1,0
24410,32479,9437,1,1
24411,32481,9438,1,0
24412,32482,9438,1,0
24413,32483,9438,1,0
24414,32484,9438,1,0
24415,32485,9438,1,0
24416,32487,9438,1,0
24417,32488,9439,1,1
24418,32489,9439,1,0
24419,32490,9439,1,0
24420,32491,9439,1,0
24421,32492,9439,1,0
24422,32493,9440,1,0
24423,32495,9440,1,0
24424,32496,9440,1,1
24425,32498,9441,1,0
24426,32499,9441,1,1
24427,32500,9441,1,0
24428,32501,9443,1,0
24429,32502,9444,1,0
24430,32503,9444,1,0
24431,32504,9444,1,0
24432,32506,9444,1,0
24433,32507,9445,1,1
24434,32508,9446,1,1
24435,32510,9446,1,0
24436,32511,9446,1,0
24437,32512,9447,1,0
24438,32513,9447,1,0
24439,32515,9448,1,1
24440,32517,9448,1,1
24441,32518,9448,1,0
24442,32519,9448,1,1
24443,32520,9448,1,1
24444,32523,9449,1,1
24445,32524,9450,1,0
24446,32525,9450,1,1
24447,32526,9450,1,0
24448,32527,9451,1,1
24449,32529,9451,1,1
24450,32530,9451,1,0
24451,32532,9452,1,1
24452,32533,9452,1,1
24453,32534,9452,1,1
24454,32535,9452,1,1
24455,32537,9452,1,1
24456,32539,9453,1,1
24457,32540,9453,1,0
24458,32541,9454,1,1
24459,32542,9454,1,0
24460,32544,9454,1,0
24461,32545,9454,1,1
24462,32546,9454,1,0
24463,32548,9455,1,0
24464,32549,9455,1,1
24465,32551,9456,1,0
24466,32552,9457,1,0
24467,32553,9457,1,0
24468,32554,9457,1,1
24469,32556,9457,1,0
24470,32557,9458,1,0
24471,32558,9458,1,1
24472,32559,9458,1,0
24473,32560,9458,1,0
24474,32561,9458,1,0
24475,32562,9459,1,1
24476,32563,9459,1,0
24477,32565,9460,1,1
24478,32566,9460,1,1
24479,32567,9460,1,0
24480,32568,9460,1,0
24481,32569,9460,1,0
24482,32570,9461,1,0
24483,32571,9461,1,1
24484,32572,9462,1,0
24485,32573,9462,1,0
24486,32574,9462,1,0
24487,32576,9463,1,1
24488,32577,9464,1,0
24489,32578,9464,1,0
24490,32579,9465,1,0
24491,32581,9465,1,1
24492,32582,9465,1,0
24493,32583,9465,1,0
24494,32585,9465,1,0
24495,32586,9466,1,0
24496,32587,9466,1,0
24497,32589,9466,1,0
24498,32590,9467,1,1
24499,32591,9467,1,1
24500,32592,9467,1,0
24501,32593,9467,1,1
24502,32594,9467,1,0
24503,32595,9468,1,0
24504,32596,9468,1,0
24505,32597,9468,1,0
24506,32598,9468,1,1
24507,32599,9468,1,1
24508,32600,9468,1,0
24509,32602,9469,1,1
24510,32603,9469,1,1
24511,32604,9469,1,0
24512,32605,9469,1,1
24513,32606,9470,1,1
24514,32610,9471,1,0
24515,32613,9472,1,0
24516,32615,9472,1,1
24517,32616,9472,1,0
24518,32617,9472,1,0
24519,32618,9473,1,0
24520,32620,9473,1,1
24521,32622,9473,1,0
24522,32623,9473,1,1
24523,32625,9473,1,1
24524,32626,9473,1,1
24525,32627,9474,1,1
24526,32628,9474,1,0
24527,32629,9474,1,0
24528,32630,9474,1,0
24529,32631,9475,1,0
24530,32632,9475,1,1
24531,32635,9475,1,1
24532,32636,9476,1,0
24533,32637,9477,1,1
24534,32638,9477,1,1
24535,32639,9477,1,0
24536,32640,9477,1,1
24537,32641,9477,1,0
24538,32642,9477,1,0
24539,32643,9478,1,0
24540,32644,9478,1,0
24541,32645,9478,1,0
24542,32646,9478,1,0
24543,32647,9479,1,0
24544,32648,9479,1,0
24545,32649,9479,1,0
24546,32650,9479,1,0
24547,32654,9480,1,0
24548,32655,9480,1,0
24549,32656,9480,1,0
24550,32657,9480,1,0
24551,32658,9480,1,1
24552,32660,9480,1,0
24553,32661,9481,1,0
24554,32662,9483,1,0
24555,32663,9484,1,0
24556,32664,9484,1,0
24557,32666,9485,1,0
24558,32667,9486,1,0
24559,32668,9486,1,0
24560,32669,9487,1,1
24561,32670,9487,1,1
24562,32671,9487,1,0
24563,32674,9488,1,0
24564,32675,9488,1,0
24565,32677,9490,1,0
24566,32678,9491,1,1
24567,32679,9491,1,1
24568,32681,9492,1,1
24569,32683,9492,1,1
24570,32686,9493,1,0
24571,32689,9493,1,0
24572,32690,9494,1,1
24573,32691,9494,1,0
24574,32692,9494,1,0
24575,32693,9494,1,1
24576,32694,9495,1,1
24577,32696,9497,1,1
24578,32697,9499,1,1
24579,32698,9500,1,1
24580,32699,9500,1,0
24581,32700,9500,1,1
24582,32701,9500,1,1
24583,32702,9501,1,0
24584,32703,9501,1,1
24585,32704,9501,1,0
24586,32705,9502,1,1
24587,32706,9503,1,0
24588,32707,9503,1,0
24589,32709,9504,1,1
24590,32710,9504,1,0
24591,32711,9504,1,1
24592,32712,9504,1,0
24593,32713,9505,1,0
24594,32714,9506,1,0
24595,32716,9507,1,1
24596,32717,9507,1,1
24597,32718,9508,1,1
24598,32720,9510,1,0
24599,32721,9510,1,0
24600,32722,9512,1,0
24601,32723,9512,1,0
24602,32724,9512,1,1
24603,32725,9512,1,1
24604,32727,9512,1,0
24605,32728,9512,1,0
24606,32729,9512,1,0
24607,32730,9512,1,1
24608,32731,9512,1,1
24609,32733,9513,1,1
24610,32734,9513,1,0
24611,32735,9514,1,0
24612,32736,9514,1,0
24613,32737,9514,1,0
24614,32738,9514,1,0
24615,32739,9514,1,0
24616,32741,9515,1,0
24617,32743,9516,1,0
24618,32744,9517,1,1
24619,32745,9517,1,0
24620,32746,9518,1,1
24621,32749,9518,1,0
24622,32750,9518,1,1
24623,32751,9518,1,0
24624,32752,9519,1,0
24625,32754,9519,1,1
24626,32755,9519,1,0
24627,32756,9519,1,0
24628,32757,9519,1,1
24629,32758,9519,1,1
24630,32760,9519,1,1
24631,32761,9520,1,0
24632,32763,9521,1,0
24633,32765,9522,1,0
24634,32766,9522,1,1
24635,32767,9523,1,0
24636,32768,9524,1,1
24637,32769,9524,1,0
24638,32770,9524,1,1
24639,32771,9524,1,0
24640,32772,9525,1,0
24641,32773,9526,1,0
24642,32774,9526,1,0
24643,32775,9526,1,0
24644,32779,9527,1,0
24645,32780,9527,1,0
24646,32781,9527,1,0
24647,32782,9527,1,0
24648,32783,9527,1,0
24649,32785,9527,1,1
24650,32787,9528,1,0
24651,32788,9528,1,1
24652,32790,9528,1,0
24653,32791,9528,1,0
24654,32792,9529,1,0
24655,32793,9530,1,1
24656,32794,9530,1,0
24657,32795,9531,1,0
24658,32796,9531,1,0
24659,32797,9531,1,1
24660,32798,9531,1,0
24661,32799,9531,1,0
24662,32800,9531,1,0
24663,32801,9531,1,1
24664,32802,9531,1,0
24665,32803,9532,1,1
24666,32804,9532,1,1
24667,32806,9532,1,0
24668,32807,9534,1,0
24669,32808,9534,1,0
24670,32809,9534,1,0
24671,32810,9534,1,1
24672,32812,9535,1,1
24673,32815,9537,1,1
24674,32817,9538,1,0
24675,32818,9538,1,0
24676,32819,9538,1,1
24677,32820,9538,1,0
24678,32821,9539,1,1
24679,32822,9540,1,0
24680,32823,9540,1,0
24681,32825,9540,1,0
24682,32826,9540,1,0
24683,32827,9540,1,0
24684,32829,9540,1,1
24685,32830,9541,1,0
24686,32831,9541,1,0
24687,32832,9541,1,0
24688,32833,9541,1,0
24689,32834,9541,1,1
24690,32836,9541,1,0
24691,32838,9542,1,0
24692,32839,9542,1,0
24693,32840,9542,1,0
24694,32841,9542,1,1
24695,32843,9543,1,0
24696,32844,9543,1,0
24697,32845,9544,1,0
24698,32846,9544,1,0
24699,32847,9544,1,0
24700,32848,9545,1,0
24701,32849,9545,1,0
24702,32850,9545,1,1
24703,32851,9545,1,1
24704,32852,9546,1,0
24705,32853,9546,1,0
24706,32855,9546,1,0
24707,32856,9546,1,0
24708,32857,9546,1,0
24709,32859,9546,1,0
24710,32861,9547,1,0
24711,32862,9547,1,0
24712,32863,9548,1,0
24713,32864,9548,1,0
24714,32866,9549,1,1
24715,32867,9549,1,0
24716,32868,9549,1,1
24717,32869,9549,1,0
24718,32870,9550,1,0
24719,32872,9550,1,1
24720,32873,9550,1,1
24721,32874,9551,1,0
24722,32875,9551,1,1
24723,32876,9551,1,0
24724,32879,9553,1,0
24725,32880,9554,1,0
24726,32881,9554,1,1
24727,32882,9555,1,0
24728,32883,9556,1,0
24729,32884,9556,1,0
24730,32885,9556,1,1
24731,32886,9557,1,0
24732,32887,9557,1,0
24733,32888,9557,1,0
24734,32889,9557,1,0
24735,32890,9557,1,0
24736,32891,9557,1,0
24737,32892,9558,1,0
24738,32895,9558,1,0
24739,32897,9558,1,1
24740,32898,9558,1,1
24741,32899,9558,1,0
24742,32900,9559,1,1
24743,32901,9560,1,1
24744,32902,9560,1,0
24745,32904,9560,1,0
24746,32905,9560,1,0
24747,32906,9560,1,0
24748,32907,9560,1,1
24749,32908,9560,1,0
24750,32909,9561,1,0
24751,32910,9562,1,0
24752,32912,9562,1,0
24753,32913,9562,1,0
24754,32914,9563,1,0
24755,32915,9563,1,0
24756,32916,9563,1,1
24757,32918,9564,1,0
24758,32919,9564,1,0
24759,32921,9565,1,0
24760,32922,9566,1,0
24761,32923,9566,1,0
24762,32924,9566,1,1
24763,32925,9566,1,1
24764,32927,9566,1,1
24765,32928,9566,1,0
24766,32929,9567,1,0
24767,32931,9567,1,0
24768,32932,9567,1,1
24769,32933,9567,1,1
24770,32934,9567,1,0
24771,32935,9567,1,0
24772,32936,9568,1,0
24773,32937,9568,1,1
24774,32940,9568,1,0
24775,32941,9568,1,0
24776,32942,9568,1,0
24777,32944,9570,1,1
24778,32947,9571,1,0
24779,32949,9571,1,1
24780,32951,9572,1,0
24781,32952,9572,1,0
24782,32953,9572,1,0
24783,32954,9572,1,0
24784,32955,9572,1,0
24785,32956,9574,1,1
24786,32957,9574,1,0
24787,32958,9574,1,0
24788,32959,9574,1,0
24789,32960,9574,1,1
24790,32962,9574,1,0
24791,32965,9574,1,1
24792,32966,9575,1,0
24793,32967,9575,1,1
24794,32969,9576,1,1
24795,32970,9576,1,0
24796,32971,9576,1,1
24797,32972,9576,1,0
24798,32974,9576,1,0
24799,32975,9577,1,0
24800,32976,9577,1,0
24801,32977,9577,1,0
24802,32978,9578,1,1
24803,32980,9580,1,1
24804,32981,9581,1,0
24805,32982,9581,1,1
24806,32984,9581,1,1
24807,32985,9583,1,0
24808,32987,9584,1,0
24809,32988,9584,1,0
24810,32989,9584,1,0
24811,32990,9584,1,0
24812,32992,9585,1,1
24813,32995,9586,1,0
24814,32996,9586,1,0
24815,32997,9586,1,1
24816,32998,9586,1,0
24817,33000,9587,1,0
24818,33001,9587,1,1
24819,33005,9587,1,0
24820,33008,9588,1,0
24821,33009,9588,1,0
24822,33010,9588,1,1
24823,33011,9590,1,1
24824,33012,9590,1,1
24825,33013,9590,1,0
24826,33014,9590,1,1
24827,33015,9590,1,0
24828,33016,9590,1,1
24829,33017,9590,1,0
24830,33018,9591,1,0
24831,33019,9591,1,0
24832,33021,9592,1,0
24833,33022,9592,1,0
24834,33023,9592,1,1
24835,33024,9593,1,0
24836,33025,9593,1,0
24837,33027,9594,1,1
24838,33028,9594,1,0
24839,33029,9594,1,0
24840,33030,9594,1,0
24841,33033,9595,1,0
24842,33035,9595,1,0
24843,33036,9595,1,0
24844,33037,9595,1,0
24845,33038,9596,1,0
24846,33040,9596,1,0
24847,33042,9597,1,0
24848,33043,9597,1,1
24849,33044,9598,1,0
24850,33045,9598,1,1
24851,33047,9600,1,0
24852,33048,9601,1,1
24853,33049,9602,1,0
24854,33051,9603,1,0
24855,33052,9603,1,0
24856,33053,9603,1,0
24857,33055,9603,1,0
24858,33056,9604,1,0
24859,33057,9604,1,1
24860,33058,9604,1,0
24861,33059,9604,1,0
24862,33060,9604,1,1
24863,33061,9604,1,0
24864,33062,9604,1,1
24865,33063,9604,1,1
24866,33064,9604,1,1
24867,33065,9605,1,0
24868,33066,9605,1,0
24869,33067,9606,1,0
24870,33071,9606,1,1
24871,33072,9606,1,1
24872,33075,9608,1,0
24873,33077,9610,1,0
24874,33078,9610,1,0
24875,33079,9611,1,1
24876,33081,9611,1,0
24877,33082,9611,1,0
24878,33083,9611,1,1
24879,33086,9612,1,0
24880,33090,9614,1,0
24881,33091,9614,1,0
24882,33092,9614,1,0
24883,33093,9615,1,0
24884,33095,9615,1,0
24885,33096,9616,1,1
24886,33097,9616,1,0
24887,33098,9617,1,0
24888,33099,9617,1,1
24889,33101,9617,1,1
24890,33102,9618,1,0
24891,33104,9618,1,1
24892,33105,9618,1,0
24893,33106,9618,1,0
24894,33108,9619,1,1
24895,33109,9619,1,1
24896,33111,9620,1,0
24897,33113,9622,1,0
24898,33114,9623,1,0
24899,33115,9623,1,0
24900,33116,9623,1,0
24901,33117,9623,1,0
24902,33120,9624,1,0
24903,33121,9625,1,0
24904,33122,9625,1,0
24905,33123,9625,1,0
24906,33125,9626,1,1
24907,33127,9626,1,1
24908,33128,9627,1,0
24909,33129,9627,1,1
24910,33130,9627,1,0
24911,33131,9628,1,0
24912,33132,9628,1,0
24913,33134,9628,1,1
24914,33136,9628,1,0
24915,33138,9629,1,0
24916,33140,9629,1,0
24917,33141,9630,1,1
24918,33143,9631,1,0
24919,33144,9631,1,0
24920,33147,9631,1,0
24921,33148,9632,1,1
24922,33149,9632,1,0
24923,33150,9633,1,0
24924,33151,9633,1,1
24925,33152,9633,1,0
24926,33153,9634,1,0
24927,33155,9634,1,0
24928,33157,9635,1,0
24929,33158,9635,1,1
24930,33159,9635,1,0
24931,33160,9635,1,0
24932,33161,9636,1,0
24933,33162,9636,1,0
24934,33163,9636,1,1
24935,33164,9636,1,1
24936,33165,9636,1,0
24937,33166,9636,1,1
24938,33167,9636,1,1
24939,33168,9637,1,0
24940,33169,9638,1,1
24941,33170,9638,1,1
24942,33171,9638,1,0
24943,33172,9638,1,0
24944,33173,9638,1,0
24945,33175,9639,1,1
24946,33176,9640,1,0
24947,33177,9640,1,1
24948,33178,9640,1,0
24949,33179,9640,1,0
24950,33181,9640,1,0
24951,33183,9641,1,0
24952,33185,9642,1,0
24953,33186,9642,1,0
24954,33188,9643,1,0
24955,33189,9643,1,1
24956,33190,9643,1,0
24957,33192,9643,1,0
24958,33193,9643,1,0
24959,33194,9644,1,0
24960,33195,9644,1,1
24961,33196,9644,1,0
24962,33198,9645,1,1
24963,33199,9645,1,1
24964,33200,9645,1,1
24965,33201,9646,1,0
24966,33202,9646,1,0
24967,33203,9646,1,0
24968,33204,9646,1,0
24969,33206,9646,1,0
24970,33208,9647,1,0
24971,33209,9647,1,1
24972,33210,9649,1,0
24973,33211,9649,1,1
24974,33212,9649,1,0
24975,33213,9649,1,1
24976,33214,9649,1,1
24977,33215,9650,1,0
24978,33216,9650,1,0
24979,33217,9650,1,0
24980,33218,9650,1,1
24981,33219,9650,1,0
24982,33220,9651,1,0
24983,33222,9651,1,1
24984,33223,9651,1,0
24985,33224,9651,1,0
24986,33225,9652,1,0
24987,33226,9652,1,1
24988,33227,9653,1,1
24989,33228,9653,1,1
24990,33229,9653,1,1
24991,33230,9653,1,1
24992,33231,9653,1,0
24993,33233,9654,1,0
24994,33234,9654,1,0
24995,33235,9654,1,0
24996,33236,9655,1,1
24997,33237,9655,1,1
24998,33238,9655,1,0
24999,33239,9655,1,1
25000,33240,9656,1,0
25001,33241,9656,1,0
25002,33242,9656,1,1
25003,33244,9657,1,0
25004,33246,9658,1,1
25005,33247,9658,1,0
25006,33248,9658,1,0
25007,33249,9658,1,1
25008,33250,9659,1,1
25009,33252,9659,1,0
25010,33253,9659,1,0
25011,33254,9659,1,0
25012,33257,9660,1,0
25013,33258,9660,1,1
25014,33260,9660,1,0
25015,33261,9660,1,0
25016,33262,9661,1,1
25017,33263,9662,1,0
25018,33265,9663,1,0
25019,33266,9663,1,0
25020,33267,9663,1,1
25021,33268,9663,1,0
25022,33269,9664,1,1
25023,33271,9664,1,0
25024,33272,9664,1,1
25025,33275,9666,1,0
25026,33276,9666,1,1
25027,33278,9666,1,1
25028,33280,9667,1,1
25029,33281,9667,1,0
25030,33282,9667,1,1
25031,33283,9667,1,0
25032,33284,9667,1,1
25033,33285,9667,1,1
25034,33287,9668,1,1
25035,33289,9668,1,0
25036,33291,9669,1,0
25037,33292,9669,1,1
25038,33293,9670,1,1
25039,33294,9670,1,0
25040,33295,9671,1,0
25041,33297,9671,1,0
25042,33298,9671,1,0
25043,33299,9672,1,0
25044,33300,9672,1,0
25045,33301,9672,1,0
25046,33303,9673,1,1
25047,33304,9673,1,0
25048,33305,9673,1,0
25049,33306,9673,1,0
25050,33307,9673,1,1
25051,33309,9674,1,0
25052,33312,9674,1,0
25053,33313,9674,1,0
25054,33315,9674,1,0
25055,33316,9675,1,1
25056,33317,9675,1,0
25057,33318,9675,1,1
25058,33319,9675,1,0
25059,33320,9675,1,0
25060,33322,9676,1,1
25061,33323,9677,1,0
25062,33324,9677,1,0
25063,33325,9677,1,0
25064,33326,9677,1,1
25065,33327,9677,1,1
25066,33328,9678,1,1
25067,33330,9678,1,0
25068,33331,9679,1,0
25069,33332,9679,1,0
25070,33333,9679,1,0
25071,33335,9679,1,1
25072,33337,9680,1,0
25073,33338,9681,1,0
25074,33339,9681,1,0
25075,33340,9682,1,0
25076,33341,9682,1,0
25077,33342,9682,1,0
25078,33343,9682,1,1
25079,33345,9682,1,0
25080,33347,9683,1,1
25081,33348,9683,1,1
25082,33350,9684,1,0
25083,33351,9685,1,1
25084,33352,9685,1,1
25085,33353,9686,1,0
25086,33354,9686,1,0
25087,33359,9687,1,0
25088,33360,9688,1,1
25089,33361,9688,1,0
25090,33362,9688,1,0
25091,33363,9688,1,1
25092,33366,9689,1,0
25093,33367,9689,1,0
25094,33369,9690,1,0
25095,33370,9690,1,0
25096,33371,9690,1,1
25097,33372,9690,1,1
25098,33373,9690,1,0
25099,33376,9692,1,1
25100,33378,9692,1,1
25101,33379,9693,1,0
25102,33380,9693,1,1
25103,33381,9693,1,0
25104,33382,9693,1,1
25105,33383,9694,1,0
25106,33385,9694,1,0
25107,33386,9694,1,1
25108,33388,9694,1,0
25109,33389,9694,1,0
25110,33390,9694,1,1
25111,33391,9694,1,0
25112,33392,9695,1,0
25113,33393,9695,1,0
25114,33394,9696,1,0
25115,33395,9696,1,0
25116,33398,9697,1,0
25117,33400,9697,1,0
25118,33403,9698,1,0
25119,33406,9699,1,0
25120,33407,9699,1,0
25121,33408,9699,1,1
25122,33410,9700,1,0
25123,33412,9701,1,0
25124,33414,9701,1,0
25125,33417,9702,1,1
25126,33418,9702,1,0
25127,33419,9703,1,0
25128,33422,9706,1,1
25129,33424,9707,1,0
25130,33425,9707,1,0
25131,33426,9707,1,1
25132,33427,9707,1,1
25133,33428,9707,1,0
25134,33430,9708,1,0
25135,33432,9708,1,1
25136,33433,9708,1,1
25137,33436,9708,1,0
25138,33437,9709,1,0
25139,33438,9709,1,1
25140,33439,9709,1,1
25141,33440,9709,1,1
25142,33441,9710,1,1
25143,33444,9710,1,1
25144,33445,9710,1,1
25145,33446,9710,1,0
25146,33447,9710,1,1
25147,33449,9710,1,0
25148,33451,9711,1,0
25149,33454,9711,1,0
25150,33455,9712,1,0
25151,33458,9713,1,0
25152,33459,9714,1,0
25153,33460,9714,1,0
25154,33461,9714,1,0
25155,33462,9714,1,0
25156,33463,9715,1,0
25157,33465,9715,1,1
25158,33466,9716,1,1
25159,33471,9717,1,0
25160,33472,9717,1,0
25161,33473,9717,1,1
25162,33474,9717,1,1
25163,33476,9718,1,1
25164,33477,9718,1,1
25165,33478,9718,1,1
25166,33479,9718,1,0
25167,33480,9719,1,0
25168,33483,9720,1,0
25169,33484,9720,1,1
25170,33485,9721,1,0
25171,33486,9721,1,1
25172,33487,9721,1,0
25173,33488,9722,1,0
25174,33491,9723,1,0
25175,33493,9724,1,0
25176,33494,9724,1,0
25177,33495,9724,1,0
25178,33496,9724,1,1
25179,33497,9725,1,0
25180,33498,9726,1,1
25181,33499,9726,1,1
25182,33500,9726,1,0
25183,33501,9727,1,1
25184,33504,9727,1,0
25185,33505,9728,1,0
25186,33506,9728,1,0
25187,33508,9730,1,0
25188,33509,9731,1,1
25189,33510,9732,1,0
25190,33511,9732,1,0
25191,33512,9733,1,1
25192,33513,9733,1,1
25193,33514,9733,1,1
25194,33515,9733,1,0
25195,33516,9734,1,0
25196,33517,9734,1,0
25197,33519,9734,1,0
25198,33520,9735,1,1
25199,33521,9735,1,1
25200,33524,9736,1,1
25201,33525,9738,1,1
25202,33526,9739,1,0
25203,33527,9739,1,1
25204,33528,9739,1,0
25205,33529,9740,1,1
25206,33530,9740,1,1
25207,33531,9740,1,1
25208,33533,9740,1,1
25209,33534,9740,1,1
25210,33535,9740,1,0
25211,33537,9741,1,0
25212,33538,9741,1,1
25213,33539,9741,1,0
25214,33540,9742,1,1
25215,33543,9742,1,0
25216,33544,9742,1,0
25217,33545,9742,1,0
25218,33546,9743,1,1
25219,33547,9743,1,0
25220,33548,9745,1,0
25221,33549,9746,1,0
25222,33552,9746,1,0
25223,33553,9746,1,0
25224,33554,9748,1,0
25225,33555,9748,1,0
25226,33556,9748,1,0
25227,33557,9749,1,0
25228,33558,9749,1,1
25229,33559,9749,1,0
25230,33561,9749,1,1
25231,33562,9750,1,0
25232,33563,9750,1,0
25233,33564,9750,1,0
25234,33565,9750,1,0
25235,33566,9750,1,1
25236,33567,9751,1,1
25237,33568,9751,1,0
25238,33569,9752,1,1
25239,33570,9752,1,0
25240,33571,9752,1,1
25241,33572,9752,1,0
25242,33573,9753,1,1
25243,33574,9754,1,0
25244,33575,9754,1,1
25245,33576,9754,1,0
25246,33578,9754,1,0
25247,33579,9754,1,1
25248,33580,9754,1,0
25249,33582,9755,1,0
25250,33584,9755,1,1
25251,33585,9757,1,1
25252,33586,9757,1,1
25253,33587,9758,1,0
25254,33588,9758,1,0
25255,33589,9758,1,1
25256,33590,9758,1,1
25257,33591,9758,1,0
25258,33592,9758,1,0
25259,33593,9758,1,0
25260,33594,9758,1,0
25261,33595,9758,1,0
25262,33596,9759,1,0
25263,33597,9760,1,0
25264,33598,9761,1,0
25265,33599,9761,1,0
25266,33600,9761,1,0
25267,33601,9761,1,1
25268,33602,9761,1,0
25269,33603,9762,1,0
25270,33604,9762,1,1
25271,33605,9762,1,1
25272,33606,9762,1,1
25273,33609,9763,1,1
25274,33610,9764,1,1
25275,33611,9764,1,0
25276,33612,9764,1,1
25277,33613,9764,1,0
25278,33614,9766,1,1
25279,33615,9766,1,0
25280,33616,9766,1,1
25281,33617,9766,1,1
25282,33618,9767,1,1
25283,33620,9767,1,0
25284,33621,9767,1,0
25285,33622,9767,1,0
25286,33625,9768,1,0
25287,33626,9768,1,0
25288,33627,9768,1,0
25289,33628,9769,1,0
25290,33630,9770,1,1
25291,33633,9771,1,0
25292,33634,9771,1,0
25293,33636,9771,1,0
25294,33637,9772,1,0
25295,33638,9773,1,1
25296,33639,9773,1,1
25297,33642,9774,1,0
25298,33644,9774,1,0
25299,33645,9774,1,0
25300,33646,9775,1,1
25301,33647,9775,1,1
25302,33649,9777,1,0
25303,33650,9777,1,0
25304,33651,9777,1,1
25305,33652,9777,1,0
25306,33653,9777,1,1
25307,33654,9777,1,0
25308,33655,9777,1,0
25309,33656,9777,1,1
25310,33657,9777,1,1
25311,33659,9778,1,0
25312,33660,9778,1,1
25313,33661,9778,1,0
25314,33662,9778,1,0
25315,33663,9779,1,0
25316,33664,9779,1,0
25317,33665,9780,1,1
25318,33666,9780,1,0
25319,33667,9781,1,0
25320,33670,9783,1,0
25321,33671,9783,1,0
25322,33672,9783,1,1
25323,33673,9783,1,0
25324,33674,9784,1,0
25325,33676,9785,1,0
25326,33678,9785,1,1
25327,33679,9785,1,0
25328,33680,9785,1,0
25329,33681,9785,1,1
25330,33682,9786,1,1
25331,33683,9786,1,0
25332,33685,9786,1,1
25333,33686,9786,1,0
25334,33687,9786,1,1
25335,33688,9787,1,1
25336,33689,9787,1,0
25337,33692,9787,1,0
25338,33693,9789,1,1
25339,33694,9789,1,0
25340,33695,9789,1,0
25341,33696,9789,1,0
25342,33698,9791,1,0
25343,33699,9791,1,1
25344,33700,9791,1,0
25345,33701,9791,1,0
25346,33703,9792,1,1
25347,33704,9792,1,0
25348,33705,9793,1,0
25349,33707,9793,1,1
25350,33708,9793,1,1
25351,33709,9793,1,0
25352,33710,9793,1,0
25353,33713,9793,1,0
25354,33715,9794,1,0
25355,33716,9794,1,0
25356,33717,9794,1,0
25357,33718,9794,1,0
25358,33719,9795,1,0
25359,33720,9796,1,1
25360,33721,9797,1,0
25361,33723,9798,1,0
25362,33725,9798,1,0
25363,33727,9799,1,1
25364,33728,9799,1,1
25365,33729,9799,1,1
25366,33730,9799,1,0
25367,33731,9800,1,1
25368,33732,9800,1,0
25369,33735,9800,1,1
25370,33736,9800,1,0
25371,33737,9801,1,1
25372,33738,9801,1,0
25373,33739,9801,1,0
25374,33741,9802,1,0
25375,33743,9802,1,0
25376,33745,9803,1,0
25377,33746,9803,1,0
25378,33747,9803,1,0
25379,33749,9803,1,0
25380,33750,9803,1,1
25381,33751,9804,1,0
25382,33752,9804,1,1
25383,33753,9804,1,0
25384,33754,9804,1,0
25385,33755,9804,1,0
25386,33757,9805,1,0
25387,33758,9805,1,0
25388,33759,9805,1,0
25389,33760,9806,1,0
25390,33762,9806,1,1
25391,33763,9807,1,0
25392,33764,9807,1,0
25393,33765,9807,1,0
25394,33767,9807,1,0
25395,33768,9808,1,0
25396,33769,9808,1,1
25397,33770,9810,1,0
25398,33771,9810,1,0
25399,33772,9810,1,0
25400,33773,9810,1,0
25401,33774,9810,1,1
25402,33775,9811,1,1
25403,33776,9811,1,0
25404,33777,9811,1,1
25405,33779,9812,1,0
25406,33780,9812,1,0
25407,33783,9812,1,0
25408,33784,9812,1,1
25409,33785,9813,1,1
25410,33786,9814,1,0
25411,33788,9814,1,1
25412,33789,9815,1,0
25413,33790,9815,1,0
25414,33791,9817,1,1
25415,33792,9817,1,0
25416,33793,9817,1,1
25417,33794,9817,1,0
25418,33796,9817,1,1
25419,33797,9817,1,0
25420,33798,9817,1,0
25421,33799,9818,1,0
25422,33800,9818,1,0
25423,33801,9818,1,1
25424,33803,9818,1,1
25425,33804,9818,1,0
25426,33806,9821,1,0
25427,33807,9821,1,0
25428,33808,9821,1,0
25429,33809,9821,1,0
25430,33810,9821,1,0
25431,33811,9821,1,1
25432,33812,9821,1,0
25433,33813,9822,1,0
25434,33815,9822,1,1
25435,33817,9822,1,1
25436,33818,9822,1,0
25437,33819,9822,1,0
25438,33820,9823,1,1
25439,33822,9823,1,0
25440,33823,9823,1,0
25441,33824,9823,1,1
25442,33825,9823,1,0
25443,33826,9824,1,0
25444,33827,9824,1,0
25445,33829,9824,1,1
25446,33832,9825,1,0
25447,33833,9825,1,0
25448,33834,9826,1,0
25449,33836,9826,1,0
25450,33837,9827,1,0
25451,33840,9828,1,1
25452,33841,9828,1,0
25453,33843,9828,1,1
25454,33844,9829,1,0
25455,33845,9829,1,1
25456,33847,9829,1,0
25457,33848,9829,1,1
25458,33849,9830,1,1
25459,33851,9830,1,0
25460,33855,9831,1,0
25461,33856,9832,1,0
25462,33857,9832,1,1
25463,33858,9832,1,1
25464,33859,9832,1,0
25465,33860,9833,1,0
25466,33861,9833,1,1
25467,33864,9833,1,1
25468,33865,9833,1,0
25469,33866,9834,1,1
25470,33867,9835,1,1
25471,33869,9835,1,1
25472,33870,9835,1,0
25473,33872,9835,1,0
25474,33873,9835,1,1
25475,33874,9835,1,0
25476,33875,9836,1,1
25477,33877,9836,1,0
25478,33878,9837,1,1
25479,33879,9837,1,0
25480,33881,9838,1,0
25481,33882,9838,1,0
25482,33883,9838,1,0
25483,33884,9838,1,0
25484,33885,9838,1,1
25485,33886,9838,1,0
25486,33887,9839,1,0
25487,33888,9839,1,1
25488,33890,9839,1,0
25489,33893,9840,1,0
25490,33894,9840,1,1
25491,33895,9840,1,0
25492,33896,9841,1,0
25493,33897,9841,1,0
25494,33898,9841,1,0
25495,33901,9842,1,1
25496,33902,9842,1,0
25497,33903,9842,1,0
25498,33904,9842,1,1
25499,33905,9842,1,0
25500,33906,9843,1,0
25501,33907,9843,1,1
25502,33908,9843,1,1
25503,33909,9843,1,0
25504,33912,9844,1,0
25505,33913,9844,1,0
25506,33914,9844,1,0
25507,33916,9844,1,1
25508,33917,9845,1,0
25509,33918,9845,1,0
25510,33919,9845,1,1
25511,33920,9846,1,1
25512,33921,9846,1,0
25513,33922,9846,1,0
25514,33923,9847,1,1
25515,33924,9847,1,1
25516,33925,9847,1,1
25517,33926,9847,1,1
25518,33928,9847,1,1
25519,33931,9848,1,0
25520,33933,9849,1,0
25521,33934,9849,1,0
25522,33935,9850,1,0
25523,33936,9850,1,0
25524,33937,9850,1,0
25525,33939,9850,1,0
25526,33941,9851,1,1
25527,33942,9851,1,1
25528,33945,9852,1,1
25529,33946,9852,1,0
25530,33947,9852,1,1
25531,33948,9852,1,0
25532,33949,9853,1,0
25533,33951,9853,1,1
25534,33952,9853,1,0
25535,33953,9853,1,0
25536,33954,9854,1,0
25537,33955,9854,1,0
25538,33957,9854,1,1
25539,33958,9854,1,0
25540,33959,9854,1,1
25541,33962,9854,1,1
25542,33963,9855,1,0
25543,33964,9855,1,1
25544,33965,9855,1,0
25545,33966,9855,1,1
25546,33967,9856,1,1
25547,33969,9858,1,0
25548,33970,9858,1,0
25549,33971,9858,1,0
25550,33972,9859,1,1
25551,33973,9859,1,1
25552,33975,9859,1,0
25553,33976,9859,1,0
25554,33977,9859,1,0
25555,33978,9860,1,0
25556,33979,9861,1,0
25557,33980,9861,1,0
25558,33981,9862,1,0
25559,33984,9862,1,1
25560,33987,9863,1,0
25561,33988,9863,1,1
25562,33989,9863,1,0
25563,33990,9863,1,1
25564,33991,9863,1,0
25565,33992,9864,1,0
25566,33993,9864,1,0
25567,33996,9865,1,0
25568,33997,9866,1,1
25569,33998,9866,1,0
25570,33999,9866,1,0
25571,34001,9866,1,1
25572,34002,9866,1,0
25573,34003,9866,1,0
25574,34004,9867,1,0
25575,34005,9868,1,0
25576,34009,9868,1,1
25577,34010,9869,1,1
25578,34011,9869,1,0
25579,34012,9869,1,0
25580,34014,9869,1,1
25581,34015,9870,1,1
25582,34016,9870,1,0
25583,34020,9871,1,1
25584,34022,9871,1,1
25585,34023,9871,1,0
25586,34024,9872,1,1
25587,34025,9872,1,1
25588,34028,9873,1,0
25589,34029,9874,1,1
25590,34030,9874,1,0
25591,34031,9874,1,1
25592,34032,9875,1,1
25593,34033,9875,1,0
25594,34034,9875,1,0
25595,34035,9875,1,1
25596,34036,9876,1,0
25597,34037,9876,1,0
25598,34038,9876,1,0
25599,34040,9877,1,0
25600,34042,9877,1,0
25601,34043,9878,1,0
25602,34044,9878,1,1
25603,34046,9878,1,1
25604,34048,9879,1,0
25605,34049,9879,1,0
25606,34050,9879,1,0
25607,34051,9879,1,1
25608,34052,9879,1,0
25609,34053,9879,1,0
25610,34055,9880,1,0
25611,34056,9881,1,1
25612,34058,9881,1,0
25613,34060,9882,1,0
25614,34061,9882,1,0
25615,34062,9883,1,0
25616,34063,9883,1,0
25617,34064,9883,1,0
25618,34066,9883,1,0
25619,34067,9884,1,1
25620,34068,9885,1,1
25621,34069,9885,1,0
25622,34071,9885,1,0
25623,34072,9886,1,0
25624,34073,9886,1,0
25625,34074,9886,1,1
25626,34075,9886,1,1
25627,34076,9886,1,0
25628,34077,9887,1,0
25629,34078,9887,1,1
25630,34079,9887,1,1
25631,34081,9888,1,0
25632,34083,9888,1,1
25633,34084,9889,1,0
25634,34085,9889,1,1
25635,34087,9889,1,1
25636,34088,9889,1,0
25637,34090,9890,1,0
25638,34091,9890,1,0
25639,34093,9890,1,0
25640,34094,9890,1,1
25641,34095,9891,1,0
25642,34096,9891,1,0
25643,34097,9892,1,1
25644,34098,9893,1,0
25645,34100,9893,1,0
25646,34101,9893,1,0
25647,34102,9893,1,1
25648,34104,9894,1,0
25649,34105,9894,1,1
25650,34106,9894,1,0
25651,34107,9895,1,0
25652,34108,9895,1,0
25653,34109,9895,1,1
25654,34110,9895,1,0
25655,34112,9895,1,0
25656,34114,9895,1,0
25657,34115,9896,1,0
25658,34116,9897,1,1
25659,34117,9898,1,1
25660,34120,9899,1,0
25661,34121,9899,1,1
25662,34122,9900,1,0
25663,34125,9902,1,0
25664,34126,9902,1,1
25665,34127,9902,1,1
25666,34128,9902,1,0
25667,34129,9902,1,0
25668,34130,9902,1,0
25669,34132,9903,1,0
25670,34133,9904,1,0
25671,34134,9904,1,0
25672,34137,9906,1,0
25673,34139,9906,1,0
25674,34140,9908,1,0
25675,34142,9909,1,1
25676,34143,9909,1,0
25677,34144,9909,1,1
25678,34145,9909,1,0
25679,34146,9910,1,1
25680,34147,9910,1,0
25681,34148,9910,1,0
25682,34149,9910,1,0
25683,34150,9910,1,0
25684,34152,9911,1,0
25685,34153,9911,1,0
25686,34155,9911,1,0
25687,34156,9912,1,1
25688,34157,9912,1,0
25689,34158,9912,1,1
25690,34159,9912,1,1
25691,34160,9912,1,0
25692,34161,9912,1,0
25693,34162,9912,1,0
25694,34163,9912,1,0
25695,34166,9913,1,0
25696,34167,9913,1,0
25697,34168,9913,1,0
25698,34170,9913,1,1
25699,34171,9914,1,1
25700,34172,9914,1,1
25701,34173,9914,1,0
25702,34174,9915,1,0
25703,34175,9915,1,0
25704,34176,9915,1,0
25705,34177,9915,1,0
25706,34179,9915,1,1
25707,34180,9915,1,0
25708,34182,9915,1,0
25709,34183,9917,1,0
25710,34184,9917,1,1
25711,34185,9917,1,1
25712,34186,9917,1,0
25713,34187,9917,1,1
25714,34189,9917,1,0
25715,34190,9918,1,1
25716,34191,9919,1,1
25717,34192,9919,1,0
25718,34193,9919,1,1
25719,34195,9919,1,0
25720,34196,9919,1,0
25721,34198,9920,1,0
25722,34200,9921,1,1
25723,34204,9922,1,1
25724,34205,9922,1,0
25725,34206,9922,1,0
25726,34208,9923,1,0
25727,34209,9925,1,0
25728,34210,9925,1,1
25729,34211,9926,1,0
25730,34212,9927,1,0
25731,34213,9927,1,0
25732,34214,9927,1,0
25733,34215,9927,1,0
25734,34216,9927,1,1
25735,34217,9928,1,1
25736,34218,9928,1,1
25737,34219,9928,1,0
25738,34220,9928,1,0
25739,34221,9928,1,1
25740,34222,9929,1,0
25741,34223,9929,1,0
25742,34224,9929,1,0
25743,34227,9930,1,0
25744,34228,9931,1,1
25745,34232,9931,1,1
25746,34233,9931,1,0
25747,34234,9931,1,0
25748,34235,9931,1,0
25749,34237,9932,1,0
25750,34238,9932,1,0
25751,34239,9932,1,1
25752,34241,9933,1,0
25753,34242,9933,1,1
25754,34243,9933,1,1
25755,34244,9933,1,0
25756,34245,9933,1,1
25757,34246,9934,1,1
25758,34247,9934,1,1
25759,34248,9934,1,0
25760,34249,9935,1,0
25761,34251,9935,1,0
25762,34252,9937,1,1
25763,34254,9937,1,0
25764,34255,9937,1,0
25765,34257,9937,1,0
25766,34258,9938,1,1
25767,34259,9938,1,0
25768,34260,9938,1,0
25769,34261,9939,1,1
25770,34262,9939,1,0
25771,34263,9939,1,1
25772,34264,9939,1,0
25773,34265,9940,1,0
25774,34266,9941,1,1
25775,34267,9941,1,1
25776,34269,9941,1,0
25777,34270,9941,1,0
25778,34272,9943,1,0
25779,34273,9943,1,1
25780,34275,9943,1,1
25781,34276,9943,1,1
25782,34277,9944,1,1
25783,34278,9944,1,0
25784,34279,9944,1,1
25785,34280,9944,1,0
25786,34281,9945,1,0
25787,34282,9946,1,0
25788,34285,9947,1,0
25789,34286,9948,1,0
25790,34287,9948,1,0
25791,34288,9948,1,0
25792,34289,9949,1,0
25793,34291,9951,1,0
25794,34292,9952,1,0
25795,34293,9953,1,0
25796,34295,9953,1,1
25797,34296,9953,1,1
25798,34299,9954,1,0
25799,34300,9954,1,1
25800,34301,9954,1,0
25801,34302,9954,1,0
25802,34304,9954,1,0
25803,34307,9955,1,1
25804,34308,9955,1,1
25805,34311,9957,1,1
25806,34313,9958,1,1
25807,34314,9958,1,1
25808,34316,9958,1,0
25809,34317,9958,1,0
25810,34318,9958,1,1
25811,34319,9958,1,0
25812,34320,9959,1,0
25813,34321,9959,1,0
25814,34322,9960,1,0
25815,34323,9960,1,0
25816,34324,9960,1,0
25817,34326,9961,1,0
25818,34327,9961,1,1
25819,34329,9961,1,0
25820,34330,9961,1,0
25821,34331,9962,1,1
25822,34332,9963,1,0
25823,34333,9963,1,1
25824,34334,9963,1,1
25825,34335,9963,1,0
25826,34336,9964,1,1
25827,34337,9965,1,0
25828,34340,9966,1,0
25829,34341,9966,1,1
25830,34344,9967,1,1
25831,34346,9967,1,1
25832,34347,9969,1,1
25833,34348,9969,1,0
25834,34349,9970,1,1
25835,34350,9971,1,1
25836,34353,9972,1,0
25837,34354,9972,1,1
25838,34355,9972,1,0
25839,34356,9972,1,0
25840,34358,9972,1,0
25841,34359,9972,1,0
25842,34360,9972,1,1
25843,34361,9972,1,1
25844,34362,9973,1,0
25845,34363,9973,1,0
25846,34364,9973,1,0
25847,34365,9974,1,0
25848,34366,9975,1,0
25849,34367,9975,1,0
25850,34368,9975,1,1
25851,34369,9976,1,0
25852,34370,9976,1,0
25853,34371,9976,1,0
25854,34373,9976,1,1
25855,34375,9976,1,1
25856,34376,9978,1,1
25857,34377,9978,1,0
25858,34378,9978,1,1
25859,34379,9978,1,0
25860,34380,9979,1,1
25861,34381,9979,1,0
25862,34382,9980,1,1
25863,34383,9980,1,0
25864,34385,9980,1,1
25865,34386,9980,1,0
25866,34388,9981,1,0
25867,34389,9981,1,0
25868,34390,9981,1,0
25869,34391,9982,1,0
25870,34392,9982,1,1
25871,34393,9982,1,1
25872,34394,9982,1,1
25873,34395,9983,1,1
25874,34396,9984,1,0
25875,34397,9985,1,0
25876,34399,9985,1,1
25877,34400,9985,1,0
25878,34402,9986,1,0
25879,34403,9986,1,0
25880,34404,9986,1,0
25881,34405,9986,1,0
25882,34406,9987,1,0
25883,34407,9987,1,1
25884,34410,9987,1,1
25885,34411,9987,1,0
25886,34412,9987,1,0
25887,34413,9987,1,0
25888,34416,9988,1,0
25889,34419,9988,1,0
25890,34420,9988,1,1
25891,34422,9989,1,1
25892,34423,9990,1,0
25893,34424,9990,1,0
25894,34425,9990,1,0
25895,34426,9991,1,0
25896,34429,9994,1,1
25897,34430,9994,1,0
25898,34431,9994,1,1
25899,34433,9994,1,0
25900,34434,9995,1,1
25901,34440,9996,1,0
25902,34441,9996,1,0
25903,34442,9996,1,0
25904,34443,9996,1,0
25905,34445,9997,1,1
25906,34446,9997,1,0
25907,34448,9997,1,0
25908,34449,9998,1,1
25909,34450,9998,1,0
25910,34451,9998,1,0
25911,34452,9998,1,1
25912,34453,9998,1,0
25913,34456,10000,1,0
