user_id,experiment_group,assigned_date
1,B,2026-06-01
2,A,2026-06-01
3,A,2026-06-01
4,B,2026-06-01
5,A,2026-06-01
6,B,2026-06-01
7,B,2026-06-01
8,A,2026-06-01
9,B,2026-06-01
10,A,2026-06-01
11,A,2026-06-01
12,A,2026-06-01
13,A,2026-06-01
14,A,2026-06-01
15,A,2026-06-01
16,B,2026-06-01
17,B,2026-06-01
18,B,2026-06-01
19,B,2026-06-01
20,A,2026-06-01
21,A,2026-06-01
22,A,2026-06-01
23,A,2026-06-01
24,B,2026-06-01
25,B,2026-06-01
26,A,2026-06-01
27,A,2026-06-01
28,A,2026-06-01
29,A,2026-06-01
30,A,2026-06-01
31,B,2026-06-01
32,A,2026-06-01
33,B,2026-06-01
34,A,2026-06-01
35,A,2026-06-01
36,B,2026-06-01
37,B,2026-06-01
38,A,2026-06-01
39,B,2026-06-01
40,A,2026-06-01
41,A,2026-06-01
42,B,2026-06-01
43,B,2026-06-01
44,A,2026-06-01
45,A,2026-06-01
46,B,2026-06-01
47,A,2026-06-01
48,A,2026-06-01
49,B,2026-06-01
50,B,2026-06-01
51,A,2026-06-01
52,B,2026-06-01
53,B,2026-06-01
54,A,2026-06-01
55,B,2026-06-01
56,B,2026-06-01
57,A,2026-06-01
58,A,2026-06-01
59,B,2026-06-01
60,B,2026-06-01
61,A,2026-06-01
62,B,2026-06-01
63,B,2026-06-01
64,B,2026-06-01
65,B,2026-06-01
66,A,2026-06-01
67,A,2026-06-01
68,B,2026-06-01
69,A,2026-06-01
70,B,2026-06-01
71,A,2026-06-01
72,A,2026-06-01
73,A,2026-06-01
74,B,2026-06-01
75,B,2026-06-01
76,A,2026-06-01
77,A,2026-06-01
78,A,2026-06-01
79,B,2026-06-01
80,A,2026-06-01
81,B,2026-06-01
82,B,2026-06-01
83,A,2026-06-01
84,B,2026-06-01
85,A,2026-06-01
86,B,2026-06-01
87,A,2026-06-01
88,A,2026-06-01
89,B,2026-06-01
90,A,2026-06-01
91,B,2026-06-01
92,B,2026-06-01
93,B,2026-06-01
94,A,2026-06-01
95,B,2026-06-01
96,B,2026-06-01
97,A,2026-06-01
98,B,2026-06-01
99,B,2026-06-01
100,A,2026-06-01
101,B,2026-06-01
102,A,2026-06-01
103,A,2026-06-01
104,A,2026-06-01
105,B,2026-06-01
106,A,2026-06-01
107,B,2026-06-01
108,B,2026-06-01
109,B,2026-06-01
110,A,2026-06-01
111,B,2026-06-01
112,B,2026-06-01
113,A,2026-06-01
114,B,2026-06-01
115,B,2026-06-01
116,B,2026-06-01
117,A,2026-06-01
118,A,2026-06-01
119,A,2026-06-01
120,A,2026-06-01
121,B,2026-06-01
122,B,2026-06-01
123,B,2026-06-01
124,B,2026-06-01
125,B,2026-06-01
126,A,2026-06-01
127,B,2026-06-01
128,A,2026-06-01
129,A,2026-06-01
130,B,2026-06-01
131,A,2026-06-01
132,A,2026-06-01
133,B,2026-06-01
134,A,2026-06-01
135,A,2026-06-01
136,A,2026-06-01
137,A,2026-06-01
138,A,2026-06-01
139,B,2026-06-01
140,A,2026-06-01
141,B,2026-06-01
142,A,2026-06-01
143,A,2026-06-01
144,B,2026-06-01
145,B,2026-06-01
146,B,2026-06-01
147,B,2026-06-01
148,A,2026-06-01
149,A,2026-06-01
150,B,2026-06-01
151,A,2026-06-01
152,A,2026-06-01
153,A,2026-06-01
154,B,2026-06-01
155,A,2026-06-01
156,A,2026-06-01
157,A,2026-06-01
158,B,2026-06-01
159,A,2026-06-01
160,A,2026-06-01
161,B,2026-06-01
162,B,2026-06-01
163,B,2026-06-01
164,B,2026-06-01
165,A,2026-06-01
166,A,2026-06-01
167,A,2026-06-01
168,B,2026-06-01
169,A,2026-06-01
170,B,2026-06-01
171,B,2026-06-01
172,A,2026-06-01
173,A,2026-06-01
174,A,2026-06-01
175,A,2026-06-01
176,A,2026-06-01
177,B,2026-06-01
178,A,2026-06-01
179,A,2026-06-01
180,A,2026-06-01
181,B,2026-06-01
182,B,2026-06-01
183,B,2026-06-01
184,B,2026-06-01
185,A,2026-06-01
186,A,2026-06-01
187,A,2026-06-01
188,A,2026-06-01
189,B,2026-06-01
190,A,2026-06-01
191,A,2026-06-01
192,B,2026-06-01
193,B,2026-06-01
194,B,2026-06-01
195,A,2026-06-01
196,B,2026-06-01
197,B,2026-06-01
198,A,2026-06-01
199,B,2026-06-01
200,B,2026-06-01
201,A,2026-06-01
202,A,2026-06-01
203,A,2026-06-01
204,A,2026-06-01
205,B,2026-06-01
206,A,2026-06-01
207,B,2026-06-01
208,B,2026-06-01
209,B,2026-06-01
210,A,2026-06-01
211,A,2026-06-01
212,A,2026-06-01
213,A,2026-06-01
214,A,2026-06-01
215,B,2026-06-01
216,A,2026-06-01
217,B,2026-06-01
218,A,2026-06-01
219,B,2026-06-01
220,B,2026-06-01
221,A,2026-06-01
222,B,2026-06-01
223,B,2026-06-01
224,B,2026-06-01
225,B,2026-06-01
226,A,2026-06-01
227,A,2026-06-01
228,A,2026-06-01
229,B,2026-06-01
230,B,2026-06-01
231,B,2026-06-01
232,A,2026-06-01
233,B,2026-06-01
234,B,2026-06-01
235,A,2026-06-01
236,A,2026-06-01
237,A,2026-06-01
238,B,2026-06-01
239,B,2026-06-01
240,A,2026-06-01
241,A,2026-06-01
242,B,2026-06-01
243,B,2026-06-01
244,B,2026-06-01
245,B,2026-06-01
246,A,2026-06-01
247,B,2026-06-01
248,A,2026-06-01
249,B,2026-06-01
250,A,2026-06-01
251,B,2026-06-01
252,A,2026-06-01
253,B,2026-06-01
254,A,2026-06-01
255,A,2026-06-01
256,B,2026-06-01
257,A,2026-06-01
258,B,2026-06-01
259,B,2026-06-01
260,B,2026-06-01
261,B,2026-06-01
262,B,2026-06-01
263,B,2026-06-01
264,B,2026-06-01
265,A,2026-06-01
266,A,2026-06-01
267,B,2026-06-01
268,A,2026-06-01
269,A,2026-06-01
270,A,2026-06-01
271,A,2026-06-01
272,B,2026-06-01
273,B,2026-06-01
274,B,2026-06-01
275,B,2026-06-01
276,A,2026-06-01
277,A,2026-06-01
278,A,2026-06-01
279,B,2026-06-01
280,A,2026-06-01
281,A,2026-06-01
282,B,2026-06-01
283,B,2026-06-01
284,A,2026-06-01
285,A,2026-06-01
286,B,2026-06-01
287,B,2026-06-01
288,A,2026-06-01
289,A,2026-06-01
290,B,2026-06-01
291,B,2026-06-01
292,B,2026-06-01
293,B,2026-06-01
294,B,2026-06-01
295,A,2026-06-01
296,A,2026-06-01
297,B,2026-06-01
298,B,2026-06-01
299,B,2026-06-01
300,A,2026-06-01
301,B,2026-06-01
302,A,2026-06-01
303,B,2026-06-01
304,A,2026-06-01
305,B,2026-06-01
306,B,2026-06-01
307,A,2026-06-01
308,A,2026-06-01
309,B,2026-06-01
310,B,2026-06-01
311,A,2026-06-01
312,A,2026-06-01
313,A,2026-06-01
314,B,2026-06-01
315,A,2026-06-01
316,A,2026-06-01
317,B,2026-06-01
318,B,2026-06-01
319,A,2026-06-01
320,B,2026-06-01
321,B,2026-06-01
322,B,2026-06-01
323,A,2026-06-01
324,B,2026-06-01
325,A,2026-06-01
326,A,2026-06-01
327,A,2026-06-01
328,B,2026-06-01
329,B,2026-06-01
330,B,2026-06-01
331,A,2026-06-01
332,B,2026-06-01
333,B,2026-06-01
334,A,2026-06-01
335,B,2026-06-01
336,A,2026-06-01
337,B,2026-06-01
338,A,2026-06-01
339,B,2026-06-01
340,B,2026-06-01
341,B,2026-06-01
342,A,2026-06-01
343,A,2026-06-01
344,A,2026-06-01
345,B,2026-06-01
346,B,2026-06-01
347,A,2026-06-01
348,A,2026-06-01
349,B,2026-06-01
350,B,2026-06-01
351,A,2026-06-01
352,A,2026-06-01
353,A,2026-06-01
354,B,2026-06-01
355,B,2026-06-01
356,B,2026-06-01
357,A,2026-06-01
358,B,2026-06-01
359,A,2026-06-01
360,A,2026-06-01
361,B,2026-06-01
362,A,2026-06-01
363,A,2026-06-01
364,B,2026-06-01
365,A,2026-06-01
366,B,2026-06-01
367,B,2026-06-01
368,B,2026-06-01
369,A,2026-06-01
370,A,2026-06-01
371,A,2026-06-01
372,A,2026-06-01
373,B,2026-06-01
374,A,2026-06-01
375,A,2026-06-01
376,B,2026-06-01
377,B,2026-06-01
378,B,2026-06-01
379,A,2026-06-01
380,B,2026-06-01
381,B,2026-06-01
382,A,2026-06-01
383,A,2026-06-01
384,A,2026-06-01
385,B,2026-06-01
386,A,2026-06-01
387,B,2026-06-01
388,B,2026-06-01
389,B,2026-06-01
390,A,2026-06-01
391,A,2026-06-01
392,A,2026-06-01
393,A,2026-06-01
394,B,2026-06-01
395,A,2026-06-01
396,A,2026-06-01
397,A,2026-06-01
398,A,2026-06-01
399,B,2026-06-01
400,B,2026-06-01
401,B,2026-06-01
402,A,2026-06-01
403,B,2026-06-01
404,B,2026-06-01
405,A,2026-06-01
406,A,2026-06-01
407,B,2026-06-01
408,B,2026-06-01
409,B,2026-06-01
410,A,2026-06-01
411,A,2026-06-01
412,B,2026-06-01
413,B,2026-06-01
414,B,2026-06-01
415,B,2026-06-01
416,A,2026-06-01
417,B,2026-06-01
418,B,2026-06-01
419,B,2026-06-01
420,A,2026-06-01
421,A,2026-06-01
422,B,2026-06-01
423,B,2026-06-01
424,B,2026-06-01
425,B,2026-06-01
426,B,2026-06-01
427,B,2026-06-01
428,A,2026-06-01
429,A,2026-06-01
430,A,2026-06-01
431,B,2026-06-01
432,A,2026-06-01
433,A,2026-06-01
434,B,2026-06-01
435,B,2026-06-01
436,B,2026-06-01
437,A,2026-06-01
438,B,2026-06-01
439,A,2026-06-01
440,A,2026-06-01
441,A,2026-06-01
442,A,2026-06-01
443,A,2026-06-01
444,B,2026-06-01
445,A,2026-06-01
446,B,2026-06-01
447,A,2026-06-01
448,A,2026-06-01
449,B,2026-06-01
450,B,2026-06-01
451,B,2026-06-01
452,B,2026-06-01
453,B,2026-06-01
454,B,2026-06-01
455,B,2026-06-01
456,B,2026-06-01
457,A,2026-06-01
458,B,2026-06-01
459,A,2026-06-01
460,A,2026-06-01
461,B,2026-06-01
462,A,2026-06-01
463,A,2026-06-01
464,A,2026-06-01
465,B,2026-06-01
466,A,2026-06-01
467,A,2026-06-01
468,B,2026-06-01
469,A,2026-06-01
470,A,2026-06-01
471,A,2026-06-01
472,A,2026-06-01
473,A,2026-06-01
474,A,2026-06-01
475,A,2026-06-01
476,B,2026-06-01
477,B,2026-06-01
478,B,2026-06-01
479,A,2026-06-01
480,A,2026-06-01
481,B,2026-06-01
482,A,2026-06-01
483,B,2026-06-01
484,A,2026-06-01
485,B,2026-06-01
486,A,2026-06-01
487,A,2026-06-01
488,B,2026-06-01
489,B,2026-06-01
490,A,2026-06-01
491,B,2026-06-01
492,A,2026-06-01
493,A,2026-06-01
494,B,2026-06-01
495,B,2026-06-01
496,B,2026-06-01
497,A,2026-06-01
498,A,2026-06-01
499,B,2026-06-01
500,A,2026-06-01
501,A,2026-06-01
502,A,2026-06-01
503,A,2026-06-01
504,A,2026-06-01
505,A,2026-06-01
506,B,2026-06-01
507,B,2026-06-01
508,A,2026-06-01
509,A,2026-06-01
510,A,2026-06-01
511,A,2026-06-01
512,B,2026-06-01
513,B,2026-06-01
514,B,2026-06-01
515,B,2026-06-01
516,A,2026-06-01
517,A,2026-06-01
518,B,2026-06-01
519,B,2026-06-01
520,A,2026-06-01
521,A,2026-06-01
522,B,2026-06-01
523,A,2026-06-01
524,B,2026-06-01
525,B,2026-06-01
526,A,2026-06-01
527,B,2026-06-01
528,B,2026-06-01
529,B,2026-06-01
530,A,2026-06-01
531,A,2026-06-01
532,B,2026-06-01
533,A,2026-06-01
534,A,2026-06-01
535,A,2026-06-01
536,B,2026-06-01
537,A,2026-06-01
538,A,2026-06-01
539,A,2026-06-01
540,B,2026-06-01
541,B,2026-06-01
542,A,2026-06-01
543,B,2026-06-01
544,A,2026-06-01
545,B,2026-06-01
546,B,2026-06-01
547,B,2026-06-01
548,A,2026-06-01
549,B,2026-06-01
550,B,2026-06-01
551,B,2026-06-01
552,A,2026-06-01
553,A,2026-06-01
554,B,2026-06-01
555,A,2026-06-01
556,B,2026-06-01
557,A,2026-06-01
558,B,2026-06-01
559,A,2026-06-01
560,A,2026-06-01
561,A,2026-06-01
562,A,2026-06-01
563,B,2026-06-01
564,B,2026-06-01
565,B,2026-06-01
566,B,2026-06-01
567,B,2026-06-01
568,A,2026-06-01
569,A,2026-06-01
570,A,2026-06-01
571,B,2026-06-01
572,A,2026-06-01
573,A,2026-06-01
574,B,2026-06-01
575,B,2026-06-01
576,B,2026-06-01
577,B,2026-06-01
578,B,2026-06-01
579,A,2026-06-01
580,B,2026-06-01
581,B,2026-06-01
582,A,2026-06-01
583,A,2026-06-01
584,A,2026-06-01
585,A,2026-06-01
586,B,2026-06-01
587,A,2026-06-01
588,A,2026-06-01
589,B,2026-06-01
590,B,2026-06-01
591,B,2026-06-01
592,B,2026-06-01
593,A,2026-06-01
594,B,2026-06-01
595,A,2026-06-01
596,A,2026-06-01
597,A,2026-06-01
598,A,2026-06-01
599,B,2026-06-01
600,B,2026-06-01
601,B,2026-06-01
602,A,2026-06-01
603,B,2026-06-01
604,B,2026-06-01
605,A,2026-06-01
606,B,2026-06-01
607,A,2026-06-01
608,A,2026-06-01
609,B,2026-06-01
610,B,2026-06-01
611,A,2026-06-01
612,B,2026-06-01
613,B,2026-06-01
614,B,2026-06-01
615,A,2026-06-01
616,A,2026-06-01
617,A,2026-06-01
618,B,2026-06-01
619,A,2026-06-01
620,A,2026-06-01
621,A,2026-06-01
622,B,2026-06-01
623,B,2026-06-01
624,B,2026-06-01
625,A,2026-06-01
626,A,2026-06-01
627,B,2026-06-01
628,B,2026-06-01
629,B,2026-06-01
630,B,2026-06-01
631,B,2026-06-01
632,B,2026-06-01
633,B,2026-06-01
634,B,2026-06-01
635,A,2026-06-01
636,A,2026-06-01
637,B,2026-06-01
638,A,2026-06-01
639,B,2026-06-01
640,A,2026-06-01
641,A,2026-06-01
642,A,2026-06-01
643,A,2026-06-01
644,A,2026-06-01
645,A,2026-06-01
646,B,2026-06-01
647,A,2026-06-01
648,A,2026-06-01
649,A,2026-06-01
650,B,2026-06-01
651,B,2026-06-01
652,B,2026-06-01
653,A,2026-06-01
654,A,2026-06-01
655,B,2026-06-01
656,B,2026-06-01
657,A,2026-06-01
658,A,2026-06-01
659,A,2026-06-01
660,A,2026-06-01
661,B,2026-06-01
662,B,2026-06-01
663,A,2026-06-01
664,A,2026-06-01
665,B,2026-06-01
666,B,2026-06-01
667,B,2026-06-01
668,A,2026-06-01
669,B,2026-06-01
670,A,2026-06-01
671,A,2026-06-01
672,A,2026-06-01
673,B,2026-06-01
674,A,2026-06-01
675,B,2026-06-01
676,A,2026-06-01
677,A,2026-06-01
678,A,2026-06-01
679,A,2026-06-01
680,A,2026-06-01
681,A,2026-06-01
682,A,2026-06-01
683,A,2026-06-01
684,B,2026-06-01
685,A,2026-06-01
686,B,2026-06-01
687,B,2026-06-01
688,A,2026-06-01
689,B,2026-06-01
690,B,2026-06-01
691,A,2026-06-01
692,B,2026-06-01
693,B,2026-06-01
694,B,2026-06-01
695,B,2026-06-01
696,A,2026-06-01
697,A,2026-06-01
698,B,2026-06-01
699,B,2026-06-01
700,B,2026-06-01
701,B,2026-06-01
702,A,2026-06-01
703,A,2026-06-01
704,B,2026-06-01
705,B,2026-06-01
706,B,2026-06-01
707,B,2026-06-01
708,A,2026-06-01
709,B,2026-06-01
710,B,2026-06-01
711,B,2026-06-01
712,A,2026-06-01
713,A,2026-06-01
714,B,2026-06-01
715,A,2026-06-01
716,B,2026-06-01
717,A,2026-06-01
718,A,2026-06-01
719,B,2026-06-01
720,A,2026-06-01
721,B,2026-06-01
722,A,2026-06-01
723,B,2026-06-01
724,A,2026-06-01
725,A,2026-06-01
726,B,2026-06-01
727,B,2026-06-01
728,A,2026-06-01
729,B,2026-06-01
730,B,2026-06-01
731,B,2026-06-01
732,B,2026-06-01
733,A,2026-06-01
734,A,2026-06-01
735,A,2026-06-01
736,B,2026-06-01
737,A,2026-06-01
738,A,2026-06-01
739,A,2026-06-01
740,A,2026-06-01
741,B,2026-06-01
742,B,2026-06-01
743,B,2026-06-01
744,B,2026-06-01
745,B,2026-06-01
746,B,2026-06-01
747,A,2026-06-01
748,A,2026-06-01
749,A,2026-06-01
750,A,2026-06-01
751,B,2026-06-01
752,B,2026-06-01
753,A,2026-06-01
754,B,2026-06-01
755,B,2026-06-01
756,A,2026-06-01
757,B,2026-06-01
758,B,2026-06-01
759,B,2026-06-01
760,B,2026-06-01
761,A,2026-06-01
762,A,2026-06-01
763,A,2026-06-01
764,B,2026-06-01
765,A,2026-06-01
766,A,2026-06-01
767,B,2026-06-01
768,B,2026-06-01
769,B,2026-06-01
770,A,2026-06-01
771,A,2026-06-01
772,A,2026-06-01
773,B,2026-06-01
774,A,2026-06-01
775,B,2026-06-01
776,B,2026-06-01
777,A,2026-06-01
778,A,2026-06-01
779,B,2026-06-01
780,B,2026-06-01
781,B,2026-06-01
782,A,2026-06-01
783,A,2026-06-01
784,B,2026-06-01
785,B,2026-06-01
786,A,2026-06-01
787,B,2026-06-01
788,B,2026-06-01
789,A,2026-06-01
790,B,2026-06-01
791,A,2026-06-01
792,B,2026-06-01
793,B,2026-06-01
794,A,2026-06-01
795,B,2026-06-01
796,B,2026-06-01
797,B,2026-06-01
798,A,2026-06-01
799,B,2026-06-01
800,B,2026-06-01
801,B,2026-06-01
802,B,2026-06-01
803,A,2026-06-01
804,A,2026-06-01
805,B,2026-06-01
806,A,2026-06-01
807,B,2026-06-01
808,B,2026-06-01
809,A,2026-06-01
810,B,2026-06-01
811,A,2026-06-01
812,B,2026-06-01
813,A,2026-06-01
814,A,2026-06-01
815,A,2026-06-01
816,B,2026-06-01
817,A,2026-06-01
818,A,2026-06-01
819,A,2026-06-01
820,A,2026-06-01
821,B,2026-06-01
822,A,2026-06-01
823,B,2026-06-01
824,B,2026-06-01
825,B,2026-06-01
826,A,2026-06-01
827,B,2026-06-01
828,A,2026-06-01
829,B,2026-06-01
830,B,2026-06-01
831,B,2026-06-01
832,B,2026-06-01
833,B,2026-06-01
834,B,2026-06-01
835,A,2026-06-01
836,A,2026-06-01
837,A,2026-06-01
838,A,2026-06-01
839,B,2026-06-01
840,B,2026-06-01
841,A,2026-06-01
842,B,2026-06-01
843,A,2026-06-01
844,B,2026-06-01
845,B,2026-06-01
846,B,2026-06-01
847,B,2026-06-01
848,A,2026-06-01
849,B,2026-06-01
850,A,2026-06-01
851,A,2026-06-01
852,B,2026-06-01
853,A,2026-06-01
854,B,2026-06-01
855,B,2026-06-01
856,A,2026-06-01
857,B,2026-06-01
858,A,2026-06-01
859,B,2026-06-01
860,B,2026-06-01
861,A,2026-06-01
862,A,2026-06-01
863,A,2026-06-01
864,B,2026-06-01
865,A,2026-06-01
866,A,2026-06-01
867,B,2026-06-01
868,B,2026-06-01
869,B,2026-06-01
870,B,2026-06-01
871,B,2026-06-01
872,B,2026-06-01
873,A,2026-06-01
874,B,2026-06-01
875,A,2026-06-01
876,A,2026-06-01
877,B,2026-06-01
878,A,2026-06-01
879,B,2026-06-01
880,A,2026-06-01
881,A,2026-06-01
882,B,2026-06-01
883,B,2026-06-01
884,B,2026-06-01
885,B,2026-06-01
886,A,2026-06-01
887,B,2026-06-01
888,A,2026-06-01
889,B,2026-06-01
890,A,2026-06-01
891,B,2026-06-01
892,B,2026-06-01
893,A,2026-06-01
894,B,2026-06-01
895,A,2026-06-01
896,A,2026-06-01
897,B,2026-06-01
898,A,2026-06-01
899,A,2026-06-01
900,B,2026-06-01
901,B,2026-06-01
902,A,2026-06-01
903,B,2026-06-01
904,B,2026-06-01
905,B,2026-06-01
906,B,2026-06-01
907,B,2026-06-01
908,B,2026-06-01
909,A,2026-06-01
910,A,2026-06-01
911,B,2026-06-01
912,B,2026-06-01
913,B,2026-06-01
914,A,2026-06-01
915,A,2026-06-01
916,B,2026-06-01
917,B,2026-06-01
918,B,2026-06-01
919,B,2026-06-01
920,A,2026-06-01
921,B,2026-06-01
922,B,2026-06-01
923,A,2026-06-01
924,A,2026-06-01
925,B,2026-06-01
926,B,2026-06-01
927,A,2026-06-01
928,A,2026-06-01
929,A,2026-06-01
930,A,2026-06-01
931,B,2026-06-01
932,B,2026-06-01
933,B,2026-06-01
934,B,2026-06-01
935,A,2026-06-01
936,A,2026-06-01
937,A,2026-06-01
938,A,2026-06-01
939,A,2026-06-01
940,B,2026-06-01
941,B,2026-06-01
942,B,2026-06-01
943,B,2026-06-01
944,B,2026-06-01
945,B,2026-06-01
946,A,2026-06-01
947,B,2026-06-01
948,A,2026-06-01
949,A,2026-06-01
950,A,2026-06-01
951,B,2026-06-01
952,B,2026-06-01
953,B,2026-06-01
954,B,2026-06-01
955,B,2026-06-01
956,B,2026-06-01
957,B,2026-06-01
958,B,2026-06-01
959,A,2026-06-01
960,A,2026-06-01
961,B,2026-06-01
962,A,2026-06-01
963,B,2026-06-01
964,B,2026-06-01
965,B,2026-06-01
966,A,2026-06-01
967,B,2026-06-01
968,A,2026-06-01
969,B,2026-06-01
970,B,2026-06-01
971,B,2026-06-01
972,B,2026-06-01
973,A,2026-06-01
974,B,2026-06-01
975,A,2026-06-01
976,A,2026-06-01
977,A,2026-06-01
978,B,2026-06-01
979,A,2026-06-01
980,A,2026-06-01
981,B,2026-06-01
982,B,2026-06-01
983,A,2026-06-01
984,B,2026-06-01
985,B,2026-06-01
986,A,2026-06-01
987,B,2026-06-01
988,B,2026-06-01
989,B,2026-06-01
990,A,2026-06-01
991,B,2026-06-01
992,A,2026-06-01
993,B,2026-06-01
994,A,2026-06-01
995,A,2026-06-01
996,A,2026-06-01
997,B,2026-06-01
998,A,2026-06-01
999,A,2026-06-01
1000,A,2026-06-01
1001,B,2026-06-01
1002,A,2026-06-01
1003,B,2026-06-01
1004,A,2026-06-01
1005,A,2026-06-01
1006,B,2026-06-01
1007,B,2026-06-01
1008,A,2026-06-01
1009,A,2026-06-01
1010,A,2026-06-01
1011,B,2026-06-01
1012,A,2026-06-01
1013,B,2026-06-01
1014,A,2026-06-01
1015,A,2026-06-01
1016,A,2026-06-01
1017,B,2026-06-01
1018,B,2026-06-01
1019,A,2026-06-01
1020,B,2026-06-01
1021,A,2026-06-01
1022,B,2026-06-01
1023,B,2026-06-01
1024,A,2026-06-01
1025,B,2026-06-01
1026,B,2026-06-01
1027,A,2026-06-01
1028,B,2026-06-01
1029,A,2026-06-01
1030,B,2026-06-01
1031,A,2026-06-01
1032,B,2026-06-01
1033,A,2026-06-01
1034,A,2026-06-01
1035,A,2026-06-01
1036,A,2026-06-01
1037,B,2026-06-01
1038,A,2026-06-01
1039,B,2026-06-01
1040,A,2026-06-01
1041,B,2026-06-01
1042,B,2026-06-01
1043,B,2026-06-01
1044,B,2026-06-01
1045,B,2026-06-01
1046,B,2026-06-01
1047,A,2026-06-01
1048,B,2026-06-01
1049,B,2026-06-01
1050,A,2026-06-01
1051,B,2026-06-01
1052,A,2026-06-01
1053,B,2026-06-01
1054,A,2026-06-01
1055,B,2026-06-01
1056,B,2026-06-01
1057,B,2026-06-01
1058,B,2026-06-01
1059,B,2026-06-01
1060,A,2026-06-01
1061,A,2026-06-01
1062,A,2026-06-01
1063,A,2026-06-01
1064,A,2026-06-01
1065,B,2026-06-01
1066,B,2026-06-01
1067,B,2026-06-01
1068,A,2026-06-01
1069,A,2026-06-01
1070,B,2026-06-01
1071,A,2026-06-01
1072,A,2026-06-01
1073,A,2026-06-01
1074,A,2026-06-01
1075,A,2026-06-01
1076,A,2026-06-01
1077,A,2026-06-01
1078,B,2026-06-01
1079,A,2026-06-01
1080,A,2026-06-01
1081,B,2026-06-01
1082,B,2026-06-01
1083,A,2026-06-01
1084,B,2026-06-01
1085,A,2026-06-01
1086,A,2026-06-01
1087,B,2026-06-01
1088,B,2026-06-01
1089,A,2026-06-01
1090,B,2026-06-01
1091,B,2026-06-01
1092,A,2026-06-01
1093,A,2026-06-01
1094,A,2026-06-01
1095,B,2026-06-01
1096,A,2026-06-01
1097,B,2026-06-01
1098,A,2026-06-01
1099,A,2026-06-01
1100,B,2026-06-01
1101,B,2026-06-01
1102,A,2026-06-01
1103,A,2026-06-01
1104,B,2026-06-01
1105,A,2026-06-01
1106,A,2026-06-01
1107,B,2026-06-01
1108,B,2026-06-01
1109,A,2026-06-01
1110,B,2026-06-01
1111,B,2026-06-01
1112,A,2026-06-01
1113,B,2026-06-01
1114,A,2026-06-01
1115,A,2026-06-01
1116,A,2026-06-01
1117,A,2026-06-01
1118,B,2026-06-01
1119,A,2026-06-01
1120,B,2026-06-01
1121,A,2026-06-01
1122,A,2026-06-01
1123,B,2026-06-01
1124,B,2026-06-01
1125,B,2026-06-01
1126,B,2026-06-01
1127,A,2026-06-01
1128,B,2026-06-01
1129,A,2026-06-01
1130,B,2026-06-01
1131,B,2026-06-01
1132,A,2026-06-01
1133,A,2026-06-01
1134,B,2026-06-01
1135,B,2026-06-01
1136,A,2026-06-01
1137,B,2026-06-01
1138,B,2026-06-01
1139,A,2026-06-01
1140,A,2026-06-01
1141,B,2026-06-01
1142,A,2026-06-01
1143,A,2026-06-01
1144,B,2026-06-01
1145,B,2026-06-01
1146,B,2026-06-01
1147,A,2026-06-01
1148,B,2026-06-01
1149,B,2026-06-01
1150,A,2026-06-01
1151,B,2026-06-01
1152,B,2026-06-01
1153,B,2026-06-01
1154,B,2026-06-01
1155,A,2026-06-01
1156,B,2026-06-01
1157,B,2026-06-01
1158,B,2026-06-01
1159,B,2026-06-01
1160,A,2026-06-01
1161,A,2026-06-01
1162,A,2026-06-01
1163,B,2026-06-01
1164,A,2026-06-01
1165,B,2026-06-01
1166,A,2026-06-01
1167,A,2026-06-01
1168,A,2026-06-01
1169,B,2026-06-01
1170,B,2026-06-01
1171,B,2026-06-01
1172,B,2026-06-01
1173,A,2026-06-01
1174,A,2026-06-01
1175,B,2026-06-01
1176,B,2026-06-01
1177,A,2026-06-01
1178,B,2026-06-01
1179,A,2026-06-01
1180,A,2026-06-01
1181,A,2026-06-01
1182,B,2026-06-01
1183,A,2026-06-01
1184,A,2026-06-01
1185,A,2026-06-01
1186,A,2026-06-01
1187,B,2026-06-01
1188,A,2026-06-01
1189,A,2026-06-01
1190,B,2026-06-01
1191,A,2026-06-01
1192,A,2026-06-01
1193,A,2026-06-01
1194,B,2026-06-01
1195,B,2026-06-01
1196,A,2026-06-01
1197,B,2026-06-01
1198,B,2026-06-01
1199,B,2026-06-01
1200,A,2026-06-01
1201,A,2026-06-01
1202,B,2026-06-01
1203,B,2026-06-01
1204,B,2026-06-01
1205,A,2026-06-01
1206,A,2026-06-01
1207,B,2026-06-01
1208,B,2026-06-01
1209,A,2026-06-01
1210,A,2026-06-01
1211,A,2026-06-01
1212,B,2026-06-01
1213,B,2026-06-01
1214,B,2026-06-01
1215,B,2026-06-01
1216,A,2026-06-01
1217,B,2026-06-01
1218,B,2026-06-01
1219,B,2026-06-01
1220,B,2026-06-01
1221,A,2026-06-01
1222,B,2026-06-01
1223,B,2026-06-01
1224,B,2026-06-01
1225,A,2026-06-01
1226,B,2026-06-01
1227,A,2026-06-01
1228,A,2026-06-01
1229,A,2026-06-01
1230,B,2026-06-01
1231,A,2026-06-01
1232,A,2026-06-01
1233,B,2026-06-01
1234,B,2026-06-01
1235,B,2026-06-01
1236,A,2026-06-01
1237,B,2026-06-01
1238,A,2026-06-01
1239,A,2026-06-01
1240,A,2026-06-01
1241,B,2026-06-01
1242,A,2026-06-01
1243,A,2026-06-01
1244,A,2026-06-01
1245,A,2026-06-01
1246,B,2026-06-01
1247,B,2026-06-01
1248,A,2026-06-01
1249,A,2026-06-01
1250,A,2026-06-01
1251,B,2026-06-01
1252,A,2026-06-01
1253,A,2026-06-01
1254,B,2026-06-01
1255,A,2026-06-01
1256,A,2026-06-01
1257,A,2026-06-01
1258,A,2026-06-01
1259,B,2026-06-01
1260,B,2026-06-01
1261,A,2026-06-01
1262,A,2026-06-01
1263,B,2026-06-01
1264,B,2026-06-01
1265,A,2026-06-01
1266,B,2026-06-01
1267,A,2026-06-01
1268,B,2026-06-01
1269,B,2026-06-01
1270,B,2026-06-01
1271,A,2026-06-01
1272,A,2026-06-01
1273,B,2026-06-01
1274,B,2026-06-01
1275,B,2026-06-01
1276,A,2026-06-01
1277,B,2026-06-01
1278,B,2026-06-01
1279,A,2026-06-01
1280,A,2026-06-01
1281,A,2026-06-01
1282,B,2026-06-01
1283,B,2026-06-01
1284,B,2026-06-01
1285,A,2026-06-01
1286,B,2026-06-01
1287,B,2026-06-01
1288,A,2026-06-01
1289,A,2026-06-01
1290,A,2026-06-01
1291,B,2026-06-01
1292,A,2026-06-01
1293,A,2026-06-01
1294,A,2026-06-01
1295,B,2026-06-01
1296,A,2026-06-01
1297,A,2026-06-01
1298,A,2026-06-01
1299,A,2026-06-01
1300,A,2026-06-01
1301,B,2026-06-01
1302,B,2026-06-01
1303,B,2026-06-01
1304,B,2026-06-01
1305,A,2026-06-01
1306,B,2026-06-01
1307,A,2026-06-01
1308,A,2026-06-01
1309,B,2026-06-01
1310,B,2026-06-01
1311,B,2026-06-01
1312,B,2026-06-01
1313,B,2026-06-01
1314,B,2026-06-01
1315,B,2026-06-01
1316,B,2026-06-01
1317,A,2026-06-01
1318,A,2026-06-01
1319,B,2026-06-01
1320,A,2026-06-01
1321,A,2026-06-01
1322,A,2026-06-01
1323,A,2026-06-01
1324,B,2026-06-01
1325,B,2026-06-01
1326,B,2026-06-01
1327,B,2026-06-01
1328,B,2026-06-01
1329,B,2026-06-01
1330,B,2026-06-01
1331,A,2026-06-01
1332,A,2026-06-01
1333,A,2026-06-01
1334,B,2026-06-01
1335,B,2026-06-01
1336,B,2026-06-01
1337,B,2026-06-01
1338,A,2026-06-01
1339,A,2026-06-01
1340,B,2026-06-01
1341,A,2026-06-01
1342,B,2026-06-01
1343,B,2026-06-01
1344,B,2026-06-01
1345,A,2026-06-01
1346,B,2026-06-01
1347,B,2026-06-01
1348,B,2026-06-01
1349,B,2026-06-01
1350,B,2026-06-01
1351,A,2026-06-01
1352,B,2026-06-01
1353,B,2026-06-01
1354,A,2026-06-01
1355,A,2026-06-01
1356,A,2026-06-01
1357,B,2026-06-01
1358,A,2026-06-01
1359,A,2026-06-01
1360,B,2026-06-01
1361,B,2026-06-01
1362,A,2026-06-01
1363,A,2026-06-01
1364,A,2026-06-01
1365,A,2026-06-01
1366,A,2026-06-01
1367,B,2026-06-01
1368,B,2026-06-01
1369,B,2026-06-01
1370,A,2026-06-01
1371,B,2026-06-01
1372,B,2026-06-01
1373,A,2026-06-01
1374,A,2026-06-01
1375,B,2026-06-01
1376,B,2026-06-01
1377,A,2026-06-01
1378,B,2026-06-01
1379,B,2026-06-01
1380,B,2026-06-01
1381,A,2026-06-01
1382,B,2026-06-01
1383,A,2026-06-01
1384,B,2026-06-01
1385,B,2026-06-01
1386,A,2026-06-01
1387,B,2026-06-01
1388,A,2026-06-01
1389,B,2026-06-01
1390,A,2026-06-01
1391,B,2026-06-01
1392,A,2026-06-01
1393,B,2026-06-01
1394,B,2026-06-01
1395,B,2026-06-01
1396,A,2026-06-01
1397,B,2026-06-01
1398,A,2026-06-01
1399,B,2026-06-01
1400,B,2026-06-01
1401,B,2026-06-01
1402,B,2026-06-01
1403,A,2026-06-01
1404,B,2026-06-01
1405,A,2026-06-01
1406,B,2026-06-01
1407,B,2026-06-01
1408,B,2026-06-01
1409,B,2026-06-01
1410,A,2026-06-01
1411,B,2026-06-01
1412,A,2026-06-01
1413,B,2026-06-01
1414,B,2026-06-01
1415,A,2026-06-01
1416,A,2026-06-01
1417,A,2026-06-01
1418,B,2026-06-01
1419,A,2026-06-01
1420,B,2026-06-01
1421,B,2026-06-01
1422,A,2026-06-01
1423,A,2026-06-01
1424,B,2026-06-01
1425,A,2026-06-01
1426,B,2026-06-01
1427,A,2026-06-01
1428,A,2026-06-01
1429,B,2026-06-01
1430,A,2026-06-01
1431,B,2026-06-01
1432,B,2026-06-01
1433,A,2026-06-01
1434,A,2026-06-01
1435,A,2026-06-01
1436,A,2026-06-01
1437,B,2026-06-01
1438,B,2026-06-01
1439,A,2026-06-01
1440,A,2026-06-01
1441,A,2026-06-01
1442,A,2026-06-01
1443,B,2026-06-01
1444,B,2026-06-01
1445,A,2026-06-01
1446,A,2026-06-01
1447,B,2026-06-01
1448,A,2026-06-01
1449,B,2026-06-01
1450,A,2026-06-01
1451,B,2026-06-01
1452,B,2026-06-01
1453,A,2026-06-01
1454,B,2026-06-01
1455,B,2026-06-01
1456,A,2026-06-01
1457,A,2026-06-01
1458,B,2026-06-01
1459,B,2026-06-01
1460,B,2026-06-01
1461,B,2026-06-01
1462,B,2026-06-01
1463,B,2026-06-01
1464,B,2026-06-01
1465,A,2026-06-01
1466,B,2026-06-01
1467,A,2026-06-01
1468,A,2026-06-01
1469,B,2026-06-01
1470,A,2026-06-01
1471,A,2026-06-01
1472,A,2026-06-01
1473,B,2026-06-01
1474,B,2026-06-01
1475,B,2026-06-01
1476,B,2026-06-01
1477,A,2026-06-01
1478,A,2026-06-01
1479,A,2026-06-01
1480,A,2026-06-01
1481,A,2026-06-01
1482,A,2026-06-01
1483,A,2026-06-01
1484,B,2026-06-01
1485,B,2026-06-01
1486,B,2026-06-01
1487,B,2026-06-01
1488,A,2026-06-01
1489,B,2026-06-01
1490,A,2026-06-01
1491,B,2026-06-01
1492,B,2026-06-01
1493,B,2026-06-01
1494,B,2026-06-01
1495,B,2026-06-01
1496,B,2026-06-01
1497,A,2026-06-01
1498,B,2026-06-01
1499,A,2026-06-01
1500,B,2026-06-01
1501,A,2026-06-01
1502,A,2026-06-01
1503,B,2026-06-01
1504,A,2026-06-01
1505,B,2026-06-01
1506,A,2026-06-01
1507,B,2026-06-01
1508,B,2026-06-01
1509,B,2026-06-01
1510,A,2026-06-01
1511,A,2026-06-01
1512,B,2026-06-01
1513,A,2026-06-01
1514,A,2026-06-01
1515,B,2026-06-01
1516,A,2026-06-01
1517,A,2026-06-01
1518,A,2026-06-01
1519,A,2026-06-01
1520,B,2026-06-01
1521,A,2026-06-01
1522,B,2026-06-01
1523,A,2026-06-01
1524,A,2026-06-01
1525,B,2026-06-01
1526,A,2026-06-01
1527,B,2026-06-01
1528,B,2026-06-01
1529,A,2026-06-01
1530,B,2026-06-01
1531,A,2026-06-01
1532,A,2026-06-01
1533,A,2026-06-01
1534,B,2026-06-01
1535,A,2026-06-01
1536,B,2026-06-01
1537,B,2026-06-01
1538,A,2026-06-01
1539,A,2026-06-01
1540,B,2026-06-01
1541,B,2026-06-01
1542,A,2026-06-01
1543,B,2026-06-01
1544,A,2026-06-01
1545,B,2026-06-01
1546,B,2026-06-01
1547,B,2026-06-01
1548,B,2026-06-01
1549,B,2026-06-01
1550,B,2026-06-01
1551,B,2026-06-01
1552,A,2026-06-01
1553,B,2026-06-01
1554,A,2026-06-01
1555,A,2026-06-01
1556,A,2026-06-01
1557,A,2026-06-01
1558,A,2026-06-01
1559,B,2026-06-01
1560,A,2026-06-01
1561,B,2026-06-01
1562,A,2026-06-01
1563,A,2026-06-01
1564,A,2026-06-01
1565,A,2026-06-01
1566,B,2026-06-01
1567,B,2026-06-01
1568,A,2026-06-01
1569,A,2026-06-01
1570,B,2026-06-01
1571,A,2026-06-01
1572,A,2026-06-01
1573,B,2026-06-01
1574,A,2026-06-01
1575,B,2026-06-01
1576,B,2026-06-01
1577,A,2026-06-01
1578,A,2026-06-01
1579,B,2026-06-01
1580,A,2026-06-01
1581,B,2026-06-01
1582,B,2026-06-01
1583,A,2026-06-01
1584,B,2026-06-01
1585,A,2026-06-01
1586,A,2026-06-01
1587,B,2026-06-01
1588,B,2026-06-01
1589,B,2026-06-01
1590,A,2026-06-01
1591,B,2026-06-01
1592,A,2026-06-01
1593,B,2026-06-01
1594,B,2026-06-01
1595,B,2026-06-01
1596,B,2026-06-01
1597,B,2026-06-01
1598,B,2026-06-01
1599,B,2026-06-01
1600,B,2026-06-01
1601,B,2026-06-01
1602,B,2026-06-01
1603,B,2026-06-01
1604,A,2026-06-01
1605,A,2026-06-01
1606,B,2026-06-01
1607,A,2026-06-01
1608,B,2026-06-01
1609,A,2026-06-01
1610,A,2026-06-01
1611,B,2026-06-01
1612,B,2026-06-01
1613,A,2026-06-01
1614,B,2026-06-01
1615,B,2026-06-01
1616,A,2026-06-01
1617,A,2026-06-01
1618,A,2026-06-01
1619,A,2026-06-01
1620,A,2026-06-01
1621,A,2026-06-01
1622,A,2026-06-01
1623,B,2026-06-01
1624,B,2026-06-01
1625,B,2026-06-01
1626,A,2026-06-01
1627,B,2026-06-01
1628,B,2026-06-01
1629,B,2026-06-01
1630,B,2026-06-01
1631,B,2026-06-01
1632,B,2026-06-01
1633,B,2026-06-01
1634,A,2026-06-01
1635,A,2026-06-01
1636,A,2026-06-01
1637,A,2026-06-01
1638,A,2026-06-01
1639,B,2026-06-01
1640,A,2026-06-01
1641,B,2026-06-01
1642,B,2026-06-01
1643,A,2026-06-01
1644,A,2026-06-01
1645,A,2026-06-01
1646,B,2026-06-01
1647,B,2026-06-01
1648,A,2026-06-01
1649,B,2026-06-01
1650,B,2026-06-01
1651,A,2026-06-01
1652,B,2026-06-01
1653,B,2026-06-01
1654,A,2026-06-01
1655,B,2026-06-01
1656,A,2026-06-01
1657,A,2026-06-01
1658,A,2026-06-01
1659,B,2026-06-01
1660,B,2026-06-01
1661,A,2026-06-01
1662,A,2026-06-01
1663,A,2026-06-01
1664,B,2026-06-01
1665,A,2026-06-01
1666,B,2026-06-01
1667,B,2026-06-01
1668,B,2026-06-01
1669,A,2026-06-01
1670,A,2026-06-01
1671,A,2026-06-01
1672,B,2026-06-01
1673,B,2026-06-01
1674,B,2026-06-01
1675,A,2026-06-01
1676,B,2026-06-01
1677,A,2026-06-01
1678,A,2026-06-01
1679,B,2026-06-01
1680,A,2026-06-01
1681,B,2026-06-01
1682,B,2026-06-01
1683,B,2026-06-01
1684,A,2026-06-01
1685,A,2026-06-01
1686,A,2026-06-01
1687,A,2026-06-01
1688,B,2026-06-01
1689,B,2026-06-01
1690,A,2026-06-01
1691,B,2026-06-01
1692,B,2026-06-01
1693,A,2026-06-01
1694,A,2026-06-01
1695,A,2026-06-01
1696,B,2026-06-01
1697,B,2026-06-01
1698,B,2026-06-01
1699,A,2026-06-01
1700,B,2026-06-01
1701,A,2026-06-01
1702,B,2026-06-01
1703,B,2026-06-01
1704,A,2026-06-01
1705,B,2026-06-01
1706,B,2026-06-01
1707,B,2026-06-01
1708,A,2026-06-01
1709,A,2026-06-01
1710,B,2026-06-01
1711,B,2026-06-01
1712,A,2026-06-01
1713,B,2026-06-01
1714,A,2026-06-01
1715,B,2026-06-01
1716,A,2026-06-01
1717,A,2026-06-01
1718,A,2026-06-01
1719,A,2026-06-01
1720,B,2026-06-01
1721,B,2026-06-01
1722,A,2026-06-01
1723,A,2026-06-01
1724,B,2026-06-01
1725,A,2026-06-01
1726,B,2026-06-01
1727,B,2026-06-01
1728,B,2026-06-01
1729,B,2026-06-01
1730,A,2026-06-01
1731,B,2026-06-01
1732,B,2026-06-01
1733,A,2026-06-01
1734,B,2026-06-01
1735,B,2026-06-01
1736,A,2026-06-01
1737,A,2026-06-01
1738,B,2026-06-01
1739,A,2026-06-01
1740,A,2026-06-01
1741,A,2026-06-01
1742,A,2026-06-01
1743,A,2026-06-01
1744,B,2026-06-01
1745,A,2026-06-01
1746,B,2026-06-01
1747,A,2026-06-01
1748,A,2026-06-01
1749,A,2026-06-01
1750,A,2026-06-01
1751,A,2026-06-01
1752,B,2026-06-01
1753,B,2026-06-01
1754,A,2026-06-01
1755,A,2026-06-01
1756,A,2026-06-01
1757,B,2026-06-01
1758,B,2026-06-01
1759,A,2026-06-01
1760,A,2026-06-01
1761,B,2026-06-01
1762,A,2026-06-01
1763,B,2026-06-01
1764,A,2026-06-01
1765,B,2026-06-01
1766,B,2026-06-01
1767,B,2026-06-01
1768,B,2026-06-01
1769,A,2026-06-01
1770,A,2026-06-01
1771,A,2026-06-01
1772,B,2026-06-01
1773,B,2026-06-01
1774,A,2026-06-01
1775,A,2026-06-01
1776,B,2026-06-01
1777,B,2026-06-01
1778,B,2026-06-01
1779,A,2026-06-01
1780,A,2026-06-01
1781,A,2026-06-01
1782,B,2026-06-01
1783,B,2026-06-01
1784,B,2026-06-01
1785,B,2026-06-01
1786,B,2026-06-01
1787,B,2026-06-01
1788,B,2026-06-01
1789,B,2026-06-01
1790,A,2026-06-01
1791,B,2026-06-01
1792,A,2026-06-01
1793,A,2026-06-01
1794,B,2026-06-01
1795,B,2026-06-01
1796,B,2026-06-01
1797,A,2026-06-01
1798,B,2026-06-01
1799,B,2026-06-01
1800,A,2026-06-01
1801,B,2026-06-01
1802,A,2026-06-01
1803,A,2026-06-01
1804,B,2026-06-01
1805,A,2026-06-01
1806,A,2026-06-01
1807,A,2026-06-01
1808,A,2026-06-01
1809,A,2026-06-01
1810,A,2026-06-01
1811,A,2026-06-01
1812,A,2026-06-01
1813,A,2026-06-01
1814,A,2026-06-01
1815,B,2026-06-01
1816,B,2026-06-01
1817,A,2026-06-01
1818,B,2026-06-01
1819,B,2026-06-01
1820,B,2026-06-01
1821,A,2026-06-01
1822,B,2026-06-01
1823,A,2026-06-01
1824,A,2026-06-01
1825,A,2026-06-01
1826,A,2026-06-01
1827,B,2026-06-01
1828,B,2026-06-01
1829,B,2026-06-01
1830,A,2026-06-01
1831,A,2026-06-01
1832,A,2026-06-01
1833,A,2026-06-01
1834,B,2026-06-01
1835,B,2026-06-01
1836,B,2026-06-01
1837,B,2026-06-01
1838,A,2026-06-01
1839,A,2026-06-01
1840,A,2026-06-01
1841,A,2026-06-01
1842,B,2026-06-01
1843,A,2026-06-01
1844,A,2026-06-01
1845,B,2026-06-01
1846,B,2026-06-01
1847,A,2026-06-01
1848,B,2026-06-01
1849,A,2026-06-01
1850,B,2026-06-01
1851,A,2026-06-01
1852,A,2026-06-01
1853,B,2026-06-01
1854,A,2026-06-01
1855,B,2026-06-01
1856,B,2026-06-01
1857,A,2026-06-01
1858,B,2026-06-01
1859,B,2026-06-01
1860,A,2026-06-01
1861,B,2026-06-01
1862,B,2026-06-01
1863,B,2026-06-01
1864,B,2026-06-01
1865,B,2026-06-01
1866,B,2026-06-01
1867,B,2026-06-01
1868,A,2026-06-01
1869,A,2026-06-01
1870,A,2026-06-01
1871,B,2026-06-01
1872,B,2026-06-01
1873,A,2026-06-01
1874,A,2026-06-01
1875,A,2026-06-01
1876,A,2026-06-01
1877,B,2026-06-01
1878,B,2026-06-01
1879,B,2026-06-01
1880,A,2026-06-01
1881,B,2026-06-01
1882,B,2026-06-01
1883,B,2026-06-01
1884,B,2026-06-01
1885,A,2026-06-01
1886,A,2026-06-01
1887,B,2026-06-01
1888,B,2026-06-01
1889,B,2026-06-01
1890,A,2026-06-01
1891,B,2026-06-01
1892,A,2026-06-01
1893,B,2026-06-01
1894,B,2026-06-01
1895,B,2026-06-01
1896,B,2026-06-01
1897,A,2026-06-01
1898,A,2026-06-01
1899,A,2026-06-01
1900,A,2026-06-01
1901,B,2026-06-01
1902,A,2026-06-01
1903,B,2026-06-01
1904,A,2026-06-01
1905,B,2026-06-01
1906,B,2026-06-01
1907,A,2026-06-01
1908,A,2026-06-01
1909,A,2026-06-01
1910,B,2026-06-01
1911,B,2026-06-01
1912,A,2026-06-01
1913,B,2026-06-01
1914,A,2026-06-01
1915,B,2026-06-01
1916,A,2026-06-01
1917,B,2026-06-01
1918,B,2026-06-01
1919,B,2026-06-01
1920,A,2026-06-01
1921,A,2026-06-01
1922,B,2026-06-01
1923,A,2026-06-01
1924,A,2026-06-01
1925,B,2026-06-01
1926,A,2026-06-01
1927,A,2026-06-01
1928,B,2026-06-01
1929,A,2026-06-01
1930,A,2026-06-01
1931,B,2026-06-01
1932,B,2026-06-01
1933,A,2026-06-01
1934,B,2026-06-01
1935,B,2026-06-01
1936,A,2026-06-01
1937,A,2026-06-01
1938,A,2026-06-01
1939,B,2026-06-01
1940,B,2026-06-01
1941,A,2026-06-01
1942,B,2026-06-01
1943,B,2026-06-01
1944,A,2026-06-01
1945,B,2026-06-01
1946,A,2026-06-01
1947,B,2026-06-01
1948,B,2026-06-01
1949,B,2026-06-01
1950,B,2026-06-01
1951,B,2026-06-01
1952,B,2026-06-01
1953,B,2026-06-01
1954,B,2026-06-01
1955,B,2026-06-01
1956,A,2026-06-01
1957,B,2026-06-01
1958,B,2026-06-01
1959,B,2026-06-01
1960,B,2026-06-01
1961,A,2026-06-01
1962,A,2026-06-01
1963,A,2026-06-01
1964,B,2026-06-01
1965,B,2026-06-01
1966,B,2026-06-01
1967,A,2026-06-01
1968,B,2026-06-01
1969,B,2026-06-01
1970,B,2026-06-01
1971,A,2026-06-01
1972,B,2026-06-01
1973,B,2026-06-01
1974,B,2026-06-01
1975,B,2026-06-01
1976,B,2026-06-01
1977,A,2026-06-01
1978,A,2026-06-01
1979,B,2026-06-01
1980,A,2026-06-01
1981,A,2026-06-01
1982,A,2026-06-01
1983,B,2026-06-01
1984,B,2026-06-01
1985,A,2026-06-01
1986,B,2026-06-01
1987,B,2026-06-01
1988,A,2026-06-01
1989,A,2026-06-01
1990,B,2026-06-01
1991,B,2026-06-01
1992,A,2026-06-01
1993,A,2026-06-01
1994,A,2026-06-01
1995,A,2026-06-01
1996,A,2026-06-01
1997,B,2026-06-01
1998,B,2026-06-01
1999,B,2026-06-01
2000,A,2026-06-01
2001,B,2026-06-01
2002,A,2026-06-01
2003,A,2026-06-01
2004,B,2026-06-01
2005,B,2026-06-01
2006,A,2026-06-01
2007,B,2026-06-01
2008,B,2026-06-01
2009,B,2026-06-01
2010,B,2026-06-01
2011,B,2026-06-01
2012,B,2026-06-01
2013,B,2026-06-01
2014,A,2026-06-01
2015,A,2026-06-01
2016,B,2026-06-01
2017,B,2026-06-01
2018,A,2026-06-01
2019,B,2026-06-01
2020,A,2026-06-01
2021,B,2026-06-01
2022,A,2026-06-01
2023,A,2026-06-01
2024,B,2026-06-01
2025,A,2026-06-01
2026,A,2026-06-01
2027,B,2026-06-01
2028,B,2026-06-01
2029,B,2026-06-01
2030,B,2026-06-01
2031,A,2026-06-01
2032,B,2026-06-01
2033,B,2026-06-01
2034,B,2026-06-01
2035,B,2026-06-01
2036,B,2026-06-01
2037,B,2026-06-01
2038,A,2026-06-01
2039,A,2026-06-01
2040,B,2026-06-01
2041,B,2026-06-01
2042,B,2026-06-01
2043,B,2026-06-01
2044,A,2026-06-01
2045,B,2026-06-01
2046,A,2026-06-01
2047,A,2026-06-01
2048,A,2026-06-01
2049,B,2026-06-01
2050,A,2026-06-01
2051,B,2026-06-01
2052,A,2026-06-01
2053,A,2026-06-01
2054,B,2026-06-01
2055,B,2026-06-01
2056,A,2026-06-01
2057,A,2026-06-01
2058,B,2026-06-01
2059,A,2026-06-01
2060,B,2026-06-01
2061,A,2026-06-01
2062,A,2026-06-01
2063,A,2026-06-01
2064,B,2026-06-01
2065,B,2026-06-01
2066,A,2026-06-01
2067,B,2026-06-01
2068,B,2026-06-01
2069,B,2026-06-01
2070,A,2026-06-01
2071,A,2026-06-01
2072,B,2026-06-01
2073,A,2026-06-01
2074,A,2026-06-01
2075,B,2026-06-01
2076,A,2026-06-01
2077,A,2026-06-01
2078,A,2026-06-01
2079,B,2026-06-01
2080,A,2026-06-01
2081,B,2026-06-01
2082,B,2026-06-01
2083,B,2026-06-01
2084,A,2026-06-01
2085,A,2026-06-01
2086,B,2026-06-01
2087,A,2026-06-01
2088,B,2026-06-01
2089,A,2026-06-01
2090,B,2026-06-01
2091,A,2026-06-01
2092,B,2026-06-01
2093,A,2026-06-01
2094,A,2026-06-01
2095,B,2026-06-01
2096,B,2026-06-01
2097,B,2026-06-01
2098,B,2026-06-01
2099,B,2026-06-01
2100,A,2026-06-01
2101,A,2026-06-01
2102,B,2026-06-01
2103,A,2026-06-01
2104,B,2026-06-01
2105,A,2026-06-01
2106,A,2026-06-01
2107,A,2026-06-01
2108,B,2026-06-01
2109,B,2026-06-01
2110,A,2026-06-01
2111,A,2026-06-01
2112,B,2026-06-01
2113,A,2026-06-01
2114,B,2026-06-01
2115,B,2026-06-01
2116,B,2026-06-01
2117,B,2026-06-01
2118,A,2026-06-01
2119,B,2026-06-01
2120,B,2026-06-01
2121,B,2026-06-01
2122,A,2026-06-01
2123,B,2026-06-01
2124,B,2026-06-01
2125,B,2026-06-01
2126,A,2026-06-01
2127,A,2026-06-01
2128,B,2026-06-01
2129,B,2026-06-01
2130,A,2026-06-01
2131,B,2026-06-01
2132,A,2026-06-01
2133,A,2026-06-01
2134,A,2026-06-01
2135,A,2026-06-01
2136,A,2026-06-01
2137,A,2026-06-01
2138,A,2026-06-01
2139,B,2026-06-01
2140,B,2026-06-01
2141,B,2026-06-01
2142,A,2026-06-01
2143,A,2026-06-01
2144,B,2026-06-01
2145,B,2026-06-01
2146,A,2026-06-01
2147,A,2026-06-01
2148,B,2026-06-01
2149,B,2026-06-01
2150,A,2026-06-01
2151,B,2026-06-01
2152,B,2026-06-01
2153,B,2026-06-01
2154,A,2026-06-01
2155,B,2026-06-01
2156,A,2026-06-01
2157,B,2026-06-01
2158,B,2026-06-01
2159,A,2026-06-01
2160,B,2026-06-01
2161,A,2026-06-01
2162,A,2026-06-01
2163,A,2026-06-01
2164,B,2026-06-01
2165,A,2026-06-01
2166,B,2026-06-01
2167,A,2026-06-01
2168,A,2026-06-01
2169,A,2026-06-01
2170,B,2026-06-01
2171,A,2026-06-01
2172,A,2026-06-01
2173,A,2026-06-01
2174,A,2026-06-01
2175,B,2026-06-01
2176,B,2026-06-01
2177,A,2026-06-01
2178,A,2026-06-01
2179,B,2026-06-01
2180,A,2026-06-01
2181,B,2026-06-01
2182,A,2026-06-01
2183,A,2026-06-01
2184,B,2026-06-01
2185,B,2026-06-01
2186,A,2026-06-01
2187,A,2026-06-01
2188,A,2026-06-01
2189,B,2026-06-01
2190,B,2026-06-01
2191,A,2026-06-01
2192,A,2026-06-01
2193,A,2026-06-01
2194,A,2026-06-01
2195,A,2026-06-01
2196,B,2026-06-01
2197,A,2026-06-01
2198,A,2026-06-01
2199,B,2026-06-01
2200,A,2026-06-01
2201,A,2026-06-01
2202,A,2026-06-01
2203,A,2026-06-01
2204,B,2026-06-01
2205,B,2026-06-01
2206,A,2026-06-01
2207,A,2026-06-01
2208,A,2026-06-01
2209,B,2026-06-01
2210,B,2026-06-01
2211,A,2026-06-01
2212,A,2026-06-01
2213,A,2026-06-01
2214,B,2026-06-01
2215,B,2026-06-01
2216,B,2026-06-01
2217,A,2026-06-01
2218,B,2026-06-01
2219,B,2026-06-01
2220,B,2026-06-01
2221,A,2026-06-01
2222,B,2026-06-01
2223,A,2026-06-01
2224,B,2026-06-01
2225,A,2026-06-01
2226,B,2026-06-01
2227,B,2026-06-01
2228,A,2026-06-01
2229,B,2026-06-01
2230,A,2026-06-01
2231,A,2026-06-01
2232,A,2026-06-01
2233,A,2026-06-01
2234,B,2026-06-01
2235,A,2026-06-01
2236,B,2026-06-01
2237,B,2026-06-01
2238,B,2026-06-01
2239,B,2026-06-01
2240,A,2026-06-01
2241,B,2026-06-01
2242,A,2026-06-01
2243,B,2026-06-01
2244,B,2026-06-01
2245,B,2026-06-01
2246,A,2026-06-01
2247,B,2026-06-01
2248,B,2026-06-01
2249,B,2026-06-01
2250,A,2026-06-01
2251,B,2026-06-01
2252,A,2026-06-01
2253,B,2026-06-01
2254,B,2026-06-01
2255,A,2026-06-01
2256,A,2026-06-01
2257,B,2026-06-01
2258,A,2026-06-01
2259,A,2026-06-01
2260,B,2026-06-01
2261,B,2026-06-01
2262,B,2026-06-01
2263,A,2026-06-01
2264,A,2026-06-01
2265,B,2026-06-01
2266,B,2026-06-01
2267,B,2026-06-01
2268,B,2026-06-01
2269,A,2026-06-01
2270,A,2026-06-01
2271,B,2026-06-01
2272,B,2026-06-01
2273,B,2026-06-01
2274,B,2026-06-01
2275,B,2026-06-01
2276,B,2026-06-01
2277,A,2026-06-01
2278,B,2026-06-01
2279,B,2026-06-01
2280,A,2026-06-01
2281,B,2026-06-01
2282,A,2026-06-01
2283,B,2026-06-01
2284,A,2026-06-01
2285,B,2026-06-01
2286,B,2026-06-01
2287,B,2026-06-01
2288,B,2026-06-01
2289,B,2026-06-01
2290,A,2026-06-01
2291,A,2026-06-01
2292,B,2026-06-01
2293,A,2026-06-01
2294,A,2026-06-01
2295,A,2026-06-01
2296,A,2026-06-01
2297,B,2026-06-01
2298,B,2026-06-01
2299,A,2026-06-01
2300,B,2026-06-01
2301,A,2026-06-01
2302,B,2026-06-01
2303,A,2026-06-01
2304,B,2026-06-01
2305,A,2026-06-01
2306,A,2026-06-01
2307,B,2026-06-01
2308,A,2026-06-01
2309,B,2026-06-01
2310,B,2026-06-01
2311,A,2026-06-01
2312,B,2026-06-01
2313,A,2026-06-01
2314,B,2026-06-01
2315,B,2026-06-01
2316,A,2026-06-01
2317,B,2026-06-01
2318,A,2026-06-01
2319,B,2026-06-01
2320,A,2026-06-01
2321,A,2026-06-01
2322,B,2026-06-01
2323,A,2026-06-01
2324,B,2026-06-01
2325,B,2026-06-01
2326,B,2026-06-01
2327,B,2026-06-01
2328,B,2026-06-01
2329,A,2026-06-01
2330,B,2026-06-01
2331,B,2026-06-01
2332,A,2026-06-01
2333,A,2026-06-01
2334,B,2026-06-01
2335,B,2026-06-01
2336,B,2026-06-01
2337,B,2026-06-01
2338,A,2026-06-01
2339,B,2026-06-01
2340,B,2026-06-01
2341,A,2026-06-01
2342,A,2026-06-01
2343,A,2026-06-01
2344,B,2026-06-01
2345,A,2026-06-01
2346,A,2026-06-01
2347,A,2026-06-01
2348,A,2026-06-01
2349,A,2026-06-01
2350,B,2026-06-01
2351,A,2026-06-01
2352,B,2026-06-01
2353,B,2026-06-01
2354,B,2026-06-01
2355,B,2026-06-01
2356,A,2026-06-01
2357,A,2026-06-01
2358,A,2026-06-01
2359,B,2026-06-01
2360,A,2026-06-01
2361,B,2026-06-01
2362,B,2026-06-01
2363,B,2026-06-01
2364,B,2026-06-01
2365,B,2026-06-01
2366,A,2026-06-01
2367,B,2026-06-01
2368,A,2026-06-01
2369,B,2026-06-01
2370,B,2026-06-01
2371,A,2026-06-01
2372,B,2026-06-01
2373,A,2026-06-01
2374,B,2026-06-01
2375,B,2026-06-01
2376,B,2026-06-01
2377,A,2026-06-01
2378,A,2026-06-01
2379,B,2026-06-01
2380,B,2026-06-01
2381,A,2026-06-01
2382,A,2026-06-01
2383,A,2026-06-01
2384,B,2026-06-01
2385,A,2026-06-01
2386,A,2026-06-01
2387,B,2026-06-01
2388,A,2026-06-01
2389,B,2026-06-01
2390,A,2026-06-01
2391,A,2026-06-01
2392,B,2026-06-01
2393,A,2026-06-01
2394,A,2026-06-01
2395,A,2026-06-01
2396,A,2026-06-01
2397,B,2026-06-01
2398,A,2026-06-01
2399,B,2026-06-01
2400,B,2026-06-01
2401,A,2026-06-01
2402,A,2026-06-01
2403,B,2026-06-01
2404,A,2026-06-01
2405,A,2026-06-01
2406,A,2026-06-01
2407,B,2026-06-01
2408,B,2026-06-01
2409,A,2026-06-01
2410,B,2026-06-01
2411,B,2026-06-01
2412,A,2026-06-01
2413,B,2026-06-01
2414,B,2026-06-01
2415,B,2026-06-01
2416,A,2026-06-01
2417,B,2026-06-01
2418,B,2026-06-01
2419,B,2026-06-01
2420,B,2026-06-01
2421,A,2026-06-01
2422,B,2026-06-01
2423,B,2026-06-01
2424,A,2026-06-01
2425,A,2026-06-01
2426,A,2026-06-01
2427,B,2026-06-01
2428,B,2026-06-01
2429,A,2026-06-01
2430,A,2026-06-01
2431,B,2026-06-01
2432,B,2026-06-01
2433,A,2026-06-01
2434,A,2026-06-01
2435,A,2026-06-01
2436,B,2026-06-01
2437,B,2026-06-01
2438,B,2026-06-01
2439,A,2026-06-01
2440,B,2026-06-01
2441,B,2026-06-01
2442,A,2026-06-01
2443,A,2026-06-01
2444,B,2026-06-01
2445,B,2026-06-01
2446,A,2026-06-01
2447,A,2026-06-01
2448,B,2026-06-01
2449,B,2026-06-01
2450,B,2026-06-01
2451,A,2026-06-01
2452,A,2026-06-01
2453,A,2026-06-01
2454,B,2026-06-01
2455,B,2026-06-01
2456,B,2026-06-01
2457,A,2026-06-01
2458,B,2026-06-01
2459,B,2026-06-01
2460,B,2026-06-01
2461,B,2026-06-01
2462,B,2026-06-01
2463,B,2026-06-01
2464,A,2026-06-01
2465,B,2026-06-01
2466,A,2026-06-01
2467,B,2026-06-01
2468,B,2026-06-01
2469,A,2026-06-01
2470,B,2026-06-01
2471,B,2026-06-01
2472,B,2026-06-01
2473,B,2026-06-01
2474,B,2026-06-01
2475,B,2026-06-01
2476,A,2026-06-01
2477,A,2026-06-01
2478,A,2026-06-01
2479,B,2026-06-01
2480,A,2026-06-01
2481,B,2026-06-01
2482,A,2026-06-01
2483,B,2026-06-01
2484,A,2026-06-01
2485,B,2026-06-01
2486,B,2026-06-01
2487,B,2026-06-01
2488,B,2026-06-01
2489,B,2026-06-01
2490,B,2026-06-01
2491,B,2026-06-01
2492,A,2026-06-01
2493,B,2026-06-01
2494,B,2026-06-01
2495,A,2026-06-01
2496,B,2026-06-01
2497,B,2026-06-01
2498,B,2026-06-01
2499,B,2026-06-01
2500,A,2026-06-01
2501,A,2026-06-01
2502,A,2026-06-01
2503,A,2026-06-01
2504,B,2026-06-01
2505,A,2026-06-01
2506,B,2026-06-01
2507,B,2026-06-01
2508,B,2026-06-01
2509,A,2026-06-01
2510,A,2026-06-01
2511,A,2026-06-01
2512,A,2026-06-01
2513,B,2026-06-01
2514,B,2026-06-01
2515,A,2026-06-01
2516,B,2026-06-01
2517,A,2026-06-01
2518,B,2026-06-01
2519,A,2026-06-01
2520,B,2026-06-01
2521,A,2026-06-01
2522,A,2026-06-01
2523,A,2026-06-01
2524,A,2026-06-01
2525,B,2026-06-01
2526,A,2026-06-01
2527,B,2026-06-01
2528,B,2026-06-01
2529,B,2026-06-01
2530,B,2026-06-01
2531,A,2026-06-01
2532,B,2026-06-01
2533,B,2026-06-01
2534,B,2026-06-01
2535,B,2026-06-01
2536,B,2026-06-01
2537,A,2026-06-01
2538,B,2026-06-01
2539,B,2026-06-01
2540,A,2026-06-01
2541,B,2026-06-01
2542,A,2026-06-01
2543,A,2026-06-01
2544,B,2026-06-01
2545,B,2026-06-01
2546,B,2026-06-01
2547,B,2026-06-01
2548,A,2026-06-01
2549,B,2026-06-01
2550,A,2026-06-01
2551,A,2026-06-01
2552,A,2026-06-01
2553,B,2026-06-01
2554,B,2026-06-01
2555,B,2026-06-01
2556,B,2026-06-01
2557,A,2026-06-01
2558,B,2026-06-01
2559,A,2026-06-01
2560,A,2026-06-01
2561,B,2026-06-01
2562,B,2026-06-01
2563,B,2026-06-01
2564,B,2026-06-01
2565,B,2026-06-01
2566,B,2026-06-01
2567,A,2026-06-01
2568,A,2026-06-01
2569,A,2026-06-01
2570,A,2026-06-01
2571,A,2026-06-01
2572,B,2026-06-01
2573,B,2026-06-01
2574,B,2026-06-01
2575,A,2026-06-01
2576,A,2026-06-01
2577,A,2026-06-01
2578,B,2026-06-01
2579,A,2026-06-01
2580,B,2026-06-01
2581,B,2026-06-01
2582,B,2026-06-01
2583,A,2026-06-01
2584,B,2026-06-01
2585,B,2026-06-01
2586,B,2026-06-01
2587,A,2026-06-01
2588,A,2026-06-01
2589,A,2026-06-01
2590,B,2026-06-01
2591,A,2026-06-01
2592,B,2026-06-01
2593,A,2026-06-01
2594,A,2026-06-01
2595,B,2026-06-01
2596,A,2026-06-01
2597,B,2026-06-01
2598,B,2026-06-01
2599,B,2026-06-01
2600,B,2026-06-01
2601,B,2026-06-01
2602,B,2026-06-01
2603,A,2026-06-01
2604,B,2026-06-01
2605,B,2026-06-01
2606,B,2026-06-01
2607,B,2026-06-01
2608,B,2026-06-01
2609,B,2026-06-01
2610,A,2026-06-01
2611,B,2026-06-01
2612,B,2026-06-01
2613,B,2026-06-01
2614,A,2026-06-01
2615,B,2026-06-01
2616,A,2026-06-01
2617,B,2026-06-01
2618,A,2026-06-01
2619,B,2026-06-01
2620,A,2026-06-01
2621,A,2026-06-01
2622,B,2026-06-01
2623,A,2026-06-01
2624,A,2026-06-01
2625,A,2026-06-01
2626,B,2026-06-01
2627,B,2026-06-01
2628,A,2026-06-01
2629,B,2026-06-01
2630,A,2026-06-01
2631,B,2026-06-01
2632,B,2026-06-01
2633,B,2026-06-01
2634,B,2026-06-01
2635,A,2026-06-01
2636,A,2026-06-01
2637,B,2026-06-01
2638,A,2026-06-01
2639,A,2026-06-01
2640,A,2026-06-01
2641,A,2026-06-01
2642,B,2026-06-01
2643,A,2026-06-01
2644,A,2026-06-01
2645,B,2026-06-01
2646,A,2026-06-01
2647,B,2026-06-01
2648,A,2026-06-01
2649,B,2026-06-01
2650,A,2026-06-01
2651,A,2026-06-01
2652,A,2026-06-01
2653,B,2026-06-01
2654,B,2026-06-01
2655,B,2026-06-01
2656,A,2026-06-01
2657,A,2026-06-01
2658,A,2026-06-01
2659,A,2026-06-01
2660,A,2026-06-01
2661,B,2026-06-01
2662,B,2026-06-01
2663,B,2026-06-01
2664,B,2026-06-01
2665,B,2026-06-01
2666,A,2026-06-01
2667,B,2026-06-01
2668,B,2026-06-01
2669,A,2026-06-01
2670,A,2026-06-01
2671,B,2026-06-01
2672,B,2026-06-01
2673,A,2026-06-01
2674,B,2026-06-01
2675,A,2026-06-01
2676,A,2026-06-01
2677,A,2026-06-01
2678,A,2026-06-01
2679,B,2026-06-01
2680,B,2026-06-01
2681,B,2026-06-01
2682,A,2026-06-01
2683,B,2026-06-01
2684,A,2026-06-01
2685,A,2026-06-01
2686,B,2026-06-01
2687,A,2026-06-01
2688,A,2026-06-01
2689,A,2026-06-01
2690,A,2026-06-01
2691,B,2026-06-01
2692,B,2026-06-01
2693,B,2026-06-01
2694,B,2026-06-01
2695,B,2026-06-01
2696,B,2026-06-01
2697,A,2026-06-01
2698,B,2026-06-01
2699,A,2026-06-01
2700,B,2026-06-01
2701,A,2026-06-01
2702,B,2026-06-01
2703,B,2026-06-01
2704,B,2026-06-01
2705,B,2026-06-01
2706,A,2026-06-01
2707,B,2026-06-01
2708,A,2026-06-01
2709,A,2026-06-01
2710,A,2026-06-01
2711,A,2026-06-01
2712,B,2026-06-01
2713,B,2026-06-01
2714,B,2026-06-01
2715,A,2026-06-01
2716,A,2026-06-01
2717,A,2026-06-01
2718,A,2026-06-01
2719,A,2026-06-01
2720,A,2026-06-01
2721,B,2026-06-01
2722,B,2026-06-01
2723,B,2026-06-01
2724,A,2026-06-01
2725,B,2026-06-01
2726,B,2026-06-01
2727,A,2026-06-01
2728,A,2026-06-01
2729,A,2026-06-01
2730,A,2026-06-01
2731,A,2026-06-01
2732,A,2026-06-01
2733,A,2026-06-01
2734,A,2026-06-01
2735,B,2026-06-01
2736,A,2026-06-01
2737,B,2026-06-01
2738,A,2026-06-01
2739,A,2026-06-01
2740,B,2026-06-01
2741,B,2026-06-01
2742,A,2026-06-01
2743,B,2026-06-01
2744,B,2026-06-01
2745,A,2026-06-01
2746,A,2026-06-01
2747,B,2026-06-01
2748,A,2026-06-01
2749,A,2026-06-01
2750,A,2026-06-01
2751,B,2026-06-01
2752,B,2026-06-01
2753,B,2026-06-01
2754,B,2026-06-01
2755,B,2026-06-01
2756,B,2026-06-01
2757,B,2026-06-01
2758,B,2026-06-01
2759,A,2026-06-01
2760,B,2026-06-01
2761,B,2026-06-01
2762,B,2026-06-01
2763,B,2026-06-01
2764,B,2026-06-01
2765,B,2026-06-01
2766,B,2026-06-01
2767,A,2026-06-01
2768,A,2026-06-01
2769,B,2026-06-01
2770,A,2026-06-01
2771,A,2026-06-01
2772,A,2026-06-01
2773,B,2026-06-01
2774,A,2026-06-01
2775,B,2026-06-01
2776,B,2026-06-01
2777,A,2026-06-01
2778,A,2026-06-01
2779,B,2026-06-01
2780,B,2026-06-01
2781,A,2026-06-01
2782,A,2026-06-01
2783,A,2026-06-01
2784,A,2026-06-01
2785,A,2026-06-01
2786,A,2026-06-01
2787,B,2026-06-01
2788,B,2026-06-01
2789,B,2026-06-01
2790,B,2026-06-01
2791,B,2026-06-01
2792,B,2026-06-01
2793,A,2026-06-01
2794,A,2026-06-01
2795,B,2026-06-01
2796,B,2026-06-01
2797,A,2026-06-01
2798,A,2026-06-01
2799,B,2026-06-01
2800,A,2026-06-01
2801,A,2026-06-01
2802,B,2026-06-01
2803,B,2026-06-01
2804,B,2026-06-01
2805,B,2026-06-01
2806,B,2026-06-01
2807,B,2026-06-01
2808,A,2026-06-01
2809,A,2026-06-01
2810,B,2026-06-01
2811,A,2026-06-01
2812,A,2026-06-01
2813,A,2026-06-01
2814,A,2026-06-01
2815,A,2026-06-01
2816,B,2026-06-01
2817,A,2026-06-01
2818,A,2026-06-01
2819,B,2026-06-01
2820,B,2026-06-01
2821,A,2026-06-01
2822,B,2026-06-01
2823,B,2026-06-01
2824,B,2026-06-01
2825,A,2026-06-01
2826,B,2026-06-01
2827,B,2026-06-01
2828,B,2026-06-01
2829,A,2026-06-01
2830,B,2026-06-01
2831,B,2026-06-01
2832,A,2026-06-01
2833,A,2026-06-01
2834,B,2026-06-01
2835,A,2026-06-01
2836,B,2026-06-01
2837,A,2026-06-01
2838,A,2026-06-01
2839,B,2026-06-01
2840,A,2026-06-01
2841,B,2026-06-01
2842,B,2026-06-01
2843,B,2026-06-01
2844,B,2026-06-01
2845,B,2026-06-01
2846,A,2026-06-01
2847,B,2026-06-01
2848,A,2026-06-01
2849,A,2026-06-01
2850,B,2026-06-01
2851,B,2026-06-01
2852,A,2026-06-01
2853,A,2026-06-01
2854,B,2026-06-01
2855,A,2026-06-01
2856,B,2026-06-01
2857,B,2026-06-01
2858,A,2026-06-01
2859,A,2026-06-01
2860,B,2026-06-01
2861,A,2026-06-01
2862,A,2026-06-01
2863,A,2026-06-01
2864,A,2026-06-01
2865,A,2026-06-01
2866,B,2026-06-01
2867,B,2026-06-01
2868,B,2026-06-01
2869,B,2026-06-01
2870,A,2026-06-01
2871,A,2026-06-01
2872,B,2026-06-01
2873,B,2026-06-01
2874,B,2026-06-01
2875,B,2026-06-01
2876,B,2026-06-01
2877,A,2026-06-01
2878,B,2026-06-01
2879,B,2026-06-01
2880,B,2026-06-01
2881,B,2026-06-01
2882,B,2026-06-01
2883,B,2026-06-01
2884,B,2026-06-01
2885,B,2026-06-01
2886,B,2026-06-01
2887,B,2026-06-01
2888,A,2026-06-01
2889,B,2026-06-01
2890,B,2026-06-01
2891,B,2026-06-01
2892,A,2026-06-01
2893,B,2026-06-01
2894,A,2026-06-01
2895,B,2026-06-01
2896,A,2026-06-01
2897,B,2026-06-01
2898,A,2026-06-01
2899,A,2026-06-01
2900,B,2026-06-01
2901,A,2026-06-01
2902,B,2026-06-01
2903,B,2026-06-01
2904,B,2026-06-01
2905,A,2026-06-01
2906,B,2026-06-01
2907,A,2026-06-01
2908,B,2026-06-01
2909,B,2026-06-01
2910,A,2026-06-01
2911,A,2026-06-01
2912,A,2026-06-01
2913,B,2026-06-01
2914,A,2026-06-01
2915,B,2026-06-01
2916,B,2026-06-01
2917,B,2026-06-01
2918,B,2026-06-01
2919,A,2026-06-01
2920,B,2026-06-01
2921,B,2026-06-01
2922,B,2026-06-01
2923,A,2026-06-01
2924,A,2026-06-01
2925,A,2026-06-01
2926,A,2026-06-01
2927,A,2026-06-01
2928,A,2026-06-01
2929,B,2026-06-01
2930,A,2026-06-01
2931,B,2026-06-01
2932,A,2026-06-01
2933,B,2026-06-01
2934,B,2026-06-01
2935,B,2026-06-01
2936,B,2026-06-01
2937,A,2026-06-01
2938,B,2026-06-01
2939,A,2026-06-01
2940,A,2026-06-01
2941,A,2026-06-01
2942,B,2026-06-01
2943,A,2026-06-01
2944,B,2026-06-01
2945,A,2026-06-01
2946,B,2026-06-01
2947,B,2026-06-01
2948,A,2026-06-01
2949,A,2026-06-01
2950,B,2026-06-01
2951,A,2026-06-01
2952,B,2026-06-01
2953,B,2026-06-01
2954,A,2026-06-01
2955,A,2026-06-01
2956,A,2026-06-01
2957,A,2026-06-01
2958,A,2026-06-01
2959,A,2026-06-01
2960,A,2026-06-01
2961,A,2026-06-01
2962,B,2026-06-01
2963,B,2026-06-01
2964,B,2026-06-01
2965,A,2026-06-01
2966,A,2026-06-01
2967,B,2026-06-01
2968,B,2026-06-01
2969,A,2026-06-01
2970,A,2026-06-01
2971,B,2026-06-01
2972,B,2026-06-01
2973,A,2026-06-01
2974,B,2026-06-01
2975,B,2026-06-01
2976,B,2026-06-01
2977,B,2026-06-01
2978,A,2026-06-01
2979,B,2026-06-01
2980,B,2026-06-01
2981,B,2026-06-01
2982,B,2026-06-01
2983,B,2026-06-01
2984,A,2026-06-01
2985,A,2026-06-01
2986,B,2026-06-01
2987,A,2026-06-01
2988,A,2026-06-01
2989,A,2026-06-01
2990,B,2026-06-01
2991,A,2026-06-01
2992,B,2026-06-01
2993,A,2026-06-01
2994,A,2026-06-01
2995,A,2026-06-01
2996,A,2026-06-01
2997,B,2026-06-01
2998,B,2026-06-01
2999,B,2026-06-01
3000,A,2026-06-01
3001,B,2026-06-01
3002,A,2026-06-01
3003,A,2026-06-01
3004,B,2026-06-01
3005,B,2026-06-01
3006,A,2026-06-01
3007,A,2026-06-01
3008,B,2026-06-01
3009,A,2026-06-01
3010,B,2026-06-01
3011,B,2026-06-01
3012,B,2026-06-01
3013,A,2026-06-01
3014,B,2026-06-01
3015,A,2026-06-01
3016,A,2026-06-01
3017,B,2026-06-01
3018,A,2026-06-01
3019,A,2026-06-01
3020,B,2026-06-01
3021,B,2026-06-01
3022,A,2026-06-01
3023,A,2026-06-01
3024,A,2026-06-01
3025,A,2026-06-01
3026,B,2026-06-01
3027,B,2026-06-01
3028,B,2026-06-01
3029,A,2026-06-01
3030,A,2026-06-01
3031,A,2026-06-01
3032,A,2026-06-01
3033,A,2026-06-01
3034,A,2026-06-01
3035,A,2026-06-01
3036,B,2026-06-01
3037,B,2026-06-01
3038,B,2026-06-01
3039,A,2026-06-01
3040,B,2026-06-01
3041,B,2026-06-01
3042,A,2026-06-01
3043,B,2026-06-01
3044,B,2026-06-01
3045,B,2026-06-01
3046,A,2026-06-01
3047,A,2026-06-01
3048,B,2026-06-01
3049,A,2026-06-01
3050,B,2026-06-01
3051,B,2026-06-01
3052,A,2026-06-01
3053,B,2026-06-01
3054,B,2026-06-01
3055,A,2026-06-01
3056,A,2026-06-01
3057,B,2026-06-01
3058,B,2026-06-01
3059,A,2026-06-01
3060,A,2026-06-01
3061,B,2026-06-01
3062,B,2026-06-01
3063,A,2026-06-01
3064,B,2026-06-01
3065,A,2026-06-01
3066,A,2026-06-01
3067,B,2026-06-01
3068,A,2026-06-01
3069,B,2026-06-01
3070,A,2026-06-01
3071,B,2026-06-01
3072,A,2026-06-01
3073,A,2026-06-01
3074,B,2026-06-01
3075,A,2026-06-01
3076,B,2026-06-01
3077,B,2026-06-01
3078,B,2026-06-01
3079,B,2026-06-01
3080,B,2026-06-01
3081,B,2026-06-01
3082,B,2026-06-01
3083,B,2026-06-01
3084,A,2026-06-01
3085,B,2026-06-01
3086,A,2026-06-01
3087,A,2026-06-01
3088,A,2026-06-01
3089,B,2026-06-01
3090,B,2026-06-01
3091,B,2026-06-01
3092,A,2026-06-01
3093,A,2026-06-01
3094,B,2026-06-01
3095,A,2026-06-01
3096,A,2026-06-01
3097,A,2026-06-01
3098,B,2026-06-01
3099,A,2026-06-01
3100,A,2026-06-01
3101,B,2026-06-01
3102,A,2026-06-01
3103,B,2026-06-01
3104,A,2026-06-01
3105,A,2026-06-01
3106,B,2026-06-01
3107,B,2026-06-01
3108,B,2026-06-01
3109,B,2026-06-01
3110,A,2026-06-01
3111,A,2026-06-01
3112,A,2026-06-01
3113,B,2026-06-01
3114,B,2026-06-01
3115,B,2026-06-01
3116,A,2026-06-01
3117,B,2026-06-01
3118,B,2026-06-01
3119,B,2026-06-01
3120,B,2026-06-01
3121,B,2026-06-01
3122,A,2026-06-01
3123,A,2026-06-01
3124,A,2026-06-01
3125,A,2026-06-01
3126,A,2026-06-01
3127,A,2026-06-01
3128,A,2026-06-01
3129,B,2026-06-01
3130,B,2026-06-01
3131,B,2026-06-01
3132,A,2026-06-01
3133,A,2026-06-01
3134,A,2026-06-01
3135,B,2026-06-01
3136,B,2026-06-01
3137,A,2026-06-01
3138,B,2026-06-01
3139,A,2026-06-01
3140,B,2026-06-01
3141,A,2026-06-01
3142,A,2026-06-01
3143,B,2026-06-01
3144,B,2026-06-01
3145,B,2026-06-01
3146,B,2026-06-01
3147,A,2026-06-01
3148,A,2026-06-01
3149,B,2026-06-01
3150,B,2026-06-01
3151,B,2026-06-01
3152,A,2026-06-01
3153,B,2026-06-01
3154,A,2026-06-01
3155,B,2026-06-01
3156,B,2026-06-01
3157,B,2026-06-01
3158,A,2026-06-01
3159,A,2026-06-01
3160,A,2026-06-01
3161,B,2026-06-01
3162,A,2026-06-01
3163,B,2026-06-01
3164,B,2026-06-01
3165,B,2026-06-01
3166,B,2026-06-01
3167,B,2026-06-01
3168,B,2026-06-01
3169,A,2026-06-01
3170,B,2026-06-01
3171,B,2026-06-01
3172,A,2026-06-01
3173,B,2026-06-01
3174,B,2026-06-01
3175,B,2026-06-01
3176,A,2026-06-01
3177,B,2026-06-01
3178,A,2026-06-01
3179,B,2026-06-01
3180,A,2026-06-01
3181,B,2026-06-01
3182,A,2026-06-01
3183,A,2026-06-01
3184,A,2026-06-01
3185,A,2026-06-01
3186,B,2026-06-01
3187,B,2026-06-01
3188,A,2026-06-01
3189,A,2026-06-01
3190,A,2026-06-01
3191,B,2026-06-01
3192,A,2026-06-01
3193,A,2026-06-01
3194,A,2026-06-01
3195,A,2026-06-01
3196,A,2026-06-01
3197,A,2026-06-01
3198,B,2026-06-01
3199,B,2026-06-01
3200,A,2026-06-01
3201,B,2026-06-01
3202,A,2026-06-01
3203,B,2026-06-01
3204,A,2026-06-01
3205,B,2026-06-01
3206,B,2026-06-01
3207,A,2026-06-01
3208,B,2026-06-01
3209,A,2026-06-01
3210,B,2026-06-01
3211,A,2026-06-01
3212,A,2026-06-01
3213,B,2026-06-01
3214,A,2026-06-01
3215,A,2026-06-01
3216,A,2026-06-01
3217,B,2026-06-01
3218,A,2026-06-01
3219,A,2026-06-01
3220,B,2026-06-01
3221,A,2026-06-01
3222,A,2026-06-01
3223,A,2026-06-01
3224,A,2026-06-01
3225,A,2026-06-01
3226,B,2026-06-01
3227,A,2026-06-01
3228,A,2026-06-01
3229,A,2026-06-01
3230,A,2026-06-01
3231,B,2026-06-01
3232,A,2026-06-01
3233,A,2026-06-01
3234,A,2026-06-01
3235,B,2026-06-01
3236,A,2026-06-01
3237,A,2026-06-01
3238,B,2026-06-01
3239,A,2026-06-01
3240,B,2026-06-01
3241,B,2026-06-01
3242,A,2026-06-01
3243,B,2026-06-01
3244,B,2026-06-01
3245,B,2026-06-01
3246,B,2026-06-01
3247,A,2026-06-01
3248,A,2026-06-01
3249,B,2026-06-01
3250,A,2026-06-01
3251,B,2026-06-01
3252,A,2026-06-01
3253,B,2026-06-01
3254,A,2026-06-01
3255,A,2026-06-01
3256,B,2026-06-01
3257,A,2026-06-01
3258,A,2026-06-01
3259,A,2026-06-01
3260,B,2026-06-01
3261,B,2026-06-01
3262,A,2026-06-01
3263,A,2026-06-01
3264,A,2026-06-01
3265,B,2026-06-01
3266,A,2026-06-01
3267,A,2026-06-01
3268,A,2026-06-01
3269,B,2026-06-01
3270,B,2026-06-01
3271,B,2026-06-01
3272,A,2026-06-01
3273,B,2026-06-01
3274,B,2026-06-01
3275,A,2026-06-01
3276,A,2026-06-01
3277,A,2026-06-01
3278,B,2026-06-01
3279,B,2026-06-01
3280,B,2026-06-01
3281,A,2026-06-01
3282,A,2026-06-01
3283,B,2026-06-01
3284,A,2026-06-01
3285,B,2026-06-01
3286,B,2026-06-01
3287,A,2026-06-01
3288,A,2026-06-01
3289,B,2026-06-01
3290,A,2026-06-01
3291,B,2026-06-01
3292,A,2026-06-01
3293,B,2026-06-01
3294,B,2026-06-01
3295,B,2026-06-01
3296,A,2026-06-01
3297,B,2026-06-01
3298,A,2026-06-01
3299,A,2026-06-01
3300,A,2026-06-01
3301,A,2026-06-01
3302,A,2026-06-01
3303,A,2026-06-01
3304,B,2026-06-01
3305,B,2026-06-01
3306,A,2026-06-01
3307,B,2026-06-01
3308,A,2026-06-01
3309,A,2026-06-01
3310,B,2026-06-01
3311,A,2026-06-01
3312,B,2026-06-01
3313,A,2026-06-01
3314,A,2026-06-01
3315,A,2026-06-01
3316,B,2026-06-01
3317,B,2026-06-01
3318,B,2026-06-01
3319,B,2026-06-01
3320,A,2026-06-01
3321,B,2026-06-01
3322,A,2026-06-01
3323,A,2026-06-01
3324,B,2026-06-01
3325,A,2026-06-01
3326,A,2026-06-01
3327,B,2026-06-01
3328,B,2026-06-01
3329,B,2026-06-01
3330,A,2026-06-01
3331,A,2026-06-01
3332,B,2026-06-01
3333,B,2026-06-01
3334,B,2026-06-01
3335,B,2026-06-01
3336,B,2026-06-01
3337,A,2026-06-01
3338,B,2026-06-01
3339,B,2026-06-01
3340,B,2026-06-01
3341,A,2026-06-01
3342,B,2026-06-01
3343,B,2026-06-01
3344,B,2026-06-01
3345,B,2026-06-01
3346,A,2026-06-01
3347,A,2026-06-01
3348,A,2026-06-01
3349,A,2026-06-01
3350,B,2026-06-01
3351,A,2026-06-01
3352,B,2026-06-01
3353,A,2026-06-01
3354,A,2026-06-01
3355,A,2026-06-01
3356,B,2026-06-01
3357,A,2026-06-01
3358,A,2026-06-01
3359,B,2026-06-01
3360,B,2026-06-01
3361,B,2026-06-01
3362,A,2026-06-01
3363,A,2026-06-01
3364,B,2026-06-01
3365,B,2026-06-01
3366,B,2026-06-01
3367,A,2026-06-01
3368,A,2026-06-01
3369,A,2026-06-01
3370,B,2026-06-01
3371,A,2026-06-01
3372,B,2026-06-01
3373,A,2026-06-01
3374,B,2026-06-01
3375,A,2026-06-01
3376,B,2026-06-01
3377,A,2026-06-01
3378,B,2026-06-01
3379,B,2026-06-01
3380,A,2026-06-01
3381,B,2026-06-01
3382,B,2026-06-01
3383,B,2026-06-01
3384,B,2026-06-01
3385,B,2026-06-01
3386,A,2026-06-01
3387,A,2026-06-01
3388,B,2026-06-01
3389,A,2026-06-01
3390,A,2026-06-01
3391,B,2026-06-01
3392,A,2026-06-01
3393,B,2026-06-01
3394,B,2026-06-01
3395,B,2026-06-01
3396,A,2026-06-01
3397,A,2026-06-01
3398,A,2026-06-01
3399,A,2026-06-01
3400,A,2026-06-01
3401,A,2026-06-01
3402,B,2026-06-01
3403,B,2026-06-01
3404,B,2026-06-01
3405,B,2026-06-01
3406,A,2026-06-01
3407,B,2026-06-01
3408,B,2026-06-01
3409,A,2026-06-01
3410,B,2026-06-01
3411,A,2026-06-01
3412,A,2026-06-01
3413,B,2026-06-01
3414,B,2026-06-01
3415,B,2026-06-01
3416,B,2026-06-01
3417,B,2026-06-01
3418,B,2026-06-01
3419,A,2026-06-01
3420,B,2026-06-01
3421,A,2026-06-01
3422,A,2026-06-01
3423,A,2026-06-01
3424,B,2026-06-01
3425,B,2026-06-01
3426,B,2026-06-01
3427,A,2026-06-01
3428,B,2026-06-01
3429,A,2026-06-01
3430,A,2026-06-01
3431,B,2026-06-01
3432,A,2026-06-01
3433,B,2026-06-01
3434,A,2026-06-01
3435,A,2026-06-01
3436,B,2026-06-01
3437,A,2026-06-01
3438,A,2026-06-01
3439,A,2026-06-01
3440,B,2026-06-01
3441,B,2026-06-01
3442,B,2026-06-01
3443,B,2026-06-01
3444,B,2026-06-01
3445,B,2026-06-01
3446,B,2026-06-01
3447,B,2026-06-01
3448,A,2026-06-01
3449,B,2026-06-01
3450,A,2026-06-01
3451,A,2026-06-01
3452,B,2026-06-01
3453,A,2026-06-01
3454,B,2026-06-01
3455,B,2026-06-01
3456,A,2026-06-01
3457,B,2026-06-01
3458,B,2026-06-01
3459,A,2026-06-01
3460,B,2026-06-01
3461,B,2026-06-01
3462,A,2026-06-01
3463,A,2026-06-01
3464,A,2026-06-01
3465,A,2026-06-01
3466,A,2026-06-01
3467,B,2026-06-01
3468,A,2026-06-01
3469,B,2026-06-01
3470,A,2026-06-01
3471,A,2026-06-01
3472,B,2026-06-01
3473,B,2026-06-01
3474,B,2026-06-01
3475,A,2026-06-01
3476,B,2026-06-01
3477,A,2026-06-01
3478,A,2026-06-01
3479,A,2026-06-01
3480,B,2026-06-01
3481,A,2026-06-01
3482,B,2026-06-01
3483,B,2026-06-01
3484,B,2026-06-01
3485,A,2026-06-01
3486,A,2026-06-01
3487,A,2026-06-01
3488,A,2026-06-01
3489,B,2026-06-01
3490,B,2026-06-01
3491,B,2026-06-01
3492,B,2026-06-01
3493,B,2026-06-01
3494,A,2026-06-01
3495,B,2026-06-01
3496,A,2026-06-01
3497,B,2026-06-01
3498,B,2026-06-01
3499,B,2026-06-01
3500,A,2026-06-01
3501,B,2026-06-01
3502,B,2026-06-01
3503,B,2026-06-01
3504,B,2026-06-01
3505,A,2026-06-01
3506,A,2026-06-01
3507,B,2026-06-01
3508,B,2026-06-01
3509,B,2026-06-01
3510,A,2026-06-01
3511,A,2026-06-01
3512,A,2026-06-01
3513,A,2026-06-01
3514,A,2026-06-01
3515,A,2026-06-01
3516,B,2026-06-01
3517,B,2026-06-01
3518,A,2026-06-01
3519,B,2026-06-01
3520,B,2026-06-01
3521,A,2026-06-01
3522,B,2026-06-01
3523,B,2026-06-01
3524,A,2026-06-01
3525,A,2026-06-01
3526,A,2026-06-01
3527,B,2026-06-01
3528,A,2026-06-01
3529,A,2026-06-01
3530,B,2026-06-01
3531,A,2026-06-01
3532,B,2026-06-01
3533,A,2026-06-01
3534,B,2026-06-01
3535,A,2026-06-01
3536,A,2026-06-01
3537,A,2026-06-01
3538,B,2026-06-01
3539,A,2026-06-01
3540,B,2026-06-01
3541,B,2026-06-01
3542,B,2026-06-01
3543,A,2026-06-01
3544,B,2026-06-01
3545,B,2026-06-01
3546,A,2026-06-01
3547,B,2026-06-01
3548,B,2026-06-01
3549,B,2026-06-01
3550,A,2026-06-01
3551,B,2026-06-01
3552,A,2026-06-01
3553,A,2026-06-01
3554,A,2026-06-01
3555,A,2026-06-01
3556,B,2026-06-01
3557,B,2026-06-01
3558,A,2026-06-01
3559,A,2026-06-01
3560,A,2026-06-01
3561,B,2026-06-01
3562,B,2026-06-01
3563,A,2026-06-01
3564,B,2026-06-01
3565,A,2026-06-01
3566,B,2026-06-01
3567,B,2026-06-01
3568,A,2026-06-01
3569,B,2026-06-01
3570,A,2026-06-01
3571,A,2026-06-01
3572,B,2026-06-01
3573,B,2026-06-01
3574,A,2026-06-01
3575,B,2026-06-01
3576,B,2026-06-01
3577,A,2026-06-01
3578,A,2026-06-01
3579,B,2026-06-01
3580,B,2026-06-01
3581,A,2026-06-01
3582,B,2026-06-01
3583,B,2026-06-01
3584,A,2026-06-01
3585,B,2026-06-01
3586,A,2026-06-01
3587,A,2026-06-01
3588,B,2026-06-01
3589,B,2026-06-01
3590,A,2026-06-01
3591,B,2026-06-01
3592,B,2026-06-01
3593,A,2026-06-01
3594,A,2026-06-01
3595,B,2026-06-01
3596,B,2026-06-01
3597,A,2026-06-01
3598,A,2026-06-01
3599,A,2026-06-01
3600,A,2026-06-01
3601,B,2026-06-01
3602,A,2026-06-01
3603,A,2026-06-01
3604,B,2026-06-01
3605,A,2026-06-01
3606,A,2026-06-01
3607,B,2026-06-01
3608,B,2026-06-01
3609,B,2026-06-01
3610,A,2026-06-01
3611,A,2026-06-01
3612,B,2026-06-01
3613,B,2026-06-01
3614,A,2026-06-01
3615,A,2026-06-01
3616,B,2026-06-01
3617,A,2026-06-01
3618,A,2026-06-01
3619,A,2026-06-01
3620,B,2026-06-01
3621,B,2026-06-01
3622,B,2026-06-01
3623,A,2026-06-01
3624,A,2026-06-01
3625,A,2026-06-01
3626,B,2026-06-01
3627,B,2026-06-01
3628,B,2026-06-01
3629,A,2026-06-01
3630,B,2026-06-01
3631,B,2026-06-01
3632,A,2026-06-01
3633,A,2026-06-01
3634,B,2026-06-01
3635,B,2026-06-01
3636,A,2026-06-01
3637,B,2026-06-01
3638,B,2026-06-01
3639,A,2026-06-01
3640,A,2026-06-01
3641,A,2026-06-01
3642,A,2026-06-01
3643,A,2026-06-01
3644,A,2026-06-01
3645,B,2026-06-01
3646,B,2026-06-01
3647,B,2026-06-01
3648,A,2026-06-01
3649,A,2026-06-01
3650,A,2026-06-01
3651,B,2026-06-01
3652,A,2026-06-01
3653,A,2026-06-01
3654,B,2026-06-01
3655,B,2026-06-01
3656,B,2026-06-01
3657,A,2026-06-01
3658,A,2026-06-01
3659,B,2026-06-01
3660,B,2026-06-01
3661,A,2026-06-01
3662,A,2026-06-01
3663,B,2026-06-01
3664,B,2026-06-01
3665,B,2026-06-01
3666,B,2026-06-01
3667,B,2026-06-01
3668,A,2026-06-01
3669,A,2026-06-01
3670,B,2026-06-01
3671,A,2026-06-01
3672,B,2026-06-01
3673,B,2026-06-01
3674,B,2026-06-01
3675,B,2026-06-01
3676,A,2026-06-01
3677,A,2026-06-01
3678,A,2026-06-01
3679,B,2026-06-01
3680,A,2026-06-01
3681,B,2026-06-01
3682,B,2026-06-01
3683,B,2026-06-01
3684,A,2026-06-01
3685,A,2026-06-01
3686,A,2026-06-01
3687,A,2026-06-01
3688,A,2026-06-01
3689,A,2026-06-01
3690,B,2026-06-01
3691,A,2026-06-01
3692,A,2026-06-01
3693,B,2026-06-01
3694,B,2026-06-01
3695,B,2026-06-01
3696,A,2026-06-01
3697,B,2026-06-01
3698,B,2026-06-01
3699,B,2026-06-01
3700,A,2026-06-01
3701,B,2026-06-01
3702,A,2026-06-01
3703,B,2026-06-01
3704,A,2026-06-01
3705,B,2026-06-01
3706,B,2026-06-01
3707,A,2026-06-01
3708,B,2026-06-01
3709,A,2026-06-01
3710,A,2026-06-01
3711,A,2026-06-01
3712,B,2026-06-01
3713,A,2026-06-01
3714,B,2026-06-01
3715,B,2026-06-01
3716,B,2026-06-01
3717,B,2026-06-01
3718,A,2026-06-01
3719,A,2026-06-01
3720,A,2026-06-01
3721,B,2026-06-01
3722,A,2026-06-01
3723,A,2026-06-01
3724,B,2026-06-01
3725,A,2026-06-01
3726,B,2026-06-01
3727,A,2026-06-01
3728,A,2026-06-01
3729,A,2026-06-01
3730,A,2026-06-01
3731,B,2026-06-01
3732,A,2026-06-01
3733,A,2026-06-01
3734,B,2026-06-01
3735,B,2026-06-01
3736,B,2026-06-01
3737,B,2026-06-01
3738,B,2026-06-01
3739,A,2026-06-01
3740,B,2026-06-01
3741,B,2026-06-01
3742,A,2026-06-01
3743,A,2026-06-01
3744,A,2026-06-01
3745,A,2026-06-01
3746,A,2026-06-01
3747,A,2026-06-01
3748,B,2026-06-01
3749,B,2026-06-01
3750,B,2026-06-01
3751,B,2026-06-01
3752,A,2026-06-01
3753,B,2026-06-01
3754,B,2026-06-01
3755,A,2026-06-01
3756,A,2026-06-01
3757,A,2026-06-01
3758,A,2026-06-01
3759,A,2026-06-01
3760,A,2026-06-01
3761,A,2026-06-01
3762,A,2026-06-01
3763,B,2026-06-01
3764,A,2026-06-01
3765,A,2026-06-01
3766,B,2026-06-01
3767,B,2026-06-01
3768,A,2026-06-01
3769,B,2026-06-01
3770,A,2026-06-01
3771,A,2026-06-01
3772,A,2026-06-01
3773,B,2026-06-01
3774,A,2026-06-01
3775,B,2026-06-01
3776,A,2026-06-01
3777,B,2026-06-01
3778,A,2026-06-01
3779,A,2026-06-01
3780,B,2026-06-01
3781,B,2026-06-01
3782,A,2026-06-01
3783,B,2026-06-01
3784,B,2026-06-01
3785,A,2026-06-01
3786,B,2026-06-01
3787,B,2026-06-01
3788,A,2026-06-01
3789,A,2026-06-01
3790,B,2026-06-01
3791,A,2026-06-01
3792,A,2026-06-01
3793,A,2026-06-01
3794,B,2026-06-01
3795,A,2026-06-01
3796,B,2026-06-01
3797,A,2026-06-01
3798,A,2026-06-01
3799,B,2026-06-01
3800,B,2026-06-01
3801,A,2026-06-01
3802,A,2026-06-01
3803,A,2026-06-01
3804,B,2026-06-01
3805,A,2026-06-01
3806,B,2026-06-01
3807,B,2026-06-01
3808,A,2026-06-01
3809,A,2026-06-01
3810,A,2026-06-01
3811,A,2026-06-01
3812,B,2026-06-01
3813,B,2026-06-01
3814,B,2026-06-01
3815,A,2026-06-01
3816,B,2026-06-01
3817,A,2026-06-01
3818,A,2026-06-01
3819,B,2026-06-01
3820,B,2026-06-01
3821,A,2026-06-01
3822,B,2026-06-01
3823,B,2026-06-01
3824,B,2026-06-01
3825,A,2026-06-01
3826,B,2026-06-01
3827,B,2026-06-01
3828,B,2026-06-01
3829,B,2026-06-01
3830,B,2026-06-01
3831,A,2026-06-01
3832,A,2026-06-01
3833,A,2026-06-01
3834,A,2026-06-01
3835,A,2026-06-01
3836,B,2026-06-01
3837,A,2026-06-01
3838,B,2026-06-01
3839,B,2026-06-01
3840,A,2026-06-01
3841,B,2026-06-01
3842,A,2026-06-01
3843,B,2026-06-01
3844,B,2026-06-01
3845,A,2026-06-01
3846,A,2026-06-01
3847,A,2026-06-01
3848,B,2026-06-01
3849,B,2026-06-01
3850,A,2026-06-01
3851,B,2026-06-01
3852,A,2026-06-01
3853,A,2026-06-01
3854,B,2026-06-01
3855,A,2026-06-01
3856,B,2026-06-01
3857,B,2026-06-01
3858,B,2026-06-01
3859,A,2026-06-01
3860,A,2026-06-01
3861,A,2026-06-01
3862,B,2026-06-01
3863,B,2026-06-01
3864,A,2026-06-01
3865,B,2026-06-01
3866,A,2026-06-01
3867,A,2026-06-01
3868,A,2026-06-01
3869,A,2026-06-01
3870,A,2026-06-01
3871,A,2026-06-01
3872,B,2026-06-01
3873,B,2026-06-01
3874,A,2026-06-01
3875,B,2026-06-01
3876,B,2026-06-01
3877,A,2026-06-01
3878,B,2026-06-01
3879,B,2026-06-01
3880,B,2026-06-01
3881,B,2026-06-01
3882,B,2026-06-01
3883,A,2026-06-01
3884,B,2026-06-01
3885,A,2026-06-01
3886,B,2026-06-01
3887,A,2026-06-01
3888,A,2026-06-01
3889,B,2026-06-01
3890,A,2026-06-01
3891,B,2026-06-01
3892,A,2026-06-01
3893,B,2026-06-01
3894,A,2026-06-01
3895,A,2026-06-01
3896,A,2026-06-01
3897,B,2026-06-01
3898,B,2026-06-01
3899,B,2026-06-01
3900,B,2026-06-01
3901,B,2026-06-01
3902,B,2026-06-01
3903,A,2026-06-01
3904,A,2026-06-01
3905,A,2026-06-01
3906,A,2026-06-01
3907,B,2026-06-01
3908,B,2026-06-01
3909,B,2026-06-01
3910,B,2026-06-01
3911,B,2026-06-01
3912,B,2026-06-01
3913,A,2026-06-01
3914,A,2026-06-01
3915,A,2026-06-01
3916,A,2026-06-01
3917,B,2026-06-01
3918,B,2026-06-01
3919,A,2026-06-01
3920,B,2026-06-01
3921,B,2026-06-01
3922,A,2026-06-01
3923,A,2026-06-01
3924,B,2026-06-01
3925,B,2026-06-01
3926,A,2026-06-01
3927,A,2026-06-01
3928,A,2026-06-01
3929,A,2026-06-01
3930,B,2026-06-01
3931,A,2026-06-01
3932,A,2026-06-01
3933,A,2026-06-01
3934,B,2026-06-01
3935,A,2026-06-01
3936,A,2026-06-01
3937,B,2026-06-01
3938,A,2026-06-01
3939,A,2026-06-01
3940,A,2026-06-01
3941,B,2026-06-01
3942,B,2026-06-01
3943,A,2026-06-01
3944,A,2026-06-01
3945,A,2026-06-01
3946,B,2026-06-01
3947,B,2026-06-01
3948,B,2026-06-01
3949,B,2026-06-01
3950,B,2026-06-01
3951,B,2026-06-01
3952,B,2026-06-01
3953,A,2026-06-01
3954,A,2026-06-01
3955,B,2026-06-01
3956,B,2026-06-01
3957,B,2026-06-01
3958,A,2026-06-01
3959,B,2026-06-01
3960,A,2026-06-01
3961,B,2026-06-01
3962,A,2026-06-01
3963,A,2026-06-01
3964,A,2026-06-01
3965,B,2026-06-01
3966,A,2026-06-01
3967,A,2026-06-01
3968,A,2026-06-01
3969,B,2026-06-01
3970,A,2026-06-01
3971,B,2026-06-01
3972,B,2026-06-01
3973,A,2026-06-01
3974,B,2026-06-01
3975,A,2026-06-01
3976,B,2026-06-01
3977,A,2026-06-01
3978,B,2026-06-01
3979,B,2026-06-01
3980,B,2026-06-01
3981,A,2026-06-01
3982,A,2026-06-01
3983,B,2026-06-01
3984,B,2026-06-01
3985,A,2026-06-01
3986,A,2026-06-01
3987,A,2026-06-01
3988,B,2026-06-01
3989,A,2026-06-01
3990,A,2026-06-01
3991,A,2026-06-01
3992,A,2026-06-01
3993,A,2026-06-01
3994,B,2026-06-01
3995,A,2026-06-01
3996,B,2026-06-01
3997,A,2026-06-01
3998,A,2026-06-01
3999,A,2026-06-01
4000,B,2026-06-01
4001,B,2026-06-01
4002,A,2026-06-01
4003,A,2026-06-01
4004,B,2026-06-01
4005,B,2026-06-01
4006,A,2026-06-01
4007,B,2026-06-01
4008,A,2026-06-01
4009,A,2026-06-01
4010,A,2026-06-01
4011,A,2026-06-01
4012,B,2026-06-01
4013,A,2026-06-01
4014,B,2026-06-01
4015,B,2026-06-01
4016,A,2026-06-01
4017,A,2026-06-01
4018,B,2026-06-01
4019,A,2026-06-01
4020,A,2026-06-01
4021,A,2026-06-01
4022,A,2026-06-01
4023,B,2026-06-01
4024,B,2026-06-01
4025,A,2026-06-01
4026,B,2026-06-01
4027,B,2026-06-01
4028,A,2026-06-01
4029,A,2026-06-01
4030,B,2026-06-01
4031,B,2026-06-01
4032,A,2026-06-01
4033,A,2026-06-01
4034,A,2026-06-01
4035,A,2026-06-01
4036,B,2026-06-01
4037,A,2026-06-01
4038,A,2026-06-01
4039,A,2026-06-01
4040,B,2026-06-01
4041,A,2026-06-01
4042,A,2026-06-01
4043,B,2026-06-01
4044,B,2026-06-01
4045,A,2026-06-01
4046,A,2026-06-01
4047,A,2026-06-01
4048,B,2026-06-01
4049,A,2026-06-01
4050,A,2026-06-01
4051,A,2026-06-01
4052,A,2026-06-01
4053,B,2026-06-01
4054,A,2026-06-01
4055,A,2026-06-01
4056,B,2026-06-01
4057,B,2026-06-01
4058,A,2026-06-01
4059,B,2026-06-01
4060,A,2026-06-01
4061,B,2026-06-01
4062,B,2026-06-01
4063,B,2026-06-01
4064,B,2026-06-01
4065,A,2026-06-01
4066,B,2026-06-01
4067,A,2026-06-01
4068,A,2026-06-01
4069,B,2026-06-01
4070,B,2026-06-01
4071,B,2026-06-01
4072,A,2026-06-01
4073,A,2026-06-01
4074,A,2026-06-01
4075,B,2026-06-01
4076,A,2026-06-01
4077,A,2026-06-01
4078,A,2026-06-01
4079,B,2026-06-01
4080,A,2026-06-01
4081,B,2026-06-01
4082,A,2026-06-01
4083,A,2026-06-01
4084,A,2026-06-01
4085,B,2026-06-01
4086,A,2026-06-01
4087,A,2026-06-01
4088,B,2026-06-01
4089,A,2026-06-01
4090,B,2026-06-01
4091,A,2026-06-01
4092,A,2026-06-01
4093,A,2026-06-01
4094,A,2026-06-01
4095,B,2026-06-01
4096,B,2026-06-01
4097,B,2026-06-01
4098,B,2026-06-01
4099,A,2026-06-01
4100,A,2026-06-01
4101,B,2026-06-01
4102,B,2026-06-01
4103,A,2026-06-01
4104,B,2026-06-01
4105,A,2026-06-01
4106,B,2026-06-01
4107,B,2026-06-01
4108,B,2026-06-01
4109,A,2026-06-01
4110,B,2026-06-01
4111,B,2026-06-01
4112,A,2026-06-01
4113,A,2026-06-01
4114,B,2026-06-01
4115,A,2026-06-01
4116,A,2026-06-01
4117,A,2026-06-01
4118,B,2026-06-01
4119,B,2026-06-01
4120,B,2026-06-01
4121,A,2026-06-01
4122,B,2026-06-01
4123,B,2026-06-01
4124,B,2026-06-01
4125,A,2026-06-01
4126,B,2026-06-01
4127,A,2026-06-01
4128,A,2026-06-01
4129,B,2026-06-01
4130,B,2026-06-01
4131,A,2026-06-01
4132,B,2026-06-01
4133,A,2026-06-01
4134,B,2026-06-01
4135,A,2026-06-01
4136,A,2026-06-01
4137,B,2026-06-01
4138,B,2026-06-01
4139,B,2026-06-01
4140,B,2026-06-01
4141,B,2026-06-01
4142,B,2026-06-01
4143,A,2026-06-01
4144,A,2026-06-01
4145,A,2026-06-01
4146,A,2026-06-01
4147,B,2026-06-01
4148,A,2026-06-01
4149,A,2026-06-01
4150,A,2026-06-01
4151,B,2026-06-01
4152,A,2026-06-01
4153,A,2026-06-01
4154,B,2026-06-01
4155,B,2026-06-01
4156,A,2026-06-01
4157,B,2026-06-01
4158,A,2026-06-01
4159,B,2026-06-01
4160,A,2026-06-01
4161,B,2026-06-01
4162,B,2026-06-01
4163,B,2026-06-01
4164,A,2026-06-01
4165,B,2026-06-01
4166,A,2026-06-01
4167,B,2026-06-01
4168,B,2026-06-01
4169,B,2026-06-01
4170,B,2026-06-01
4171,B,2026-06-01
4172,B,2026-06-01
4173,A,2026-06-01
4174,A,2026-06-01
4175,B,2026-06-01
4176,B,2026-06-01
4177,B,2026-06-01
4178,B,2026-06-01
4179,B,2026-06-01
4180,B,2026-06-01
4181,A,2026-06-01
4182,B,2026-06-01
4183,A,2026-06-01
4184,A,2026-06-01
4185,A,2026-06-01
4186,B,2026-06-01
4187,A,2026-06-01
4188,B,2026-06-01
4189,B,2026-06-01
4190,B,2026-06-01
4191,B,2026-06-01
4192,B,2026-06-01
4193,A,2026-06-01
4194,A,2026-06-01
4195,B,2026-06-01
4196,A,2026-06-01
4197,B,2026-06-01
4198,B,2026-06-01
4199,A,2026-06-01
4200,B,2026-06-01
4201,B,2026-06-01
4202,A,2026-06-01
4203,B,2026-06-01
4204,B,2026-06-01
4205,A,2026-06-01
4206,B,2026-06-01
4207,A,2026-06-01
4208,B,2026-06-01
4209,A,2026-06-01
4210,B,2026-06-01
4211,B,2026-06-01
4212,B,2026-06-01
4213,B,2026-06-01
4214,A,2026-06-01
4215,B,2026-06-01
4216,B,2026-06-01
4217,B,2026-06-01
4218,A,2026-06-01
4219,B,2026-06-01
4220,B,2026-06-01
4221,B,2026-06-01
4222,B,2026-06-01
4223,A,2026-06-01
4224,B,2026-06-01
4225,A,2026-06-01
4226,A,2026-06-01
4227,B,2026-06-01
4228,B,2026-06-01
4229,A,2026-06-01
4230,A,2026-06-01
4231,A,2026-06-01
4232,A,2026-06-01
4233,A,2026-06-01
4234,A,2026-06-01
4235,A,2026-06-01
4236,B,2026-06-01
4237,B,2026-06-01
4238,A,2026-06-01
4239,B,2026-06-01
4240,B,2026-06-01
4241,A,2026-06-01
4242,A,2026-06-01
4243,A,2026-06-01
4244,A,2026-06-01
4245,A,2026-06-01
4246,B,2026-06-01
4247,B,2026-06-01
4248,B,2026-06-01
4249,A,2026-06-01
4250,B,2026-06-01
4251,B,2026-06-01
4252,B,2026-06-01
4253,A,2026-06-01
4254,B,2026-06-01
4255,B,2026-06-01
4256,B,2026-06-01
4257,B,2026-06-01
4258,A,2026-06-01
4259,B,2026-06-01
4260,A,2026-06-01
4261,B,2026-06-01
4262,A,2026-06-01
4263,A,2026-06-01
4264,B,2026-06-01
4265,B,2026-06-01
4266,A,2026-06-01
4267,B,2026-06-01
4268,B,2026-06-01
4269,A,2026-06-01
4270,A,2026-06-01
4271,B,2026-06-01
4272,A,2026-06-01
4273,A,2026-06-01
4274,A,2026-06-01
4275,A,2026-06-01
4276,B,2026-06-01
4277,A,2026-06-01
4278,A,2026-06-01
4279,A,2026-06-01
4280,A,2026-06-01
4281,A,2026-06-01
4282,B,2026-06-01
4283,B,2026-06-01
4284,A,2026-06-01
4285,A,2026-06-01
4286,A,2026-06-01
4287,A,2026-06-01
4288,B,2026-06-01
4289,A,2026-06-01
4290,A,2026-06-01
4291,B,2026-06-01
4292,A,2026-06-01
4293,B,2026-06-01
4294,B,2026-06-01
4295,A,2026-06-01
4296,B,2026-06-01
4297,B,2026-06-01
4298,A,2026-06-01
4299,B,2026-06-01
4300,B,2026-06-01
4301,B,2026-06-01
4302,B,2026-06-01
4303,B,2026-06-01
4304,A,2026-06-01
4305,B,2026-06-01
4306,A,2026-06-01
4307,A,2026-06-01
4308,B,2026-06-01
4309,B,2026-06-01
4310,A,2026-06-01
4311,B,2026-06-01
4312,A,2026-06-01
4313,A,2026-06-01
4314,A,2026-06-01
4315,A,2026-06-01
4316,A,2026-06-01
4317,B,2026-06-01
4318,A,2026-06-01
4319,A,2026-06-01
4320,B,2026-06-01
4321,B,2026-06-01
4322,A,2026-06-01
4323,A,2026-06-01
4324,A,2026-06-01
4325,B,2026-06-01
4326,B,2026-06-01
4327,B,2026-06-01
4328,A,2026-06-01
4329,B,2026-06-01
4330,A,2026-06-01
4331,A,2026-06-01
4332,A,2026-06-01
4333,B,2026-06-01
4334,B,2026-06-01
4335,B,2026-06-01
4336,B,2026-06-01
4337,A,2026-06-01
4338,A,2026-06-01
4339,B,2026-06-01
4340,B,2026-06-01
4341,B,2026-06-01
4342,A,2026-06-01
4343,B,2026-06-01
4344,A,2026-06-01
4345,B,2026-06-01
4346,A,2026-06-01
4347,B,2026-06-01
4348,A,2026-06-01
4349,B,2026-06-01
4350,B,2026-06-01
4351,A,2026-06-01
4352,A,2026-06-01
4353,B,2026-06-01
4354,A,2026-06-01
4355,A,2026-06-01
4356,B,2026-06-01
4357,B,2026-06-01
4358,A,2026-06-01
4359,B,2026-06-01
4360,B,2026-06-01
4361,B,2026-06-01
4362,B,2026-06-01
4363,B,2026-06-01
4364,A,2026-06-01
4365,B,2026-06-01
4366,A,2026-06-01
4367,A,2026-06-01
4368,B,2026-06-01
4369,A,2026-06-01
4370,B,2026-06-01
4371,B,2026-06-01
4372,A,2026-06-01
4373,A,2026-06-01
4374,B,2026-06-01
4375,B,2026-06-01
4376,B,2026-06-01
4377,B,2026-06-01
4378,A,2026-06-01
4379,A,2026-06-01
4380,B,2026-06-01
4381,A,2026-06-01
4382,B,2026-06-01
4383,A,2026-06-01
4384,B,2026-06-01
4385,B,2026-06-01
4386,B,2026-06-01
4387,B,2026-06-01
4388,B,2026-06-01
4389,B,2026-06-01
4390,B,2026-06-01
4391,B,2026-06-01
4392,B,2026-06-01
4393,B,2026-06-01
4394,A,2026-06-01
4395,A,2026-06-01
4396,A,2026-06-01
4397,A,2026-06-01
4398,A,2026-06-01
4399,A,2026-06-01
4400,B,2026-06-01
4401,B,2026-06-01
4402,A,2026-06-01
4403,A,2026-06-01
4404,B,2026-06-01
4405,B,2026-06-01
4406,B,2026-06-01
4407,B,2026-06-01
4408,B,2026-06-01
4409,A,2026-06-01
4410,A,2026-06-01
4411,B,2026-06-01
4412,A,2026-06-01
4413,B,2026-06-01
4414,B,2026-06-01
4415,B,2026-06-01
4416,A,2026-06-01
4417,B,2026-06-01
4418,B,2026-06-01
4419,B,2026-06-01
4420,A,2026-06-01
4421,B,2026-06-01
4422,B,2026-06-01
4423,B,2026-06-01
4424,B,2026-06-01
4425,B,2026-06-01
4426,A,2026-06-01
4427,A,2026-06-01
4428,B,2026-06-01
4429,B,2026-06-01
4430,A,2026-06-01
4431,B,2026-06-01
4432,A,2026-06-01
4433,A,2026-06-01
4434,B,2026-06-01
4435,A,2026-06-01
4436,A,2026-06-01
4437,A,2026-06-01
4438,B,2026-06-01
4439,A,2026-06-01
4440,A,2026-06-01
4441,A,2026-06-01
4442,A,2026-06-01
4443,A,2026-06-01
4444,A,2026-06-01
4445,A,2026-06-01
4446,B,2026-06-01
4447,A,2026-06-01
4448,A,2026-06-01
4449,A,2026-06-01
4450,A,2026-06-01
4451,B,2026-06-01
4452,A,2026-06-01
4453,A,2026-06-01
4454,A,2026-06-01
4455,B,2026-06-01
4456,A,2026-06-01
4457,B,2026-06-01
4458,A,2026-06-01
4459,A,2026-06-01
4460,B,2026-06-01
4461,B,2026-06-01
4462,B,2026-06-01
4463,A,2026-06-01
4464,B,2026-06-01
4465,A,2026-06-01
4466,B,2026-06-01
4467,B,2026-06-01
4468,A,2026-06-01
4469,B,2026-06-01
4470,B,2026-06-01
4471,A,2026-06-01
4472,B,2026-06-01
4473,B,2026-06-01
4474,A,2026-06-01
4475,B,2026-06-01
4476,A,2026-06-01
4477,B,2026-06-01
4478,B,2026-06-01
4479,B,2026-06-01
4480,A,2026-06-01
4481,B,2026-06-01
4482,A,2026-06-01
4483,A,2026-06-01
4484,A,2026-06-01
4485,B,2026-06-01
4486,B,2026-06-01
4487,A,2026-06-01
4488,B,2026-06-01
4489,A,2026-06-01
4490,B,2026-06-01
4491,B,2026-06-01
4492,A,2026-06-01
4493,A,2026-06-01
4494,A,2026-06-01
4495,A,2026-06-01
4496,B,2026-06-01
4497,A,2026-06-01
4498,B,2026-06-01
4499,B,2026-06-01
4500,B,2026-06-01
4501,A,2026-06-01
4502,B,2026-06-01
4503,B,2026-06-01
4504,B,2026-06-01
4505,B,2026-06-01
4506,A,2026-06-01
4507,A,2026-06-01
4508,B,2026-06-01
4509,B,2026-06-01
4510,B,2026-06-01
4511,A,2026-06-01
4512,B,2026-06-01
4513,A,2026-06-01
4514,A,2026-06-01
4515,A,2026-06-01
4516,A,2026-06-01
4517,A,2026-06-01
4518,B,2026-06-01
4519,B,2026-06-01
4520,B,2026-06-01
4521,B,2026-06-01
4522,A,2026-06-01
4523,B,2026-06-01
4524,B,2026-06-01
4525,B,2026-06-01
4526,B,2026-06-01
4527,A,2026-06-01
4528,A,2026-06-01
4529,A,2026-06-01
4530,B,2026-06-01
4531,A,2026-06-01
4532,B,2026-06-01
4533,A,2026-06-01
4534,B,2026-06-01
4535,A,2026-06-01
4536,A,2026-06-01
4537,A,2026-06-01
4538,B,2026-06-01
4539,A,2026-06-01
4540,B,2026-06-01
4541,A,2026-06-01
4542,B,2026-06-01
4543,A,2026-06-01
4544,B,2026-06-01
4545,A,2026-06-01
4546,B,2026-06-01
4547,A,2026-06-01
4548,B,2026-06-01
4549,B,2026-06-01
4550,A,2026-06-01
4551,A,2026-06-01
4552,B,2026-06-01
4553,B,2026-06-01
4554,A,2026-06-01
4555,A,2026-06-01
4556,A,2026-06-01
4557,A,2026-06-01
4558,A,2026-06-01
4559,B,2026-06-01
4560,A,2026-06-01
4561,B,2026-06-01
4562,B,2026-06-01
4563,A,2026-06-01
4564,B,2026-06-01
4565,B,2026-06-01
4566,A,2026-06-01
4567,A,2026-06-01
4568,B,2026-06-01
4569,B,2026-06-01
4570,A,2026-06-01
4571,A,2026-06-01
4572,A,2026-06-01
4573,A,2026-06-01
4574,A,2026-06-01
4575,B,2026-06-01
4576,B,2026-06-01
4577,A,2026-06-01
4578,B,2026-06-01
4579,A,2026-06-01
4580,A,2026-06-01
4581,B,2026-06-01
4582,A,2026-06-01
4583,A,2026-06-01
4584,B,2026-06-01
4585,A,2026-06-01
4586,B,2026-06-01
4587,A,2026-06-01
4588,A,2026-06-01
4589,B,2026-06-01
4590,B,2026-06-01
4591,A,2026-06-01
4592,B,2026-06-01
4593,B,2026-06-01
4594,B,2026-06-01
4595,A,2026-06-01
4596,B,2026-06-01
4597,B,2026-06-01
4598,B,2026-06-01
4599,A,2026-06-01
4600,A,2026-06-01
4601,B,2026-06-01
4602,A,2026-06-01
4603,B,2026-06-01
4604,B,2026-06-01
4605,B,2026-06-01
4606,A,2026-06-01
4607,A,2026-06-01
4608,B,2026-06-01
4609,B,2026-06-01
4610,B,2026-06-01
4611,B,2026-06-01
4612,A,2026-06-01
4613,B,2026-06-01
4614,B,2026-06-01
4615,B,2026-06-01
4616,B,2026-06-01
4617,A,2026-06-01
4618,A,2026-06-01
4619,A,2026-06-01
4620,A,2026-06-01
4621,A,2026-06-01
4622,B,2026-06-01
4623,A,2026-06-01
4624,B,2026-06-01
4625,A,2026-06-01
4626,A,2026-06-01
4627,A,2026-06-01
4628,A,2026-06-01
4629,B,2026-06-01
4630,A,2026-06-01
4631,A,2026-06-01
4632,B,2026-06-01
4633,A,2026-06-01
4634,A,2026-06-01
4635,A,2026-06-01
4636,A,2026-06-01
4637,A,2026-06-01
4638,A,2026-06-01
4639,B,2026-06-01
4640,B,2026-06-01
4641,A,2026-06-01
4642,A,2026-06-01
4643,A,2026-06-01
4644,B,2026-06-01
4645,A,2026-06-01
4646,B,2026-06-01
4647,B,2026-06-01
4648,A,2026-06-01
4649,B,2026-06-01
4650,A,2026-06-01
4651,A,2026-06-01
4652,A,2026-06-01
4653,A,2026-06-01
4654,B,2026-06-01
4655,B,2026-06-01
4656,A,2026-06-01
4657,B,2026-06-01
4658,A,2026-06-01
4659,A,2026-06-01
4660,A,2026-06-01
4661,B,2026-06-01
4662,B,2026-06-01
4663,B,2026-06-01
4664,B,2026-06-01
4665,A,2026-06-01
4666,A,2026-06-01
4667,B,2026-06-01
4668,B,2026-06-01
4669,A,2026-06-01
4670,B,2026-06-01
4671,A,2026-06-01
4672,A,2026-06-01
4673,B,2026-06-01
4674,B,2026-06-01
4675,A,2026-06-01
4676,A,2026-06-01
4677,A,2026-06-01
4678,B,2026-06-01
4679,B,2026-06-01
4680,B,2026-06-01
4681,A,2026-06-01
4682,B,2026-06-01
4683,B,2026-06-01
4684,A,2026-06-01
4685,A,2026-06-01
4686,A,2026-06-01
4687,A,2026-06-01
4688,B,2026-06-01
4689,B,2026-06-01
4690,B,2026-06-01
4691,A,2026-06-01
4692,B,2026-06-01
4693,A,2026-06-01
4694,A,2026-06-01
4695,B,2026-06-01
4696,A,2026-06-01
4697,B,2026-06-01
4698,B,2026-06-01
4699,B,2026-06-01
4700,A,2026-06-01
4701,B,2026-06-01
4702,B,2026-06-01
4703,B,2026-06-01
4704,B,2026-06-01
4705,B,2026-06-01
4706,A,2026-06-01
4707,B,2026-06-01
4708,B,2026-06-01
4709,B,2026-06-01
4710,B,2026-06-01
4711,A,2026-06-01
4712,A,2026-06-01
4713,B,2026-06-01
4714,A,2026-06-01
4715,A,2026-06-01
4716,A,2026-06-01
4717,A,2026-06-01
4718,B,2026-06-01
4719,B,2026-06-01
4720,A,2026-06-01
4721,A,2026-06-01
4722,A,2026-06-01
4723,A,2026-06-01
4724,A,2026-06-01
4725,B,2026-06-01
4726,A,2026-06-01
4727,B,2026-06-01
4728,B,2026-06-01
4729,B,2026-06-01
4730,A,2026-06-01
4731,B,2026-06-01
4732,A,2026-06-01
4733,A,2026-06-01
4734,A,2026-06-01
4735,B,2026-06-01
4736,A,2026-06-01
4737,B,2026-06-01
4738,B,2026-06-01
4739,B,2026-06-01
4740,B,2026-06-01
4741,A,2026-06-01
4742,A,2026-06-01
4743,A,2026-06-01
4744,B,2026-06-01
4745,B,2026-06-01
4746,B,2026-06-01
4747,A,2026-06-01
4748,B,2026-06-01
4749,B,2026-06-01
4750,B,2026-06-01
4751,B,2026-06-01
4752,A,2026-06-01
4753,A,2026-06-01
4754,A,2026-06-01
4755,B,2026-06-01
4756,B,2026-06-01
4757,A,2026-06-01
4758,A,2026-06-01
4759,A,2026-06-01
4760,B,2026-06-01
4761,A,2026-06-01
4762,A,2026-06-01
4763,A,2026-06-01
4764,A,2026-06-01
4765,B,2026-06-01
4766,B,2026-06-01
4767,A,2026-06-01
4768,B,2026-06-01
4769,A,2026-06-01
4770,B,2026-06-01
4771,A,2026-06-01
4772,A,2026-06-01
4773,B,2026-06-01
4774,A,2026-06-01
4775,A,2026-06-01
4776,B,2026-06-01
4777,B,2026-06-01
4778,A,2026-06-01
4779,B,2026-06-01
4780,B,2026-06-01
4781,B,2026-06-01
4782,B,2026-06-01
4783,B,2026-06-01
4784,A,2026-06-01
4785,A,2026-06-01
4786,A,2026-06-01
4787,A,2026-06-01
4788,B,2026-06-01
4789,A,2026-06-01
4790,A,2026-06-01
4791,A,2026-06-01
4792,A,2026-06-01
4793,B,2026-06-01
4794,A,2026-06-01
4795,B,2026-06-01
4796,A,2026-06-01
4797,B,2026-06-01
4798,B,2026-06-01
4799,B,2026-06-01
4800,B,2026-06-01
4801,B,2026-06-01
4802,B,2026-06-01
4803,B,2026-06-01
4804,B,2026-06-01
4805,B,2026-06-01
4806,B,2026-06-01
4807,B,2026-06-01
4808,A,2026-06-01
4809,A,2026-06-01
4810,B,2026-06-01
4811,A,2026-06-01
4812,B,2026-06-01
4813,A,2026-06-01
4814,A,2026-06-01
4815,B,2026-06-01
4816,B,2026-06-01
4817,B,2026-06-01
4818,A,2026-06-01
4819,A,2026-06-01
4820,A,2026-06-01
4821,A,2026-06-01
4822,A,2026-06-01
4823,B,2026-06-01
4824,A,2026-06-01
4825,B,2026-06-01
4826,A,2026-06-01
4827,A,2026-06-01
4828,A,2026-06-01
4829,B,2026-06-01
4830,B,2026-06-01
4831,A,2026-06-01
4832,B,2026-06-01
4833,B,2026-06-01
4834,B,2026-06-01
4835,B,2026-06-01
4836,A,2026-06-01
4837,B,2026-06-01
4838,B,2026-06-01
4839,B,2026-06-01
4840,B,2026-06-01
4841,A,2026-06-01
4842,A,2026-06-01
4843,B,2026-06-01
4844,B,2026-06-01
4845,A,2026-06-01
4846,A,2026-06-01
4847,B,2026-06-01
4848,A,2026-06-01
4849,A,2026-06-01
4850,A,2026-06-01
4851,B,2026-06-01
4852,B,2026-06-01
4853,B,2026-06-01
4854,B,2026-06-01
4855,A,2026-06-01
4856,A,2026-06-01
4857,B,2026-06-01
4858,A,2026-06-01
4859,A,2026-06-01
4860,B,2026-06-01
4861,A,2026-06-01
4862,B,2026-06-01
4863,B,2026-06-01
4864,B,2026-06-01
4865,A,2026-06-01
4866,A,2026-06-01
4867,B,2026-06-01
4868,B,2026-06-01
4869,A,2026-06-01
4870,B,2026-06-01
4871,B,2026-06-01
4872,B,2026-06-01
4873,A,2026-06-01
4874,A,2026-06-01
4875,A,2026-06-01
4876,A,2026-06-01
4877,B,2026-06-01
4878,A,2026-06-01
4879,B,2026-06-01
4880,A,2026-06-01
4881,B,2026-06-01
4882,A,2026-06-01
4883,A,2026-06-01
4884,A,2026-06-01
4885,B,2026-06-01
4886,A,2026-06-01
4887,A,2026-06-01
4888,A,2026-06-01
4889,B,2026-06-01
4890,B,2026-06-01
4891,B,2026-06-01
4892,B,2026-06-01
4893,A,2026-06-01
4894,B,2026-06-01
4895,A,2026-06-01
4896,A,2026-06-01
4897,B,2026-06-01
4898,B,2026-06-01
4899,A,2026-06-01
4900,A,2026-06-01
4901,B,2026-06-01
4902,B,2026-06-01
4903,A,2026-06-01
4904,A,2026-06-01
4905,B,2026-06-01
4906,B,2026-06-01
4907,B,2026-06-01
4908,A,2026-06-01
4909,A,2026-06-01
4910,A,2026-06-01
4911,B,2026-06-01
4912,A,2026-06-01
4913,A,2026-06-01
4914,A,2026-06-01
4915,B,2026-06-01
4916,A,2026-06-01
4917,B,2026-06-01
4918,B,2026-06-01
4919,B,2026-06-01
4920,A,2026-06-01
4921,B,2026-06-01
4922,A,2026-06-01
4923,A,2026-06-01
4924,B,2026-06-01
4925,A,2026-06-01
4926,B,2026-06-01
4927,A,2026-06-01
4928,B,2026-06-01
4929,B,2026-06-01
4930,A,2026-06-01
4931,B,2026-06-01
4932,B,2026-06-01
4933,A,2026-06-01
4934,A,2026-06-01
4935,A,2026-06-01
4936,B,2026-06-01
4937,B,2026-06-01
4938,B,2026-06-01
4939,A,2026-06-01
4940,A,2026-06-01
4941,A,2026-06-01
4942,A,2026-06-01
4943,B,2026-06-01
4944,B,2026-06-01
4945,A,2026-06-01
4946,B,2026-06-01
4947,A,2026-06-01
4948,B,2026-06-01
4949,A,2026-06-01
4950,B,2026-06-01
4951,A,2026-06-01
4952,B,2026-06-01
4953,A,2026-06-01
4954,A,2026-06-01
4955,A,2026-06-01
4956,A,2026-06-01
4957,B,2026-06-01
4958,B,2026-06-01
4959,B,2026-06-01
4960,B,2026-06-01
4961,A,2026-06-01
4962,B,2026-06-01
4963,A,2026-06-01
4964,B,2026-06-01
4965,A,2026-06-01
4966,B,2026-06-01
4967,A,2026-06-01
4968,A,2026-06-01
4969,A,2026-06-01
4970,A,2026-06-01
4971,A,2026-06-01
4972,A,2026-06-01
4973,B,2026-06-01
4974,A,2026-06-01
4975,B,2026-06-01
4976,A,2026-06-01
4977,A,2026-06-01
4978,B,2026-06-01
4979,B,2026-06-01
4980,A,2026-06-01
4981,B,2026-06-01
4982,A,2026-06-01
4983,B,2026-06-01
4984,B,2026-06-01
4985,A,2026-06-01
4986,B,2026-06-01
4987,B,2026-06-01
4988,A,2026-06-01
4989,B,2026-06-01
4990,B,2026-06-01
4991,B,2026-06-01
4992,A,2026-06-01
4993,B,2026-06-01
4994,A,2026-06-01
4995,A,2026-06-01
4996,A,2026-06-01
4997,B,2026-06-01
4998,B,2026-06-01
4999,B,2026-06-01
5000,B,2026-06-01
5001,A,2026-06-01
5002,A,2026-06-01
5003,B,2026-06-01
5004,B,2026-06-01
5005,B,2026-06-01
5006,A,2026-06-01
5007,A,2026-06-01
5008,A,2026-06-01
5009,A,2026-06-01
5010,A,2026-06-01
5011,B,2026-06-01
5012,B,2026-06-01
5013,B,2026-06-01
5014,A,2026-06-01
5015,A,2026-06-01
5016,B,2026-06-01
5017,B,2026-06-01
5018,B,2026-06-01
5019,B,2026-06-01
5020,B,2026-06-01
5021,A,2026-06-01
5022,A,2026-06-01
5023,B,2026-06-01
5024,A,2026-06-01
5025,A,2026-06-01
5026,A,2026-06-01
5027,A,2026-06-01
5028,B,2026-06-01
5029,A,2026-06-01
5030,A,2026-06-01
5031,B,2026-06-01
5032,B,2026-06-01
5033,B,2026-06-01
5034,B,2026-06-01
5035,B,2026-06-01
5036,B,2026-06-01
5037,A,2026-06-01
5038,A,2026-06-01
5039,B,2026-06-01
5040,B,2026-06-01
5041,B,2026-06-01
5042,B,2026-06-01
5043,B,2026-06-01
5044,A,2026-06-01
5045,A,2026-06-01
5046,A,2026-06-01
5047,A,2026-06-01
5048,A,2026-06-01
5049,A,2026-06-01
5050,B,2026-06-01
5051,B,2026-06-01
5052,B,2026-06-01
5053,A,2026-06-01
5054,A,2026-06-01
5055,B,2026-06-01
5056,A,2026-06-01
5057,B,2026-06-01
5058,A,2026-06-01
5059,B,2026-06-01
5060,A,2026-06-01
5061,A,2026-06-01
5062,A,2026-06-01
5063,B,2026-06-01
5064,A,2026-06-01
5065,B,2026-06-01
5066,A,2026-06-01
5067,A,2026-06-01
5068,B,2026-06-01
5069,B,2026-06-01
5070,B,2026-06-01
5071,A,2026-06-01
5072,A,2026-06-01
5073,B,2026-06-01
5074,A,2026-06-01
5075,B,2026-06-01
5076,A,2026-06-01
5077,B,2026-06-01
5078,A,2026-06-01
5079,A,2026-06-01
5080,B,2026-06-01
5081,B,2026-06-01
5082,B,2026-06-01
5083,B,2026-06-01
5084,B,2026-06-01
5085,B,2026-06-01
5086,B,2026-06-01
5087,B,2026-06-01
5088,A,2026-06-01
5089,B,2026-06-01
5090,B,2026-06-01
5091,B,2026-06-01
5092,B,2026-06-01
5093,A,2026-06-01
5094,A,2026-06-01
5095,A,2026-06-01
5096,A,2026-06-01
5097,A,2026-06-01
5098,B,2026-06-01
5099,B,2026-06-01
5100,B,2026-06-01
5101,A,2026-06-01
5102,B,2026-06-01
5103,B,2026-06-01
5104,A,2026-06-01
5105,B,2026-06-01
5106,B,2026-06-01
5107,A,2026-06-01
5108,B,2026-06-01
5109,B,2026-06-01
5110,A,2026-06-01
5111,B,2026-06-01
5112,A,2026-06-01
5113,A,2026-06-01
5114,B,2026-06-01
5115,A,2026-06-01
5116,B,2026-06-01
5117,A,2026-06-01
5118,A,2026-06-01
5119,B,2026-06-01
5120,A,2026-06-01
5121,A,2026-06-01
5122,B,2026-06-01
5123,B,2026-06-01
5124,B,2026-06-01
5125,B,2026-06-01
5126,B,2026-06-01
5127,B,2026-06-01
5128,A,2026-06-01
5129,A,2026-06-01
5130,A,2026-06-01
5131,A,2026-06-01
5132,B,2026-06-01
5133,B,2026-06-01
5134,B,2026-06-01
5135,A,2026-06-01
5136,A,2026-06-01
5137,A,2026-06-01
5138,B,2026-06-01
5139,A,2026-06-01
5140,B,2026-06-01
5141,A,2026-06-01
5142,B,2026-06-01
5143,B,2026-06-01
5144,B,2026-06-01
5145,A,2026-06-01
5146,A,2026-06-01
5147,A,2026-06-01
5148,B,2026-06-01
5149,A,2026-06-01
5150,A,2026-06-01
5151,B,2026-06-01
5152,B,2026-06-01
5153,B,2026-06-01
5154,B,2026-06-01
5155,B,2026-06-01
5156,B,2026-06-01
5157,B,2026-06-01
5158,A,2026-06-01
5159,B,2026-06-01
5160,B,2026-06-01
5161,A,2026-06-01
5162,B,2026-06-01
5163,A,2026-06-01
5164,A,2026-06-01
5165,B,2026-06-01
5166,B,2026-06-01
5167,B,2026-06-01
5168,A,2026-06-01
5169,B,2026-06-01
5170,A,2026-06-01
5171,A,2026-06-01
5172,A,2026-06-01
5173,A,2026-06-01
5174,A,2026-06-01
5175,B,2026-06-01
5176,B,2026-06-01
5177,B,2026-06-01
5178,B,2026-06-01
5179,A,2026-06-01
5180,B,2026-06-01
5181,B,2026-06-01
5182,A,2026-06-01
5183,B,2026-06-01
5184,A,2026-06-01
5185,A,2026-06-01
5186,B,2026-06-01
5187,B,2026-06-01
5188,B,2026-06-01
5189,A,2026-06-01
5190,B,2026-06-01
5191,B,2026-06-01
5192,B,2026-06-01
5193,A,2026-06-01
5194,A,2026-06-01
5195,B,2026-06-01
5196,A,2026-06-01
5197,A,2026-06-01
5198,A,2026-06-01
5199,B,2026-06-01
5200,B,2026-06-01
5201,A,2026-06-01
5202,A,2026-06-01
5203,B,2026-06-01
5204,A,2026-06-01
5205,B,2026-06-01
5206,A,2026-06-01
5207,A,2026-06-01
5208,A,2026-06-01
5209,B,2026-06-01
5210,B,2026-06-01
5211,A,2026-06-01
5212,A,2026-06-01
5213,A,2026-06-01
5214,B,2026-06-01
5215,A,2026-06-01
5216,A,2026-06-01
5217,B,2026-06-01
5218,B,2026-06-01
5219,A,2026-06-01
5220,A,2026-06-01
5221,B,2026-06-01
5222,B,2026-06-01
5223,A,2026-06-01
5224,B,2026-06-01
5225,B,2026-06-01
5226,B,2026-06-01
5227,A,2026-06-01
5228,B,2026-06-01
5229,B,2026-06-01
5230,A,2026-06-01
5231,B,2026-06-01
5232,A,2026-06-01
5233,A,2026-06-01
5234,A,2026-06-01
5235,B,2026-06-01
5236,B,2026-06-01
5237,B,2026-06-01
5238,B,2026-06-01
5239,A,2026-06-01
5240,A,2026-06-01
5241,B,2026-06-01
5242,B,2026-06-01
5243,A,2026-06-01
5244,A,2026-06-01
5245,A,2026-06-01
5246,A,2026-06-01
5247,A,2026-06-01
5248,B,2026-06-01
5249,A,2026-06-01
5250,A,2026-06-01
5251,B,2026-06-01
5252,B,2026-06-01
5253,A,2026-06-01
5254,B,2026-06-01
5255,A,2026-06-01
5256,B,2026-06-01
5257,B,2026-06-01
5258,B,2026-06-01
5259,A,2026-06-01
5260,B,2026-06-01
5261,B,2026-06-01
5262,A,2026-06-01
5263,A,2026-06-01
5264,B,2026-06-01
5265,B,2026-06-01
5266,A,2026-06-01
5267,B,2026-06-01
5268,A,2026-06-01
5269,A,2026-06-01
5270,B,2026-06-01
5271,A,2026-06-01
5272,A,2026-06-01
5273,A,2026-06-01
5274,B,2026-06-01
5275,A,2026-06-01
5276,B,2026-06-01
5277,A,2026-06-01
5278,B,2026-06-01
5279,A,2026-06-01
5280,B,2026-06-01
5281,B,2026-06-01
5282,A,2026-06-01
5283,A,2026-06-01
5284,A,2026-06-01
5285,A,2026-06-01
5286,A,2026-06-01
5287,B,2026-06-01
5288,B,2026-06-01
5289,A,2026-06-01
5290,A,2026-06-01
5291,A,2026-06-01
5292,A,2026-06-01
5293,B,2026-06-01
5294,B,2026-06-01
5295,A,2026-06-01
5296,A,2026-06-01
5297,B,2026-06-01
5298,A,2026-06-01
5299,A,2026-06-01
5300,B,2026-06-01
5301,B,2026-06-01
5302,A,2026-06-01
5303,B,2026-06-01
5304,A,2026-06-01
5305,B,2026-06-01
5306,A,2026-06-01
5307,B,2026-06-01
5308,B,2026-06-01
5309,A,2026-06-01
5310,B,2026-06-01
5311,B,2026-06-01
5312,A,2026-06-01
5313,B,2026-06-01
5314,B,2026-06-01
5315,B,2026-06-01
5316,A,2026-06-01
5317,A,2026-06-01
5318,A,2026-06-01
5319,A,2026-06-01
5320,B,2026-06-01
5321,A,2026-06-01
5322,A,2026-06-01
5323,A,2026-06-01
5324,A,2026-06-01
5325,B,2026-06-01
5326,B,2026-06-01
5327,A,2026-06-01
5328,A,2026-06-01
5329,A,2026-06-01
5330,A,2026-06-01
5331,A,2026-06-01
5332,B,2026-06-01
5333,A,2026-06-01
5334,B,2026-06-01
5335,A,2026-06-01
5336,A,2026-06-01
5337,B,2026-06-01
5338,B,2026-06-01
5339,B,2026-06-01
5340,B,2026-06-01
5341,A,2026-06-01
5342,B,2026-06-01
5343,A,2026-06-01
5344,B,2026-06-01
5345,A,2026-06-01
5346,A,2026-06-01
5347,B,2026-06-01
5348,A,2026-06-01
5349,A,2026-06-01
5350,A,2026-06-01
5351,B,2026-06-01
5352,B,2026-06-01
5353,B,2026-06-01
5354,B,2026-06-01
5355,B,2026-06-01
5356,A,2026-06-01
5357,A,2026-06-01
5358,B,2026-06-01
5359,A,2026-06-01
5360,A,2026-06-01
5361,A,2026-06-01
5362,B,2026-06-01
5363,A,2026-06-01
5364,B,2026-06-01
5365,B,2026-06-01
5366,B,2026-06-01
5367,B,2026-06-01
5368,A,2026-06-01
5369,B,2026-06-01
5370,B,2026-06-01
5371,B,2026-06-01
5372,B,2026-06-01
5373,A,2026-06-01
5374,B,2026-06-01
5375,A,2026-06-01
5376,B,2026-06-01
5377,B,2026-06-01
5378,B,2026-06-01
5379,B,2026-06-01
5380,A,2026-06-01
5381,A,2026-06-01
5382,B,2026-06-01
5383,A,2026-06-01
5384,A,2026-06-01
5385,B,2026-06-01
5386,A,2026-06-01
5387,B,2026-06-01
5388,A,2026-06-01
5389,B,2026-06-01
5390,B,2026-06-01
5391,A,2026-06-01
5392,A,2026-06-01
5393,A,2026-06-01
5394,B,2026-06-01
5395,A,2026-06-01
5396,A,2026-06-01
5397,B,2026-06-01
5398,A,2026-06-01
5399,B,2026-06-01
5400,B,2026-06-01
5401,B,2026-06-01
5402,B,2026-06-01
5403,A,2026-06-01
5404,B,2026-06-01
5405,B,2026-06-01
5406,A,2026-06-01
5407,A,2026-06-01
5408,B,2026-06-01
5409,A,2026-06-01
5410,B,2026-06-01
5411,A,2026-06-01
5412,A,2026-06-01
5413,B,2026-06-01
5414,A,2026-06-01
5415,B,2026-06-01
5416,A,2026-06-01
5417,A,2026-06-01
5418,B,2026-06-01
5419,B,2026-06-01
5420,B,2026-06-01
5421,B,2026-06-01
5422,B,2026-06-01
5423,B,2026-06-01
5424,A,2026-06-01
5425,B,2026-06-01
5426,A,2026-06-01
5427,A,2026-06-01
5428,A,2026-06-01
5429,A,2026-06-01
5430,B,2026-06-01
5431,A,2026-06-01
5432,A,2026-06-01
5433,A,2026-06-01
5434,A,2026-06-01
5435,B,2026-06-01
5436,A,2026-06-01
5437,A,2026-06-01
5438,A,2026-06-01
5439,A,2026-06-01
5440,B,2026-06-01
5441,A,2026-06-01
5442,A,2026-06-01
5443,A,2026-06-01
5444,A,2026-06-01
5445,B,2026-06-01
5446,A,2026-06-01
5447,B,2026-06-01
5448,B,2026-06-01
5449,A,2026-06-01
5450,B,2026-06-01
5451,B,2026-06-01
5452,B,2026-06-01
5453,A,2026-06-01
5454,B,2026-06-01
5455,A,2026-06-01
5456,A,2026-06-01
5457,B,2026-06-01
5458,B,2026-06-01
5459,A,2026-06-01
5460,B,2026-06-01
5461,B,2026-06-01
5462,A,2026-06-01
5463,A,2026-06-01
5464,A,2026-06-01
5465,B,2026-06-01
5466,B,2026-06-01
5467,A,2026-06-01
5468,B,2026-06-01
5469,B,2026-06-01
5470,B,2026-06-01
5471,A,2026-06-01
5472,B,2026-06-01
5473,B,2026-06-01
5474,A,2026-06-01
5475,A,2026-06-01
5476,B,2026-06-01
5477,A,2026-06-01
5478,B,2026-06-01
5479,A,2026-06-01
5480,A,2026-06-01
5481,A,2026-06-01
5482,A,2026-06-01
5483,A,2026-06-01
5484,B,2026-06-01
5485,A,2026-06-01
5486,B,2026-06-01
5487,B,2026-06-01
5488,A,2026-06-01
5489,A,2026-06-01
5490,B,2026-06-01
5491,A,2026-06-01
5492,A,2026-06-01
5493,B,2026-06-01
5494,A,2026-06-01
5495,A,2026-06-01
5496,B,2026-06-01
5497,B,2026-06-01
5498,A,2026-06-01
5499,B,2026-06-01
5500,B,2026-06-01
5501,B,2026-06-01
5502,A,2026-06-01
5503,B,2026-06-01
5504,A,2026-06-01
5505,B,2026-06-01
5506,A,2026-06-01
5507,B,2026-06-01
5508,A,2026-06-01
5509,A,2026-06-01
5510,B,2026-06-01
5511,A,2026-06-01
5512,A,2026-06-01
5513,B,2026-06-01
5514,B,2026-06-01
5515,A,2026-06-01
5516,A,2026-06-01
5517,B,2026-06-01
5518,B,2026-06-01
5519,A,2026-06-01
5520,B,2026-06-01
5521,B,2026-06-01
5522,A,2026-06-01
5523,A,2026-06-01
5524,A,2026-06-01
5525,B,2026-06-01
5526,A,2026-06-01
5527,A,2026-06-01
5528,B,2026-06-01
5529,A,2026-06-01
5530,B,2026-06-01
5531,A,2026-06-01
5532,B,2026-06-01
5533,A,2026-06-01
5534,A,2026-06-01
5535,B,2026-06-01
5536,B,2026-06-01
5537,B,2026-06-01
5538,B,2026-06-01
5539,B,2026-06-01
5540,B,2026-06-01
5541,B,2026-06-01
5542,B,2026-06-01
5543,B,2026-06-01
5544,B,2026-06-01
5545,A,2026-06-01
5546,A,2026-06-01
5547,A,2026-06-01
5548,B,2026-06-01
5549,B,2026-06-01
5550,B,2026-06-01
5551,A,2026-06-01
5552,A,2026-06-01
5553,B,2026-06-01
5554,B,2026-06-01
5555,A,2026-06-01
5556,B,2026-06-01
5557,A,2026-06-01
5558,A,2026-06-01
5559,B,2026-06-01
5560,B,2026-06-01
5561,B,2026-06-01
5562,A,2026-06-01
5563,A,2026-06-01
5564,A,2026-06-01
5565,A,2026-06-01
5566,B,2026-06-01
5567,A,2026-06-01
5568,A,2026-06-01
5569,A,2026-06-01
5570,B,2026-06-01
5571,B,2026-06-01
5572,B,2026-06-01
5573,A,2026-06-01
5574,A,2026-06-01
5575,A,2026-06-01
5576,A,2026-06-01
5577,A,2026-06-01
5578,A,2026-06-01
5579,B,2026-06-01
5580,B,2026-06-01
5581,A,2026-06-01
5582,B,2026-06-01
5583,A,2026-06-01
5584,B,2026-06-01
5585,B,2026-06-01
5586,B,2026-06-01
5587,A,2026-06-01
5588,A,2026-06-01
5589,A,2026-06-01
5590,A,2026-06-01
5591,B,2026-06-01
5592,B,2026-06-01
5593,B,2026-06-01
5594,B,2026-06-01
5595,B,2026-06-01
5596,A,2026-06-01
5597,A,2026-06-01
5598,B,2026-06-01
5599,A,2026-06-01
5600,A,2026-06-01
5601,A,2026-06-01
5602,B,2026-06-01
5603,B,2026-06-01
5604,A,2026-06-01
5605,B,2026-06-01
5606,B,2026-06-01
5607,B,2026-06-01
5608,B,2026-06-01
5609,B,2026-06-01
5610,B,2026-06-01
5611,A,2026-06-01
5612,A,2026-06-01
5613,A,2026-06-01
5614,A,2026-06-01
5615,A,2026-06-01
5616,A,2026-06-01
5617,A,2026-06-01
5618,A,2026-06-01
5619,A,2026-06-01
5620,B,2026-06-01
5621,B,2026-06-01
5622,B,2026-06-01
5623,A,2026-06-01
5624,A,2026-06-01
5625,A,2026-06-01
5626,A,2026-06-01
5627,B,2026-06-01
5628,A,2026-06-01
5629,B,2026-06-01
5630,B,2026-06-01
5631,A,2026-06-01
5632,B,2026-06-01
5633,A,2026-06-01
5634,A,2026-06-01
5635,B,2026-06-01
5636,B,2026-06-01
5637,B,2026-06-01
5638,B,2026-06-01
5639,A,2026-06-01
5640,A,2026-06-01
5641,A,2026-06-01
5642,A,2026-06-01
5643,A,2026-06-01
5644,B,2026-06-01
5645,B,2026-06-01
5646,B,2026-06-01
5647,B,2026-06-01
5648,A,2026-06-01
5649,B,2026-06-01
5650,A,2026-06-01
5651,A,2026-06-01
5652,B,2026-06-01
5653,A,2026-06-01
5654,B,2026-06-01
5655,B,2026-06-01
5656,B,2026-06-01
5657,B,2026-06-01
5658,B,2026-06-01
5659,A,2026-06-01
5660,A,2026-06-01
5661,A,2026-06-01
5662,A,2026-06-01
5663,B,2026-06-01
5664,A,2026-06-01
5665,B,2026-06-01
5666,B,2026-06-01
5667,A,2026-06-01
5668,A,2026-06-01
5669,A,2026-06-01
5670,A,2026-06-01
5671,B,2026-06-01
5672,A,2026-06-01
5673,B,2026-06-01
5674,A,2026-06-01
5675,B,2026-06-01
5676,B,2026-06-01
5677,A,2026-06-01
5678,A,2026-06-01
5679,B,2026-06-01
5680,B,2026-06-01
5681,A,2026-06-01
5682,A,2026-06-01
5683,A,2026-06-01
5684,A,2026-06-01
5685,A,2026-06-01
5686,A,2026-06-01
5687,B,2026-06-01
5688,A,2026-06-01
5689,A,2026-06-01
5690,A,2026-06-01
5691,B,2026-06-01
5692,A,2026-06-01
5693,B,2026-06-01
5694,B,2026-06-01
5695,A,2026-06-01
5696,A,2026-06-01
5697,B,2026-06-01
5698,B,2026-06-01
5699,B,2026-06-01
5700,B,2026-06-01
5701,B,2026-06-01
5702,A,2026-06-01
5703,B,2026-06-01
5704,B,2026-06-01
5705,A,2026-06-01
5706,B,2026-06-01
5707,B,2026-06-01
5708,A,2026-06-01
5709,A,2026-06-01
5710,A,2026-06-01
5711,A,2026-06-01
5712,A,2026-06-01
5713,A,2026-06-01
5714,A,2026-06-01
5715,A,2026-06-01
5716,B,2026-06-01
5717,A,2026-06-01
5718,A,2026-06-01
5719,A,2026-06-01
5720,B,2026-06-01
5721,A,2026-06-01
5722,A,2026-06-01
5723,A,2026-06-01
5724,B,2026-06-01
5725,B,2026-06-01
5726,A,2026-06-01
5727,A,2026-06-01
5728,A,2026-06-01
5729,A,2026-06-01
5730,B,2026-06-01
5731,A,2026-06-01
5732,B,2026-06-01
5733,A,2026-06-01
5734,B,2026-06-01
5735,A,2026-06-01
5736,A,2026-06-01
5737,B,2026-06-01
5738,A,2026-06-01
5739,B,2026-06-01
5740,B,2026-06-01
5741,A,2026-06-01
5742,B,2026-06-01
5743,A,2026-06-01
5744,A,2026-06-01
5745,B,2026-06-01
5746,B,2026-06-01
5747,A,2026-06-01
5748,B,2026-06-01
5749,B,2026-06-01
5750,A,2026-06-01
5751,B,2026-06-01
5752,B,2026-06-01
5753,B,2026-06-01
5754,A,2026-06-01
5755,B,2026-06-01
5756,A,2026-06-01
5757,B,2026-06-01
5758,B,2026-06-01
5759,A,2026-06-01
5760,A,2026-06-01
5761,B,2026-06-01
5762,B,2026-06-01
5763,A,2026-06-01
5764,A,2026-06-01
5765,B,2026-06-01
5766,A,2026-06-01
5767,A,2026-06-01
5768,B,2026-06-01
5769,A,2026-06-01
5770,A,2026-06-01
5771,A,2026-06-01
5772,B,2026-06-01
5773,A,2026-06-01
5774,B,2026-06-01
5775,B,2026-06-01
5776,A,2026-06-01
5777,B,2026-06-01
5778,A,2026-06-01
5779,B,2026-06-01
5780,A,2026-06-01
5781,B,2026-06-01
5782,A,2026-06-01
5783,A,2026-06-01
5784,B,2026-06-01
5785,A,2026-06-01
5786,B,2026-06-01
5787,A,2026-06-01
5788,A,2026-06-01
5789,B,2026-06-01
5790,A,2026-06-01
5791,B,2026-06-01
5792,A,2026-06-01
5793,A,2026-06-01
5794,B,2026-06-01
5795,A,2026-06-01
5796,A,2026-06-01
5797,B,2026-06-01
5798,A,2026-06-01
5799,A,2026-06-01
5800,B,2026-06-01
5801,B,2026-06-01
5802,A,2026-06-01
5803,B,2026-06-01
5804,B,2026-06-01
5805,B,2026-06-01
5806,A,2026-06-01
5807,B,2026-06-01
5808,A,2026-06-01
5809,B,2026-06-01
5810,B,2026-06-01
5811,B,2026-06-01
5812,B,2026-06-01
5813,A,2026-06-01
5814,A,2026-06-01
5815,B,2026-06-01
5816,A,2026-06-01
5817,B,2026-06-01
5818,A,2026-06-01
5819,B,2026-06-01
5820,B,2026-06-01
5821,A,2026-06-01
5822,A,2026-06-01
5823,B,2026-06-01
5824,A,2026-06-01
5825,B,2026-06-01
5826,B,2026-06-01
5827,A,2026-06-01
5828,B,2026-06-01
5829,A,2026-06-01
5830,A,2026-06-01
5831,A,2026-06-01
5832,B,2026-06-01
5833,B,2026-06-01
5834,A,2026-06-01
5835,A,2026-06-01
5836,A,2026-06-01
5837,B,2026-06-01
5838,A,2026-06-01
5839,B,2026-06-01
5840,A,2026-06-01
5841,B,2026-06-01
5842,B,2026-06-01
5843,B,2026-06-01
5844,A,2026-06-01
5845,B,2026-06-01
5846,B,2026-06-01
5847,B,2026-06-01
5848,A,2026-06-01
5849,B,2026-06-01
5850,A,2026-06-01
5851,A,2026-06-01
5852,A,2026-06-01
5853,B,2026-06-01
5854,B,2026-06-01
5855,A,2026-06-01
5856,A,2026-06-01
5857,B,2026-06-01
5858,A,2026-06-01
5859,B,2026-06-01
5860,B,2026-06-01
5861,A,2026-06-01
5862,A,2026-06-01
5863,B,2026-06-01
5864,A,2026-06-01
5865,A,2026-06-01
5866,A,2026-06-01
5867,A,2026-06-01
5868,B,2026-06-01
5869,B,2026-06-01
5870,B,2026-06-01
5871,A,2026-06-01
5872,A,2026-06-01
5873,B,2026-06-01
5874,B,2026-06-01
5875,B,2026-06-01
5876,A,2026-06-01
5877,B,2026-06-01
5878,A,2026-06-01
5879,B,2026-06-01
5880,B,2026-06-01
5881,B,2026-06-01
5882,B,2026-06-01
5883,B,2026-06-01
5884,A,2026-06-01
5885,A,2026-06-01
5886,B,2026-06-01
5887,A,2026-06-01
5888,A,2026-06-01
5889,A,2026-06-01
5890,A,2026-06-01
5891,B,2026-06-01
5892,A,2026-06-01
5893,B,2026-06-01
5894,B,2026-06-01
5895,A,2026-06-01
5896,B,2026-06-01
5897,A,2026-06-01
5898,B,2026-06-01
5899,A,2026-06-01
5900,A,2026-06-01
5901,A,2026-06-01
5902,A,2026-06-01
5903,B,2026-06-01
5904,A,2026-06-01
5905,B,2026-06-01
5906,A,2026-06-01
5907,B,2026-06-01
5908,B,2026-06-01
5909,A,2026-06-01
5910,A,2026-06-01
5911,B,2026-06-01
5912,A,2026-06-01
5913,A,2026-06-01
5914,B,2026-06-01
5915,B,2026-06-01
5916,B,2026-06-01
5917,B,2026-06-01
5918,B,2026-06-01
5919,B,2026-06-01
5920,B,2026-06-01
5921,A,2026-06-01
5922,B,2026-06-01
5923,A,2026-06-01
5924,A,2026-06-01
5925,B,2026-06-01
5926,A,2026-06-01
5927,A,2026-06-01
5928,A,2026-06-01
5929,B,2026-06-01
5930,B,2026-06-01
5931,A,2026-06-01
5932,A,2026-06-01
5933,A,2026-06-01
5934,B,2026-06-01
5935,B,2026-06-01
5936,A,2026-06-01
5937,A,2026-06-01
5938,B,2026-06-01
5939,B,2026-06-01
5940,A,2026-06-01
5941,A,2026-06-01
5942,A,2026-06-01
5943,B,2026-06-01
5944,B,2026-06-01
5945,B,2026-06-01
5946,B,2026-06-01
5947,B,2026-06-01
5948,B,2026-06-01
5949,A,2026-06-01
5950,A,2026-06-01
5951,B,2026-06-01
5952,B,2026-06-01
5953,A,2026-06-01
5954,A,2026-06-01
5955,A,2026-06-01
5956,A,2026-06-01
5957,A,2026-06-01
5958,B,2026-06-01
5959,B,2026-06-01
5960,B,2026-06-01
5961,B,2026-06-01
5962,B,2026-06-01
5963,A,2026-06-01
5964,A,2026-06-01
5965,A,2026-06-01
5966,B,2026-06-01
5967,A,2026-06-01
5968,B,2026-06-01
5969,A,2026-06-01
5970,B,2026-06-01
5971,A,2026-06-01
5972,B,2026-06-01
5973,A,2026-06-01
5974,A,2026-06-01
5975,B,2026-06-01
5976,B,2026-06-01
5977,B,2026-06-01
5978,B,2026-06-01
5979,B,2026-06-01
5980,B,2026-06-01
5981,A,2026-06-01
5982,A,2026-06-01
5983,A,2026-06-01
5984,B,2026-06-01
5985,B,2026-06-01
5986,B,2026-06-01
5987,A,2026-06-01
5988,A,2026-06-01
5989,B,2026-06-01
5990,A,2026-06-01
5991,B,2026-06-01
5992,A,2026-06-01
5993,A,2026-06-01
5994,B,2026-06-01
5995,A,2026-06-01
5996,A,2026-06-01
5997,B,2026-06-01
5998,B,2026-06-01
5999,B,2026-06-01
6000,B,2026-06-01
6001,A,2026-06-01
6002,A,2026-06-01
6003,A,2026-06-01
6004,A,2026-06-01
6005,A,2026-06-01
6006,B,2026-06-01
6007,A,2026-06-01
6008,B,2026-06-01
6009,A,2026-06-01
6010,A,2026-06-01
6011,A,2026-06-01
6012,B,2026-06-01
6013,A,2026-06-01
6014,B,2026-06-01
6015,B,2026-06-01
6016,A,2026-06-01
6017,B,2026-06-01
6018,B,2026-06-01
6019,B,2026-06-01
6020,A,2026-06-01
6021,B,2026-06-01
6022,B,2026-06-01
6023,A,2026-06-01
6024,A,2026-06-01
6025,A,2026-06-01
6026,A,2026-06-01
6027,A,2026-06-01
6028,A,2026-06-01
6029,A,2026-06-01
6030,B,2026-06-01
6031,B,2026-06-01
6032,B,2026-06-01
6033,B,2026-06-01
6034,A,2026-06-01
6035,A,2026-06-01
6036,B,2026-06-01
6037,A,2026-06-01
6038,A,2026-06-01
6039,A,2026-06-01
6040,A,2026-06-01
6041,A,2026-06-01
6042,A,2026-06-01
6043,A,2026-06-01
6044,B,2026-06-01
6045,A,2026-06-01
6046,B,2026-06-01
6047,B,2026-06-01
6048,B,2026-06-01
6049,A,2026-06-01
6050,B,2026-06-01
6051,A,2026-06-01
6052,A,2026-06-01
6053,B,2026-06-01
6054,A,2026-06-01
6055,A,2026-06-01
6056,A,2026-06-01
6057,A,2026-06-01
6058,A,2026-06-01
6059,B,2026-06-01
6060,A,2026-06-01
6061,A,2026-06-01
6062,B,2026-06-01
6063,B,2026-06-01
6064,B,2026-06-01
6065,B,2026-06-01
6066,B,2026-06-01
6067,B,2026-06-01
6068,A,2026-06-01
6069,B,2026-06-01
6070,B,2026-06-01
6071,B,2026-06-01
6072,B,2026-06-01
6073,A,2026-06-01
6074,A,2026-06-01
6075,B,2026-06-01
6076,A,2026-06-01
6077,B,2026-06-01
6078,A,2026-06-01
6079,B,2026-06-01
6080,B,2026-06-01
6081,A,2026-06-01
6082,A,2026-06-01
6083,A,2026-06-01
6084,B,2026-06-01
6085,B,2026-06-01
6086,A,2026-06-01
6087,A,2026-06-01
6088,B,2026-06-01
6089,B,2026-06-01
6090,A,2026-06-01
6091,A,2026-06-01
6092,B,2026-06-01
6093,B,2026-06-01
6094,B,2026-06-01
6095,A,2026-06-01
6096,B,2026-06-01
6097,B,2026-06-01
6098,B,2026-06-01
6099,A,2026-06-01
6100,A,2026-06-01
6101,A,2026-06-01
6102,B,2026-06-01
6103,A,2026-06-01
6104,A,2026-06-01
6105,B,2026-06-01
6106,A,2026-06-01
6107,A,2026-06-01
6108,A,2026-06-01
6109,B,2026-06-01
6110,B,2026-06-01
6111,B,2026-06-01
6112,B,2026-06-01
6113,A,2026-06-01
6114,B,2026-06-01
6115,A,2026-06-01
6116,A,2026-06-01
6117,A,2026-06-01
6118,A,2026-06-01
6119,A,2026-06-01
6120,A,2026-06-01
6121,B,2026-06-01
6122,A,2026-06-01
6123,B,2026-06-01
6124,A,2026-06-01
6125,A,2026-06-01
6126,A,2026-06-01
6127,A,2026-06-01
6128,A,2026-06-01
6129,B,2026-06-01
6130,B,2026-06-01
6131,A,2026-06-01
6132,A,2026-06-01
6133,B,2026-06-01
6134,A,2026-06-01
6135,A,2026-06-01
6136,B,2026-06-01
6137,B,2026-06-01
6138,B,2026-06-01
6139,B,2026-06-01
6140,A,2026-06-01
6141,A,2026-06-01
6142,A,2026-06-01
6143,B,2026-06-01
6144,B,2026-06-01
6145,A,2026-06-01
6146,A,2026-06-01
6147,A,2026-06-01
6148,A,2026-06-01
6149,A,2026-06-01
6150,B,2026-06-01
6151,B,2026-06-01
6152,A,2026-06-01
6153,A,2026-06-01
6154,A,2026-06-01
6155,A,2026-06-01
6156,A,2026-06-01
6157,B,2026-06-01
6158,A,2026-06-01
6159,B,2026-06-01
6160,B,2026-06-01
6161,B,2026-06-01
6162,A,2026-06-01
6163,B,2026-06-01
6164,A,2026-06-01
6165,A,2026-06-01
6166,A,2026-06-01
6167,B,2026-06-01
6168,A,2026-06-01
6169,A,2026-06-01
6170,A,2026-06-01
6171,A,2026-06-01
6172,A,2026-06-01
6173,A,2026-06-01
6174,B,2026-06-01
6175,A,2026-06-01
6176,B,2026-06-01
6177,B,2026-06-01
6178,A,2026-06-01
6179,B,2026-06-01
6180,B,2026-06-01
6181,B,2026-06-01
6182,B,2026-06-01
6183,B,2026-06-01
6184,A,2026-06-01
6185,B,2026-06-01
6186,A,2026-06-01
6187,B,2026-06-01
6188,A,2026-06-01
6189,B,2026-06-01
6190,A,2026-06-01
6191,B,2026-06-01
6192,B,2026-06-01
6193,B,2026-06-01
6194,B,2026-06-01
6195,A,2026-06-01
6196,B,2026-06-01
6197,B,2026-06-01
6198,B,2026-06-01
6199,B,2026-06-01
6200,A,2026-06-01
6201,A,2026-06-01
6202,B,2026-06-01
6203,B,2026-06-01
6204,A,2026-06-01
6205,B,2026-06-01
6206,A,2026-06-01
6207,B,2026-06-01
6208,B,2026-06-01
6209,A,2026-06-01
6210,B,2026-06-01
6211,B,2026-06-01
6212,A,2026-06-01
6213,A,2026-06-01
6214,A,2026-06-01
6215,B,2026-06-01
6216,A,2026-06-01
6217,A,2026-06-01
6218,A,2026-06-01
6219,A,2026-06-01
6220,B,2026-06-01
6221,B,2026-06-01
6222,A,2026-06-01
6223,B,2026-06-01
6224,B,2026-06-01
6225,A,2026-06-01
6226,A,2026-06-01
6227,B,2026-06-01
6228,B,2026-06-01
6229,B,2026-06-01
6230,A,2026-06-01
6231,B,2026-06-01
6232,B,2026-06-01
6233,B,2026-06-01
6234,B,2026-06-01
6235,B,2026-06-01
6236,B,2026-06-01
6237,A,2026-06-01
6238,B,2026-06-01
6239,A,2026-06-01
6240,B,2026-06-01
6241,A,2026-06-01
6242,B,2026-06-01
6243,A,2026-06-01
6244,B,2026-06-01
6245,A,2026-06-01
6246,A,2026-06-01
6247,B,2026-06-01
6248,B,2026-06-01
6249,A,2026-06-01
6250,A,2026-06-01
6251,A,2026-06-01
6252,B,2026-06-01
6253,B,2026-06-01
6254,B,2026-06-01
6255,A,2026-06-01
6256,A,2026-06-01
6257,B,2026-06-01
6258,A,2026-06-01
6259,B,2026-06-01
6260,A,2026-06-01
6261,B,2026-06-01
6262,B,2026-06-01
6263,A,2026-06-01
6264,B,2026-06-01
6265,B,2026-06-01
6266,A,2026-06-01
6267,A,2026-06-01
6268,B,2026-06-01
6269,A,2026-06-01
6270,B,2026-06-01
6271,A,2026-06-01
6272,A,2026-06-01
6273,A,2026-06-01
6274,A,2026-06-01
6275,A,2026-06-01
6276,A,2026-06-01
6277,B,2026-06-01
6278,B,2026-06-01
6279,B,2026-06-01
6280,A,2026-06-01
6281,B,2026-06-01
6282,A,2026-06-01
6283,A,2026-06-01
6284,A,2026-06-01
6285,A,2026-06-01
6286,B,2026-06-01
6287,A,2026-06-01
6288,B,2026-06-01
6289,A,2026-06-01
6290,B,2026-06-01
6291,B,2026-06-01
6292,A,2026-06-01
6293,B,2026-06-01
6294,B,2026-06-01
6295,B,2026-06-01
6296,B,2026-06-01
6297,B,2026-06-01
6298,A,2026-06-01
6299,B,2026-06-01
6300,A,2026-06-01
6301,A,2026-06-01
6302,B,2026-06-01
6303,A,2026-06-01
6304,A,2026-06-01
6305,A,2026-06-01
6306,A,2026-06-01
6307,A,2026-06-01
6308,B,2026-06-01
6309,A,2026-06-01
6310,B,2026-06-01
6311,A,2026-06-01
6312,B,2026-06-01
6313,B,2026-06-01
6314,A,2026-06-01
6315,B,2026-06-01
6316,B,2026-06-01
6317,B,2026-06-01
6318,A,2026-06-01
6319,B,2026-06-01
6320,B,2026-06-01
6321,A,2026-06-01
6322,A,2026-06-01
6323,A,2026-06-01
6324,A,2026-06-01
6325,B,2026-06-01
6326,A,2026-06-01
6327,A,2026-06-01
6328,B,2026-06-01
6329,A,2026-06-01
6330,A,2026-06-01
6331,B,2026-06-01
6332,A,2026-06-01
6333,A,2026-06-01
6334,A,2026-06-01
6335,B,2026-06-01
6336,B,2026-06-01
6337,B,2026-06-01
6338,A,2026-06-01
6339,B,2026-06-01
6340,B,2026-06-01
6341,A,2026-06-01
6342,B,2026-06-01
6343,B,2026-06-01
6344,A,2026-06-01
6345,A,2026-06-01
6346,A,2026-06-01
6347,A,2026-06-01
6348,B,2026-06-01
6349,B,2026-06-01
6350,A,2026-06-01
6351,B,2026-06-01
6352,B,2026-06-01
6353,A,2026-06-01
6354,B,2026-06-01
6355,B,2026-06-01
6356,A,2026-06-01
6357,A,2026-06-01
6358,A,2026-06-01
6359,A,2026-06-01
6360,A,2026-06-01
6361,A,2026-06-01
6362,B,2026-06-01
6363,B,2026-06-01
6364,A,2026-06-01
6365,A,2026-06-01
6366,B,2026-06-01
6367,B,2026-06-01
6368,A,2026-06-01
6369,A,2026-06-01
6370,B,2026-06-01
6371,A,2026-06-01
6372,A,2026-06-01
6373,A,2026-06-01
6374,A,2026-06-01
6375,A,2026-06-01
6376,A,2026-06-01
6377,B,2026-06-01
6378,B,2026-06-01
6379,B,2026-06-01
6380,A,2026-06-01
6381,A,2026-06-01
6382,B,2026-06-01
6383,B,2026-06-01
6384,A,2026-06-01
6385,A,2026-06-01
6386,A,2026-06-01
6387,A,2026-06-01
6388,A,2026-06-01
6389,B,2026-06-01
6390,A,2026-06-01
6391,B,2026-06-01
6392,B,2026-06-01
6393,A,2026-06-01
6394,B,2026-06-01
6395,B,2026-06-01
6396,A,2026-06-01
6397,A,2026-06-01
6398,B,2026-06-01
6399,B,2026-06-01
6400,B,2026-06-01
6401,A,2026-06-01
6402,A,2026-06-01
6403,A,2026-06-01
6404,A,2026-06-01
6405,B,2026-06-01
6406,B,2026-06-01
6407,B,2026-06-01
6408,B,2026-06-01
6409,B,2026-06-01
6410,B,2026-06-01
6411,B,2026-06-01
6412,A,2026-06-01
6413,B,2026-06-01
6414,A,2026-06-01
6415,A,2026-06-01
6416,A,2026-06-01
6417,A,2026-06-01
6418,B,2026-06-01
6419,A,2026-06-01
6420,B,2026-06-01
6421,A,2026-06-01
6422,A,2026-06-01
6423,A,2026-06-01
6424,B,2026-06-01
6425,B,2026-06-01
6426,A,2026-06-01
6427,A,2026-06-01
6428,B,2026-06-01
6429,A,2026-06-01
6430,A,2026-06-01
6431,A,2026-06-01
6432,A,2026-06-01
6433,A,2026-06-01
6434,A,2026-06-01
6435,B,2026-06-01
6436,B,2026-06-01
6437,B,2026-06-01
6438,B,2026-06-01
6439,B,2026-06-01
6440,B,2026-06-01
6441,B,2026-06-01
6442,A,2026-06-01
6443,A,2026-06-01
6444,B,2026-06-01
6445,B,2026-06-01
6446,B,2026-06-01
6447,B,2026-06-01
6448,A,2026-06-01
6449,A,2026-06-01
6450,B,2026-06-01
6451,A,2026-06-01
6452,A,2026-06-01
6453,B,2026-06-01
6454,A,2026-06-01
6455,B,2026-06-01
6456,B,2026-06-01
6457,A,2026-06-01
6458,A,2026-06-01
6459,A,2026-06-01
6460,B,2026-06-01
6461,A,2026-06-01
6462,A,2026-06-01
6463,B,2026-06-01
6464,A,2026-06-01
6465,A,2026-06-01
6466,A,2026-06-01
6467,A,2026-06-01
6468,B,2026-06-01
6469,A,2026-06-01
6470,A,2026-06-01
6471,B,2026-06-01
6472,B,2026-06-01
6473,A,2026-06-01
6474,B,2026-06-01
6475,B,2026-06-01
6476,A,2026-06-01
6477,B,2026-06-01
6478,B,2026-06-01
6479,A,2026-06-01
6480,B,2026-06-01
6481,B,2026-06-01
6482,B,2026-06-01
6483,A,2026-06-01
6484,A,2026-06-01
6485,B,2026-06-01
6486,A,2026-06-01
6487,B,2026-06-01
6488,A,2026-06-01
6489,A,2026-06-01
6490,B,2026-06-01
6491,B,2026-06-01
6492,A,2026-06-01
6493,A,2026-06-01
6494,B,2026-06-01
6495,B,2026-06-01
6496,B,2026-06-01
6497,A,2026-06-01
6498,A,2026-06-01
6499,B,2026-06-01
6500,B,2026-06-01
6501,A,2026-06-01
6502,B,2026-06-01
6503,A,2026-06-01
6504,B,2026-06-01
6505,B,2026-06-01
6506,A,2026-06-01
6507,B,2026-06-01
6508,A,2026-06-01
6509,A,2026-06-01
6510,B,2026-06-01
6511,A,2026-06-01
6512,B,2026-06-01
6513,A,2026-06-01
6514,B,2026-06-01
6515,A,2026-06-01
6516,B,2026-06-01
6517,B,2026-06-01
6518,B,2026-06-01
6519,B,2026-06-01
6520,A,2026-06-01
6521,A,2026-06-01
6522,B,2026-06-01
6523,B,2026-06-01
6524,A,2026-06-01
6525,A,2026-06-01
6526,B,2026-06-01
6527,B,2026-06-01
6528,B,2026-06-01
6529,A,2026-06-01
6530,A,2026-06-01
6531,A,2026-06-01
6532,A,2026-06-01
6533,B,2026-06-01
6534,B,2026-06-01
6535,A,2026-06-01
6536,A,2026-06-01
6537,A,2026-06-01
6538,B,2026-06-01
6539,A,2026-06-01
6540,A,2026-06-01
6541,B,2026-06-01
6542,B,2026-06-01
6543,B,2026-06-01
6544,A,2026-06-01
6545,B,2026-06-01
6546,A,2026-06-01
6547,B,2026-06-01
6548,B,2026-06-01
6549,B,2026-06-01
6550,A,2026-06-01
6551,B,2026-06-01
6552,A,2026-06-01
6553,A,2026-06-01
6554,A,2026-06-01
6555,B,2026-06-01
6556,A,2026-06-01
6557,B,2026-06-01
6558,B,2026-06-01
6559,A,2026-06-01
6560,B,2026-06-01
6561,A,2026-06-01
6562,A,2026-06-01
6563,B,2026-06-01
6564,B,2026-06-01
6565,A,2026-06-01
6566,B,2026-06-01
6567,B,2026-06-01
6568,A,2026-06-01
6569,B,2026-06-01
6570,B,2026-06-01
6571,A,2026-06-01
6572,B,2026-06-01
6573,B,2026-06-01
6574,A,2026-06-01
6575,B,2026-06-01
6576,A,2026-06-01
6577,B,2026-06-01
6578,A,2026-06-01
6579,B,2026-06-01
6580,A,2026-06-01
6581,B,2026-06-01
6582,A,2026-06-01
6583,A,2026-06-01
6584,A,2026-06-01
6585,B,2026-06-01
6586,A,2026-06-01
6587,B,2026-06-01
6588,B,2026-06-01
6589,B,2026-06-01
6590,A,2026-06-01
6591,B,2026-06-01
6592,A,2026-06-01
6593,B,2026-06-01
6594,B,2026-06-01
6595,A,2026-06-01
6596,A,2026-06-01
6597,A,2026-06-01
6598,A,2026-06-01
6599,B,2026-06-01
6600,A,2026-06-01
6601,B,2026-06-01
6602,A,2026-06-01
6603,B,2026-06-01
6604,B,2026-06-01
6605,B,2026-06-01
6606,A,2026-06-01
6607,B,2026-06-01
6608,A,2026-06-01
6609,A,2026-06-01
6610,B,2026-06-01
6611,B,2026-06-01
6612,A,2026-06-01
6613,B,2026-06-01
6614,B,2026-06-01
6615,A,2026-06-01
6616,B,2026-06-01
6617,B,2026-06-01
6618,A,2026-06-01
6619,B,2026-06-01
6620,B,2026-06-01
6621,B,2026-06-01
6622,A,2026-06-01
6623,B,2026-06-01
6624,A,2026-06-01
6625,A,2026-06-01
6626,A,2026-06-01
6627,B,2026-06-01
6628,B,2026-06-01
6629,A,2026-06-01
6630,A,2026-06-01
6631,A,2026-06-01
6632,A,2026-06-01
6633,B,2026-06-01
6634,B,2026-06-01
6635,B,2026-06-01
6636,B,2026-06-01
6637,B,2026-06-01
6638,A,2026-06-01
6639,A,2026-06-01
6640,B,2026-06-01
6641,A,2026-06-01
6642,B,2026-06-01
6643,B,2026-06-01
6644,B,2026-06-01
6645,A,2026-06-01
6646,A,2026-06-01
6647,B,2026-06-01
6648,B,2026-06-01
6649,A,2026-06-01
6650,B,2026-06-01
6651,B,2026-06-01
6652,A,2026-06-01
6653,A,2026-06-01
6654,B,2026-06-01
6655,B,2026-06-01
6656,A,2026-06-01
6657,B,2026-06-01
6658,B,2026-06-01
6659,B,2026-06-01
6660,A,2026-06-01
6661,B,2026-06-01
6662,A,2026-06-01
6663,B,2026-06-01
6664,B,2026-06-01
6665,A,2026-06-01
6666,A,2026-06-01
6667,B,2026-06-01
6668,B,2026-06-01
6669,A,2026-06-01
6670,A,2026-06-01
6671,A,2026-06-01
6672,A,2026-06-01
6673,B,2026-06-01
6674,B,2026-06-01
6675,B,2026-06-01
6676,A,2026-06-01
6677,B,2026-06-01
6678,A,2026-06-01
6679,B,2026-06-01
6680,A,2026-06-01
6681,A,2026-06-01
6682,B,2026-06-01
6683,A,2026-06-01
6684,B,2026-06-01
6685,B,2026-06-01
6686,B,2026-06-01
6687,B,2026-06-01
6688,A,2026-06-01
6689,A,2026-06-01
6690,B,2026-06-01
6691,B,2026-06-01
6692,A,2026-06-01
6693,B,2026-06-01
6694,A,2026-06-01
6695,A,2026-06-01
6696,A,2026-06-01
6697,A,2026-06-01
6698,A,2026-06-01
6699,A,2026-06-01
6700,A,2026-06-01
6701,A,2026-06-01
6702,A,2026-06-01
6703,B,2026-06-01
6704,A,2026-06-01
6705,A,2026-06-01
6706,A,2026-06-01
6707,A,2026-06-01
6708,A,2026-06-01
6709,A,2026-06-01
6710,B,2026-06-01
6711,B,2026-06-01
6712,B,2026-06-01
6713,B,2026-06-01
6714,A,2026-06-01
6715,A,2026-06-01
6716,B,2026-06-01
6717,A,2026-06-01
6718,A,2026-06-01
6719,A,2026-06-01
6720,B,2026-06-01
6721,B,2026-06-01
6722,B,2026-06-01
6723,A,2026-06-01
6724,A,2026-06-01
6725,B,2026-06-01
6726,B,2026-06-01
6727,A,2026-06-01
6728,B,2026-06-01
6729,B,2026-06-01
6730,B,2026-06-01
6731,B,2026-06-01
6732,A,2026-06-01
6733,B,2026-06-01
6734,B,2026-06-01
6735,B,2026-06-01
6736,B,2026-06-01
6737,B,2026-06-01
6738,B,2026-06-01
6739,A,2026-06-01
6740,B,2026-06-01
6741,B,2026-06-01
6742,A,2026-06-01
6743,A,2026-06-01
6744,B,2026-06-01
6745,A,2026-06-01
6746,B,2026-06-01
6747,A,2026-06-01
6748,B,2026-06-01
6749,A,2026-06-01
6750,A,2026-06-01
6751,A,2026-06-01
6752,B,2026-06-01
6753,A,2026-06-01
6754,A,2026-06-01
6755,B,2026-06-01
6756,A,2026-06-01
6757,B,2026-06-01
6758,B,2026-06-01
6759,B,2026-06-01
6760,A,2026-06-01
6761,B,2026-06-01
6762,A,2026-06-01
6763,B,2026-06-01
6764,B,2026-06-01
6765,A,2026-06-01
6766,A,2026-06-01
6767,A,2026-06-01
6768,A,2026-06-01
6769,B,2026-06-01
6770,B,2026-06-01
6771,A,2026-06-01
6772,B,2026-06-01
6773,B,2026-06-01
6774,B,2026-06-01
6775,A,2026-06-01
6776,B,2026-06-01
6777,B,2026-06-01
6778,B,2026-06-01
6779,A,2026-06-01
6780,A,2026-06-01
6781,B,2026-06-01
6782,B,2026-06-01
6783,B,2026-06-01
6784,A,2026-06-01
6785,B,2026-06-01
6786,A,2026-06-01
6787,A,2026-06-01
6788,B,2026-06-01
6789,A,2026-06-01
6790,A,2026-06-01
6791,B,2026-06-01
6792,B,2026-06-01
6793,A,2026-06-01
6794,B,2026-06-01
6795,A,2026-06-01
6796,A,2026-06-01
6797,A,2026-06-01
6798,A,2026-06-01
6799,B,2026-06-01
6800,A,2026-06-01
6801,B,2026-06-01
6802,B,2026-06-01
6803,B,2026-06-01
6804,A,2026-06-01
6805,B,2026-06-01
6806,B,2026-06-01
6807,A,2026-06-01
6808,A,2026-06-01
6809,A,2026-06-01
6810,B,2026-06-01
6811,B,2026-06-01
6812,A,2026-06-01
6813,B,2026-06-01
6814,A,2026-06-01
6815,B,2026-06-01
6816,A,2026-06-01
6817,B,2026-06-01
6818,A,2026-06-01
6819,A,2026-06-01
6820,B,2026-06-01
6821,A,2026-06-01
6822,B,2026-06-01
6823,B,2026-06-01
6824,A,2026-06-01
6825,B,2026-06-01
6826,A,2026-06-01
6827,A,2026-06-01
6828,A,2026-06-01
6829,B,2026-06-01
6830,A,2026-06-01
6831,B,2026-06-01
6832,B,2026-06-01
6833,A,2026-06-01
6834,B,2026-06-01
6835,B,2026-06-01
6836,A,2026-06-01
6837,A,2026-06-01
6838,A,2026-06-01
6839,B,2026-06-01
6840,B,2026-06-01
6841,A,2026-06-01
6842,A,2026-06-01
6843,B,2026-06-01
6844,A,2026-06-01
6845,B,2026-06-01
6846,A,2026-06-01
6847,B,2026-06-01
6848,B,2026-06-01
6849,A,2026-06-01
6850,A,2026-06-01
6851,A,2026-06-01
6852,A,2026-06-01
6853,A,2026-06-01
6854,B,2026-06-01
6855,A,2026-06-01
6856,A,2026-06-01
6857,B,2026-06-01
6858,B,2026-06-01
6859,A,2026-06-01
6860,B,2026-06-01
6861,B,2026-06-01
6862,B,2026-06-01
6863,A,2026-06-01
6864,A,2026-06-01
6865,B,2026-06-01
6866,B,2026-06-01
6867,B,2026-06-01
6868,A,2026-06-01
6869,B,2026-06-01
6870,B,2026-06-01
6871,A,2026-06-01
6872,A,2026-06-01
6873,B,2026-06-01
6874,B,2026-06-01
6875,A,2026-06-01
6876,B,2026-06-01
6877,B,2026-06-01
6878,B,2026-06-01
6879,B,2026-06-01
6880,B,2026-06-01
6881,A,2026-06-01
6882,A,2026-06-01
6883,B,2026-06-01
6884,A,2026-06-01
6885,B,2026-06-01
6886,B,2026-06-01
6887,A,2026-06-01
6888,B,2026-06-01
6889,B,2026-06-01
6890,A,2026-06-01
6891,A,2026-06-01
6892,B,2026-06-01
6893,A,2026-06-01
6894,B,2026-06-01
6895,A,2026-06-01
6896,A,2026-06-01
6897,A,2026-06-01
6898,B,2026-06-01
6899,A,2026-06-01
6900,A,2026-06-01
6901,B,2026-06-01
6902,A,2026-06-01
6903,A,2026-06-01
6904,A,2026-06-01
6905,A,2026-06-01
6906,B,2026-06-01
6907,A,2026-06-01
6908,A,2026-06-01
6909,B,2026-06-01
6910,B,2026-06-01
6911,B,2026-06-01
6912,B,2026-06-01
6913,B,2026-06-01
6914,B,2026-06-01
6915,B,2026-06-01
6916,B,2026-06-01
6917,B,2026-06-01
6918,A,2026-06-01
6919,B,2026-06-01
6920,B,2026-06-01
6921,B,2026-06-01
6922,A,2026-06-01
6923,A,2026-06-01
6924,A,2026-06-01
6925,B,2026-06-01
6926,A,2026-06-01
6927,A,2026-06-01
6928,A,2026-06-01
6929,A,2026-06-01
6930,B,2026-06-01
6931,B,2026-06-01
6932,A,2026-06-01
6933,B,2026-06-01
6934,A,2026-06-01
6935,A,2026-06-01
6936,B,2026-06-01
6937,B,2026-06-01
6938,B,2026-06-01
6939,A,2026-06-01
6940,B,2026-06-01
6941,A,2026-06-01
6942,A,2026-06-01
6943,A,2026-06-01
6944,B,2026-06-01
6945,A,2026-06-01
6946,A,2026-06-01
6947,B,2026-06-01
6948,A,2026-06-01
6949,A,2026-06-01
6950,A,2026-06-01
6951,A,2026-06-01
6952,B,2026-06-01
6953,B,2026-06-01
6954,A,2026-06-01
6955,A,2026-06-01
6956,B,2026-06-01
6957,B,2026-06-01
6958,B,2026-06-01
6959,A,2026-06-01
6960,A,2026-06-01
6961,B,2026-06-01
6962,B,2026-06-01
6963,A,2026-06-01
6964,A,2026-06-01
6965,A,2026-06-01
6966,A,2026-06-01
6967,B,2026-06-01
6968,B,2026-06-01
6969,A,2026-06-01
6970,A,2026-06-01
6971,B,2026-06-01
6972,A,2026-06-01
6973,B,2026-06-01
6974,B,2026-06-01
6975,B,2026-06-01
6976,B,2026-06-01
6977,B,2026-06-01
6978,B,2026-06-01
6979,A,2026-06-01
6980,B,2026-06-01
6981,A,2026-06-01
6982,A,2026-06-01
6983,A,2026-06-01
6984,B,2026-06-01
6985,A,2026-06-01
6986,B,2026-06-01
6987,B,2026-06-01
6988,A,2026-06-01
6989,B,2026-06-01
6990,B,2026-06-01
6991,B,2026-06-01
6992,A,2026-06-01
6993,B,2026-06-01
6994,B,2026-06-01
6995,A,2026-06-01
6996,A,2026-06-01
6997,A,2026-06-01
6998,B,2026-06-01
6999,A,2026-06-01
7000,A,2026-06-01
7001,B,2026-06-01
7002,A,2026-06-01
7003,B,2026-06-01
7004,A,2026-06-01
7005,B,2026-06-01
7006,A,2026-06-01
7007,B,2026-06-01
7008,B,2026-06-01
7009,B,2026-06-01
7010,B,2026-06-01
7011,A,2026-06-01
7012,A,2026-06-01
7013,A,2026-06-01
7014,B,2026-06-01
7015,B,2026-06-01
7016,A,2026-06-01
7017,B,2026-06-01
7018,B,2026-06-01
7019,A,2026-06-01
7020,B,2026-06-01
7021,A,2026-06-01
7022,B,2026-06-01
7023,A,2026-06-01
7024,A,2026-06-01
7025,A,2026-06-01
7026,B,2026-06-01
7027,B,2026-06-01
7028,A,2026-06-01
7029,B,2026-06-01
7030,B,2026-06-01
7031,B,2026-06-01
7032,A,2026-06-01
7033,A,2026-06-01
7034,B,2026-06-01
7035,A,2026-06-01
7036,A,2026-06-01
7037,A,2026-06-01
7038,A,2026-06-01
7039,A,2026-06-01
7040,B,2026-06-01
7041,A,2026-06-01
7042,A,2026-06-01
7043,B,2026-06-01
7044,B,2026-06-01
7045,B,2026-06-01
7046,B,2026-06-01
7047,A,2026-06-01
7048,A,2026-06-01
7049,B,2026-06-01
7050,B,2026-06-01
7051,B,2026-06-01
7052,A,2026-06-01
7053,A,2026-06-01
7054,A,2026-06-01
7055,B,2026-06-01
7056,A,2026-06-01
7057,A,2026-06-01
7058,A,2026-06-01
7059,A,2026-06-01
7060,A,2026-06-01
7061,A,2026-06-01
7062,B,2026-06-01
7063,A,2026-06-01
7064,B,2026-06-01
7065,A,2026-06-01
7066,A,2026-06-01
7067,B,2026-06-01
7068,A,2026-06-01
7069,B,2026-06-01
7070,B,2026-06-01
7071,B,2026-06-01
7072,A,2026-06-01
7073,A,2026-06-01
7074,B,2026-06-01
7075,A,2026-06-01
7076,A,2026-06-01
7077,B,2026-06-01
7078,A,2026-06-01
7079,A,2026-06-01
7080,B,2026-06-01
7081,B,2026-06-01
7082,B,2026-06-01
7083,A,2026-06-01
7084,B,2026-06-01
7085,A,2026-06-01
7086,A,2026-06-01
7087,B,2026-06-01
7088,A,2026-06-01
7089,A,2026-06-01
7090,B,2026-06-01
7091,B,2026-06-01
7092,B,2026-06-01
7093,B,2026-06-01
7094,B,2026-06-01
7095,A,2026-06-01
7096,B,2026-06-01
7097,A,2026-06-01
7098,A,2026-06-01
7099,B,2026-06-01
7100,A,2026-06-01
7101,A,2026-06-01
7102,A,2026-06-01
7103,A,2026-06-01
7104,B,2026-06-01
7105,B,2026-06-01
7106,B,2026-06-01
7107,B,2026-06-01
7108,B,2026-06-01
7109,B,2026-06-01
7110,B,2026-06-01
7111,B,2026-06-01
7112,B,2026-06-01
7113,B,2026-06-01
7114,B,2026-06-01
7115,B,2026-06-01
7116,A,2026-06-01
7117,B,2026-06-01
7118,B,2026-06-01
7119,B,2026-06-01
7120,B,2026-06-01
7121,A,2026-06-01
7122,A,2026-06-01
7123,A,2026-06-01
7124,B,2026-06-01
7125,A,2026-06-01
7126,A,2026-06-01
7127,B,2026-06-01
7128,B,2026-06-01
7129,B,2026-06-01
7130,B,2026-06-01
7131,B,2026-06-01
7132,B,2026-06-01
7133,B,2026-06-01
7134,A,2026-06-01
7135,A,2026-06-01
7136,B,2026-06-01
7137,B,2026-06-01
7138,B,2026-06-01
7139,A,2026-06-01
7140,A,2026-06-01
7141,B,2026-06-01
7142,A,2026-06-01
7143,A,2026-06-01
7144,A,2026-06-01
7145,B,2026-06-01
7146,B,2026-06-01
7147,B,2026-06-01
7148,B,2026-06-01
7149,B,2026-06-01
7150,B,2026-06-01
7151,B,2026-06-01
7152,A,2026-06-01
7153,A,2026-06-01
7154,B,2026-06-01
7155,A,2026-06-01
7156,B,2026-06-01
7157,B,2026-06-01
7158,B,2026-06-01
7159,B,2026-06-01
7160,A,2026-06-01
7161,A,2026-06-01
7162,B,2026-06-01
7163,A,2026-06-01
7164,A,2026-06-01
7165,B,2026-06-01
7166,B,2026-06-01
7167,B,2026-06-01
7168,B,2026-06-01
7169,A,2026-06-01
7170,B,2026-06-01
7171,A,2026-06-01
7172,B,2026-06-01
7173,A,2026-06-01
7174,B,2026-06-01
7175,B,2026-06-01
7176,B,2026-06-01
7177,B,2026-06-01
7178,A,2026-06-01
7179,A,2026-06-01
7180,B,2026-06-01
7181,B,2026-06-01
7182,B,2026-06-01
7183,A,2026-06-01
7184,B,2026-06-01
7185,A,2026-06-01
7186,B,2026-06-01
7187,A,2026-06-01
7188,B,2026-06-01
7189,A,2026-06-01
7190,B,2026-06-01
7191,A,2026-06-01
7192,A,2026-06-01
7193,B,2026-06-01
7194,A,2026-06-01
7195,B,2026-06-01
7196,A,2026-06-01
7197,B,2026-06-01
7198,A,2026-06-01
7199,A,2026-06-01
7200,B,2026-06-01
7201,A,2026-06-01
7202,A,2026-06-01
7203,B,2026-06-01
7204,B,2026-06-01
7205,A,2026-06-01
7206,B,2026-06-01
7207,B,2026-06-01
7208,A,2026-06-01
7209,B,2026-06-01
7210,B,2026-06-01
7211,A,2026-06-01
7212,A,2026-06-01
7213,A,2026-06-01
7214,B,2026-06-01
7215,A,2026-06-01
7216,B,2026-06-01
7217,B,2026-06-01
7218,A,2026-06-01
7219,B,2026-06-01
7220,B,2026-06-01
7221,A,2026-06-01
7222,A,2026-06-01
7223,B,2026-06-01
7224,A,2026-06-01
7225,A,2026-06-01
7226,A,2026-06-01
7227,A,2026-06-01
7228,A,2026-06-01
7229,B,2026-06-01
7230,B,2026-06-01
7231,A,2026-06-01
7232,A,2026-06-01
7233,A,2026-06-01
7234,A,2026-06-01
7235,A,2026-06-01
7236,A,2026-06-01
7237,B,2026-06-01
7238,A,2026-06-01
7239,A,2026-06-01
7240,A,2026-06-01
7241,A,2026-06-01
7242,B,2026-06-01
7243,A,2026-06-01
7244,B,2026-06-01
7245,A,2026-06-01
7246,B,2026-06-01
7247,B,2026-06-01
7248,A,2026-06-01
7249,A,2026-06-01
7250,B,2026-06-01
7251,A,2026-06-01
7252,B,2026-06-01
7253,A,2026-06-01
7254,A,2026-06-01
7255,A,2026-06-01
7256,B,2026-06-01
7257,A,2026-06-01
7258,A,2026-06-01
7259,B,2026-06-01
7260,A,2026-06-01
7261,A,2026-06-01
7262,A,2026-06-01
7263,B,2026-06-01
7264,B,2026-06-01
7265,A,2026-06-01
7266,A,2026-06-01
7267,B,2026-06-01
7268,B,2026-06-01
7269,A,2026-06-01
7270,A,2026-06-01
7271,A,2026-06-01
7272,B,2026-06-01
7273,B,2026-06-01
7274,A,2026-06-01
7275,A,2026-06-01
7276,A,2026-06-01
7277,A,2026-06-01
7278,A,2026-06-01
7279,B,2026-06-01
7280,A,2026-06-01
7281,B,2026-06-01
7282,A,2026-06-01
7283,B,2026-06-01
7284,B,2026-06-01
7285,A,2026-06-01
7286,B,2026-06-01
7287,A,2026-06-01
7288,B,2026-06-01
7289,B,2026-06-01
7290,A,2026-06-01
7291,B,2026-06-01
7292,B,2026-06-01
7293,B,2026-06-01
7294,B,2026-06-01
7295,A,2026-06-01
7296,B,2026-06-01
7297,B,2026-06-01
7298,B,2026-06-01
7299,B,2026-06-01
7300,A,2026-06-01
7301,A,2026-06-01
7302,B,2026-06-01
7303,B,2026-06-01
7304,A,2026-06-01
7305,B,2026-06-01
7306,B,2026-06-01
7307,B,2026-06-01
7308,B,2026-06-01
7309,B,2026-06-01
7310,B,2026-06-01
7311,B,2026-06-01
7312,A,2026-06-01
7313,A,2026-06-01
7314,A,2026-06-01
7315,A,2026-06-01
7316,A,2026-06-01
7317,B,2026-06-01
7318,B,2026-06-01
7319,A,2026-06-01
7320,B,2026-06-01
7321,A,2026-06-01
7322,A,2026-06-01
7323,B,2026-06-01
7324,A,2026-06-01
7325,B,2026-06-01
7326,A,2026-06-01
7327,B,2026-06-01
7328,B,2026-06-01
7329,A,2026-06-01
7330,B,2026-06-01
7331,A,2026-06-01
7332,B,2026-06-01
7333,B,2026-06-01
7334,B,2026-06-01
7335,A,2026-06-01
7336,A,2026-06-01
7337,B,2026-06-01
7338,A,2026-06-01
7339,A,2026-06-01
7340,B,2026-06-01
7341,B,2026-06-01
7342,A,2026-06-01
7343,A,2026-06-01
7344,B,2026-06-01
7345,B,2026-06-01
7346,B,2026-06-01
7347,A,2026-06-01
7348,A,2026-06-01
7349,A,2026-06-01
7350,B,2026-06-01
7351,A,2026-06-01
7352,B,2026-06-01
7353,B,2026-06-01
7354,B,2026-06-01
7355,A,2026-06-01
7356,B,2026-06-01
7357,B,2026-06-01
7358,A,2026-06-01
7359,A,2026-06-01
7360,B,2026-06-01
7361,A,2026-06-01
7362,A,2026-06-01
7363,A,2026-06-01
7364,A,2026-06-01
7365,B,2026-06-01
7366,B,2026-06-01
7367,B,2026-06-01
7368,B,2026-06-01
7369,B,2026-06-01
7370,B,2026-06-01
7371,A,2026-06-01
7372,B,2026-06-01
7373,A,2026-06-01
7374,A,2026-06-01
7375,A,2026-06-01
7376,A,2026-06-01
7377,A,2026-06-01
7378,A,2026-06-01
7379,B,2026-06-01
7380,A,2026-06-01
7381,B,2026-06-01
7382,B,2026-06-01
7383,B,2026-06-01
7384,A,2026-06-01
7385,B,2026-06-01
7386,A,2026-06-01
7387,B,2026-06-01
7388,B,2026-06-01
7389,A,2026-06-01
7390,A,2026-06-01
7391,A,2026-06-01
7392,B,2026-06-01
7393,B,2026-06-01
7394,B,2026-06-01
7395,A,2026-06-01
7396,A,2026-06-01
7397,A,2026-06-01
7398,B,2026-06-01
7399,A,2026-06-01
7400,A,2026-06-01
7401,B,2026-06-01
7402,B,2026-06-01
7403,B,2026-06-01
7404,A,2026-06-01
7405,A,2026-06-01
7406,B,2026-06-01
7407,B,2026-06-01
7408,A,2026-06-01
7409,A,2026-06-01
7410,A,2026-06-01
7411,B,2026-06-01
7412,A,2026-06-01
7413,B,2026-06-01
7414,B,2026-06-01
7415,B,2026-06-01
7416,A,2026-06-01
7417,B,2026-06-01
7418,B,2026-06-01
7419,A,2026-06-01
7420,B,2026-06-01
7421,A,2026-06-01
7422,B,2026-06-01
7423,A,2026-06-01
7424,B,2026-06-01
7425,B,2026-06-01
7426,A,2026-06-01
7427,B,2026-06-01
7428,B,2026-06-01
7429,B,2026-06-01
7430,A,2026-06-01
7431,A,2026-06-01
7432,B,2026-06-01
7433,A,2026-06-01
7434,B,2026-06-01
7435,A,2026-06-01
7436,A,2026-06-01
7437,B,2026-06-01
7438,B,2026-06-01
7439,B,2026-06-01
7440,B,2026-06-01
7441,B,2026-06-01
7442,B,2026-06-01
7443,B,2026-06-01
7444,B,2026-06-01
7445,B,2026-06-01
7446,A,2026-06-01
7447,B,2026-06-01
7448,A,2026-06-01
7449,A,2026-06-01
7450,A,2026-06-01
7451,A,2026-06-01
7452,A,2026-06-01
7453,B,2026-06-01
7454,B,2026-06-01
7455,A,2026-06-01
7456,B,2026-06-01
7457,B,2026-06-01
7458,B,2026-06-01
7459,A,2026-06-01
7460,B,2026-06-01
7461,A,2026-06-01
7462,A,2026-06-01
7463,A,2026-06-01
7464,B,2026-06-01
7465,B,2026-06-01
7466,A,2026-06-01
7467,A,2026-06-01
7468,B,2026-06-01
7469,B,2026-06-01
7470,A,2026-06-01
7471,B,2026-06-01
7472,B,2026-06-01
7473,A,2026-06-01
7474,B,2026-06-01
7475,A,2026-06-01
7476,B,2026-06-01
7477,A,2026-06-01
7478,A,2026-06-01
7479,B,2026-06-01
7480,B,2026-06-01
7481,A,2026-06-01
7482,A,2026-06-01
7483,A,2026-06-01
7484,B,2026-06-01
7485,B,2026-06-01
7486,B,2026-06-01
7487,B,2026-06-01
7488,B,2026-06-01
7489,B,2026-06-01
7490,B,2026-06-01
7491,B,2026-06-01
7492,B,2026-06-01
7493,A,2026-06-01
7494,A,2026-06-01
7495,A,2026-06-01
7496,B,2026-06-01
7497,A,2026-06-01
7498,A,2026-06-01
7499,B,2026-06-01
7500,B,2026-06-01
7501,B,2026-06-01
7502,A,2026-06-01
7503,B,2026-06-01
7504,A,2026-06-01
7505,A,2026-06-01
7506,A,2026-06-01
7507,B,2026-06-01
7508,A,2026-06-01
7509,B,2026-06-01
7510,B,2026-06-01
7511,A,2026-06-01
7512,A,2026-06-01
7513,A,2026-06-01
7514,B,2026-06-01
7515,A,2026-06-01
7516,A,2026-06-01
7517,A,2026-06-01
7518,B,2026-06-01
7519,A,2026-06-01
7520,A,2026-06-01
7521,A,2026-06-01
7522,B,2026-06-01
7523,A,2026-06-01
7524,B,2026-06-01
7525,A,2026-06-01
7526,B,2026-06-01
7527,B,2026-06-01
7528,B,2026-06-01
7529,A,2026-06-01
7530,A,2026-06-01
7531,A,2026-06-01
7532,B,2026-06-01
7533,B,2026-06-01
7534,A,2026-06-01
7535,B,2026-06-01
7536,A,2026-06-01
7537,B,2026-06-01
7538,A,2026-06-01
7539,A,2026-06-01
7540,A,2026-06-01
7541,B,2026-06-01
7542,B,2026-06-01
7543,A,2026-06-01
7544,B,2026-06-01
7545,A,2026-06-01
7546,A,2026-06-01
7547,A,2026-06-01
7548,B,2026-06-01
7549,B,2026-06-01
7550,B,2026-06-01
7551,B,2026-06-01
7552,A,2026-06-01
7553,B,2026-06-01
7554,A,2026-06-01
7555,B,2026-06-01
7556,A,2026-06-01
7557,B,2026-06-01
7558,B,2026-06-01
7559,A,2026-06-01
7560,B,2026-06-01
7561,A,2026-06-01
7562,A,2026-06-01
7563,B,2026-06-01
7564,B,2026-06-01
7565,A,2026-06-01
7566,A,2026-06-01
7567,B,2026-06-01
7568,B,2026-06-01
7569,A,2026-06-01
7570,B,2026-06-01
7571,B,2026-06-01
7572,A,2026-06-01
7573,A,2026-06-01
7574,A,2026-06-01
7575,B,2026-06-01
7576,A,2026-06-01
7577,B,2026-06-01
7578,A,2026-06-01
7579,B,2026-06-01
7580,A,2026-06-01
7581,B,2026-06-01
7582,B,2026-06-01
7583,A,2026-06-01
7584,B,2026-06-01
7585,A,2026-06-01
7586,B,2026-06-01
7587,B,2026-06-01
7588,B,2026-06-01
7589,B,2026-06-01
7590,B,2026-06-01
7591,B,2026-06-01
7592,A,2026-06-01
7593,A,2026-06-01
7594,B,2026-06-01
7595,B,2026-06-01
7596,B,2026-06-01
7597,A,2026-06-01
7598,B,2026-06-01
7599,B,2026-06-01
7600,A,2026-06-01
7601,A,2026-06-01
7602,A,2026-06-01
7603,A,2026-06-01
7604,B,2026-06-01
7605,B,2026-06-01
7606,A,2026-06-01
7607,B,2026-06-01
7608,B,2026-06-01
7609,A,2026-06-01
7610,B,2026-06-01
7611,B,2026-06-01
7612,B,2026-06-01
7613,A,2026-06-01
7614,B,2026-06-01
7615,A,2026-06-01
7616,A,2026-06-01
7617,A,2026-06-01
7618,A,2026-06-01
7619,A,2026-06-01
7620,A,2026-06-01
7621,B,2026-06-01
7622,B,2026-06-01
7623,A,2026-06-01
7624,A,2026-06-01
7625,B,2026-06-01
7626,A,2026-06-01
7627,A,2026-06-01
7628,B,2026-06-01
7629,A,2026-06-01
7630,A,2026-06-01
7631,A,2026-06-01
7632,A,2026-06-01
7633,B,2026-06-01
7634,A,2026-06-01
7635,B,2026-06-01
7636,B,2026-06-01
7637,A,2026-06-01
7638,A,2026-06-01
7639,B,2026-06-01
7640,B,2026-06-01
7641,A,2026-06-01
7642,A,2026-06-01
7643,B,2026-06-01
7644,A,2026-06-01
7645,A,2026-06-01
7646,A,2026-06-01
7647,A,2026-06-01
7648,A,2026-06-01
7649,A,2026-06-01
7650,B,2026-06-01
7651,B,2026-06-01
7652,A,2026-06-01
7653,A,2026-06-01
7654,B,2026-06-01
7655,A,2026-06-01
7656,A,2026-06-01
7657,A,2026-06-01
7658,A,2026-06-01
7659,B,2026-06-01
7660,B,2026-06-01
7661,A,2026-06-01
7662,B,2026-06-01
7663,A,2026-06-01
7664,A,2026-06-01
7665,A,2026-06-01
7666,B,2026-06-01
7667,A,2026-06-01
7668,A,2026-06-01
7669,A,2026-06-01
7670,A,2026-06-01
7671,B,2026-06-01
7672,B,2026-06-01
7673,B,2026-06-01
7674,B,2026-06-01
7675,B,2026-06-01
7676,A,2026-06-01
7677,A,2026-06-01
7678,A,2026-06-01
7679,A,2026-06-01
7680,A,2026-06-01
7681,A,2026-06-01
7682,A,2026-06-01
7683,B,2026-06-01
7684,B,2026-06-01
7685,A,2026-06-01
7686,A,2026-06-01
7687,B,2026-06-01
7688,A,2026-06-01
7689,A,2026-06-01
7690,A,2026-06-01
7691,B,2026-06-01
7692,B,2026-06-01
7693,B,2026-06-01
7694,A,2026-06-01
7695,A,2026-06-01
7696,A,2026-06-01
7697,B,2026-06-01
7698,B,2026-06-01
7699,A,2026-06-01
7700,B,2026-06-01
7701,A,2026-06-01
7702,B,2026-06-01
7703,B,2026-06-01
7704,A,2026-06-01
7705,B,2026-06-01
7706,A,2026-06-01
7707,A,2026-06-01
7708,B,2026-06-01
7709,B,2026-06-01
7710,A,2026-06-01
7711,B,2026-06-01
7712,B,2026-06-01
7713,A,2026-06-01
7714,A,2026-06-01
7715,B,2026-06-01
7716,A,2026-06-01
7717,B,2026-06-01
7718,A,2026-06-01
7719,A,2026-06-01
7720,A,2026-06-01
7721,B,2026-06-01
7722,B,2026-06-01
7723,A,2026-06-01
7724,A,2026-06-01
7725,B,2026-06-01
7726,A,2026-06-01
7727,A,2026-06-01
7728,A,2026-06-01
7729,A,2026-06-01
7730,A,2026-06-01
7731,A,2026-06-01
7732,A,2026-06-01
7733,B,2026-06-01
7734,A,2026-06-01
7735,B,2026-06-01
7736,B,2026-06-01
7737,A,2026-06-01
7738,B,2026-06-01
7739,A,2026-06-01
7740,A,2026-06-01
7741,B,2026-06-01
7742,B,2026-06-01
7743,B,2026-06-01
7744,B,2026-06-01
7745,A,2026-06-01
7746,A,2026-06-01
7747,A,2026-06-01
7748,B,2026-06-01
7749,B,2026-06-01
7750,B,2026-06-01
7751,A,2026-06-01
7752,A,2026-06-01
7753,B,2026-06-01
7754,B,2026-06-01
7755,A,2026-06-01
7756,A,2026-06-01
7757,A,2026-06-01
7758,A,2026-06-01
7759,B,2026-06-01
7760,A,2026-06-01
7761,B,2026-06-01
7762,A,2026-06-01
7763,A,2026-06-01
7764,A,2026-06-01
7765,B,2026-06-01
7766,B,2026-06-01
7767,A,2026-06-01
7768,A,2026-06-01
7769,A,2026-06-01
7770,A,2026-06-01
7771,B,2026-06-01
7772,B,2026-06-01
7773,A,2026-06-01
7774,B,2026-06-01
7775,B,2026-06-01
7776,A,2026-06-01
7777,A,2026-06-01
7778,B,2026-06-01
7779,B,2026-06-01
7780,A,2026-06-01
7781,B,2026-06-01
7782,A,2026-06-01
7783,B,2026-06-01
7784,B,2026-06-01
7785,B,2026-06-01
7786,B,2026-06-01
7787,A,2026-06-01
7788,B,2026-06-01
7789,B,2026-06-01
7790,A,2026-06-01
7791,B,2026-06-01
7792,B,2026-06-01
7793,A,2026-06-01
7794,A,2026-06-01
7795,B,2026-06-01
7796,B,2026-06-01
7797,B,2026-06-01
7798,B,2026-06-01
7799,B,2026-06-01
7800,B,2026-06-01
7801,A,2026-06-01
7802,B,2026-06-01
7803,A,2026-06-01
7804,A,2026-06-01
7805,A,2026-06-01
7806,A,2026-06-01
7807,A,2026-06-01
7808,A,2026-06-01
7809,A,2026-06-01
7810,A,2026-06-01
7811,A,2026-06-01
7812,B,2026-06-01
7813,B,2026-06-01
7814,B,2026-06-01
7815,A,2026-06-01
7816,B,2026-06-01
7817,A,2026-06-01
7818,A,2026-06-01
7819,B,2026-06-01
7820,B,2026-06-01
7821,B,2026-06-01
7822,B,2026-06-01
7823,A,2026-06-01
7824,B,2026-06-01
7825,B,2026-06-01
7826,B,2026-06-01
7827,B,2026-06-01
7828,A,2026-06-01
7829,A,2026-06-01
7830,A,2026-06-01
7831,A,2026-06-01
7832,A,2026-06-01
7833,A,2026-06-01
7834,B,2026-06-01
7835,B,2026-06-01
7836,B,2026-06-01
7837,A,2026-06-01
7838,A,2026-06-01
7839,B,2026-06-01
7840,A,2026-06-01
7841,B,2026-06-01
7842,B,2026-06-01
7843,A,2026-06-01
7844,B,2026-06-01
7845,A,2026-06-01
7846,B,2026-06-01
7847,A,2026-06-01
7848,A,2026-06-01
7849,B,2026-06-01
7850,B,2026-06-01
7851,B,2026-06-01
7852,A,2026-06-01
7853,B,2026-06-01
7854,B,2026-06-01
7855,B,2026-06-01
7856,B,2026-06-01
7857,B,2026-06-01
7858,B,2026-06-01
7859,B,2026-06-01
7860,A,2026-06-01
7861,A,2026-06-01
7862,B,2026-06-01
7863,B,2026-06-01
7864,B,2026-06-01
7865,A,2026-06-01
7866,A,2026-06-01
7867,A,2026-06-01
7868,A,2026-06-01
7869,A,2026-06-01
7870,B,2026-06-01
7871,A,2026-06-01
7872,B,2026-06-01
7873,A,2026-06-01
7874,B,2026-06-01
7875,B,2026-06-01
7876,A,2026-06-01
7877,B,2026-06-01
7878,B,2026-06-01
7879,A,2026-06-01
7880,B,2026-06-01
7881,A,2026-06-01
7882,B,2026-06-01
7883,B,2026-06-01
7884,B,2026-06-01
7885,A,2026-06-01
7886,A,2026-06-01
7887,A,2026-06-01
7888,A,2026-06-01
7889,A,2026-06-01
7890,A,2026-06-01
7891,B,2026-06-01
7892,B,2026-06-01
7893,A,2026-06-01
7894,A,2026-06-01
7895,A,2026-06-01
7896,A,2026-06-01
7897,A,2026-06-01
7898,A,2026-06-01
7899,B,2026-06-01
7900,B,2026-06-01
7901,A,2026-06-01
7902,B,2026-06-01
7903,A,2026-06-01
7904,B,2026-06-01
7905,A,2026-06-01
7906,A,2026-06-01
7907,A,2026-06-01
7908,A,2026-06-01
7909,B,2026-06-01
7910,B,2026-06-01
7911,B,2026-06-01
7912,A,2026-06-01
7913,B,2026-06-01
7914,B,2026-06-01
7915,B,2026-06-01
7916,B,2026-06-01
7917,B,2026-06-01
7918,B,2026-06-01
7919,B,2026-06-01
7920,A,2026-06-01
7921,A,2026-06-01
7922,B,2026-06-01
7923,B,2026-06-01
7924,A,2026-06-01
7925,B,2026-06-01
7926,A,2026-06-01
7927,A,2026-06-01
7928,A,2026-06-01
7929,B,2026-06-01
7930,A,2026-06-01
7931,A,2026-06-01
7932,A,2026-06-01
7933,B,2026-06-01
7934,B,2026-06-01
7935,A,2026-06-01
7936,B,2026-06-01
7937,B,2026-06-01
7938,A,2026-06-01
7939,B,2026-06-01
7940,A,2026-06-01
7941,A,2026-06-01
7942,B,2026-06-01
7943,B,2026-06-01
7944,A,2026-06-01
7945,A,2026-06-01
7946,B,2026-06-01
7947,B,2026-06-01
7948,A,2026-06-01
7949,A,2026-06-01
7950,A,2026-06-01
7951,A,2026-06-01
7952,B,2026-06-01
7953,B,2026-06-01
7954,A,2026-06-01
7955,B,2026-06-01
7956,A,2026-06-01
7957,B,2026-06-01
7958,A,2026-06-01
7959,A,2026-06-01
7960,A,2026-06-01
7961,B,2026-06-01
7962,A,2026-06-01
7963,A,2026-06-01
7964,A,2026-06-01
7965,A,2026-06-01
7966,A,2026-06-01
7967,B,2026-06-01
7968,A,2026-06-01
7969,B,2026-06-01
7970,B,2026-06-01
7971,B,2026-06-01
7972,B,2026-06-01
7973,B,2026-06-01
7974,B,2026-06-01
7975,A,2026-06-01
7976,B,2026-06-01
7977,B,2026-06-01
7978,A,2026-06-01
7979,A,2026-06-01
7980,B,2026-06-01
7981,B,2026-06-01
7982,A,2026-06-01
7983,B,2026-06-01
7984,A,2026-06-01
7985,A,2026-06-01
7986,B,2026-06-01
7987,B,2026-06-01
7988,B,2026-06-01
7989,A,2026-06-01
7990,B,2026-06-01
7991,A,2026-06-01
7992,B,2026-06-01
7993,A,2026-06-01
7994,A,2026-06-01
7995,B,2026-06-01
7996,A,2026-06-01
7997,B,2026-06-01
7998,A,2026-06-01
7999,A,2026-06-01
8000,A,2026-06-01
8001,B,2026-06-01
8002,A,2026-06-01
8003,B,2026-06-01
8004,B,2026-06-01
8005,A,2026-06-01
8006,A,2026-06-01
8007,A,2026-06-01
8008,B,2026-06-01
8009,A,2026-06-01
8010,A,2026-06-01
8011,A,2026-06-01
8012,B,2026-06-01
8013,B,2026-06-01
8014,B,2026-06-01
8015,B,2026-06-01
8016,A,2026-06-01
8017,A,2026-06-01
8018,B,2026-06-01
8019,B,2026-06-01
8020,A,2026-06-01
8021,A,2026-06-01
8022,B,2026-06-01
8023,A,2026-06-01
8024,A,2026-06-01
8025,B,2026-06-01
8026,B,2026-06-01
8027,A,2026-06-01
8028,A,2026-06-01
8029,A,2026-06-01
8030,B,2026-06-01
8031,B,2026-06-01
8032,B,2026-06-01
8033,A,2026-06-01
8034,A,2026-06-01
8035,B,2026-06-01
8036,A,2026-06-01
8037,B,2026-06-01
8038,B,2026-06-01
8039,A,2026-06-01
8040,B,2026-06-01
8041,A,2026-06-01
8042,B,2026-06-01
8043,A,2026-06-01
8044,B,2026-06-01
8045,B,2026-06-01
8046,A,2026-06-01
8047,A,2026-06-01
8048,A,2026-06-01
8049,A,2026-06-01
8050,B,2026-06-01
8051,A,2026-06-01
8052,A,2026-06-01
8053,A,2026-06-01
8054,B,2026-06-01
8055,B,2026-06-01
8056,A,2026-06-01
8057,B,2026-06-01
8058,B,2026-06-01
8059,A,2026-06-01
8060,B,2026-06-01
8061,A,2026-06-01
8062,A,2026-06-01
8063,B,2026-06-01
8064,A,2026-06-01
8065,B,2026-06-01
8066,A,2026-06-01
8067,A,2026-06-01
8068,B,2026-06-01
8069,B,2026-06-01
8070,B,2026-06-01
8071,A,2026-06-01
8072,B,2026-06-01
8073,B,2026-06-01
8074,A,2026-06-01
8075,B,2026-06-01
8076,B,2026-06-01
8077,A,2026-06-01
8078,A,2026-06-01
8079,A,2026-06-01
8080,B,2026-06-01
8081,A,2026-06-01
8082,B,2026-06-01
8083,A,2026-06-01
8084,B,2026-06-01
8085,A,2026-06-01
8086,B,2026-06-01
8087,A,2026-06-01
8088,B,2026-06-01
8089,B,2026-06-01
8090,B,2026-06-01
8091,A,2026-06-01
8092,A,2026-06-01
8093,B,2026-06-01
8094,A,2026-06-01
8095,A,2026-06-01
8096,B,2026-06-01
8097,A,2026-06-01
8098,A,2026-06-01
8099,B,2026-06-01
8100,A,2026-06-01
8101,A,2026-06-01
8102,B,2026-06-01
8103,A,2026-06-01
8104,B,2026-06-01
8105,A,2026-06-01
8106,B,2026-06-01
8107,A,2026-06-01
8108,A,2026-06-01
8109,A,2026-06-01
8110,A,2026-06-01
8111,B,2026-06-01
8112,A,2026-06-01
8113,B,2026-06-01
8114,B,2026-06-01
8115,B,2026-06-01
8116,A,2026-06-01
8117,A,2026-06-01
8118,B,2026-06-01
8119,B,2026-06-01
8120,B,2026-06-01
8121,A,2026-06-01
8122,B,2026-06-01
8123,B,2026-06-01
8124,A,2026-06-01
8125,B,2026-06-01
8126,A,2026-06-01
8127,A,2026-06-01
8128,B,2026-06-01
8129,A,2026-06-01
8130,B,2026-06-01
8131,A,2026-06-01
8132,A,2026-06-01
8133,A,2026-06-01
8134,B,2026-06-01
8135,A,2026-06-01
8136,A,2026-06-01
8137,B,2026-06-01
8138,A,2026-06-01
8139,A,2026-06-01
8140,A,2026-06-01
8141,A,2026-06-01
8142,A,2026-06-01
8143,A,2026-06-01
8144,A,2026-06-01
8145,B,2026-06-01
8146,A,2026-06-01
8147,B,2026-06-01
8148,B,2026-06-01
8149,A,2026-06-01
8150,B,2026-06-01
8151,A,2026-06-01
8152,A,2026-06-01
8153,A,2026-06-01
8154,B,2026-06-01
8155,A,2026-06-01
8156,A,2026-06-01
8157,A,2026-06-01
8158,B,2026-06-01
8159,A,2026-06-01
8160,A,2026-06-01
8161,A,2026-06-01
8162,B,2026-06-01
8163,A,2026-06-01
8164,A,2026-06-01
8165,B,2026-06-01
8166,A,2026-06-01
8167,B,2026-06-01
8168,B,2026-06-01
8169,B,2026-06-01
8170,A,2026-06-01
8171,A,2026-06-01
8172,A,2026-06-01
8173,B,2026-06-01
8174,B,2026-06-01
8175,A,2026-06-01
8176,B,2026-06-01
8177,B,2026-06-01
8178,A,2026-06-01
8179,A,2026-06-01
8180,A,2026-06-01
8181,A,2026-06-01
8182,B,2026-06-01
8183,B,2026-06-01
8184,A,2026-06-01
8185,A,2026-06-01
8186,A,2026-06-01
8187,B,2026-06-01
8188,B,2026-06-01
8189,B,2026-06-01
8190,B,2026-06-01
8191,A,2026-06-01
8192,A,2026-06-01
8193,B,2026-06-01
8194,A,2026-06-01
8195,B,2026-06-01
8196,A,2026-06-01
8197,B,2026-06-01
8198,B,2026-06-01
8199,B,2026-06-01
8200,B,2026-06-01
8201,A,2026-06-01
8202,B,2026-06-01
8203,A,2026-06-01
8204,B,2026-06-01
8205,A,2026-06-01
8206,B,2026-06-01
8207,A,2026-06-01
8208,A,2026-06-01
8209,A,2026-06-01
8210,B,2026-06-01
8211,A,2026-06-01
8212,A,2026-06-01
8213,A,2026-06-01
8214,A,2026-06-01
8215,A,2026-06-01
8216,B,2026-06-01
8217,A,2026-06-01
8218,B,2026-06-01
8219,A,2026-06-01
8220,A,2026-06-01
8221,B,2026-06-01
8222,A,2026-06-01
8223,A,2026-06-01
8224,A,2026-06-01
8225,A,2026-06-01
8226,B,2026-06-01
8227,B,2026-06-01
8228,B,2026-06-01
8229,A,2026-06-01
8230,A,2026-06-01
8231,A,2026-06-01
8232,B,2026-06-01
8233,A,2026-06-01
8234,A,2026-06-01
8235,B,2026-06-01
8236,A,2026-06-01
8237,B,2026-06-01
8238,A,2026-06-01
8239,B,2026-06-01
8240,A,2026-06-01
8241,B,2026-06-01
8242,A,2026-06-01
8243,A,2026-06-01
8244,A,2026-06-01
8245,B,2026-06-01
8246,B,2026-06-01
8247,A,2026-06-01
8248,B,2026-06-01
8249,B,2026-06-01
8250,A,2026-06-01
8251,A,2026-06-01
8252,B,2026-06-01
8253,A,2026-06-01
8254,A,2026-06-01
8255,A,2026-06-01
8256,A,2026-06-01
8257,B,2026-06-01
8258,A,2026-06-01
8259,A,2026-06-01
8260,A,2026-06-01
8261,A,2026-06-01
8262,A,2026-06-01
8263,B,2026-06-01
8264,A,2026-06-01
8265,B,2026-06-01
8266,A,2026-06-01
8267,A,2026-06-01
8268,A,2026-06-01
8269,B,2026-06-01
8270,B,2026-06-01
8271,A,2026-06-01
8272,A,2026-06-01
8273,B,2026-06-01
8274,A,2026-06-01
8275,B,2026-06-01
8276,A,2026-06-01
8277,B,2026-06-01
8278,B,2026-06-01
8279,A,2026-06-01
8280,B,2026-06-01
8281,A,2026-06-01
8282,A,2026-06-01
8283,A,2026-06-01
8284,A,2026-06-01
8285,A,2026-06-01
8286,B,2026-06-01
8287,B,2026-06-01
8288,A,2026-06-01
8289,B,2026-06-01
8290,A,2026-06-01
8291,B,2026-06-01
8292,A,2026-06-01
8293,B,2026-06-01
8294,B,2026-06-01
8295,B,2026-06-01
8296,A,2026-06-01
8297,A,2026-06-01
8298,A,2026-06-01
8299,A,2026-06-01
8300,A,2026-06-01
8301,B,2026-06-01
8302,B,2026-06-01
8303,A,2026-06-01
8304,A,2026-06-01
8305,B,2026-06-01
8306,B,2026-06-01
8307,A,2026-06-01
8308,A,2026-06-01
8309,B,2026-06-01
8310,B,2026-06-01
8311,A,2026-06-01
8312,B,2026-06-01
8313,B,2026-06-01
8314,A,2026-06-01
8315,B,2026-06-01
8316,A,2026-06-01
8317,B,2026-06-01
8318,B,2026-06-01
8319,A,2026-06-01
8320,B,2026-06-01
8321,B,2026-06-01
8322,B,2026-06-01
8323,A,2026-06-01
8324,A,2026-06-01
8325,B,2026-06-01
8326,B,2026-06-01
8327,B,2026-06-01
8328,A,2026-06-01
8329,A,2026-06-01
8330,A,2026-06-01
8331,B,2026-06-01
8332,B,2026-06-01
8333,B,2026-06-01
8334,A,2026-06-01
8335,A,2026-06-01
8336,B,2026-06-01
8337,B,2026-06-01
8338,B,2026-06-01
8339,A,2026-06-01
8340,A,2026-06-01
8341,A,2026-06-01
8342,B,2026-06-01
8343,A,2026-06-01
8344,B,2026-06-01
8345,B,2026-06-01
8346,A,2026-06-01
8347,A,2026-06-01
8348,B,2026-06-01
8349,A,2026-06-01
8350,A,2026-06-01
8351,B,2026-06-01
8352,B,2026-06-01
8353,B,2026-06-01
8354,A,2026-06-01
8355,B,2026-06-01
8356,A,2026-06-01
8357,A,2026-06-01
8358,A,2026-06-01
8359,A,2026-06-01
8360,B,2026-06-01
8361,B,2026-06-01
8362,B,2026-06-01
8363,B,2026-06-01
8364,A,2026-06-01
8365,A,2026-06-01
8366,B,2026-06-01
8367,B,2026-06-01
8368,A,2026-06-01
8369,A,2026-06-01
8370,A,2026-06-01
8371,A,2026-06-01
8372,A,2026-06-01
8373,A,2026-06-01
8374,A,2026-06-01
8375,A,2026-06-01
8376,A,2026-06-01
8377,B,2026-06-01
8378,B,2026-06-01
8379,B,2026-06-01
8380,B,2026-06-01
8381,B,2026-06-01
8382,A,2026-06-01
8383,A,2026-06-01
8384,B,2026-06-01
8385,B,2026-06-01
8386,A,2026-06-01
8387,B,2026-06-01
8388,A,2026-06-01
8389,A,2026-06-01
8390,A,2026-06-01
8391,A,2026-06-01
8392,A,2026-06-01
8393,B,2026-06-01
8394,A,2026-06-01
8395,A,2026-06-01
8396,A,2026-06-01
8397,B,2026-06-01
8398,B,2026-06-01
8399,A,2026-06-01
8400,A,2026-06-01
8401,A,2026-06-01
8402,B,2026-06-01
8403,A,2026-06-01
8404,A,2026-06-01
8405,A,2026-06-01
8406,A,2026-06-01
8407,B,2026-06-01
8408,A,2026-06-01
8409,A,2026-06-01
8410,B,2026-06-01
8411,B,2026-06-01
8412,A,2026-06-01
8413,B,2026-06-01
8414,B,2026-06-01
8415,A,2026-06-01
8416,A,2026-06-01
8417,A,2026-06-01
8418,A,2026-06-01
8419,A,2026-06-01
8420,B,2026-06-01
8421,B,2026-06-01
8422,A,2026-06-01
8423,A,2026-06-01
8424,A,2026-06-01
8425,B,2026-06-01
8426,B,2026-06-01
8427,A,2026-06-01
8428,B,2026-06-01
8429,A,2026-06-01
8430,B,2026-06-01
8431,A,2026-06-01
8432,A,2026-06-01
8433,A,2026-06-01
8434,B,2026-06-01
8435,B,2026-06-01
8436,B,2026-06-01
8437,A,2026-06-01
8438,A,2026-06-01
8439,A,2026-06-01
8440,B,2026-06-01
8441,B,2026-06-01
8442,B,2026-06-01
8443,B,2026-06-01
8444,B,2026-06-01
8445,B,2026-06-01
8446,A,2026-06-01
8447,B,2026-06-01
8448,B,2026-06-01
8449,A,2026-06-01
8450,B,2026-06-01
8451,A,2026-06-01
8452,A,2026-06-01
8453,B,2026-06-01
8454,A,2026-06-01
8455,A,2026-06-01
8456,B,2026-06-01
8457,A,2026-06-01
8458,A,2026-06-01
8459,B,2026-06-01
8460,A,2026-06-01
8461,A,2026-06-01
8462,A,2026-06-01
8463,A,2026-06-01
8464,A,2026-06-01
8465,B,2026-06-01
8466,A,2026-06-01
8467,A,2026-06-01
8468,B,2026-06-01
8469,B,2026-06-01
8470,A,2026-06-01
8471,B,2026-06-01
8472,B,2026-06-01
8473,B,2026-06-01
8474,B,2026-06-01
8475,A,2026-06-01
8476,A,2026-06-01
8477,A,2026-06-01
8478,B,2026-06-01
8479,B,2026-06-01
8480,A,2026-06-01
8481,A,2026-06-01
8482,B,2026-06-01
8483,A,2026-06-01
8484,A,2026-06-01
8485,B,2026-06-01
8486,A,2026-06-01
8487,A,2026-06-01
8488,A,2026-06-01
8489,B,2026-06-01
8490,A,2026-06-01
8491,B,2026-06-01
8492,A,2026-06-01
8493,B,2026-06-01
8494,A,2026-06-01
8495,A,2026-06-01
8496,B,2026-06-01
8497,A,2026-06-01
8498,B,2026-06-01
8499,A,2026-06-01
8500,A,2026-06-01
8501,B,2026-06-01
8502,B,2026-06-01
8503,A,2026-06-01
8504,B,2026-06-01
8505,A,2026-06-01
8506,A,2026-06-01
8507,A,2026-06-01
8508,A,2026-06-01
8509,A,2026-06-01
8510,B,2026-06-01
8511,A,2026-06-01
8512,A,2026-06-01
8513,B,2026-06-01
8514,A,2026-06-01
8515,A,2026-06-01
8516,A,2026-06-01
8517,A,2026-06-01
8518,A,2026-06-01
8519,A,2026-06-01
8520,B,2026-06-01
8521,B,2026-06-01
8522,B,2026-06-01
8523,B,2026-06-01
8524,A,2026-06-01
8525,A,2026-06-01
8526,B,2026-06-01
8527,A,2026-06-01
8528,A,2026-06-01
8529,B,2026-06-01
8530,A,2026-06-01
8531,B,2026-06-01
8532,A,2026-06-01
8533,B,2026-06-01
8534,B,2026-06-01
8535,A,2026-06-01
8536,B,2026-06-01
8537,B,2026-06-01
8538,B,2026-06-01
8539,A,2026-06-01
8540,A,2026-06-01
8541,A,2026-06-01
8542,A,2026-06-01
8543,B,2026-06-01
8544,A,2026-06-01
8545,A,2026-06-01
8546,A,2026-06-01
8547,B,2026-06-01
8548,B,2026-06-01
8549,B,2026-06-01
8550,B,2026-06-01
8551,B,2026-06-01
8552,B,2026-06-01
8553,A,2026-06-01
8554,A,2026-06-01
8555,B,2026-06-01
8556,A,2026-06-01
8557,B,2026-06-01
8558,A,2026-06-01
8559,B,2026-06-01
8560,A,2026-06-01
8561,A,2026-06-01
8562,B,2026-06-01
8563,A,2026-06-01
8564,B,2026-06-01
8565,B,2026-06-01
8566,B,2026-06-01
8567,B,2026-06-01
8568,A,2026-06-01
8569,B,2026-06-01
8570,A,2026-06-01
8571,A,2026-06-01
8572,B,2026-06-01
8573,B,2026-06-01
8574,A,2026-06-01
8575,A,2026-06-01
8576,B,2026-06-01
8577,A,2026-06-01
8578,B,2026-06-01
8579,B,2026-06-01
8580,A,2026-06-01
8581,A,2026-06-01
8582,A,2026-06-01
8583,B,2026-06-01
8584,B,2026-06-01
8585,B,2026-06-01
8586,A,2026-06-01
8587,B,2026-06-01
8588,A,2026-06-01
8589,B,2026-06-01
8590,A,2026-06-01
8591,B,2026-06-01
8592,B,2026-06-01
8593,A,2026-06-01
8594,B,2026-06-01
8595,A,2026-06-01
8596,A,2026-06-01
8597,A,2026-06-01
8598,B,2026-06-01
8599,B,2026-06-01
8600,B,2026-06-01
8601,B,2026-06-01
8602,A,2026-06-01
8603,A,2026-06-01
8604,A,2026-06-01
8605,B,2026-06-01
8606,B,2026-06-01
8607,A,2026-06-01
8608,B,2026-06-01
8609,B,2026-06-01
8610,A,2026-06-01
8611,B,2026-06-01
8612,B,2026-06-01
8613,A,2026-06-01
8614,B,2026-06-01
8615,A,2026-06-01
8616,A,2026-06-01
8617,A,2026-06-01
8618,B,2026-06-01
8619,A,2026-06-01
8620,B,2026-06-01
8621,B,2026-06-01
8622,A,2026-06-01
8623,B,2026-06-01
8624,A,2026-06-01
8625,B,2026-06-01
8626,A,2026-06-01
8627,B,2026-06-01
8628,B,2026-06-01
8629,B,2026-06-01
8630,A,2026-06-01
8631,B,2026-06-01
8632,A,2026-06-01
8633,A,2026-06-01
8634,A,2026-06-01
8635,A,2026-06-01
8636,B,2026-06-01
8637,B,2026-06-01
8638,A,2026-06-01
8639,B,2026-06-01
8640,A,2026-06-01
8641,B,2026-06-01
8642,B,2026-06-01
8643,B,2026-06-01
8644,A,2026-06-01
8645,B,2026-06-01
8646,A,2026-06-01
8647,B,2026-06-01
8648,B,2026-06-01
8649,B,2026-06-01
8650,A,2026-06-01
8651,B,2026-06-01
8652,B,2026-06-01
8653,B,2026-06-01
8654,B,2026-06-01
8655,B,2026-06-01
8656,B,2026-06-01
8657,A,2026-06-01
8658,B,2026-06-01
8659,A,2026-06-01
8660,B,2026-06-01
8661,B,2026-06-01
8662,A,2026-06-01
8663,B,2026-06-01
8664,B,2026-06-01
8665,B,2026-06-01
8666,A,2026-06-01
8667,A,2026-06-01
8668,B,2026-06-01
8669,A,2026-06-01
8670,B,2026-06-01
8671,A,2026-06-01
8672,A,2026-06-01
8673,B,2026-06-01
8674,A,2026-06-01
8675,B,2026-06-01
8676,B,2026-06-01
8677,B,2026-06-01
8678,A,2026-06-01
8679,B,2026-06-01
8680,A,2026-06-01
8681,B,2026-06-01
8682,A,2026-06-01
8683,A,2026-06-01
8684,B,2026-06-01
8685,B,2026-06-01
8686,A,2026-06-01
8687,A,2026-06-01
8688,B,2026-06-01
8689,A,2026-06-01
8690,A,2026-06-01
8691,A,2026-06-01
8692,A,2026-06-01
8693,A,2026-06-01
8694,A,2026-06-01
8695,B,2026-06-01
8696,A,2026-06-01
8697,B,2026-06-01
8698,B,2026-06-01
8699,B,2026-06-01
8700,B,2026-06-01
8701,A,2026-06-01
8702,A,2026-06-01
8703,B,2026-06-01
8704,A,2026-06-01
8705,A,2026-06-01
8706,B,2026-06-01
8707,A,2026-06-01
8708,B,2026-06-01
8709,B,2026-06-01
8710,B,2026-06-01
8711,B,2026-06-01
8712,A,2026-06-01
8713,B,2026-06-01
8714,A,2026-06-01
8715,B,2026-06-01
8716,A,2026-06-01
8717,B,2026-06-01
8718,B,2026-06-01
8719,A,2026-06-01
8720,A,2026-06-01
8721,A,2026-06-01
8722,A,2026-06-01
8723,A,2026-06-01
8724,B,2026-06-01
8725,A,2026-06-01
8726,A,2026-06-01
8727,B,2026-06-01
8728,A,2026-06-01
8729,A,2026-06-01
8730,B,2026-06-01
8731,B,2026-06-01
8732,A,2026-06-01
8733,A,2026-06-01
8734,A,2026-06-01
8735,A,2026-06-01
8736,A,2026-06-01
8737,B,2026-06-01
8738,B,2026-06-01
8739,A,2026-06-01
8740,B,2026-06-01
8741,A,2026-06-01
8742,B,2026-06-01
8743,B,2026-06-01
8744,B,2026-06-01
8745,A,2026-06-01
8746,A,2026-06-01
8747,B,2026-06-01
8748,A,2026-06-01
8749,A,2026-06-01
8750,A,2026-06-01
8751,B,2026-06-01
8752,A,2026-06-01
8753,B,2026-06-01
8754,A,2026-06-01
8755,A,2026-06-01
8756,B,2026-06-01
8757,A,2026-06-01
8758,A,2026-06-01
8759,A,2026-06-01
8760,A,2026-06-01
8761,B,2026-06-01
8762,A,2026-06-01
8763,B,2026-06-01
8764,B,2026-06-01
8765,A,2026-06-01
8766,A,2026-06-01
8767,A,2026-06-01
8768,A,2026-06-01
8769,B,2026-06-01
8770,A,2026-06-01
8771,B,2026-06-01
8772,A,2026-06-01
8773,A,2026-06-01
8774,A,2026-06-01
8775,A,2026-06-01
8776,B,2026-06-01
8777,B,2026-06-01
8778,A,2026-06-01
8779,B,2026-06-01
8780,B,2026-06-01
8781,B,2026-06-01
8782,B,2026-06-01
8783,B,2026-06-01
8784,B,2026-06-01
8785,A,2026-06-01
8786,A,2026-06-01
8787,B,2026-06-01
8788,B,2026-06-01
8789,B,2026-06-01
8790,B,2026-06-01
8791,A,2026-06-01
8792,B,2026-06-01
8793,B,2026-06-01
8794,B,2026-06-01
8795,B,2026-06-01
8796,A,2026-06-01
8797,A,2026-06-01
8798,B,2026-06-01
8799,A,2026-06-01
8800,A,2026-06-01
8801,A,2026-06-01
8802,A,2026-06-01
8803,B,2026-06-01
8804,B,2026-06-01
8805,B,2026-06-01
8806,A,2026-06-01
8807,B,2026-06-01
8808,B,2026-06-01
8809,B,2026-06-01
8810,B,2026-06-01
8811,B,2026-06-01
8812,A,2026-06-01
8813,A,2026-06-01
8814,B,2026-06-01
8815,B,2026-06-01
8816,B,2026-06-01
8817,A,2026-06-01
8818,B,2026-06-01
8819,A,2026-06-01
8820,A,2026-06-01
8821,A,2026-06-01
8822,B,2026-06-01
8823,A,2026-06-01
8824,B,2026-06-01
8825,A,2026-06-01
8826,B,2026-06-01
8827,B,2026-06-01
8828,B,2026-06-01
8829,A,2026-06-01
8830,A,2026-06-01
8831,B,2026-06-01
8832,A,2026-06-01
8833,A,2026-06-01
8834,B,2026-06-01
8835,B,2026-06-01
8836,A,2026-06-01
8837,A,2026-06-01
8838,B,2026-06-01
8839,B,2026-06-01
8840,A,2026-06-01
8841,A,2026-06-01
8842,B,2026-06-01
8843,A,2026-06-01
8844,B,2026-06-01
8845,B,2026-06-01
8846,A,2026-06-01
8847,B,2026-06-01
8848,A,2026-06-01
8849,A,2026-06-01
8850,B,2026-06-01
8851,B,2026-06-01
8852,A,2026-06-01
8853,A,2026-06-01
8854,A,2026-06-01
8855,A,2026-06-01
8856,B,2026-06-01
8857,B,2026-06-01
8858,A,2026-06-01
8859,A,2026-06-01
8860,A,2026-06-01
8861,A,2026-06-01
8862,A,2026-06-01
8863,A,2026-06-01
8864,A,2026-06-01
8865,B,2026-06-01
8866,B,2026-06-01
8867,A,2026-06-01
8868,B,2026-06-01
8869,B,2026-06-01
8870,B,2026-06-01
8871,B,2026-06-01
8872,B,2026-06-01
8873,B,2026-06-01
8874,A,2026-06-01
8875,B,2026-06-01
8876,B,2026-06-01
8877,B,2026-06-01
8878,B,2026-06-01
8879,A,2026-06-01
8880,B,2026-06-01
8881,A,2026-06-01
8882,B,2026-06-01
8883,B,2026-06-01
8884,B,2026-06-01
8885,B,2026-06-01
8886,A,2026-06-01
8887,B,2026-06-01
8888,A,2026-06-01
8889,B,2026-06-01
8890,A,2026-06-01
8891,A,2026-06-01
8892,B,2026-06-01
8893,B,2026-06-01
8894,A,2026-06-01
8895,B,2026-06-01
8896,B,2026-06-01
8897,A,2026-06-01
8898,B,2026-06-01
8899,A,2026-06-01
8900,B,2026-06-01
8901,A,2026-06-01
8902,B,2026-06-01
8903,A,2026-06-01
8904,A,2026-06-01
8905,B,2026-06-01
8906,B,2026-06-01
8907,B,2026-06-01
8908,B,2026-06-01
8909,B,2026-06-01
8910,A,2026-06-01
8911,A,2026-06-01
8912,A,2026-06-01
8913,A,2026-06-01
8914,B,2026-06-01
8915,A,2026-06-01
8916,A,2026-06-01
8917,A,2026-06-01
8918,A,2026-06-01
8919,A,2026-06-01
8920,B,2026-06-01
8921,A,2026-06-01
8922,B,2026-06-01
8923,B,2026-06-01
8924,B,2026-06-01
8925,B,2026-06-01
8926,B,2026-06-01
8927,A,2026-06-01
8928,A,2026-06-01
8929,B,2026-06-01
8930,A,2026-06-01
8931,A,2026-06-01
8932,A,2026-06-01
8933,B,2026-06-01
8934,A,2026-06-01
8935,B,2026-06-01
8936,B,2026-06-01
8937,A,2026-06-01
8938,A,2026-06-01
8939,B,2026-06-01
8940,A,2026-06-01
8941,A,2026-06-01
8942,A,2026-06-01
8943,B,2026-06-01
8944,B,2026-06-01
8945,A,2026-06-01
8946,B,2026-06-01
8947,B,2026-06-01
8948,A,2026-06-01
8949,A,2026-06-01
8950,B,2026-06-01
8951,B,2026-06-01
8952,B,2026-06-01
8953,A,2026-06-01
8954,B,2026-06-01
8955,B,2026-06-01
8956,A,2026-06-01
8957,B,2026-06-01
8958,A,2026-06-01
8959,A,2026-06-01
8960,A,2026-06-01
8961,B,2026-06-01
8962,B,2026-06-01
8963,B,2026-06-01
8964,B,2026-06-01
8965,A,2026-06-01
8966,B,2026-06-01
8967,B,2026-06-01
8968,B,2026-06-01
8969,A,2026-06-01
8970,B,2026-06-01
8971,A,2026-06-01
8972,B,2026-06-01
8973,B,2026-06-01
8974,B,2026-06-01
8975,A,2026-06-01
8976,A,2026-06-01
8977,A,2026-06-01
8978,B,2026-06-01
8979,B,2026-06-01
8980,B,2026-06-01
8981,A,2026-06-01
8982,A,2026-06-01
8983,A,2026-06-01
8984,A,2026-06-01
8985,B,2026-06-01
8986,B,2026-06-01
8987,B,2026-06-01
8988,A,2026-06-01
8989,A,2026-06-01
8990,A,2026-06-01
8991,B,2026-06-01
8992,B,2026-06-01
8993,A,2026-06-01
8994,A,2026-06-01
8995,B,2026-06-01
8996,B,2026-06-01
8997,A,2026-06-01
8998,B,2026-06-01
8999,A,2026-06-01
9000,B,2026-06-01
9001,A,2026-06-01
9002,A,2026-06-01
9003,A,2026-06-01
9004,A,2026-06-01
9005,B,2026-06-01
9006,B,2026-06-01
9007,A,2026-06-01
9008,B,2026-06-01
9009,A,2026-06-01
9010,A,2026-06-01
9011,B,2026-06-01
9012,B,2026-06-01
9013,A,2026-06-01
9014,A,2026-06-01
9015,B,2026-06-01
9016,A,2026-06-01
9017,B,2026-06-01
9018,B,2026-06-01
9019,A,2026-06-01
9020,A,2026-06-01
9021,B,2026-06-01
9022,A,2026-06-01
9023,A,2026-06-01
9024,B,2026-06-01
9025,B,2026-06-01
9026,A,2026-06-01
9027,B,2026-06-01
9028,B,2026-06-01
9029,A,2026-06-01
9030,A,2026-06-01
9031,B,2026-06-01
9032,A,2026-06-01
9033,A,2026-06-01
9034,B,2026-06-01
9035,B,2026-06-01
9036,B,2026-06-01
9037,B,2026-06-01
9038,A,2026-06-01
9039,A,2026-06-01
9040,B,2026-06-01
9041,B,2026-06-01
9042,B,2026-06-01
9043,A,2026-06-01
9044,B,2026-06-01
9045,A,2026-06-01
9046,A,2026-06-01
9047,A,2026-06-01
9048,A,2026-06-01
9049,B,2026-06-01
9050,A,2026-06-01
9051,A,2026-06-01
9052,A,2026-06-01
9053,B,2026-06-01
9054,B,2026-06-01
9055,B,2026-06-01
9056,A,2026-06-01
9057,B,2026-06-01
9058,A,2026-06-01
9059,A,2026-06-01
9060,B,2026-06-01
9061,A,2026-06-01
9062,A,2026-06-01
9063,A,2026-06-01
9064,A,2026-06-01
9065,A,2026-06-01
9066,A,2026-06-01
9067,A,2026-06-01
9068,B,2026-06-01
9069,B,2026-06-01
9070,B,2026-06-01
9071,B,2026-06-01
9072,B,2026-06-01
9073,A,2026-06-01
9074,A,2026-06-01
9075,B,2026-06-01
9076,A,2026-06-01
9077,A,2026-06-01
9078,A,2026-06-01
9079,B,2026-06-01
9080,B,2026-06-01
9081,A,2026-06-01
9082,B,2026-06-01
9083,B,2026-06-01
9084,A,2026-06-01
9085,A,2026-06-01
9086,A,2026-06-01
9087,B,2026-06-01
9088,A,2026-06-01
9089,A,2026-06-01
9090,A,2026-06-01
9091,B,2026-06-01
9092,B,2026-06-01
9093,A,2026-06-01
9094,B,2026-06-01
9095,A,2026-06-01
9096,A,2026-06-01
9097,B,2026-06-01
9098,B,2026-06-01
9099,A,2026-06-01
9100,A,2026-06-01
9101,B,2026-06-01
9102,B,2026-06-01
9103,B,2026-06-01
9104,B,2026-06-01
9105,B,2026-06-01
9106,B,2026-06-01
9107,B,2026-06-01
9108,B,2026-06-01
9109,A,2026-06-01
9110,A,2026-06-01
9111,A,2026-06-01
9112,B,2026-06-01
9113,A,2026-06-01
9114,A,2026-06-01
9115,A,2026-06-01
9116,A,2026-06-01
9117,B,2026-06-01
9118,A,2026-06-01
9119,A,2026-06-01
9120,B,2026-06-01
9121,B,2026-06-01
9122,A,2026-06-01
9123,A,2026-06-01
9124,B,2026-06-01
9125,A,2026-06-01
9126,B,2026-06-01
9127,A,2026-06-01
9128,A,2026-06-01
9129,A,2026-06-01
9130,A,2026-06-01
9131,B,2026-06-01
9132,B,2026-06-01
9133,B,2026-06-01
9134,B,2026-06-01
9135,B,2026-06-01
9136,B,2026-06-01
9137,B,2026-06-01
9138,A,2026-06-01
9139,A,2026-06-01
9140,B,2026-06-01
9141,B,2026-06-01
9142,B,2026-06-01
9143,B,2026-06-01
9144,A,2026-06-01
9145,B,2026-06-01
9146,B,2026-06-01
9147,A,2026-06-01
9148,B,2026-06-01
9149,B,2026-06-01
9150,B,2026-06-01
9151,B,2026-06-01
9152,A,2026-06-01
9153,A,2026-06-01
9154,B,2026-06-01
9155,A,2026-06-01
9156,A,2026-06-01
9157,A,2026-06-01
9158,B,2026-06-01
9159,A,2026-06-01
9160,A,2026-06-01
9161,B,2026-06-01
9162,B,2026-06-01
9163,B,2026-06-01
9164,B,2026-06-01
9165,A,2026-06-01
9166,A,2026-06-01
9167,A,2026-06-01
9168,B,2026-06-01
9169,A,2026-06-01
9170,B,2026-06-01
9171,A,2026-06-01
9172,A,2026-06-01
9173,B,2026-06-01
9174,B,2026-06-01
9175,A,2026-06-01
9176,A,2026-06-01
9177,A,2026-06-01
9178,A,2026-06-01
9179,B,2026-06-01
9180,A,2026-06-01
9181,A,2026-06-01
9182,B,2026-06-01
9183,B,2026-06-01
9184,A,2026-06-01
9185,A,2026-06-01
9186,A,2026-06-01
9187,A,2026-06-01
9188,B,2026-06-01
9189,B,2026-06-01
9190,A,2026-06-01
9191,B,2026-06-01
9192,A,2026-06-01
9193,A,2026-06-01
9194,B,2026-06-01
9195,A,2026-06-01
9196,A,2026-06-01
9197,B,2026-06-01
9198,A,2026-06-01
9199,A,2026-06-01
9200,B,2026-06-01
9201,B,2026-06-01
9202,B,2026-06-01
9203,A,2026-06-01
9204,A,2026-06-01
9205,A,2026-06-01
9206,B,2026-06-01
9207,A,2026-06-01
9208,B,2026-06-01
9209,A,2026-06-01
9210,A,2026-06-01
9211,A,2026-06-01
9212,B,2026-06-01
9213,B,2026-06-01
9214,B,2026-06-01
9215,A,2026-06-01
9216,A,2026-06-01
9217,A,2026-06-01
9218,B,2026-06-01
9219,A,2026-06-01
9220,A,2026-06-01
9221,A,2026-06-01
9222,A,2026-06-01
9223,A,2026-06-01
9224,A,2026-06-01
9225,A,2026-06-01
9226,A,2026-06-01
9227,B,2026-06-01
9228,B,2026-06-01
9229,A,2026-06-01
9230,B,2026-06-01
9231,A,2026-06-01
9232,A,2026-06-01
9233,B,2026-06-01
9234,B,2026-06-01
9235,B,2026-06-01
9236,A,2026-06-01
9237,B,2026-06-01
9238,A,2026-06-01
9239,A,2026-06-01
9240,A,2026-06-01
9241,B,2026-06-01
9242,A,2026-06-01
9243,B,2026-06-01
9244,B,2026-06-01
9245,A,2026-06-01
9246,B,2026-06-01
9247,B,2026-06-01
9248,A,2026-06-01
9249,A,2026-06-01
9250,B,2026-06-01
9251,A,2026-06-01
9252,B,2026-06-01
9253,A,2026-06-01
9254,A,2026-06-01
9255,B,2026-06-01
9256,B,2026-06-01
9257,A,2026-06-01
9258,B,2026-06-01
9259,A,2026-06-01
9260,B,2026-06-01
9261,B,2026-06-01
9262,A,2026-06-01
9263,A,2026-06-01
9264,A,2026-06-01
9265,A,2026-06-01
9266,A,2026-06-01
9267,B,2026-06-01
9268,A,2026-06-01
9269,A,2026-06-01
9270,B,2026-06-01
9271,A,2026-06-01
9272,A,2026-06-01
9273,A,2026-06-01
9274,B,2026-06-01
9275,A,2026-06-01
9276,B,2026-06-01
9277,A,2026-06-01
9278,B,2026-06-01
9279,B,2026-06-01
9280,B,2026-06-01
9281,A,2026-06-01
9282,A,2026-06-01
9283,B,2026-06-01
9284,A,2026-06-01
9285,A,2026-06-01
9286,B,2026-06-01
9287,B,2026-06-01
9288,A,2026-06-01
9289,B,2026-06-01
9290,B,2026-06-01
9291,A,2026-06-01
9292,B,2026-06-01
9293,B,2026-06-01
9294,B,2026-06-01
9295,A,2026-06-01
9296,B,2026-06-01
9297,A,2026-06-01
9298,A,2026-06-01
9299,B,2026-06-01
9300,A,2026-06-01
9301,A,2026-06-01
9302,A,2026-06-01
9303,A,2026-06-01
9304,A,2026-06-01
9305,A,2026-06-01
9306,B,2026-06-01
9307,A,2026-06-01
9308,B,2026-06-01
9309,B,2026-06-01
9310,A,2026-06-01
9311,B,2026-06-01
9312,B,2026-06-01
9313,B,2026-06-01
9314,A,2026-06-01
9315,B,2026-06-01
9316,A,2026-06-01
9317,A,2026-06-01
9318,B,2026-06-01
9319,A,2026-06-01
9320,B,2026-06-01
9321,B,2026-06-01
9322,B,2026-06-01
9323,A,2026-06-01
9324,B,2026-06-01
9325,B,2026-06-01
9326,A,2026-06-01
9327,A,2026-06-01
9328,B,2026-06-01
9329,B,2026-06-01
9330,B,2026-06-01
9331,B,2026-06-01
9332,A,2026-06-01
9333,A,2026-06-01
9334,A,2026-06-01
9335,B,2026-06-01
9336,A,2026-06-01
9337,A,2026-06-01
9338,A,2026-06-01
9339,B,2026-06-01
9340,B,2026-06-01
9341,A,2026-06-01
9342,B,2026-06-01
9343,A,2026-06-01
9344,A,2026-06-01
9345,A,2026-06-01
9346,A,2026-06-01
9347,A,2026-06-01
9348,B,2026-06-01
9349,B,2026-06-01
9350,B,2026-06-01
9351,B,2026-06-01
9352,B,2026-06-01
9353,A,2026-06-01
9354,B,2026-06-01
9355,B,2026-06-01
9356,B,2026-06-01
9357,A,2026-06-01
9358,A,2026-06-01
9359,B,2026-06-01
9360,B,2026-06-01
9361,A,2026-06-01
9362,B,2026-06-01
9363,A,2026-06-01
9364,B,2026-06-01
9365,A,2026-06-01
9366,A,2026-06-01
9367,A,2026-06-01
9368,A,2026-06-01
9369,A,2026-06-01
9370,B,2026-06-01
9371,B,2026-06-01
9372,A,2026-06-01
9373,B,2026-06-01
9374,A,2026-06-01
9375,A,2026-06-01
9376,A,2026-06-01
9377,A,2026-06-01
9378,B,2026-06-01
9379,A,2026-06-01
9380,B,2026-06-01
9381,B,2026-06-01
9382,B,2026-06-01
9383,B,2026-06-01
9384,B,2026-06-01
9385,B,2026-06-01
9386,A,2026-06-01
9387,A,2026-06-01
9388,B,2026-06-01
9389,B,2026-06-01
9390,B,2026-06-01
9391,A,2026-06-01
9392,A,2026-06-01
9393,A,2026-06-01
9394,B,2026-06-01
9395,A,2026-06-01
9396,A,2026-06-01
9397,A,2026-06-01
9398,A,2026-06-01
9399,A,2026-06-01
9400,B,2026-06-01
9401,A,2026-06-01
9402,B,2026-06-01
9403,B,2026-06-01
9404,B,2026-06-01
9405,B,2026-06-01
9406,B,2026-06-01
9407,A,2026-06-01
9408,B,2026-06-01
9409,A,2026-06-01
9410,A,2026-06-01
9411,A,2026-06-01
9412,A,2026-06-01
9413,A,2026-06-01
9414,B,2026-06-01
9415,B,2026-06-01
9416,B,2026-06-01
9417,A,2026-06-01
9418,B,2026-06-01
9419,A,2026-06-01
9420,A,2026-06-01
9421,B,2026-06-01
9422,B,2026-06-01
9423,A,2026-06-01
9424,B,2026-06-01
9425,B,2026-06-01
9426,B,2026-06-01
9427,A,2026-06-01
9428,A,2026-06-01
9429,A,2026-06-01
9430,A,2026-06-01
9431,A,2026-06-01
9432,B,2026-06-01
9433,A,2026-06-01
9434,B,2026-06-01
9435,A,2026-06-01
9436,B,2026-06-01
9437,B,2026-06-01
9438,A,2026-06-01
9439,B,2026-06-01
9440,A,2026-06-01
9441,A,2026-06-01
9442,A,2026-06-01
9443,A,2026-06-01
9444,B,2026-06-01
9445,B,2026-06-01
9446,A,2026-06-01
9447,B,2026-06-01
9448,B,2026-06-01
9449,A,2026-06-01
9450,A,2026-06-01
9451,A,2026-06-01
9452,B,2026-06-01
9453,A,2026-06-01
9454,A,2026-06-01
9455,B,2026-06-01
9456,B,2026-06-01
9457,A,2026-06-01
9458,B,2026-06-01
9459,B,2026-06-01
9460,A,2026-06-01
9461,B,2026-06-01
9462,A,2026-06-01
9463,A,2026-06-01
9464,A,2026-06-01
9465,A,2026-06-01
9466,A,2026-06-01
9467,A,2026-06-01
9468,B,2026-06-01
9469,B,2026-06-01
9470,A,2026-06-01
9471,A,2026-06-01
9472,B,2026-06-01
9473,A,2026-06-01
9474,A,2026-06-01
9475,A,2026-06-01
9476,B,2026-06-01
9477,B,2026-06-01
9478,B,2026-06-01
9479,A,2026-06-01
9480,B,2026-06-01
9481,A,2026-06-01
9482,A,2026-06-01
9483,B,2026-06-01
9484,B,2026-06-01
9485,A,2026-06-01
9486,A,2026-06-01
9487,B,2026-06-01
9488,B,2026-06-01
9489,B,2026-06-01
9490,A,2026-06-01
9491,B,2026-06-01
9492,B,2026-06-01
9493,B,2026-06-01
9494,A,2026-06-01
9495,A,2026-06-01
9496,A,2026-06-01
9497,A,2026-06-01
9498,A,2026-06-01
9499,B,2026-06-01
9500,A,2026-06-01
9501,B,2026-06-01
9502,A,2026-06-01
9503,A,2026-06-01
9504,B,2026-06-01
9505,A,2026-06-01
9506,A,2026-06-01
9507,A,2026-06-01
9508,B,2026-06-01
9509,B,2026-06-01
9510,B,2026-06-01
9511,B,2026-06-01
9512,A,2026-06-01
9513,B,2026-06-01
9514,B,2026-06-01
9515,B,2026-06-01
9516,B,2026-06-01
9517,B,2026-06-01
9518,A,2026-06-01
9519,B,2026-06-01
9520,B,2026-06-01
9521,B,2026-06-01
9522,B,2026-06-01
9523,B,2026-06-01
9524,B,2026-06-01
9525,A,2026-06-01
9526,A,2026-06-01
9527,B,2026-06-01
9528,B,2026-06-01
9529,B,2026-06-01
9530,B,2026-06-01
9531,B,2026-06-01
9532,A,2026-06-01
9533,A,2026-06-01
9534,B,2026-06-01
9535,A,2026-06-01
9536,B,2026-06-01
9537,B,2026-06-01
9538,A,2026-06-01
9539,B,2026-06-01
9540,A,2026-06-01
9541,A,2026-06-01
9542,A,2026-06-01
9543,B,2026-06-01
9544,A,2026-06-01
9545,A,2026-06-01
9546,A,2026-06-01
9547,A,2026-06-01
9548,B,2026-06-01
9549,A,2026-06-01
9550,B,2026-06-01
9551,A,2026-06-01
9552,B,2026-06-01
9553,A,2026-06-01
9554,B,2026-06-01
9555,A,2026-06-01
9556,B,2026-06-01
9557,B,2026-06-01
9558,B,2026-06-01
9559,B,2026-06-01
9560,A,2026-06-01
9561,B,2026-06-01
9562,A,2026-06-01
9563,B,2026-06-01
9564,B,2026-06-01
9565,B,2026-06-01
9566,A,2026-06-01
9567,A,2026-06-01
9568,A,2026-06-01
9569,A,2026-06-01
9570,A,2026-06-01
9571,A,2026-06-01
9572,B,2026-06-01
9573,B,2026-06-01
9574,B,2026-06-01
9575,A,2026-06-01
9576,B,2026-06-01
9577,B,2026-06-01
9578,B,2026-06-01
9579,A,2026-06-01
9580,A,2026-06-01
9581,B,2026-06-01
9582,A,2026-06-01
9583,B,2026-06-01
9584,A,2026-06-01
9585,A,2026-06-01
9586,B,2026-06-01
9587,A,2026-06-01
9588,A,2026-06-01
9589,A,2026-06-01
9590,B,2026-06-01
9591,A,2026-06-01
9592,B,2026-06-01
9593,A,2026-06-01
9594,B,2026-06-01
9595,B,2026-06-01
9596,A,2026-06-01
9597,A,2026-06-01
9598,A,2026-06-01
9599,B,2026-06-01
9600,A,2026-06-01
9601,A,2026-06-01
9602,A,2026-06-01
9603,A,2026-06-01
9604,A,2026-06-01
9605,B,2026-06-01
9606,B,2026-06-01
9607,A,2026-06-01
9608,B,2026-06-01
9609,B,2026-06-01
9610,B,2026-06-01
9611,B,2026-06-01
9612,B,2026-06-01
9613,B,2026-06-01
9614,B,2026-06-01
9615,A,2026-06-01
9616,A,2026-06-01
9617,A,2026-06-01
9618,B,2026-06-01
9619,A,2026-06-01
9620,B,2026-06-01
9621,A,2026-06-01
9622,B,2026-06-01
9623,A,2026-06-01
9624,B,2026-06-01
9625,B,2026-06-01
9626,A,2026-06-01
9627,A,2026-06-01
9628,B,2026-06-01
9629,A,2026-06-01
9630,B,2026-06-01
9631,B,2026-06-01
9632,B,2026-06-01
9633,B,2026-06-01
9634,B,2026-06-01
9635,B,2026-06-01
9636,B,2026-06-01
9637,A,2026-06-01
9638,A,2026-06-01
9639,A,2026-06-01
9640,B,2026-06-01
9641,A,2026-06-01
9642,B,2026-06-01
9643,A,2026-06-01
9644,B,2026-06-01
9645,A,2026-06-01
9646,A,2026-06-01
9647,A,2026-06-01
9648,A,2026-06-01
9649,A,2026-06-01
9650,B,2026-06-01
9651,A,2026-06-01
9652,B,2026-06-01
9653,A,2026-06-01
9654,A,2026-06-01
9655,B,2026-06-01
9656,A,2026-06-01
9657,B,2026-06-01
9658,B,2026-06-01
9659,A,2026-06-01
9660,B,2026-06-01
9661,A,2026-06-01
9662,B,2026-06-01
9663,B,2026-06-01
9664,B,2026-06-01
9665,A,2026-06-01
9666,A,2026-06-01
9667,B,2026-06-01
9668,B,2026-06-01
9669,B,2026-06-01
9670,A,2026-06-01
9671,B,2026-06-01
9672,B,2026-06-01
9673,A,2026-06-01
9674,B,2026-06-01
9675,A,2026-06-01
9676,A,2026-06-01
9677,A,2026-06-01
9678,B,2026-06-01
9679,B,2026-06-01
9680,B,2026-06-01
9681,A,2026-06-01
9682,A,2026-06-01
9683,B,2026-06-01
9684,B,2026-06-01
9685,B,2026-06-01
9686,A,2026-06-01
9687,B,2026-06-01
9688,B,2026-06-01
9689,B,2026-06-01
9690,B,2026-06-01
9691,B,2026-06-01
9692,B,2026-06-01
9693,B,2026-06-01
9694,B,2026-06-01
9695,A,2026-06-01
9696,B,2026-06-01
9697,B,2026-06-01
9698,A,2026-06-01
9699,B,2026-06-01
9700,B,2026-06-01
9701,A,2026-06-01
9702,B,2026-06-01
9703,A,2026-06-01
9704,B,2026-06-01
9705,A,2026-06-01
9706,B,2026-06-01
9707,B,2026-06-01
9708,B,2026-06-01
9709,B,2026-06-01
9710,A,2026-06-01
9711,B,2026-06-01
9712,A,2026-06-01
9713,B,2026-06-01
9714,B,2026-06-01
9715,B,2026-06-01
9716,B,2026-06-01
9717,A,2026-06-01
9718,A,2026-06-01
9719,B,2026-06-01
9720,B,2026-06-01
9721,A,2026-06-01
9722,A,2026-06-01
9723,B,2026-06-01
9724,A,2026-06-01
9725,B,2026-06-01
9726,B,2026-06-01
9727,B,2026-06-01
9728,A,2026-06-01
9729,A,2026-06-01
9730,B,2026-06-01
9731,B,2026-06-01
9732,A,2026-06-01
9733,A,2026-06-01
9734,A,2026-06-01
9735,B,2026-06-01
9736,B,2026-06-01
9737,A,2026-06-01
9738,A,2026-06-01
9739,B,2026-06-01
9740,A,2026-06-01
9741,B,2026-06-01
9742,B,2026-06-01
9743,B,2026-06-01
9744,B,2026-06-01
9745,B,2026-06-01
9746,B,2026-06-01
9747,A,2026-06-01
9748,A,2026-06-01
9749,B,2026-06-01
9750,A,2026-06-01
9751,B,2026-06-01
9752,A,2026-06-01
9753,B,2026-06-01
9754,B,2026-06-01
9755,B,2026-06-01
9756,A,2026-06-01
9757,B,2026-06-01
9758,A,2026-06-01
9759,A,2026-06-01
9760,A,2026-06-01
9761,B,2026-06-01
9762,A,2026-06-01
9763,B,2026-06-01
9764,B,2026-06-01
9765,B,2026-06-01
9766,B,2026-06-01
9767,B,2026-06-01
9768,B,2026-06-01
9769,B,2026-06-01
9770,A,2026-06-01
9771,A,2026-06-01
9772,A,2026-06-01
9773,A,2026-06-01
9774,A,2026-06-01
9775,B,2026-06-01
9776,B,2026-06-01
9777,A,2026-06-01
9778,B,2026-06-01
9779,B,2026-06-01
9780,A,2026-06-01
9781,B,2026-06-01
9782,B,2026-06-01
9783,A,2026-06-01
9784,B,2026-06-01
9785,A,2026-06-01
9786,A,2026-06-01
9787,B,2026-06-01
9788,B,2026-06-01
9789,B,2026-06-01
9790,A,2026-06-01
9791,B,2026-06-01
9792,A,2026-06-01
9793,B,2026-06-01
9794,A,2026-06-01
9795,B,2026-06-01
9796,B,2026-06-01
9797,B,2026-06-01
9798,A,2026-06-01
9799,B,2026-06-01
9800,B,2026-06-01
9801,B,2026-06-01
9802,B,2026-06-01
9803,A,2026-06-01
9804,A,2026-06-01
9805,A,2026-06-01
9806,B,2026-06-01
9807,B,2026-06-01
9808,A,2026-06-01
9809,B,2026-06-01
9810,A,2026-06-01
9811,A,2026-06-01
9812,A,2026-06-01
9813,B,2026-06-01
9814,B,2026-06-01
9815,A,2026-06-01
9816,B,2026-06-01
9817,A,2026-06-01
9818,A,2026-06-01
9819,A,2026-06-01
9820,A,2026-06-01
9821,B,2026-06-01
9822,B,2026-06-01
9823,A,2026-06-01
9824,A,2026-06-01
9825,A,2026-06-01
9826,A,2026-06-01
9827,B,2026-06-01
9828,A,2026-06-01
9829,B,2026-06-01
9830,A,2026-06-01
9831,A,2026-06-01
9832,B,2026-06-01
9833,A,2026-06-01
9834,A,2026-06-01
9835,A,2026-06-01
9836,A,2026-06-01
9837,A,2026-06-01
9838,A,2026-06-01
9839,B,2026-06-01
9840,B,2026-06-01
9841,B,2026-06-01
9842,A,2026-06-01
9843,B,2026-06-01
9844,A,2026-06-01
9845,A,2026-06-01
9846,A,2026-06-01
9847,A,2026-06-01
9848,A,2026-06-01
9849,A,2026-06-01
9850,A,2026-06-01
9851,A,2026-06-01
9852,A,2026-06-01
9853,A,2026-06-01
9854,A,2026-06-01
9855,A,2026-06-01
9856,A,2026-06-01
9857,A,2026-06-01
9858,A,2026-06-01
9859,B,2026-06-01
9860,A,2026-06-01
9861,A,2026-06-01
9862,A,2026-06-01
9863,A,2026-06-01
9864,A,2026-06-01
9865,B,2026-06-01
9866,B,2026-06-01
9867,A,2026-06-01
9868,B,2026-06-01
9869,A,2026-06-01
9870,A,2026-06-01
9871,B,2026-06-01
9872,A,2026-06-01
9873,A,2026-06-01
9874,B,2026-06-01
9875,B,2026-06-01
9876,B,2026-06-01
9877,B,2026-06-01
9878,B,2026-06-01
9879,A,2026-06-01
9880,A,2026-06-01
9881,B,2026-06-01
9882,B,2026-06-01
9883,A,2026-06-01
9884,B,2026-06-01
9885,A,2026-06-01
9886,A,2026-06-01
9887,A,2026-06-01
9888,A,2026-06-01
9889,B,2026-06-01
9890,A,2026-06-01
9891,B,2026-06-01
9892,B,2026-06-01
9893,A,2026-06-01
9894,B,2026-06-01
9895,A,2026-06-01
9896,B,2026-06-01
9897,A,2026-06-01
9898,A,2026-06-01
9899,B,2026-06-01
9900,B,2026-06-01
9901,B,2026-06-01
9902,B,2026-06-01
9903,B,2026-06-01
9904,A,2026-06-01
9905,B,2026-06-01
9906,A,2026-06-01
9907,A,2026-06-01
9908,A,2026-06-01
9909,A,2026-06-01
9910,A,2026-06-01
9911,A,2026-06-01
9912,A,2026-06-01
9913,B,2026-06-01
9914,B,2026-06-01
9915,B,2026-06-01
9916,A,2026-06-01
9917,B,2026-06-01
9918,A,2026-06-01
9919,B,2026-06-01
9920,A,2026-06-01
9921,B,2026-06-01
9922,A,2026-06-01
9923,B,2026-06-01
9924,B,2026-06-01
9925,B,2026-06-01
9926,A,2026-06-01
9927,A,2026-06-01
9928,B,2026-06-01
9929,A,2026-06-01
9930,B,2026-06-01
9931,A,2026-06-01
9932,B,2026-06-01
9933,B,2026-06-01
9934,B,2026-06-01
9935,A,2026-06-01
9936,A,2026-06-01
9937,B,2026-06-01
9938,B,2026-06-01
9939,A,2026-06-01
9940,A,2026-06-01
9941,B,2026-06-01
9942,B,2026-06-01
9943,B,2026-06-01
9944,B,2026-06-01
9945,B,2026-06-01
9946,A,2026-06-01
9947,A,2026-06-01
9948,A,2026-06-01
9949,B,2026-06-01
9950,A,2026-06-01
9951,A,2026-06-01
9952,A,2026-06-01
9953,A,2026-06-01
9954,B,2026-06-01
9955,B,2026-06-01
9956,B,2026-06-01
9957,A,2026-06-01
9958,B,2026-06-01
9959,A,2026-06-01
9960,B,2026-06-01
9961,A,2026-06-01
9962,A,2026-06-01
9963,A,2026-06-01
9964,B,2026-06-01
9965,B,2026-06-01
9966,A,2026-06-01
9967,A,2026-06-01
9968,B,2026-06-01
9969,A,2026-06-01
9970,A,2026-06-01
9971,A,2026-06-01
9972,B,2026-06-01
9973,A,2026-06-01
9974,B,2026-06-01
9975,A,2026-06-01
9976,A,2026-06-01
9977,A,2026-06-01
9978,B,2026-06-01
9979,A,2026-06-01
9980,B,2026-06-01
9981,A,2026-06-01
9982,A,2026-06-01
9983,B,2026-06-01
9984,B,2026-06-01
9985,A,2026-06-01
9986,B,2026-06-01
9987,B,2026-06-01
9988,A,2026-06-01
9989,A,2026-06-01
9990,A,2026-06-01
9991,A,2026-06-01
9992,B,2026-06-01
9993,A,2026-06-01
9994,A,2026-06-01
9995,A,2026-06-01
9996,B,2026-06-01
9997,B,2026-06-01
9998,A,2026-06-01
9999,A,2026-06-01
10000,A,2026-06-01
