user_id,city,device,user_type,signup_date
1,Delhi,Android,Returning,2025-04-25
2,Mumbai,Android,Returning,2025-10-09
3,Mumbai,Android,New,2025-08-17
4,Chennai,Android,Returning,2025-04-15
5,Pune,Android,Returning,2025-03-31
6,Delhi,Android,Returning,2026-03-09
7,Delhi,iOS,New,2025-01-31
8,Mumbai,Android,New,2025-08-12
9,Pune,Android,Returning,2026-06-02
10,Pune,Android,New,2025-01-28
11,Chennai,Android,New,2025-07-23
12,Mumbai,Android,Returning,2026-03-06
13,Pune,Android,Returning,2026-04-05
14,Delhi,Android,Returning,2025-10-12
15,Chennai,Android,New,2025-06-13
16,Bangalore,Android,New,2026-03-09
17,Mumbai,Android,Returning,2025-10-12
18,Bangalore,iOS,Returning,2025-08-09
19,Delhi,Android,New,2025-04-15
20,Delhi,Android,Returning,2026-01-25
21,Bangalore,Android,Returning,2026-01-03
22,Delhi,Android,Returning,2025-09-28
23,Pune,Android,Returning,2026-04-16
24,Hyderabad,Android,Returning,2025-05-08
25,Pune,Android,New,2025-03-22
26,Chennai,iOS,Returning,2025-10-28
27,Pune,iOS,Returning,2026-01-06
28,Chennai,Android,Returning,2025-07-16
29,Delhi,Android,New,2025-03-13
30,Bangalore,Android,New,2025-08-22
31,Mumbai,Android,New,2025-03-23
32,Hyderabad,iOS,Returning,2025-04-14
33,Hyderabad,Android,Returning,2025-10-12
34,Mumbai,Android,Returning,2026-01-09
35,Bangalore,Android,Returning,2026-01-15
36,Chennai,Android,New,2025-08-03
37,Chennai,Android,Returning,2025-10-01
38,Pune,Android,Returning,2025-03-15
39,Pune,Android,New,2025-06-25
40,Mumbai,Android,New,2025-09-08
41,Hyderabad,iOS,Returning,2026-04-19
42,Chennai,Android,New,2025-10-04
43,Chennai,Android,New,2025-08-13
44,Delhi,Android,Returning,2025-11-29
45,Delhi,iOS,Returning,2025-08-23
46,Hyderabad,Android,Returning,2025-11-20
47,Delhi,Android,Returning,2025-10-02
48,Pune,Android,Returning,2025-08-05
49,Mumbai,Android,Returning,2025-11-19
50,Hyderabad,Android,New,2026-05-27
51,Mumbai,Android,Returning,2026-04-15
52,Mumbai,Android,Returning,2025-09-29
53,Chennai,iOS,New,2025-09-10
54,Chennai,Android,Returning,2025-09-27
55,Pune,Android,New,2026-03-15
56,Bangalore,Android,New,2026-02-13
57,Mumbai,iOS,Returning,2025-08-13
58,Hyderabad,Android,Returning,2026-06-06
59,Delhi,iOS,New,2025-04-04
60,Mumbai,iOS,Returning,2025-04-23
61,Chennai,iOS,Returning,2025-06-13
62,Pune,Android,New,2026-03-09
63,Hyderabad,Android,Returning,2025-03-07
64,Pune,iOS,Returning,2026-01-26
65,Pune,Android,Returning,2026-04-25
66,Pune,Android,New,2025-09-15
67,Chennai,Android,New,2025-01-12
68,Chennai,iOS,New,2025-04-28
69,Chennai,Android,Returning,2025-10-01
70,Delhi,Android,Returning,2025-12-15
71,Hyderabad,iOS,New,2025-10-28
72,Hyderabad,Android,New,2025-06-11
73,Chennai,Android,New,2025-01-04
74,Pune,Android,Returning,2025-09-27
75,Pune,Android,New,2025-07-02
76,Chennai,iOS,New,2025-04-19
77,Chennai,Android,Returning,2025-11-02
78,Pune,iOS,New,2026-06-04
79,Mumbai,Android,Returning,2025-07-23
80,Mumbai,Android,Returning,2026-01-18
81,Pune,Android,Returning,2025-01-01
82,Hyderabad,Android,Returning,2025-11-28
83,Delhi,Android,Returning,2025-01-20
84,Bangalore,Android,New,2026-01-07
85,Delhi,Android,Returning,2025-09-03
86,Pune,Android,New,2025-09-04
87,Delhi,Android,New,2025-03-22
88,Delhi,Android,New,2026-05-13
89,Mumbai,Android,Returning,2025-05-09
90,Pune,iOS,New,2026-05-02
91,Bangalore,Android,New,2025-06-19
92,Pune,iOS,Returning,2026-06-25
93,Mumbai,Android,Returning,2026-03-10
94,Chennai,iOS,Returning,2025-07-25
95,Hyderabad,Android,New,2025-11-16
96,Hyderabad,Android,Returning,2026-01-18
97,Hyderabad,iOS,Returning,2026-06-14
98,Mumbai,Android,New,2025-05-04
99,Delhi,Android,Returning,2025-08-19
100,Delhi,iOS,Returning,2025-12-13
101,Pune,Android,New,2025-08-24
102,Delhi,Android,Returning,2025-08-14
103,Chennai,Android,New,2025-03-14
104,Mumbai,Android,Returning,2025-03-02
105,Delhi,Android,New,2025-03-11
106,Delhi,Android,Returning,2025-12-05
107,Mumbai,Android,New,2026-06-11
108,Chennai,Android,New,2025-10-13
109,Mumbai,Android,Returning,2026-05-13
110,Chennai,Android,Returning,2025-05-16
111,Mumbai,Android,Returning,2026-04-30
112,Hyderabad,Android,Returning,2026-04-30
113,Delhi,Android,New,2025-07-14
114,Chennai,iOS,Returning,2025-04-10
115,Bangalore,iOS,Returning,2026-03-18
116,Hyderabad,Android,Returning,2026-03-10
117,Chennai,Android,Returning,2026-04-24
118,Chennai,Android,Returning,2025-02-25
119,Delhi,Android,New,2025-04-11
120,Chennai,Android,New,2026-02-17
121,Delhi,iOS,Returning,2025-12-14
122,Mumbai,iOS,Returning,2025-09-12
123,Pune,Android,Returning,2025-07-14
124,Mumbai,Android,Returning,2026-04-05
125,Mumbai,iOS,Returning,2026-03-09
126,Hyderabad,Android,Returning,2025-10-13
127,Delhi,iOS,New,2025-09-13
128,Pune,Android,Returning,2026-03-30
129,Delhi,iOS,Returning,2025-04-11
130,Delhi,Android,New,2025-01-16
131,Mumbai,Android,Returning,2025-08-31
132,Hyderabad,Android,Returning,2026-02-21
133,Mumbai,iOS,Returning,2026-05-08
134,Delhi,Android,Returning,2026-02-15
135,Hyderabad,Android,New,2025-06-18
136,Hyderabad,iOS,Returning,2025-01-03
137,Hyderabad,iOS,Returning,2025-09-29
138,Hyderabad,Android,Returning,2025-10-20
139,Mumbai,Android,Returning,2026-05-14
140,Bangalore,Android,Returning,2025-07-14
141,Delhi,iOS,New,2025-08-11
142,Chennai,Android,New,2025-03-04
143,Delhi,Android,New,2025-11-18
144,Pune,Android,Returning,2025-02-21
145,Pune,Android,Returning,2026-05-04
146,Delhi,Android,New,2025-06-11
147,Delhi,iOS,Returning,2026-06-05
148,Delhi,Android,Returning,2025-07-10
149,Chennai,Android,New,2025-03-11
150,Hyderabad,Android,New,2025-08-29
151,Pune,Android,Returning,2025-05-03
152,Pune,Android,Returning,2025-09-10
153,Pune,Android,Returning,2025-02-10
154,Hyderabad,Android,New,2025-03-25
155,Bangalore,Android,New,2026-06-20
156,Mumbai,Android,New,2025-09-25
157,Mumbai,Android,Returning,2025-11-18
158,Hyderabad,iOS,Returning,2025-09-29
159,Chennai,Android,New,2025-05-15
160,Hyderabad,Android,New,2025-11-04
161,Delhi,Android,Returning,2025-11-20
162,Hyderabad,Android,New,2025-01-10
163,Delhi,iOS,Returning,2025-04-13
164,Pune,Android,Returning,2025-08-07
165,Mumbai,Android,New,2025-09-29
166,Delhi,Android,Returning,2025-12-24
167,Bangalore,Android,New,2025-09-08
168,Mumbai,Android,New,2025-10-19
169,Pune,iOS,Returning,2026-03-25
170,Pune,Android,New,2025-11-06
171,Chennai,Android,Returning,2025-01-09
172,Chennai,Android,Returning,2025-11-03
173,Mumbai,Android,Returning,2025-04-17
174,Delhi,Android,New,2025-09-28
175,Chennai,Android,Returning,2025-04-20
176,Bangalore,Android,Returning,2025-06-09
177,Pune,Android,New,2025-10-16
178,Chennai,Android,Returning,2025-08-04
179,Mumbai,Android,Returning,2025-12-18
180,Pune,iOS,Returning,2025-09-28
181,Bangalore,Android,Returning,2026-05-16
182,Delhi,Android,Returning,2025-02-22
183,Bangalore,iOS,Returning,2026-03-10
184,Delhi,iOS,Returning,2025-02-15
185,Mumbai,Android,New,2025-12-08
186,Mumbai,Android,New,2025-09-26
187,Pune,Android,Returning,2026-03-29
188,Pune,Android,New,2026-03-14
189,Delhi,iOS,New,2025-01-10
190,Chennai,iOS,New,2025-03-19
191,Pune,Android,Returning,2025-06-02
192,Bangalore,Android,Returning,2025-02-06
193,Hyderabad,Android,Returning,2025-06-01
194,Delhi,Android,New,2025-05-11
195,Bangalore,Android,Returning,2025-11-12
196,Bangalore,iOS,Returning,2025-02-10
197,Chennai,Android,Returning,2025-08-04
198,Chennai,Android,Returning,2025-09-13
199,Bangalore,iOS,Returning,2025-04-16
200,Pune,Android,Returning,2026-02-21
201,Mumbai,Android,Returning,2025-06-08
202,Mumbai,Android,Returning,2025-06-16
203,Delhi,Android,Returning,2026-02-27
204,Chennai,Android,New,2025-07-03
205,Hyderabad,iOS,New,2025-12-07
206,Bangalore,Android,Returning,2025-09-12
207,Chennai,iOS,Returning,2025-06-13
208,Hyderabad,Android,Returning,2025-04-21
209,Hyderabad,Android,New,2025-02-09
210,Mumbai,Android,Returning,2025-08-16
211,Bangalore,Android,Returning,2026-04-17
212,Mumbai,Android,Returning,2025-11-09
213,Delhi,Android,Returning,2025-08-17
214,Hyderabad,Android,Returning,2025-07-17
215,Bangalore,Android,New,2025-12-03
216,Bangalore,Android,Returning,2025-03-13
217,Chennai,Android,New,2025-12-26
218,Hyderabad,Android,Returning,2026-06-06
219,Delhi,Android,Returning,2025-12-06
220,Bangalore,Android,New,2025-04-29
221,Pune,Android,Returning,2025-07-02
222,Delhi,Android,Returning,2025-09-29
223,Pune,iOS,Returning,2025-04-22
224,Bangalore,iOS,Returning,2026-03-21
225,Hyderabad,Android,New,2025-11-18
226,Delhi,Android,Returning,2026-06-08
227,Pune,Android,Returning,2026-01-30
228,Bangalore,Android,Returning,2025-07-14
229,Chennai,Android,Returning,2025-02-15
230,Delhi,Android,New,2026-03-23
231,Pune,Android,Returning,2026-06-17
232,Bangalore,Android,Returning,2025-07-21
233,Delhi,iOS,Returning,2026-03-18
234,Pune,Android,Returning,2025-12-05
235,Chennai,Android,Returning,2025-11-18
236,Chennai,Android,Returning,2025-05-08
237,Pune,Android,Returning,2025-11-04
238,Chennai,Android,Returning,2025-11-13
239,Bangalore,Android,Returning,2026-02-23
240,Chennai,iOS,Returning,2026-02-17
241,Pune,Android,Returning,2025-10-30
242,Mumbai,Android,Returning,2025-05-11
243,Chennai,Android,Returning,2026-03-07
244,Chennai,Android,New,2026-01-24
245,Pune,iOS,Returning,2025-06-28
246,Hyderabad,Android,Returning,2025-11-05
247,Bangalore,Android,New,2025-01-01
248,Mumbai,Android,Returning,2025-10-21
249,Pune,Android,New,2026-03-17
250,Hyderabad,iOS,Returning,2025-11-26
251,Hyderabad,Android,Returning,2026-03-29
252,Pune,Android,Returning,2025-08-07
253,Chennai,Android,New,2026-04-30
254,Chennai,iOS,Returning,2025-06-23
255,Bangalore,iOS,Returning,2025-03-28
256,Chennai,Android,Returning,2026-06-12
257,Delhi,iOS,Returning,2025-12-10
258,Chennai,Android,New,2025-08-29
259,Mumbai,Android,Returning,2025-11-14
260,Mumbai,iOS,New,2025-07-23
261,Delhi,Android,Returning,2025-01-26
262,Hyderabad,iOS,Returning,2025-09-08
263,Hyderabad,iOS,Returning,2025-03-16
264,Chennai,Android,New,2026-03-01
265,Chennai,Android,Returning,2025-07-19
266,Hyderabad,iOS,Returning,2026-01-29
267,Mumbai,iOS,Returning,2026-02-14
268,Chennai,Android,Returning,2025-06-01
269,Delhi,iOS,New,2025-01-06
270,Mumbai,Android,New,2026-03-12
271,Chennai,iOS,Returning,2025-06-30
272,Hyderabad,Android,Returning,2026-06-15
273,Pune,Android,Returning,2025-02-21
274,Delhi,Android,Returning,2025-09-13
275,Mumbai,Android,Returning,2026-04-13
276,Chennai,Android,Returning,2026-04-21
277,Hyderabad,Android,Returning,2025-11-21
278,Hyderabad,iOS,Returning,2026-06-01
279,Mumbai,Android,New,2026-04-02
280,Hyderabad,Android,Returning,2026-05-02
281,Mumbai,Android,New,2025-09-23
282,Pune,Android,New,2025-10-11
283,Chennai,Android,Returning,2026-05-12
284,Bangalore,Android,Returning,2025-09-02
285,Delhi,iOS,New,2026-03-27
286,Mumbai,Android,Returning,2025-10-20
287,Bangalore,Android,Returning,2025-10-06
288,Pune,iOS,Returning,2025-11-24
289,Mumbai,Android,Returning,2025-03-24
290,Mumbai,Android,New,2025-06-04
291,Chennai,Android,Returning,2026-01-28
292,Chennai,Android,New,2025-06-06
293,Delhi,Android,New,2025-08-08
294,Hyderabad,Android,New,2026-03-01
295,Pune,Android,New,2025-12-05
296,Hyderabad,Android,Returning,2026-04-23
297,Mumbai,Android,New,2025-03-05
298,Hyderabad,iOS,Returning,2026-03-07
299,Pune,Android,New,2025-01-21
300,Hyderabad,Android,New,2026-01-25
301,Bangalore,Android,New,2025-01-07
302,Hyderabad,Android,New,2025-11-02
303,Pune,Android,Returning,2026-03-06
304,Hyderabad,Android,Returning,2025-08-14
305,Bangalore,Android,Returning,2025-08-13
306,Hyderabad,Android,Returning,2026-03-23
307,Hyderabad,Android,New,2025-01-30
308,Chennai,iOS,Returning,2025-12-11
309,Chennai,Android,New,2026-02-19
310,Hyderabad,iOS,Returning,2025-06-19
311,Pune,Android,New,2025-05-11
312,Hyderabad,Android,Returning,2025-01-28
313,Delhi,Android,Returning,2025-01-28
314,Mumbai,Android,Returning,2026-03-15
315,Mumbai,Android,New,2026-04-18
316,Bangalore,Android,Returning,2025-02-21
317,Bangalore,Android,Returning,2026-01-24
318,Hyderabad,Android,Returning,2025-08-05
319,Bangalore,Android,New,2025-12-01
320,Bangalore,Android,Returning,2026-01-24
321,Bangalore,Android,New,2026-03-08
322,Hyderabad,Android,New,2025-03-25
323,Chennai,Android,Returning,2025-01-20
324,Bangalore,Android,Returning,2025-02-23
325,Chennai,Android,Returning,2025-08-18
326,Chennai,Android,Returning,2025-03-12
327,Delhi,Android,Returning,2025-02-11
328,Mumbai,Android,New,2025-09-11
329,Pune,Android,Returning,2025-01-21
330,Mumbai,Android,Returning,2025-06-06
331,Hyderabad,Android,Returning,2025-05-10
332,Pune,Android,New,2025-04-28
333,Hyderabad,Android,New,2025-08-12
334,Bangalore,Android,New,2025-09-20
335,Pune,Android,New,2025-06-21
336,Mumbai,Android,Returning,2025-04-28
337,Delhi,Android,Returning,2025-11-15
338,Bangalore,Android,Returning,2025-01-27
339,Hyderabad,Android,Returning,2026-01-20
340,Delhi,iOS,Returning,2025-07-23
341,Delhi,iOS,New,2025-09-06
342,Chennai,Android,Returning,2025-11-05
343,Pune,iOS,Returning,2025-05-04
344,Bangalore,Android,New,2025-02-12
345,Chennai,Android,New,2026-03-15
346,Delhi,Android,Returning,2026-01-15
347,Chennai,Android,New,2026-06-03
348,Delhi,Android,Returning,2025-12-16
349,Hyderabad,Android,Returning,2026-03-07
350,Hyderabad,Android,Returning,2025-04-19
351,Chennai,Android,New,2026-01-06
352,Chennai,Android,New,2026-04-16
353,Hyderabad,Android,Returning,2025-06-06
354,Chennai,Android,Returning,2025-06-30
355,Chennai,Android,Returning,2026-06-19
356,Pune,Android,Returning,2025-10-04
357,Hyderabad,Android,Returning,2026-05-11
358,Chennai,Android,Returning,2026-03-23
359,Bangalore,iOS,Returning,2025-10-02
360,Delhi,Android,Returning,2025-09-09
361,Hyderabad,iOS,New,2025-10-13
362,Hyderabad,Android,Returning,2025-09-07
363,Bangalore,Android,Returning,2026-01-24
364,Hyderabad,Android,Returning,2025-01-30
365,Mumbai,Android,New,2025-11-29
366,Mumbai,Android,Returning,2026-05-15
367,Bangalore,Android,Returning,2025-12-30
368,Bangalore,Android,Returning,2025-12-15
369,Pune,Android,Returning,2025-10-10
370,Pune,Android,Returning,2025-01-11
371,Delhi,Android,New,2025-07-15
372,Chennai,Android,Returning,2025-09-05
373,Hyderabad,Android,Returning,2026-02-21
374,Chennai,Android,Returning,2025-09-04
375,Chennai,iOS,Returning,2026-05-03
376,Hyderabad,Android,Returning,2026-05-18
377,Delhi,Android,New,2025-01-18
378,Mumbai,Android,Returning,2025-10-29
379,Chennai,Android,Returning,2026-02-19
380,Bangalore,iOS,Returning,2025-09-07
381,Hyderabad,Android,New,2026-01-13
382,Hyderabad,Android,Returning,2025-12-19
383,Bangalore,Android,Returning,2025-12-05
384,Bangalore,Android,Returning,2026-04-10
385,Bangalore,Android,Returning,2025-11-10
386,Delhi,Android,Returning,2025-08-25
387,Bangalore,Android,Returning,2025-07-17
388,Chennai,Android,New,2025-05-03
389,Mumbai,Android,Returning,2025-07-09
390,Chennai,Android,Returning,2025-08-10
391,Bangalore,Android,Returning,2026-05-11
392,Pune,Android,New,2026-06-22
393,Delhi,Android,Returning,2025-10-17
394,Bangalore,Android,Returning,2025-07-18
395,Bangalore,Android,Returning,2025-08-21
396,Bangalore,Android,Returning,2025-07-03
397,Chennai,Android,Returning,2025-01-15
398,Bangalore,Android,Returning,2025-05-10
399,Delhi,iOS,Returning,2025-02-16
400,Chennai,Android,Returning,2025-10-27
401,Chennai,Android,New,2025-05-10
402,Delhi,Android,Returning,2026-05-18
403,Pune,Android,Returning,2025-01-13
404,Hyderabad,iOS,Returning,2025-10-19
405,Hyderabad,Android,New,2026-05-06
406,Mumbai,iOS,Returning,2025-12-15
407,Bangalore,Android,Returning,2025-02-22
408,Delhi,iOS,Returning,2026-05-05
409,Hyderabad,Android,Returning,2025-03-08
410,Delhi,Android,New,2026-05-19
411,Mumbai,iOS,New,2025-02-24
412,Pune,Android,Returning,2025-06-02
413,Delhi,Android,Returning,2025-11-08
414,Delhi,Android,New,2025-09-12
415,Pune,Android,Returning,2026-03-03
416,Pune,Android,Returning,2025-08-20
417,Hyderabad,Android,New,2026-01-25
418,Bangalore,Android,Returning,2026-03-30
419,Bangalore,iOS,Returning,2026-03-16
420,Pune,Android,Returning,2025-03-03
421,Mumbai,Android,Returning,2025-04-12
422,Bangalore,Android,Returning,2025-08-05
423,Mumbai,Android,Returning,2025-03-25
424,Mumbai,Android,Returning,2025-09-03
425,Mumbai,Android,Returning,2025-03-18
426,Hyderabad,Android,Returning,2025-01-03
427,Chennai,Android,Returning,2026-04-07
428,Bangalore,Android,New,2026-04-27
429,Mumbai,Android,Returning,2025-02-03
430,Chennai,Android,New,2025-10-23
431,Chennai,Android,Returning,2025-10-17
432,Delhi,Android,Returning,2026-04-10
433,Bangalore,Android,Returning,2025-08-28
434,Hyderabad,Android,New,2025-07-22
435,Pune,iOS,Returning,2025-04-28
436,Chennai,Android,New,2025-08-19
437,Bangalore,Android,Returning,2025-06-02
438,Delhi,Android,New,2025-05-26
439,Mumbai,Android,Returning,2025-03-03
440,Pune,Android,New,2025-11-11
441,Hyderabad,Android,Returning,2025-10-23
442,Hyderabad,Android,New,2025-05-08
443,Chennai,Android,New,2025-11-08
444,Bangalore,Android,New,2026-02-17
445,Pune,Android,New,2026-05-28
446,Hyderabad,Android,Returning,2026-05-21
447,Pune,iOS,Returning,2025-03-24
448,Hyderabad,Android,New,2025-02-10
449,Pune,Android,Returning,2025-11-27
450,Delhi,Android,New,2025-09-14
451,Mumbai,Android,New,2025-04-04
452,Chennai,Android,Returning,2025-01-22
453,Pune,Android,Returning,2025-10-03
454,Mumbai,iOS,New,2025-02-11
455,Pune,Android,Returning,2026-04-27
456,Bangalore,Android,New,2026-03-29
457,Pune,Android,Returning,2025-07-05
458,Chennai,Android,Returning,2026-03-23
459,Delhi,Android,Returning,2026-05-19
460,Bangalore,Android,New,2026-04-27
461,Bangalore,iOS,Returning,2026-02-23
462,Chennai,iOS,Returning,2025-11-25
463,Mumbai,Android,New,2025-04-18
464,Hyderabad,Android,Returning,2025-12-04
465,Bangalore,Android,New,2026-05-23
466,Pune,Android,Returning,2026-02-15
467,Hyderabad,iOS,Returning,2025-02-07
468,Bangalore,Android,New,2025-04-01
469,Bangalore,Android,Returning,2025-09-16
470,Hyderabad,Android,Returning,2025-04-29
471,Delhi,Android,Returning,2026-06-11
472,Hyderabad,Android,Returning,2026-04-19
473,Mumbai,Android,New,2025-02-25
474,Bangalore,Android,Returning,2026-06-15
475,Chennai,iOS,Returning,2026-05-26
476,Delhi,Android,Returning,2026-03-29
477,Bangalore,Android,Returning,2025-07-28
478,Bangalore,Android,Returning,2025-05-15
479,Chennai,Android,New,2026-03-25
480,Delhi,Android,Returning,2026-05-12
481,Chennai,Android,Returning,2025-01-30
482,Chennai,Android,Returning,2025-09-03
483,Bangalore,Android,Returning,2025-06-12
484,Pune,Android,New,2025-01-15
485,Delhi,Android,Returning,2026-02-22
486,Delhi,Android,Returning,2025-08-19
487,Delhi,Android,New,2026-04-18
488,Hyderabad,Android,New,2025-06-07
489,Pune,Android,New,2025-10-26
490,Hyderabad,Android,Returning,2025-10-07
491,Hyderabad,Android,Returning,2026-05-10
492,Hyderabad,Android,New,2025-09-07
493,Hyderabad,Android,Returning,2025-05-29
494,Pune,Android,Returning,2025-07-15
495,Chennai,Android,Returning,2026-06-05
496,Delhi,Android,Returning,2025-05-20
497,Hyderabad,Android,Returning,2025-10-10
498,Pune,Android,New,2025-12-15
499,Delhi,iOS,New,2025-10-01
500,Chennai,iOS,Returning,2025-10-17
501,Pune,Android,Returning,2025-11-02
502,Mumbai,iOS,Returning,2026-05-17
503,Pune,iOS,Returning,2026-04-03
504,Bangalore,Android,Returning,2026-05-11
505,Pune,Android,Returning,2025-12-07
506,Hyderabad,Android,Returning,2026-01-22
507,Mumbai,iOS,New,2025-11-26
508,Pune,Android,Returning,2025-09-02
509,Mumbai,Android,Returning,2026-01-28
510,Delhi,iOS,New,2026-02-25
511,Chennai,Android,New,2025-11-22
512,Chennai,iOS,Returning,2026-04-30
513,Hyderabad,iOS,Returning,2026-01-26
514,Hyderabad,iOS,Returning,2025-06-05
515,Mumbai,Android,Returning,2025-02-07
516,Pune,Android,Returning,2026-05-30
517,Delhi,Android,New,2025-12-06
518,Delhi,Android,Returning,2026-03-27
519,Hyderabad,Android,Returning,2026-06-23
520,Chennai,Android,New,2025-01-16
521,Hyderabad,Android,Returning,2025-05-28
522,Delhi,Android,Returning,2025-06-08
523,Bangalore,iOS,Returning,2026-04-26
524,Pune,Android,New,2025-12-13
525,Chennai,iOS,New,2026-02-12
526,Bangalore,iOS,Returning,2025-03-24
527,Bangalore,iOS,Returning,2026-01-25
528,Pune,iOS,Returning,2026-05-15
529,Pune,Android,Returning,2025-02-06
530,Mumbai,Android,Returning,2025-03-12
531,Mumbai,iOS,Returning,2025-10-22
532,Hyderabad,Android,Returning,2025-04-03
533,Chennai,Android,Returning,2025-04-11
534,Hyderabad,Android,New,2025-04-13
535,Chennai,Android,New,2025-06-20
536,Delhi,Android,New,2025-11-03
537,Bangalore,Android,New,2025-02-17
538,Bangalore,iOS,Returning,2025-02-27
539,Bangalore,Android,Returning,2026-01-03
540,Mumbai,Android,Returning,2026-03-18
541,Pune,Android,New,2025-09-08
542,Pune,Android,Returning,2026-02-26
543,Mumbai,iOS,Returning,2025-07-04
544,Delhi,Android,New,2025-06-29
545,Pune,iOS,New,2026-01-27
546,Hyderabad,iOS,Returning,2025-09-04
547,Mumbai,Android,Returning,2025-05-27
548,Chennai,Android,New,2026-04-18
549,Hyderabad,Android,New,2025-09-18
550,Chennai,Android,Returning,2025-09-19
551,Hyderabad,Android,Returning,2025-01-10
552,Chennai,iOS,Returning,2025-10-22
553,Delhi,iOS,New,2025-06-11
554,Bangalore,Android,Returning,2026-03-29
555,Chennai,Android,New,2025-11-03
556,Chennai,iOS,New,2026-03-11
557,Hyderabad,Android,Returning,2025-09-14
558,Mumbai,Android,Returning,2025-11-06
559,Hyderabad,Android,Returning,2026-01-29
560,Mumbai,Android,New,2025-04-20
561,Pune,iOS,Returning,2026-01-26
562,Pune,iOS,Returning,2026-01-03
563,Chennai,Android,Returning,2025-10-30
564,Delhi,Android,Returning,2025-10-30
565,Bangalore,Android,New,2026-02-10
566,Pune,Android,Returning,2025-01-09
567,Pune,Android,New,2025-02-20
568,Bangalore,Android,New,2026-05-24
569,Pune,iOS,Returning,2025-08-24
570,Mumbai,Android,Returning,2025-12-27
571,Pune,iOS,New,2025-07-14
572,Chennai,Android,Returning,2025-09-14
573,Chennai,Android,Returning,2025-05-21
574,Chennai,Android,Returning,2025-04-10
575,Bangalore,iOS,Returning,2025-02-10
576,Delhi,Android,Returning,2026-03-28
577,Chennai,Android,Returning,2026-01-09
578,Delhi,Android,Returning,2025-05-15
579,Bangalore,Android,Returning,2025-10-30
580,Mumbai,iOS,New,2026-03-02
581,Mumbai,iOS,New,2025-07-25
582,Pune,Android,Returning,2026-01-10
583,Bangalore,Android,Returning,2026-05-29
584,Bangalore,iOS,Returning,2025-06-18
585,Bangalore,Android,New,2026-05-09
586,Delhi,Android,Returning,2025-12-13
587,Delhi,Android,New,2026-04-25
588,Mumbai,Android,Returning,2025-05-25
589,Pune,Android,New,2026-02-11
590,Delhi,Android,Returning,2026-01-10
591,Delhi,iOS,New,2026-02-09
592,Pune,Android,Returning,2025-09-28
593,Hyderabad,Android,Returning,2025-05-07
594,Chennai,Android,New,2026-01-13
595,Pune,Android,Returning,2025-09-26
596,Chennai,Android,Returning,2026-01-26
597,Delhi,Android,Returning,2026-01-16
598,Hyderabad,Android,Returning,2025-08-28
599,Pune,iOS,Returning,2025-01-26
600,Pune,Android,New,2025-12-02
601,Chennai,Android,New,2025-08-15
602,Chennai,Android,New,2025-03-06
603,Chennai,Android,Returning,2026-04-21
604,Chennai,Android,Returning,2025-11-06
605,Delhi,Android,Returning,2026-02-23
606,Delhi,Android,Returning,2025-05-24
607,Bangalore,Android,Returning,2025-02-08
608,Delhi,Android,New,2026-05-20
609,Mumbai,Android,Returning,2025-04-10
610,Hyderabad,Android,New,2025-05-19
611,Bangalore,iOS,New,2026-04-10
612,Pune,Android,Returning,2026-03-06
613,Hyderabad,Android,Returning,2025-06-08
614,Hyderabad,Android,New,2025-04-12
615,Bangalore,iOS,Returning,2026-02-22
616,Chennai,iOS,New,2025-02-03
617,Mumbai,Android,New,2026-01-15
618,Hyderabad,Android,Returning,2026-03-31
619,Bangalore,iOS,Returning,2025-08-30
620,Chennai,iOS,New,2025-04-12
621,Pune,iOS,Returning,2026-01-12
622,Delhi,Android,Returning,2026-01-03
623,Bangalore,Android,Returning,2026-02-12
624,Delhi,Android,New,2025-07-14
625,Delhi,iOS,Returning,2026-04-11
626,Chennai,Android,Returning,2025-08-06
627,Delhi,Android,New,2025-01-22
628,Mumbai,Android,Returning,2025-12-08
629,Pune,Android,Returning,2025-05-09
630,Delhi,Android,Returning,2025-07-30
631,Pune,Android,Returning,2025-08-01
632,Mumbai,Android,Returning,2025-08-10
633,Mumbai,Android,New,2025-12-03
634,Bangalore,Android,Returning,2025-01-03
635,Mumbai,Android,New,2025-05-29
636,Mumbai,Android,Returning,2025-09-14
637,Chennai,Android,New,2025-04-23
638,Mumbai,Android,New,2025-01-27
639,Bangalore,Android,Returning,2025-01-16
640,Pune,Android,Returning,2025-09-01
641,Delhi,Android,Returning,2025-11-28
642,Bangalore,Android,New,2025-06-28
643,Mumbai,Android,Returning,2025-02-23
644,Pune,Android,Returning,2026-03-08
645,Chennai,Android,New,2025-04-27
646,Hyderabad,Android,New,2025-03-07
647,Bangalore,Android,Returning,2026-04-05
648,Pune,iOS,New,2026-06-10
649,Hyderabad,Android,New,2025-04-22
650,Mumbai,Android,Returning,2026-05-31
651,Chennai,Android,Returning,2025-02-14
652,Bangalore,Android,Returning,2026-06-18
653,Chennai,Android,Returning,2026-04-15
654,Delhi,Android,Returning,2025-02-01
655,Hyderabad,Android,Returning,2026-05-06
656,Chennai,Android,Returning,2026-03-13
657,Hyderabad,Android,Returning,2025-04-21
658,Delhi,Android,Returning,2026-03-31
659,Bangalore,Android,Returning,2025-03-24
660,Delhi,Android,New,2025-06-01
661,Bangalore,Android,New,2025-05-10
662,Hyderabad,iOS,New,2025-11-29
663,Hyderabad,iOS,New,2025-10-29
664,Pune,Android,Returning,2026-06-02
665,Delhi,Android,Returning,2026-03-17
666,Chennai,Android,Returning,2025-04-28
667,Hyderabad,Android,Returning,2025-08-09
668,Mumbai,iOS,Returning,2026-04-08
669,Bangalore,Android,Returning,2026-02-28
670,Hyderabad,Android,New,2026-04-10
671,Chennai,Android,Returning,2026-03-02
672,Bangalore,iOS,Returning,2025-04-08
673,Bangalore,Android,Returning,2026-03-14
674,Bangalore,Android,Returning,2025-09-19
675,Chennai,iOS,New,2025-06-06
676,Delhi,iOS,Returning,2026-05-01
677,Delhi,Android,Returning,2025-04-04
678,Hyderabad,Android,Returning,2025-04-06
679,Chennai,iOS,Returning,2025-04-09
680,Mumbai,Android,Returning,2026-01-17
681,Pune,iOS,New,2025-03-03
682,Chennai,Android,Returning,2025-12-04
683,Hyderabad,Android,New,2025-05-06
684,Chennai,Android,Returning,2025-12-29
685,Chennai,Android,New,2026-03-10
686,Bangalore,iOS,New,2025-02-22
687,Bangalore,iOS,Returning,2025-11-16
688,Pune,Android,Returning,2025-04-17
689,Mumbai,Android,Returning,2026-06-04
690,Chennai,Android,Returning,2025-06-08
691,Mumbai,Android,Returning,2026-05-09
692,Bangalore,iOS,New,2025-04-21
693,Delhi,Android,New,2026-01-12
694,Pune,Android,New,2025-10-13
695,Hyderabad,iOS,Returning,2025-08-20
696,Pune,Android,New,2025-01-27
697,Delhi,Android,Returning,2025-10-01
698,Bangalore,Android,Returning,2025-07-04
699,Bangalore,Android,New,2025-11-13
700,Delhi,Android,Returning,2025-12-26
701,Mumbai,Android,New,2025-07-05
702,Delhi,Android,Returning,2026-02-15
703,Chennai,Android,Returning,2025-05-26
704,Delhi,iOS,Returning,2025-02-01
705,Hyderabad,Android,Returning,2025-08-09
706,Hyderabad,Android,New,2026-03-06
707,Mumbai,Android,New,2025-12-16
708,Bangalore,Android,Returning,2026-01-14
709,Pune,Android,New,2025-11-29
710,Delhi,Android,Returning,2025-03-28
711,Mumbai,Android,Returning,2025-06-09
712,Chennai,Android,New,2025-02-20
713,Bangalore,iOS,Returning,2025-03-25
714,Chennai,Android,Returning,2026-03-30
715,Hyderabad,Android,Returning,2026-03-11
716,Hyderabad,Android,Returning,2026-03-29
717,Mumbai,Android,Returning,2025-10-07
718,Delhi,Android,New,2026-06-09
719,Hyderabad,Android,Returning,2025-12-20
720,Bangalore,Android,Returning,2025-04-24
721,Pune,iOS,New,2026-05-14
722,Delhi,Android,Returning,2025-11-12
723,Hyderabad,iOS,New,2025-08-14
724,Delhi,Android,Returning,2025-02-26
725,Bangalore,iOS,Returning,2025-07-29
726,Mumbai,Android,Returning,2025-08-05
727,Bangalore,iOS,Returning,2025-09-19
728,Delhi,Android,Returning,2025-12-02
729,Hyderabad,Android,Returning,2025-01-08
730,Mumbai,Android,Returning,2026-03-17
731,Hyderabad,Android,Returning,2025-05-13
732,Pune,Android,Returning,2025-08-24
733,Delhi,iOS,New,2025-12-29
734,Chennai,iOS,Returning,2026-02-11
735,Hyderabad,iOS,Returning,2025-02-13
736,Hyderabad,Android,Returning,2025-01-20
737,Bangalore,iOS,Returning,2025-03-21
738,Pune,Android,Returning,2026-03-16
739,Chennai,iOS,Returning,2026-02-19
740,Bangalore,Android,Returning,2026-03-04
741,Hyderabad,iOS,New,2025-04-28
742,Bangalore,Android,New,2025-01-22
743,Pune,Android,Returning,2025-06-25
744,Chennai,Android,Returning,2026-04-17
745,Delhi,Android,Returning,2026-01-06
746,Delhi,Android,Returning,2026-03-24
747,Hyderabad,Android,New,2025-09-07
748,Pune,Android,Returning,2026-02-15
749,Hyderabad,Android,Returning,2025-03-22
750,Chennai,Android,Returning,2025-11-14
751,Mumbai,Android,Returning,2025-12-14
752,Mumbai,Android,New,2025-12-08
753,Pune,Android,Returning,2025-03-20
754,Pune,Android,Returning,2025-04-27
755,Mumbai,Android,Returning,2026-06-07
756,Bangalore,iOS,Returning,2025-12-24
757,Mumbai,iOS,New,2025-06-01
758,Mumbai,Android,New,2025-04-16
759,Mumbai,Android,Returning,2025-09-20
760,Pune,Android,Returning,2025-06-27
761,Chennai,Android,Returning,2025-06-06
762,Mumbai,Android,New,2025-03-19
763,Hyderabad,Android,New,2026-05-21
764,Chennai,Android,New,2026-04-05
765,Chennai,iOS,Returning,2025-11-27
766,Mumbai,Android,Returning,2025-11-20
767,Delhi,Android,New,2026-03-27
768,Hyderabad,Android,New,2026-04-26
769,Bangalore,Android,Returning,2025-11-07
770,Bangalore,Android,Returning,2025-02-27
771,Delhi,Android,New,2026-06-04
772,Hyderabad,Android,New,2025-11-14
773,Delhi,iOS,Returning,2026-04-08
774,Bangalore,iOS,Returning,2025-02-28
775,Delhi,Android,Returning,2025-10-21
776,Pune,iOS,Returning,2025-04-03
777,Hyderabad,iOS,Returning,2026-06-04
778,Pune,Android,New,2026-04-19
779,Hyderabad,Android,Returning,2025-02-12
780,Bangalore,iOS,Returning,2025-07-12
781,Pune,Android,New,2026-05-03
782,Delhi,Android,New,2025-06-04
783,Delhi,iOS,Returning,2026-04-07
784,Chennai,Android,New,2025-12-18
785,Pune,Android,Returning,2025-03-28
786,Delhi,Android,New,2025-06-26
787,Chennai,Android,Returning,2025-09-11
788,Hyderabad,Android,New,2026-03-25
789,Pune,Android,Returning,2026-06-21
790,Bangalore,Android,Returning,2025-06-12
791,Bangalore,Android,Returning,2026-01-17
792,Hyderabad,Android,Returning,2026-02-01
793,Chennai,iOS,New,2025-12-13
794,Chennai,Android,Returning,2025-02-23
795,Delhi,Android,Returning,2025-12-09
796,Delhi,Android,Returning,2025-12-04
797,Bangalore,Android,New,2026-01-31
798,Chennai,Android,Returning,2025-09-16
799,Bangalore,Android,New,2025-06-03
800,Pune,Android,Returning,2025-03-25
801,Bangalore,Android,New,2025-05-25
802,Chennai,Android,Returning,2025-11-14
803,Mumbai,Android,Returning,2026-02-06
804,Bangalore,Android,Returning,2025-03-28
805,Chennai,Android,Returning,2026-01-21
806,Mumbai,iOS,Returning,2025-12-03
807,Delhi,Android,New,2026-06-24
808,Pune,Android,Returning,2026-03-10
809,Delhi,iOS,Returning,2026-01-06
810,Bangalore,Android,Returning,2026-01-07
811,Mumbai,Android,New,2025-07-04
812,Hyderabad,Android,Returning,2025-12-16
813,Mumbai,Android,Returning,2025-07-16
814,Mumbai,Android,Returning,2025-05-21
815,Bangalore,Android,Returning,2025-03-21
816,Pune,Android,New,2025-04-14
817,Delhi,Android,Returning,2026-06-24
818,Pune,iOS,New,2025-12-11
819,Pune,Android,New,2025-05-15
820,Mumbai,iOS,Returning,2026-01-21
821,Mumbai,Android,Returning,2025-06-16
822,Chennai,Android,Returning,2025-06-19
823,Delhi,Android,Returning,2026-03-25
824,Bangalore,Android,Returning,2026-02-25
825,Hyderabad,Android,Returning,2025-09-01
826,Chennai,Android,New,2025-10-19
827,Mumbai,Android,Returning,2026-04-05
828,Bangalore,Android,Returning,2025-09-02
829,Mumbai,Android,New,2026-04-26
830,Chennai,Android,Returning,2026-01-12
831,Hyderabad,Android,Returning,2026-03-28
832,Hyderabad,iOS,Returning,2025-10-16
833,Pune,iOS,Returning,2026-05-30
834,Mumbai,Android,Returning,2026-03-05
835,Pune,Android,Returning,2025-07-24
836,Bangalore,Android,Returning,2025-05-22
837,Chennai,iOS,Returning,2025-02-23
838,Bangalore,Android,New,2026-05-08
839,Chennai,Android,Returning,2025-04-16
840,Delhi,Android,Returning,2026-06-13
841,Delhi,Android,Returning,2025-10-19
842,Bangalore,Android,Returning,2025-06-14
843,Pune,Android,Returning,2026-04-06
844,Hyderabad,iOS,Returning,2025-05-31
845,Mumbai,Android,Returning,2025-04-04
846,Bangalore,Android,Returning,2026-04-07
847,Hyderabad,Android,New,2025-01-28
848,Hyderabad,Android,New,2025-02-24
849,Bangalore,Android,New,2026-05-30
850,Hyderabad,iOS,Returning,2025-08-30
851,Bangalore,iOS,Returning,2025-03-25
852,Delhi,Android,Returning,2025-08-18
853,Delhi,Android,New,2025-11-23
854,Mumbai,Android,New,2025-12-10
855,Delhi,Android,Returning,2025-05-21
856,Hyderabad,Android,New,2025-10-21
857,Chennai,Android,Returning,2025-05-23
858,Hyderabad,Android,Returning,2026-04-26
859,Delhi,Android,Returning,2025-01-06
860,Bangalore,iOS,New,2025-01-20
861,Mumbai,Android,New,2025-08-09
862,Hyderabad,Android,New,2026-06-25
863,Bangalore,Android,New,2025-04-24
864,Bangalore,Android,Returning,2025-09-01
865,Delhi,iOS,Returning,2025-05-05
866,Hyderabad,Android,Returning,2025-09-02
867,Delhi,Android,Returning,2026-04-14
868,Hyderabad,Android,Returning,2025-04-24
869,Chennai,Android,New,2025-01-17
870,Pune,Android,Returning,2026-06-12
871,Chennai,iOS,Returning,2025-09-05
872,Bangalore,Android,New,2025-05-28
873,Delhi,Android,Returning,2026-03-16
874,Mumbai,Android,New,2025-12-28
875,Mumbai,Android,New,2026-03-03
876,Pune,Android,New,2025-03-29
877,Delhi,Android,New,2026-01-05
878,Pune,iOS,Returning,2026-06-23
879,Pune,iOS,Returning,2026-06-04
880,Hyderabad,Android,Returning,2025-01-21
881,Delhi,Android,Returning,2026-04-27
882,Bangalore,Android,Returning,2026-02-01
883,Chennai,Android,New,2025-09-17
884,Bangalore,Android,Returning,2025-01-17
885,Bangalore,Android,Returning,2025-03-11
886,Chennai,Android,Returning,2025-09-04
887,Pune,iOS,Returning,2025-04-17
888,Mumbai,Android,New,2025-12-07
889,Bangalore,Android,Returning,2025-02-15
890,Chennai,Android,Returning,2025-12-13
891,Chennai,Android,Returning,2025-06-29
892,Chennai,Android,Returning,2026-04-21
893,Chennai,Android,Returning,2026-05-06
894,Mumbai,Android,Returning,2025-07-06
895,Chennai,Android,Returning,2025-03-06
896,Delhi,Android,Returning,2026-04-14
897,Mumbai,Android,Returning,2025-10-28
898,Mumbai,Android,New,2025-02-14
899,Bangalore,Android,New,2025-02-12
900,Pune,Android,New,2025-11-14
901,Pune,iOS,Returning,2026-02-12
902,Bangalore,Android,New,2026-04-30
903,Chennai,Android,Returning,2025-02-07
904,Bangalore,Android,New,2025-07-15
905,Delhi,Android,New,2026-01-01
906,Bangalore,Android,Returning,2025-12-06
907,Bangalore,Android,New,2025-05-08
908,Hyderabad,Android,Returning,2026-03-24
909,Hyderabad,Android,Returning,2026-03-27
910,Mumbai,Android,Returning,2025-12-14
911,Chennai,Android,New,2026-05-24
912,Bangalore,Android,Returning,2026-05-25
913,Bangalore,Android,Returning,2026-06-16
914,Chennai,Android,Returning,2025-03-26
915,Delhi,Android,New,2026-03-11
916,Pune,iOS,Returning,2026-03-17
917,Pune,Android,Returning,2025-07-04
918,Bangalore,iOS,Returning,2025-10-28
919,Delhi,Android,New,2025-04-16
920,Chennai,iOS,New,2025-12-02
921,Bangalore,Android,Returning,2025-10-30
922,Pune,Android,Returning,2026-04-02
923,Mumbai,iOS,New,2026-03-13
924,Bangalore,Android,New,2026-03-31
925,Delhi,iOS,Returning,2026-04-03
926,Pune,Android,Returning,2025-12-28
927,Bangalore,iOS,Returning,2026-03-22
928,Delhi,iOS,New,2025-02-28
929,Bangalore,Android,Returning,2026-02-20
930,Chennai,iOS,Returning,2026-06-10
931,Delhi,Android,Returning,2025-06-13
932,Pune,Android,Returning,2025-05-27
933,Delhi,iOS,Returning,2026-03-25
934,Delhi,Android,New,2025-05-10
935,Chennai,Android,Returning,2025-08-30
936,Bangalore,iOS,New,2026-01-11
937,Pune,Android,Returning,2026-01-28
938,Pune,Android,Returning,2025-02-03
939,Chennai,Android,Returning,2025-06-07
940,Bangalore,Android,Returning,2026-04-06
941,Hyderabad,Android,Returning,2026-01-16
942,Pune,Android,Returning,2025-03-20
943,Pune,Android,Returning,2025-05-21
944,Hyderabad,Android,New,2026-01-11
945,Chennai,Android,Returning,2025-11-18
946,Mumbai,Android,Returning,2025-10-13
947,Delhi,iOS,New,2025-04-27
948,Hyderabad,Android,Returning,2025-07-10
949,Hyderabad,Android,New,2026-06-15
950,Bangalore,Android,Returning,2025-05-01
951,Chennai,Android,New,2025-09-24
952,Mumbai,Android,New,2026-04-02
953,Chennai,Android,New,2025-10-20
954,Mumbai,iOS,Returning,2026-05-18
955,Mumbai,Android,New,2025-05-06
956,Hyderabad,Android,Returning,2025-03-17
957,Chennai,iOS,Returning,2025-06-26
958,Delhi,Android,Returning,2026-04-01
959,Chennai,iOS,Returning,2025-11-24
960,Chennai,Android,Returning,2025-12-22
961,Pune,Android,New,2025-03-08
962,Bangalore,Android,Returning,2025-10-25
963,Chennai,Android,New,2025-06-11
964,Bangalore,Android,Returning,2025-06-28
965,Mumbai,Android,New,2026-06-05
966,Mumbai,Android,Returning,2025-05-05
967,Mumbai,Android,Returning,2025-05-23
968,Delhi,Android,Returning,2026-05-21
969,Pune,Android,Returning,2026-01-05
970,Hyderabad,Android,New,2026-01-13
971,Pune,Android,New,2025-05-13
972,Delhi,Android,Returning,2025-03-30
973,Hyderabad,Android,Returning,2025-11-13
974,Pune,Android,New,2026-05-06
975,Hyderabad,Android,Returning,2026-02-25
976,Mumbai,Android,New,2025-03-17
977,Chennai,Android,Returning,2025-11-21
978,Hyderabad,iOS,Returning,2025-03-17
979,Chennai,Android,Returning,2026-04-23
980,Bangalore,Android,Returning,2026-06-14
981,Pune,Android,Returning,2025-05-12
982,Mumbai,iOS,Returning,2025-07-06
983,Pune,Android,Returning,2026-03-20
984,Delhi,Android,Returning,2025-02-26
985,Mumbai,Android,New,2026-06-15
986,Mumbai,Android,Returning,2025-11-08
987,Bangalore,Android,Returning,2025-06-15
988,Bangalore,Android,Returning,2025-08-19
989,Bangalore,Android,Returning,2026-06-16
990,Bangalore,iOS,Returning,2025-03-22
991,Chennai,Android,Returning,2025-07-21
992,Mumbai,Android,Returning,2025-10-09
993,Pune,Android,New,2025-11-07
994,Pune,Android,Returning,2025-04-06
995,Pune,Android,Returning,2025-06-22
996,Mumbai,Android,New,2025-06-07
997,Pune,Android,New,2025-12-12
998,Delhi,Android,Returning,2025-02-12
999,Delhi,iOS,New,2025-03-25
1000,Chennai,Android,New,2025-09-29
1001,Pune,Android,New,2025-08-04
1002,Pune,iOS,New,2026-03-03
1003,Hyderabad,Android,Returning,2025-02-01
1004,Chennai,Android,Returning,2025-10-24
1005,Hyderabad,Android,Returning,2025-11-06
1006,Chennai,Android,New,2025-09-08
1007,Bangalore,iOS,New,2026-02-20
1008,Delhi,Android,Returning,2026-04-10
1009,Mumbai,Android,Returning,2025-03-03
1010,Hyderabad,Android,Returning,2026-03-27
1011,Hyderabad,iOS,Returning,2026-05-11
1012,Bangalore,iOS,New,2025-07-28
1013,Bangalore,Android,New,2025-05-28
1014,Chennai,Android,Returning,2025-11-23
1015,Hyderabad,Android,Returning,2025-12-20
1016,Bangalore,Android,Returning,2025-05-14
1017,Pune,Android,Returning,2026-06-12
1018,Bangalore,Android,New,2025-04-19
1019,Hyderabad,Android,New,2025-09-05
1020,Bangalore,Android,New,2025-05-06
1021,Mumbai,iOS,Returning,2026-04-06
1022,Delhi,Android,New,2025-05-25
1023,Bangalore,iOS,Returning,2025-02-21
1024,Pune,Android,Returning,2026-01-29
1025,Mumbai,Android,New,2026-03-05
1026,Bangalore,Android,Returning,2025-06-13
1027,Mumbai,Android,Returning,2025-11-17
1028,Hyderabad,iOS,Returning,2025-06-13
1029,Hyderabad,Android,Returning,2026-06-12
1030,Bangalore,Android,Returning,2026-05-26
1031,Delhi,Android,Returning,2026-05-25
1032,Hyderabad,iOS,Returning,2025-04-03
1033,Hyderabad,Android,Returning,2026-06-02
1034,Mumbai,Android,New,2025-09-04
1035,Delhi,Android,New,2025-12-28
1036,Bangalore,Android,Returning,2025-02-21
1037,Pune,Android,Returning,2026-05-22
1038,Bangalore,iOS,Returning,2026-04-27
1039,Delhi,Android,Returning,2025-01-09
1040,Mumbai,iOS,Returning,2026-03-18
1041,Chennai,Android,New,2025-09-28
1042,Hyderabad,Android,Returning,2026-01-10
1043,Delhi,Android,Returning,2026-01-10
1044,Delhi,Android,Returning,2026-02-15
1045,Bangalore,iOS,Returning,2025-07-19
1046,Delhi,Android,Returning,2025-10-23
1047,Pune,Android,Returning,2026-01-31
1048,Pune,Android,Returning,2026-04-07
1049,Pune,Android,Returning,2025-10-14
1050,Mumbai,Android,Returning,2025-05-02
1051,Hyderabad,iOS,Returning,2025-04-10
1052,Bangalore,Android,Returning,2026-01-18
1053,Mumbai,Android,New,2026-01-10
1054,Pune,iOS,Returning,2025-07-23
1055,Hyderabad,Android,Returning,2026-06-06
1056,Delhi,Android,New,2026-05-28
1057,Delhi,Android,Returning,2025-02-16
1058,Chennai,Android,New,2025-05-21
1059,Hyderabad,Android,Returning,2025-12-08
1060,Hyderabad,Android,Returning,2026-06-16
1061,Pune,iOS,Returning,2025-06-02
1062,Mumbai,iOS,Returning,2026-06-12
1063,Pune,iOS,Returning,2025-12-02
1064,Mumbai,Android,New,2025-11-23
1065,Pune,iOS,Returning,2026-02-07
1066,Pune,Android,New,2025-11-03
1067,Pune,Android,Returning,2025-12-11
1068,Pune,Android,Returning,2026-06-06
1069,Chennai,Android,Returning,2026-05-17
1070,Hyderabad,Android,Returning,2025-11-03
1071,Bangalore,iOS,Returning,2025-01-18
1072,Chennai,Android,New,2025-12-06
1073,Hyderabad,Android,Returning,2025-04-23
1074,Chennai,Android,Returning,2025-11-12
1075,Pune,Android,Returning,2025-01-28
1076,Bangalore,Android,New,2026-05-01
1077,Chennai,Android,Returning,2025-08-22
1078,Pune,Android,New,2025-02-22
1079,Mumbai,Android,New,2026-05-07
1080,Chennai,Android,Returning,2026-06-21
1081,Mumbai,Android,Returning,2026-01-25
1082,Delhi,Android,Returning,2025-09-06
1083,Mumbai,Android,Returning,2025-04-23
1084,Hyderabad,Android,New,2025-01-20
1085,Hyderabad,Android,New,2025-11-18
1086,Hyderabad,Android,New,2025-06-05
1087,Hyderabad,Android,Returning,2025-07-28
1088,Pune,Android,Returning,2026-05-29
1089,Chennai,Android,Returning,2026-04-28
1090,Chennai,Android,Returning,2025-03-05
1091,Pune,Android,New,2025-05-22
1092,Pune,Android,New,2025-08-01
1093,Chennai,Android,Returning,2025-11-29
1094,Pune,iOS,Returning,2026-05-05
1095,Bangalore,Android,Returning,2026-01-21
1096,Hyderabad,Android,Returning,2025-06-27
1097,Pune,Android,Returning,2025-12-17
1098,Chennai,Android,Returning,2025-12-29
1099,Pune,Android,Returning,2025-09-28
1100,Mumbai,Android,Returning,2026-05-11
1101,Bangalore,iOS,New,2025-09-10
1102,Mumbai,Android,New,2025-11-02
1103,Bangalore,Android,Returning,2025-11-01
1104,Chennai,Android,Returning,2025-08-01
1105,Bangalore,Android,Returning,2026-05-16
1106,Bangalore,Android,Returning,2026-05-07
1107,Bangalore,Android,Returning,2025-10-08
1108,Pune,Android,New,2025-05-05
1109,Hyderabad,iOS,New,2026-01-24
1110,Mumbai,iOS,New,2025-12-20
1111,Delhi,Android,Returning,2025-10-25
1112,Chennai,Android,New,2025-10-22
1113,Bangalore,Android,Returning,2025-03-22
1114,Chennai,Android,Returning,2026-03-29
1115,Chennai,Android,New,2025-09-20
1116,Mumbai,Android,New,2026-05-06
1117,Pune,iOS,Returning,2025-07-26
1118,Pune,Android,Returning,2025-10-05
1119,Mumbai,iOS,New,2025-10-06
1120,Pune,Android,New,2025-04-22
1121,Mumbai,Android,New,2025-09-03
1122,Chennai,Android,Returning,2025-02-21
1123,Chennai,iOS,Returning,2025-08-20
1124,Delhi,Android,Returning,2025-08-27
1125,Hyderabad,Android,New,2025-04-13
1126,Chennai,Android,Returning,2025-12-05
1127,Delhi,Android,Returning,2026-04-29
1128,Delhi,iOS,Returning,2025-05-21
1129,Hyderabad,Android,Returning,2025-06-11
1130,Hyderabad,Android,Returning,2026-05-03
1131,Bangalore,Android,Returning,2025-07-24
1132,Bangalore,iOS,Returning,2025-11-25
1133,Delhi,Android,Returning,2025-03-02
1134,Pune,Android,Returning,2025-08-26
1135,Mumbai,Android,Returning,2025-02-08
1136,Mumbai,Android,Returning,2026-03-04
1137,Hyderabad,Android,Returning,2025-02-07
1138,Mumbai,iOS,Returning,2026-05-23
1139,Delhi,Android,Returning,2025-10-24
1140,Bangalore,Android,New,2025-01-10
1141,Bangalore,Android,Returning,2025-04-20
1142,Hyderabad,Android,New,2025-10-19
1143,Hyderabad,Android,New,2026-06-21
1144,Pune,iOS,New,2025-05-18
1145,Bangalore,Android,New,2026-04-25
1146,Delhi,Android,New,2025-07-17
1147,Mumbai,Android,Returning,2025-12-05
1148,Chennai,Android,New,2026-04-15
1149,Chennai,Android,New,2025-09-21
1150,Delhi,Android,New,2025-07-10
1151,Bangalore,iOS,Returning,2025-12-12
1152,Mumbai,Android,New,2025-07-17
1153,Hyderabad,iOS,Returning,2026-02-20
1154,Bangalore,Android,Returning,2026-06-12
1155,Hyderabad,Android,New,2025-03-30
1156,Mumbai,Android,Returning,2025-04-08
1157,Hyderabad,Android,Returning,2025-05-24
1158,Mumbai,iOS,New,2025-11-28
1159,Bangalore,Android,Returning,2025-01-07
1160,Mumbai,Android,Returning,2026-01-28
1161,Bangalore,iOS,Returning,2026-04-03
1162,Bangalore,Android,New,2025-12-04
1163,Bangalore,iOS,Returning,2025-01-12
1164,Chennai,iOS,New,2026-01-04
1165,Delhi,Android,New,2025-08-30
1166,Hyderabad,Android,New,2025-05-02
1167,Mumbai,Android,Returning,2025-11-11
1168,Chennai,Android,Returning,2026-02-20
1169,Chennai,Android,Returning,2026-05-30
1170,Chennai,Android,Returning,2025-11-15
1171,Chennai,Android,New,2025-05-01
1172,Bangalore,Android,Returning,2025-10-30
1173,Mumbai,iOS,Returning,2025-08-15
1174,Hyderabad,Android,Returning,2025-05-17
1175,Hyderabad,Android,New,2025-06-06
1176,Hyderabad,Android,Returning,2026-01-18
1177,Pune,Android,Returning,2026-04-28
1178,Mumbai,Android,New,2025-08-12
1179,Pune,iOS,New,2025-03-25
1180,Pune,Android,New,2026-04-03
1181,Delhi,Android,Returning,2026-01-06
1182,Delhi,Android,Returning,2025-04-25
1183,Mumbai,Android,New,2026-06-02
1184,Mumbai,Android,Returning,2025-06-03
1185,Pune,Android,Returning,2025-12-02
1186,Delhi,Android,Returning,2026-03-29
1187,Chennai,Android,Returning,2025-07-30
1188,Delhi,Android,New,2026-05-16
1189,Hyderabad,Android,Returning,2026-06-07
1190,Hyderabad,Android,Returning,2025-02-26
1191,Pune,iOS,Returning,2025-05-16
1192,Hyderabad,iOS,Returning,2026-03-02
1193,Pune,Android,Returning,2025-03-01
1194,Chennai,Android,Returning,2026-04-19
1195,Chennai,Android,Returning,2025-11-12
1196,Hyderabad,Android,New,2025-01-23
1197,Delhi,Android,New,2025-09-18
1198,Pune,iOS,New,2025-08-12
1199,Delhi,Android,New,2025-03-16
1200,Bangalore,Android,Returning,2026-03-10
1201,Pune,Android,New,2025-03-07
1202,Delhi,Android,New,2025-03-03
1203,Delhi,Android,Returning,2026-04-29
1204,Hyderabad,Android,New,2025-10-21
1205,Mumbai,iOS,Returning,2025-07-04
1206,Bangalore,Android,New,2026-03-07
1207,Hyderabad,Android,New,2026-01-27
1208,Hyderabad,Android,Returning,2026-01-22
1209,Chennai,Android,New,2025-03-24
1210,Chennai,Android,Returning,2025-05-17
1211,Delhi,Android,New,2025-12-23
1212,Pune,Android,Returning,2025-07-02
1213,Pune,Android,Returning,2026-02-07
1214,Chennai,Android,Returning,2025-05-11
1215,Delhi,Android,Returning,2025-08-17
1216,Bangalore,Android,Returning,2025-01-24
1217,Chennai,iOS,New,2026-04-20
1218,Pune,iOS,Returning,2026-03-11
1219,Mumbai,Android,New,2026-01-24
1220,Hyderabad,Android,New,2025-09-11
1221,Mumbai,Android,Returning,2025-12-21
1222,Mumbai,Android,Returning,2025-10-10
1223,Delhi,Android,New,2025-04-26
1224,Pune,Android,New,2026-03-06
1225,Mumbai,Android,New,2025-01-17
1226,Delhi,Android,Returning,2025-07-31
1227,Pune,Android,New,2025-04-14
1228,Hyderabad,Android,New,2025-02-04
1229,Mumbai,Android,Returning,2025-02-19
1230,Hyderabad,Android,Returning,2025-02-15
1231,Mumbai,iOS,Returning,2026-03-26
1232,Delhi,Android,Returning,2025-08-11
1233,Pune,Android,New,2025-05-24
1234,Mumbai,Android,New,2025-10-24
1235,Pune,Android,Returning,2025-11-23
1236,Mumbai,Android,Returning,2025-11-25
1237,Mumbai,iOS,Returning,2025-11-06
1238,Mumbai,Android,Returning,2026-06-18
1239,Bangalore,Android,Returning,2026-02-28
1240,Delhi,Android,Returning,2025-10-09
1241,Chennai,Android,Returning,2025-06-29
1242,Pune,iOS,New,2026-03-14
1243,Delhi,Android,Returning,2026-05-23
1244,Chennai,Android,Returning,2025-12-19
1245,Pune,Android,Returning,2026-01-26
1246,Chennai,Android,New,2025-11-23
1247,Hyderabad,Android,Returning,2026-03-03
1248,Bangalore,Android,Returning,2025-06-02
1249,Mumbai,Android,Returning,2026-01-21
1250,Mumbai,iOS,Returning,2026-04-30
1251,Bangalore,iOS,Returning,2025-08-19
1252,Hyderabad,Android,Returning,2025-05-28
1253,Pune,Android,New,2025-03-01
1254,Hyderabad,iOS,Returning,2026-02-27
1255,Hyderabad,iOS,Returning,2025-05-18
1256,Bangalore,Android,Returning,2025-09-06
1257,Bangalore,Android,Returning,2025-07-28
1258,Hyderabad,Android,Returning,2025-03-22
1259,Delhi,Android,Returning,2026-01-15
1260,Delhi,Android,Returning,2025-07-15
1261,Hyderabad,Android,New,2025-10-02
1262,Delhi,Android,Returning,2025-02-10
1263,Pune,iOS,New,2025-07-12
1264,Hyderabad,Android,Returning,2025-08-11
1265,Bangalore,Android,Returning,2025-08-02
1266,Delhi,Android,Returning,2025-11-07
1267,Mumbai,Android,New,2025-08-05
1268,Chennai,Android,Returning,2025-05-01
1269,Mumbai,Android,New,2026-05-06
1270,Hyderabad,Android,Returning,2025-07-29
1271,Pune,Android,Returning,2025-09-03
1272,Bangalore,iOS,Returning,2025-11-26
1273,Hyderabad,Android,Returning,2026-01-25
1274,Bangalore,Android,Returning,2026-01-03
1275,Bangalore,Android,New,2025-09-25
1276,Hyderabad,Android,New,2026-06-10
1277,Delhi,iOS,Returning,2026-04-23
1278,Bangalore,Android,Returning,2026-04-26
1279,Bangalore,Android,New,2025-07-28
1280,Hyderabad,Android,Returning,2025-11-17
1281,Pune,Android,Returning,2025-02-16
1282,Chennai,Android,New,2025-08-15
1283,Delhi,Android,New,2025-05-30
1284,Pune,Android,New,2025-09-25
1285,Bangalore,iOS,Returning,2026-03-04
1286,Mumbai,Android,Returning,2025-06-06
1287,Mumbai,Android,Returning,2025-12-04
1288,Pune,Android,Returning,2026-01-24
1289,Hyderabad,iOS,Returning,2025-09-09
1290,Bangalore,Android,Returning,2025-12-12
1291,Chennai,Android,Returning,2026-05-16
1292,Hyderabad,Android,Returning,2026-05-18
1293,Chennai,Android,Returning,2025-06-22
1294,Mumbai,Android,Returning,2025-12-27
1295,Chennai,Android,Returning,2025-05-24
1296,Mumbai,iOS,Returning,2026-05-16
1297,Pune,Android,Returning,2025-03-02
1298,Delhi,Android,Returning,2025-02-04
1299,Delhi,Android,Returning,2025-02-19
1300,Mumbai,Android,New,2026-02-27
1301,Delhi,Android,New,2025-08-25
1302,Delhi,Android,New,2025-06-04
1303,Pune,Android,Returning,2025-08-12
1304,Bangalore,Android,New,2026-04-12
1305,Pune,Android,New,2025-03-03
1306,Chennai,iOS,New,2026-05-10
1307,Delhi,Android,Returning,2026-05-15
1308,Pune,Android,New,2025-01-07
1309,Delhi,Android,New,2026-02-26
1310,Pune,iOS,New,2025-01-18
1311,Pune,Android,Returning,2025-10-09
1312,Delhi,Android,Returning,2025-10-21
1313,Chennai,Android,Returning,2026-05-30
1314,Mumbai,Android,Returning,2026-03-17
1315,Delhi,Android,Returning,2025-04-20
1316,Mumbai,Android,Returning,2026-06-21
1317,Mumbai,Android,New,2025-09-04
1318,Bangalore,Android,Returning,2026-06-24
1319,Bangalore,iOS,Returning,2025-12-29
1320,Delhi,iOS,Returning,2026-02-11
1321,Hyderabad,Android,New,2026-01-18
1322,Pune,Android,Returning,2026-04-16
1323,Chennai,Android,Returning,2025-09-07
1324,Bangalore,iOS,Returning,2025-08-20
1325,Chennai,Android,Returning,2025-03-24
1326,Delhi,Android,Returning,2025-02-02
1327,Hyderabad,Android,New,2026-02-20
1328,Pune,Android,Returning,2026-01-22
1329,Delhi,iOS,Returning,2026-05-03
1330,Chennai,Android,Returning,2025-01-10
1331,Delhi,Android,Returning,2025-06-25
1332,Hyderabad,Android,Returning,2026-05-27
1333,Pune,Android,New,2025-12-06
1334,Pune,Android,Returning,2025-04-08
1335,Mumbai,Android,New,2025-02-13
1336,Chennai,Android,Returning,2025-08-05
1337,Bangalore,Android,New,2026-05-02
1338,Delhi,iOS,New,2025-02-17
1339,Pune,Android,New,2025-10-15
1340,Mumbai,Android,Returning,2025-02-03
1341,Delhi,Android,Returning,2025-11-19
1342,Pune,Android,Returning,2025-08-01
1343,Chennai,Android,New,2025-05-28
1344,Delhi,Android,Returning,2026-02-12
1345,Mumbai,Android,Returning,2025-11-03
1346,Pune,Android,Returning,2025-09-04
1347,Chennai,Android,Returning,2026-02-03
1348,Hyderabad,iOS,Returning,2025-12-06
1349,Chennai,Android,New,2025-05-24
1350,Pune,Android,Returning,2025-03-22
1351,Delhi,Android,Returning,2025-12-21
1352,Hyderabad,Android,New,2025-04-11
1353,Delhi,Android,Returning,2025-08-26
1354,Pune,Android,New,2025-12-15
1355,Bangalore,Android,New,2026-02-11
1356,Chennai,Android,Returning,2025-01-31
1357,Hyderabad,Android,Returning,2025-10-07
1358,Mumbai,Android,New,2026-05-18
1359,Pune,Android,Returning,2025-12-31
1360,Hyderabad,iOS,New,2026-01-20
1361,Chennai,iOS,Returning,2025-07-10
1362,Delhi,Android,Returning,2026-01-25
1363,Mumbai,Android,New,2025-10-30
1364,Delhi,Android,New,2025-03-17
1365,Mumbai,Android,Returning,2025-10-02
1366,Chennai,Android,Returning,2026-01-25
1367,Chennai,Android,Returning,2025-06-07
1368,Bangalore,iOS,Returning,2026-02-03
1369,Delhi,iOS,Returning,2026-01-05
1370,Delhi,iOS,New,2025-04-04
1371,Hyderabad,Android,New,2025-11-12
1372,Bangalore,Android,New,2026-01-04
1373,Mumbai,Android,Returning,2025-04-15
1374,Mumbai,Android,New,2025-03-31
1375,Hyderabad,iOS,Returning,2026-03-18
1376,Hyderabad,Android,Returning,2026-06-09
1377,Delhi,Android,New,2025-04-16
1378,Bangalore,iOS,New,2025-04-02
1379,Pune,Android,Returning,2025-04-06
1380,Hyderabad,Android,New,2025-11-29
1381,Bangalore,Android,New,2025-01-13
1382,Hyderabad,Android,Returning,2026-02-28
1383,Chennai,Android,Returning,2025-03-28
1384,Pune,Android,New,2025-09-06
1385,Mumbai,Android,Returning,2026-06-18
1386,Mumbai,Android,New,2026-01-25
1387,Bangalore,iOS,Returning,2025-05-23
1388,Bangalore,Android,Returning,2025-11-05
1389,Mumbai,Android,New,2026-05-20
1390,Mumbai,Android,New,2025-03-06
1391,Bangalore,Android,Returning,2026-03-22
1392,Bangalore,iOS,Returning,2026-03-08
1393,Delhi,iOS,New,2026-05-11
1394,Bangalore,iOS,New,2026-01-05
1395,Chennai,iOS,Returning,2025-09-10
1396,Pune,Android,Returning,2026-05-23
1397,Hyderabad,Android,New,2025-07-20
1398,Mumbai,Android,Returning,2025-04-20
1399,Delhi,Android,Returning,2025-11-08
1400,Bangalore,iOS,New,2026-02-10
1401,Bangalore,Android,Returning,2026-01-25
1402,Bangalore,iOS,Returning,2026-03-27
1403,Chennai,Android,Returning,2026-03-17
1404,Bangalore,Android,New,2025-05-20
1405,Pune,Android,Returning,2025-11-25
1406,Hyderabad,Android,Returning,2025-07-25
1407,Mumbai,Android,New,2025-11-18
1408,Bangalore,Android,Returning,2026-02-12
1409,Chennai,Android,New,2025-10-26
1410,Pune,Android,Returning,2026-05-18
1411,Bangalore,iOS,New,2025-09-06
1412,Bangalore,Android,New,2026-01-21
1413,Bangalore,Android,Returning,2026-02-07
1414,Pune,Android,New,2025-04-27
1415,Pune,Android,New,2025-07-24
1416,Chennai,Android,Returning,2025-07-04
1417,Chennai,Android,New,2025-01-28
1418,Chennai,Android,Returning,2026-04-18
1419,Hyderabad,iOS,New,2025-08-03
1420,Chennai,Android,Returning,2025-10-26
1421,Hyderabad,Android,Returning,2025-03-12
1422,Mumbai,iOS,Returning,2026-05-27
1423,Mumbai,Android,Returning,2025-11-07
1424,Chennai,Android,New,2025-09-16
1425,Chennai,Android,Returning,2025-06-07
1426,Hyderabad,Android,New,2026-03-10
1427,Hyderabad,Android,Returning,2025-03-17
1428,Pune,Android,Returning,2026-05-06
1429,Pune,Android,New,2026-02-15
1430,Chennai,Android,New,2026-06-03
1431,Pune,iOS,New,2026-03-05
1432,Bangalore,iOS,Returning,2025-02-07
1433,Delhi,Android,Returning,2025-03-29
1434,Chennai,Android,Returning,2025-09-12
1435,Mumbai,Android,Returning,2025-12-30
1436,Pune,iOS,Returning,2025-02-15
1437,Bangalore,iOS,Returning,2026-02-14
1438,Delhi,Android,Returning,2026-03-17
1439,Delhi,Android,New,2025-01-11
1440,Mumbai,Android,New,2025-09-22
1441,Chennai,Android,Returning,2026-06-07
1442,Pune,Android,New,2026-06-16
1443,Hyderabad,Android,Returning,2025-08-15
1444,Hyderabad,Android,Returning,2026-01-19
1445,Chennai,iOS,Returning,2026-04-20
1446,Mumbai,Android,Returning,2026-05-28
1447,Delhi,Android,Returning,2025-12-20
1448,Delhi,Android,Returning,2026-05-10
1449,Hyderabad,Android,New,2025-10-30
1450,Delhi,Android,New,2025-03-29
1451,Bangalore,Android,Returning,2025-05-26
1452,Bangalore,Android,Returning,2025-11-16
1453,Mumbai,Android,New,2026-04-12
1454,Hyderabad,iOS,New,2026-06-18
1455,Hyderabad,Android,New,2025-12-23
1456,Hyderabad,Android,New,2025-04-10
1457,Bangalore,Android,Returning,2026-04-09
1458,Bangalore,Android,Returning,2025-03-10
1459,Chennai,Android,Returning,2025-02-15
1460,Delhi,Android,New,2025-04-28
1461,Chennai,Android,Returning,2025-12-18
1462,Chennai,iOS,New,2025-04-22
1463,Chennai,Android,Returning,2025-06-18
1464,Pune,iOS,Returning,2025-09-07
1465,Pune,Android,Returning,2025-06-28
1466,Bangalore,Android,Returning,2025-06-13
1467,Hyderabad,Android,Returning,2026-03-13
1468,Hyderabad,Android,New,2025-08-26
1469,Mumbai,Android,Returning,2025-07-08
1470,Hyderabad,iOS,New,2026-03-19
1471,Chennai,Android,Returning,2025-01-30
1472,Hyderabad,Android,Returning,2025-07-22
1473,Hyderabad,Android,New,2026-03-16
1474,Chennai,Android,Returning,2025-01-05
1475,Mumbai,Android,Returning,2025-08-08
1476,Chennai,iOS,Returning,2025-10-13
1477,Pune,Android,Returning,2025-03-06
1478,Pune,iOS,Returning,2025-04-15
1479,Bangalore,Android,Returning,2025-07-11
1480,Mumbai,Android,Returning,2025-11-30
1481,Delhi,Android,New,2026-04-14
1482,Chennai,Android,Returning,2025-09-26
1483,Pune,iOS,Returning,2026-05-17
1484,Pune,Android,Returning,2025-11-17
1485,Pune,iOS,Returning,2026-02-02
1486,Pune,Android,New,2026-02-06
1487,Bangalore,Android,Returning,2025-04-27
1488,Hyderabad,Android,New,2025-12-27
1489,Chennai,iOS,New,2025-06-26
1490,Pune,Android,Returning,2025-11-01
1491,Chennai,Android,New,2025-03-28
1492,Bangalore,Android,Returning,2025-05-18
1493,Mumbai,Android,Returning,2025-05-01
1494,Delhi,Android,Returning,2025-11-09
1495,Bangalore,Android,Returning,2025-07-07
1496,Pune,Android,Returning,2025-05-25
1497,Hyderabad,Android,Returning,2026-02-02
1498,Pune,Android,Returning,2025-05-22
1499,Hyderabad,Android,New,2026-01-28
1500,Hyderabad,Android,Returning,2025-07-10
1501,Pune,Android,Returning,2025-06-27
1502,Hyderabad,Android,Returning,2025-06-20
1503,Mumbai,Android,Returning,2025-10-23
1504,Bangalore,iOS,New,2025-07-11
1505,Pune,Android,New,2026-04-07
1506,Bangalore,Android,New,2025-02-24
1507,Hyderabad,Android,Returning,2025-01-10
1508,Mumbai,Android,New,2025-05-20
1509,Pune,Android,Returning,2026-01-29
1510,Chennai,Android,Returning,2026-06-02
1511,Hyderabad,Android,Returning,2026-05-22
1512,Hyderabad,Android,New,2026-05-19
1513,Hyderabad,Android,Returning,2026-03-31
1514,Delhi,iOS,Returning,2025-06-21
1515,Mumbai,Android,Returning,2025-02-01
1516,Delhi,Android,Returning,2025-10-27
1517,Mumbai,Android,New,2025-10-09
1518,Mumbai,Android,New,2025-10-23
1519,Pune,Android,Returning,2026-04-14
1520,Pune,Android,Returning,2026-05-23
1521,Delhi,Android,Returning,2026-06-08
1522,Bangalore,Android,Returning,2025-04-27
1523,Pune,Android,Returning,2026-01-11
1524,Chennai,Android,New,2025-02-12
1525,Pune,Android,New,2026-03-28
1526,Hyderabad,Android,Returning,2025-08-12
1527,Chennai,Android,New,2025-04-15
1528,Bangalore,Android,Returning,2025-09-11
1529,Hyderabad,Android,New,2025-02-03
1530,Bangalore,Android,Returning,2025-09-27
1531,Hyderabad,Android,New,2025-03-31
1532,Mumbai,Android,Returning,2025-05-01
1533,Chennai,Android,New,2025-08-03
1534,Chennai,Android,Returning,2025-12-26
1535,Mumbai,Android,Returning,2026-03-15
1536,Mumbai,Android,Returning,2025-05-23
1537,Delhi,Android,New,2025-07-31
1538,Pune,Android,Returning,2025-12-26
1539,Pune,iOS,New,2025-10-15
1540,Bangalore,Android,Returning,2025-06-22
1541,Bangalore,Android,Returning,2025-10-27
1542,Pune,Android,Returning,2025-10-01
1543,Mumbai,Android,Returning,2025-04-08
1544,Delhi,Android,New,2026-02-26
1545,Chennai,Android,New,2025-10-11
1546,Chennai,Android,Returning,2025-05-10
1547,Mumbai,Android,Returning,2025-05-16
1548,Chennai,Android,Returning,2025-05-30
1549,Mumbai,iOS,New,2025-11-26
1550,Hyderabad,Android,Returning,2026-02-07
1551,Pune,Android,Returning,2025-05-26
1552,Chennai,iOS,Returning,2025-10-03
1553,Hyderabad,Android,Returning,2026-03-01
1554,Delhi,Android,New,2026-04-08
1555,Hyderabad,Android,Returning,2025-04-06
1556,Chennai,Android,New,2026-06-12
1557,Chennai,Android,New,2025-10-12
1558,Hyderabad,Android,Returning,2026-01-13
1559,Bangalore,Android,New,2026-05-15
1560,Chennai,Android,New,2025-01-03
1561,Chennai,Android,New,2025-04-06
1562,Chennai,Android,Returning,2026-04-15
1563,Delhi,Android,Returning,2026-01-02
1564,Mumbai,Android,New,2026-02-12
1565,Mumbai,iOS,Returning,2026-03-16
1566,Bangalore,iOS,Returning,2026-05-22
1567,Bangalore,iOS,Returning,2025-11-27
1568,Pune,Android,Returning,2025-12-12
1569,Pune,Android,Returning,2025-05-14
1570,Bangalore,Android,New,2026-05-12
1571,Delhi,Android,Returning,2025-02-19
1572,Chennai,Android,Returning,2025-04-12
1573,Delhi,Android,Returning,2026-04-16
1574,Mumbai,iOS,Returning,2025-05-08
1575,Hyderabad,Android,Returning,2026-03-28
1576,Hyderabad,Android,New,2025-01-01
1577,Chennai,Android,Returning,2025-07-27
1578,Chennai,Android,Returning,2025-05-16
1579,Mumbai,iOS,New,2025-11-06
1580,Delhi,iOS,New,2025-10-08
1581,Bangalore,Android,New,2026-01-05
1582,Bangalore,Android,Returning,2025-03-26
1583,Delhi,Android,Returning,2025-06-19
1584,Chennai,iOS,New,2026-02-10
1585,Chennai,Android,Returning,2025-11-09
1586,Hyderabad,Android,New,2025-08-28
1587,Chennai,Android,New,2025-04-04
1588,Delhi,Android,New,2025-04-08
1589,Hyderabad,Android,Returning,2025-08-07
1590,Mumbai,iOS,Returning,2025-03-21
1591,Pune,Android,New,2025-08-20
1592,Delhi,Android,New,2026-04-01
1593,Chennai,Android,Returning,2025-01-09
1594,Delhi,Android,Returning,2025-12-18
1595,Chennai,iOS,Returning,2026-03-09
1596,Hyderabad,Android,Returning,2025-05-16
1597,Mumbai,iOS,New,2025-03-14
1598,Delhi,Android,Returning,2026-01-28
1599,Delhi,iOS,Returning,2025-04-15
1600,Bangalore,Android,Returning,2025-11-17
1601,Mumbai,Android,Returning,2025-11-03
1602,Mumbai,Android,Returning,2026-01-27
1603,Delhi,Android,Returning,2025-05-27
1604,Pune,iOS,Returning,2025-01-09
1605,Hyderabad,Android,Returning,2025-06-18
1606,Chennai,Android,Returning,2025-12-26
1607,Chennai,Android,Returning,2025-08-07
1608,Hyderabad,Android,New,2025-06-05
1609,Mumbai,Android,New,2026-03-30
1610,Delhi,Android,Returning,2025-03-30
1611,Delhi,Android,New,2025-05-24
1612,Bangalore,Android,New,2026-01-29
1613,Bangalore,Android,Returning,2026-03-16
1614,Mumbai,Android,Returning,2025-05-24
1615,Chennai,Android,New,2025-10-11
1616,Mumbai,Android,Returning,2025-03-28
1617,Chennai,Android,New,2025-10-19
1618,Chennai,Android,New,2025-01-28
1619,Mumbai,Android,Returning,2025-11-05
1620,Pune,Android,Returning,2026-06-15
1621,Mumbai,Android,Returning,2026-06-06
1622,Bangalore,Android,Returning,2026-02-06
1623,Mumbai,Android,New,2025-02-25
1624,Hyderabad,Android,Returning,2026-05-22
1625,Mumbai,iOS,Returning,2025-04-26
1626,Chennai,Android,New,2026-05-27
1627,Pune,Android,New,2025-03-14
1628,Bangalore,Android,New,2025-01-13
1629,Mumbai,Android,New,2025-11-21
1630,Pune,Android,Returning,2026-02-01
1631,Bangalore,Android,Returning,2026-03-07
1632,Hyderabad,Android,New,2025-06-26
1633,Delhi,Android,New,2025-03-16
1634,Delhi,Android,Returning,2025-03-11
1635,Mumbai,Android,Returning,2025-09-26
1636,Delhi,Android,New,2025-02-10
1637,Pune,Android,Returning,2026-02-12
1638,Chennai,iOS,Returning,2025-10-21
1639,Hyderabad,iOS,Returning,2026-05-29
1640,Chennai,Android,Returning,2026-03-10
1641,Delhi,Android,New,2026-02-16
1642,Bangalore,iOS,Returning,2025-06-06
1643,Bangalore,Android,New,2025-03-27
1644,Pune,Android,Returning,2025-03-22
1645,Mumbai,iOS,New,2025-07-28
1646,Hyderabad,Android,Returning,2025-12-01
1647,Bangalore,Android,Returning,2025-03-09
1648,Chennai,iOS,New,2026-03-24
1649,Delhi,Android,New,2025-09-02
1650,Delhi,Android,Returning,2025-09-08
1651,Delhi,Android,Returning,2026-03-21
1652,Pune,Android,New,2026-04-10
1653,Bangalore,Android,Returning,2025-02-26
1654,Delhi,Android,New,2025-06-29
1655,Chennai,Android,Returning,2025-01-13
1656,Chennai,Android,Returning,2025-05-21
1657,Mumbai,Android,New,2025-01-12
1658,Bangalore,Android,Returning,2026-05-24
1659,Pune,Android,New,2026-06-20
1660,Mumbai,iOS,Returning,2025-09-23
1661,Mumbai,Android,New,2026-01-16
1662,Chennai,Android,Returning,2025-10-03
1663,Delhi,Android,Returning,2025-05-01
1664,Hyderabad,iOS,Returning,2025-12-10
1665,Pune,Android,Returning,2025-10-06
1666,Bangalore,Android,Returning,2025-03-07
1667,Hyderabad,Android,New,2025-03-20
1668,Pune,iOS,Returning,2026-04-12
1669,Delhi,iOS,Returning,2026-01-04
1670,Pune,Android,Returning,2026-05-27
1671,Bangalore,iOS,Returning,2025-06-20
1672,Bangalore,Android,New,2025-06-11
1673,Pune,Android,Returning,2025-04-16
1674,Mumbai,Android,New,2025-04-29
1675,Delhi,Android,New,2026-06-06
1676,Delhi,Android,Returning,2025-02-15
1677,Delhi,iOS,Returning,2025-09-08
1678,Bangalore,Android,New,2026-04-29
1679,Mumbai,Android,Returning,2026-01-28
1680,Delhi,iOS,Returning,2025-07-03
1681,Mumbai,Android,New,2026-03-06
1682,Mumbai,Android,New,2025-11-26
1683,Chennai,iOS,Returning,2026-03-03
1684,Bangalore,Android,New,2025-11-24
1685,Pune,Android,Returning,2025-03-21
1686,Delhi,Android,Returning,2026-01-17
1687,Chennai,Android,Returning,2026-05-30
1688,Mumbai,iOS,Returning,2025-02-23
1689,Pune,Android,New,2025-08-17
1690,Hyderabad,Android,Returning,2025-02-17
1691,Hyderabad,Android,Returning,2025-03-12
1692,Bangalore,Android,New,2025-10-17
1693,Delhi,Android,Returning,2025-12-02
1694,Delhi,Android,Returning,2026-04-13
1695,Mumbai,Android,Returning,2026-01-13
1696,Pune,Android,Returning,2025-10-26
1697,Chennai,iOS,New,2025-11-08
1698,Hyderabad,iOS,Returning,2025-09-06
1699,Pune,iOS,Returning,2026-01-13
1700,Mumbai,Android,Returning,2026-05-21
1701,Mumbai,Android,New,2025-09-09
1702,Hyderabad,iOS,New,2025-01-07
1703,Mumbai,Android,Returning,2025-01-25
1704,Chennai,iOS,Returning,2025-12-21
1705,Bangalore,Android,New,2025-01-10
1706,Chennai,Android,New,2025-01-02
1707,Chennai,Android,Returning,2026-01-21
1708,Delhi,Android,Returning,2025-11-11
1709,Pune,Android,Returning,2025-07-30
1710,Hyderabad,Android,New,2025-09-01
1711,Delhi,Android,Returning,2026-05-19
1712,Chennai,Android,New,2025-05-26
1713,Delhi,iOS,Returning,2025-10-14
1714,Mumbai,Android,Returning,2025-02-14
1715,Hyderabad,iOS,Returning,2026-06-17
1716,Hyderabad,Android,Returning,2026-01-17
1717,Pune,Android,Returning,2025-03-28
1718,Pune,Android,Returning,2025-04-08
1719,Chennai,Android,Returning,2025-05-17
1720,Delhi,iOS,Returning,2026-02-08
1721,Hyderabad,Android,Returning,2025-03-05
1722,Mumbai,Android,Returning,2025-05-14
1723,Bangalore,iOS,Returning,2025-10-26
1724,Hyderabad,iOS,Returning,2025-11-19
1725,Bangalore,Android,New,2025-12-01
1726,Bangalore,Android,Returning,2026-04-09
1727,Delhi,Android,Returning,2025-08-28
1728,Mumbai,iOS,New,2025-07-27
1729,Mumbai,Android,Returning,2025-04-22
1730,Mumbai,Android,Returning,2025-04-19
1731,Hyderabad,Android,New,2026-04-06
1732,Hyderabad,Android,Returning,2025-11-18
1733,Pune,Android,Returning,2025-05-04
1734,Mumbai,Android,Returning,2026-01-02
1735,Bangalore,iOS,New,2026-04-08
1736,Bangalore,Android,Returning,2026-04-20
1737,Delhi,Android,Returning,2025-05-03
1738,Chennai,iOS,Returning,2025-06-11
1739,Chennai,iOS,Returning,2025-11-08
1740,Mumbai,Android,Returning,2025-02-11
1741,Mumbai,Android,Returning,2025-12-02
1742,Chennai,Android,Returning,2025-04-04
1743,Bangalore,Android,Returning,2025-09-12
1744,Pune,Android,New,2026-02-10
1745,Chennai,Android,Returning,2025-02-20
1746,Bangalore,Android,Returning,2025-11-03
1747,Delhi,iOS,Returning,2025-06-28
1748,Hyderabad,Android,New,2026-02-19
1749,Delhi,iOS,Returning,2025-09-13
1750,Delhi,Android,Returning,2026-04-19
1751,Delhi,Android,Returning,2025-05-24
1752,Delhi,iOS,New,2025-01-13
1753,Mumbai,iOS,Returning,2025-08-16
1754,Hyderabad,iOS,Returning,2025-07-22
1755,Chennai,iOS,New,2026-01-17
1756,Pune,Android,New,2025-03-28
1757,Delhi,iOS,Returning,2025-09-23
1758,Delhi,iOS,Returning,2025-01-23
1759,Chennai,Android,Returning,2025-07-22
1760,Mumbai,Android,New,2026-03-31
1761,Bangalore,Android,Returning,2025-04-05
1762,Delhi,Android,New,2025-05-06
1763,Delhi,Android,New,2026-04-18
1764,Pune,iOS,Returning,2025-06-22
1765,Chennai,iOS,Returning,2026-03-20
1766,Hyderabad,Android,Returning,2026-02-09
1767,Hyderabad,Android,New,2025-01-31
1768,Mumbai,Android,New,2026-03-13
1769,Mumbai,Android,Returning,2025-12-29
1770,Bangalore,Android,New,2025-07-11
1771,Hyderabad,Android,Returning,2025-10-14
1772,Delhi,Android,New,2025-06-02
1773,Chennai,iOS,New,2025-09-09
1774,Hyderabad,Android,Returning,2025-10-30
1775,Pune,Android,Returning,2026-02-26
1776,Delhi,iOS,New,2026-05-06
1777,Bangalore,Android,Returning,2025-03-31
1778,Mumbai,Android,Returning,2026-01-28
1779,Mumbai,Android,Returning,2026-03-06
1780,Mumbai,Android,Returning,2026-06-23
1781,Hyderabad,Android,Returning,2025-01-20
1782,Hyderabad,Android,Returning,2026-01-03
1783,Bangalore,Android,Returning,2026-05-12
1784,Bangalore,Android,Returning,2026-05-30
1785,Bangalore,Android,Returning,2026-02-02
1786,Delhi,Android,Returning,2025-07-04
1787,Pune,iOS,Returning,2025-11-23
1788,Delhi,iOS,Returning,2025-08-13
1789,Delhi,Android,Returning,2025-10-15
1790,Pune,Android,Returning,2026-04-29
1791,Pune,Android,Returning,2026-01-02
1792,Mumbai,Android,Returning,2025-08-27
1793,Mumbai,Android,New,2025-04-13
1794,Bangalore,Android,Returning,2025-09-04
1795,Mumbai,Android,New,2025-02-27
1796,Bangalore,iOS,New,2026-02-02
1797,Mumbai,Android,Returning,2025-06-27
1798,Pune,Android,Returning,2025-08-31
1799,Chennai,Android,Returning,2025-11-22
1800,Pune,Android,Returning,2026-01-03
1801,Chennai,Android,Returning,2025-01-29
1802,Pune,Android,New,2025-12-27
1803,Pune,Android,New,2025-05-26
1804,Hyderabad,iOS,New,2025-07-12
1805,Mumbai,iOS,Returning,2025-11-13
1806,Delhi,Android,New,2026-05-18
1807,Delhi,Android,Returning,2025-04-03
1808,Pune,Android,New,2025-08-27
1809,Delhi,Android,Returning,2025-08-13
1810,Hyderabad,Android,New,2026-06-24
1811,Bangalore,Android,New,2025-01-01
1812,Mumbai,Android,Returning,2025-07-26
1813,Chennai,Android,New,2025-12-15
1814,Bangalore,Android,Returning,2025-07-01
1815,Delhi,Android,Returning,2025-03-02
1816,Pune,Android,New,2025-06-01
1817,Delhi,Android,Returning,2025-05-26
1818,Bangalore,Android,Returning,2026-06-23
1819,Bangalore,iOS,New,2025-03-16
1820,Pune,Android,New,2026-02-10
1821,Bangalore,Android,Returning,2025-04-14
1822,Bangalore,Android,Returning,2025-11-06
1823,Mumbai,Android,New,2025-05-20
1824,Chennai,Android,Returning,2026-03-24
1825,Chennai,Android,Returning,2026-05-14
1826,Mumbai,Android,Returning,2025-11-21
1827,Mumbai,iOS,New,2026-01-01
1828,Hyderabad,Android,New,2025-06-29
1829,Chennai,Android,Returning,2025-11-11
1830,Mumbai,Android,Returning,2025-10-29
1831,Chennai,Android,Returning,2025-07-01
1832,Chennai,Android,New,2025-01-02
1833,Pune,Android,Returning,2026-02-05
1834,Mumbai,iOS,New,2025-02-03
1835,Pune,Android,Returning,2025-11-22
1836,Chennai,Android,New,2025-08-15
1837,Hyderabad,Android,New,2025-04-17
1838,Bangalore,Android,New,2025-05-25
1839,Mumbai,Android,Returning,2025-03-21
1840,Bangalore,iOS,Returning,2025-12-22
1841,Chennai,Android,New,2025-06-21
1842,Chennai,Android,New,2025-04-01
1843,Hyderabad,Android,Returning,2025-12-10
1844,Bangalore,iOS,Returning,2025-01-12
1845,Mumbai,Android,New,2025-08-03
1846,Bangalore,iOS,Returning,2025-03-11
1847,Delhi,Android,New,2025-09-20
1848,Delhi,Android,New,2025-01-02
1849,Hyderabad,iOS,Returning,2026-01-31
1850,Mumbai,iOS,New,2026-03-06
1851,Hyderabad,Android,Returning,2026-02-28
1852,Bangalore,Android,Returning,2026-01-23
1853,Delhi,iOS,Returning,2026-01-20
1854,Pune,Android,New,2026-05-06
1855,Mumbai,Android,Returning,2025-08-19
1856,Delhi,Android,Returning,2026-04-08
1857,Bangalore,Android,Returning,2025-02-04
1858,Bangalore,iOS,New,2025-01-21
1859,Delhi,Android,New,2025-09-25
1860,Bangalore,Android,New,2025-03-17
1861,Hyderabad,Android,Returning,2025-06-24
1862,Chennai,iOS,New,2025-06-14
1863,Pune,Android,Returning,2025-03-18
1864,Bangalore,Android,New,2025-04-06
1865,Chennai,Android,Returning,2026-05-10
1866,Hyderabad,Android,Returning,2025-02-01
1867,Pune,Android,Returning,2025-06-18
1868,Mumbai,Android,Returning,2026-03-21
1869,Delhi,Android,Returning,2025-02-24
1870,Mumbai,Android,Returning,2025-12-06
1871,Hyderabad,iOS,Returning,2025-07-14
1872,Chennai,Android,New,2025-09-29
1873,Bangalore,Android,New,2025-10-16
1874,Delhi,Android,Returning,2025-09-01
1875,Hyderabad,Android,Returning,2025-02-20
1876,Mumbai,iOS,Returning,2026-05-18
1877,Bangalore,Android,Returning,2025-02-25
1878,Hyderabad,Android,New,2025-01-04
1879,Bangalore,Android,New,2025-03-31
1880,Mumbai,Android,Returning,2026-05-07
1881,Delhi,Android,Returning,2025-04-10
1882,Mumbai,Android,New,2025-07-31
1883,Delhi,Android,New,2025-10-26
1884,Delhi,Android,Returning,2026-04-30
1885,Hyderabad,Android,New,2025-11-12
1886,Hyderabad,Android,Returning,2026-04-28
1887,Delhi,Android,Returning,2025-09-29
1888,Mumbai,Android,Returning,2026-02-01
1889,Hyderabad,iOS,Returning,2026-01-15
1890,Mumbai,Android,Returning,2026-01-14
1891,Delhi,Android,New,2026-04-02
1892,Hyderabad,Android,Returning,2025-09-27
1893,Bangalore,iOS,New,2026-04-22
1894,Bangalore,Android,Returning,2025-08-20
1895,Mumbai,Android,Returning,2025-03-05
1896,Delhi,Android,New,2025-04-10
1897,Pune,Android,Returning,2025-12-19
1898,Pune,Android,Returning,2026-02-28
1899,Pune,Android,New,2025-08-21
1900,Hyderabad,Android,Returning,2025-03-04
1901,Hyderabad,Android,Returning,2026-06-20
1902,Pune,iOS,Returning,2026-05-02
1903,Hyderabad,Android,Returning,2025-08-30
1904,Delhi,Android,New,2025-11-03
1905,Chennai,Android,New,2026-02-09
1906,Pune,Android,Returning,2025-02-05
1907,Pune,Android,Returning,2026-06-14
1908,Delhi,Android,Returning,2025-05-31
1909,Mumbai,Android,Returning,2026-04-05
1910,Mumbai,iOS,Returning,2025-06-21
1911,Mumbai,Android,Returning,2025-07-17
1912,Hyderabad,iOS,New,2025-02-13
1913,Chennai,Android,New,2025-03-22
1914,Mumbai,Android,Returning,2026-03-22
1915,Pune,iOS,New,2025-06-01
1916,Bangalore,Android,Returning,2025-09-22
1917,Delhi,iOS,Returning,2025-03-10
1918,Pune,Android,New,2026-02-02
1919,Pune,iOS,New,2026-02-11
1920,Bangalore,iOS,Returning,2025-11-30
1921,Hyderabad,Android,New,2026-06-17
1922,Chennai,Android,Returning,2025-01-13
1923,Hyderabad,Android,Returning,2026-06-20
1924,Hyderabad,iOS,Returning,2025-04-26
1925,Mumbai,Android,New,2025-06-03
1926,Delhi,Android,New,2025-04-13
1927,Bangalore,Android,Returning,2025-04-14
1928,Hyderabad,Android,New,2025-12-19
1929,Hyderabad,Android,Returning,2025-09-28
1930,Pune,Android,Returning,2026-05-13
1931,Delhi,iOS,Returning,2026-04-30
1932,Bangalore,Android,New,2025-06-26
1933,Mumbai,Android,Returning,2026-02-17
1934,Delhi,Android,Returning,2026-02-16
1935,Bangalore,Android,New,2026-02-10
1936,Delhi,Android,New,2025-09-01
1937,Bangalore,Android,Returning,2026-05-02
1938,Delhi,Android,Returning,2026-01-17
1939,Bangalore,Android,Returning,2025-12-12
1940,Bangalore,Android,New,2025-11-15
1941,Chennai,Android,Returning,2026-05-19
1942,Mumbai,iOS,New,2025-04-11
1943,Bangalore,iOS,Returning,2025-05-18
1944,Bangalore,iOS,Returning,2026-03-30
1945,Chennai,Android,Returning,2025-10-03
1946,Pune,Android,Returning,2026-03-03
1947,Mumbai,Android,Returning,2025-04-02
1948,Mumbai,Android,Returning,2026-03-29
1949,Chennai,Android,Returning,2026-02-21
1950,Pune,Android,Returning,2026-05-12
1951,Delhi,Android,Returning,2026-01-18
1952,Mumbai,iOS,New,2026-06-12
1953,Bangalore,iOS,Returning,2025-03-09
1954,Hyderabad,Android,New,2026-06-03
1955,Pune,Android,New,2025-05-19
1956,Mumbai,Android,New,2025-01-30
1957,Mumbai,Android,Returning,2025-07-17
1958,Mumbai,iOS,Returning,2025-03-01
1959,Hyderabad,Android,New,2025-02-03
1960,Bangalore,Android,Returning,2025-02-21
1961,Bangalore,iOS,Returning,2025-07-23
1962,Hyderabad,Android,New,2026-01-13
1963,Hyderabad,iOS,New,2026-06-02
1964,Chennai,Android,Returning,2025-05-07
1965,Mumbai,Android,New,2025-02-01
1966,Hyderabad,iOS,New,2026-01-17
1967,Mumbai,Android,New,2026-04-02
1968,Pune,Android,Returning,2026-05-01
1969,Bangalore,Android,New,2025-12-25
1970,Bangalore,Android,Returning,2025-06-17
1971,Bangalore,Android,Returning,2025-04-03
1972,Hyderabad,Android,Returning,2025-01-29
1973,Mumbai,Android,New,2025-02-20
1974,Mumbai,Android,Returning,2025-08-08
1975,Chennai,Android,New,2025-08-19
1976,Bangalore,Android,Returning,2025-07-31
1977,Pune,iOS,New,2026-02-24
1978,Chennai,Android,Returning,2025-01-21
1979,Hyderabad,iOS,Returning,2025-01-10
1980,Chennai,Android,New,2025-05-16
1981,Pune,Android,Returning,2025-06-27
1982,Mumbai,Android,Returning,2025-01-09
1983,Pune,Android,Returning,2025-09-16
1984,Chennai,Android,New,2025-11-09
1985,Hyderabad,Android,Returning,2025-10-09
1986,Bangalore,iOS,Returning,2026-01-21
1987,Bangalore,Android,Returning,2026-04-16
1988,Hyderabad,Android,Returning,2025-08-12
1989,Chennai,Android,Returning,2025-11-06
1990,Pune,Android,Returning,2026-06-18
1991,Pune,iOS,Returning,2026-02-11
1992,Delhi,Android,New,2025-04-15
1993,Chennai,iOS,Returning,2026-06-08
1994,Pune,Android,Returning,2026-01-19
1995,Bangalore,Android,Returning,2025-10-17
1996,Hyderabad,Android,New,2025-04-21
1997,Bangalore,Android,New,2025-03-07
1998,Chennai,Android,Returning,2025-10-11
1999,Bangalore,Android,Returning,2025-11-29
2000,Chennai,Android,New,2025-09-25
2001,Mumbai,Android,Returning,2025-11-02
2002,Pune,Android,New,2025-06-03
2003,Delhi,Android,New,2025-09-04
2004,Chennai,Android,Returning,2026-02-18
2005,Chennai,Android,New,2025-11-24
2006,Chennai,Android,Returning,2025-05-24
2007,Chennai,Android,New,2025-01-27
2008,Bangalore,Android,New,2026-05-25
2009,Hyderabad,iOS,Returning,2025-09-23
2010,Hyderabad,Android,New,2026-02-19
2011,Pune,Android,New,2025-02-06
2012,Bangalore,Android,Returning,2025-07-14
2013,Chennai,Android,Returning,2025-08-16
2014,Chennai,Android,New,2026-05-03
2015,Pune,Android,Returning,2026-01-03
2016,Mumbai,Android,New,2025-11-04
2017,Bangalore,Android,Returning,2025-07-05
2018,Hyderabad,Android,Returning,2025-04-10
2019,Chennai,iOS,Returning,2025-05-12
2020,Chennai,Android,Returning,2025-09-22
2021,Chennai,iOS,New,2025-07-07
2022,Chennai,Android,Returning,2025-12-10
2023,Mumbai,Android,Returning,2025-04-02
2024,Mumbai,Android,Returning,2025-12-30
2025,Hyderabad,iOS,New,2025-11-11
2026,Bangalore,iOS,Returning,2025-12-06
2027,Pune,iOS,Returning,2025-09-24
2028,Hyderabad,Android,New,2025-10-29
2029,Hyderabad,iOS,New,2025-05-01
2030,Chennai,iOS,Returning,2025-02-24
2031,Hyderabad,Android,New,2025-03-14
2032,Pune,Android,New,2025-07-19
2033,Chennai,iOS,New,2025-05-03
2034,Pune,Android,Returning,2026-01-26
2035,Hyderabad,Android,Returning,2025-11-02
2036,Mumbai,Android,Returning,2025-02-25
2037,Mumbai,Android,Returning,2025-05-21
2038,Hyderabad,Android,Returning,2025-12-17
2039,Mumbai,Android,New,2026-04-14
2040,Chennai,Android,New,2025-11-20
2041,Delhi,Android,New,2025-07-04
2042,Bangalore,Android,Returning,2026-05-15
2043,Bangalore,Android,New,2025-07-01
2044,Delhi,Android,Returning,2025-03-01
2045,Bangalore,iOS,New,2026-04-08
2046,Mumbai,Android,New,2025-08-03
2047,Hyderabad,Android,Returning,2025-06-12
2048,Mumbai,Android,Returning,2025-04-01
2049,Chennai,Android,New,2026-03-21
2050,Hyderabad,Android,New,2026-03-16
2051,Hyderabad,Android,Returning,2026-03-16
2052,Delhi,Android,New,2026-01-28
2053,Pune,Android,Returning,2025-02-08
2054,Chennai,iOS,New,2025-07-24
2055,Delhi,iOS,Returning,2026-01-18
2056,Pune,Android,Returning,2025-11-26
2057,Delhi,Android,New,2025-07-15
2058,Chennai,Android,New,2025-01-05
2059,Mumbai,iOS,Returning,2025-09-12
2060,Bangalore,Android,Returning,2025-12-19
2061,Delhi,Android,Returning,2025-05-13
2062,Pune,Android,Returning,2026-01-28
2063,Mumbai,Android,Returning,2025-11-10
2064,Delhi,Android,Returning,2025-03-08
2065,Bangalore,Android,New,2025-11-02
2066,Chennai,Android,New,2026-04-12
2067,Pune,Android,Returning,2026-06-17
2068,Bangalore,Android,New,2026-06-21
2069,Chennai,Android,New,2026-03-21
2070,Bangalore,Android,Returning,2025-05-18
2071,Bangalore,Android,New,2026-05-17
2072,Mumbai,Android,Returning,2025-07-12
2073,Delhi,iOS,Returning,2026-02-18
2074,Mumbai,Android,Returning,2025-08-22
2075,Mumbai,Android,Returning,2025-05-15
2076,Pune,Android,New,2025-01-23
2077,Mumbai,Android,Returning,2026-06-01
2078,Bangalore,Android,New,2025-05-07
2079,Hyderabad,Android,Returning,2025-02-08
2080,Pune,iOS,Returning,2025-09-19
2081,Pune,Android,New,2025-02-19
2082,Chennai,Android,Returning,2025-02-19
2083,Chennai,Android,Returning,2025-04-21
2084,Delhi,Android,New,2025-01-21
2085,Hyderabad,Android,New,2025-04-29
2086,Hyderabad,Android,Returning,2026-03-31
2087,Pune,Android,Returning,2025-05-07
2088,Hyderabad,iOS,Returning,2025-09-16
2089,Mumbai,Android,Returning,2025-06-06
2090,Bangalore,Android,New,2025-01-10
2091,Chennai,Android,Returning,2026-03-07
2092,Chennai,Android,New,2025-04-14
2093,Bangalore,Android,Returning,2026-06-17
2094,Hyderabad,Android,Returning,2025-05-21
2095,Pune,Android,Returning,2025-04-18
2096,Bangalore,Android,Returning,2025-05-01
2097,Delhi,Android,Returning,2025-04-27
2098,Mumbai,Android,New,2026-05-25
2099,Bangalore,Android,New,2025-07-24
2100,Mumbai,Android,Returning,2026-06-20
2101,Chennai,iOS,New,2026-01-02
2102,Bangalore,Android,Returning,2026-02-24
2103,Delhi,Android,Returning,2025-06-14
2104,Mumbai,Android,Returning,2026-05-24
2105,Bangalore,Android,New,2026-05-08
2106,Delhi,Android,Returning,2025-08-29
2107,Chennai,Android,New,2025-01-14
2108,Delhi,Android,Returning,2025-04-02
2109,Mumbai,Android,Returning,2026-05-21
2110,Pune,Android,New,2025-04-03
2111,Chennai,Android,Returning,2025-03-18
2112,Bangalore,iOS,Returning,2025-04-14
2113,Hyderabad,Android,Returning,2025-08-25
2114,Bangalore,Android,Returning,2025-10-31
2115,Delhi,Android,New,2026-04-21
2116,Mumbai,Android,Returning,2025-04-13
2117,Bangalore,Android,Returning,2025-02-10
2118,Chennai,Android,New,2026-01-04
2119,Hyderabad,Android,Returning,2025-11-17
2120,Delhi,Android,New,2025-04-29
2121,Delhi,Android,Returning,2025-02-16
2122,Chennai,Android,Returning,2025-05-22
2123,Bangalore,Android,Returning,2025-06-24
2124,Hyderabad,Android,New,2026-01-02
2125,Chennai,Android,Returning,2025-10-02
2126,Bangalore,Android,New,2025-04-06
2127,Mumbai,Android,Returning,2025-12-17
2128,Hyderabad,Android,Returning,2025-04-27
2129,Hyderabad,iOS,Returning,2026-02-14
2130,Hyderabad,Android,Returning,2025-10-06
2131,Hyderabad,Android,Returning,2026-05-05
2132,Delhi,Android,Returning,2025-06-20
2133,Chennai,Android,Returning,2025-05-16
2134,Mumbai,Android,New,2025-03-02
2135,Hyderabad,iOS,Returning,2025-04-17
2136,Pune,Android,Returning,2026-05-10
2137,Mumbai,Android,Returning,2026-03-25
2138,Bangalore,Android,Returning,2026-01-24
2139,Chennai,Android,New,2025-01-30
2140,Hyderabad,Android,Returning,2025-05-14
2141,Delhi,Android,Returning,2026-05-15
2142,Hyderabad,Android,New,2026-02-26
2143,Delhi,Android,Returning,2025-02-17
2144,Chennai,iOS,Returning,2025-09-25
2145,Delhi,Android,Returning,2025-11-18
2146,Chennai,Android,New,2026-06-22
2147,Chennai,Android,Returning,2025-08-18
2148,Pune,Android,New,2025-12-13
2149,Chennai,Android,New,2026-06-20
2150,Hyderabad,Android,Returning,2025-04-08
2151,Hyderabad,Android,Returning,2025-09-12
2152,Chennai,Android,Returning,2025-12-21
2153,Mumbai,iOS,New,2026-01-30
2154,Delhi,Android,Returning,2025-02-25
2155,Pune,iOS,Returning,2025-06-10
2156,Hyderabad,Android,Returning,2026-04-26
2157,Delhi,Android,Returning,2025-06-19
2158,Bangalore,iOS,New,2026-05-19
2159,Bangalore,Android,New,2025-09-04
2160,Delhi,Android,Returning,2025-10-12
2161,Mumbai,Android,Returning,2026-06-04
2162,Hyderabad,Android,Returning,2026-01-23
2163,Delhi,iOS,Returning,2025-08-29
2164,Hyderabad,Android,Returning,2026-04-16
2165,Delhi,Android,Returning,2026-04-04
2166,Hyderabad,Android,New,2026-05-26
2167,Delhi,Android,Returning,2025-11-20
2168,Chennai,Android,New,2026-05-25
2169,Delhi,Android,Returning,2025-01-19
2170,Hyderabad,Android,New,2026-02-18
2171,Pune,Android,New,2025-02-06
2172,Delhi,iOS,Returning,2025-01-01
2173,Pune,Android,Returning,2025-11-08
2174,Chennai,Android,Returning,2025-07-31
2175,Bangalore,iOS,Returning,2026-04-13
2176,Delhi,Android,Returning,2026-01-08
2177,Hyderabad,Android,Returning,2025-08-17
2178,Pune,Android,Returning,2025-12-06
2179,Chennai,Android,Returning,2026-04-30
2180,Chennai,Android,New,2026-01-08
2181,Delhi,Android,Returning,2026-04-09
2182,Chennai,Android,Returning,2025-04-10
2183,Delhi,Android,Returning,2025-08-16
2184,Bangalore,Android,Returning,2025-12-16
2185,Pune,Android,New,2025-10-26
2186,Bangalore,Android,Returning,2026-06-19
2187,Delhi,Android,Returning,2025-04-19
2188,Hyderabad,Android,Returning,2025-06-18
2189,Chennai,Android,Returning,2025-05-24
2190,Delhi,Android,Returning,2026-02-24
2191,Pune,Android,New,2025-09-18
2192,Mumbai,Android,Returning,2025-07-20
2193,Hyderabad,iOS,Returning,2025-05-04
2194,Hyderabad,iOS,New,2025-08-09
2195,Chennai,Android,New,2025-07-15
2196,Delhi,Android,Returning,2025-12-13
2197,Delhi,Android,New,2026-03-01
2198,Hyderabad,iOS,Returning,2025-05-07
2199,Chennai,Android,New,2026-04-14
2200,Mumbai,Android,New,2026-06-01
2201,Delhi,Android,Returning,2026-05-26
2202,Pune,Android,Returning,2025-02-19
2203,Pune,iOS,Returning,2026-03-20
2204,Pune,iOS,New,2026-05-10
2205,Chennai,Android,Returning,2025-07-01
2206,Chennai,Android,New,2025-06-27
2207,Delhi,Android,Returning,2025-05-12
2208,Chennai,Android,Returning,2026-02-01
2209,Pune,Android,New,2025-11-26
2210,Hyderabad,Android,New,2026-01-29
2211,Bangalore,Android,Returning,2025-09-12
2212,Bangalore,Android,Returning,2026-02-12
2213,Hyderabad,Android,Returning,2025-10-29
2214,Mumbai,Android,New,2025-05-17
2215,Pune,Android,Returning,2026-02-27
2216,Bangalore,Android,Returning,2026-06-09
2217,Chennai,Android,Returning,2025-11-18
2218,Mumbai,Android,New,2025-08-11
2219,Pune,Android,Returning,2025-08-03
2220,Chennai,iOS,New,2025-10-25
2221,Chennai,iOS,Returning,2025-12-20
2222,Chennai,Android,Returning,2025-05-16
2223,Pune,Android,Returning,2025-07-02
2224,Chennai,Android,Returning,2025-11-27
2225,Bangalore,Android,Returning,2025-04-29
2226,Pune,Android,Returning,2026-05-07
2227,Chennai,iOS,Returning,2026-03-04
2228,Hyderabad,iOS,New,2025-10-20
2229,Pune,Android,New,2025-01-14
2230,Delhi,Android,Returning,2025-04-20
2231,Mumbai,Android,Returning,2026-01-26
2232,Chennai,iOS,New,2025-02-24
2233,Mumbai,Android,Returning,2025-02-27
2234,Mumbai,Android,New,2025-10-01
2235,Chennai,iOS,Returning,2025-10-21
2236,Mumbai,iOS,Returning,2025-09-14
2237,Chennai,Android,Returning,2025-03-05
2238,Mumbai,Android,Returning,2025-10-30
2239,Bangalore,Android,Returning,2025-02-03
2240,Delhi,Android,Returning,2026-04-09
2241,Chennai,Android,Returning,2025-08-18
2242,Mumbai,Android,Returning,2026-02-03
2243,Chennai,Android,Returning,2026-06-08
2244,Chennai,Android,Returning,2025-10-22
2245,Hyderabad,Android,Returning,2025-02-18
2246,Hyderabad,Android,Returning,2026-02-01
2247,Pune,Android,Returning,2025-11-17
2248,Delhi,Android,Returning,2025-02-25
2249,Mumbai,Android,New,2025-09-15
2250,Mumbai,Android,Returning,2026-03-30
2251,Pune,Android,Returning,2026-01-12
2252,Chennai,Android,New,2025-07-21
2253,Bangalore,Android,New,2025-07-18
2254,Mumbai,Android,New,2026-04-05
2255,Mumbai,Android,Returning,2025-03-18
2256,Chennai,Android,Returning,2025-06-27
2257,Delhi,Android,Returning,2026-06-11
2258,Delhi,Android,Returning,2026-01-22
2259,Bangalore,Android,Returning,2026-03-15
2260,Mumbai,Android,New,2025-09-28
2261,Pune,iOS,Returning,2025-06-14
2262,Delhi,iOS,Returning,2025-09-19
2263,Hyderabad,iOS,Returning,2025-12-05
2264,Delhi,Android,Returning,2025-06-08
2265,Bangalore,Android,New,2025-06-07
2266,Chennai,Android,New,2025-02-22
2267,Hyderabad,Android,New,2025-11-05
2268,Delhi,Android,Returning,2026-01-02
2269,Pune,Android,Returning,2025-11-22
2270,Mumbai,Android,New,2025-08-14
2271,Delhi,Android,Returning,2026-06-18
2272,Mumbai,Android,New,2026-06-02
2273,Pune,Android,Returning,2026-03-02
2274,Delhi,Android,Returning,2026-02-18
2275,Mumbai,Android,Returning,2025-12-24
2276,Chennai,iOS,New,2025-08-07
2277,Bangalore,Android,Returning,2025-12-06
2278,Bangalore,Android,Returning,2026-01-05
2279,Pune,Android,Returning,2025-08-12
2280,Pune,iOS,Returning,2026-05-02
2281,Delhi,Android,New,2025-01-10
2282,Hyderabad,iOS,New,2025-12-21
2283,Chennai,Android,Returning,2025-09-04
2284,Delhi,Android,New,2025-09-07
2285,Hyderabad,Android,Returning,2025-11-25
2286,Hyderabad,Android,Returning,2025-04-27
2287,Pune,Android,Returning,2025-09-20
2288,Delhi,Android,New,2025-10-17
2289,Bangalore,Android,New,2026-06-14
2290,Pune,iOS,Returning,2026-06-11
2291,Hyderabad,iOS,New,2026-04-02
2292,Bangalore,Android,Returning,2025-02-14
2293,Bangalore,Android,Returning,2025-07-17
2294,Delhi,Android,New,2026-06-11
2295,Mumbai,Android,Returning,2025-04-09
2296,Chennai,Android,New,2025-01-08
2297,Mumbai,Android,New,2025-03-09
2298,Chennai,Android,Returning,2025-08-07
2299,Delhi,Android,New,2026-03-11
2300,Pune,Android,New,2025-07-30
2301,Chennai,Android,Returning,2026-03-22
2302,Chennai,iOS,Returning,2025-03-15
2303,Delhi,Android,Returning,2025-06-07
2304,Chennai,iOS,New,2026-04-16
2305,Delhi,iOS,Returning,2025-12-06
2306,Delhi,Android,New,2025-03-31
2307,Mumbai,Android,New,2025-02-25
2308,Pune,Android,New,2025-09-15
2309,Pune,iOS,Returning,2025-03-14
2310,Bangalore,Android,Returning,2025-08-22
2311,Hyderabad,iOS,Returning,2026-02-22
2312,Chennai,Android,Returning,2026-04-07
2313,Hyderabad,iOS,Returning,2026-02-19
2314,Delhi,Android,Returning,2025-11-20
2315,Chennai,Android,Returning,2026-02-03
2316,Pune,Android,New,2025-05-02
2317,Chennai,iOS,Returning,2025-01-07
2318,Chennai,Android,Returning,2025-03-06
2319,Chennai,Android,Returning,2025-02-16
2320,Bangalore,Android,Returning,2025-03-16
2321,Delhi,iOS,New,2026-05-30
2322,Chennai,iOS,New,2025-10-24
2323,Pune,Android,Returning,2025-11-05
2324,Bangalore,Android,New,2025-03-30
2325,Hyderabad,iOS,New,2026-03-25
2326,Chennai,Android,Returning,2026-02-09
2327,Hyderabad,Android,Returning,2025-02-01
2328,Pune,Android,New,2025-06-10
2329,Mumbai,iOS,Returning,2025-08-14
2330,Pune,Android,Returning,2026-02-05
2331,Chennai,Android,Returning,2025-10-30
2332,Bangalore,Android,Returning,2025-05-28
2333,Delhi,iOS,Returning,2026-01-18
2334,Delhi,Android,Returning,2025-05-25
2335,Delhi,Android,Returning,2025-02-12
2336,Pune,Android,Returning,2026-02-08
2337,Bangalore,Android,New,2025-03-29
2338,Chennai,Android,Returning,2025-08-04
2339,Mumbai,Android,Returning,2025-12-19
2340,Chennai,Android,Returning,2026-02-27
2341,Mumbai,Android,New,2026-06-09
2342,Mumbai,iOS,New,2025-06-14
2343,Pune,Android,Returning,2025-08-15
2344,Mumbai,Android,New,2025-09-16
2345,Mumbai,Android,Returning,2025-04-28
2346,Pune,Android,Returning,2025-02-25
2347,Chennai,Android,Returning,2026-04-18
2348,Bangalore,Android,Returning,2025-03-16
2349,Bangalore,Android,Returning,2025-03-10
2350,Mumbai,Android,Returning,2025-04-11
2351,Bangalore,Android,New,2026-05-14
2352,Mumbai,Android,Returning,2026-01-01
2353,Delhi,Android,Returning,2025-08-29
2354,Pune,Android,New,2025-10-19
2355,Mumbai,iOS,Returning,2025-03-13
2356,Hyderabad,Android,Returning,2025-11-22
2357,Bangalore,Android,Returning,2026-04-07
2358,Chennai,Android,New,2025-11-10
2359,Pune,Android,Returning,2025-06-06
2360,Bangalore,Android,Returning,2026-01-09
2361,Mumbai,Android,New,2026-03-15
2362,Bangalore,Android,Returning,2025-01-05
2363,Mumbai,Android,New,2025-09-10
2364,Bangalore,iOS,Returning,2026-03-23
2365,Mumbai,Android,New,2026-01-04
2366,Hyderabad,Android,New,2025-12-06
2367,Hyderabad,Android,Returning,2026-04-19
2368,Bangalore,Android,New,2026-01-03
2369,Pune,Android,New,2026-05-14
2370,Mumbai,Android,Returning,2025-04-22
2371,Bangalore,Android,New,2025-03-25
2372,Pune,Android,Returning,2025-05-24
2373,Bangalore,Android,New,2025-07-21
2374,Chennai,Android,New,2025-03-20
2375,Delhi,Android,Returning,2025-03-19
2376,Chennai,Android,Returning,2026-06-04
2377,Pune,Android,Returning,2025-02-01
2378,Pune,iOS,Returning,2026-02-19
2379,Delhi,Android,Returning,2025-08-06
2380,Pune,Android,Returning,2025-09-24
2381,Chennai,Android,Returning,2026-04-29
2382,Bangalore,Android,New,2025-06-02
2383,Mumbai,Android,Returning,2026-02-06
2384,Mumbai,iOS,New,2025-10-25
2385,Pune,Android,New,2026-04-21
2386,Delhi,Android,Returning,2026-06-07
2387,Bangalore,Android,Returning,2026-02-11
2388,Delhi,Android,Returning,2026-05-30
2389,Pune,Android,New,2025-09-02
2390,Pune,Android,New,2025-06-19
2391,Hyderabad,Android,New,2025-05-24
2392,Mumbai,Android,New,2025-06-13
2393,Chennai,Android,Returning,2025-05-30
2394,Bangalore,iOS,Returning,2026-05-11
2395,Mumbai,Android,New,2025-02-11
2396,Mumbai,Android,Returning,2026-05-15
2397,Bangalore,Android,New,2025-03-06
2398,Mumbai,Android,New,2026-01-14
2399,Chennai,Android,Returning,2025-02-13
2400,Pune,Android,Returning,2025-07-31
2401,Hyderabad,Android,New,2026-01-05
2402,Hyderabad,iOS,New,2026-04-26
2403,Delhi,iOS,Returning,2025-02-17
2404,Delhi,Android,Returning,2025-11-28
2405,Chennai,Android,Returning,2026-06-18
2406,Chennai,Android,Returning,2025-10-08
2407,Pune,Android,Returning,2025-09-27
2408,Hyderabad,Android,Returning,2025-06-28
2409,Bangalore,iOS,Returning,2026-01-23
2410,Pune,iOS,New,2025-03-21
2411,Hyderabad,Android,New,2025-09-15
2412,Pune,Android,Returning,2025-08-17
2413,Bangalore,Android,New,2026-02-20
2414,Hyderabad,Android,New,2025-12-20
2415,Pune,Android,Returning,2026-05-09
2416,Pune,Android,Returning,2025-01-07
2417,Hyderabad,Android,New,2025-05-23
2418,Mumbai,Android,New,2025-06-19
2419,Pune,Android,Returning,2025-03-20
2420,Mumbai,Android,New,2025-10-15
2421,Mumbai,iOS,Returning,2025-06-03
2422,Bangalore,Android,New,2025-06-11
2423,Chennai,Android,Returning,2025-05-02
2424,Hyderabad,iOS,New,2025-08-24
2425,Chennai,Android,New,2025-12-05
2426,Hyderabad,iOS,Returning,2025-04-27
2427,Hyderabad,Android,New,2026-05-06
2428,Pune,Android,New,2025-08-04
2429,Chennai,Android,Returning,2025-06-15
2430,Delhi,iOS,Returning,2026-02-25
2431,Delhi,Android,Returning,2025-09-07
2432,Pune,Android,New,2025-05-11
2433,Mumbai,Android,Returning,2025-06-14
2434,Delhi,Android,New,2026-06-09
2435,Delhi,Android,Returning,2025-05-31
2436,Bangalore,Android,New,2025-06-20
2437,Pune,Android,New,2025-07-04
2438,Pune,Android,Returning,2026-02-20
2439,Chennai,Android,Returning,2025-01-20
2440,Delhi,Android,Returning,2025-10-18
2441,Hyderabad,Android,Returning,2025-08-10
2442,Hyderabad,iOS,New,2026-04-28
2443,Mumbai,Android,Returning,2025-06-24
2444,Pune,Android,Returning,2026-02-25
2445,Pune,Android,Returning,2025-05-27
2446,Pune,Android,New,2025-07-06
2447,Bangalore,Android,New,2026-06-08
2448,Chennai,Android,New,2025-06-21
2449,Hyderabad,Android,New,2025-12-17
2450,Mumbai,Android,Returning,2025-03-12
2451,Hyderabad,Android,Returning,2026-01-23
2452,Delhi,Android,New,2025-05-16
2453,Mumbai,iOS,New,2025-01-17
2454,Pune,iOS,New,2026-06-20
2455,Mumbai,Android,Returning,2026-03-06
2456,Mumbai,iOS,Returning,2025-04-09
2457,Pune,Android,New,2026-05-03
2458,Pune,Android,Returning,2025-02-09
2459,Delhi,Android,Returning,2026-05-31
2460,Hyderabad,Android,New,2025-04-06
2461,Pune,iOS,Returning,2025-05-14
2462,Chennai,Android,Returning,2025-01-02
2463,Pune,Android,New,2026-03-18
2464,Bangalore,Android,New,2026-03-07
2465,Chennai,Android,Returning,2025-02-14
2466,Mumbai,Android,New,2026-03-16
2467,Hyderabad,iOS,Returning,2026-05-09
2468,Pune,Android,Returning,2025-12-25
2469,Hyderabad,iOS,Returning,2025-04-11
2470,Bangalore,Android,Returning,2025-05-18
2471,Mumbai,Android,Returning,2026-05-04
2472,Bangalore,iOS,Returning,2025-03-27
2473,Bangalore,Android,Returning,2026-02-23
2474,Delhi,Android,Returning,2025-07-13
2475,Pune,iOS,Returning,2025-01-08
2476,Delhi,Android,New,2026-06-20
2477,Delhi,Android,Returning,2026-06-17
2478,Chennai,Android,Returning,2026-01-20
2479,Chennai,Android,Returning,2025-07-30
2480,Hyderabad,Android,Returning,2025-11-20
2481,Delhi,Android,New,2026-01-06
2482,Hyderabad,Android,Returning,2025-06-08
2483,Bangalore,Android,New,2025-09-17
2484,Pune,iOS,Returning,2026-03-10
2485,Pune,iOS,Returning,2026-01-10
2486,Chennai,Android,Returning,2025-10-10
2487,Mumbai,Android,Returning,2026-02-11
2488,Pune,Android,Returning,2026-02-28
2489,Mumbai,Android,New,2026-05-10
2490,Pune,Android,New,2026-01-15
2491,Bangalore,iOS,New,2026-05-11
2492,Pune,Android,Returning,2025-11-11
2493,Chennai,Android,New,2025-12-19
2494,Chennai,Android,Returning,2026-02-12
2495,Chennai,Android,Returning,2025-05-22
2496,Chennai,iOS,Returning,2025-05-02
2497,Hyderabad,Android,Returning,2025-08-24
2498,Delhi,Android,Returning,2025-06-15
2499,Pune,Android,New,2025-08-08
2500,Bangalore,iOS,Returning,2026-02-15
2501,Mumbai,Android,Returning,2025-02-23
2502,Chennai,iOS,New,2026-02-03
2503,Delhi,iOS,New,2025-01-06
2504,Hyderabad,Android,Returning,2025-05-29
2505,Delhi,Android,Returning,2026-03-22
2506,Bangalore,Android,Returning,2025-03-07
2507,Bangalore,Android,Returning,2025-08-16
2508,Pune,Android,New,2025-03-23
2509,Chennai,Android,New,2025-02-08
2510,Hyderabad,Android,Returning,2026-01-29
2511,Bangalore,Android,Returning,2026-06-18
2512,Mumbai,iOS,Returning,2025-02-28
2513,Hyderabad,iOS,Returning,2026-05-22
2514,Mumbai,Android,New,2025-01-11
2515,Bangalore,Android,New,2026-06-15
2516,Delhi,Android,Returning,2025-07-19
2517,Pune,Android,Returning,2026-06-07
2518,Pune,Android,Returning,2025-08-26
2519,Chennai,Android,Returning,2025-06-23
2520,Bangalore,Android,Returning,2025-02-06
2521,Chennai,Android,Returning,2025-09-02
2522,Mumbai,Android,Returning,2025-01-01
2523,Bangalore,Android,Returning,2025-03-30
2524,Bangalore,Android,Returning,2026-02-14
2525,Hyderabad,Android,Returning,2026-02-09
2526,Pune,Android,Returning,2025-07-25
2527,Chennai,Android,New,2025-01-16
2528,Delhi,Android,Returning,2025-03-12
2529,Chennai,Android,New,2025-10-19
2530,Bangalore,Android,New,2025-12-23
2531,Mumbai,iOS,Returning,2025-10-11
2532,Hyderabad,Android,New,2025-07-19
2533,Pune,Android,New,2026-02-18
2534,Bangalore,Android,New,2025-01-05
2535,Hyderabad,iOS,New,2025-06-29
2536,Delhi,Android,Returning,2026-06-03
2537,Pune,Android,New,2025-03-16
2538,Bangalore,iOS,Returning,2025-10-29
2539,Pune,Android,New,2025-04-30
2540,Pune,Android,Returning,2025-09-21
2541,Chennai,Android,New,2025-09-14
2542,Hyderabad,iOS,New,2026-03-30
2543,Mumbai,Android,Returning,2026-05-11
2544,Hyderabad,Android,New,2025-12-14
2545,Pune,Android,New,2026-04-17
2546,Hyderabad,Android,New,2025-01-29
2547,Bangalore,iOS,New,2025-04-30
2548,Hyderabad,Android,Returning,2025-03-11
2549,Chennai,iOS,New,2025-08-14
2550,Bangalore,Android,New,2025-08-24
2551,Bangalore,Android,Returning,2026-02-27
2552,Pune,Android,New,2026-06-13
2553,Chennai,Android,New,2025-01-10
2554,Mumbai,Android,New,2025-09-27
2555,Delhi,Android,Returning,2025-10-22
2556,Chennai,iOS,Returning,2026-02-13
2557,Delhi,Android,Returning,2025-12-17
2558,Hyderabad,Android,Returning,2025-07-02
2559,Bangalore,Android,Returning,2025-11-18
2560,Pune,Android,New,2025-08-12
2561,Mumbai,Android,Returning,2025-10-03
2562,Hyderabad,Android,Returning,2025-07-14
2563,Mumbai,iOS,Returning,2025-07-24
2564,Bangalore,Android,New,2025-09-05
2565,Mumbai,Android,Returning,2025-07-31
2566,Mumbai,Android,Returning,2025-07-27
2567,Mumbai,Android,New,2025-12-31
2568,Delhi,iOS,Returning,2025-04-20
2569,Chennai,Android,New,2025-03-22
2570,Pune,Android,Returning,2026-05-20
2571,Pune,Android,New,2025-01-07
2572,Hyderabad,Android,Returning,2025-02-13
2573,Pune,Android,Returning,2026-01-16
2574,Hyderabad,Android,Returning,2025-11-19
2575,Hyderabad,Android,New,2025-10-09
2576,Pune,Android,New,2025-07-07
2577,Hyderabad,iOS,Returning,2025-10-14
2578,Pune,Android,New,2025-08-16
2579,Delhi,Android,Returning,2025-05-12
2580,Hyderabad,Android,New,2026-06-23
2581,Pune,Android,New,2026-05-05
2582,Pune,Android,Returning,2025-02-03
2583,Hyderabad,Android,Returning,2025-12-22
2584,Hyderabad,Android,New,2025-06-28
2585,Chennai,Android,Returning,2025-05-04
2586,Hyderabad,Android,Returning,2026-06-15
2587,Chennai,Android,New,2025-11-20
2588,Delhi,Android,Returning,2025-01-09
2589,Hyderabad,iOS,New,2025-08-04
2590,Bangalore,Android,Returning,2025-04-14
2591,Pune,Android,Returning,2026-01-06
2592,Mumbai,Android,Returning,2025-09-23
2593,Mumbai,Android,Returning,2025-09-27
2594,Hyderabad,Android,Returning,2025-10-03
2595,Bangalore,iOS,New,2025-12-18
2596,Hyderabad,Android,Returning,2025-07-08
2597,Mumbai,Android,Returning,2026-03-11
2598,Chennai,Android,Returning,2026-03-06
2599,Bangalore,Android,New,2026-01-17
2600,Bangalore,Android,New,2026-02-15
2601,Mumbai,Android,Returning,2026-04-07
2602,Pune,Android,Returning,2025-05-15
2603,Delhi,iOS,Returning,2025-08-23
2604,Mumbai,iOS,Returning,2025-10-04
2605,Hyderabad,iOS,New,2026-03-19
2606,Mumbai,iOS,New,2025-07-20
2607,Hyderabad,Android,Returning,2025-06-03
2608,Mumbai,Android,Returning,2025-01-10
2609,Hyderabad,Android,Returning,2026-03-08
2610,Chennai,Android,New,2025-05-18
2611,Pune,Android,Returning,2026-06-14
2612,Hyderabad,Android,Returning,2025-11-20
2613,Bangalore,Android,New,2025-11-04
2614,Hyderabad,Android,Returning,2025-02-18
2615,Chennai,Android,Returning,2025-04-12
2616,Delhi,Android,Returning,2025-06-17
2617,Bangalore,Android,Returning,2025-08-09
2618,Chennai,Android,New,2026-05-03
2619,Hyderabad,Android,Returning,2025-04-09
2620,Bangalore,Android,Returning,2025-12-09
2621,Bangalore,iOS,Returning,2026-01-05
2622,Bangalore,Android,Returning,2025-09-21
2623,Hyderabad,Android,Returning,2025-01-21
2624,Bangalore,Android,Returning,2025-05-05
2625,Pune,Android,Returning,2025-07-23
2626,Bangalore,Android,Returning,2025-06-28
2627,Bangalore,Android,New,2025-12-30
2628,Hyderabad,iOS,Returning,2026-06-07
2629,Delhi,Android,Returning,2026-04-03
2630,Pune,Android,Returning,2026-01-26
2631,Hyderabad,Android,Returning,2025-10-21
2632,Mumbai,Android,New,2025-05-29
2633,Hyderabad,iOS,Returning,2025-12-12
2634,Delhi,Android,Returning,2026-02-19
2635,Mumbai,iOS,New,2025-03-23
2636,Mumbai,Android,New,2025-12-18
2637,Bangalore,Android,Returning,2025-11-18
2638,Chennai,Android,New,2025-10-26
2639,Pune,Android,New,2025-10-01
2640,Bangalore,iOS,New,2026-02-09
2641,Bangalore,iOS,Returning,2026-04-01
2642,Hyderabad,Android,Returning,2026-06-18
2643,Mumbai,Android,Returning,2026-02-28
2644,Delhi,iOS,New,2025-07-08
2645,Chennai,Android,Returning,2025-05-09
2646,Chennai,Android,New,2025-08-29
2647,Chennai,Android,New,2025-09-15
2648,Mumbai,Android,New,2025-03-23
2649,Hyderabad,Android,Returning,2025-06-20
2650,Delhi,Android,New,2025-04-16
2651,Hyderabad,Android,New,2025-03-07
2652,Delhi,Android,Returning,2025-02-25
2653,Pune,Android,Returning,2026-02-11
2654,Delhi,Android,Returning,2025-03-27
2655,Pune,iOS,Returning,2025-09-26
2656,Delhi,Android,Returning,2025-06-09
2657,Bangalore,iOS,Returning,2026-02-04
2658,Mumbai,Android,Returning,2025-08-23
2659,Hyderabad,Android,Returning,2025-10-18
2660,Mumbai,Android,Returning,2025-05-10
2661,Mumbai,Android,New,2026-06-24
2662,Delhi,Android,Returning,2025-01-30
2663,Bangalore,Android,Returning,2026-01-01
2664,Hyderabad,Android,New,2026-05-03
2665,Pune,Android,Returning,2025-10-06
2666,Mumbai,Android,New,2026-04-01
2667,Pune,Android,New,2025-07-01
2668,Chennai,iOS,Returning,2026-04-13
2669,Pune,Android,Returning,2026-03-22
2670,Bangalore,iOS,New,2025-11-14
2671,Pune,iOS,Returning,2026-05-09
2672,Delhi,Android,New,2025-08-21
2673,Bangalore,iOS,Returning,2026-03-29
2674,Hyderabad,Android,New,2026-01-10
2675,Mumbai,Android,Returning,2025-09-24
2676,Delhi,Android,Returning,2025-11-07
2677,Pune,Android,Returning,2025-01-01
2678,Bangalore,Android,Returning,2025-05-20
2679,Hyderabad,Android,Returning,2025-10-21
2680,Chennai,iOS,Returning,2025-01-09
2681,Hyderabad,Android,New,2026-05-19
2682,Delhi,Android,Returning,2025-11-03
2683,Bangalore,Android,Returning,2026-03-17
2684,Delhi,Android,Returning,2025-08-25
2685,Mumbai,Android,New,2026-01-18
2686,Pune,Android,New,2026-02-26
2687,Hyderabad,Android,Returning,2026-03-24
2688,Mumbai,Android,Returning,2025-09-13
2689,Hyderabad,Android,New,2026-02-04
2690,Bangalore,iOS,New,2025-08-14
2691,Hyderabad,Android,Returning,2025-03-23
2692,Pune,Android,New,2025-09-03
2693,Bangalore,Android,Returning,2025-10-06
2694,Hyderabad,Android,Returning,2025-10-03
2695,Delhi,Android,Returning,2025-07-12
2696,Mumbai,Android,Returning,2025-07-06
2697,Delhi,iOS,Returning,2025-10-24
2698,Pune,Android,Returning,2026-04-12
2699,Bangalore,Android,Returning,2026-04-09
2700,Mumbai,Android,Returning,2026-05-19
2701,Delhi,Android,Returning,2025-11-25
2702,Delhi,iOS,New,2025-06-05
2703,Mumbai,Android,Returning,2025-01-23
2704,Bangalore,iOS,Returning,2025-04-15
2705,Mumbai,Android,Returning,2025-10-03
2706,Chennai,Android,New,2026-03-25
2707,Mumbai,Android,New,2025-01-09
2708,Mumbai,Android,Returning,2025-04-03
2709,Hyderabad,Android,New,2025-01-16
2710,Bangalore,Android,New,2025-08-11
2711,Bangalore,Android,New,2026-03-07
2712,Bangalore,iOS,Returning,2026-05-26
2713,Chennai,Android,Returning,2026-04-20
2714,Bangalore,iOS,New,2025-02-02
2715,Mumbai,Android,Returning,2025-03-24
2716,Bangalore,Android,New,2025-02-27
2717,Delhi,Android,New,2026-02-06
2718,Mumbai,Android,Returning,2026-04-27
2719,Bangalore,Android,Returning,2025-07-16
2720,Delhi,Android,Returning,2026-01-26
2721,Chennai,Android,New,2025-05-05
2722,Hyderabad,Android,Returning,2025-09-12
2723,Mumbai,Android,New,2026-03-30
2724,Mumbai,Android,Returning,2025-02-04
2725,Chennai,Android,New,2026-04-17
2726,Pune,Android,New,2025-04-07
2727,Hyderabad,Android,Returning,2025-08-02
2728,Chennai,Android,New,2026-02-03
2729,Bangalore,Android,Returning,2025-11-16
2730,Chennai,iOS,Returning,2025-06-12
2731,Chennai,iOS,New,2025-02-13
2732,Delhi,Android,New,2026-06-18
2733,Hyderabad,Android,Returning,2025-09-17
2734,Mumbai,Android,Returning,2025-11-02
2735,Delhi,iOS,Returning,2026-01-05
2736,Delhi,Android,New,2025-08-12
2737,Chennai,Android,Returning,2025-08-30
2738,Bangalore,Android,Returning,2026-03-21
2739,Mumbai,Android,Returning,2025-01-16
2740,Pune,Android,New,2025-10-10
2741,Hyderabad,iOS,New,2025-05-03
2742,Delhi,Android,Returning,2025-09-06
2743,Pune,Android,Returning,2025-02-13
2744,Chennai,Android,Returning,2026-05-02
2745,Bangalore,Android,Returning,2025-06-08
2746,Mumbai,Android,Returning,2025-04-02
2747,Hyderabad,Android,New,2025-06-11
2748,Chennai,Android,New,2025-04-04
2749,Chennai,Android,Returning,2025-12-13
2750,Delhi,Android,Returning,2025-03-03
2751,Chennai,Android,New,2025-12-31
2752,Chennai,Android,Returning,2025-06-07
2753,Mumbai,Android,New,2025-04-20
2754,Mumbai,Android,New,2026-05-15
2755,Pune,Android,Returning,2025-11-21
2756,Hyderabad,Android,Returning,2025-12-22
2757,Delhi,iOS,Returning,2025-07-17
2758,Bangalore,Android,Returning,2026-01-22
2759,Bangalore,iOS,Returning,2025-05-18
2760,Hyderabad,Android,Returning,2025-02-10
2761,Pune,iOS,Returning,2026-03-25
2762,Pune,Android,Returning,2025-10-29
2763,Mumbai,Android,New,2026-05-17
2764,Pune,Android,New,2025-07-11
2765,Bangalore,Android,New,2025-12-23
2766,Bangalore,Android,New,2026-04-25
2767,Delhi,Android,Returning,2025-06-14
2768,Hyderabad,Android,New,2025-06-08
2769,Bangalore,Android,Returning,2025-10-30
2770,Hyderabad,Android,Returning,2026-01-11
2771,Chennai,Android,Returning,2025-01-01
2772,Hyderabad,iOS,Returning,2026-06-03
2773,Delhi,Android,New,2025-07-09
2774,Pune,Android,New,2026-01-08
2775,Bangalore,Android,New,2025-09-02
2776,Chennai,Android,Returning,2025-03-06
2777,Mumbai,iOS,Returning,2026-02-01
2778,Chennai,iOS,Returning,2026-06-21
2779,Pune,Android,Returning,2026-05-25
2780,Pune,Android,Returning,2025-06-07
2781,Bangalore,Android,Returning,2025-10-17
2782,Chennai,Android,New,2026-02-24
2783,Delhi,iOS,New,2025-11-26
2784,Pune,Android,Returning,2025-04-09
2785,Delhi,iOS,Returning,2025-03-10
2786,Mumbai,iOS,New,2025-05-13
2787,Mumbai,iOS,Returning,2025-02-02
2788,Hyderabad,Android,New,2025-04-20
2789,Delhi,Android,Returning,2025-07-16
2790,Pune,iOS,Returning,2025-02-02
2791,Chennai,Android,Returning,2026-02-02
2792,Pune,iOS,Returning,2026-05-17
2793,Delhi,Android,New,2025-09-20
2794,Mumbai,Android,Returning,2026-01-11
2795,Delhi,iOS,Returning,2025-03-14
2796,Chennai,Android,Returning,2025-08-02
2797,Delhi,Android,Returning,2026-05-19
2798,Chennai,Android,Returning,2026-04-25
2799,Bangalore,Android,Returning,2025-03-04
2800,Bangalore,Android,Returning,2026-03-02
2801,Pune,Android,New,2025-03-01
2802,Pune,Android,Returning,2025-09-30
2803,Chennai,Android,Returning,2025-02-11
2804,Bangalore,iOS,Returning,2025-03-14
2805,Mumbai,Android,Returning,2025-03-21
2806,Delhi,Android,Returning,2026-06-16
2807,Chennai,iOS,New,2025-04-14
2808,Pune,Android,Returning,2025-08-25
2809,Mumbai,iOS,New,2026-01-30
2810,Pune,Android,New,2025-07-17
2811,Pune,Android,Returning,2025-09-12
2812,Pune,iOS,Returning,2025-07-03
2813,Chennai,Android,Returning,2026-03-02
2814,Chennai,Android,New,2025-04-19
2815,Chennai,Android,New,2026-01-02
2816,Chennai,Android,Returning,2026-04-15
2817,Delhi,Android,New,2026-03-14
2818,Mumbai,Android,New,2025-06-20
2819,Pune,Android,Returning,2026-02-16
2820,Chennai,Android,New,2025-12-12
2821,Pune,Android,Returning,2025-06-11
2822,Bangalore,Android,New,2026-03-30
2823,Pune,Android,New,2025-11-19
2824,Bangalore,Android,Returning,2025-11-29
2825,Chennai,Android,Returning,2026-02-27
2826,Chennai,Android,Returning,2026-03-17
2827,Pune,Android,Returning,2025-11-28
2828,Pune,Android,New,2025-09-04
2829,Hyderabad,Android,Returning,2025-08-08
2830,Bangalore,iOS,Returning,2025-09-18
2831,Hyderabad,Android,New,2026-04-09
2832,Delhi,iOS,Returning,2026-02-11
2833,Bangalore,Android,Returning,2025-02-05
2834,Pune,Android,Returning,2025-01-17
2835,Bangalore,Android,Returning,2025-05-19
2836,Bangalore,iOS,New,2025-01-07
2837,Mumbai,Android,New,2025-08-16
2838,Delhi,iOS,New,2025-11-19
2839,Pune,Android,New,2025-10-10
2840,Pune,Android,New,2026-06-08
2841,Delhi,Android,Returning,2025-06-08
2842,Hyderabad,iOS,New,2025-02-08
2843,Mumbai,Android,Returning,2025-12-31
2844,Bangalore,Android,Returning,2025-05-22
2845,Pune,Android,Returning,2026-01-11
2846,Mumbai,Android,New,2025-09-13
2847,Bangalore,Android,Returning,2025-09-20
2848,Pune,Android,New,2025-04-05
2849,Pune,Android,Returning,2026-02-14
2850,Chennai,iOS,New,2025-08-11
2851,Chennai,Android,Returning,2025-03-21
2852,Hyderabad,Android,New,2025-11-29
2853,Hyderabad,iOS,New,2025-06-27
2854,Pune,iOS,New,2025-04-08
2855,Delhi,Android,Returning,2025-11-04
2856,Delhi,Android,Returning,2026-01-26
2857,Bangalore,Android,Returning,2025-02-27
2858,Hyderabad,Android,New,2025-12-23
2859,Delhi,Android,New,2026-03-03
2860,Chennai,Android,New,2025-08-21
2861,Chennai,Android,Returning,2025-01-12
2862,Delhi,Android,New,2026-01-27
2863,Pune,Android,Returning,2025-11-09
2864,Bangalore,Android,New,2025-02-12
2865,Bangalore,Android,Returning,2025-06-03
2866,Chennai,iOS,Returning,2026-05-30
2867,Mumbai,Android,Returning,2025-08-15
2868,Chennai,Android,Returning,2025-02-21
2869,Hyderabad,Android,New,2026-02-07
2870,Delhi,Android,Returning,2026-06-01
2871,Hyderabad,iOS,Returning,2025-08-16
2872,Hyderabad,iOS,Returning,2025-10-24
2873,Mumbai,Android,Returning,2025-06-01
2874,Delhi,Android,Returning,2025-12-11
2875,Pune,iOS,Returning,2026-05-03
2876,Pune,Android,Returning,2025-02-20
2877,Bangalore,Android,Returning,2026-02-13
2878,Hyderabad,iOS,Returning,2025-03-29
2879,Hyderabad,Android,Returning,2026-05-29
2880,Mumbai,Android,New,2025-05-14
2881,Pune,Android,Returning,2026-05-08
2882,Hyderabad,iOS,New,2025-07-22
2883,Chennai,iOS,Returning,2026-02-09
2884,Pune,Android,New,2025-07-20
2885,Mumbai,Android,Returning,2026-06-21
2886,Delhi,Android,Returning,2025-09-06
2887,Hyderabad,Android,Returning,2025-09-30
2888,Chennai,Android,Returning,2025-11-28
2889,Delhi,Android,New,2025-04-02
2890,Hyderabad,iOS,New,2026-02-28
2891,Bangalore,Android,Returning,2026-01-10
2892,Bangalore,Android,New,2025-07-15
2893,Pune,Android,Returning,2025-12-19
2894,Bangalore,Android,Returning,2025-01-25
2895,Bangalore,iOS,New,2025-06-23
2896,Pune,Android,Returning,2026-03-29
2897,Hyderabad,iOS,Returning,2025-05-30
2898,Mumbai,Android,Returning,2025-02-15
2899,Chennai,Android,Returning,2025-07-24
2900,Mumbai,iOS,New,2026-01-18
2901,Delhi,Android,New,2025-03-29
2902,Mumbai,Android,Returning,2025-02-25
2903,Bangalore,Android,New,2025-06-01
2904,Bangalore,Android,Returning,2025-01-15
2905,Bangalore,Android,Returning,2025-04-24
2906,Hyderabad,Android,Returning,2026-04-06
2907,Bangalore,iOS,New,2025-01-24
2908,Chennai,Android,New,2025-08-03
2909,Mumbai,Android,Returning,2025-08-05
2910,Bangalore,iOS,Returning,2026-06-20
2911,Pune,iOS,Returning,2026-05-10
2912,Chennai,Android,Returning,2025-05-25
2913,Hyderabad,Android,Returning,2025-01-19
2914,Delhi,Android,New,2026-06-24
2915,Mumbai,Android,Returning,2025-09-19
2916,Bangalore,iOS,Returning,2025-03-03
2917,Chennai,iOS,Returning,2025-07-25
2918,Delhi,Android,Returning,2025-10-05
2919,Chennai,iOS,Returning,2026-04-22
2920,Delhi,Android,Returning,2025-01-09
2921,Chennai,Android,New,2026-02-02
2922,Chennai,Android,New,2025-10-05
2923,Delhi,iOS,New,2026-01-04
2924,Bangalore,Android,Returning,2025-01-20
2925,Mumbai,Android,Returning,2026-01-31
2926,Pune,Android,Returning,2026-01-25
2927,Bangalore,iOS,Returning,2025-04-12
2928,Pune,Android,Returning,2026-05-12
2929,Mumbai,Android,New,2025-04-01
2930,Pune,Android,Returning,2025-07-23
2931,Pune,Android,Returning,2026-04-14
2932,Delhi,Android,Returning,2025-01-23
2933,Pune,Android,Returning,2025-09-11
2934,Bangalore,Android,New,2025-11-09
2935,Hyderabad,iOS,Returning,2026-05-17
2936,Delhi,Android,New,2025-06-10
2937,Chennai,Android,Returning,2025-12-22
2938,Bangalore,Android,New,2025-12-27
2939,Mumbai,iOS,Returning,2025-11-06
2940,Bangalore,Android,Returning,2026-05-29
2941,Chennai,Android,Returning,2025-03-05
2942,Hyderabad,Android,Returning,2025-09-21
2943,Pune,Android,Returning,2025-01-31
2944,Mumbai,Android,Returning,2025-10-14
2945,Bangalore,iOS,Returning,2025-06-05
2946,Chennai,Android,Returning,2026-02-07
2947,Delhi,Android,New,2025-05-21
2948,Pune,Android,New,2026-01-27
2949,Hyderabad,iOS,New,2025-08-21
2950,Pune,iOS,Returning,2025-09-04
2951,Hyderabad,Android,Returning,2025-06-06
2952,Pune,Android,Returning,2025-11-16
2953,Hyderabad,Android,Returning,2025-12-04
2954,Mumbai,Android,Returning,2025-05-15
2955,Pune,Android,New,2025-05-22
2956,Mumbai,Android,Returning,2025-07-27
2957,Chennai,Android,Returning,2025-11-13
2958,Mumbai,Android,New,2026-06-21
2959,Mumbai,iOS,Returning,2026-03-17
2960,Bangalore,Android,Returning,2025-06-11
2961,Pune,Android,Returning,2025-03-11
2962,Mumbai,Android,Returning,2025-05-02
2963,Mumbai,Android,Returning,2025-11-22
2964,Bangalore,Android,Returning,2025-01-31
2965,Hyderabad,Android,Returning,2026-02-28
2966,Hyderabad,Android,New,2025-11-07
2967,Mumbai,Android,Returning,2025-10-08
2968,Delhi,Android,Returning,2025-07-12
2969,Mumbai,Android,New,2025-05-15
2970,Pune,Android,New,2025-01-27
2971,Pune,Android,New,2025-10-01
2972,Pune,Android,Returning,2025-08-25
2973,Mumbai,iOS,New,2025-08-26
2974,Bangalore,Android,New,2025-01-27
2975,Chennai,Android,Returning,2025-03-23
2976,Mumbai,Android,New,2026-05-04
2977,Pune,Android,Returning,2026-05-30
2978,Chennai,Android,Returning,2026-04-26
2979,Mumbai,Android,Returning,2026-01-18
2980,Hyderabad,Android,Returning,2026-02-01
2981,Mumbai,Android,Returning,2026-05-01
2982,Mumbai,Android,Returning,2025-06-17
2983,Delhi,Android,Returning,2025-08-20
2984,Delhi,iOS,New,2026-02-23
2985,Hyderabad,iOS,Returning,2025-10-04
2986,Chennai,Android,New,2025-08-16
2987,Mumbai,iOS,Returning,2025-07-27
2988,Mumbai,Android,Returning,2025-03-09
2989,Pune,Android,New,2026-03-26
2990,Chennai,Android,Returning,2026-05-17
2991,Hyderabad,Android,New,2025-11-29
2992,Hyderabad,iOS,New,2025-09-10
2993,Delhi,Android,New,2026-02-19
2994,Chennai,Android,Returning,2026-01-25
2995,Hyderabad,Android,Returning,2025-11-17
2996,Chennai,Android,Returning,2026-06-22
2997,Pune,Android,Returning,2025-02-09
2998,Hyderabad,Android,Returning,2025-04-22
2999,Delhi,Android,Returning,2026-04-13
3000,Pune,Android,New,2025-09-09
3001,Chennai,Android,New,2026-02-10
3002,Pune,iOS,Returning,2025-02-10
3003,Pune,Android,Returning,2026-02-01
3004,Mumbai,Android,New,2025-02-20
3005,Hyderabad,Android,New,2025-10-26
3006,Bangalore,iOS,Returning,2026-02-12
3007,Hyderabad,iOS,Returning,2025-10-20
3008,Hyderabad,Android,Returning,2025-06-20
3009,Pune,Android,Returning,2025-10-29
3010,Chennai,Android,New,2025-02-25
3011,Mumbai,Android,Returning,2026-06-14
3012,Chennai,iOS,New,2026-04-20
3013,Delhi,Android,New,2026-04-08
3014,Delhi,iOS,New,2026-05-28
3015,Pune,Android,New,2025-07-04
3016,Hyderabad,Android,Returning,2025-05-19
3017,Bangalore,Android,New,2026-02-28
3018,Delhi,Android,New,2026-04-07
3019,Hyderabad,Android,Returning,2025-07-03
3020,Hyderabad,Android,Returning,2025-07-26
3021,Bangalore,Android,New,2025-04-03
3022,Chennai,Android,New,2025-11-28
3023,Chennai,Android,Returning,2025-06-17
3024,Delhi,Android,Returning,2025-05-07
3025,Chennai,iOS,Returning,2025-04-27
3026,Chennai,Android,Returning,2026-04-06
3027,Delhi,Android,Returning,2026-01-07
3028,Chennai,iOS,Returning,2026-06-21
3029,Chennai,Android,Returning,2026-01-29
3030,Pune,iOS,Returning,2026-06-08
3031,Hyderabad,Android,New,2025-06-13
3032,Delhi,Android,Returning,2026-01-25
3033,Bangalore,Android,Returning,2025-06-24
3034,Mumbai,Android,New,2025-06-03
3035,Mumbai,Android,New,2025-05-29
3036,Hyderabad,iOS,New,2025-02-22
3037,Bangalore,Android,Returning,2025-11-12
3038,Bangalore,Android,New,2026-04-02
3039,Delhi,Android,Returning,2025-07-05
3040,Mumbai,Android,Returning,2025-05-15
3041,Pune,Android,Returning,2025-01-04
3042,Delhi,Android,New,2025-09-17
3043,Hyderabad,Android,Returning,2026-04-15
3044,Pune,Android,New,2026-05-26
3045,Pune,Android,New,2025-01-06
3046,Mumbai,Android,Returning,2026-05-21
3047,Pune,Android,Returning,2025-08-11
3048,Hyderabad,Android,Returning,2026-05-03
3049,Hyderabad,Android,Returning,2026-02-24
3050,Pune,Android,Returning,2025-03-23
3051,Mumbai,Android,Returning,2025-01-07
3052,Pune,Android,Returning,2025-10-12
3053,Delhi,Android,New,2025-08-01
3054,Mumbai,Android,New,2025-07-09
3055,Chennai,Android,Returning,2025-02-26
3056,Delhi,iOS,Returning,2025-12-24
3057,Delhi,iOS,Returning,2025-05-29
3058,Bangalore,Android,Returning,2025-11-02
3059,Delhi,Android,Returning,2025-03-31
3060,Hyderabad,Android,Returning,2025-04-22
3061,Mumbai,Android,New,2025-07-02
3062,Pune,Android,Returning,2025-10-19
3063,Hyderabad,iOS,Returning,2025-07-01
3064,Delhi,Android,New,2026-01-04
3065,Bangalore,Android,New,2025-04-06
3066,Bangalore,Android,Returning,2025-11-27
3067,Delhi,Android,New,2026-01-24
3068,Pune,Android,New,2026-03-14
3069,Bangalore,Android,Returning,2025-03-08
3070,Mumbai,Android,Returning,2026-04-28
3071,Chennai,Android,Returning,2025-05-05
3072,Bangalore,Android,Returning,2025-10-09
3073,Hyderabad,Android,New,2026-06-24
3074,Mumbai,Android,Returning,2026-06-22
3075,Pune,Android,Returning,2025-08-03
3076,Delhi,Android,Returning,2025-03-01
3077,Hyderabad,Android,New,2025-03-31
3078,Hyderabad,Android,New,2025-10-22
3079,Bangalore,Android,Returning,2025-11-21
3080,Pune,Android,Returning,2026-06-23
3081,Mumbai,Android,New,2025-12-29
3082,Pune,Android,Returning,2026-05-24
3083,Hyderabad,Android,Returning,2026-05-25
3084,Pune,Android,Returning,2025-07-04
3085,Chennai,Android,New,2025-08-27
3086,Mumbai,Android,Returning,2025-10-25
3087,Delhi,Android,Returning,2025-01-02
3088,Hyderabad,Android,Returning,2025-01-25
3089,Chennai,Android,New,2025-05-01
3090,Pune,Android,New,2025-08-01
3091,Hyderabad,Android,New,2026-03-01
3092,Bangalore,Android,Returning,2025-02-16
3093,Pune,Android,Returning,2025-12-25
3094,Delhi,Android,New,2025-08-06
3095,Chennai,Android,New,2025-07-26
3096,Bangalore,Android,Returning,2025-10-16
3097,Bangalore,Android,Returning,2025-03-11
3098,Pune,Android,New,2025-11-04
3099,Delhi,Android,Returning,2025-11-28
3100,Chennai,Android,New,2025-04-27
3101,Bangalore,Android,Returning,2025-12-08
3102,Chennai,iOS,Returning,2026-02-10
3103,Mumbai,Android,Returning,2025-01-30
3104,Bangalore,Android,New,2025-07-18
3105,Chennai,Android,New,2025-12-13
3106,Hyderabad,Android,New,2026-05-06
3107,Chennai,Android,Returning,2025-02-06
3108,Hyderabad,Android,Returning,2025-05-20
3109,Chennai,Android,Returning,2025-06-09
3110,Pune,Android,New,2026-04-17
3111,Hyderabad,Android,Returning,2025-12-10
3112,Chennai,Android,Returning,2026-02-28
3113,Pune,Android,Returning,2025-02-27
3114,Pune,Android,Returning,2025-11-03
3115,Pune,Android,Returning,2025-11-20
3116,Mumbai,Android,Returning,2025-01-20
3117,Bangalore,Android,New,2025-12-06
3118,Mumbai,Android,Returning,2025-03-09
3119,Delhi,Android,Returning,2025-10-15
3120,Hyderabad,iOS,Returning,2025-12-14
3121,Pune,iOS,New,2025-06-19
3122,Mumbai,Android,Returning,2026-02-03
3123,Bangalore,Android,Returning,2025-04-30
3124,Chennai,Android,Returning,2025-11-19
3125,Bangalore,Android,New,2025-02-02
3126,Delhi,Android,New,2026-02-28
3127,Mumbai,Android,New,2026-05-24
3128,Hyderabad,Android,Returning,2026-01-16
3129,Mumbai,Android,Returning,2025-11-06
3130,Bangalore,iOS,New,2026-06-22
3131,Delhi,Android,Returning,2025-06-29
3132,Delhi,Android,Returning,2026-01-19
3133,Delhi,iOS,Returning,2025-07-26
3134,Pune,iOS,New,2026-03-31
3135,Hyderabad,Android,Returning,2025-01-26
3136,Mumbai,Android,Returning,2026-05-28
3137,Bangalore,Android,Returning,2025-07-14
3138,Chennai,Android,Returning,2026-05-11
3139,Bangalore,Android,Returning,2026-06-21
3140,Mumbai,iOS,New,2025-12-02
3141,Pune,iOS,Returning,2025-04-11
3142,Mumbai,Android,Returning,2025-05-16
3143,Hyderabad,Android,Returning,2025-02-07
3144,Chennai,iOS,Returning,2026-02-01
3145,Delhi,iOS,Returning,2026-06-19
3146,Bangalore,Android,Returning,2025-01-05
3147,Chennai,iOS,New,2025-02-15
3148,Bangalore,iOS,Returning,2025-03-31
3149,Delhi,Android,New,2026-04-24
3150,Pune,Android,New,2025-04-16
3151,Delhi,Android,Returning,2025-11-16
3152,Chennai,Android,Returning,2025-11-16
3153,Bangalore,Android,Returning,2025-08-03
3154,Mumbai,Android,Returning,2025-07-25
3155,Bangalore,Android,Returning,2025-10-21
3156,Hyderabad,Android,Returning,2025-11-23
3157,Bangalore,Android,New,2025-05-01
3158,Mumbai,Android,Returning,2025-06-02
3159,Delhi,Android,Returning,2025-10-08
3160,Pune,Android,New,2025-01-16
3161,Delhi,Android,Returning,2026-06-11
3162,Pune,Android,Returning,2025-07-31
3163,Pune,Android,New,2025-12-25
3164,Bangalore,iOS,Returning,2025-11-23
3165,Chennai,Android,New,2025-05-25
3166,Pune,Android,Returning,2025-10-18
3167,Mumbai,Android,Returning,2025-09-08
3168,Bangalore,Android,Returning,2025-03-14
3169,Pune,Android,New,2025-12-13
3170,Delhi,Android,New,2026-03-31
3171,Delhi,Android,Returning,2025-05-14
3172,Chennai,Android,Returning,2026-04-28
3173,Delhi,Android,New,2025-02-21
3174,Delhi,Android,Returning,2026-01-28
3175,Hyderabad,Android,Returning,2025-03-30
3176,Mumbai,Android,Returning,2026-02-06
3177,Pune,Android,Returning,2026-04-02
3178,Bangalore,iOS,Returning,2025-12-31
3179,Mumbai,Android,Returning,2025-12-07
3180,Hyderabad,iOS,Returning,2025-03-22
3181,Delhi,Android,Returning,2025-05-15
3182,Delhi,Android,Returning,2026-04-25
3183,Bangalore,Android,Returning,2026-04-12
3184,Hyderabad,Android,New,2026-04-22
3185,Mumbai,Android,Returning,2025-08-26
3186,Pune,Android,New,2025-05-28
3187,Bangalore,iOS,Returning,2025-09-22
3188,Mumbai,Android,New,2026-02-06
3189,Bangalore,Android,Returning,2025-12-05
3190,Hyderabad,iOS,Returning,2026-04-10
3191,Delhi,Android,Returning,2025-01-31
3192,Delhi,Android,New,2026-05-02
3193,Hyderabad,Android,Returning,2025-12-26
3194,Mumbai,Android,Returning,2026-04-18
3195,Bangalore,Android,Returning,2025-10-17
3196,Pune,Android,Returning,2025-05-11
3197,Hyderabad,Android,Returning,2025-04-16
3198,Bangalore,iOS,New,2025-04-20
3199,Bangalore,Android,New,2025-03-14
3200,Hyderabad,Android,Returning,2026-04-18
3201,Mumbai,Android,Returning,2026-02-28
3202,Pune,Android,Returning,2025-09-07
3203,Hyderabad,Android,Returning,2025-06-12
3204,Delhi,Android,New,2026-01-29
3205,Mumbai,Android,Returning,2025-12-15
3206,Hyderabad,Android,Returning,2026-03-18
3207,Pune,iOS,Returning,2025-12-17
3208,Mumbai,Android,Returning,2025-08-30
3209,Chennai,Android,Returning,2025-03-21
3210,Delhi,Android,Returning,2026-05-14
3211,Bangalore,iOS,Returning,2026-04-20
3212,Hyderabad,Android,New,2025-04-10
3213,Bangalore,Android,New,2025-06-30
3214,Delhi,iOS,Returning,2026-02-20
3215,Chennai,Android,Returning,2025-04-22
3216,Bangalore,Android,Returning,2026-01-24
3217,Chennai,iOS,Returning,2026-05-22
3218,Delhi,Android,Returning,2025-03-04
3219,Mumbai,Android,New,2025-08-11
3220,Mumbai,Android,Returning,2025-01-01
3221,Hyderabad,Android,New,2025-06-02
3222,Hyderabad,Android,New,2025-10-26
3223,Mumbai,Android,Returning,2026-04-03
3224,Chennai,iOS,Returning,2025-07-30
3225,Bangalore,Android,Returning,2025-11-21
3226,Hyderabad,iOS,Returning,2025-11-08
3227,Delhi,Android,New,2025-12-19
3228,Pune,iOS,New,2025-01-09
3229,Hyderabad,Android,Returning,2026-06-07
3230,Bangalore,Android,New,2025-05-11
3231,Bangalore,Android,Returning,2025-03-05
3232,Delhi,iOS,New,2025-02-24
3233,Delhi,iOS,New,2026-01-03
3234,Delhi,Android,New,2025-10-16
3235,Hyderabad,iOS,Returning,2025-08-29
3236,Chennai,Android,Returning,2026-02-08
3237,Chennai,Android,Returning,2025-11-22
3238,Hyderabad,Android,Returning,2026-01-27
3239,Hyderabad,Android,New,2026-01-26
3240,Chennai,Android,New,2025-08-05
3241,Hyderabad,Android,Returning,2025-06-27
3242,Mumbai,Android,New,2025-05-23
3243,Bangalore,Android,Returning,2026-01-29
3244,Mumbai,iOS,Returning,2026-03-04
3245,Chennai,Android,Returning,2025-10-23
3246,Mumbai,Android,New,2025-05-09
3247,Delhi,Android,New,2025-01-12
3248,Mumbai,iOS,New,2025-01-17
3249,Chennai,Android,New,2026-05-14
3250,Mumbai,Android,Returning,2026-03-24
3251,Mumbai,Android,New,2025-03-28
3252,Hyderabad,Android,New,2026-03-02
3253,Pune,Android,Returning,2026-03-12
3254,Hyderabad,Android,Returning,2025-07-04
3255,Hyderabad,iOS,Returning,2026-06-06
3256,Hyderabad,Android,Returning,2026-04-06
3257,Mumbai,iOS,Returning,2025-12-30
3258,Hyderabad,Android,New,2025-07-10
3259,Pune,iOS,Returning,2025-01-08
3260,Chennai,iOS,New,2026-05-26
3261,Chennai,Android,New,2025-08-31
3262,Bangalore,Android,New,2026-05-29
3263,Pune,Android,Returning,2026-02-25
3264,Delhi,Android,Returning,2026-01-11
3265,Pune,Android,Returning,2025-02-08
3266,Chennai,Android,Returning,2026-05-10
3267,Delhi,iOS,New,2026-01-13
3268,Chennai,Android,New,2026-05-09
3269,Mumbai,Android,Returning,2025-03-23
3270,Bangalore,Android,Returning,2026-06-24
3271,Pune,Android,Returning,2026-04-22
3272,Pune,iOS,New,2025-03-22
3273,Mumbai,Android,New,2025-04-01
3274,Chennai,Android,Returning,2026-04-29
3275,Chennai,Android,Returning,2025-03-21
3276,Pune,Android,Returning,2025-11-16
3277,Bangalore,Android,New,2025-02-24
3278,Hyderabad,Android,Returning,2025-01-12
3279,Pune,Android,New,2026-04-10
3280,Pune,Android,Returning,2026-04-26
3281,Hyderabad,Android,New,2025-12-06
3282,Bangalore,Android,Returning,2025-12-28
3283,Mumbai,Android,Returning,2025-10-24
3284,Chennai,Android,Returning,2025-02-06
3285,Chennai,Android,Returning,2025-11-08
3286,Delhi,Android,New,2025-09-24
3287,Pune,Android,Returning,2026-04-30
3288,Pune,Android,Returning,2025-06-23
3289,Chennai,iOS,New,2025-02-22
3290,Chennai,Android,Returning,2025-10-26
3291,Bangalore,iOS,Returning,2025-01-28
3292,Delhi,Android,New,2026-05-12
3293,Pune,Android,Returning,2025-05-10
3294,Bangalore,Android,New,2025-03-20
3295,Mumbai,Android,Returning,2025-09-16
3296,Bangalore,Android,New,2025-10-15
3297,Delhi,Android,Returning,2025-09-21
3298,Pune,Android,New,2025-04-25
3299,Pune,Android,New,2025-06-28
3300,Chennai,iOS,Returning,2025-06-04
3301,Bangalore,Android,Returning,2026-04-03
3302,Bangalore,Android,Returning,2025-06-29
3303,Hyderabad,Android,New,2025-08-30
3304,Pune,Android,Returning,2025-07-05
3305,Bangalore,iOS,New,2025-02-03
3306,Mumbai,iOS,Returning,2025-03-28
3307,Hyderabad,Android,New,2025-06-07
3308,Hyderabad,Android,Returning,2026-02-27
3309,Chennai,Android,Returning,2025-09-01
3310,Chennai,Android,Returning,2026-03-27
3311,Mumbai,Android,Returning,2025-06-21
3312,Delhi,Android,Returning,2025-12-20
3313,Delhi,iOS,New,2025-09-28
3314,Mumbai,iOS,Returning,2025-02-23
3315,Hyderabad,Android,Returning,2026-04-21
3316,Bangalore,Android,New,2026-05-03
3317,Chennai,Android,Returning,2026-05-03
3318,Hyderabad,Android,New,2025-08-28
3319,Hyderabad,iOS,Returning,2026-02-04
3320,Mumbai,Android,Returning,2025-09-26
3321,Delhi,Android,Returning,2026-03-22
3322,Hyderabad,Android,Returning,2025-10-23
3323,Chennai,Android,Returning,2026-01-27
3324,Pune,iOS,Returning,2025-11-20
3325,Delhi,Android,Returning,2025-02-12
3326,Hyderabad,Android,Returning,2025-12-29
3327,Bangalore,Android,New,2025-10-07
3328,Bangalore,Android,Returning,2025-10-04
3329,Bangalore,Android,New,2025-04-11
3330,Hyderabad,Android,New,2026-02-05
3331,Chennai,Android,Returning,2025-09-05
3332,Pune,Android,Returning,2025-07-19
3333,Chennai,iOS,Returning,2025-12-12
3334,Bangalore,Android,Returning,2025-07-04
3335,Chennai,Android,New,2025-01-11
3336,Delhi,Android,Returning,2025-01-09
3337,Hyderabad,Android,New,2025-01-13
3338,Pune,Android,Returning,2025-04-11
3339,Chennai,Android,New,2025-04-17
3340,Bangalore,Android,Returning,2026-04-02
3341,Chennai,Android,New,2025-08-13
3342,Bangalore,iOS,New,2025-10-18
3343,Delhi,Android,New,2025-07-17
3344,Pune,Android,Returning,2025-01-25
3345,Delhi,Android,New,2025-04-05
3346,Pune,Android,New,2025-08-11
3347,Chennai,Android,Returning,2025-05-05
3348,Delhi,Android,Returning,2025-05-03
3349,Hyderabad,Android,Returning,2025-05-14
3350,Delhi,iOS,New,2025-07-09
3351,Bangalore,Android,Returning,2025-07-08
3352,Hyderabad,Android,New,2025-10-29
3353,Chennai,Android,Returning,2025-03-19
3354,Bangalore,iOS,Returning,2026-04-10
3355,Chennai,Android,Returning,2026-03-14
3356,Bangalore,Android,New,2025-11-28
3357,Delhi,Android,Returning,2025-06-15
3358,Delhi,iOS,Returning,2025-10-11
3359,Hyderabad,Android,Returning,2026-01-27
3360,Delhi,Android,New,2025-12-07
3361,Bangalore,Android,New,2025-09-22
3362,Hyderabad,iOS,Returning,2025-07-02
3363,Hyderabad,Android,New,2025-03-13
3364,Pune,Android,New,2025-07-25
3365,Mumbai,iOS,Returning,2026-02-07
3366,Delhi,Android,New,2026-05-19
3367,Pune,iOS,New,2025-05-28
3368,Mumbai,Android,Returning,2026-03-18
3369,Hyderabad,iOS,New,2025-04-19
3370,Delhi,Android,Returning,2025-09-23
3371,Delhi,Android,New,2025-02-05
3372,Pune,Android,Returning,2025-03-14
3373,Hyderabad,Android,Returning,2025-09-14
3374,Hyderabad,Android,New,2025-01-20
3375,Chennai,iOS,Returning,2025-06-02
3376,Delhi,Android,Returning,2025-01-01
3377,Bangalore,Android,New,2026-02-04
3378,Chennai,Android,Returning,2025-06-05
3379,Hyderabad,iOS,Returning,2025-12-04
3380,Pune,iOS,New,2025-01-04
3381,Hyderabad,Android,New,2026-05-18
3382,Hyderabad,Android,New,2026-03-23
3383,Pune,Android,Returning,2025-03-13
3384,Delhi,iOS,New,2025-08-20
3385,Chennai,iOS,New,2026-01-29
3386,Delhi,Android,Returning,2026-05-09
3387,Bangalore,Android,New,2026-01-03
3388,Hyderabad,Android,New,2025-11-07
3389,Chennai,Android,Returning,2025-02-26
3390,Bangalore,iOS,New,2025-04-03
3391,Delhi,Android,Returning,2025-12-15
3392,Bangalore,Android,New,2026-04-16
3393,Mumbai,Android,Returning,2025-07-27
3394,Hyderabad,iOS,Returning,2025-02-10
3395,Bangalore,iOS,Returning,2025-07-15
3396,Delhi,iOS,New,2026-02-04
3397,Hyderabad,Android,New,2026-01-03
3398,Chennai,Android,New,2025-03-28
3399,Chennai,iOS,New,2026-03-25
3400,Mumbai,Android,Returning,2025-07-14
3401,Mumbai,Android,New,2025-02-06
3402,Chennai,Android,Returning,2025-01-26
3403,Hyderabad,Android,Returning,2025-09-02
3404,Delhi,Android,Returning,2026-02-03
3405,Hyderabad,Android,New,2025-11-12
3406,Delhi,Android,New,2026-04-06
3407,Bangalore,Android,Returning,2025-02-07
3408,Bangalore,Android,New,2025-02-27
3409,Hyderabad,Android,Returning,2025-02-13
3410,Mumbai,iOS,Returning,2025-05-02
3411,Hyderabad,Android,Returning,2026-06-20
3412,Chennai,iOS,Returning,2025-06-02
3413,Delhi,Android,Returning,2025-08-27
3414,Chennai,Android,New,2025-02-07
3415,Hyderabad,Android,Returning,2025-05-25
3416,Hyderabad,iOS,New,2025-01-20
3417,Mumbai,Android,Returning,2025-02-16
3418,Delhi,iOS,New,2025-05-14
3419,Chennai,Android,Returning,2025-06-26
3420,Bangalore,Android,Returning,2025-02-21
3421,Hyderabad,iOS,New,2025-04-10
3422,Pune,Android,New,2025-06-24
3423,Delhi,iOS,New,2025-03-07
3424,Hyderabad,Android,Returning,2025-04-27
3425,Delhi,Android,New,2025-08-14
3426,Hyderabad,Android,Returning,2025-07-27
3427,Chennai,iOS,Returning,2025-12-12
3428,Bangalore,Android,New,2026-02-16
3429,Chennai,Android,New,2025-05-04
3430,Bangalore,iOS,Returning,2025-05-21
3431,Delhi,Android,Returning,2025-08-07
3432,Bangalore,iOS,New,2025-06-27
3433,Delhi,Android,New,2025-03-06
3434,Mumbai,Android,New,2025-10-08
3435,Mumbai,Android,Returning,2026-03-02
3436,Pune,Android,New,2026-01-14
3437,Hyderabad,Android,New,2025-06-18
3438,Pune,iOS,Returning,2025-09-07
3439,Mumbai,Android,New,2025-02-11
3440,Chennai,Android,New,2025-04-13
3441,Mumbai,Android,New,2026-01-21
3442,Hyderabad,Android,Returning,2025-01-17
3443,Delhi,iOS,Returning,2025-03-24
3444,Mumbai,Android,Returning,2025-01-08
3445,Chennai,Android,Returning,2025-04-02
3446,Hyderabad,Android,Returning,2025-10-18
3447,Chennai,iOS,Returning,2026-05-03
3448,Mumbai,Android,Returning,2025-05-10
3449,Chennai,iOS,New,2025-05-27
3450,Pune,Android,Returning,2025-10-05
3451,Hyderabad,Android,New,2026-04-07
3452,Mumbai,Android,Returning,2025-09-02
3453,Pune,Android,New,2025-02-08
3454,Chennai,Android,Returning,2025-07-04
3455,Pune,iOS,Returning,2026-05-27
3456,Chennai,Android,Returning,2025-04-01
3457,Bangalore,Android,New,2025-11-05
3458,Delhi,Android,New,2026-03-05
3459,Mumbai,Android,Returning,2025-08-30
3460,Pune,Android,Returning,2025-05-01
3461,Pune,iOS,New,2025-04-08
3462,Pune,Android,Returning,2026-01-06
3463,Mumbai,Android,New,2026-06-04
3464,Chennai,Android,Returning,2026-04-21
3465,Bangalore,Android,Returning,2025-08-02
3466,Mumbai,Android,New,2025-02-24
3467,Mumbai,Android,New,2025-04-26
3468,Hyderabad,iOS,Returning,2026-05-01
3469,Mumbai,Android,Returning,2025-06-30
3470,Delhi,Android,New,2025-02-14
3471,Bangalore,iOS,Returning,2026-01-08
3472,Hyderabad,Android,New,2025-08-03
3473,Bangalore,Android,Returning,2025-09-15
3474,Delhi,Android,New,2026-04-10
3475,Chennai,iOS,New,2025-04-17
3476,Pune,Android,Returning,2025-02-23
3477,Mumbai,Android,New,2025-06-30
3478,Hyderabad,iOS,Returning,2025-01-30
3479,Delhi,Android,Returning,2026-06-12
3480,Mumbai,Android,Returning,2025-03-14
3481,Pune,Android,Returning,2026-04-01
3482,Hyderabad,iOS,Returning,2025-11-30
3483,Chennai,Android,New,2025-07-23
3484,Mumbai,iOS,Returning,2025-11-30
3485,Bangalore,Android,Returning,2025-04-23
3486,Delhi,Android,Returning,2025-08-22
3487,Chennai,Android,Returning,2025-08-31
3488,Mumbai,Android,Returning,2026-02-27
3489,Mumbai,Android,Returning,2026-01-20
3490,Hyderabad,Android,New,2025-03-17
3491,Delhi,Android,Returning,2026-05-12
3492,Mumbai,iOS,Returning,2026-03-23
3493,Pune,iOS,New,2025-08-10
3494,Mumbai,Android,Returning,2026-04-11
3495,Bangalore,Android,New,2026-02-01
3496,Hyderabad,iOS,New,2025-05-20
3497,Chennai,Android,New,2025-07-18
3498,Bangalore,iOS,Returning,2026-01-03
3499,Bangalore,Android,Returning,2025-07-27
3500,Delhi,Android,Returning,2025-05-11
3501,Bangalore,Android,New,2025-03-03
3502,Delhi,iOS,Returning,2025-05-20
3503,Hyderabad,Android,Returning,2026-04-22
3504,Mumbai,Android,New,2026-03-05
3505,Mumbai,Android,New,2025-12-18
3506,Pune,Android,Returning,2025-10-30
3507,Chennai,Android,New,2025-06-10
3508,Pune,Android,Returning,2025-06-24
3509,Delhi,Android,New,2025-08-24
3510,Pune,Android,Returning,2026-02-26
3511,Mumbai,Android,Returning,2026-05-16
3512,Hyderabad,iOS,Returning,2026-04-30
3513,Delhi,Android,Returning,2025-10-13
3514,Chennai,Android,Returning,2026-03-15
3515,Mumbai,Android,New,2025-09-10
3516,Hyderabad,Android,New,2025-12-02
3517,Pune,Android,Returning,2025-08-16
3518,Pune,Android,Returning,2025-06-02
3519,Hyderabad,Android,Returning,2025-01-06
3520,Delhi,Android,Returning,2025-02-15
3521,Chennai,Android,Returning,2026-04-27
3522,Delhi,Android,New,2026-06-01
3523,Pune,iOS,Returning,2026-03-12
3524,Hyderabad,Android,New,2026-02-08
3525,Hyderabad,Android,Returning,2025-04-11
3526,Mumbai,iOS,Returning,2026-05-23
3527,Pune,iOS,Returning,2025-03-27
3528,Chennai,Android,New,2025-01-13
3529,Mumbai,iOS,New,2026-02-21
3530,Bangalore,iOS,Returning,2025-05-16
3531,Mumbai,iOS,Returning,2025-10-30
3532,Delhi,Android,Returning,2025-04-03
3533,Chennai,Android,Returning,2026-05-07
3534,Mumbai,Android,Returning,2025-11-09
3535,Pune,Android,New,2026-04-16
3536,Hyderabad,Android,Returning,2025-01-25
3537,Mumbai,Android,New,2026-04-20
3538,Mumbai,Android,New,2026-02-20
3539,Chennai,Android,Returning,2026-01-15
3540,Chennai,Android,Returning,2026-04-21
3541,Chennai,Android,Returning,2025-01-02
3542,Hyderabad,Android,Returning,2025-03-14
3543,Pune,Android,New,2025-12-07
3544,Bangalore,Android,Returning,2025-02-03
3545,Bangalore,Android,New,2026-03-13
3546,Chennai,Android,Returning,2025-08-01
3547,Pune,Android,New,2025-03-24
3548,Chennai,Android,Returning,2025-12-10
3549,Pune,iOS,New,2025-02-26
3550,Delhi,Android,Returning,2026-01-08
3551,Hyderabad,Android,New,2025-04-24
3552,Hyderabad,iOS,Returning,2026-01-10
3553,Bangalore,Android,New,2025-02-11
3554,Mumbai,Android,New,2026-01-11
3555,Pune,iOS,Returning,2025-03-10
3556,Mumbai,Android,Returning,2025-07-29
3557,Mumbai,Android,New,2025-12-09
3558,Chennai,Android,Returning,2025-04-27
3559,Chennai,iOS,New,2026-05-05
3560,Chennai,Android,Returning,2025-08-03
3561,Bangalore,iOS,New,2025-08-19
3562,Bangalore,Android,Returning,2025-12-28
3563,Chennai,Android,Returning,2026-05-31
3564,Bangalore,Android,New,2026-03-10
3565,Delhi,Android,Returning,2025-02-25
3566,Bangalore,Android,Returning,2026-01-17
3567,Hyderabad,Android,New,2026-04-09
3568,Pune,Android,Returning,2026-05-29
3569,Hyderabad,iOS,Returning,2025-05-06
3570,Hyderabad,Android,New,2025-10-27
3571,Chennai,iOS,New,2026-01-12
3572,Mumbai,Android,New,2025-03-09
3573,Delhi,iOS,Returning,2026-04-14
3574,Hyderabad,Android,New,2025-03-24
3575,Bangalore,Android,Returning,2025-07-03
3576,Delhi,Android,New,2025-03-20
3577,Bangalore,iOS,Returning,2025-06-18
3578,Chennai,Android,Returning,2025-04-25
3579,Hyderabad,Android,Returning,2025-06-01
3580,Mumbai,Android,Returning,2025-06-04
3581,Chennai,Android,Returning,2026-06-18
3582,Bangalore,Android,Returning,2025-01-24
3583,Chennai,Android,New,2026-03-03
3584,Hyderabad,iOS,Returning,2025-05-16
3585,Hyderabad,Android,New,2025-12-22
3586,Chennai,Android,Returning,2026-03-31
3587,Bangalore,Android,Returning,2025-01-22
3588,Delhi,Android,Returning,2025-07-13
3589,Mumbai,iOS,Returning,2025-01-23
3590,Chennai,Android,Returning,2026-06-17
3591,Hyderabad,Android,Returning,2025-12-10
3592,Chennai,Android,Returning,2025-12-18
3593,Hyderabad,Android,Returning,2025-12-01
3594,Hyderabad,Android,Returning,2026-04-01
3595,Pune,Android,Returning,2025-11-08
3596,Bangalore,Android,Returning,2025-05-16
3597,Bangalore,Android,New,2025-06-25
3598,Hyderabad,iOS,Returning,2025-08-21
3599,Bangalore,Android,Returning,2026-01-16
3600,Mumbai,iOS,Returning,2025-02-18
3601,Bangalore,Android,New,2025-12-28
3602,Mumbai,Android,New,2026-04-12
3603,Chennai,iOS,New,2025-06-14
3604,Mumbai,Android,Returning,2025-10-20
3605,Chennai,Android,Returning,2025-06-29
3606,Mumbai,Android,New,2025-06-07
3607,Delhi,Android,Returning,2025-09-01
3608,Bangalore,Android,Returning,2025-02-12
3609,Hyderabad,Android,Returning,2025-05-10
3610,Bangalore,iOS,Returning,2025-09-24
3611,Mumbai,iOS,New,2025-07-08
3612,Chennai,Android,New,2025-02-05
3613,Bangalore,iOS,Returning,2025-11-21
3614,Bangalore,iOS,New,2025-06-01
3615,Pune,iOS,Returning,2026-04-05
3616,Pune,Android,Returning,2025-06-16
3617,Delhi,Android,Returning,2025-11-05
3618,Hyderabad,Android,Returning,2025-01-26
3619,Mumbai,Android,Returning,2026-05-27
3620,Bangalore,Android,Returning,2026-04-15
3621,Delhi,iOS,Returning,2025-06-09
3622,Bangalore,Android,Returning,2026-06-04
3623,Hyderabad,Android,New,2025-10-30
3624,Pune,Android,Returning,2025-10-24
3625,Pune,Android,Returning,2025-05-31
3626,Bangalore,iOS,Returning,2026-03-29
3627,Chennai,Android,Returning,2025-04-26
3628,Delhi,Android,Returning,2026-05-06
3629,Chennai,Android,New,2025-05-23
3630,Bangalore,Android,Returning,2025-04-30
3631,Hyderabad,Android,New,2025-01-26
3632,Hyderabad,Android,New,2025-08-14
3633,Delhi,iOS,New,2026-01-01
3634,Delhi,Android,Returning,2025-12-01
3635,Pune,Android,Returning,2025-07-19
3636,Mumbai,Android,Returning,2026-06-24
3637,Mumbai,Android,New,2025-10-12
3638,Delhi,Android,Returning,2025-01-24
3639,Chennai,Android,New,2026-04-02
3640,Pune,Android,Returning,2025-03-31
3641,Mumbai,Android,New,2026-02-08
3642,Bangalore,Android,Returning,2026-05-18
3643,Delhi,Android,Returning,2026-06-08
3644,Hyderabad,Android,New,2026-01-05
3645,Chennai,iOS,Returning,2025-06-01
3646,Bangalore,Android,New,2026-03-14
3647,Bangalore,Android,Returning,2026-01-31
3648,Bangalore,Android,Returning,2025-01-13
3649,Bangalore,Android,Returning,2025-12-20
3650,Hyderabad,Android,Returning,2025-11-12
3651,Mumbai,Android,Returning,2025-03-31
3652,Chennai,Android,Returning,2026-03-31
3653,Hyderabad,Android,Returning,2026-03-02
3654,Mumbai,iOS,New,2025-10-23
3655,Chennai,Android,New,2026-03-11
3656,Mumbai,iOS,Returning,2026-03-01
3657,Mumbai,Android,Returning,2025-03-30
3658,Bangalore,Android,Returning,2025-08-01
3659,Pune,Android,Returning,2026-05-02
3660,Delhi,Android,Returning,2025-12-10
3661,Delhi,Android,Returning,2026-01-20
3662,Hyderabad,Android,Returning,2025-01-07
3663,Hyderabad,Android,New,2025-10-07
3664,Pune,Android,Returning,2025-06-29
3665,Chennai,Android,Returning,2026-04-19
3666,Mumbai,Android,Returning,2025-05-21
3667,Hyderabad,iOS,Returning,2025-07-10
3668,Pune,Android,New,2025-10-24
3669,Delhi,Android,New,2026-05-18
3670,Pune,Android,Returning,2025-11-06
3671,Hyderabad,iOS,Returning,2025-11-08
3672,Mumbai,Android,Returning,2026-04-20
3673,Delhi,Android,New,2025-01-28
3674,Bangalore,Android,Returning,2025-06-07
3675,Chennai,Android,Returning,2025-11-04
3676,Delhi,Android,New,2026-04-29
3677,Hyderabad,Android,Returning,2025-10-22
3678,Hyderabad,Android,Returning,2025-07-03
3679,Delhi,iOS,Returning,2025-09-08
3680,Bangalore,Android,Returning,2025-05-03
3681,Delhi,Android,Returning,2026-05-20
3682,Pune,Android,Returning,2026-01-06
3683,Pune,Android,Returning,2026-05-08
3684,Bangalore,Android,Returning,2026-03-23
3685,Chennai,Android,Returning,2026-05-03
3686,Bangalore,Android,Returning,2025-05-03
3687,Chennai,Android,Returning,2026-06-09
3688,Bangalore,Android,New,2025-01-18
3689,Pune,Android,Returning,2025-06-16
3690,Mumbai,Android,New,2025-03-01
3691,Hyderabad,Android,New,2025-11-24
3692,Bangalore,iOS,Returning,2025-05-19
3693,Delhi,Android,New,2025-06-17
3694,Bangalore,Android,Returning,2025-10-07
3695,Chennai,Android,Returning,2026-03-06
3696,Delhi,Android,New,2025-12-31
3697,Bangalore,iOS,Returning,2025-10-24
3698,Pune,Android,New,2025-03-20
3699,Chennai,Android,Returning,2025-07-18
3700,Delhi,Android,New,2025-07-07
3701,Pune,Android,Returning,2025-06-21
3702,Bangalore,Android,Returning,2025-11-27
3703,Bangalore,Android,New,2025-11-05
3704,Delhi,Android,Returning,2026-01-07
3705,Mumbai,Android,Returning,2025-12-27
3706,Mumbai,Android,Returning,2025-01-14
3707,Bangalore,Android,Returning,2026-06-15
3708,Hyderabad,Android,Returning,2026-01-17
3709,Bangalore,Android,New,2026-02-26
3710,Delhi,Android,Returning,2025-06-16
3711,Mumbai,Android,Returning,2025-08-12
3712,Mumbai,Android,Returning,2026-05-31
3713,Pune,Android,Returning,2025-07-12
3714,Pune,Android,New,2026-06-23
3715,Hyderabad,Android,Returning,2025-04-27
3716,Delhi,Android,Returning,2026-04-17
3717,Mumbai,Android,New,2025-04-30
3718,Hyderabad,Android,Returning,2025-01-18
3719,Bangalore,Android,New,2025-12-23
3720,Mumbai,Android,New,2026-01-07
3721,Pune,Android,New,2026-03-29
3722,Bangalore,Android,Returning,2026-06-20
3723,Chennai,Android,Returning,2025-06-26
3724,Delhi,Android,New,2025-11-08
3725,Mumbai,Android,New,2025-05-02
3726,Chennai,Android,Returning,2025-05-12
3727,Chennai,Android,Returning,2025-05-26
3728,Bangalore,iOS,Returning,2025-08-21
3729,Mumbai,Android,Returning,2025-05-09
3730,Delhi,Android,New,2025-05-14
3731,Chennai,Android,Returning,2026-03-12
3732,Delhi,iOS,Returning,2025-04-25
3733,Hyderabad,Android,Returning,2025-01-20
3734,Delhi,iOS,Returning,2026-03-18
3735,Delhi,Android,New,2025-07-21
3736,Chennai,iOS,New,2025-02-03
3737,Pune,iOS,Returning,2026-06-10
3738,Hyderabad,Android,Returning,2025-03-02
3739,Bangalore,Android,New,2025-05-02
3740,Delhi,iOS,Returning,2025-02-14
3741,Chennai,Android,New,2025-11-05
3742,Delhi,Android,Returning,2025-01-11
3743,Pune,Android,Returning,2025-05-07
3744,Pune,Android,Returning,2025-07-30
3745,Mumbai,Android,Returning,2025-07-24
3746,Delhi,Android,Returning,2025-12-26
3747,Mumbai,Android,Returning,2025-04-03
3748,Pune,iOS,New,2025-10-12
3749,Bangalore,Android,Returning,2025-12-23
3750,Pune,Android,Returning,2025-06-14
3751,Pune,Android,Returning,2025-09-05
3752,Delhi,Android,New,2025-03-11
3753,Pune,Android,Returning,2025-01-15
3754,Chennai,Android,New,2025-08-11
3755,Bangalore,Android,Returning,2025-07-16
3756,Pune,iOS,Returning,2025-06-25
3757,Chennai,Android,New,2025-01-05
3758,Mumbai,Android,Returning,2025-04-12
3759,Chennai,Android,New,2026-06-01
3760,Bangalore,Android,New,2026-05-02
3761,Hyderabad,Android,Returning,2025-07-09
3762,Mumbai,Android,Returning,2025-04-20
3763,Hyderabad,Android,Returning,2025-12-30
3764,Mumbai,Android,Returning,2026-03-11
3765,Mumbai,Android,New,2026-06-11
3766,Delhi,Android,New,2026-02-22
3767,Delhi,Android,Returning,2025-11-18
3768,Delhi,iOS,Returning,2026-04-23
3769,Mumbai,Android,Returning,2026-06-17
3770,Bangalore,Android,Returning,2026-05-23
3771,Pune,Android,New,2025-10-23
3772,Delhi,Android,Returning,2025-02-11
3773,Hyderabad,Android,New,2025-12-02
3774,Hyderabad,Android,New,2025-04-29
3775,Hyderabad,iOS,Returning,2025-10-18
3776,Chennai,iOS,Returning,2025-11-16
3777,Mumbai,Android,Returning,2026-03-31
3778,Bangalore,Android,Returning,2026-02-22
3779,Mumbai,Android,Returning,2026-03-15
3780,Hyderabad,Android,Returning,2025-03-13
3781,Mumbai,Android,Returning,2026-01-12
3782,Chennai,Android,Returning,2025-01-14
3783,Chennai,Android,Returning,2026-05-19
3784,Hyderabad,iOS,New,2025-04-18
3785,Pune,iOS,New,2026-03-25
3786,Delhi,Android,Returning,2025-03-29
3787,Hyderabad,Android,Returning,2025-05-27
3788,Chennai,Android,New,2026-02-15
3789,Chennai,Android,Returning,2025-04-15
3790,Delhi,iOS,Returning,2025-06-22
3791,Mumbai,Android,Returning,2026-01-08
3792,Mumbai,Android,New,2025-12-13
3793,Delhi,Android,Returning,2026-02-18
3794,Hyderabad,Android,Returning,2025-08-27
3795,Bangalore,Android,New,2026-05-27
3796,Chennai,Android,Returning,2025-10-07
3797,Bangalore,Android,Returning,2026-02-14
3798,Chennai,Android,Returning,2026-05-03
3799,Hyderabad,Android,New,2026-02-19
3800,Bangalore,iOS,New,2026-06-08
3801,Hyderabad,Android,New,2025-05-31
3802,Delhi,Android,Returning,2025-04-21
3803,Hyderabad,Android,Returning,2025-09-14
3804,Mumbai,Android,Returning,2026-05-25
3805,Delhi,Android,New,2025-05-18
3806,Chennai,Android,New,2025-04-12
3807,Delhi,iOS,Returning,2025-02-24
3808,Chennai,Android,Returning,2026-05-26
3809,Mumbai,Android,Returning,2025-01-28
3810,Pune,iOS,Returning,2026-01-27
3811,Mumbai,iOS,Returning,2025-12-01
3812,Pune,Android,Returning,2025-11-07
3813,Delhi,Android,Returning,2025-04-09
3814,Hyderabad,iOS,Returning,2026-06-17
3815,Mumbai,iOS,Returning,2026-04-23
3816,Chennai,Android,Returning,2025-10-28
3817,Hyderabad,Android,Returning,2026-05-25
3818,Bangalore,Android,New,2026-06-01
3819,Pune,Android,Returning,2025-12-18
3820,Delhi,Android,New,2025-01-19
3821,Delhi,Android,New,2026-03-17
3822,Hyderabad,Android,New,2026-01-28
3823,Hyderabad,Android,Returning,2025-11-19
3824,Hyderabad,Android,New,2026-03-30
3825,Delhi,Android,Returning,2025-02-06
3826,Pune,Android,New,2025-07-01
3827,Chennai,Android,Returning,2025-11-07
3828,Hyderabad,Android,Returning,2025-06-18
3829,Mumbai,Android,Returning,2026-03-18
3830,Chennai,Android,Returning,2025-11-16
3831,Hyderabad,Android,Returning,2026-02-03
3832,Pune,Android,Returning,2025-04-23
3833,Chennai,Android,New,2026-05-18
3834,Hyderabad,Android,Returning,2026-04-27
3835,Pune,iOS,New,2025-06-10
3836,Hyderabad,Android,Returning,2025-02-27
3837,Hyderabad,iOS,Returning,2025-09-27
3838,Pune,Android,Returning,2026-01-22
3839,Bangalore,Android,Returning,2025-12-28
3840,Delhi,Android,New,2025-11-25
3841,Pune,iOS,Returning,2025-01-29
3842,Mumbai,Android,Returning,2025-02-16
3843,Bangalore,Android,Returning,2026-01-11
3844,Chennai,Android,New,2025-01-28
3845,Hyderabad,Android,Returning,2025-12-16
3846,Hyderabad,Android,Returning,2025-04-10
3847,Bangalore,Android,Returning,2025-12-20
3848,Bangalore,iOS,Returning,2026-02-26
3849,Chennai,Android,Returning,2025-02-27
3850,Mumbai,Android,New,2025-09-08
3851,Chennai,iOS,Returning,2025-08-29
3852,Pune,Android,Returning,2025-11-16
3853,Chennai,Android,New,2025-03-28
3854,Bangalore,Android,Returning,2025-03-09
3855,Bangalore,Android,Returning,2025-04-28
3856,Delhi,Android,Returning,2025-06-23
3857,Delhi,Android,Returning,2025-11-30
3858,Chennai,Android,Returning,2026-04-17
3859,Pune,Android,Returning,2026-03-09
3860,Hyderabad,Android,Returning,2026-06-12
3861,Delhi,Android,Returning,2025-10-01
3862,Pune,Android,Returning,2026-04-26
3863,Bangalore,iOS,New,2025-01-23
3864,Pune,Android,Returning,2026-01-22
3865,Bangalore,iOS,Returning,2026-02-04
3866,Hyderabad,Android,New,2025-04-11
3867,Chennai,Android,Returning,2025-04-13
3868,Bangalore,Android,Returning,2025-07-30
3869,Pune,iOS,New,2026-05-24
3870,Mumbai,Android,New,2025-12-14
3871,Bangalore,Android,New,2025-11-03
3872,Mumbai,Android,New,2026-03-23
3873,Chennai,Android,Returning,2026-05-24
3874,Pune,Android,Returning,2025-03-19
3875,Bangalore,Android,Returning,2025-08-08
3876,Delhi,Android,Returning,2025-09-29
3877,Pune,Android,Returning,2025-11-01
3878,Mumbai,Android,Returning,2026-02-16
3879,Chennai,Android,Returning,2025-04-05
3880,Pune,iOS,New,2025-04-08
3881,Bangalore,Android,New,2025-12-11
3882,Pune,Android,Returning,2025-03-10
3883,Hyderabad,Android,Returning,2026-05-02
3884,Bangalore,Android,Returning,2025-08-03
3885,Chennai,Android,Returning,2025-03-20
3886,Pune,Android,Returning,2025-11-06
3887,Hyderabad,Android,New,2025-11-04
3888,Mumbai,Android,New,2025-11-17
3889,Hyderabad,Android,Returning,2026-03-01
3890,Pune,iOS,Returning,2025-09-15
3891,Hyderabad,Android,New,2026-06-12
3892,Delhi,iOS,New,2025-07-04
3893,Mumbai,iOS,Returning,2026-06-13
3894,Mumbai,Android,Returning,2026-05-27
3895,Bangalore,Android,Returning,2026-04-24
3896,Pune,Android,New,2026-03-21
3897,Pune,Android,Returning,2025-03-03
3898,Bangalore,Android,New,2025-07-25
3899,Mumbai,iOS,New,2026-04-19
3900,Mumbai,Android,New,2025-09-04
3901,Hyderabad,Android,New,2025-11-04
3902,Bangalore,iOS,New,2026-02-25
3903,Chennai,Android,New,2025-03-07
3904,Hyderabad,Android,Returning,2025-07-28
3905,Bangalore,Android,New,2025-10-01
3906,Bangalore,Android,New,2025-06-14
3907,Hyderabad,Android,Returning,2025-08-30
3908,Delhi,Android,Returning,2025-09-02
3909,Mumbai,Android,Returning,2025-06-03
3910,Mumbai,iOS,Returning,2025-01-29
3911,Hyderabad,Android,Returning,2025-11-14
3912,Pune,Android,Returning,2026-05-13
3913,Hyderabad,Android,Returning,2026-03-23
3914,Mumbai,iOS,New,2025-02-07
3915,Bangalore,Android,New,2025-06-13
3916,Delhi,Android,Returning,2025-05-20
3917,Bangalore,Android,Returning,2025-09-22
3918,Chennai,Android,Returning,2025-06-30
3919,Chennai,Android,Returning,2025-02-13
3920,Delhi,Android,Returning,2026-05-13
3921,Delhi,Android,Returning,2025-02-26
3922,Pune,Android,Returning,2025-11-18
3923,Delhi,iOS,Returning,2025-11-02
3924,Bangalore,iOS,Returning,2026-02-21
3925,Hyderabad,Android,New,2025-04-03
3926,Mumbai,Android,Returning,2025-05-24
3927,Pune,Android,New,2025-04-25
3928,Delhi,Android,Returning,2026-05-28
3929,Chennai,Android,New,2026-06-19
3930,Bangalore,Android,New,2026-06-22
3931,Delhi,Android,New,2026-05-24
3932,Pune,Android,Returning,2025-09-01
3933,Bangalore,Android,Returning,2025-05-06
3934,Pune,Android,New,2025-12-04
3935,Chennai,Android,New,2026-02-04
3936,Hyderabad,iOS,New,2025-08-30
3937,Mumbai,iOS,Returning,2025-08-12
3938,Mumbai,Android,Returning,2025-04-20
3939,Bangalore,Android,Returning,2025-08-08
3940,Hyderabad,Android,New,2026-03-27
3941,Pune,Android,Returning,2025-09-18
3942,Hyderabad,Android,Returning,2025-02-27
3943,Chennai,Android,Returning,2026-01-19
3944,Bangalore,Android,Returning,2025-04-26
3945,Hyderabad,Android,Returning,2026-03-10
3946,Bangalore,Android,Returning,2025-09-10
3947,Bangalore,iOS,Returning,2025-05-29
3948,Chennai,Android,Returning,2026-05-02
3949,Bangalore,Android,Returning,2026-01-12
3950,Chennai,Android,Returning,2025-01-22
3951,Chennai,Android,New,2025-02-05
3952,Chennai,Android,Returning,2025-02-25
3953,Bangalore,Android,Returning,2025-09-03
3954,Bangalore,Android,Returning,2026-01-29
3955,Chennai,Android,Returning,2026-01-07
3956,Pune,iOS,Returning,2025-05-05
3957,Hyderabad,Android,New,2025-08-31
3958,Delhi,Android,New,2026-02-02
3959,Bangalore,Android,New,2026-02-07
3960,Delhi,Android,Returning,2025-11-05
3961,Bangalore,Android,Returning,2025-08-30
3962,Mumbai,Android,New,2025-08-04
3963,Chennai,iOS,New,2026-03-26
3964,Chennai,iOS,Returning,2025-11-21
3965,Delhi,Android,New,2026-02-21
3966,Delhi,iOS,Returning,2025-10-08
3967,Hyderabad,Android,New,2026-05-19
3968,Bangalore,Android,New,2026-02-27
3969,Delhi,Android,Returning,2026-03-09
3970,Chennai,Android,Returning,2025-06-14
3971,Pune,Android,Returning,2025-09-25
3972,Bangalore,iOS,New,2025-03-09
3973,Pune,Android,New,2026-03-07
3974,Hyderabad,Android,Returning,2025-12-01
3975,Delhi,iOS,New,2025-01-29
3976,Chennai,iOS,New,2025-07-08
3977,Chennai,Android,New,2026-03-31
3978,Delhi,iOS,Returning,2025-05-20
3979,Mumbai,Android,Returning,2026-02-15
3980,Bangalore,Android,New,2025-11-09
3981,Delhi,iOS,New,2025-03-26
3982,Mumbai,Android,Returning,2025-06-11
3983,Chennai,Android,New,2026-06-13
3984,Pune,Android,New,2025-05-14
3985,Bangalore,Android,Returning,2026-02-25
3986,Hyderabad,iOS,Returning,2026-04-08
3987,Bangalore,Android,Returning,2025-05-17
3988,Chennai,Android,New,2025-06-27
3989,Bangalore,iOS,Returning,2025-12-02
3990,Delhi,Android,Returning,2025-07-23
3991,Bangalore,Android,New,2026-03-01
3992,Hyderabad,Android,New,2025-07-06
3993,Pune,Android,Returning,2026-01-22
3994,Delhi,Android,Returning,2025-08-18
3995,Pune,Android,Returning,2025-01-24
3996,Delhi,Android,New,2025-08-23
3997,Mumbai,Android,New,2026-04-19
3998,Chennai,Android,New,2025-09-26
3999,Delhi,Android,Returning,2025-06-22
4000,Pune,iOS,New,2026-02-15
4001,Pune,Android,Returning,2026-03-16
4002,Mumbai,Android,Returning,2025-09-24
4003,Bangalore,Android,Returning,2025-04-02
4004,Pune,Android,New,2025-06-24
4005,Delhi,Android,New,2025-05-01
4006,Hyderabad,iOS,Returning,2026-06-23
4007,Chennai,Android,New,2026-04-10
4008,Delhi,Android,Returning,2026-05-22
4009,Chennai,Android,Returning,2025-08-18
4010,Mumbai,Android,Returning,2025-07-28
4011,Bangalore,Android,Returning,2025-09-30
4012,Hyderabad,iOS,Returning,2026-05-22
4013,Hyderabad,Android,Returning,2025-05-14
4014,Pune,iOS,New,2025-07-31
4015,Bangalore,Android,Returning,2025-08-09
4016,Hyderabad,Android,Returning,2025-07-13
4017,Hyderabad,Android,New,2025-07-04
4018,Delhi,Android,New,2025-05-30
4019,Bangalore,Android,Returning,2025-10-25
4020,Pune,Android,Returning,2025-08-30
4021,Mumbai,iOS,New,2026-04-07
4022,Pune,Android,Returning,2026-01-14
4023,Delhi,Android,New,2026-04-15
4024,Hyderabad,Android,New,2025-01-11
4025,Bangalore,iOS,New,2025-05-17
4026,Chennai,Android,New,2026-02-12
4027,Chennai,iOS,Returning,2025-08-06
4028,Chennai,iOS,Returning,2026-01-28
4029,Chennai,Android,New,2026-03-10
4030,Delhi,Android,Returning,2025-09-20
4031,Pune,Android,New,2025-04-08
4032,Delhi,iOS,New,2025-03-02
4033,Mumbai,iOS,New,2025-12-07
4034,Bangalore,Android,New,2026-04-28
4035,Delhi,Android,Returning,2025-02-16
4036,Pune,Android,Returning,2025-09-17
4037,Bangalore,Android,Returning,2026-01-26
4038,Chennai,iOS,New,2026-02-09
4039,Mumbai,Android,Returning,2026-01-15
4040,Pune,Android,Returning,2025-02-12
4041,Bangalore,Android,New,2025-07-03
4042,Pune,Android,New,2025-06-23
4043,Bangalore,Android,Returning,2026-05-20
4044,Mumbai,iOS,Returning,2026-04-25
4045,Bangalore,Android,Returning,2025-04-02
4046,Mumbai,iOS,Returning,2026-03-20
4047,Delhi,Android,Returning,2025-09-24
4048,Delhi,Android,Returning,2025-11-17
4049,Hyderabad,Android,New,2025-05-11
4050,Chennai,Android,Returning,2025-10-15
4051,Hyderabad,iOS,Returning,2026-01-05
4052,Bangalore,Android,New,2025-10-17
4053,Pune,iOS,Returning,2025-09-28
4054,Hyderabad,Android,Returning,2025-11-17
4055,Bangalore,Android,Returning,2025-06-18
4056,Mumbai,Android,New,2026-05-19
4057,Delhi,iOS,Returning,2026-03-27
4058,Mumbai,Android,New,2025-07-13
4059,Mumbai,Android,New,2025-02-25
4060,Delhi,Android,Returning,2025-07-07
4061,Bangalore,Android,Returning,2026-04-27
4062,Chennai,Android,Returning,2025-06-17
4063,Hyderabad,Android,New,2026-04-24
4064,Hyderabad,Android,Returning,2025-04-29
4065,Hyderabad,iOS,New,2025-02-11
4066,Chennai,Android,Returning,2026-01-01
4067,Hyderabad,iOS,Returning,2026-05-12
4068,Delhi,Android,New,2026-05-20
4069,Delhi,Android,Returning,2025-06-01
4070,Delhi,Android,New,2025-12-24
4071,Bangalore,Android,Returning,2025-07-28
4072,Mumbai,Android,Returning,2025-07-04
4073,Bangalore,iOS,New,2026-06-05
4074,Pune,Android,Returning,2025-08-06
4075,Pune,Android,New,2025-01-05
4076,Hyderabad,Android,Returning,2025-07-04
4077,Mumbai,Android,Returning,2025-03-20
4078,Chennai,Android,New,2026-05-26
4079,Bangalore,Android,Returning,2025-04-07
4080,Bangalore,Android,Returning,2025-01-27
4081,Hyderabad,iOS,New,2025-05-05
4082,Pune,Android,Returning,2026-01-18
4083,Bangalore,Android,Returning,2025-04-19
4084,Delhi,Android,Returning,2025-06-07
4085,Hyderabad,Android,New,2025-03-25
4086,Hyderabad,iOS,Returning,2026-05-07
4087,Pune,Android,New,2025-10-03
4088,Bangalore,Android,New,2025-01-06
4089,Chennai,Android,Returning,2025-02-14
4090,Bangalore,Android,New,2026-04-09
4091,Mumbai,Android,New,2025-05-13
4092,Chennai,Android,Returning,2025-02-19
4093,Bangalore,Android,New,2025-10-17
4094,Chennai,Android,Returning,2025-02-26
4095,Pune,Android,Returning,2025-03-14
4096,Delhi,iOS,Returning,2026-01-26
4097,Bangalore,Android,New,2026-02-13
4098,Mumbai,Android,New,2025-07-02
4099,Delhi,Android,New,2026-02-13
4100,Mumbai,Android,New,2025-01-22
4101,Hyderabad,Android,Returning,2025-06-16
4102,Bangalore,iOS,Returning,2026-02-17
4103,Delhi,Android,New,2025-06-07
4104,Hyderabad,Android,New,2025-11-02
4105,Chennai,Android,New,2026-03-19
4106,Chennai,Android,Returning,2025-11-14
4107,Bangalore,Android,Returning,2025-05-15
4108,Bangalore,Android,Returning,2025-04-09
4109,Mumbai,Android,New,2026-06-09
4110,Hyderabad,Android,Returning,2026-05-17
4111,Hyderabad,iOS,New,2026-02-02
4112,Pune,Android,Returning,2025-10-02
4113,Delhi,Android,Returning,2026-03-10
4114,Bangalore,Android,New,2026-03-09
4115,Hyderabad,Android,Returning,2025-07-10
4116,Delhi,Android,Returning,2026-03-13
4117,Pune,Android,Returning,2025-02-11
4118,Hyderabad,Android,Returning,2025-12-16
4119,Chennai,Android,Returning,2025-08-18
4120,Hyderabad,Android,New,2025-06-08
4121,Chennai,Android,Returning,2026-06-24
4122,Delhi,Android,Returning,2026-06-22
4123,Hyderabad,Android,Returning,2025-10-25
4124,Delhi,Android,Returning,2026-03-24
4125,Bangalore,iOS,Returning,2026-05-05
4126,Mumbai,iOS,Returning,2025-06-02
4127,Mumbai,Android,Returning,2025-11-04
4128,Hyderabad,Android,Returning,2026-06-20
4129,Pune,Android,Returning,2025-10-30
4130,Pune,Android,Returning,2025-02-18
4131,Delhi,Android,New,2025-03-20
4132,Delhi,Android,New,2026-06-10
4133,Hyderabad,iOS,New,2026-06-07
4134,Delhi,Android,Returning,2026-02-27
4135,Chennai,Android,Returning,2026-04-21
4136,Bangalore,Android,New,2025-09-17
4137,Pune,Android,Returning,2025-09-18
4138,Pune,Android,Returning,2025-03-25
4139,Delhi,Android,Returning,2025-01-17
4140,Mumbai,Android,New,2026-04-19
4141,Hyderabad,Android,Returning,2025-07-06
4142,Delhi,iOS,New,2025-02-16
4143,Chennai,Android,Returning,2026-03-03
4144,Bangalore,Android,New,2025-11-01
4145,Chennai,Android,Returning,2026-04-11
4146,Pune,iOS,Returning,2026-04-06
4147,Bangalore,Android,New,2025-09-29
4148,Mumbai,Android,Returning,2025-07-11
4149,Delhi,Android,Returning,2025-07-09
4150,Chennai,Android,Returning,2025-09-23
4151,Hyderabad,Android,New,2025-04-19
4152,Delhi,Android,New,2025-01-19
4153,Delhi,Android,New,2026-02-09
4154,Mumbai,Android,New,2025-01-14
4155,Hyderabad,Android,Returning,2026-05-04
4156,Chennai,Android,New,2026-02-19
4157,Bangalore,Android,Returning,2026-05-14
4158,Chennai,Android,New,2026-01-05
4159,Bangalore,iOS,Returning,2026-02-09
4160,Mumbai,iOS,Returning,2025-03-31
4161,Delhi,Android,Returning,2025-05-19
4162,Delhi,Android,Returning,2025-07-15
4163,Chennai,Android,Returning,2025-01-17
4164,Delhi,Android,Returning,2025-07-12
4165,Hyderabad,iOS,Returning,2025-08-03
4166,Chennai,Android,Returning,2025-05-29
4167,Hyderabad,iOS,Returning,2025-09-05
4168,Delhi,Android,Returning,2025-07-15
4169,Hyderabad,iOS,Returning,2025-11-05
4170,Hyderabad,Android,Returning,2025-06-01
4171,Delhi,iOS,Returning,2026-03-09
4172,Mumbai,Android,Returning,2025-04-30
4173,Chennai,iOS,Returning,2025-06-06
4174,Hyderabad,iOS,New,2026-04-01
4175,Delhi,Android,Returning,2026-04-28
4176,Pune,iOS,New,2026-04-06
4177,Mumbai,iOS,Returning,2025-09-06
4178,Pune,Android,New,2025-10-29
4179,Delhi,Android,Returning,2026-02-06
4180,Delhi,Android,New,2025-12-08
4181,Chennai,iOS,New,2025-04-16
4182,Hyderabad,Android,Returning,2026-03-19
4183,Chennai,Android,Returning,2026-05-23
4184,Delhi,Android,Returning,2025-10-25
4185,Hyderabad,Android,New,2026-05-15
4186,Pune,Android,Returning,2026-05-13
4187,Mumbai,Android,Returning,2026-05-15
4188,Pune,Android,Returning,2025-03-04
4189,Hyderabad,Android,New,2025-01-20
4190,Pune,Android,Returning,2025-11-20
4191,Bangalore,Android,New,2025-03-07
4192,Hyderabad,Android,Returning,2026-03-04
4193,Hyderabad,Android,Returning,2025-04-30
4194,Hyderabad,iOS,New,2025-12-22
4195,Delhi,Android,New,2026-03-23
4196,Bangalore,Android,New,2025-06-15
4197,Hyderabad,iOS,Returning,2025-07-16
4198,Hyderabad,Android,Returning,2025-12-19
4199,Pune,Android,Returning,2025-08-26
4200,Pune,iOS,Returning,2025-08-13
4201,Pune,Android,Returning,2025-12-14
4202,Mumbai,Android,Returning,2026-04-25
4203,Chennai,Android,New,2025-10-28
4204,Hyderabad,Android,New,2026-02-04
4205,Hyderabad,Android,Returning,2026-01-04
4206,Pune,Android,Returning,2025-06-15
4207,Bangalore,Android,Returning,2025-08-01
4208,Chennai,Android,New,2025-03-30
4209,Mumbai,Android,Returning,2026-05-10
4210,Mumbai,Android,New,2025-06-27
4211,Pune,Android,New,2025-06-10
4212,Delhi,Android,New,2026-05-19
4213,Hyderabad,Android,New,2026-03-02
4214,Mumbai,Android,Returning,2025-11-07
4215,Pune,Android,New,2025-08-03
4216,Delhi,Android,Returning,2025-02-18
4217,Bangalore,Android,Returning,2026-01-03
4218,Chennai,iOS,New,2026-01-01
4219,Mumbai,Android,New,2025-06-12
4220,Delhi,Android,Returning,2026-05-31
4221,Bangalore,Android,New,2025-03-07
4222,Delhi,Android,Returning,2026-03-17
4223,Delhi,Android,Returning,2025-08-21
4224,Hyderabad,Android,Returning,2025-08-18
4225,Bangalore,Android,Returning,2025-09-22
4226,Delhi,Android,New,2025-12-30
4227,Mumbai,Android,Returning,2025-10-01
4228,Pune,iOS,New,2026-06-12
4229,Chennai,Android,Returning,2025-04-17
4230,Hyderabad,iOS,New,2025-02-21
4231,Delhi,iOS,Returning,2026-04-14
4232,Pune,Android,Returning,2025-04-19
4233,Pune,iOS,New,2025-04-15
4234,Pune,Android,Returning,2025-02-12
4235,Mumbai,Android,New,2025-04-18
4236,Mumbai,Android,New,2025-05-01
4237,Mumbai,Android,New,2026-01-06
4238,Chennai,iOS,Returning,2025-10-27
4239,Pune,Android,Returning,2026-03-29
4240,Chennai,Android,Returning,2026-05-26
4241,Mumbai,Android,New,2025-04-12
4242,Bangalore,iOS,Returning,2026-01-08
4243,Delhi,Android,Returning,2025-05-22
4244,Hyderabad,Android,Returning,2025-07-26
4245,Delhi,Android,New,2026-03-02
4246,Hyderabad,iOS,New,2025-09-09
4247,Bangalore,Android,Returning,2025-12-16
4248,Mumbai,Android,Returning,2026-06-02
4249,Bangalore,iOS,Returning,2025-03-29
4250,Chennai,Android,New,2026-01-17
4251,Bangalore,Android,New,2026-03-01
4252,Mumbai,Android,Returning,2025-09-09
4253,Mumbai,Android,Returning,2026-03-08
4254,Hyderabad,Android,Returning,2025-05-22
4255,Hyderabad,iOS,New,2026-02-28
4256,Pune,Android,Returning,2026-04-15
4257,Delhi,Android,Returning,2026-01-06
4258,Mumbai,Android,New,2026-03-30
4259,Chennai,iOS,Returning,2025-01-11
4260,Delhi,Android,Returning,2026-06-14
4261,Bangalore,Android,Returning,2025-03-28
4262,Hyderabad,Android,Returning,2025-11-19
4263,Hyderabad,Android,New,2025-06-18
4264,Hyderabad,Android,Returning,2025-03-04
4265,Chennai,Android,Returning,2025-02-07
4266,Pune,iOS,New,2025-06-04
4267,Chennai,Android,Returning,2025-03-01
4268,Bangalore,Android,New,2026-06-17
4269,Hyderabad,Android,Returning,2026-03-06
4270,Chennai,Android,Returning,2025-11-08
4271,Bangalore,Android,Returning,2025-11-18
4272,Bangalore,iOS,Returning,2025-01-09
4273,Pune,Android,Returning,2026-06-25
4274,Chennai,iOS,Returning,2025-05-31
4275,Hyderabad,Android,New,2026-02-18
4276,Pune,iOS,New,2025-07-30
4277,Chennai,Android,Returning,2026-03-29
4278,Chennai,Android,Returning,2025-12-20
4279,Mumbai,Android,Returning,2026-02-19
4280,Delhi,Android,Returning,2025-11-05
4281,Pune,Android,Returning,2025-02-07
4282,Hyderabad,Android,Returning,2025-12-09
4283,Pune,Android,Returning,2025-05-10
4284,Mumbai,iOS,Returning,2025-10-18
4285,Pune,Android,New,2025-04-06
4286,Pune,Android,Returning,2025-11-16
4287,Chennai,Android,New,2025-12-15
4288,Delhi,iOS,New,2025-06-13
4289,Pune,Android,New,2025-01-29
4290,Mumbai,Android,New,2025-09-22
4291,Chennai,Android,Returning,2025-11-08
4292,Pune,iOS,New,2026-03-09
4293,Chennai,Android,Returning,2025-04-24
4294,Bangalore,iOS,Returning,2025-03-03
4295,Chennai,Android,Returning,2025-09-23
4296,Bangalore,iOS,New,2026-06-04
4297,Delhi,Android,Returning,2025-05-07
4298,Hyderabad,Android,Returning,2025-05-08
4299,Pune,Android,New,2025-11-02
4300,Hyderabad,Android,Returning,2025-01-06
4301,Mumbai,Android,Returning,2025-12-14
4302,Bangalore,iOS,New,2025-08-28
4303,Bangalore,Android,Returning,2025-11-03
4304,Chennai,Android,New,2025-05-24
4305,Pune,Android,Returning,2026-01-22
4306,Delhi,Android,Returning,2025-09-11
4307,Pune,iOS,New,2025-12-02
4308,Bangalore,Android,Returning,2025-07-17
4309,Delhi,iOS,New,2026-04-11
4310,Chennai,Android,New,2025-05-31
4311,Hyderabad,iOS,New,2026-03-12
4312,Delhi,Android,Returning,2025-03-25
4313,Hyderabad,Android,Returning,2025-03-05
4314,Hyderabad,Android,Returning,2025-05-14
4315,Hyderabad,Android,Returning,2025-08-08
4316,Bangalore,Android,New,2025-03-21
4317,Hyderabad,Android,Returning,2026-06-23
4318,Hyderabad,Android,Returning,2026-06-16
4319,Pune,iOS,Returning,2025-09-28
4320,Chennai,Android,Returning,2026-05-26
4321,Hyderabad,iOS,Returning,2026-03-10
4322,Chennai,Android,New,2026-05-17
4323,Mumbai,Android,Returning,2026-03-03
4324,Pune,Android,New,2025-05-28
4325,Hyderabad,Android,New,2025-05-11
4326,Mumbai,Android,Returning,2026-04-14
4327,Pune,Android,Returning,2026-06-10
4328,Chennai,Android,Returning,2025-05-01
4329,Hyderabad,Android,New,2025-08-06
4330,Delhi,Android,Returning,2026-04-30
4331,Pune,Android,Returning,2025-06-10
4332,Delhi,Android,Returning,2026-01-14
4333,Delhi,Android,Returning,2026-02-23
4334,Bangalore,Android,New,2025-05-04
4335,Delhi,Android,Returning,2025-10-24
4336,Mumbai,iOS,New,2026-06-20
4337,Bangalore,Android,New,2025-05-01
4338,Bangalore,Android,New,2025-11-09
4339,Bangalore,Android,Returning,2025-11-07
4340,Delhi,Android,New,2026-05-13
4341,Mumbai,Android,Returning,2025-05-27
4342,Delhi,Android,Returning,2026-03-08
4343,Bangalore,Android,Returning,2025-11-09
4344,Mumbai,Android,New,2025-08-09
4345,Delhi,Android,New,2026-05-16
4346,Pune,Android,Returning,2025-05-06
4347,Delhi,Android,New,2025-12-24
4348,Hyderabad,Android,Returning,2025-02-15
4349,Pune,iOS,Returning,2026-05-08
4350,Pune,Android,Returning,2025-11-14
4351,Bangalore,iOS,Returning,2026-04-09
4352,Hyderabad,Android,New,2026-01-22
4353,Mumbai,Android,Returning,2025-05-16
4354,Chennai,Android,Returning,2026-06-01
4355,Hyderabad,Android,Returning,2026-04-17
4356,Mumbai,iOS,New,2026-04-05
4357,Delhi,Android,Returning,2025-11-30
4358,Hyderabad,iOS,Returning,2026-02-24
4359,Hyderabad,Android,Returning,2025-08-27
4360,Pune,iOS,Returning,2025-12-14
4361,Chennai,Android,Returning,2025-02-16
4362,Chennai,Android,Returning,2026-03-30
4363,Chennai,iOS,Returning,2025-10-12
4364,Mumbai,Android,New,2025-04-01
4365,Pune,Android,New,2025-01-26
4366,Pune,Android,Returning,2025-11-13
4367,Chennai,Android,Returning,2025-05-07
4368,Mumbai,Android,Returning,2025-03-29
4369,Pune,Android,New,2025-02-24
4370,Mumbai,Android,Returning,2026-06-19
4371,Pune,Android,Returning,2026-05-03
4372,Delhi,Android,New,2025-01-20
4373,Delhi,Android,Returning,2025-07-04
4374,Mumbai,Android,New,2025-10-09
4375,Chennai,Android,New,2025-09-09
4376,Delhi,Android,New,2026-03-31
4377,Hyderabad,Android,New,2025-11-25
4378,Hyderabad,iOS,Returning,2025-02-16
4379,Bangalore,Android,New,2025-01-24
4380,Mumbai,Android,Returning,2026-03-24
4381,Delhi,Android,Returning,2026-03-01
4382,Bangalore,Android,Returning,2026-06-25
4383,Bangalore,Android,Returning,2026-01-27
4384,Delhi,Android,New,2025-04-04
4385,Pune,Android,New,2025-04-12
4386,Bangalore,Android,New,2025-06-22
4387,Mumbai,Android,Returning,2025-05-28
4388,Delhi,iOS,New,2025-09-19
4389,Bangalore,iOS,New,2025-06-07
4390,Chennai,Android,New,2026-02-22
4391,Delhi,Android,Returning,2025-06-23
4392,Mumbai,Android,Returning,2025-11-30
4393,Chennai,Android,Returning,2025-01-28
4394,Bangalore,Android,Returning,2025-03-01
4395,Delhi,Android,Returning,2026-02-04
4396,Mumbai,iOS,New,2025-11-24
4397,Bangalore,Android,Returning,2026-02-27
4398,Hyderabad,Android,Returning,2025-09-22
4399,Delhi,Android,Returning,2025-05-04
4400,Mumbai,Android,Returning,2025-07-27
4401,Hyderabad,Android,New,2025-08-31
4402,Pune,Android,Returning,2026-06-05
4403,Delhi,Android,Returning,2026-01-30
4404,Delhi,Android,Returning,2025-10-03
4405,Hyderabad,Android,New,2025-11-22
4406,Delhi,Android,Returning,2026-02-21
4407,Delhi,iOS,New,2026-05-11
4408,Chennai,Android,Returning,2026-02-22
4409,Delhi,Android,Returning,2025-08-28
4410,Pune,Android,New,2025-10-03
4411,Mumbai,Android,Returning,2025-04-14
4412,Bangalore,Android,New,2025-05-09
4413,Hyderabad,iOS,New,2026-02-21
4414,Chennai,Android,New,2025-03-27
4415,Mumbai,Android,New,2026-05-28
4416,Bangalore,Android,Returning,2025-05-26
4417,Mumbai,Android,Returning,2025-06-22
4418,Pune,iOS,New,2026-03-10
4419,Delhi,Android,Returning,2026-04-08
4420,Hyderabad,iOS,New,2025-01-02
4421,Chennai,Android,Returning,2025-10-24
4422,Delhi,Android,Returning,2025-06-21
4423,Hyderabad,Android,Returning,2025-03-03
4424,Pune,iOS,Returning,2025-10-07
4425,Chennai,Android,New,2025-09-14
4426,Bangalore,iOS,Returning,2026-01-25
4427,Pune,Android,Returning,2025-08-06
4428,Bangalore,Android,New,2026-06-07
4429,Mumbai,Android,New,2025-02-16
4430,Bangalore,Android,Returning,2025-03-13
4431,Hyderabad,Android,Returning,2025-04-02
4432,Mumbai,iOS,Returning,2025-05-06
4433,Hyderabad,Android,Returning,2025-10-14
4434,Pune,Android,Returning,2025-08-04
4435,Bangalore,Android,Returning,2026-06-01
4436,Chennai,iOS,New,2025-12-17
4437,Chennai,Android,New,2025-09-25
4438,Bangalore,iOS,New,2026-04-09
4439,Chennai,Android,New,2025-09-09
4440,Bangalore,Android,New,2025-11-26
4441,Hyderabad,Android,Returning,2025-08-04
4442,Delhi,Android,New,2025-12-03
4443,Chennai,iOS,Returning,2025-05-17
4444,Pune,Android,Returning,2025-01-03
4445,Delhi,Android,New,2026-05-03
4446,Chennai,Android,Returning,2025-01-10
4447,Hyderabad,iOS,Returning,2025-06-27
4448,Hyderabad,Android,New,2026-05-16
4449,Chennai,Android,Returning,2025-03-25
4450,Pune,Android,Returning,2025-03-21
4451,Chennai,Android,Returning,2025-02-01
4452,Chennai,Android,Returning,2026-04-01
4453,Bangalore,Android,Returning,2025-05-07
4454,Pune,Android,Returning,2026-01-21
4455,Hyderabad,Android,Returning,2026-01-02
4456,Chennai,Android,Returning,2025-07-01
4457,Delhi,iOS,New,2025-01-09
4458,Bangalore,Android,Returning,2026-04-19
4459,Hyderabad,Android,Returning,2025-07-17
4460,Mumbai,Android,Returning,2025-01-10
4461,Bangalore,Android,New,2025-01-21
4462,Mumbai,Android,Returning,2026-01-02
4463,Pune,Android,Returning,2025-04-03
4464,Chennai,Android,New,2025-11-07
4465,Mumbai,Android,Returning,2025-08-15
4466,Bangalore,Android,New,2026-05-21
4467,Bangalore,Android,Returning,2025-02-07
4468,Chennai,Android,Returning,2026-05-20
4469,Delhi,Android,Returning,2025-08-03
4470,Chennai,Android,New,2025-07-20
4471,Delhi,Android,Returning,2026-02-10
4472,Pune,iOS,Returning,2025-10-12
4473,Hyderabad,Android,Returning,2026-05-28
4474,Pune,Android,Returning,2025-06-24
4475,Chennai,Android,Returning,2025-07-18
4476,Delhi,Android,Returning,2025-06-29
4477,Chennai,Android,Returning,2025-05-12
4478,Mumbai,Android,New,2025-03-08
4479,Pune,Android,Returning,2025-09-23
4480,Pune,Android,Returning,2025-08-22
4481,Mumbai,Android,Returning,2025-10-08
4482,Chennai,Android,New,2025-01-24
4483,Chennai,Android,Returning,2025-09-16
4484,Delhi,Android,Returning,2026-04-10
4485,Chennai,Android,New,2026-03-14
4486,Bangalore,Android,Returning,2025-02-23
4487,Hyderabad,Android,New,2026-03-19
4488,Delhi,Android,Returning,2025-10-08
4489,Hyderabad,Android,Returning,2026-06-15
4490,Bangalore,Android,New,2026-05-23
4491,Delhi,Android,Returning,2026-06-14
4492,Delhi,Android,Returning,2025-08-18
4493,Hyderabad,Android,Returning,2025-10-12
4494,Bangalore,Android,Returning,2026-04-05
4495,Hyderabad,iOS,Returning,2025-01-06
4496,Bangalore,Android,New,2025-07-19
4497,Pune,Android,Returning,2025-03-25
4498,Chennai,Android,Returning,2025-01-26
4499,Chennai,Android,Returning,2025-08-20
4500,Delhi,Android,Returning,2026-03-10
4501,Mumbai,iOS,Returning,2025-09-13
4502,Bangalore,Android,Returning,2025-06-18
4503,Delhi,Android,New,2025-11-15
4504,Delhi,Android,Returning,2025-04-10
4505,Hyderabad,Android,Returning,2026-05-07
4506,Pune,Android,Returning,2025-01-25
4507,Bangalore,Android,New,2025-12-09
4508,Delhi,Android,New,2025-09-11
4509,Mumbai,Android,Returning,2026-04-30
4510,Delhi,Android,Returning,2025-12-15
4511,Pune,Android,Returning,2025-12-08
4512,Delhi,Android,New,2025-08-31
4513,Delhi,Android,Returning,2026-03-26
4514,Pune,Android,New,2026-04-03
4515,Delhi,iOS,Returning,2025-05-08
4516,Delhi,Android,Returning,2025-03-04
4517,Bangalore,Android,Returning,2026-01-22
4518,Mumbai,Android,Returning,2025-03-08
4519,Hyderabad,Android,Returning,2025-03-05
4520,Bangalore,Android,New,2025-02-26
4521,Delhi,Android,New,2026-03-19
4522,Chennai,iOS,New,2025-04-15
4523,Pune,Android,New,2025-02-27
4524,Bangalore,Android,Returning,2025-02-23
4525,Hyderabad,iOS,Returning,2026-01-26
4526,Pune,iOS,Returning,2025-04-09
4527,Mumbai,Android,New,2026-02-25
4528,Hyderabad,Android,Returning,2025-01-11
4529,Hyderabad,iOS,New,2026-01-29
4530,Pune,Android,New,2026-03-15
4531,Bangalore,iOS,Returning,2025-04-14
4532,Hyderabad,Android,Returning,2025-01-27
4533,Bangalore,Android,Returning,2026-06-14
4534,Delhi,Android,Returning,2025-07-17
4535,Delhi,Android,New,2025-04-16
4536,Pune,iOS,Returning,2025-03-11
4537,Pune,Android,Returning,2025-07-18
4538,Chennai,Android,Returning,2025-05-10
4539,Bangalore,Android,Returning,2026-06-06
4540,Hyderabad,Android,New,2025-12-30
4541,Chennai,Android,Returning,2026-05-08
4542,Mumbai,Android,Returning,2026-04-01
4543,Mumbai,Android,New,2025-09-06
4544,Delhi,Android,Returning,2025-02-15
4545,Bangalore,Android,Returning,2025-05-11
4546,Pune,Android,New,2026-03-23
4547,Bangalore,Android,Returning,2026-01-02
4548,Mumbai,Android,Returning,2025-05-30
4549,Bangalore,Android,New,2026-04-26
4550,Bangalore,iOS,Returning,2025-12-18
4551,Delhi,Android,Returning,2026-01-13
4552,Pune,Android,Returning,2026-06-15
4553,Delhi,Android,New,2025-05-29
4554,Pune,Android,Returning,2025-09-01
4555,Hyderabad,Android,Returning,2025-02-25
4556,Mumbai,iOS,Returning,2025-12-19
4557,Chennai,Android,Returning,2025-07-25
4558,Delhi,Android,Returning,2025-07-26
4559,Mumbai,Android,Returning,2025-12-16
4560,Chennai,iOS,Returning,2026-05-03
4561,Pune,iOS,Returning,2026-04-24
4562,Pune,Android,Returning,2025-12-06
4563,Pune,Android,Returning,2025-12-10
4564,Hyderabad,Android,Returning,2025-11-03
4565,Mumbai,Android,Returning,2025-12-03
4566,Hyderabad,Android,Returning,2025-04-18
4567,Hyderabad,Android,New,2025-02-13
4568,Delhi,Android,Returning,2025-08-13
4569,Chennai,Android,New,2025-08-17
4570,Hyderabad,Android,Returning,2025-08-24
4571,Mumbai,Android,New,2025-08-07
4572,Chennai,iOS,Returning,2026-05-08
4573,Chennai,Android,Returning,2025-12-06
4574,Mumbai,Android,Returning,2026-01-20
4575,Mumbai,Android,Returning,2026-02-14
4576,Bangalore,Android,Returning,2025-01-07
4577,Delhi,Android,Returning,2025-01-11
4578,Delhi,Android,New,2026-01-02
4579,Mumbai,iOS,Returning,2025-04-28
4580,Hyderabad,Android,Returning,2025-10-25
4581,Chennai,iOS,Returning,2025-07-19
4582,Delhi,Android,Returning,2026-01-04
4583,Mumbai,iOS,Returning,2025-01-31
4584,Bangalore,iOS,New,2025-07-22
4585,Mumbai,Android,New,2025-06-28
4586,Chennai,Android,Returning,2025-09-26
4587,Bangalore,Android,New,2025-06-28
4588,Mumbai,Android,New,2025-09-09
4589,Delhi,Android,Returning,2025-07-20
4590,Bangalore,Android,New,2025-06-30
4591,Delhi,Android,Returning,2025-04-14
4592,Hyderabad,Android,Returning,2025-05-21
4593,Bangalore,Android,Returning,2025-04-24
4594,Bangalore,Android,New,2025-08-04
4595,Mumbai,iOS,Returning,2026-04-13
4596,Bangalore,iOS,New,2026-01-14
4597,Pune,iOS,Returning,2025-06-25
4598,Chennai,iOS,New,2026-03-21
4599,Delhi,Android,Returning,2025-03-08
4600,Mumbai,Android,Returning,2025-05-28
4601,Mumbai,iOS,Returning,2025-07-14
4602,Chennai,Android,Returning,2026-01-23
4603,Bangalore,iOS,New,2026-01-19
4604,Chennai,Android,Returning,2026-03-16
4605,Delhi,Android,Returning,2025-09-08
4606,Pune,iOS,Returning,2025-07-13
4607,Mumbai,Android,Returning,2025-10-29
4608,Mumbai,Android,New,2025-12-02
4609,Chennai,Android,Returning,2025-02-24
4610,Mumbai,iOS,New,2025-10-14
4611,Pune,Android,Returning,2026-06-05
4612,Mumbai,Android,New,2026-05-16
4613,Hyderabad,iOS,Returning,2025-03-25
4614,Mumbai,Android,Returning,2025-03-08
4615,Hyderabad,Android,Returning,2026-06-05
4616,Bangalore,Android,New,2026-06-06
4617,Pune,iOS,Returning,2026-05-26
4618,Mumbai,Android,Returning,2026-04-21
4619,Chennai,Android,New,2025-11-26
4620,Pune,Android,Returning,2026-01-18
4621,Chennai,Android,Returning,2026-05-10
4622,Hyderabad,Android,Returning,2026-05-22
4623,Pune,Android,Returning,2025-10-02
4624,Chennai,Android,Returning,2026-02-15
4625,Mumbai,Android,New,2025-02-07
4626,Mumbai,Android,Returning,2025-08-13
4627,Mumbai,Android,New,2026-04-08
4628,Mumbai,Android,New,2026-02-10
4629,Hyderabad,Android,New,2025-11-10
4630,Pune,Android,New,2026-01-22
4631,Bangalore,Android,Returning,2025-06-10
4632,Pune,Android,Returning,2025-09-18
4633,Mumbai,iOS,New,2025-03-28
4634,Bangalore,Android,New,2025-03-28
4635,Pune,Android,New,2026-04-01
4636,Mumbai,Android,Returning,2025-12-27
4637,Hyderabad,Android,Returning,2025-02-12
4638,Pune,Android,New,2026-06-09
4639,Hyderabad,Android,Returning,2025-12-11
4640,Hyderabad,Android,New,2026-04-07
4641,Hyderabad,Android,Returning,2026-03-19
4642,Hyderabad,Android,New,2026-01-12
4643,Bangalore,iOS,Returning,2025-11-21
4644,Delhi,Android,Returning,2026-01-27
4645,Hyderabad,Android,New,2025-07-03
4646,Bangalore,Android,Returning,2025-08-28
4647,Bangalore,Android,Returning,2025-03-19
4648,Bangalore,iOS,Returning,2025-03-26
4649,Pune,iOS,Returning,2026-05-29
4650,Bangalore,iOS,New,2025-03-22
4651,Delhi,Android,Returning,2025-08-22
4652,Delhi,iOS,Returning,2025-05-02
4653,Delhi,Android,New,2026-01-04
4654,Bangalore,Android,Returning,2025-07-25
4655,Chennai,Android,Returning,2025-07-21
4656,Bangalore,Android,New,2025-12-04
4657,Chennai,Android,Returning,2025-11-06
4658,Mumbai,Android,New,2025-10-09
4659,Chennai,iOS,Returning,2025-05-22
4660,Delhi,Android,Returning,2025-09-25
4661,Bangalore,Android,Returning,2025-11-03
4662,Hyderabad,Android,Returning,2025-12-21
4663,Pune,Android,Returning,2026-02-20
4664,Hyderabad,Android,New,2025-01-13
4665,Mumbai,Android,Returning,2026-06-09
4666,Mumbai,Android,Returning,2026-02-12
4667,Chennai,Android,Returning,2025-08-21
4668,Hyderabad,Android,New,2025-08-03
4669,Pune,Android,Returning,2025-08-28
4670,Chennai,Android,Returning,2026-04-25
4671,Bangalore,Android,Returning,2026-04-18
4672,Bangalore,iOS,Returning,2025-03-29
4673,Hyderabad,Android,Returning,2025-07-12
4674,Mumbai,Android,Returning,2026-03-04
4675,Hyderabad,Android,Returning,2026-03-26
4676,Bangalore,Android,New,2025-01-31
4677,Pune,iOS,New,2025-05-23
4678,Bangalore,Android,Returning,2025-05-12
4679,Hyderabad,iOS,New,2025-01-10
4680,Bangalore,iOS,Returning,2025-12-30
4681,Hyderabad,Android,Returning,2025-08-19
4682,Chennai,Android,New,2026-03-12
4683,Chennai,Android,Returning,2026-02-18
4684,Bangalore,Android,Returning,2025-11-03
4685,Pune,Android,Returning,2025-01-24
4686,Mumbai,Android,New,2025-02-02
4687,Bangalore,Android,Returning,2025-06-07
4688,Hyderabad,Android,New,2026-02-05
4689,Hyderabad,Android,Returning,2025-07-29
4690,Pune,iOS,New,2025-03-07
4691,Mumbai,Android,New,2026-01-31
4692,Delhi,Android,Returning,2026-05-02
4693,Pune,Android,Returning,2025-12-03
4694,Chennai,iOS,New,2026-04-08
4695,Delhi,Android,Returning,2025-11-08
4696,Delhi,iOS,Returning,2025-06-25
4697,Delhi,Android,Returning,2025-07-01
4698,Delhi,Android,New,2026-05-16
4699,Mumbai,Android,Returning,2025-07-11
4700,Hyderabad,Android,New,2025-03-13
4701,Mumbai,Android,New,2025-10-18
4702,Bangalore,Android,New,2025-08-27
4703,Delhi,Android,Returning,2026-06-21
4704,Delhi,Android,Returning,2026-04-11
4705,Pune,Android,Returning,2026-01-13
4706,Mumbai,Android,Returning,2025-01-12
4707,Hyderabad,Android,New,2025-12-01
4708,Mumbai,Android,New,2026-02-05
4709,Mumbai,Android,New,2025-04-24
4710,Hyderabad,Android,Returning,2026-03-05
4711,Hyderabad,iOS,Returning,2025-03-12
4712,Mumbai,Android,Returning,2025-07-31
4713,Bangalore,iOS,Returning,2025-07-30
4714,Chennai,Android,Returning,2026-03-19
4715,Mumbai,Android,Returning,2026-05-02
4716,Pune,iOS,New,2025-11-14
4717,Pune,Android,New,2025-07-27
4718,Bangalore,Android,New,2026-04-15
4719,Delhi,Android,New,2025-07-26
4720,Hyderabad,Android,Returning,2025-05-27
4721,Hyderabad,Android,New,2025-03-07
4722,Pune,Android,Returning,2025-09-10
4723,Pune,Android,New,2025-12-03
4724,Hyderabad,iOS,Returning,2026-05-18
4725,Pune,Android,New,2026-04-19
4726,Chennai,Android,Returning,2025-02-10
4727,Bangalore,Android,New,2025-04-04
4728,Bangalore,iOS,New,2026-04-13
4729,Hyderabad,Android,Returning,2025-11-01
4730,Hyderabad,Android,New,2025-06-29
4731,Mumbai,Android,New,2025-09-13
4732,Hyderabad,Android,Returning,2026-03-19
4733,Chennai,iOS,Returning,2026-01-29
4734,Chennai,iOS,Returning,2025-07-07
4735,Hyderabad,Android,Returning,2025-04-08
4736,Mumbai,Android,Returning,2025-02-14
4737,Bangalore,iOS,New,2025-06-11
4738,Chennai,iOS,Returning,2025-10-26
4739,Chennai,iOS,Returning,2025-03-10
4740,Hyderabad,Android,New,2025-08-11
4741,Pune,Android,New,2026-02-26
4742,Bangalore,Android,Returning,2025-05-05
4743,Delhi,iOS,Returning,2025-03-20
4744,Bangalore,Android,New,2026-06-01
4745,Hyderabad,Android,Returning,2026-02-24
4746,Bangalore,Android,New,2025-06-18
4747,Pune,Android,New,2025-08-01
4748,Hyderabad,Android,Returning,2025-02-15
4749,Delhi,Android,Returning,2025-01-28
4750,Hyderabad,iOS,New,2026-04-18
4751,Chennai,Android,Returning,2025-12-18
4752,Mumbai,Android,Returning,2026-02-13
4753,Delhi,Android,Returning,2026-02-11
4754,Bangalore,Android,Returning,2025-01-11
4755,Chennai,Android,New,2025-04-28
4756,Bangalore,Android,Returning,2025-05-20
4757,Hyderabad,Android,Returning,2026-04-21
4758,Delhi,Android,New,2026-04-18
4759,Pune,Android,Returning,2025-03-26
4760,Chennai,Android,Returning,2025-09-06
4761,Mumbai,Android,Returning,2026-03-25
4762,Bangalore,iOS,Returning,2026-04-28
4763,Mumbai,Android,Returning,2025-06-15
4764,Pune,iOS,New,2025-01-19
4765,Mumbai,iOS,Returning,2025-04-13
4766,Delhi,Android,Returning,2025-10-29
4767,Mumbai,Android,Returning,2026-02-05
4768,Chennai,Android,Returning,2025-03-21
4769,Chennai,Android,Returning,2025-01-12
4770,Mumbai,Android,Returning,2025-10-07
4771,Bangalore,Android,New,2026-03-28
4772,Mumbai,Android,Returning,2025-07-02
4773,Chennai,Android,New,2025-02-05
4774,Hyderabad,Android,New,2025-08-10
4775,Chennai,Android,Returning,2025-02-18
4776,Chennai,Android,Returning,2026-06-20
4777,Hyderabad,Android,Returning,2025-04-16
4778,Hyderabad,Android,Returning,2025-11-12
4779,Pune,Android,Returning,2025-02-23
4780,Delhi,Android,Returning,2025-01-05
4781,Mumbai,iOS,New,2026-01-22
4782,Bangalore,Android,Returning,2025-09-13
4783,Mumbai,Android,New,2025-09-02
4784,Delhi,Android,Returning,2025-04-04
4785,Delhi,Android,Returning,2026-03-08
4786,Bangalore,Android,New,2025-01-15
4787,Chennai,Android,New,2025-07-16
4788,Mumbai,Android,New,2025-03-06
4789,Chennai,Android,Returning,2025-04-09
4790,Chennai,Android,New,2025-06-21
4791,Delhi,Android,Returning,2025-06-21
4792,Pune,Android,New,2026-03-02
4793,Bangalore,iOS,Returning,2025-04-21
4794,Pune,Android,Returning,2025-11-27
4795,Pune,Android,Returning,2025-07-14
4796,Pune,Android,New,2025-08-01
4797,Hyderabad,Android,Returning,2026-02-09
4798,Mumbai,Android,Returning,2025-05-04
4799,Delhi,Android,New,2025-08-07
4800,Bangalore,Android,Returning,2026-01-01
4801,Delhi,Android,Returning,2025-06-27
4802,Chennai,Android,New,2026-02-16
4803,Delhi,Android,Returning,2025-11-20
4804,Mumbai,iOS,Returning,2026-02-03
4805,Mumbai,Android,Returning,2026-04-15
4806,Chennai,Android,New,2025-03-09
4807,Chennai,iOS,New,2025-10-13
4808,Delhi,iOS,Returning,2026-01-13
4809,Mumbai,Android,Returning,2025-03-10
4810,Bangalore,Android,New,2026-02-25
4811,Delhi,Android,New,2026-05-27
4812,Bangalore,Android,Returning,2025-06-25
4813,Pune,Android,New,2025-04-08
4814,Chennai,Android,Returning,2025-11-29
4815,Chennai,Android,Returning,2026-02-02
4816,Bangalore,Android,Returning,2025-05-17
4817,Chennai,Android,Returning,2025-06-29
4818,Chennai,Android,New,2025-11-22
4819,Delhi,iOS,New,2026-05-09
4820,Delhi,Android,New,2025-12-10
4821,Hyderabad,Android,Returning,2026-04-05
4822,Chennai,Android,New,2026-06-08
4823,Pune,Android,Returning,2025-08-27
4824,Mumbai,Android,Returning,2025-01-14
4825,Pune,Android,New,2025-01-22
4826,Bangalore,Android,New,2025-05-08
4827,Chennai,Android,New,2025-08-31
4828,Mumbai,Android,Returning,2026-03-15
4829,Delhi,iOS,New,2025-03-23
4830,Bangalore,Android,Returning,2025-05-21
4831,Bangalore,Android,New,2026-05-26
4832,Mumbai,Android,New,2025-07-26
4833,Mumbai,Android,Returning,2026-01-20
4834,Mumbai,Android,New,2025-02-08
4835,Chennai,Android,Returning,2026-03-31
4836,Mumbai,Android,Returning,2025-12-03
4837,Bangalore,Android,New,2025-10-12
4838,Pune,Android,Returning,2025-02-10
4839,Chennai,iOS,New,2026-03-01
4840,Delhi,Android,New,2025-10-23
4841,Chennai,Android,New,2025-08-23
4842,Bangalore,Android,Returning,2025-12-06
4843,Mumbai,Android,Returning,2025-09-06
4844,Chennai,Android,New,2025-02-25
4845,Chennai,Android,Returning,2025-09-12
4846,Pune,iOS,Returning,2025-08-16
4847,Pune,Android,Returning,2026-01-26
4848,Mumbai,Android,Returning,2025-11-26
4849,Chennai,Android,Returning,2026-03-29
4850,Delhi,Android,Returning,2025-01-07
4851,Delhi,Android,New,2026-05-19
4852,Delhi,Android,Returning,2025-07-17
4853,Mumbai,Android,New,2025-05-25
4854,Delhi,Android,Returning,2025-05-09
4855,Pune,Android,Returning,2025-06-27
4856,Mumbai,Android,Returning,2025-07-29
4857,Delhi,Android,New,2026-06-04
4858,Chennai,Android,Returning,2026-03-13
4859,Bangalore,Android,New,2026-04-24
4860,Chennai,Android,Returning,2025-06-18
4861,Mumbai,Android,Returning,2025-07-22
4862,Mumbai,Android,Returning,2026-03-11
4863,Bangalore,Android,Returning,2025-09-12
4864,Pune,iOS,New,2025-10-20
4865,Chennai,Android,New,2026-04-05
4866,Bangalore,Android,Returning,2025-07-26
4867,Delhi,Android,Returning,2026-05-08
4868,Hyderabad,Android,Returning,2026-01-04
4869,Mumbai,Android,New,2026-01-22
4870,Hyderabad,Android,Returning,2026-04-28
4871,Pune,Android,New,2026-03-09
4872,Mumbai,iOS,Returning,2026-03-20
4873,Delhi,Android,Returning,2026-05-09
4874,Hyderabad,Android,New,2026-01-26
4875,Bangalore,Android,Returning,2025-03-27
4876,Pune,Android,New,2025-06-06
4877,Bangalore,Android,Returning,2025-06-29
4878,Hyderabad,Android,New,2026-01-25
4879,Hyderabad,Android,Returning,2025-11-10
4880,Hyderabad,Android,Returning,2025-10-18
4881,Delhi,iOS,New,2026-05-08
4882,Mumbai,iOS,Returning,2025-12-08
4883,Mumbai,iOS,New,2026-04-26
4884,Mumbai,Android,Returning,2025-06-08
4885,Delhi,iOS,New,2025-01-05
4886,Chennai,Android,New,2026-05-28
4887,Hyderabad,Android,Returning,2026-01-19
4888,Hyderabad,Android,Returning,2026-02-19
4889,Chennai,Android,Returning,2026-02-09
4890,Hyderabad,Android,Returning,2026-01-18
4891,Bangalore,Android,Returning,2026-05-17
4892,Hyderabad,Android,Returning,2025-03-14
4893,Delhi,Android,Returning,2025-02-09
4894,Pune,Android,New,2026-01-30
4895,Mumbai,Android,New,2025-06-16
4896,Bangalore,Android,Returning,2026-03-23
4897,Pune,Android,New,2025-12-23
4898,Chennai,Android,Returning,2026-05-16
4899,Chennai,iOS,Returning,2026-01-13
4900,Chennai,Android,Returning,2025-03-01
4901,Hyderabad,Android,New,2026-01-30
4902,Mumbai,Android,Returning,2025-09-10
4903,Delhi,Android,Returning,2026-05-05
4904,Chennai,Android,Returning,2026-01-06
4905,Chennai,iOS,Returning,2025-01-29
4906,Bangalore,Android,Returning,2025-06-01
4907,Chennai,Android,Returning,2026-04-12
4908,Bangalore,iOS,Returning,2025-05-31
4909,Pune,Android,Returning,2025-09-11
4910,Delhi,Android,Returning,2025-06-15
4911,Delhi,Android,Returning,2025-04-30
4912,Hyderabad,Android,New,2026-01-29
4913,Pune,Android,Returning,2025-03-24
4914,Hyderabad,Android,Returning,2025-07-13
4915,Hyderabad,Android,Returning,2025-06-19
4916,Chennai,Android,Returning,2025-09-16
4917,Pune,Android,Returning,2025-11-06
4918,Pune,Android,New,2026-01-27
4919,Chennai,iOS,New,2025-11-12
4920,Chennai,Android,Returning,2026-02-26
4921,Delhi,iOS,Returning,2025-04-02
4922,Mumbai,Android,Returning,2025-12-19
4923,Chennai,Android,Returning,2025-10-03
4924,Chennai,iOS,Returning,2025-08-03
4925,Chennai,Android,Returning,2026-02-12
4926,Delhi,Android,Returning,2025-11-12
4927,Hyderabad,Android,Returning,2025-06-22
4928,Delhi,iOS,Returning,2025-01-02
4929,Chennai,Android,Returning,2025-03-13
4930,Pune,Android,New,2026-03-04
4931,Chennai,iOS,Returning,2026-03-03
4932,Chennai,iOS,Returning,2025-10-23
4933,Mumbai,Android,New,2026-03-18
4934,Bangalore,Android,New,2025-06-30
4935,Chennai,iOS,New,2025-07-10
4936,Mumbai,Android,Returning,2025-05-18
4937,Mumbai,Android,New,2026-05-14
4938,Delhi,Android,New,2026-05-30
4939,Pune,Android,Returning,2026-04-07
4940,Mumbai,Android,Returning,2025-08-06
4941,Delhi,Android,Returning,2025-07-25
4942,Mumbai,Android,Returning,2025-07-07
4943,Hyderabad,Android,Returning,2025-09-23
4944,Chennai,iOS,Returning,2026-03-28
4945,Chennai,Android,New,2025-04-22
4946,Delhi,Android,New,2025-06-20
4947,Delhi,iOS,Returning,2025-10-28
4948,Delhi,Android,New,2026-01-22
4949,Delhi,Android,Returning,2025-10-11
4950,Delhi,iOS,New,2025-12-17
4951,Hyderabad,Android,Returning,2025-08-29
4952,Chennai,Android,Returning,2026-05-12
4953,Delhi,iOS,Returning,2025-04-14
4954,Bangalore,iOS,New,2025-03-04
4955,Chennai,Android,New,2025-01-08
4956,Delhi,Android,Returning,2025-02-12
4957,Pune,Android,Returning,2025-08-05
4958,Hyderabad,Android,Returning,2025-01-08
4959,Bangalore,Android,New,2026-06-17
4960,Hyderabad,Android,Returning,2026-05-13
4961,Pune,Android,Returning,2025-12-12
4962,Bangalore,Android,Returning,2026-03-16
4963,Chennai,Android,New,2026-01-15
4964,Bangalore,Android,Returning,2025-12-18
4965,Bangalore,iOS,Returning,2025-09-03
4966,Hyderabad,iOS,New,2026-02-13
4967,Bangalore,Android,New,2025-02-28
4968,Delhi,Android,New,2025-12-05
4969,Hyderabad,Android,Returning,2025-01-04
4970,Chennai,iOS,Returning,2026-02-16
4971,Delhi,iOS,New,2025-05-23
4972,Pune,Android,Returning,2025-05-06
4973,Chennai,Android,New,2025-10-14
4974,Bangalore,Android,New,2025-09-12
4975,Pune,Android,Returning,2026-04-08
4976,Pune,Android,Returning,2026-05-02
4977,Chennai,Android,New,2026-02-28
4978,Delhi,Android,New,2025-07-12
4979,Delhi,Android,Returning,2025-11-26
4980,Delhi,Android,New,2026-01-04
4981,Chennai,Android,Returning,2025-11-30
4982,Mumbai,Android,Returning,2026-03-31
4983,Hyderabad,Android,Returning,2026-05-12
4984,Bangalore,Android,New,2025-03-25
4985,Hyderabad,Android,New,2026-03-15
4986,Chennai,Android,Returning,2025-04-13
4987,Bangalore,iOS,New,2026-01-30
4988,Chennai,Android,New,2025-07-19
4989,Pune,Android,Returning,2025-05-27
4990,Delhi,iOS,Returning,2026-06-01
4991,Hyderabad,Android,Returning,2025-05-11
4992,Bangalore,Android,Returning,2025-03-31
4993,Mumbai,iOS,Returning,2026-04-24
4994,Delhi,Android,New,2026-04-02
4995,Chennai,Android,Returning,2026-05-09
4996,Mumbai,Android,New,2025-09-04
4997,Mumbai,Android,Returning,2025-08-05
4998,Delhi,Android,Returning,2025-04-02
4999,Chennai,iOS,Returning,2026-03-22
5000,Mumbai,Android,New,2025-01-30
5001,Hyderabad,Android,New,2025-12-01
5002,Mumbai,Android,Returning,2025-10-15
5003,Chennai,Android,Returning,2025-09-21
5004,Chennai,Android,Returning,2026-05-03
5005,Chennai,Android,Returning,2025-05-07
5006,Pune,iOS,Returning,2025-05-20
5007,Delhi,iOS,New,2026-05-19
5008,Mumbai,Android,New,2025-12-07
5009,Chennai,Android,New,2025-03-08
5010,Hyderabad,Android,New,2025-12-18
5011,Chennai,Android,New,2026-01-26
5012,Mumbai,iOS,New,2026-03-24
5013,Bangalore,Android,New,2025-08-17
5014,Bangalore,iOS,Returning,2025-04-29
5015,Delhi,Android,Returning,2025-03-31
5016,Bangalore,Android,Returning,2025-04-02
5017,Chennai,iOS,Returning,2025-07-12
5018,Pune,Android,New,2025-04-29
5019,Mumbai,iOS,New,2026-01-12
5020,Hyderabad,Android,New,2025-11-17
5021,Bangalore,iOS,New,2025-01-02
5022,Pune,Android,Returning,2025-03-05
5023,Hyderabad,Android,Returning,2025-07-14
5024,Bangalore,Android,New,2026-03-10
5025,Chennai,Android,Returning,2026-01-09
5026,Pune,iOS,Returning,2025-05-10
5027,Delhi,iOS,Returning,2025-08-16
5028,Delhi,Android,Returning,2026-02-09
5029,Bangalore,Android,Returning,2026-04-17
5030,Bangalore,Android,New,2025-05-29
5031,Hyderabad,Android,New,2025-08-13
5032,Mumbai,Android,New,2026-04-12
5033,Mumbai,Android,Returning,2025-10-18
5034,Pune,Android,Returning,2025-02-05
5035,Bangalore,Android,Returning,2025-11-24
5036,Chennai,iOS,Returning,2026-05-30
5037,Bangalore,Android,New,2025-05-07
5038,Chennai,iOS,New,2026-05-05
5039,Hyderabad,Android,Returning,2025-08-09
5040,Chennai,Android,Returning,2025-10-26
5041,Delhi,Android,Returning,2026-01-21
5042,Mumbai,Android,Returning,2025-12-08
5043,Chennai,Android,Returning,2025-08-04
5044,Chennai,Android,Returning,2025-08-19
5045,Mumbai,Android,New,2025-02-23
5046,Chennai,Android,New,2026-05-15
5047,Bangalore,Android,Returning,2026-02-06
5048,Delhi,iOS,Returning,2025-06-13
5049,Bangalore,Android,Returning,2026-02-06
5050,Chennai,Android,New,2026-03-09
5051,Bangalore,iOS,Returning,2026-04-30
5052,Hyderabad,iOS,New,2026-02-05
5053,Pune,Android,New,2025-03-15
5054,Bangalore,Android,Returning,2025-10-17
5055,Chennai,Android,New,2025-07-19
5056,Delhi,Android,New,2026-02-08
5057,Bangalore,Android,Returning,2025-05-15
5058,Chennai,Android,New,2025-02-25
5059,Hyderabad,Android,Returning,2025-11-08
5060,Pune,Android,Returning,2025-06-17
5061,Hyderabad,Android,New,2025-05-21
5062,Bangalore,iOS,Returning,2026-05-10
5063,Mumbai,Android,Returning,2025-05-29
5064,Chennai,Android,Returning,2025-08-12
5065,Chennai,Android,Returning,2025-07-20
5066,Bangalore,iOS,New,2025-01-10
5067,Chennai,Android,Returning,2025-04-15
5068,Hyderabad,Android,New,2025-06-01
5069,Chennai,Android,Returning,2026-03-14
5070,Delhi,Android,Returning,2025-06-22
5071,Bangalore,Android,Returning,2025-04-09
5072,Mumbai,iOS,Returning,2026-05-01
5073,Delhi,Android,Returning,2025-02-23
5074,Chennai,Android,Returning,2026-06-12
5075,Pune,iOS,Returning,2025-12-13
5076,Mumbai,iOS,New,2026-03-21
5077,Mumbai,Android,New,2026-02-18
5078,Delhi,Android,Returning,2025-02-04
5079,Hyderabad,Android,New,2025-09-04
5080,Bangalore,iOS,Returning,2026-05-16
5081,Chennai,Android,Returning,2025-06-26
5082,Chennai,Android,Returning,2026-01-20
5083,Hyderabad,iOS,New,2025-04-02
5084,Bangalore,Android,New,2026-01-27
5085,Bangalore,Android,Returning,2026-04-01
5086,Delhi,Android,New,2025-01-12
5087,Delhi,Android,New,2025-04-30
5088,Hyderabad,Android,New,2025-05-05
5089,Mumbai,Android,Returning,2026-06-06
5090,Pune,Android,Returning,2025-01-24
5091,Bangalore,Android,Returning,2026-05-07
5092,Pune,Android,Returning,2025-04-07
5093,Hyderabad,Android,Returning,2025-07-05
5094,Chennai,iOS,Returning,2026-05-11
5095,Bangalore,Android,New,2026-03-21
5096,Delhi,Android,New,2025-05-09
5097,Delhi,Android,Returning,2025-11-30
5098,Hyderabad,Android,Returning,2025-07-09
5099,Hyderabad,Android,Returning,2025-01-21
5100,Delhi,Android,New,2026-05-16
5101,Pune,Android,New,2026-06-16
5102,Mumbai,Android,New,2025-05-08
5103,Mumbai,Android,New,2025-05-01
5104,Delhi,Android,New,2025-07-04
5105,Bangalore,Android,Returning,2026-04-03
5106,Delhi,iOS,New,2025-05-06
5107,Pune,Android,Returning,2025-05-12
5108,Chennai,iOS,Returning,2025-07-31
5109,Delhi,Android,New,2025-06-15
5110,Delhi,Android,New,2025-09-20
5111,Delhi,Android,Returning,2025-03-28
5112,Bangalore,iOS,New,2026-06-03
5113,Pune,Android,Returning,2026-01-08
5114,Hyderabad,Android,Returning,2025-06-25
5115,Mumbai,Android,New,2025-01-01
5116,Delhi,Android,New,2025-11-04
5117,Bangalore,iOS,Returning,2026-06-16
5118,Mumbai,Android,Returning,2026-04-01
5119,Chennai,Android,New,2026-05-18
5120,Pune,iOS,New,2025-11-17
5121,Pune,Android,New,2025-12-27
5122,Mumbai,Android,New,2026-06-07
5123,Chennai,Android,Returning,2025-04-12
5124,Mumbai,Android,Returning,2025-02-15
5125,Mumbai,iOS,New,2025-02-07
5126,Bangalore,Android,New,2025-05-26
5127,Mumbai,Android,Returning,2025-08-09
5128,Pune,iOS,New,2025-08-10
5129,Bangalore,Android,Returning,2026-01-03
5130,Chennai,iOS,New,2025-05-12
5131,Delhi,Android,Returning,2026-03-09
5132,Bangalore,Android,Returning,2025-09-19
5133,Chennai,iOS,New,2026-01-26
5134,Hyderabad,Android,Returning,2025-06-17
5135,Delhi,Android,Returning,2026-04-13
5136,Chennai,Android,Returning,2025-09-18
5137,Chennai,iOS,New,2026-03-12
5138,Pune,iOS,Returning,2025-05-27
5139,Delhi,Android,Returning,2025-07-28
5140,Chennai,Android,Returning,2025-10-03
5141,Chennai,Android,Returning,2025-07-17
5142,Pune,iOS,Returning,2026-01-17
5143,Pune,Android,New,2026-06-08
5144,Hyderabad,Android,New,2025-06-17
5145,Bangalore,Android,New,2025-06-07
5146,Hyderabad,Android,New,2026-03-21
5147,Pune,Android,Returning,2025-01-27
5148,Delhi,Android,Returning,2025-09-11
5149,Delhi,iOS,Returning,2025-10-04
5150,Chennai,Android,Returning,2025-04-23
5151,Delhi,iOS,Returning,2026-02-21
5152,Chennai,Android,Returning,2025-12-04
5153,Bangalore,Android,Returning,2025-04-02
5154,Bangalore,iOS,New,2025-12-08
5155,Mumbai,iOS,New,2025-05-30
5156,Delhi,iOS,New,2025-10-08
5157,Hyderabad,iOS,New,2025-04-11
5158,Hyderabad,Android,Returning,2025-08-16
5159,Delhi,Android,New,2025-04-18
5160,Pune,Android,New,2025-06-29
5161,Pune,Android,New,2025-11-10
5162,Delhi,iOS,New,2026-05-17
5163,Chennai,Android,New,2025-12-24
5164,Pune,Android,New,2025-10-16
5165,Pune,Android,Returning,2025-10-05
5166,Delhi,Android,Returning,2025-04-12
5167,Bangalore,Android,Returning,2025-06-24
5168,Mumbai,Android,Returning,2026-02-03
5169,Chennai,Android,Returning,2025-12-20
5170,Hyderabad,Android,Returning,2026-02-17
5171,Bangalore,Android,Returning,2025-05-11
5172,Chennai,Android,Returning,2025-01-10
5173,Chennai,iOS,Returning,2026-06-10
5174,Chennai,Android,Returning,2025-06-09
5175,Mumbai,Android,Returning,2025-05-10
5176,Pune,Android,Returning,2026-01-23
5177,Delhi,Android,Returning,2025-10-01
5178,Chennai,Android,New,2026-01-15
5179,Chennai,Android,Returning,2025-09-13
5180,Chennai,Android,Returning,2026-03-05
5181,Mumbai,iOS,Returning,2026-04-14
5182,Bangalore,iOS,Returning,2026-03-26
5183,Pune,Android,Returning,2026-04-25
5184,Bangalore,iOS,Returning,2025-10-21
5185,Pune,Android,Returning,2026-03-15
5186,Bangalore,Android,Returning,2025-08-23
5187,Bangalore,Android,Returning,2025-03-31
5188,Bangalore,iOS,Returning,2026-02-21
5189,Chennai,Android,Returning,2025-04-03
5190,Delhi,iOS,Returning,2025-03-23
5191,Delhi,Android,Returning,2025-09-03
5192,Pune,Android,Returning,2025-06-19
5193,Delhi,iOS,New,2025-02-28
5194,Pune,Android,Returning,2025-10-20
5195,Delhi,iOS,Returning,2026-05-20
5196,Chennai,iOS,Returning,2026-03-11
5197,Chennai,Android,Returning,2026-06-05
5198,Hyderabad,Android,Returning,2025-05-20
5199,Pune,Android,Returning,2026-05-25
5200,Hyderabad,Android,Returning,2025-05-08
5201,Pune,Android,New,2025-01-15
5202,Chennai,Android,New,2025-07-14
5203,Chennai,iOS,New,2025-01-08
5204,Chennai,Android,Returning,2026-03-12
5205,Mumbai,Android,New,2025-12-20
5206,Chennai,Android,Returning,2026-06-25
5207,Pune,Android,New,2025-02-13
5208,Mumbai,iOS,Returning,2026-04-05
5209,Mumbai,Android,New,2026-06-21
5210,Delhi,Android,Returning,2025-06-29
5211,Mumbai,Android,Returning,2026-01-11
5212,Bangalore,Android,New,2026-06-11
5213,Hyderabad,Android,Returning,2025-02-22
5214,Hyderabad,Android,Returning,2026-05-23
5215,Bangalore,Android,Returning,2025-06-24
5216,Bangalore,Android,New,2025-04-26
5217,Pune,Android,Returning,2025-09-13
5218,Bangalore,iOS,Returning,2025-05-01
5219,Hyderabad,Android,Returning,2025-11-03
5220,Bangalore,Android,New,2025-10-28
5221,Delhi,Android,Returning,2025-08-07
5222,Mumbai,iOS,Returning,2026-02-08
5223,Chennai,Android,Returning,2025-11-09
5224,Delhi,Android,Returning,2026-06-12
5225,Pune,Android,Returning,2026-04-20
5226,Delhi,Android,Returning,2026-05-15
5227,Delhi,iOS,Returning,2025-12-31
5228,Bangalore,iOS,Returning,2026-04-17
5229,Bangalore,Android,Returning,2025-11-02
5230,Delhi,Android,Returning,2025-04-20
5231,Chennai,Android,Returning,2025-12-25
5232,Hyderabad,iOS,Returning,2025-07-10
5233,Delhi,Android,Returning,2025-12-30
5234,Hyderabad,Android,Returning,2025-04-14
5235,Mumbai,Android,Returning,2026-05-19
5236,Pune,Android,Returning,2025-03-28
5237,Mumbai,iOS,New,2026-06-11
5238,Delhi,Android,Returning,2026-02-25
5239,Delhi,Android,New,2026-05-15
5240,Chennai,Android,Returning,2025-06-09
5241,Mumbai,Android,Returning,2025-09-14
5242,Hyderabad,Android,New,2026-04-27
5243,Bangalore,Android,Returning,2026-01-19
5244,Hyderabad,Android,Returning,2026-01-09
5245,Pune,Android,New,2025-07-06
5246,Delhi,Android,New,2025-10-03
5247,Chennai,Android,New,2026-03-26
5248,Mumbai,Android,New,2026-03-26
5249,Bangalore,Android,Returning,2025-05-24
5250,Delhi,Android,New,2026-03-21
5251,Chennai,Android,New,2026-01-03
5252,Delhi,Android,New,2025-07-23
5253,Bangalore,Android,Returning,2025-07-14
5254,Mumbai,Android,Returning,2025-02-11
5255,Hyderabad,Android,New,2026-02-09
5256,Delhi,Android,Returning,2025-12-06
5257,Chennai,Android,Returning,2025-06-14
5258,Hyderabad,Android,Returning,2025-07-23
5259,Delhi,Android,Returning,2025-09-30
5260,Hyderabad,Android,Returning,2026-03-08
5261,Chennai,Android,Returning,2026-05-23
5262,Bangalore,iOS,Returning,2025-05-11
5263,Pune,Android,Returning,2026-02-14
5264,Mumbai,Android,New,2026-02-03
5265,Delhi,iOS,New,2025-04-23
5266,Mumbai,Android,Returning,2025-01-22
5267,Bangalore,iOS,New,2025-06-09
5268,Delhi,Android,Returning,2026-05-28
5269,Delhi,Android,New,2025-08-31
5270,Hyderabad,Android,Returning,2025-12-17
5271,Hyderabad,Android,Returning,2025-01-09
5272,Bangalore,Android,Returning,2026-05-07
5273,Hyderabad,iOS,Returning,2025-10-16
5274,Hyderabad,iOS,Returning,2025-03-26
5275,Pune,Android,New,2025-09-11
5276,Chennai,Android,Returning,2025-06-06
5277,Mumbai,Android,Returning,2026-06-08
5278,Bangalore,Android,Returning,2025-09-13
5279,Bangalore,Android,Returning,2025-04-28
5280,Chennai,Android,Returning,2025-09-11
5281,Mumbai,Android,Returning,2026-03-16
5282,Chennai,Android,New,2026-05-01
5283,Chennai,Android,Returning,2025-04-16
5284,Pune,iOS,Returning,2026-05-30
5285,Mumbai,iOS,Returning,2025-07-05
5286,Mumbai,Android,Returning,2025-06-02
5287,Mumbai,Android,Returning,2025-05-04
5288,Delhi,iOS,Returning,2026-02-15
5289,Mumbai,iOS,Returning,2025-10-08
5290,Hyderabad,Android,Returning,2025-05-30
5291,Pune,Android,Returning,2025-01-19
5292,Delhi,Android,Returning,2025-07-24
5293,Hyderabad,Android,New,2025-02-22
5294,Pune,Android,Returning,2026-02-22
5295,Chennai,iOS,New,2025-11-10
5296,Mumbai,Android,Returning,2025-08-25
5297,Hyderabad,Android,New,2025-12-11
5298,Delhi,iOS,Returning,2026-05-06
5299,Hyderabad,Android,Returning,2026-06-07
5300,Bangalore,Android,Returning,2025-02-22
5301,Bangalore,Android,New,2025-04-23
5302,Bangalore,Android,Returning,2026-01-08
5303,Chennai,Android,New,2025-12-26
5304,Mumbai,Android,Returning,2026-03-05
5305,Delhi,Android,Returning,2025-11-24
5306,Delhi,Android,Returning,2025-07-06
5307,Delhi,Android,New,2025-01-01
5308,Mumbai,Android,Returning,2025-11-26
5309,Hyderabad,iOS,Returning,2025-10-20
5310,Pune,Android,New,2025-10-14
5311,Hyderabad,Android,New,2025-04-14
5312,Bangalore,Android,Returning,2025-07-09
5313,Bangalore,iOS,Returning,2026-05-19
5314,Bangalore,iOS,Returning,2025-12-09
5315,Delhi,Android,Returning,2025-04-25
5316,Chennai,Android,Returning,2025-01-14
5317,Bangalore,Android,Returning,2025-05-14
5318,Chennai,Android,Returning,2026-01-05
5319,Chennai,Android,Returning,2026-01-06
5320,Mumbai,Android,New,2026-01-16
5321,Mumbai,Android,Returning,2025-10-10
5322,Delhi,Android,Returning,2026-01-29
5323,Mumbai,Android,New,2025-04-19
5324,Delhi,iOS,Returning,2025-05-04
5325,Mumbai,iOS,Returning,2025-07-15
5326,Delhi,iOS,Returning,2026-04-02
5327,Pune,iOS,Returning,2025-03-18
5328,Bangalore,Android,Returning,2025-12-18
5329,Mumbai,Android,Returning,2026-05-01
5330,Delhi,Android,Returning,2025-06-07
5331,Mumbai,Android,New,2025-05-11
5332,Pune,iOS,Returning,2026-03-05
5333,Pune,Android,New,2025-09-16
5334,Bangalore,Android,New,2025-12-22
5335,Chennai,Android,New,2026-04-05
5336,Hyderabad,iOS,New,2025-05-01
5337,Hyderabad,Android,New,2025-03-11
5338,Pune,Android,Returning,2026-03-06
5339,Delhi,iOS,Returning,2026-05-31
5340,Pune,Android,New,2025-06-20
5341,Chennai,Android,Returning,2025-10-08
5342,Bangalore,Android,Returning,2025-05-13
5343,Pune,Android,New,2025-02-16
5344,Chennai,Android,New,2025-03-04
5345,Chennai,Android,New,2025-07-14
5346,Hyderabad,Android,New,2026-02-12
5347,Delhi,iOS,New,2026-06-10
5348,Hyderabad,iOS,Returning,2025-06-19
5349,Hyderabad,iOS,Returning,2026-06-06
5350,Hyderabad,Android,Returning,2026-02-04
5351,Mumbai,Android,Returning,2025-10-06
5352,Delhi,Android,Returning,2025-07-08
5353,Pune,Android,Returning,2025-06-13
5354,Pune,Android,Returning,2025-08-12
5355,Pune,Android,New,2025-01-10
5356,Pune,Android,New,2026-04-12
5357,Bangalore,iOS,Returning,2026-06-22
5358,Mumbai,iOS,New,2025-11-07
5359,Chennai,Android,New,2025-10-31
5360,Pune,Android,New,2025-10-02
5361,Mumbai,Android,New,2025-05-02
5362,Delhi,Android,Returning,2025-08-18
5363,Bangalore,Android,Returning,2025-09-01
5364,Chennai,Android,Returning,2025-02-10
5365,Bangalore,Android,Returning,2025-06-01
5366,Bangalore,Android,Returning,2025-05-17
5367,Chennai,Android,Returning,2025-02-22
5368,Mumbai,Android,New,2025-09-12
5369,Delhi,Android,Returning,2025-04-29
5370,Chennai,Android,New,2025-12-22
5371,Bangalore,Android,Returning,2026-01-13
5372,Chennai,Android,Returning,2025-03-27
5373,Chennai,Android,Returning,2025-09-28
5374,Hyderabad,iOS,Returning,2025-05-17
5375,Bangalore,Android,New,2025-10-29
5376,Chennai,Android,Returning,2025-02-28
5377,Bangalore,Android,Returning,2025-01-11
5378,Chennai,Android,Returning,2025-08-13
5379,Mumbai,Android,Returning,2025-10-14
5380,Delhi,Android,Returning,2025-09-20
5381,Chennai,Android,Returning,2025-04-19
5382,Chennai,Android,New,2026-01-27
5383,Chennai,Android,Returning,2025-09-21
5384,Hyderabad,Android,Returning,2025-07-31
5385,Bangalore,Android,Returning,2025-08-14
5386,Mumbai,Android,Returning,2025-10-03
5387,Mumbai,Android,New,2026-02-09
5388,Mumbai,Android,New,2026-04-02
5389,Bangalore,Android,Returning,2026-03-21
5390,Hyderabad,Android,New,2025-06-01
5391,Hyderabad,iOS,Returning,2025-04-06
5392,Hyderabad,iOS,Returning,2025-07-05
5393,Mumbai,Android,New,2025-07-09
5394,Pune,Android,New,2025-07-13
5395,Chennai,Android,New,2026-05-18
5396,Chennai,Android,New,2025-07-04
5397,Delhi,iOS,New,2025-10-16
5398,Mumbai,Android,New,2025-11-14
5399,Hyderabad,Android,New,2025-07-01
5400,Delhi,Android,New,2025-07-12
5401,Delhi,Android,Returning,2025-05-27
5402,Mumbai,Android,Returning,2026-03-13
5403,Chennai,iOS,New,2026-04-11
5404,Delhi,Android,Returning,2026-02-17
5405,Mumbai,Android,Returning,2026-06-24
5406,Pune,Android,Returning,2025-01-13
5407,Hyderabad,Android,Returning,2025-04-13
5408,Delhi,Android,Returning,2026-01-29
5409,Delhi,iOS,Returning,2025-04-23
5410,Mumbai,Android,Returning,2025-02-14
5411,Delhi,Android,New,2025-09-12
5412,Mumbai,iOS,New,2025-10-02
5413,Delhi,Android,Returning,2025-01-14
5414,Pune,Android,Returning,2025-04-19
5415,Chennai,iOS,Returning,2025-12-13
5416,Mumbai,Android,New,2025-03-29
5417,Hyderabad,Android,New,2025-05-23
5418,Mumbai,Android,Returning,2026-03-31
5419,Bangalore,Android,Returning,2025-11-11
5420,Mumbai,Android,Returning,2026-05-06
5421,Delhi,iOS,Returning,2025-09-07
5422,Chennai,iOS,New,2025-10-01
5423,Delhi,Android,Returning,2025-05-07
5424,Delhi,Android,Returning,2025-02-15
5425,Delhi,iOS,New,2025-10-31
5426,Hyderabad,Android,Returning,2026-06-08
5427,Delhi,Android,Returning,2025-05-26
5428,Delhi,Android,Returning,2025-08-18
5429,Hyderabad,Android,New,2025-08-21
5430,Mumbai,iOS,Returning,2026-01-30
5431,Chennai,iOS,New,2025-12-28
5432,Mumbai,Android,Returning,2025-10-21
5433,Chennai,Android,Returning,2026-01-29
5434,Hyderabad,Android,Returning,2025-04-26
5435,Delhi,Android,Returning,2025-06-23
5436,Delhi,Android,Returning,2025-08-18
5437,Bangalore,Android,New,2025-10-16
5438,Pune,iOS,New,2025-03-20
5439,Delhi,Android,Returning,2025-12-08
5440,Delhi,Android,Returning,2026-01-05
5441,Pune,Android,New,2025-02-14
5442,Mumbai,Android,Returning,2025-06-04
5443,Pune,Android,Returning,2026-03-15
5444,Pune,Android,New,2025-12-09
5445,Chennai,iOS,New,2025-07-05
5446,Mumbai,iOS,New,2026-03-12
5447,Pune,iOS,Returning,2025-11-05
5448,Bangalore,Android,New,2025-10-21
5449,Bangalore,Android,New,2025-04-17
5450,Chennai,Android,New,2026-05-27
5451,Bangalore,Android,Returning,2026-01-13
5452,Delhi,Android,Returning,2025-03-20
5453,Chennai,Android,Returning,2025-06-02
5454,Bangalore,Android,Returning,2025-05-31
5455,Hyderabad,iOS,New,2025-06-01
5456,Chennai,Android,Returning,2026-04-03
5457,Delhi,Android,Returning,2026-05-05
5458,Pune,iOS,New,2025-04-26
5459,Chennai,Android,Returning,2026-03-14
5460,Mumbai,Android,New,2025-10-13
5461,Bangalore,Android,Returning,2025-04-03
5462,Mumbai,Android,New,2025-05-11
5463,Bangalore,Android,New,2026-01-30
5464,Hyderabad,iOS,Returning,2025-11-23
5465,Hyderabad,Android,Returning,2026-03-11
5466,Pune,iOS,Returning,2026-02-28
5467,Mumbai,Android,Returning,2025-12-08
5468,Hyderabad,Android,New,2025-09-09
5469,Pune,iOS,New,2026-03-05
5470,Pune,Android,New,2026-05-25
5471,Pune,Android,Returning,2026-05-20
5472,Hyderabad,Android,New,2025-08-24
5473,Pune,Android,Returning,2025-03-27
5474,Pune,Android,Returning,2026-03-08
5475,Chennai,Android,Returning,2025-08-13
5476,Mumbai,Android,Returning,2025-03-31
5477,Delhi,Android,New,2026-01-06
5478,Delhi,iOS,Returning,2025-07-28
5479,Pune,Android,Returning,2026-01-07
5480,Mumbai,Android,Returning,2026-05-01
5481,Delhi,Android,Returning,2025-04-23
5482,Bangalore,Android,Returning,2025-12-24
5483,Bangalore,iOS,New,2025-05-23
5484,Mumbai,Android,Returning,2026-04-17
5485,Mumbai,Android,New,2026-03-08
5486,Mumbai,Android,Returning,2025-08-04
5487,Chennai,Android,Returning,2025-02-27
5488,Delhi,Android,Returning,2025-05-22
5489,Hyderabad,iOS,Returning,2025-05-27
5490,Chennai,Android,Returning,2025-01-27
5491,Bangalore,Android,Returning,2026-03-11
5492,Chennai,iOS,Returning,2025-02-25
5493,Chennai,Android,New,2025-04-19
5494,Hyderabad,Android,New,2025-03-17
5495,Delhi,iOS,Returning,2025-06-11
5496,Bangalore,Android,Returning,2025-05-31
5497,Delhi,iOS,Returning,2025-05-25
5498,Delhi,iOS,Returning,2025-09-08
5499,Pune,iOS,Returning,2025-01-13
5500,Mumbai,Android,Returning,2026-03-03
5501,Hyderabad,Android,New,2025-07-06
5502,Chennai,Android,New,2025-05-24
5503,Chennai,Android,Returning,2026-06-25
5504,Hyderabad,Android,Returning,2025-11-03
5505,Chennai,Android,Returning,2026-02-26
5506,Hyderabad,Android,Returning,2025-12-12
5507,Bangalore,iOS,New,2025-01-14
5508,Mumbai,iOS,Returning,2025-04-24
5509,Chennai,Android,Returning,2025-03-03
5510,Pune,Android,Returning,2025-02-02
5511,Pune,Android,New,2025-06-27
5512,Delhi,iOS,Returning,2025-06-14
5513,Hyderabad,Android,Returning,2026-02-10
5514,Pune,Android,Returning,2026-04-11
5515,Pune,iOS,New,2025-09-22
5516,Bangalore,Android,New,2026-05-29
5517,Hyderabad,Android,Returning,2025-08-21
5518,Bangalore,Android,Returning,2025-06-10
5519,Pune,Android,New,2025-04-05
5520,Mumbai,iOS,Returning,2026-01-22
5521,Hyderabad,Android,Returning,2025-08-05
5522,Mumbai,iOS,Returning,2025-02-27
5523,Mumbai,Android,Returning,2026-02-06
5524,Chennai,Android,Returning,2025-03-21
5525,Hyderabad,Android,New,2026-04-25
5526,Chennai,Android,New,2025-11-17
5527,Hyderabad,Android,Returning,2026-02-19
5528,Delhi,iOS,New,2025-06-18
5529,Chennai,Android,Returning,2026-01-16
5530,Mumbai,Android,Returning,2026-03-11
5531,Delhi,Android,New,2025-10-04
5532,Delhi,iOS,Returning,2025-04-17
5533,Pune,Android,New,2026-01-07
5534,Delhi,Android,New,2025-12-10
5535,Bangalore,Android,Returning,2025-09-03
5536,Pune,Android,Returning,2025-06-16
5537,Delhi,Android,New,2025-04-20
5538,Pune,Android,Returning,2025-08-05
5539,Bangalore,Android,New,2025-01-12
5540,Pune,Android,Returning,2025-07-12
5541,Chennai,iOS,New,2025-07-26
5542,Mumbai,Android,Returning,2025-02-03
5543,Delhi,Android,Returning,2025-10-03
5544,Pune,iOS,Returning,2025-02-15
5545,Delhi,Android,Returning,2026-05-11
5546,Bangalore,iOS,Returning,2025-02-19
5547,Bangalore,Android,New,2025-04-06
5548,Bangalore,Android,New,2025-01-09
5549,Hyderabad,Android,Returning,2025-10-17
5550,Mumbai,Android,Returning,2026-05-28
5551,Hyderabad,Android,Returning,2025-11-19
5552,Mumbai,Android,Returning,2025-12-31
5553,Bangalore,Android,New,2025-04-10
5554,Chennai,Android,Returning,2026-02-22
5555,Delhi,Android,Returning,2026-05-31
5556,Mumbai,Android,New,2026-05-30
5557,Pune,Android,Returning,2025-01-25
5558,Hyderabad,Android,Returning,2026-01-27
5559,Bangalore,iOS,Returning,2025-02-08
5560,Mumbai,Android,Returning,2025-06-15
5561,Delhi,Android,New,2026-04-20
5562,Chennai,Android,Returning,2025-04-06
5563,Mumbai,Android,Returning,2025-08-26
5564,Chennai,iOS,Returning,2025-05-25
5565,Pune,Android,Returning,2025-06-14
5566,Chennai,Android,New,2026-06-13
5567,Bangalore,Android,Returning,2026-06-20
5568,Mumbai,Android,New,2026-04-04
5569,Bangalore,Android,Returning,2025-12-14
5570,Pune,Android,Returning,2026-01-04
5571,Delhi,Android,Returning,2026-03-18
5572,Mumbai,Android,Returning,2026-02-01
5573,Pune,Android,Returning,2025-08-02
5574,Mumbai,Android,New,2025-03-18
5575,Delhi,iOS,Returning,2026-05-25
5576,Mumbai,Android,Returning,2025-01-16
5577,Pune,Android,Returning,2025-11-13
5578,Hyderabad,iOS,New,2025-03-31
5579,Hyderabad,iOS,New,2025-04-07
5580,Mumbai,Android,Returning,2025-11-18
5581,Mumbai,Android,New,2025-10-30
5582,Bangalore,iOS,Returning,2025-03-11
5583,Bangalore,Android,Returning,2026-01-08
5584,Delhi,Android,New,2025-04-02
5585,Chennai,Android,New,2025-07-03
5586,Bangalore,iOS,Returning,2026-04-17
5587,Bangalore,iOS,Returning,2026-04-30
5588,Chennai,iOS,Returning,2026-03-29
5589,Delhi,Android,Returning,2025-05-24
5590,Delhi,Android,New,2026-05-15
5591,Bangalore,Android,Returning,2026-01-08
5592,Hyderabad,Android,Returning,2026-02-15
5593,Hyderabad,Android,Returning,2025-05-13
5594,Pune,Android,Returning,2026-01-11
5595,Bangalore,Android,Returning,2025-11-18
5596,Chennai,Android,New,2025-03-27
5597,Pune,Android,Returning,2026-02-28
5598,Bangalore,Android,New,2026-04-06
5599,Pune,iOS,New,2025-02-13
5600,Chennai,Android,Returning,2025-02-28
5601,Chennai,Android,Returning,2025-09-08
5602,Mumbai,Android,Returning,2025-01-09
5603,Bangalore,iOS,Returning,2025-04-18
5604,Mumbai,Android,New,2026-01-20
5605,Delhi,Android,Returning,2026-02-13
5606,Hyderabad,Android,Returning,2025-08-17
5607,Chennai,Android,New,2026-04-19
5608,Bangalore,iOS,New,2025-04-06
5609,Hyderabad,Android,Returning,2026-04-23
5610,Delhi,Android,Returning,2026-04-22
5611,Mumbai,Android,Returning,2025-03-29
5612,Hyderabad,Android,Returning,2025-04-21
5613,Mumbai,Android,Returning,2026-03-20
5614,Bangalore,Android,Returning,2026-02-16
5615,Bangalore,Android,Returning,2025-03-08
5616,Pune,Android,Returning,2025-12-17
5617,Mumbai,Android,Returning,2026-05-13
5618,Delhi,Android,Returning,2026-05-03
5619,Hyderabad,Android,Returning,2025-10-13
5620,Pune,Android,New,2025-02-09
5621,Hyderabad,Android,Returning,2025-06-09
5622,Chennai,Android,Returning,2025-05-30
5623,Bangalore,Android,Returning,2025-08-07
5624,Pune,Android,Returning,2025-02-02
5625,Delhi,Android,Returning,2026-01-25
5626,Hyderabad,Android,Returning,2026-01-06
5627,Mumbai,iOS,Returning,2026-04-30
5628,Mumbai,Android,Returning,2025-02-25
5629,Chennai,Android,Returning,2025-01-24
5630,Bangalore,iOS,New,2026-03-10
5631,Chennai,Android,New,2025-09-16
5632,Delhi,Android,Returning,2025-06-30
5633,Delhi,Android,Returning,2025-05-26
5634,Hyderabad,Android,New,2025-10-08
5635,Bangalore,iOS,New,2025-03-25
5636,Hyderabad,Android,New,2026-04-08
5637,Mumbai,Android,New,2026-06-22
5638,Mumbai,Android,New,2025-09-23
5639,Delhi,Android,Returning,2025-02-25
5640,Bangalore,iOS,Returning,2026-03-15
5641,Mumbai,Android,New,2025-11-01
5642,Bangalore,iOS,New,2025-07-23
5643,Hyderabad,iOS,New,2026-03-06
5644,Pune,iOS,New,2026-05-02
5645,Chennai,Android,Returning,2025-06-14
5646,Bangalore,Android,New,2026-03-24
5647,Delhi,Android,Returning,2026-02-03
5648,Delhi,Android,New,2025-07-23
5649,Bangalore,Android,New,2025-05-29
5650,Delhi,Android,New,2025-11-21
5651,Hyderabad,Android,New,2025-06-04
5652,Hyderabad,Android,New,2025-06-01
5653,Delhi,Android,New,2025-11-21
5654,Bangalore,iOS,New,2026-02-21
5655,Chennai,Android,New,2026-06-18
5656,Hyderabad,Android,Returning,2025-01-04
5657,Chennai,Android,Returning,2025-05-09
5658,Chennai,iOS,Returning,2026-04-06
5659,Delhi,Android,Returning,2025-04-10
5660,Chennai,Android,Returning,2025-08-12
5661,Hyderabad,Android,Returning,2025-07-12
5662,Pune,Android,New,2025-06-20
5663,Mumbai,iOS,New,2026-01-22
5664,Mumbai,Android,New,2025-12-23
5665,Chennai,iOS,New,2025-07-15
5666,Bangalore,iOS,New,2025-01-15
5667,Delhi,iOS,Returning,2026-01-08
5668,Bangalore,Android,Returning,2025-11-06
5669,Delhi,Android,New,2026-05-30
5670,Chennai,iOS,Returning,2026-05-27
5671,Hyderabad,Android,New,2026-04-12
5672,Bangalore,Android,Returning,2026-02-25
5673,Pune,Android,Returning,2025-12-27
5674,Pune,iOS,New,2026-03-13
5675,Delhi,Android,Returning,2025-12-10
5676,Hyderabad,Android,New,2025-06-30
5677,Bangalore,Android,Returning,2026-03-15
5678,Pune,Android,New,2025-07-01
5679,Pune,Android,Returning,2025-06-16
5680,Hyderabad,Android,Returning,2026-03-23
5681,Chennai,Android,Returning,2025-10-19
5682,Chennai,Android,Returning,2026-03-24
5683,Chennai,Android,Returning,2025-10-18
5684,Delhi,Android,Returning,2025-04-12
5685,Delhi,Android,Returning,2025-04-17
5686,Pune,iOS,New,2025-01-17
5687,Delhi,Android,Returning,2026-02-26
5688,Chennai,iOS,Returning,2026-05-24
5689,Chennai,Android,Returning,2025-04-13
5690,Pune,Android,New,2026-03-31
5691,Chennai,Android,Returning,2025-02-03
5692,Hyderabad,Android,Returning,2025-10-24
5693,Mumbai,Android,Returning,2025-08-05
5694,Pune,Android,Returning,2026-04-11
5695,Delhi,iOS,Returning,2026-01-26
5696,Hyderabad,Android,New,2025-07-20
5697,Bangalore,Android,Returning,2025-05-08
5698,Hyderabad,Android,New,2026-04-21
5699,Delhi,Android,Returning,2026-02-10
5700,Mumbai,Android,Returning,2026-01-19
5701,Bangalore,Android,Returning,2026-06-04
5702,Chennai,iOS,Returning,2025-10-02
5703,Bangalore,iOS,Returning,2025-09-28
5704,Chennai,Android,Returning,2026-03-01
5705,Delhi,Android,Returning,2025-09-05
5706,Delhi,Android,Returning,2026-03-01
5707,Delhi,Android,New,2025-01-16
5708,Bangalore,Android,New,2025-06-07
5709,Chennai,iOS,Returning,2026-06-16
5710,Bangalore,Android,Returning,2025-11-22
5711,Pune,Android,New,2025-06-24
5712,Mumbai,iOS,Returning,2026-03-17
5713,Mumbai,iOS,Returning,2026-02-05
5714,Delhi,Android,Returning,2026-02-07
5715,Mumbai,Android,Returning,2026-03-16
5716,Chennai,Android,Returning,2026-02-04
5717,Hyderabad,iOS,Returning,2025-06-27
5718,Pune,iOS,Returning,2025-11-22
5719,Hyderabad,Android,Returning,2025-06-12
5720,Delhi,iOS,Returning,2025-08-25
5721,Pune,Android,Returning,2025-05-10
5722,Chennai,Android,Returning,2025-05-02
5723,Chennai,Android,Returning,2026-02-06
5724,Pune,iOS,Returning,2025-09-24
5725,Bangalore,Android,Returning,2025-06-12
5726,Delhi,Android,Returning,2025-07-28
5727,Delhi,Android,Returning,2025-04-06
5728,Delhi,iOS,New,2026-03-24
5729,Delhi,Android,New,2025-06-06
5730,Pune,iOS,Returning,2025-03-22
5731,Delhi,Android,New,2026-01-27
5732,Hyderabad,Android,New,2025-05-14
5733,Mumbai,Android,New,2026-01-02
5734,Chennai,Android,Returning,2025-09-03
5735,Bangalore,Android,Returning,2025-08-16
5736,Pune,Android,New,2025-07-18
5737,Chennai,iOS,Returning,2025-09-09
5738,Bangalore,Android,New,2026-01-23
5739,Bangalore,Android,Returning,2025-02-22
5740,Mumbai,Android,Returning,2025-03-26
5741,Chennai,Android,Returning,2025-01-24
5742,Delhi,Android,Returning,2025-04-16
5743,Pune,Android,Returning,2026-04-16
5744,Delhi,Android,Returning,2025-05-06
5745,Bangalore,Android,Returning,2025-05-26
5746,Mumbai,iOS,New,2025-09-26
5747,Delhi,Android,Returning,2025-04-06
5748,Bangalore,Android,Returning,2026-05-22
5749,Hyderabad,Android,Returning,2025-08-01
5750,Hyderabad,Android,Returning,2025-04-14
5751,Hyderabad,Android,Returning,2025-01-23
5752,Hyderabad,Android,New,2025-03-17
5753,Mumbai,Android,Returning,2025-03-20
5754,Hyderabad,iOS,New,2026-03-06
5755,Chennai,Android,New,2025-11-18
5756,Mumbai,Android,Returning,2026-04-07
5757,Bangalore,iOS,Returning,2025-07-04
5758,Mumbai,Android,Returning,2025-01-11
5759,Delhi,Android,New,2025-02-02
5760,Bangalore,Android,Returning,2025-12-18
5761,Pune,Android,New,2026-05-11
5762,Mumbai,Android,New,2025-01-06
5763,Chennai,Android,Returning,2026-06-19
5764,Delhi,Android,Returning,2025-09-18
5765,Pune,Android,Returning,2025-07-17
5766,Pune,iOS,New,2025-01-31
5767,Pune,iOS,New,2025-01-24
5768,Mumbai,Android,Returning,2026-06-09
5769,Bangalore,iOS,Returning,2025-08-10
5770,Mumbai,Android,Returning,2025-04-28
5771,Bangalore,iOS,New,2025-01-31
5772,Mumbai,iOS,Returning,2025-05-22
5773,Chennai,Android,Returning,2025-03-27
5774,Bangalore,Android,Returning,2025-05-10
5775,Hyderabad,Android,Returning,2025-10-08
5776,Delhi,Android,Returning,2025-07-24
5777,Chennai,iOS,Returning,2025-12-23
5778,Hyderabad,Android,Returning,2025-10-29
5779,Hyderabad,iOS,Returning,2026-05-23
5780,Hyderabad,Android,Returning,2026-06-09
5781,Bangalore,Android,New,2025-07-17
5782,Mumbai,iOS,Returning,2025-06-27
5783,Hyderabad,iOS,New,2025-10-15
5784,Pune,Android,Returning,2025-04-16
5785,Mumbai,Android,Returning,2025-11-16
5786,Chennai,Android,Returning,2025-07-30
5787,Hyderabad,Android,New,2026-05-15
5788,Hyderabad,Android,New,2026-04-02
5789,Bangalore,Android,Returning,2025-10-06
5790,Pune,Android,Returning,2025-04-21
5791,Hyderabad,Android,New,2026-01-28
5792,Pune,iOS,Returning,2025-07-24
5793,Bangalore,Android,Returning,2025-12-28
5794,Hyderabad,Android,New,2025-03-07
5795,Delhi,Android,Returning,2025-06-21
5796,Bangalore,Android,Returning,2026-06-08
5797,Bangalore,Android,New,2026-02-24
5798,Hyderabad,iOS,Returning,2025-12-27
5799,Delhi,Android,New,2025-01-31
5800,Bangalore,Android,Returning,2025-07-04
5801,Mumbai,Android,Returning,2026-03-16
5802,Mumbai,iOS,Returning,2026-01-02
5803,Mumbai,Android,Returning,2025-03-16
5804,Bangalore,Android,New,2026-01-16
5805,Bangalore,Android,Returning,2025-05-29
5806,Delhi,iOS,New,2025-05-06
5807,Chennai,Android,Returning,2025-11-23
5808,Chennai,Android,Returning,2025-01-12
5809,Mumbai,Android,New,2025-12-03
5810,Pune,iOS,New,2026-04-22
5811,Mumbai,Android,New,2025-11-26
5812,Hyderabad,Android,New,2025-03-09
5813,Pune,Android,New,2025-10-18
5814,Pune,Android,Returning,2025-08-06
5815,Delhi,Android,Returning,2025-08-11
5816,Chennai,iOS,Returning,2025-10-12
5817,Pune,Android,Returning,2025-03-18
5818,Chennai,Android,Returning,2026-03-08
5819,Bangalore,Android,Returning,2026-03-22
5820,Mumbai,Android,Returning,2025-11-24
5821,Delhi,iOS,Returning,2025-07-21
5822,Hyderabad,Android,Returning,2026-05-21
5823,Bangalore,Android,New,2025-02-17
5824,Delhi,Android,Returning,2026-03-08
5825,Hyderabad,Android,Returning,2025-05-08
5826,Pune,Android,Returning,2025-06-25
5827,Pune,Android,New,2025-12-01
5828,Mumbai,iOS,Returning,2026-01-28
5829,Bangalore,iOS,Returning,2025-01-22
5830,Chennai,Android,New,2025-01-19
5831,Hyderabad,iOS,Returning,2025-01-05
5832,Mumbai,Android,Returning,2025-10-19
5833,Delhi,Android,Returning,2026-02-17
5834,Delhi,Android,Returning,2026-06-25
5835,Chennai,Android,New,2025-12-12
5836,Delhi,Android,New,2025-01-17
5837,Delhi,Android,Returning,2026-04-27
5838,Chennai,Android,New,2026-03-02
5839,Bangalore,Android,Returning,2025-11-05
5840,Bangalore,Android,New,2025-11-21
5841,Delhi,Android,New,2026-02-14
5842,Hyderabad,Android,New,2025-11-17
5843,Hyderabad,iOS,Returning,2025-02-18
5844,Chennai,Android,Returning,2025-11-02
5845,Hyderabad,Android,Returning,2026-04-11
5846,Bangalore,Android,Returning,2025-05-05
5847,Delhi,Android,Returning,2025-04-16
5848,Delhi,Android,New,2025-08-18
5849,Mumbai,Android,Returning,2025-01-11
5850,Bangalore,iOS,New,2025-04-18
5851,Mumbai,Android,Returning,2026-03-23
5852,Delhi,Android,New,2025-06-24
5853,Chennai,Android,Returning,2025-07-15
5854,Pune,iOS,Returning,2026-01-13
5855,Chennai,Android,Returning,2025-01-06
5856,Bangalore,iOS,New,2025-02-23
5857,Delhi,Android,Returning,2025-02-14
5858,Bangalore,Android,Returning,2025-02-19
5859,Bangalore,Android,Returning,2025-03-18
5860,Chennai,Android,New,2025-12-04
5861,Bangalore,Android,Returning,2026-01-24
5862,Mumbai,Android,Returning,2025-06-24
5863,Delhi,Android,Returning,2026-04-17
5864,Bangalore,Android,Returning,2025-05-10
5865,Pune,Android,New,2025-06-01
5866,Chennai,Android,New,2026-02-28
5867,Chennai,Android,Returning,2026-04-03
5868,Pune,Android,Returning,2025-05-06
5869,Mumbai,Android,Returning,2026-06-25
5870,Chennai,Android,New,2026-05-05
5871,Bangalore,Android,Returning,2026-05-17
5872,Chennai,Android,Returning,2025-11-26
5873,Mumbai,iOS,New,2026-05-10
5874,Bangalore,Android,New,2025-04-05
5875,Chennai,Android,New,2025-10-31
5876,Bangalore,Android,Returning,2025-03-26
5877,Chennai,Android,New,2025-09-06
5878,Chennai,Android,Returning,2025-07-30
5879,Delhi,iOS,Returning,2025-03-21
5880,Delhi,iOS,Returning,2026-05-22
5881,Delhi,Android,New,2025-08-06
5882,Hyderabad,Android,New,2025-08-10
5883,Mumbai,Android,Returning,2026-01-30
5884,Delhi,Android,New,2026-05-15
5885,Mumbai,Android,New,2025-12-15
5886,Pune,Android,New,2026-06-25
5887,Bangalore,Android,New,2025-11-17
5888,Chennai,iOS,New,2026-04-10
5889,Pune,Android,Returning,2025-06-07
5890,Mumbai,iOS,Returning,2025-04-19
5891,Bangalore,Android,Returning,2025-08-13
5892,Hyderabad,Android,Returning,2026-01-30
5893,Mumbai,Android,Returning,2026-06-10
5894,Mumbai,iOS,Returning,2026-02-14
5895,Bangalore,Android,Returning,2025-03-12
5896,Mumbai,iOS,New,2026-03-10
5897,Pune,iOS,New,2025-11-11
5898,Mumbai,Android,Returning,2025-04-15
5899,Delhi,Android,Returning,2026-04-18
5900,Mumbai,Android,Returning,2025-04-23
5901,Hyderabad,Android,Returning,2025-01-17
5902,Bangalore,Android,Returning,2025-07-11
5903,Hyderabad,iOS,New,2025-01-30
5904,Bangalore,Android,New,2026-04-09
5905,Delhi,Android,New,2025-09-29
5906,Bangalore,iOS,Returning,2025-03-28
5907,Mumbai,Android,New,2026-03-18
5908,Hyderabad,Android,Returning,2025-06-04
5909,Hyderabad,Android,New,2026-05-30
5910,Bangalore,Android,New,2026-06-05
5911,Hyderabad,iOS,Returning,2025-02-24
5912,Bangalore,Android,Returning,2025-10-07
5913,Delhi,iOS,New,2025-04-11
5914,Chennai,Android,Returning,2026-01-27
5915,Mumbai,Android,New,2026-03-09
5916,Mumbai,Android,Returning,2025-10-29
5917,Mumbai,Android,Returning,2026-02-17
5918,Pune,Android,New,2025-10-10
5919,Pune,Android,Returning,2026-05-21
5920,Delhi,Android,New,2026-03-20
5921,Chennai,Android,Returning,2025-02-21
5922,Delhi,iOS,Returning,2025-09-12
5923,Delhi,iOS,New,2025-08-13
5924,Delhi,iOS,Returning,2025-02-24
5925,Mumbai,Android,Returning,2025-09-30
5926,Pune,Android,Returning,2025-03-09
5927,Bangalore,iOS,Returning,2025-04-14
5928,Pune,Android,New,2025-08-20
5929,Hyderabad,Android,Returning,2026-02-19
5930,Delhi,Android,Returning,2026-02-07
5931,Chennai,iOS,New,2025-08-14
5932,Hyderabad,iOS,Returning,2025-10-02
5933,Mumbai,Android,New,2025-07-30
5934,Bangalore,Android,New,2025-07-28
5935,Chennai,Android,Returning,2025-10-22
5936,Chennai,iOS,Returning,2025-10-22
5937,Delhi,Android,Returning,2025-01-04
5938,Pune,iOS,Returning,2025-07-09
5939,Chennai,iOS,Returning,2026-05-04
5940,Chennai,Android,Returning,2025-11-09
5941,Mumbai,Android,New,2025-09-02
5942,Chennai,Android,New,2025-11-19
5943,Mumbai,Android,New,2025-03-13
5944,Bangalore,Android,New,2025-07-11
5945,Mumbai,Android,Returning,2026-04-12
5946,Chennai,Android,New,2025-01-14
5947,Hyderabad,Android,Returning,2026-05-01
5948,Delhi,Android,New,2025-12-09
5949,Bangalore,Android,Returning,2025-07-01
5950,Mumbai,Android,New,2025-03-20
5951,Pune,Android,Returning,2025-01-10
5952,Hyderabad,Android,Returning,2025-12-27
5953,Hyderabad,Android,Returning,2025-01-02
5954,Hyderabad,Android,Returning,2025-09-11
5955,Delhi,Android,New,2025-04-23
5956,Pune,iOS,Returning,2025-01-18
5957,Mumbai,Android,Returning,2025-10-25
5958,Pune,iOS,Returning,2026-06-22
5959,Mumbai,iOS,Returning,2025-06-21
5960,Delhi,Android,Returning,2025-04-07
5961,Chennai,iOS,New,2025-11-08
5962,Hyderabad,Android,Returning,2025-12-10
5963,Chennai,Android,Returning,2026-05-18
5964,Pune,Android,New,2025-12-26
5965,Chennai,Android,New,2025-09-21
5966,Bangalore,Android,Returning,2026-05-14
5967,Hyderabad,Android,New,2026-01-09
5968,Bangalore,Android,New,2025-01-14
5969,Chennai,Android,Returning,2025-11-05
5970,Pune,Android,Returning,2025-12-08
5971,Delhi,Android,New,2026-05-11
5972,Chennai,Android,Returning,2025-10-04
5973,Chennai,iOS,Returning,2026-06-16
5974,Mumbai,Android,New,2025-01-22
5975,Mumbai,Android,Returning,2026-02-25
5976,Bangalore,iOS,New,2025-05-26
5977,Delhi,Android,Returning,2026-05-25
5978,Pune,iOS,Returning,2025-09-08
5979,Bangalore,Android,Returning,2026-03-18
5980,Chennai,Android,Returning,2025-07-31
5981,Mumbai,iOS,Returning,2025-04-02
5982,Chennai,Android,New,2026-01-22
5983,Bangalore,Android,Returning,2025-04-21
5984,Pune,iOS,New,2026-04-06
5985,Bangalore,Android,Returning,2025-06-29
5986,Bangalore,Android,New,2025-12-24
5987,Pune,Android,Returning,2026-02-05
5988,Bangalore,Android,Returning,2026-03-04
5989,Mumbai,Android,Returning,2025-11-13
5990,Pune,Android,New,2025-02-12
5991,Chennai,Android,New,2026-06-17
5992,Pune,Android,New,2025-12-18
5993,Hyderabad,Android,Returning,2025-05-06
5994,Pune,Android,New,2026-04-11
5995,Bangalore,Android,Returning,2025-12-22
5996,Delhi,Android,New,2025-04-23
5997,Chennai,iOS,New,2026-05-26
5998,Hyderabad,iOS,New,2025-05-31
5999,Pune,iOS,New,2025-06-03
6000,Pune,iOS,New,2025-10-24
6001,Bangalore,Android,New,2025-06-16
6002,Bangalore,Android,Returning,2026-05-14
6003,Bangalore,Android,Returning,2025-03-08
6004,Hyderabad,Android,Returning,2025-01-16
6005,Mumbai,Android,Returning,2025-02-11
6006,Pune,iOS,New,2025-10-17
6007,Delhi,iOS,Returning,2025-05-07
6008,Bangalore,Android,Returning,2026-05-16
6009,Hyderabad,Android,Returning,2025-01-06
6010,Chennai,Android,New,2025-12-27
6011,Delhi,Android,Returning,2025-01-01
6012,Mumbai,iOS,Returning,2025-09-15
6013,Bangalore,Android,New,2025-12-25
6014,Chennai,Android,Returning,2026-05-30
6015,Delhi,Android,New,2025-06-08
6016,Mumbai,Android,New,2025-10-05
6017,Hyderabad,Android,Returning,2025-07-21
6018,Bangalore,iOS,Returning,2025-03-24
6019,Delhi,Android,Returning,2025-08-13
6020,Bangalore,Android,New,2026-04-30
6021,Chennai,Android,Returning,2025-09-12
6022,Hyderabad,iOS,Returning,2026-01-31
6023,Delhi,Android,New,2026-02-13
6024,Bangalore,Android,Returning,2025-09-25
6025,Mumbai,iOS,New,2025-11-15
6026,Chennai,Android,New,2026-03-23
6027,Pune,Android,Returning,2025-11-27
6028,Chennai,Android,Returning,2025-05-23
6029,Bangalore,iOS,Returning,2025-07-24
6030,Hyderabad,Android,Returning,2025-05-19
6031,Bangalore,iOS,Returning,2025-07-24
6032,Delhi,Android,Returning,2025-11-09
6033,Pune,iOS,Returning,2025-11-01
6034,Pune,Android,Returning,2026-04-18
6035,Hyderabad,iOS,New,2025-07-07
6036,Delhi,Android,Returning,2026-03-24
6037,Pune,Android,Returning,2025-05-22
6038,Chennai,Android,Returning,2026-03-29
6039,Pune,Android,Returning,2025-11-17
6040,Hyderabad,Android,Returning,2026-01-02
6041,Hyderabad,Android,Returning,2025-12-29
6042,Hyderabad,Android,New,2026-04-23
6043,Hyderabad,Android,New,2026-02-25
6044,Pune,Android,Returning,2025-01-29
6045,Hyderabad,Android,Returning,2025-01-28
6046,Mumbai,Android,New,2025-04-01
6047,Mumbai,Android,Returning,2025-11-06
6048,Bangalore,Android,New,2026-06-09
6049,Pune,Android,Returning,2025-05-11
6050,Delhi,Android,Returning,2025-10-28
6051,Mumbai,Android,New,2026-02-07
6052,Chennai,iOS,Returning,2026-02-17
6053,Hyderabad,Android,Returning,2025-01-07
6054,Hyderabad,Android,New,2026-06-15
6055,Delhi,Android,New,2025-02-25
6056,Bangalore,Android,Returning,2025-02-26
6057,Bangalore,Android,Returning,2025-04-20
6058,Bangalore,iOS,New,2025-04-10
6059,Chennai,Android,Returning,2026-05-09
6060,Delhi,Android,Returning,2025-12-06
6061,Chennai,Android,Returning,2025-05-05
6062,Chennai,Android,Returning,2026-06-08
6063,Chennai,Android,Returning,2025-02-24
6064,Pune,Android,Returning,2025-07-29
6065,Pune,Android,Returning,2025-05-28
6066,Mumbai,Android,New,2026-05-23
6067,Chennai,Android,New,2025-08-17
6068,Bangalore,Android,New,2025-06-08
6069,Chennai,Android,Returning,2025-11-15
6070,Hyderabad,Android,Returning,2025-01-07
6071,Delhi,Android,Returning,2025-07-25
6072,Delhi,Android,New,2025-03-10
6073,Pune,Android,Returning,2025-06-06
6074,Pune,Android,New,2025-05-04
6075,Mumbai,Android,New,2025-04-10
6076,Delhi,Android,Returning,2025-07-29
6077,Delhi,Android,Returning,2026-05-01
6078,Hyderabad,Android,New,2026-06-02
6079,Delhi,Android,New,2026-02-05
6080,Bangalore,Android,New,2025-05-05
6081,Hyderabad,Android,Returning,2026-02-19
6082,Mumbai,Android,New,2025-07-08
6083,Pune,Android,Returning,2025-09-24
6084,Chennai,iOS,Returning,2026-03-26
6085,Hyderabad,Android,Returning,2025-05-07
6086,Chennai,Android,Returning,2025-05-30
6087,Mumbai,Android,Returning,2025-01-23
6088,Chennai,Android,Returning,2025-05-26
6089,Mumbai,Android,Returning,2025-09-04
6090,Chennai,Android,New,2026-06-08
6091,Hyderabad,Android,Returning,2025-07-25
6092,Bangalore,Android,Returning,2026-05-07
6093,Chennai,Android,Returning,2025-10-24
6094,Pune,Android,Returning,2025-04-13
6095,Bangalore,Android,Returning,2026-05-20
6096,Hyderabad,Android,New,2025-10-09
6097,Chennai,iOS,Returning,2026-01-31
6098,Hyderabad,Android,Returning,2025-04-20
6099,Hyderabad,iOS,New,2026-03-03
6100,Delhi,Android,Returning,2025-06-01
6101,Hyderabad,Android,Returning,2025-10-18
6102,Pune,Android,Returning,2025-05-04
6103,Delhi,Android,New,2026-02-03
6104,Delhi,iOS,Returning,2025-11-07
6105,Delhi,Android,New,2026-04-01
6106,Mumbai,Android,Returning,2025-12-30
6107,Chennai,iOS,Returning,2026-04-25
6108,Bangalore,Android,Returning,2026-04-15
6109,Mumbai,Android,Returning,2025-01-10
6110,Pune,Android,New,2026-01-02
6111,Mumbai,Android,New,2026-05-31
6112,Chennai,Android,Returning,2025-12-24
6113,Hyderabad,Android,Returning,2026-06-22
6114,Delhi,Android,New,2026-06-10
6115,Chennai,Android,New,2025-06-28
6116,Bangalore,Android,Returning,2025-06-05
6117,Hyderabad,Android,New,2025-12-14
6118,Bangalore,Android,Returning,2025-05-24
6119,Hyderabad,Android,Returning,2025-11-07
6120,Chennai,Android,Returning,2025-03-11
6121,Hyderabad,Android,New,2026-05-11
6122,Pune,iOS,Returning,2026-04-29
6123,Pune,Android,New,2025-07-04
6124,Chennai,Android,New,2026-06-04
6125,Bangalore,Android,Returning,2026-06-23
6126,Chennai,Android,Returning,2025-05-13
6127,Pune,Android,Returning,2025-11-28
6128,Pune,Android,Returning,2025-12-23
6129,Delhi,Android,Returning,2026-02-18
6130,Delhi,Android,Returning,2025-02-16
6131,Mumbai,iOS,Returning,2025-06-12
6132,Chennai,Android,New,2025-04-09
6133,Hyderabad,Android,Returning,2025-04-19
6134,Bangalore,Android,Returning,2026-05-03
6135,Chennai,Android,New,2025-08-26
6136,Delhi,iOS,New,2025-08-31
6137,Chennai,iOS,Returning,2025-06-28
6138,Hyderabad,Android,Returning,2026-01-29
6139,Delhi,Android,Returning,2025-03-07
6140,Delhi,Android,Returning,2025-09-14
6141,Chennai,Android,Returning,2025-02-08
6142,Hyderabad,Android,Returning,2025-03-16
6143,Pune,Android,Returning,2026-01-19
6144,Mumbai,Android,New,2025-01-31
6145,Delhi,Android,New,2025-11-25
6146,Hyderabad,Android,Returning,2026-04-06
6147,Chennai,iOS,Returning,2025-05-17
6148,Mumbai,Android,Returning,2025-07-24
6149,Hyderabad,Android,Returning,2025-09-16
6150,Chennai,Android,Returning,2026-03-25
6151,Mumbai,iOS,Returning,2025-10-20
6152,Chennai,Android,Returning,2025-07-26
6153,Hyderabad,iOS,New,2025-06-15
6154,Delhi,Android,Returning,2025-07-16
6155,Chennai,Android,Returning,2025-01-25
6156,Mumbai,Android,Returning,2025-04-09
6157,Mumbai,Android,New,2025-02-04
6158,Bangalore,Android,New,2025-01-06
6159,Pune,Android,New,2026-02-22
6160,Bangalore,Android,Returning,2025-03-15
6161,Chennai,Android,Returning,2025-07-09
6162,Hyderabad,Android,Returning,2026-06-25
6163,Mumbai,Android,Returning,2025-07-14
6164,Pune,Android,New,2026-05-01
6165,Bangalore,iOS,New,2025-12-27
6166,Delhi,Android,Returning,2025-05-22
6167,Hyderabad,iOS,Returning,2026-03-26
6168,Delhi,Android,New,2026-01-21
6169,Mumbai,Android,Returning,2025-03-22
6170,Bangalore,Android,New,2026-06-14
6171,Delhi,Android,New,2025-04-14
6172,Mumbai,Android,Returning,2026-05-26
6173,Pune,Android,Returning,2025-02-22
6174,Delhi,Android,Returning,2025-12-05
6175,Bangalore,Android,New,2025-08-18
6176,Hyderabad,Android,Returning,2025-09-15
6177,Delhi,Android,New,2026-01-02
6178,Bangalore,Android,New,2025-06-11
6179,Pune,iOS,Returning,2025-03-18
6180,Pune,Android,Returning,2025-09-05
6181,Bangalore,Android,New,2026-05-28
6182,Pune,Android,New,2026-02-13
6183,Pune,Android,New,2025-02-28
6184,Pune,iOS,Returning,2025-04-24
6185,Bangalore,Android,Returning,2026-04-28
6186,Delhi,Android,Returning,2025-01-31
6187,Hyderabad,Android,New,2025-12-13
6188,Mumbai,iOS,Returning,2025-09-25
6189,Delhi,Android,Returning,2025-12-09
6190,Mumbai,Android,Returning,2025-05-23
6191,Chennai,Android,Returning,2025-12-04
6192,Mumbai,Android,Returning,2025-03-05
6193,Delhi,Android,New,2026-05-21
6194,Bangalore,Android,Returning,2025-02-06
6195,Hyderabad,iOS,New,2025-03-14
6196,Pune,Android,Returning,2025-03-24
6197,Mumbai,Android,Returning,2026-05-06
6198,Chennai,iOS,Returning,2025-10-05
6199,Delhi,Android,New,2025-02-12
6200,Hyderabad,Android,New,2025-02-06
6201,Mumbai,Android,Returning,2026-06-04
6202,Hyderabad,Android,New,2025-12-25
6203,Bangalore,iOS,New,2026-05-05
6204,Delhi,Android,New,2025-08-22
6205,Delhi,iOS,Returning,2025-02-26
6206,Pune,Android,Returning,2025-07-20
6207,Chennai,Android,Returning,2026-01-24
6208,Pune,Android,New,2025-01-19
6209,Delhi,Android,Returning,2026-05-09
6210,Hyderabad,Android,Returning,2026-02-01
6211,Hyderabad,iOS,Returning,2025-05-09
6212,Pune,Android,Returning,2026-03-14
6213,Delhi,Android,Returning,2025-05-22
6214,Delhi,Android,Returning,2026-03-25
6215,Bangalore,Android,Returning,2026-01-12
6216,Bangalore,iOS,New,2025-07-18
6217,Delhi,iOS,Returning,2026-03-24
6218,Mumbai,Android,Returning,2025-09-01
6219,Pune,Android,New,2025-04-05
6220,Mumbai,Android,New,2025-01-11
6221,Chennai,iOS,Returning,2026-02-27
6222,Delhi,iOS,New,2025-02-16
6223,Delhi,Android,New,2025-09-13
6224,Delhi,Android,Returning,2025-03-20
6225,Hyderabad,Android,New,2025-05-10
6226,Bangalore,iOS,Returning,2025-07-04
6227,Bangalore,Android,Returning,2025-02-14
6228,Pune,Android,New,2025-12-25
6229,Bangalore,Android,Returning,2025-09-08
6230,Pune,Android,New,2025-05-13
6231,Hyderabad,Android,Returning,2026-02-12
6232,Chennai,iOS,Returning,2025-05-06
6233,Delhi,Android,New,2025-03-20
6234,Pune,Android,New,2025-09-14
6235,Hyderabad,Android,Returning,2025-07-30
6236,Mumbai,Android,Returning,2026-01-01
6237,Chennai,Android,New,2026-03-31
6238,Bangalore,Android,New,2025-11-06
6239,Chennai,Android,Returning,2025-10-27
6240,Pune,Android,New,2025-09-08
6241,Bangalore,iOS,Returning,2025-10-01
6242,Delhi,Android,New,2026-05-31
6243,Bangalore,Android,New,2025-02-25
6244,Chennai,Android,New,2026-02-25
6245,Bangalore,Android,Returning,2026-05-13
6246,Mumbai,iOS,New,2025-03-22
6247,Pune,Android,New,2025-05-21
6248,Bangalore,Android,Returning,2025-08-25
6249,Delhi,Android,Returning,2025-08-04
6250,Chennai,Android,Returning,2026-01-17
6251,Delhi,iOS,New,2025-05-26
6252,Chennai,Android,Returning,2025-08-29
6253,Chennai,Android,Returning,2026-03-27
6254,Delhi,Android,Returning,2026-04-10
6255,Hyderabad,Android,Returning,2025-01-22
6256,Bangalore,Android,Returning,2025-02-04
6257,Pune,Android,Returning,2025-10-12
6258,Bangalore,Android,Returning,2026-01-29
6259,Delhi,Android,Returning,2025-03-28
6260,Pune,Android,Returning,2025-10-13
6261,Hyderabad,Android,Returning,2026-01-29
6262,Hyderabad,Android,Returning,2025-01-20
6263,Hyderabad,Android,Returning,2026-01-29
6264,Mumbai,Android,New,2025-02-15
6265,Hyderabad,Android,New,2025-07-30
6266,Chennai,Android,Returning,2025-07-08
6267,Pune,Android,New,2026-03-18
6268,Chennai,Android,Returning,2025-02-23
6269,Delhi,Android,Returning,2025-11-09
6270,Delhi,Android,New,2025-12-23
6271,Bangalore,Android,Returning,2025-12-11
6272,Delhi,iOS,New,2025-08-10
6273,Chennai,Android,New,2025-12-16
6274,Hyderabad,Android,Returning,2026-03-21
6275,Delhi,Android,Returning,2025-02-28
6276,Chennai,Android,New,2026-02-02
6277,Pune,Android,Returning,2025-10-22
6278,Hyderabad,Android,Returning,2026-04-20
6279,Bangalore,Android,Returning,2026-06-16
6280,Hyderabad,iOS,Returning,2025-06-16
6281,Chennai,Android,New,2026-04-24
6282,Mumbai,Android,Returning,2025-09-01
6283,Bangalore,Android,Returning,2025-01-16
6284,Delhi,Android,New,2025-10-08
6285,Pune,Android,New,2025-09-13
6286,Bangalore,iOS,Returning,2025-10-30
6287,Delhi,Android,New,2026-02-09
6288,Bangalore,Android,New,2025-10-08
6289,Chennai,Android,Returning,2025-10-03
6290,Chennai,Android,New,2025-09-14
6291,Delhi,iOS,Returning,2025-01-13
6292,Pune,Android,Returning,2025-11-11
6293,Bangalore,Android,New,2025-11-25
6294,Hyderabad,Android,Returning,2025-07-03
6295,Delhi,iOS,Returning,2026-04-19
6296,Delhi,iOS,Returning,2026-03-27
6297,Delhi,Android,Returning,2026-04-23
6298,Hyderabad,Android,New,2026-01-03
6299,Hyderabad,Android,Returning,2025-08-12
6300,Pune,Android,Returning,2025-03-01
6301,Bangalore,Android,Returning,2025-03-23
6302,Delhi,Android,Returning,2025-11-18
6303,Mumbai,iOS,Returning,2026-03-28
6304,Bangalore,Android,Returning,2025-09-22
6305,Hyderabad,iOS,Returning,2025-09-23
6306,Mumbai,Android,New,2025-05-11
6307,Mumbai,Android,New,2025-06-28
6308,Mumbai,iOS,Returning,2025-02-20
6309,Chennai,Android,New,2025-04-28
6310,Mumbai,Android,Returning,2025-02-09
6311,Hyderabad,Android,Returning,2026-06-03
6312,Delhi,iOS,New,2025-11-21
6313,Delhi,Android,New,2025-08-22
6314,Bangalore,Android,Returning,2025-09-23
6315,Chennai,Android,Returning,2025-01-17
6316,Pune,Android,New,2025-12-28
6317,Pune,Android,Returning,2025-02-15
6318,Bangalore,Android,New,2025-08-29
6319,Delhi,Android,Returning,2025-04-22
6320,Hyderabad,Android,Returning,2026-06-04
6321,Pune,Android,Returning,2025-04-26
6322,Mumbai,Android,Returning,2025-03-21
6323,Bangalore,Android,Returning,2025-07-28
6324,Chennai,Android,New,2026-01-16
6325,Delhi,Android,Returning,2026-03-02
6326,Bangalore,Android,New,2026-03-13
6327,Delhi,Android,Returning,2025-05-27
6328,Pune,Android,New,2025-12-01
6329,Bangalore,Android,New,2026-01-04
6330,Chennai,Android,Returning,2026-02-22
6331,Hyderabad,Android,Returning,2026-01-19
6332,Pune,Android,Returning,2025-10-29
6333,Mumbai,Android,New,2025-02-01
6334,Delhi,iOS,Returning,2026-01-13
6335,Mumbai,Android,New,2025-10-25
6336,Delhi,Android,New,2025-01-27
6337,Bangalore,Android,New,2025-08-05
6338,Chennai,Android,Returning,2026-06-08
6339,Pune,Android,Returning,2026-06-05
6340,Mumbai,Android,New,2025-12-19
6341,Pune,Android,Returning,2026-01-23
6342,Chennai,Android,New,2025-02-03
6343,Hyderabad,Android,Returning,2025-06-03
6344,Delhi,Android,New,2025-03-22
6345,Pune,Android,Returning,2025-08-18
6346,Pune,Android,Returning,2026-05-31
6347,Pune,Android,Returning,2026-03-05
6348,Pune,Android,Returning,2025-05-05
6349,Pune,Android,Returning,2025-02-22
6350,Chennai,iOS,New,2026-04-29
6351,Pune,Android,New,2026-06-22
6352,Bangalore,Android,Returning,2026-03-28
6353,Mumbai,Android,Returning,2025-10-03
6354,Mumbai,Android,Returning,2025-10-28
6355,Mumbai,Android,New,2025-12-03
6356,Mumbai,Android,New,2026-01-06
6357,Bangalore,Android,Returning,2026-04-12
6358,Chennai,Android,New,2025-04-29
6359,Hyderabad,Android,Returning,2025-09-04
6360,Bangalore,Android,New,2026-02-24
6361,Bangalore,Android,New,2025-03-23
6362,Delhi,iOS,Returning,2026-06-02
6363,Chennai,Android,Returning,2026-01-06
6364,Pune,iOS,Returning,2026-05-11
6365,Hyderabad,Android,New,2025-08-24
6366,Mumbai,Android,New,2026-03-05
6367,Pune,Android,New,2025-05-09
6368,Hyderabad,Android,Returning,2025-09-08
6369,Pune,Android,Returning,2025-05-22
6370,Bangalore,iOS,Returning,2025-09-24
6371,Bangalore,Android,Returning,2025-12-16
6372,Delhi,Android,New,2025-05-01
6373,Hyderabad,iOS,New,2026-02-23
6374,Mumbai,Android,Returning,2026-06-02
6375,Chennai,Android,Returning,2026-05-22
6376,Mumbai,Android,New,2025-07-22
6377,Delhi,Android,New,2026-04-10
6378,Delhi,Android,Returning,2025-06-20
6379,Bangalore,Android,Returning,2026-03-05
6380,Chennai,Android,New,2026-04-27
6381,Mumbai,Android,Returning,2025-04-14
6382,Hyderabad,Android,Returning,2025-02-04
6383,Chennai,Android,Returning,2025-01-25
6384,Delhi,Android,Returning,2025-06-20
6385,Pune,Android,Returning,2025-05-16
6386,Hyderabad,Android,Returning,2026-02-02
6387,Mumbai,Android,Returning,2025-12-29
6388,Chennai,Android,Returning,2026-02-16
6389,Chennai,Android,Returning,2025-09-05
6390,Delhi,Android,Returning,2025-10-28
6391,Bangalore,Android,Returning,2025-12-11
6392,Chennai,Android,New,2025-04-21
6393,Delhi,Android,Returning,2025-02-16
6394,Hyderabad,Android,Returning,2025-12-30
6395,Chennai,Android,Returning,2026-02-23
6396,Chennai,Android,New,2026-04-06
6397,Bangalore,Android,Returning,2026-03-23
6398,Chennai,Android,Returning,2026-05-04
6399,Chennai,iOS,Returning,2025-05-18
6400,Chennai,Android,Returning,2025-07-07
6401,Delhi,Android,New,2026-06-06
6402,Delhi,Android,New,2025-06-05
6403,Chennai,iOS,Returning,2026-01-14
6404,Hyderabad,Android,New,2026-04-10
6405,Hyderabad,Android,Returning,2025-11-25
6406,Pune,Android,Returning,2025-06-30
6407,Delhi,Android,New,2025-10-14
6408,Bangalore,Android,New,2025-08-26
6409,Bangalore,Android,Returning,2026-05-21
6410,Pune,Android,Returning,2025-02-19
6411,Pune,Android,Returning,2026-06-15
6412,Hyderabad,Android,Returning,2026-06-05
6413,Bangalore,iOS,New,2025-10-20
6414,Bangalore,Android,New,2026-01-29
6415,Mumbai,Android,New,2025-07-02
6416,Chennai,Android,New,2025-02-12
6417,Hyderabad,Android,Returning,2025-08-04
6418,Bangalore,Android,Returning,2026-06-16
6419,Delhi,iOS,Returning,2025-11-18
6420,Bangalore,Android,New,2025-12-22
6421,Delhi,iOS,Returning,2025-06-19
6422,Bangalore,Android,New,2025-10-22
6423,Hyderabad,Android,New,2026-05-14
6424,Mumbai,iOS,Returning,2025-08-18
6425,Bangalore,Android,Returning,2025-10-23
6426,Mumbai,Android,Returning,2025-04-19
6427,Mumbai,iOS,Returning,2025-10-13
6428,Mumbai,Android,New,2025-04-09
6429,Mumbai,iOS,Returning,2026-06-05
6430,Pune,Android,New,2025-01-29
6431,Pune,Android,Returning,2025-02-10
6432,Delhi,Android,Returning,2025-07-19
6433,Delhi,Android,Returning,2026-05-16
6434,Mumbai,Android,New,2026-01-14
6435,Pune,Android,Returning,2025-10-16
6436,Chennai,Android,Returning,2026-03-13
6437,Pune,Android,New,2026-04-01
6438,Hyderabad,iOS,Returning,2025-05-10
6439,Delhi,Android,Returning,2025-10-30
6440,Hyderabad,Android,New,2025-05-03
6441,Hyderabad,Android,Returning,2026-03-19
6442,Delhi,Android,Returning,2025-09-27
6443,Bangalore,Android,New,2025-05-21
6444,Bangalore,Android,New,2025-04-30
6445,Chennai,iOS,Returning,2025-03-22
6446,Chennai,Android,Returning,2025-08-16
6447,Bangalore,Android,Returning,2025-03-18
6448,Pune,Android,New,2025-06-10
6449,Bangalore,Android,Returning,2025-12-10
6450,Chennai,iOS,New,2026-04-10
6451,Chennai,iOS,New,2026-06-10
6452,Chennai,Android,Returning,2025-03-17
6453,Delhi,iOS,Returning,2025-11-19
6454,Delhi,Android,Returning,2026-03-20
6455,Bangalore,Android,Returning,2026-06-18
6456,Pune,Android,Returning,2025-07-14
6457,Chennai,iOS,New,2025-02-06
6458,Mumbai,iOS,Returning,2025-01-09
6459,Pune,Android,Returning,2025-05-21
6460,Mumbai,Android,Returning,2026-01-21
6461,Bangalore,iOS,New,2025-07-20
6462,Mumbai,Android,Returning,2026-04-27
6463,Mumbai,Android,Returning,2026-05-12
6464,Bangalore,Android,Returning,2026-05-24
6465,Mumbai,Android,Returning,2025-05-15
6466,Pune,Android,Returning,2025-04-01
6467,Delhi,Android,New,2025-08-08
6468,Delhi,Android,Returning,2026-03-21
6469,Pune,Android,New,2026-05-18
6470,Chennai,Android,New,2025-08-02
6471,Delhi,Android,Returning,2025-07-02
6472,Chennai,Android,Returning,2026-03-05
6473,Pune,Android,New,2025-09-27
6474,Chennai,Android,New,2026-01-25
6475,Chennai,iOS,New,2025-08-29
6476,Hyderabad,Android,Returning,2025-12-24
6477,Bangalore,Android,New,2025-07-04
6478,Bangalore,Android,Returning,2025-08-26
6479,Hyderabad,iOS,Returning,2026-05-12
6480,Pune,Android,Returning,2026-02-06
6481,Pune,Android,New,2026-01-01
6482,Bangalore,iOS,New,2026-05-08
6483,Mumbai,Android,New,2025-04-09
6484,Bangalore,Android,Returning,2025-04-26
6485,Hyderabad,Android,New,2026-03-06
6486,Mumbai,Android,Returning,2025-11-30
6487,Delhi,iOS,New,2026-03-12
6488,Hyderabad,iOS,Returning,2025-06-30
6489,Chennai,Android,New,2025-11-23
6490,Bangalore,Android,Returning,2025-04-27
6491,Chennai,Android,Returning,2026-02-12
6492,Hyderabad,Android,Returning,2025-05-12
6493,Pune,Android,Returning,2026-05-16
6494,Chennai,iOS,New,2026-02-26
6495,Delhi,Android,New,2025-08-29
6496,Bangalore,iOS,Returning,2025-10-25
6497,Mumbai,Android,New,2026-06-04
6498,Delhi,Android,Returning,2026-02-23
6499,Bangalore,Android,Returning,2025-11-27
6500,Hyderabad,Android,New,2025-11-22
6501,Hyderabad,iOS,New,2026-02-05
6502,Hyderabad,iOS,Returning,2026-03-12
6503,Delhi,Android,Returning,2025-09-24
6504,Hyderabad,iOS,Returning,2025-10-02
6505,Bangalore,Android,New,2025-08-13
6506,Bangalore,Android,Returning,2025-02-16
6507,Hyderabad,Android,New,2026-04-04
6508,Pune,iOS,Returning,2025-08-15
6509,Pune,iOS,Returning,2025-06-20
6510,Chennai,Android,Returning,2025-07-31
6511,Pune,Android,Returning,2025-04-23
6512,Mumbai,iOS,Returning,2025-12-04
6513,Chennai,Android,New,2025-01-21
6514,Hyderabad,Android,New,2025-01-22
6515,Chennai,Android,New,2025-04-03
6516,Bangalore,Android,Returning,2025-12-08
6517,Chennai,Android,New,2025-03-06
6518,Pune,Android,Returning,2025-02-20
6519,Bangalore,Android,Returning,2025-08-04
6520,Mumbai,Android,Returning,2025-07-23
6521,Chennai,Android,Returning,2026-02-10
6522,Bangalore,iOS,Returning,2025-08-23
6523,Bangalore,Android,Returning,2025-06-15
6524,Hyderabad,Android,Returning,2025-12-06
6525,Pune,iOS,Returning,2025-08-09
6526,Delhi,iOS,Returning,2025-09-12
6527,Delhi,iOS,Returning,2025-02-06
6528,Delhi,Android,Returning,2026-06-24
6529,Hyderabad,Android,New,2026-05-29
6530,Delhi,iOS,New,2026-05-12
6531,Bangalore,Android,New,2025-06-10
6532,Delhi,Android,Returning,2025-11-05
6533,Chennai,Android,Returning,2025-08-24
6534,Delhi,Android,Returning,2025-09-11
6535,Chennai,iOS,Returning,2025-10-06
6536,Hyderabad,Android,Returning,2025-05-07
6537,Mumbai,Android,Returning,2026-02-15
6538,Delhi,iOS,Returning,2025-10-04
6539,Delhi,iOS,Returning,2025-03-20
6540,Chennai,iOS,Returning,2026-06-01
6541,Delhi,Android,New,2026-03-02
6542,Chennai,Android,Returning,2025-01-16
6543,Delhi,Android,New,2025-06-05
6544,Mumbai,Android,Returning,2026-02-05
6545,Bangalore,Android,Returning,2025-11-16
6546,Pune,Android,Returning,2026-03-12
6547,Bangalore,Android,New,2025-01-24
6548,Hyderabad,iOS,Returning,2025-10-08
6549,Delhi,Android,New,2025-07-27
6550,Chennai,Android,Returning,2025-09-28
6551,Hyderabad,Android,New,2026-04-28
6552,Hyderabad,Android,Returning,2025-10-26
6553,Mumbai,Android,Returning,2025-04-06
6554,Pune,Android,Returning,2026-02-21
6555,Hyderabad,iOS,New,2025-10-13
6556,Chennai,Android,Returning,2025-10-19
6557,Mumbai,Android,Returning,2026-06-03
6558,Delhi,Android,Returning,2026-01-27
6559,Chennai,Android,Returning,2026-05-24
6560,Bangalore,iOS,New,2026-02-08
6561,Hyderabad,Android,New,2025-04-21
6562,Pune,Android,Returning,2025-08-18
6563,Hyderabad,Android,New,2025-01-26
6564,Hyderabad,Android,Returning,2025-08-26
6565,Hyderabad,Android,New,2026-01-14
6566,Chennai,Android,New,2025-04-22
6567,Bangalore,Android,Returning,2025-11-15
6568,Chennai,Android,Returning,2025-05-28
6569,Delhi,iOS,New,2025-03-27
6570,Mumbai,iOS,New,2025-06-23
6571,Pune,iOS,New,2026-05-17
6572,Delhi,Android,New,2025-09-13
6573,Hyderabad,Android,Returning,2025-05-25
6574,Pune,iOS,Returning,2026-04-30
6575,Delhi,Android,Returning,2025-08-27
6576,Bangalore,Android,New,2026-05-21
6577,Bangalore,Android,Returning,2026-02-26
6578,Mumbai,Android,New,2025-12-12
6579,Bangalore,Android,New,2025-02-07
6580,Delhi,iOS,New,2026-02-21
6581,Chennai,Android,Returning,2025-10-02
6582,Pune,Android,New,2025-08-03
6583,Pune,Android,New,2026-05-16
6584,Bangalore,Android,New,2026-05-27
6585,Bangalore,Android,Returning,2025-08-30
6586,Chennai,Android,Returning,2026-04-18
6587,Pune,Android,Returning,2026-05-10
6588,Delhi,Android,Returning,2025-03-25
6589,Chennai,Android,Returning,2026-03-12
6590,Hyderabad,Android,Returning,2025-03-21
6591,Delhi,Android,New,2025-05-11
6592,Pune,Android,New,2025-06-15
6593,Mumbai,Android,Returning,2025-05-05
6594,Hyderabad,Android,Returning,2025-07-22
6595,Delhi,iOS,Returning,2025-04-27
6596,Hyderabad,iOS,Returning,2026-03-11
6597,Chennai,Android,Returning,2025-06-24
6598,Hyderabad,Android,Returning,2026-06-22
6599,Chennai,iOS,Returning,2025-05-24
6600,Hyderabad,Android,New,2026-03-05
6601,Bangalore,Android,Returning,2025-01-10
6602,Hyderabad,Android,Returning,2025-05-01
6603,Chennai,Android,Returning,2025-10-29
6604,Pune,Android,Returning,2025-10-05
6605,Pune,Android,Returning,2025-11-27
6606,Pune,Android,New,2026-01-16
6607,Mumbai,Android,Returning,2025-06-19
6608,Pune,Android,Returning,2025-10-25
6609,Pune,Android,Returning,2025-07-29
6610,Pune,iOS,Returning,2026-01-16
6611,Hyderabad,Android,Returning,2025-09-15
6612,Mumbai,Android,Returning,2026-04-19
6613,Chennai,Android,New,2025-12-05
6614,Mumbai,Android,Returning,2025-05-19
6615,Chennai,Android,New,2026-06-21
6616,Delhi,Android,Returning,2026-05-01
6617,Hyderabad,iOS,New,2025-11-22
6618,Mumbai,Android,Returning,2025-07-03
6619,Delhi,Android,Returning,2026-04-27
6620,Bangalore,iOS,Returning,2025-01-06
6621,Mumbai,Android,New,2025-07-12
6622,Pune,Android,Returning,2025-04-07
6623,Bangalore,Android,Returning,2026-04-15
6624,Delhi,Android,New,2025-04-07
6625,Pune,Android,Returning,2026-04-25
6626,Delhi,Android,Returning,2025-06-10
6627,Chennai,Android,New,2025-12-25
6628,Bangalore,Android,New,2025-08-20
6629,Mumbai,Android,New,2025-01-15
6630,Bangalore,Android,New,2025-10-09
6631,Pune,Android,New,2026-03-13
6632,Bangalore,Android,Returning,2025-11-10
6633,Bangalore,Android,Returning,2026-02-17
6634,Delhi,Android,Returning,2025-07-27
6635,Delhi,iOS,Returning,2025-06-06
6636,Bangalore,Android,New,2025-08-10
6637,Bangalore,Android,Returning,2025-07-02
6638,Mumbai,Android,New,2025-04-15
6639,Pune,Android,Returning,2026-06-19
6640,Bangalore,Android,Returning,2026-01-28
6641,Chennai,Android,New,2025-10-11
6642,Mumbai,Android,New,2026-04-30
6643,Delhi,Android,Returning,2025-06-22
6644,Mumbai,iOS,Returning,2025-08-26
6645,Pune,Android,New,2025-04-04
6646,Mumbai,Android,New,2025-05-31
6647,Hyderabad,Android,New,2025-06-18
6648,Bangalore,Android,New,2025-01-01
6649,Delhi,iOS,Returning,2025-03-21
6650,Pune,Android,New,2025-05-21
6651,Hyderabad,Android,New,2026-03-27
6652,Bangalore,Android,Returning,2026-04-29
6653,Pune,Android,Returning,2025-11-06
6654,Mumbai,Android,Returning,2025-05-01
6655,Hyderabad,iOS,Returning,2026-02-07
6656,Chennai,Android,Returning,2026-01-30
6657,Bangalore,Android,Returning,2026-05-01
6658,Pune,Android,New,2025-11-16
6659,Pune,Android,Returning,2025-11-21
6660,Pune,iOS,Returning,2025-03-22
6661,Mumbai,Android,New,2025-08-08
6662,Chennai,Android,Returning,2025-10-12
6663,Hyderabad,Android,New,2025-05-27
6664,Hyderabad,Android,New,2026-03-29
6665,Chennai,Android,Returning,2025-09-14
6666,Pune,Android,New,2025-05-04
6667,Chennai,Android,Returning,2026-03-22
6668,Mumbai,Android,Returning,2025-12-23
6669,Bangalore,iOS,New,2025-01-26
6670,Chennai,Android,Returning,2026-04-23
6671,Chennai,iOS,New,2025-12-21
6672,Mumbai,Android,Returning,2026-03-11
6673,Hyderabad,Android,Returning,2025-07-15
6674,Mumbai,Android,New,2026-01-19
6675,Mumbai,Android,Returning,2025-01-11
6676,Bangalore,iOS,New,2026-03-29
6677,Mumbai,iOS,Returning,2026-06-23
6678,Pune,Android,Returning,2025-01-06
6679,Bangalore,Android,Returning,2025-11-14
6680,Bangalore,iOS,New,2025-04-07
6681,Pune,Android,Returning,2025-09-17
6682,Pune,Android,Returning,2025-01-14
6683,Delhi,Android,Returning,2025-10-07
6684,Chennai,Android,Returning,2025-10-09
6685,Hyderabad,iOS,Returning,2026-05-06
6686,Chennai,iOS,New,2025-02-14
6687,Bangalore,Android,Returning,2025-09-17
6688,Pune,Android,Returning,2025-02-28
6689,Chennai,iOS,Returning,2025-02-01
6690,Pune,Android,Returning,2026-04-28
6691,Hyderabad,Android,New,2026-04-11
6692,Hyderabad,Android,Returning,2025-06-27
6693,Delhi,Android,New,2025-04-17
6694,Delhi,Android,New,2026-01-14
6695,Chennai,Android,New,2025-06-06
6696,Mumbai,Android,New,2025-07-01
6697,Hyderabad,Android,Returning,2025-03-26
6698,Delhi,Android,New,2025-05-03
6699,Chennai,Android,Returning,2026-03-31
6700,Bangalore,Android,New,2025-03-05
6701,Pune,iOS,Returning,2025-04-10
6702,Mumbai,Android,Returning,2025-10-12
6703,Bangalore,Android,New,2025-01-18
6704,Chennai,Android,Returning,2025-11-21
6705,Pune,Android,Returning,2025-06-23
6706,Pune,Android,New,2026-01-11
6707,Chennai,Android,New,2025-01-15
6708,Hyderabad,iOS,Returning,2026-02-17
6709,Delhi,Android,Returning,2025-03-04
6710,Pune,iOS,Returning,2025-07-17
6711,Chennai,iOS,New,2025-06-01
6712,Delhi,iOS,Returning,2025-10-01
6713,Hyderabad,iOS,Returning,2025-06-26
6714,Bangalore,Android,Returning,2025-02-15
6715,Chennai,Android,New,2025-07-23
6716,Hyderabad,Android,Returning,2026-06-02
6717,Chennai,Android,Returning,2025-06-27
6718,Bangalore,Android,Returning,2025-01-04
6719,Pune,Android,Returning,2025-10-08
6720,Delhi,iOS,Returning,2025-12-26
6721,Hyderabad,Android,Returning,2025-12-16
6722,Pune,iOS,Returning,2025-03-30
6723,Delhi,Android,Returning,2026-04-20
6724,Delhi,Android,Returning,2025-04-30
6725,Chennai,iOS,New,2025-07-06
6726,Mumbai,Android,Returning,2025-03-30
6727,Pune,iOS,New,2025-11-22
6728,Mumbai,Android,Returning,2025-01-21
6729,Mumbai,Android,New,2025-01-11
6730,Hyderabad,iOS,New,2026-01-19
6731,Chennai,iOS,New,2025-03-25
6732,Bangalore,Android,Returning,2025-09-10
6733,Chennai,Android,Returning,2025-07-15
6734,Bangalore,Android,Returning,2025-05-16
6735,Hyderabad,Android,Returning,2025-02-24
6736,Mumbai,Android,Returning,2025-10-21
6737,Mumbai,Android,New,2025-10-13
6738,Hyderabad,Android,New,2025-11-20
6739,Mumbai,Android,Returning,2025-08-20
6740,Mumbai,Android,Returning,2025-10-07
6741,Bangalore,Android,New,2025-07-01
6742,Chennai,Android,New,2025-09-23
6743,Bangalore,Android,Returning,2026-03-27
6744,Hyderabad,Android,Returning,2025-04-05
6745,Pune,Android,Returning,2025-12-30
6746,Bangalore,iOS,New,2026-01-08
6747,Hyderabad,Android,Returning,2026-06-20
6748,Delhi,Android,Returning,2025-06-24
6749,Mumbai,iOS,New,2026-01-30
6750,Chennai,Android,Returning,2025-08-04
6751,Bangalore,Android,Returning,2026-03-21
6752,Mumbai,Android,New,2025-10-23
6753,Chennai,Android,Returning,2025-12-17
6754,Pune,Android,Returning,2026-05-31
6755,Delhi,Android,Returning,2025-10-03
6756,Mumbai,Android,Returning,2026-06-10
6757,Mumbai,Android,Returning,2025-09-22
6758,Bangalore,Android,Returning,2026-04-24
6759,Delhi,Android,Returning,2025-02-02
6760,Chennai,Android,New,2026-06-14
6761,Hyderabad,Android,New,2025-07-10
6762,Hyderabad,Android,Returning,2025-05-24
6763,Bangalore,Android,Returning,2025-11-27
6764,Chennai,iOS,New,2026-01-22
6765,Bangalore,Android,New,2025-02-04
6766,Chennai,iOS,Returning,2025-04-18
6767,Delhi,Android,New,2026-01-03
6768,Hyderabad,Android,New,2025-06-12
6769,Bangalore,Android,Returning,2026-05-02
6770,Chennai,iOS,New,2025-12-11
6771,Mumbai,Android,Returning,2025-04-13
6772,Bangalore,Android,Returning,2026-01-02
6773,Hyderabad,Android,Returning,2025-06-16
6774,Delhi,Android,Returning,2025-07-10
6775,Pune,iOS,New,2026-03-26
6776,Pune,Android,Returning,2026-04-13
6777,Chennai,iOS,New,2026-03-22
6778,Hyderabad,iOS,Returning,2026-02-13
6779,Bangalore,Android,Returning,2025-09-07
6780,Pune,Android,Returning,2026-01-18
6781,Hyderabad,Android,Returning,2025-12-12
6782,Bangalore,Android,Returning,2026-02-15
6783,Mumbai,Android,Returning,2025-02-11
6784,Delhi,Android,Returning,2026-06-04
6785,Hyderabad,iOS,Returning,2026-03-08
6786,Pune,Android,New,2025-10-03
6787,Pune,iOS,Returning,2026-02-15
6788,Mumbai,Android,Returning,2025-01-30
6789,Mumbai,Android,Returning,2026-06-09
6790,Pune,iOS,Returning,2025-11-04
6791,Mumbai,Android,New,2026-06-21
6792,Mumbai,Android,Returning,2025-05-23
6793,Delhi,Android,New,2025-12-08
6794,Bangalore,iOS,New,2025-04-03
6795,Bangalore,Android,New,2025-05-25
6796,Hyderabad,Android,Returning,2026-04-15
6797,Hyderabad,iOS,Returning,2025-06-19
6798,Chennai,Android,Returning,2025-01-01
6799,Mumbai,Android,New,2025-06-01
6800,Bangalore,Android,Returning,2025-06-26
6801,Delhi,Android,New,2025-11-11
6802,Mumbai,Android,Returning,2025-07-09
6803,Hyderabad,Android,New,2025-07-28
6804,Chennai,Android,Returning,2025-04-03
6805,Mumbai,Android,Returning,2025-09-08
6806,Delhi,Android,Returning,2026-01-19
6807,Mumbai,Android,New,2026-05-04
6808,Delhi,Android,Returning,2025-12-19
6809,Pune,Android,Returning,2026-04-28
6810,Chennai,Android,New,2026-02-08
6811,Hyderabad,Android,New,2025-08-06
6812,Hyderabad,iOS,Returning,2026-01-21
6813,Delhi,Android,Returning,2025-09-06
6814,Mumbai,Android,New,2026-02-01
6815,Mumbai,iOS,Returning,2025-11-22
6816,Bangalore,Android,New,2026-02-14
6817,Chennai,Android,Returning,2025-10-17
6818,Pune,Android,Returning,2026-03-11
6819,Pune,Android,Returning,2026-02-08
6820,Bangalore,Android,Returning,2025-03-15
6821,Chennai,Android,Returning,2026-05-16
6822,Mumbai,Android,Returning,2025-01-28
6823,Mumbai,Android,Returning,2025-07-02
6824,Bangalore,Android,Returning,2026-01-13
6825,Pune,Android,Returning,2025-12-15
6826,Pune,Android,New,2025-01-02
6827,Delhi,Android,Returning,2026-02-12
6828,Mumbai,Android,Returning,2025-08-24
6829,Mumbai,Android,Returning,2026-05-27
6830,Mumbai,Android,New,2025-02-15
6831,Hyderabad,Android,New,2025-11-06
6832,Bangalore,Android,Returning,2025-04-06
6833,Chennai,Android,Returning,2026-01-29
6834,Hyderabad,Android,New,2025-07-04
6835,Bangalore,iOS,Returning,2025-06-04
6836,Hyderabad,Android,New,2025-11-15
6837,Delhi,Android,New,2026-05-08
6838,Hyderabad,iOS,Returning,2025-09-25
6839,Mumbai,Android,Returning,2025-07-03
6840,Chennai,Android,New,2026-02-12
6841,Delhi,iOS,Returning,2026-06-14
6842,Delhi,iOS,Returning,2026-04-22
6843,Chennai,Android,New,2025-12-21
6844,Chennai,Android,Returning,2025-04-14
6845,Delhi,Android,Returning,2026-02-19
6846,Bangalore,Android,New,2025-06-14
6847,Pune,Android,New,2025-05-12
6848,Hyderabad,Android,New,2026-06-04
6849,Delhi,iOS,New,2026-04-11
6850,Chennai,Android,New,2026-05-13
6851,Hyderabad,iOS,Returning,2026-02-16
6852,Bangalore,Android,Returning,2025-02-25
6853,Bangalore,Android,New,2026-03-12
6854,Pune,Android,New,2025-04-29
6855,Pune,iOS,Returning,2026-04-07
6856,Hyderabad,Android,New,2026-01-17
6857,Pune,Android,New,2025-12-10
6858,Delhi,Android,New,2026-01-09
6859,Hyderabad,Android,Returning,2025-07-03
6860,Chennai,Android,New,2026-01-28
6861,Mumbai,Android,Returning,2025-03-23
6862,Bangalore,Android,New,2025-01-08
6863,Mumbai,iOS,Returning,2025-09-22
6864,Pune,iOS,Returning,2026-06-12
6865,Hyderabad,Android,New,2026-04-11
6866,Hyderabad,Android,New,2025-02-19
6867,Delhi,iOS,Returning,2025-10-16
6868,Hyderabad,Android,New,2025-05-05
6869,Bangalore,iOS,Returning,2026-04-17
6870,Pune,Android,Returning,2025-02-21
6871,Bangalore,Android,New,2026-01-14
6872,Bangalore,Android,Returning,2026-03-12
6873,Delhi,Android,New,2025-10-31
6874,Mumbai,iOS,Returning,2025-10-01
6875,Bangalore,Android,New,2025-10-28
6876,Delhi,Android,New,2026-03-04
6877,Bangalore,Android,New,2026-04-03
6878,Chennai,Android,Returning,2025-11-01
6879,Pune,Android,Returning,2025-02-06
6880,Bangalore,Android,Returning,2025-04-25
6881,Pune,Android,Returning,2025-02-07
6882,Mumbai,Android,Returning,2026-02-10
6883,Delhi,Android,Returning,2025-06-29
6884,Mumbai,Android,Returning,2025-04-07
6885,Chennai,Android,New,2025-05-29
6886,Hyderabad,Android,Returning,2026-05-21
6887,Bangalore,Android,Returning,2025-10-09
6888,Chennai,iOS,Returning,2026-04-15
6889,Chennai,Android,Returning,2025-09-07
6890,Pune,Android,Returning,2026-06-21
6891,Delhi,iOS,New,2026-04-15
6892,Bangalore,Android,New,2025-03-20
6893,Delhi,Android,New,2026-01-17
6894,Pune,Android,New,2025-05-31
6895,Hyderabad,Android,Returning,2025-04-14
6896,Chennai,Android,New,2026-06-09
6897,Bangalore,Android,Returning,2025-03-22
6898,Hyderabad,iOS,Returning,2025-11-06
6899,Delhi,iOS,Returning,2026-02-15
6900,Chennai,iOS,Returning,2025-07-08
6901,Chennai,iOS,New,2025-09-21
6902,Hyderabad,iOS,Returning,2025-03-23
6903,Mumbai,Android,New,2025-04-30
6904,Bangalore,Android,New,2025-09-25
6905,Pune,Android,New,2026-06-11
6906,Chennai,iOS,New,2025-09-07
6907,Bangalore,Android,New,2025-02-20
6908,Mumbai,Android,New,2026-04-30
6909,Bangalore,Android,Returning,2026-03-24
6910,Bangalore,Android,New,2025-07-10
6911,Chennai,Android,New,2026-05-29
6912,Pune,iOS,Returning,2025-02-16
6913,Mumbai,Android,New,2026-02-13
6914,Bangalore,Android,New,2025-10-19
6915,Hyderabad,Android,Returning,2025-01-06
6916,Delhi,Android,New,2025-08-01
6917,Chennai,Android,Returning,2026-03-01
6918,Bangalore,Android,Returning,2025-05-13
6919,Hyderabad,iOS,Returning,2025-10-01
6920,Delhi,Android,Returning,2025-11-22
6921,Mumbai,Android,Returning,2025-08-15
6922,Chennai,Android,New,2025-01-19
6923,Mumbai,Android,New,2025-11-29
6924,Pune,Android,Returning,2025-03-07
6925,Chennai,Android,New,2025-10-22
6926,Pune,Android,Returning,2026-04-17
6927,Chennai,iOS,New,2026-03-07
6928,Pune,Android,Returning,2025-12-03
6929,Hyderabad,Android,Returning,2026-02-03
6930,Bangalore,Android,Returning,2025-01-13
6931,Bangalore,Android,New,2025-12-15
6932,Hyderabad,Android,Returning,2025-12-21
6933,Hyderabad,Android,Returning,2025-06-05
6934,Mumbai,Android,New,2026-05-26
6935,Chennai,Android,Returning,2025-06-24
6936,Bangalore,Android,New,2026-02-04
6937,Delhi,Android,Returning,2026-02-17
6938,Chennai,Android,New,2025-03-22
6939,Pune,Android,New,2026-05-14
6940,Delhi,Android,Returning,2025-12-20
6941,Chennai,Android,Returning,2025-08-01
6942,Bangalore,Android,New,2026-01-14
6943,Bangalore,Android,Returning,2025-10-26
6944,Chennai,Android,New,2026-04-08
6945,Delhi,Android,Returning,2026-04-24
6946,Pune,Android,Returning,2025-06-09
6947,Pune,Android,Returning,2025-06-20
6948,Pune,Android,Returning,2025-12-27
6949,Hyderabad,Android,New,2026-03-18
6950,Bangalore,iOS,New,2025-01-24
6951,Mumbai,Android,Returning,2026-05-18
6952,Pune,Android,Returning,2026-01-20
6953,Hyderabad,Android,Returning,2025-05-15
6954,Delhi,iOS,New,2025-05-07
6955,Mumbai,iOS,New,2026-02-10
6956,Delhi,iOS,New,2025-08-05
6957,Mumbai,Android,Returning,2025-10-24
6958,Chennai,Android,Returning,2025-06-12
6959,Pune,iOS,Returning,2026-02-15
6960,Bangalore,iOS,Returning,2026-02-23
6961,Hyderabad,Android,New,2025-08-11
6962,Bangalore,Android,New,2025-10-13
6963,Chennai,Android,New,2026-01-07
6964,Chennai,Android,New,2025-04-19
6965,Pune,iOS,Returning,2025-11-22
6966,Mumbai,Android,Returning,2026-02-06
6967,Hyderabad,Android,Returning,2026-02-18
6968,Bangalore,Android,New,2026-04-21
6969,Mumbai,Android,Returning,2026-04-06
6970,Hyderabad,Android,Returning,2025-07-01
6971,Delhi,Android,New,2025-10-23
6972,Hyderabad,Android,New,2025-12-09
6973,Chennai,Android,Returning,2025-06-26
6974,Hyderabad,Android,Returning,2025-04-11
6975,Hyderabad,Android,Returning,2026-03-05
6976,Mumbai,iOS,Returning,2026-02-25
6977,Pune,iOS,Returning,2025-01-30
6978,Mumbai,iOS,Returning,2025-08-18
6979,Delhi,Android,Returning,2026-05-31
6980,Delhi,Android,Returning,2026-02-23
6981,Pune,Android,Returning,2025-11-29
6982,Mumbai,iOS,New,2025-09-13
6983,Chennai,Android,Returning,2026-04-29
6984,Bangalore,iOS,Returning,2025-04-04
6985,Chennai,Android,Returning,2025-01-24
6986,Pune,Android,Returning,2026-02-03
6987,Mumbai,Android,Returning,2026-06-08
6988,Hyderabad,Android,New,2025-06-15
6989,Chennai,Android,New,2026-01-13
6990,Mumbai,Android,New,2025-09-03
6991,Chennai,Android,Returning,2026-04-29
6992,Bangalore,Android,New,2025-07-24
6993,Bangalore,iOS,Returning,2025-05-16
6994,Delhi,Android,New,2025-03-08
6995,Pune,Android,New,2025-07-31
6996,Hyderabad,Android,Returning,2026-04-18
6997,Chennai,Android,Returning,2025-09-08
6998,Mumbai,iOS,Returning,2026-03-31
6999,Hyderabad,iOS,Returning,2025-07-01
7000,Chennai,Android,Returning,2026-05-28
7001,Pune,Android,New,2025-04-24
7002,Mumbai,Android,Returning,2025-12-06
7003,Hyderabad,Android,Returning,2025-09-08
7004,Delhi,Android,Returning,2025-03-13
7005,Chennai,Android,Returning,2025-02-03
7006,Pune,iOS,Returning,2026-02-21
7007,Hyderabad,Android,Returning,2026-04-27
7008,Hyderabad,Android,New,2025-03-14
7009,Chennai,iOS,New,2025-09-24
7010,Chennai,iOS,New,2025-05-04
7011,Hyderabad,iOS,New,2025-01-25
7012,Chennai,Android,New,2026-05-08
7013,Bangalore,Android,New,2025-03-03
7014,Chennai,Android,New,2026-02-12
7015,Bangalore,Android,New,2025-02-10
7016,Chennai,Android,Returning,2026-02-14
7017,Chennai,iOS,New,2026-06-08
7018,Hyderabad,Android,Returning,2026-03-27
7019,Delhi,Android,Returning,2025-05-08
7020,Bangalore,Android,New,2025-05-30
7021,Chennai,Android,New,2025-04-25
7022,Bangalore,Android,New,2025-06-23
7023,Chennai,Android,New,2026-02-27
7024,Mumbai,Android,New,2025-12-14
7025,Hyderabad,iOS,New,2025-09-06
7026,Bangalore,Android,Returning,2025-08-04
7027,Bangalore,Android,Returning,2025-04-10
7028,Hyderabad,Android,Returning,2025-03-17
7029,Mumbai,Android,Returning,2026-05-19
7030,Bangalore,Android,Returning,2025-09-24
7031,Chennai,Android,Returning,2025-10-30
7032,Bangalore,Android,Returning,2026-04-01
7033,Chennai,Android,Returning,2026-04-07
7034,Pune,iOS,New,2025-09-22
7035,Pune,Android,New,2025-10-09
7036,Mumbai,Android,New,2025-02-06
7037,Pune,Android,Returning,2025-06-01
7038,Delhi,Android,Returning,2025-10-23
7039,Bangalore,Android,New,2025-08-15
7040,Chennai,Android,Returning,2026-01-07
7041,Bangalore,Android,Returning,2025-10-26
7042,Pune,iOS,New,2025-06-12
7043,Hyderabad,Android,Returning,2025-11-09
7044,Chennai,Android,New,2026-03-27
7045,Mumbai,Android,Returning,2025-10-29
7046,Mumbai,iOS,Returning,2025-05-12
7047,Hyderabad,Android,Returning,2025-10-27
7048,Chennai,Android,Returning,2025-09-21
7049,Delhi,Android,Returning,2025-08-22
7050,Pune,Android,Returning,2025-08-05
7051,Mumbai,Android,Returning,2025-11-07
7052,Bangalore,Android,New,2025-01-13
7053,Chennai,Android,New,2026-01-08
7054,Chennai,Android,New,2026-06-05
7055,Hyderabad,iOS,New,2026-06-14
7056,Pune,iOS,Returning,2026-05-04
7057,Bangalore,Android,Returning,2025-06-24
7058,Pune,Android,New,2025-06-09
7059,Bangalore,Android,New,2026-05-29
7060,Bangalore,iOS,New,2026-06-20
7061,Hyderabad,Android,Returning,2026-01-23
7062,Pune,Android,Returning,2025-06-23
7063,Mumbai,Android,Returning,2026-05-09
7064,Hyderabad,Android,New,2026-05-11
7065,Chennai,Android,New,2025-01-15
7066,Bangalore,Android,Returning,2025-03-08
7067,Bangalore,Android,Returning,2025-08-19
7068,Mumbai,Android,New,2025-07-31
7069,Bangalore,Android,New,2025-06-03
7070,Chennai,Android,Returning,2025-05-03
7071,Bangalore,Android,Returning,2025-07-21
7072,Hyderabad,Android,Returning,2026-05-26
7073,Chennai,Android,Returning,2025-01-13
7074,Mumbai,Android,New,2026-06-21
7075,Bangalore,Android,New,2025-07-27
7076,Hyderabad,Android,Returning,2025-02-03
7077,Bangalore,Android,New,2025-04-12
7078,Delhi,Android,Returning,2026-06-04
7079,Pune,iOS,Returning,2025-10-05
7080,Delhi,iOS,New,2025-03-23
7081,Pune,Android,New,2026-04-03
7082,Mumbai,Android,New,2026-06-20
7083,Bangalore,Android,Returning,2025-09-08
7084,Chennai,Android,Returning,2025-07-07
7085,Mumbai,Android,Returning,2025-09-08
7086,Mumbai,Android,New,2026-04-13
7087,Pune,Android,Returning,2025-02-11
7088,Pune,iOS,Returning,2025-09-30
7089,Delhi,Android,Returning,2025-10-12
7090,Chennai,Android,New,2025-07-14
7091,Mumbai,Android,New,2025-03-07
7092,Bangalore,iOS,New,2026-06-20
7093,Mumbai,Android,Returning,2025-03-04
7094,Mumbai,Android,Returning,2025-08-22
7095,Hyderabad,Android,Returning,2026-05-04
7096,Pune,Android,New,2025-04-11
7097,Bangalore,Android,Returning,2025-02-22
7098,Mumbai,Android,New,2025-03-16
7099,Delhi,Android,Returning,2026-05-05
7100,Delhi,Android,Returning,2026-03-29
7101,Mumbai,Android,Returning,2026-05-03
7102,Pune,Android,Returning,2025-04-13
7103,Pune,iOS,Returning,2025-08-09
7104,Bangalore,Android,Returning,2026-05-14
7105,Pune,iOS,New,2025-01-10
7106,Delhi,Android,Returning,2026-03-17
7107,Chennai,Android,Returning,2026-03-30
7108,Pune,Android,New,2025-07-19
7109,Delhi,Android,New,2026-04-13
7110,Hyderabad,Android,Returning,2025-09-15
7111,Hyderabad,Android,Returning,2025-10-05
7112,Bangalore,Android,Returning,2025-06-30
7113,Hyderabad,Android,Returning,2026-06-04
7114,Bangalore,Android,New,2026-06-11
7115,Bangalore,Android,New,2025-11-03
7116,Bangalore,Android,Returning,2025-09-12
7117,Chennai,Android,Returning,2025-10-09
7118,Bangalore,iOS,Returning,2026-05-31
7119,Delhi,iOS,New,2026-03-27
7120,Hyderabad,Android,New,2025-07-06
7121,Bangalore,iOS,Returning,2025-01-07
7122,Hyderabad,iOS,Returning,2026-06-06
7123,Mumbai,Android,New,2026-05-23
7124,Delhi,Android,Returning,2025-07-03
7125,Chennai,Android,Returning,2026-03-19
7126,Delhi,Android,Returning,2025-11-08
7127,Bangalore,Android,Returning,2026-03-30
7128,Mumbai,iOS,Returning,2025-07-07
7129,Mumbai,Android,Returning,2025-04-22
7130,Bangalore,Android,New,2025-08-07
7131,Bangalore,Android,Returning,2026-05-29
7132,Pune,Android,Returning,2025-11-24
7133,Delhi,Android,New,2026-04-29
7134,Pune,iOS,New,2025-11-04
7135,Pune,iOS,New,2025-08-04
7136,Bangalore,Android,Returning,2025-06-08
7137,Mumbai,Android,Returning,2025-06-10
7138,Mumbai,Android,New,2026-02-10
7139,Pune,Android,Returning,2025-06-11
7140,Bangalore,Android,Returning,2025-06-10
7141,Hyderabad,iOS,Returning,2026-06-13
7142,Chennai,Android,Returning,2026-03-03
7143,Mumbai,Android,Returning,2025-10-03
7144,Hyderabad,Android,Returning,2025-09-27
7145,Bangalore,Android,New,2025-11-07
7146,Bangalore,Android,New,2025-05-29
7147,Chennai,Android,New,2025-12-08
7148,Chennai,Android,Returning,2025-12-29
7149,Hyderabad,iOS,New,2025-11-19
7150,Hyderabad,Android,Returning,2025-11-12
7151,Hyderabad,Android,Returning,2026-02-07
7152,Hyderabad,Android,New,2025-01-06
7153,Hyderabad,Android,Returning,2025-02-26
7154,Chennai,Android,New,2025-12-29
7155,Hyderabad,Android,New,2025-05-24
7156,Delhi,Android,Returning,2025-10-08
7157,Mumbai,Android,Returning,2025-07-27
7158,Bangalore,Android,Returning,2025-09-20
7159,Delhi,Android,New,2026-01-18
7160,Hyderabad,iOS,New,2025-11-26
7161,Bangalore,Android,New,2026-01-27
7162,Mumbai,Android,Returning,2025-07-24
7163,Hyderabad,iOS,Returning,2026-05-31
7164,Delhi,Android,Returning,2025-10-08
7165,Mumbai,Android,New,2025-03-18
7166,Bangalore,Android,New,2025-06-14
7167,Chennai,Android,New,2026-05-07
7168,Delhi,Android,Returning,2026-04-27
7169,Chennai,Android,Returning,2026-02-04
7170,Mumbai,Android,Returning,2026-05-14
7171,Pune,Android,New,2025-10-14
7172,Delhi,Android,Returning,2026-01-20
7173,Delhi,iOS,New,2025-04-14
7174,Bangalore,Android,Returning,2025-12-17
7175,Hyderabad,Android,Returning,2026-01-14
7176,Delhi,Android,Returning,2025-10-19
7177,Mumbai,Android,Returning,2026-04-29
7178,Bangalore,Android,Returning,2025-03-17
7179,Mumbai,iOS,New,2026-02-28
7180,Pune,iOS,Returning,2025-06-04
7181,Pune,iOS,Returning,2025-11-03
7182,Pune,Android,Returning,2025-07-24
7183,Hyderabad,Android,Returning,2025-04-01
7184,Bangalore,iOS,Returning,2025-09-09
7185,Pune,iOS,Returning,2025-09-24
7186,Chennai,iOS,Returning,2025-10-26
7187,Mumbai,Android,Returning,2025-01-23
7188,Chennai,iOS,Returning,2025-03-11
7189,Bangalore,iOS,Returning,2025-11-18
7190,Chennai,Android,New,2026-04-02
7191,Mumbai,iOS,Returning,2025-08-08
7192,Hyderabad,Android,New,2025-11-25
7193,Hyderabad,iOS,Returning,2025-08-22
7194,Bangalore,iOS,Returning,2026-01-06
7195,Chennai,Android,New,2025-07-23
7196,Bangalore,Android,Returning,2025-09-23
7197,Mumbai,Android,Returning,2025-01-24
7198,Chennai,Android,Returning,2025-05-03
7199,Hyderabad,iOS,New,2026-02-25
7200,Hyderabad,Android,New,2026-02-10
7201,Pune,Android,Returning,2025-02-19
7202,Pune,Android,Returning,2025-03-03
7203,Delhi,Android,New,2026-01-18
7204,Delhi,Android,Returning,2026-03-24
7205,Bangalore,iOS,Returning,2026-06-01
7206,Bangalore,Android,Returning,2026-05-19
7207,Chennai,Android,New,2025-12-08
7208,Chennai,Android,Returning,2025-03-10
7209,Pune,Android,Returning,2025-03-19
7210,Pune,iOS,New,2025-04-05
7211,Pune,iOS,Returning,2025-04-26
7212,Pune,Android,New,2025-06-12
7213,Pune,Android,Returning,2025-03-31
7214,Pune,Android,New,2026-04-25
7215,Delhi,Android,New,2025-07-15
7216,Bangalore,iOS,Returning,2026-03-18
7217,Hyderabad,Android,Returning,2026-04-22
7218,Chennai,iOS,Returning,2025-06-05
7219,Delhi,Android,Returning,2025-12-05
7220,Chennai,Android,New,2025-07-06
7221,Hyderabad,Android,Returning,2025-12-14
7222,Chennai,Android,Returning,2026-06-25
7223,Delhi,Android,Returning,2026-03-19
7224,Pune,iOS,Returning,2026-02-16
7225,Delhi,Android,Returning,2025-10-28
7226,Delhi,iOS,New,2026-02-04
7227,Mumbai,Android,Returning,2025-01-09
7228,Hyderabad,Android,Returning,2025-11-27
7229,Bangalore,Android,New,2025-06-04
7230,Pune,Android,Returning,2025-08-17
7231,Pune,iOS,Returning,2025-12-01
7232,Chennai,Android,New,2026-04-14
7233,Pune,iOS,New,2025-07-25
7234,Chennai,Android,Returning,2025-12-30
7235,Mumbai,Android,New,2025-06-06
7236,Mumbai,iOS,Returning,2025-06-01
7237,Mumbai,Android,Returning,2025-11-12
7238,Delhi,Android,Returning,2025-04-14
7239,Mumbai,iOS,Returning,2025-02-10
7240,Delhi,Android,New,2025-12-23
7241,Bangalore,Android,Returning,2025-12-02
7242,Chennai,Android,Returning,2025-08-24
7243,Mumbai,Android,Returning,2025-08-02
7244,Mumbai,Android,Returning,2025-11-07
7245,Bangalore,Android,New,2026-03-11
7246,Mumbai,iOS,Returning,2025-08-27
7247,Delhi,Android,New,2025-12-30
7248,Hyderabad,Android,Returning,2025-05-21
7249,Hyderabad,Android,Returning,2025-05-07
7250,Hyderabad,Android,Returning,2025-01-27
7251,Hyderabad,Android,Returning,2025-08-02
7252,Hyderabad,Android,Returning,2025-02-20
7253,Hyderabad,Android,Returning,2026-03-26
7254,Mumbai,iOS,Returning,2025-07-23
7255,Pune,iOS,Returning,2026-01-25
7256,Delhi,iOS,Returning,2025-05-08
7257,Pune,Android,New,2025-06-29
7258,Delhi,Android,New,2026-06-13
7259,Mumbai,Android,Returning,2025-06-16
7260,Hyderabad,iOS,Returning,2025-05-04
7261,Chennai,Android,Returning,2026-01-02
7262,Hyderabad,iOS,New,2025-11-21
7263,Mumbai,Android,New,2025-07-15
7264,Pune,Android,Returning,2025-04-03
7265,Hyderabad,iOS,Returning,2026-01-04
7266,Pune,Android,Returning,2025-09-19
7267,Hyderabad,Android,Returning,2025-04-25
7268,Delhi,Android,New,2025-01-17
7269,Hyderabad,Android,New,2026-01-25
7270,Delhi,iOS,New,2026-02-14
7271,Bangalore,Android,Returning,2025-12-30
7272,Delhi,Android,New,2025-11-14
7273,Chennai,Android,Returning,2026-03-21
7274,Mumbai,Android,Returning,2025-11-04
7275,Chennai,Android,Returning,2025-03-28
7276,Hyderabad,Android,New,2026-02-04
7277,Bangalore,Android,Returning,2025-01-17
7278,Delhi,Android,Returning,2025-11-28
7279,Mumbai,Android,Returning,2025-05-25
7280,Pune,Android,New,2025-07-01
7281,Mumbai,Android,New,2025-01-10
7282,Mumbai,Android,Returning,2026-06-16
7283,Chennai,Android,New,2025-05-24
7284,Delhi,iOS,Returning,2026-04-27
7285,Pune,Android,Returning,2025-03-04
7286,Chennai,Android,Returning,2025-08-03
7287,Bangalore,Android,Returning,2025-10-28
7288,Mumbai,Android,New,2026-03-01
7289,Mumbai,iOS,Returning,2026-03-06
7290,Pune,Android,New,2025-06-28
7291,Chennai,Android,New,2025-06-05
7292,Bangalore,Android,Returning,2025-07-05
7293,Mumbai,Android,Returning,2025-04-23
7294,Hyderabad,iOS,New,2025-01-31
7295,Bangalore,Android,New,2025-07-28
7296,Chennai,Android,Returning,2026-02-18
7297,Bangalore,iOS,Returning,2026-01-18
7298,Delhi,Android,Returning,2025-11-25
7299,Bangalore,iOS,Returning,2025-01-27
7300,Hyderabad,Android,Returning,2025-01-30
7301,Chennai,Android,New,2025-02-05
7302,Hyderabad,Android,New,2025-05-28
7303,Pune,Android,Returning,2025-02-17
7304,Pune,Android,Returning,2026-01-22
7305,Mumbai,Android,Returning,2026-06-22
7306,Delhi,Android,Returning,2025-06-11
7307,Bangalore,Android,Returning,2025-01-16
7308,Delhi,Android,Returning,2025-08-17
7309,Delhi,Android,Returning,2026-03-06
7310,Hyderabad,Android,Returning,2025-04-26
7311,Hyderabad,iOS,New,2026-04-21
7312,Mumbai,Android,Returning,2026-03-27
7313,Bangalore,Android,Returning,2025-01-01
7314,Hyderabad,Android,New,2026-05-03
7315,Mumbai,Android,New,2025-09-21
7316,Chennai,iOS,Returning,2025-11-27
7317,Pune,Android,Returning,2026-01-10
7318,Hyderabad,Android,New,2025-04-09
7319,Chennai,Android,Returning,2026-05-20
7320,Mumbai,Android,Returning,2025-07-20
7321,Pune,Android,Returning,2025-08-13
7322,Mumbai,Android,Returning,2025-05-13
7323,Chennai,Android,New,2025-08-19
7324,Chennai,iOS,Returning,2025-03-26
7325,Chennai,iOS,Returning,2025-04-08
7326,Bangalore,Android,Returning,2026-02-18
7327,Mumbai,Android,Returning,2025-04-18
7328,Bangalore,Android,Returning,2025-08-20
7329,Chennai,Android,Returning,2025-07-09
7330,Bangalore,Android,Returning,2025-11-05
7331,Chennai,iOS,Returning,2026-04-19
7332,Pune,Android,Returning,2026-06-17
7333,Mumbai,Android,Returning,2025-10-01
7334,Hyderabad,Android,Returning,2025-12-02
7335,Chennai,Android,Returning,2026-01-19
7336,Pune,Android,Returning,2025-05-29
7337,Chennai,Android,Returning,2025-02-05
7338,Chennai,Android,New,2026-01-30
7339,Mumbai,Android,Returning,2025-02-19
7340,Delhi,Android,Returning,2025-07-06
7341,Chennai,Android,New,2025-05-27
7342,Mumbai,Android,New,2025-02-04
7343,Hyderabad,Android,New,2025-06-15
7344,Delhi,Android,Returning,2025-11-27
7345,Hyderabad,iOS,Returning,2026-05-08
7346,Mumbai,iOS,New,2025-12-19
7347,Hyderabad,iOS,Returning,2026-02-20
7348,Hyderabad,Android,New,2025-08-08
7349,Pune,Android,Returning,2025-09-27
7350,Delhi,Android,Returning,2026-03-27
7351,Chennai,iOS,New,2025-10-14
7352,Bangalore,Android,Returning,2026-06-11
7353,Mumbai,iOS,Returning,2025-12-12
7354,Bangalore,Android,Returning,2025-09-19
7355,Pune,Android,New,2026-05-15
7356,Chennai,Android,New,2026-04-13
7357,Chennai,Android,New,2025-04-09
7358,Pune,Android,New,2025-12-17
7359,Delhi,iOS,Returning,2025-09-27
7360,Hyderabad,Android,New,2026-01-10
7361,Pune,Android,New,2025-01-27
7362,Delhi,Android,New,2025-05-10
7363,Hyderabad,iOS,Returning,2025-08-21
7364,Delhi,Android,Returning,2025-04-24
7365,Mumbai,iOS,Returning,2025-10-30
7366,Bangalore,iOS,New,2025-12-22
7367,Hyderabad,Android,Returning,2026-04-09
7368,Pune,Android,New,2025-03-26
7369,Hyderabad,Android,Returning,2025-07-06
7370,Mumbai,iOS,Returning,2026-06-08
7371,Chennai,iOS,Returning,2025-05-26
7372,Delhi,iOS,Returning,2025-08-16
7373,Chennai,Android,Returning,2025-07-23
7374,Pune,Android,Returning,2025-12-29
7375,Pune,Android,Returning,2025-06-05
7376,Delhi,Android,New,2026-06-22
7377,Pune,Android,Returning,2026-01-07
7378,Chennai,Android,Returning,2025-08-24
7379,Bangalore,Android,Returning,2025-06-20
7380,Delhi,Android,New,2025-06-12
7381,Chennai,Android,Returning,2025-06-19
7382,Chennai,Android,Returning,2025-08-20
7383,Pune,iOS,Returning,2025-06-05
7384,Mumbai,Android,Returning,2026-03-11
7385,Delhi,Android,New,2025-10-13
7386,Bangalore,iOS,Returning,2026-02-15
7387,Pune,Android,Returning,2026-02-04
7388,Hyderabad,iOS,Returning,2026-03-08
7389,Bangalore,Android,New,2026-04-25
7390,Chennai,Android,Returning,2025-05-20
7391,Delhi,iOS,Returning,2025-11-04
7392,Bangalore,iOS,Returning,2025-03-18
7393,Mumbai,Android,Returning,2025-11-16
7394,Delhi,Android,Returning,2025-03-10
7395,Mumbai,Android,Returning,2026-02-25
7396,Hyderabad,Android,Returning,2025-05-28
7397,Mumbai,Android,Returning,2025-06-14
7398,Mumbai,Android,Returning,2026-02-05
7399,Hyderabad,Android,New,2026-03-06
7400,Mumbai,Android,Returning,2025-07-18
7401,Delhi,iOS,Returning,2025-12-25
7402,Bangalore,iOS,New,2025-08-20
7403,Hyderabad,Android,Returning,2025-05-24
7404,Chennai,Android,Returning,2025-05-07
7405,Mumbai,Android,Returning,2025-06-05
7406,Mumbai,Android,Returning,2026-03-31
7407,Bangalore,Android,New,2025-10-10
7408,Chennai,Android,Returning,2025-01-12
7409,Pune,Android,Returning,2025-05-01
7410,Pune,Android,Returning,2025-11-15
7411,Chennai,Android,New,2025-04-16
7412,Mumbai,Android,New,2026-04-28
7413,Bangalore,Android,New,2026-03-25
7414,Pune,Android,Returning,2025-05-08
7415,Mumbai,Android,Returning,2026-04-11
7416,Chennai,Android,Returning,2025-03-14
7417,Bangalore,iOS,Returning,2025-12-16
7418,Hyderabad,Android,Returning,2025-02-11
7419,Delhi,Android,Returning,2025-09-19
7420,Hyderabad,Android,New,2026-04-23
7421,Chennai,Android,Returning,2025-06-22
7422,Bangalore,Android,Returning,2026-05-14
7423,Pune,Android,Returning,2025-08-19
7424,Delhi,Android,Returning,2025-04-16
7425,Mumbai,Android,Returning,2026-01-07
7426,Chennai,iOS,Returning,2026-05-22
7427,Hyderabad,Android,New,2026-03-19
7428,Chennai,Android,Returning,2025-02-28
7429,Bangalore,Android,Returning,2025-04-18
7430,Bangalore,Android,Returning,2025-10-10
7431,Bangalore,Android,Returning,2026-06-05
7432,Chennai,Android,Returning,2026-03-06
7433,Bangalore,Android,New,2025-09-15
7434,Delhi,Android,Returning,2025-03-27
7435,Chennai,Android,Returning,2025-04-14
7436,Mumbai,Android,Returning,2026-05-13
7437,Mumbai,Android,Returning,2026-05-22
7438,Chennai,Android,Returning,2026-03-21
7439,Delhi,Android,Returning,2025-09-30
7440,Pune,Android,New,2026-05-15
7441,Pune,iOS,New,2026-01-20
7442,Chennai,Android,Returning,2026-06-16
7443,Delhi,Android,Returning,2026-01-27
7444,Pune,Android,New,2025-04-21
7445,Pune,iOS,Returning,2025-04-11
7446,Delhi,Android,Returning,2025-04-08
7447,Bangalore,Android,Returning,2025-09-02
7448,Hyderabad,Android,New,2026-03-08
7449,Bangalore,Android,New,2025-02-10
7450,Hyderabad,Android,Returning,2026-03-27
7451,Delhi,Android,New,2026-06-20
7452,Chennai,Android,New,2026-02-13
7453,Chennai,Android,Returning,2026-03-19
7454,Mumbai,Android,Returning,2025-01-27
7455,Delhi,Android,New,2025-07-05
7456,Delhi,Android,Returning,2025-12-03
7457,Hyderabad,Android,Returning,2025-10-27
7458,Chennai,Android,New,2025-01-30
7459,Bangalore,Android,Returning,2026-04-13
7460,Chennai,Android,Returning,2026-01-03
7461,Bangalore,Android,Returning,2025-12-19
7462,Bangalore,iOS,Returning,2025-09-12
7463,Delhi,Android,New,2026-04-02
7464,Hyderabad,iOS,Returning,2025-11-29
7465,Mumbai,Android,Returning,2025-09-27
7466,Pune,Android,Returning,2025-08-03
7467,Chennai,Android,New,2025-11-26
7468,Bangalore,Android,Returning,2026-02-15
7469,Hyderabad,Android,Returning,2025-06-26
7470,Bangalore,Android,Returning,2025-04-02
7471,Pune,Android,New,2025-12-27
7472,Bangalore,Android,New,2025-08-22
7473,Delhi,Android,Returning,2025-11-10
7474,Chennai,Android,Returning,2025-04-03
7475,Bangalore,Android,New,2026-02-20
7476,Chennai,Android,New,2026-05-25
7477,Hyderabad,Android,New,2025-07-10
7478,Bangalore,Android,Returning,2025-07-27
7479,Bangalore,iOS,Returning,2026-05-13
7480,Hyderabad,Android,Returning,2025-12-12
7481,Mumbai,Android,Returning,2026-01-06
7482,Bangalore,iOS,New,2025-06-22
7483,Delhi,Android,Returning,2025-01-17
7484,Pune,Android,New,2025-07-14
7485,Pune,Android,Returning,2025-11-14
7486,Pune,iOS,Returning,2025-10-31
7487,Hyderabad,Android,New,2025-07-02
7488,Mumbai,Android,Returning,2025-03-19
7489,Delhi,Android,New,2025-04-06
7490,Bangalore,Android,Returning,2026-02-19
7491,Chennai,Android,New,2025-05-30
7492,Pune,iOS,Returning,2025-12-15
7493,Hyderabad,Android,Returning,2025-12-29
7494,Hyderabad,Android,Returning,2025-05-17
7495,Chennai,Android,Returning,2025-04-17
7496,Pune,iOS,Returning,2025-10-28
7497,Bangalore,Android,Returning,2025-03-26
7498,Hyderabad,Android,Returning,2025-08-19
7499,Mumbai,Android,New,2025-02-11
7500,Chennai,Android,New,2025-06-08
7501,Delhi,Android,Returning,2025-10-08
7502,Mumbai,Android,New,2026-05-22
7503,Mumbai,Android,New,2025-08-13
7504,Hyderabad,Android,Returning,2025-08-20
7505,Mumbai,Android,New,2025-08-10
7506,Bangalore,Android,New,2025-01-13
7507,Delhi,iOS,Returning,2025-09-07
7508,Hyderabad,iOS,Returning,2026-05-10
7509,Pune,Android,Returning,2026-03-01
7510,Hyderabad,Android,Returning,2025-07-16
7511,Pune,Android,Returning,2025-07-10
7512,Chennai,Android,Returning,2026-02-14
7513,Chennai,Android,Returning,2026-02-01
7514,Chennai,Android,Returning,2025-09-25
7515,Bangalore,Android,Returning,2026-01-08
7516,Bangalore,Android,Returning,2026-03-18
7517,Mumbai,Android,Returning,2026-01-09
7518,Pune,Android,Returning,2025-11-24
7519,Delhi,Android,Returning,2026-01-01
7520,Bangalore,iOS,Returning,2025-05-18
7521,Pune,Android,New,2025-09-10
7522,Delhi,Android,Returning,2025-05-12
7523,Chennai,Android,Returning,2026-06-04
7524,Pune,Android,Returning,2026-05-03
7525,Delhi,Android,Returning,2025-11-18
7526,Chennai,iOS,Returning,2025-08-22
7527,Chennai,Android,Returning,2025-12-23
7528,Hyderabad,Android,Returning,2025-08-18
7529,Pune,Android,Returning,2025-10-03
7530,Hyderabad,Android,Returning,2025-02-24
7531,Hyderabad,Android,New,2026-03-25
7532,Delhi,Android,New,2026-03-23
7533,Delhi,Android,Returning,2025-06-25
7534,Pune,Android,Returning,2026-04-05
7535,Bangalore,Android,Returning,2025-02-28
7536,Chennai,iOS,New,2026-05-04
7537,Delhi,Android,New,2025-06-01
7538,Delhi,iOS,Returning,2025-12-29
7539,Pune,Android,New,2025-10-10
7540,Chennai,Android,Returning,2025-09-16
7541,Chennai,Android,Returning,2025-01-29
7542,Hyderabad,Android,New,2026-05-18
7543,Hyderabad,Android,New,2025-05-17
7544,Chennai,iOS,New,2025-08-09
7545,Bangalore,Android,New,2026-04-08
7546,Bangalore,Android,Returning,2025-11-08
7547,Pune,Android,Returning,2025-08-27
7548,Hyderabad,Android,Returning,2026-06-05
7549,Pune,Android,Returning,2025-05-28
7550,Delhi,Android,New,2025-11-19
7551,Chennai,Android,New,2025-02-24
7552,Pune,Android,Returning,2026-01-02
7553,Delhi,iOS,Returning,2025-05-03
7554,Pune,Android,Returning,2025-03-07
7555,Chennai,Android,New,2026-02-28
7556,Chennai,Android,Returning,2025-06-15
7557,Mumbai,iOS,New,2025-07-19
7558,Mumbai,Android,Returning,2025-07-03
7559,Chennai,Android,Returning,2025-01-31
7560,Chennai,Android,Returning,2026-05-22
7561,Bangalore,Android,New,2025-05-03
7562,Delhi,Android,Returning,2025-04-02
7563,Pune,Android,New,2026-02-18
7564,Hyderabad,Android,Returning,2026-02-01
7565,Chennai,iOS,New,2026-01-26
7566,Mumbai,Android,Returning,2026-05-01
7567,Mumbai,iOS,New,2025-12-18
7568,Bangalore,Android,New,2025-04-09
7569,Mumbai,Android,New,2025-12-30
7570,Bangalore,Android,Returning,2026-03-17
7571,Delhi,Android,Returning,2026-05-27
7572,Bangalore,Android,Returning,2025-07-08
7573,Mumbai,Android,Returning,2026-02-16
7574,Bangalore,Android,Returning,2025-08-21
7575,Bangalore,iOS,New,2025-03-25
7576,Delhi,Android,Returning,2026-04-08
7577,Bangalore,iOS,New,2026-06-21
7578,Pune,Android,Returning,2025-01-21
7579,Pune,Android,Returning,2025-03-04
7580,Chennai,Android,New,2025-03-02
7581,Delhi,Android,Returning,2026-01-18
7582,Delhi,Android,Returning,2025-06-22
7583,Delhi,Android,New,2025-01-13
7584,Hyderabad,Android,New,2025-12-01
7585,Delhi,Android,Returning,2025-11-10
7586,Delhi,Android,New,2026-01-19
7587,Mumbai,Android,New,2025-06-26
7588,Mumbai,iOS,Returning,2026-05-26
7589,Bangalore,Android,New,2025-08-12
7590,Chennai,Android,New,2025-04-10
7591,Pune,Android,New,2025-06-08
7592,Pune,Android,Returning,2026-01-19
7593,Hyderabad,Android,Returning,2025-07-01
7594,Pune,Android,Returning,2025-07-01
7595,Hyderabad,Android,Returning,2025-06-02
7596,Pune,iOS,New,2025-02-01
7597,Pune,Android,New,2025-02-09
7598,Bangalore,Android,Returning,2025-05-04
7599,Delhi,iOS,Returning,2025-10-26
7600,Chennai,Android,Returning,2025-12-24
7601,Pune,Android,Returning,2025-07-04
7602,Mumbai,Android,New,2026-06-15
7603,Hyderabad,Android,Returning,2025-04-13
7604,Pune,Android,Returning,2025-07-17
7605,Pune,Android,New,2025-06-08
7606,Hyderabad,iOS,Returning,2025-12-12
7607,Hyderabad,iOS,New,2026-02-03
7608,Chennai,Android,Returning,2025-04-30
7609,Bangalore,iOS,New,2025-03-09
7610,Bangalore,Android,Returning,2025-09-10
7611,Mumbai,iOS,Returning,2025-05-25
7612,Mumbai,iOS,Returning,2026-05-18
7613,Delhi,Android,New,2026-02-18
7614,Delhi,Android,New,2026-01-02
7615,Chennai,iOS,Returning,2026-05-07
7616,Pune,Android,Returning,2025-04-12
7617,Chennai,iOS,Returning,2025-04-04
7618,Pune,Android,Returning,2025-11-25
7619,Hyderabad,Android,Returning,2026-06-19
7620,Bangalore,Android,New,2025-07-25
7621,Mumbai,iOS,Returning,2025-11-25
7622,Mumbai,Android,Returning,2026-04-04
7623,Chennai,Android,New,2025-10-27
7624,Hyderabad,iOS,New,2026-03-13
7625,Hyderabad,Android,New,2026-03-22
7626,Hyderabad,Android,Returning,2025-03-26
7627,Hyderabad,Android,Returning,2025-01-25
7628,Bangalore,Android,Returning,2025-04-17
7629,Pune,Android,New,2026-05-11
7630,Bangalore,iOS,Returning,2026-02-03
7631,Bangalore,Android,Returning,2026-05-25
7632,Pune,Android,Returning,2025-02-26
7633,Mumbai,Android,New,2025-02-12
7634,Bangalore,Android,Returning,2025-04-02
7635,Chennai,Android,New,2025-06-27
7636,Chennai,Android,Returning,2025-11-18
7637,Pune,Android,Returning,2025-02-19
7638,Delhi,Android,Returning,2025-01-29
7639,Hyderabad,Android,Returning,2025-11-07
7640,Bangalore,Android,Returning,2025-07-12
7641,Chennai,iOS,Returning,2025-02-23
7642,Chennai,iOS,Returning,2026-03-21
7643,Pune,Android,Returning,2026-06-05
7644,Pune,Android,Returning,2025-07-02
7645,Chennai,Android,Returning,2026-01-15
7646,Mumbai,Android,Returning,2025-02-15
7647,Hyderabad,Android,Returning,2025-04-12
7648,Mumbai,Android,Returning,2025-07-10
7649,Delhi,iOS,New,2025-11-24
7650,Hyderabad,Android,Returning,2025-07-28
7651,Pune,iOS,Returning,2025-07-31
7652,Delhi,Android,Returning,2025-01-16
7653,Mumbai,Android,New,2026-01-26
7654,Bangalore,Android,Returning,2025-04-30
7655,Mumbai,iOS,New,2025-01-05
7656,Mumbai,iOS,Returning,2025-12-05
7657,Mumbai,Android,New,2026-02-04
7658,Hyderabad,Android,Returning,2026-01-16
7659,Mumbai,Android,New,2025-02-15
7660,Pune,Android,Returning,2025-05-26
7661,Pune,Android,Returning,2025-09-10
7662,Hyderabad,Android,Returning,2025-09-22
7663,Mumbai,Android,Returning,2025-11-14
7664,Hyderabad,Android,New,2025-10-07
7665,Hyderabad,iOS,Returning,2025-01-11
7666,Hyderabad,Android,Returning,2026-02-28
7667,Mumbai,Android,Returning,2025-10-12
7668,Bangalore,Android,Returning,2026-05-15
7669,Chennai,Android,New,2025-01-11
7670,Delhi,Android,New,2026-02-09
7671,Mumbai,Android,Returning,2026-04-05
7672,Delhi,Android,New,2025-08-17
7673,Delhi,Android,Returning,2025-04-28
7674,Hyderabad,Android,Returning,2025-06-12
7675,Mumbai,Android,Returning,2025-03-10
7676,Mumbai,Android,Returning,2025-12-02
7677,Chennai,Android,Returning,2025-09-20
7678,Bangalore,Android,Returning,2026-02-12
7679,Bangalore,Android,Returning,2025-10-21
7680,Delhi,Android,New,2025-09-25
7681,Hyderabad,iOS,New,2025-05-03
7682,Delhi,Android,New,2025-07-26
7683,Mumbai,iOS,New,2026-05-25
7684,Pune,iOS,Returning,2025-05-11
7685,Hyderabad,Android,Returning,2025-02-06
7686,Delhi,Android,Returning,2026-05-06
7687,Mumbai,Android,Returning,2025-04-25
7688,Hyderabad,Android,Returning,2025-02-08
7689,Delhi,iOS,Returning,2025-07-08
7690,Mumbai,iOS,New,2025-03-11
7691,Pune,iOS,New,2026-03-23
7692,Hyderabad,Android,Returning,2026-01-15
7693,Hyderabad,iOS,Returning,2025-05-27
7694,Chennai,Android,New,2025-02-12
7695,Mumbai,Android,Returning,2026-05-31
7696,Chennai,Android,Returning,2025-08-04
7697,Delhi,Android,Returning,2025-11-22
7698,Mumbai,iOS,Returning,2025-01-15
7699,Bangalore,Android,Returning,2025-12-16
7700,Bangalore,Android,Returning,2025-06-29
7701,Mumbai,Android,New,2026-04-19
7702,Hyderabad,iOS,New,2025-02-27
7703,Mumbai,iOS,New,2026-01-25
7704,Pune,Android,New,2025-10-26
7705,Mumbai,Android,New,2025-03-07
7706,Chennai,Android,Returning,2025-07-08
7707,Bangalore,iOS,New,2025-07-19
7708,Delhi,Android,Returning,2026-03-26
7709,Delhi,Android,Returning,2026-03-28
7710,Pune,Android,Returning,2025-09-09
7711,Pune,Android,Returning,2025-10-22
7712,Mumbai,Android,Returning,2025-06-14
7713,Delhi,iOS,Returning,2025-11-22
7714,Chennai,Android,New,2025-04-25
7715,Hyderabad,iOS,New,2025-03-08
7716,Pune,Android,Returning,2026-06-15
7717,Pune,Android,Returning,2025-01-18
7718,Chennai,Android,New,2025-06-23
7719,Bangalore,Android,New,2025-11-26
7720,Mumbai,Android,New,2025-02-09
7721,Chennai,iOS,New,2025-04-17
7722,Delhi,Android,Returning,2025-08-28
7723,Delhi,Android,New,2026-01-26
7724,Hyderabad,Android,New,2025-03-01
7725,Mumbai,Android,Returning,2025-05-03
7726,Pune,Android,New,2025-02-06
7727,Delhi,iOS,Returning,2025-03-17
7728,Pune,Android,Returning,2026-05-03
7729,Bangalore,iOS,New,2026-01-31
7730,Hyderabad,Android,Returning,2026-02-01
7731,Chennai,Android,Returning,2025-09-01
7732,Pune,Android,New,2026-05-18
7733,Bangalore,iOS,Returning,2025-09-14
7734,Hyderabad,iOS,Returning,2026-04-11
7735,Hyderabad,Android,Returning,2025-06-06
7736,Mumbai,Android,Returning,2026-01-04
7737,Bangalore,Android,New,2025-05-28
7738,Hyderabad,Android,New,2025-06-28
7739,Mumbai,Android,Returning,2025-09-21
7740,Chennai,iOS,New,2026-01-12
7741,Hyderabad,Android,New,2025-01-22
7742,Mumbai,Android,Returning,2025-11-04
7743,Hyderabad,Android,Returning,2025-02-13
7744,Chennai,iOS,New,2026-02-25
7745,Hyderabad,Android,Returning,2025-08-21
7746,Chennai,Android,New,2025-05-09
7747,Mumbai,Android,Returning,2025-12-28
7748,Hyderabad,Android,Returning,2026-02-20
7749,Hyderabad,Android,New,2026-03-04
7750,Hyderabad,Android,Returning,2026-04-09
7751,Hyderabad,iOS,Returning,2026-02-02
7752,Bangalore,Android,Returning,2026-01-08
7753,Chennai,Android,Returning,2025-11-30
7754,Mumbai,Android,Returning,2026-02-13
7755,Mumbai,Android,New,2025-07-30
7756,Chennai,Android,Returning,2025-08-11
7757,Pune,iOS,Returning,2025-07-15
7758,Chennai,Android,New,2025-07-19
7759,Hyderabad,Android,Returning,2026-01-08
7760,Bangalore,Android,Returning,2026-02-23
7761,Mumbai,Android,Returning,2025-11-11
7762,Mumbai,Android,Returning,2026-02-07
7763,Delhi,Android,New,2026-04-27
7764,Bangalore,Android,Returning,2026-04-09
7765,Delhi,Android,Returning,2026-02-27
7766,Mumbai,Android,Returning,2025-07-24
7767,Pune,iOS,New,2025-12-12
7768,Chennai,Android,Returning,2025-06-10
7769,Pune,Android,Returning,2026-01-29
7770,Mumbai,Android,Returning,2026-03-19
7771,Delhi,Android,New,2026-03-30
7772,Hyderabad,Android,Returning,2025-07-31
7773,Bangalore,Android,Returning,2025-06-26
7774,Chennai,Android,New,2025-06-09
7775,Pune,Android,Returning,2026-02-16
7776,Mumbai,Android,New,2025-07-22
7777,Bangalore,Android,New,2026-02-26
7778,Mumbai,Android,Returning,2026-04-25
7779,Hyderabad,iOS,Returning,2025-05-14
7780,Pune,iOS,Returning,2025-11-20
7781,Chennai,Android,New,2025-02-06
7782,Delhi,Android,New,2025-04-10
7783,Delhi,Android,New,2025-03-29
7784,Delhi,Android,New,2025-01-09
7785,Delhi,Android,Returning,2025-12-06
7786,Bangalore,iOS,Returning,2025-11-17
7787,Chennai,iOS,New,2025-07-27
7788,Mumbai,Android,Returning,2025-06-04
7789,Delhi,Android,Returning,2025-11-11
7790,Pune,Android,Returning,2026-01-07
7791,Pune,iOS,Returning,2025-11-20
7792,Hyderabad,Android,Returning,2026-04-03
7793,Chennai,Android,New,2025-12-13
7794,Bangalore,Android,Returning,2025-06-29
7795,Delhi,Android,New,2025-11-07
7796,Mumbai,Android,Returning,2025-06-13
7797,Hyderabad,Android,Returning,2025-06-17
7798,Pune,Android,New,2025-05-02
7799,Mumbai,Android,Returning,2026-02-24
7800,Chennai,Android,New,2026-04-26
7801,Chennai,Android,Returning,2025-10-15
7802,Delhi,Android,Returning,2025-09-13
7803,Hyderabad,Android,New,2025-05-31
7804,Delhi,Android,Returning,2025-04-10
7805,Hyderabad,Android,Returning,2025-05-19
7806,Hyderabad,Android,Returning,2026-04-30
7807,Mumbai,Android,Returning,2026-05-04
7808,Pune,iOS,New,2025-01-21
7809,Hyderabad,Android,Returning,2026-01-07
7810,Hyderabad,iOS,Returning,2025-07-06
7811,Hyderabad,Android,Returning,2025-01-21
7812,Bangalore,iOS,Returning,2025-12-19
7813,Bangalore,Android,New,2025-03-29
7814,Mumbai,Android,Returning,2025-03-12
7815,Pune,iOS,New,2025-05-19
7816,Chennai,Android,Returning,2025-11-04
7817,Mumbai,iOS,Returning,2026-02-08
7818,Chennai,Android,New,2025-04-24
7819,Chennai,Android,New,2025-07-21
7820,Bangalore,iOS,Returning,2025-11-25
7821,Bangalore,Android,Returning,2025-03-27
7822,Delhi,iOS,New,2026-05-22
7823,Mumbai,Android,Returning,2026-03-04
7824,Bangalore,iOS,Returning,2026-01-09
7825,Pune,Android,New,2025-07-16
7826,Pune,Android,New,2025-10-14
7827,Hyderabad,Android,New,2025-01-25
7828,Mumbai,Android,New,2025-11-23
7829,Chennai,Android,Returning,2025-02-23
7830,Chennai,Android,Returning,2025-09-02
7831,Bangalore,Android,New,2025-11-10
7832,Hyderabad,Android,Returning,2026-04-05
7833,Delhi,Android,Returning,2025-12-12
7834,Chennai,Android,New,2025-10-07
7835,Chennai,Android,New,2026-04-15
7836,Bangalore,Android,Returning,2025-03-24
7837,Mumbai,Android,Returning,2025-02-02
7838,Chennai,iOS,Returning,2025-01-11
7839,Bangalore,Android,Returning,2025-01-20
7840,Mumbai,iOS,New,2026-01-25
7841,Hyderabad,iOS,New,2026-04-27
7842,Delhi,Android,Returning,2026-02-02
7843,Chennai,Android,Returning,2025-10-04
7844,Bangalore,iOS,New,2026-01-20
7845,Pune,Android,Returning,2026-01-11
7846,Hyderabad,Android,Returning,2026-03-11
7847,Mumbai,Android,New,2025-12-17
7848,Chennai,Android,Returning,2025-12-21
7849,Pune,iOS,Returning,2025-09-25
7850,Hyderabad,Android,Returning,2025-07-17
7851,Bangalore,Android,New,2025-10-16
7852,Hyderabad,Android,New,2025-03-27
7853,Chennai,Android,Returning,2025-03-28
7854,Pune,Android,New,2025-11-23
7855,Delhi,Android,Returning,2025-04-27
7856,Delhi,Android,Returning,2025-05-12
7857,Delhi,Android,Returning,2025-09-06
7858,Bangalore,Android,Returning,2025-07-01
7859,Mumbai,Android,Returning,2025-03-08
7860,Delhi,Android,Returning,2025-08-31
7861,Delhi,Android,New,2025-03-19
7862,Chennai,Android,New,2025-01-14
7863,Pune,iOS,New,2025-12-16
7864,Mumbai,Android,Returning,2025-03-14
7865,Chennai,Android,New,2026-04-17
7866,Chennai,Android,Returning,2025-12-05
7867,Pune,iOS,Returning,2025-04-19
7868,Delhi,Android,Returning,2025-05-05
7869,Mumbai,Android,Returning,2025-05-23
7870,Mumbai,Android,Returning,2025-03-25
7871,Chennai,Android,Returning,2025-04-04
7872,Delhi,iOS,Returning,2025-04-04
7873,Chennai,Android,Returning,2026-03-20
7874,Mumbai,Android,New,2025-08-27
7875,Chennai,Android,New,2025-02-21
7876,Hyderabad,Android,Returning,2025-03-23
7877,Chennai,Android,Returning,2025-11-25
7878,Hyderabad,iOS,Returning,2025-07-17
7879,Chennai,Android,New,2025-07-22
7880,Pune,Android,New,2026-05-23
7881,Hyderabad,Android,New,2025-07-10
7882,Chennai,Android,New,2025-10-22
7883,Hyderabad,Android,New,2025-03-04
7884,Pune,Android,Returning,2025-07-09
7885,Delhi,Android,New,2025-01-07
7886,Mumbai,Android,New,2025-06-30
7887,Mumbai,Android,Returning,2025-09-27
7888,Chennai,iOS,Returning,2025-07-13
7889,Chennai,iOS,Returning,2025-05-07
7890,Mumbai,Android,Returning,2025-03-19
7891,Bangalore,Android,Returning,2025-07-11
7892,Mumbai,Android,Returning,2025-08-22
7893,Chennai,Android,Returning,2026-02-09
7894,Pune,Android,New,2025-10-31
7895,Pune,Android,Returning,2026-02-27
7896,Mumbai,Android,Returning,2025-10-20
7897,Bangalore,Android,Returning,2026-03-13
7898,Chennai,Android,New,2025-12-20
7899,Pune,Android,Returning,2025-09-04
7900,Chennai,Android,New,2025-01-08
7901,Bangalore,Android,New,2025-09-15
7902,Delhi,Android,Returning,2025-06-15
7903,Delhi,Android,New,2025-03-05
7904,Bangalore,Android,Returning,2026-05-21
7905,Pune,iOS,New,2025-03-03
7906,Delhi,Android,New,2026-03-17
7907,Delhi,Android,Returning,2026-04-02
7908,Bangalore,Android,Returning,2025-04-01
7909,Chennai,Android,Returning,2026-01-06
7910,Pune,Android,New,2025-03-09
7911,Chennai,Android,Returning,2025-09-26
7912,Hyderabad,Android,Returning,2025-11-23
7913,Chennai,Android,New,2026-01-02
7914,Bangalore,Android,Returning,2026-05-07
7915,Bangalore,Android,New,2026-05-27
7916,Bangalore,Android,New,2026-05-16
7917,Mumbai,Android,New,2025-07-14
7918,Delhi,iOS,Returning,2025-06-24
7919,Hyderabad,iOS,Returning,2025-12-28
7920,Hyderabad,iOS,Returning,2026-04-22
7921,Hyderabad,Android,Returning,2025-11-29
7922,Hyderabad,Android,Returning,2026-04-20
7923,Mumbai,Android,Returning,2026-04-09
7924,Chennai,Android,Returning,2025-05-26
7925,Hyderabad,Android,Returning,2026-01-30
7926,Mumbai,Android,Returning,2025-01-26
7927,Hyderabad,Android,Returning,2025-11-21
7928,Hyderabad,Android,New,2025-06-02
7929,Delhi,iOS,Returning,2026-01-10
7930,Chennai,Android,Returning,2026-03-21
7931,Mumbai,Android,Returning,2025-06-26
7932,Mumbai,Android,New,2025-07-08
7933,Delhi,Android,New,2025-04-08
7934,Hyderabad,Android,Returning,2026-02-05
7935,Bangalore,iOS,New,2025-06-03
7936,Mumbai,Android,New,2025-12-12
7937,Hyderabad,Android,Returning,2025-01-23
7938,Mumbai,Android,Returning,2026-02-06
7939,Pune,Android,New,2025-11-07
7940,Mumbai,Android,New,2025-10-12
7941,Hyderabad,Android,Returning,2025-07-14
7942,Hyderabad,Android,New,2026-05-27
7943,Mumbai,Android,New,2026-03-22
7944,Chennai,Android,New,2026-05-15
7945,Bangalore,Android,Returning,2025-03-03
7946,Delhi,Android,Returning,2025-04-19
7947,Chennai,iOS,Returning,2025-11-28
7948,Pune,Android,Returning,2026-05-04
7949,Mumbai,Android,Returning,2025-10-24
7950,Pune,Android,New,2025-08-29
7951,Mumbai,Android,New,2026-05-22
7952,Hyderabad,Android,New,2026-03-03
7953,Bangalore,Android,New,2025-01-14
7954,Bangalore,iOS,New,2025-06-12
7955,Chennai,Android,New,2025-11-15
7956,Pune,iOS,Returning,2026-03-16
7957,Pune,Android,New,2025-05-05
7958,Pune,iOS,Returning,2025-05-13
7959,Bangalore,Android,Returning,2025-10-16
7960,Chennai,iOS,Returning,2026-01-18
7961,Bangalore,iOS,Returning,2025-05-12
7962,Delhi,Android,Returning,2026-04-30
7963,Hyderabad,Android,Returning,2025-01-19
7964,Hyderabad,Android,Returning,2026-01-14
7965,Mumbai,Android,Returning,2025-09-10
7966,Chennai,Android,New,2025-12-01
7967,Bangalore,iOS,New,2025-08-28
7968,Bangalore,Android,New,2026-05-03
7969,Pune,Android,New,2025-12-15
7970,Chennai,Android,Returning,2025-12-06
7971,Mumbai,Android,New,2025-07-19
7972,Chennai,Android,New,2025-11-26
7973,Chennai,Android,Returning,2025-08-23
7974,Mumbai,Android,Returning,2025-08-31
7975,Pune,Android,Returning,2026-05-16
7976,Delhi,iOS,New,2026-04-27
7977,Pune,Android,New,2025-11-17
7978,Hyderabad,Android,Returning,2025-04-08
7979,Pune,Android,Returning,2025-06-01
7980,Delhi,Android,New,2025-11-26
7981,Hyderabad,Android,Returning,2026-05-18
7982,Delhi,Android,New,2025-09-30
7983,Hyderabad,Android,Returning,2026-04-06
7984,Bangalore,Android,Returning,2025-07-17
7985,Bangalore,Android,Returning,2025-05-27
7986,Hyderabad,iOS,New,2025-03-02
7987,Mumbai,iOS,Returning,2025-09-10
7988,Bangalore,Android,Returning,2025-01-04
7989,Pune,Android,Returning,2025-12-31
7990,Pune,Android,New,2026-05-10
7991,Bangalore,Android,Returning,2025-05-30
7992,Hyderabad,iOS,Returning,2025-11-24
7993,Pune,Android,New,2025-11-18
7994,Chennai,iOS,New,2025-07-24
7995,Pune,Android,Returning,2025-07-12
7996,Bangalore,Android,Returning,2025-05-04
7997,Chennai,iOS,Returning,2025-03-04
7998,Pune,iOS,New,2025-07-19
7999,Bangalore,Android,Returning,2026-06-01
8000,Hyderabad,Android,Returning,2025-09-12
8001,Chennai,Android,New,2026-03-10
8002,Bangalore,Android,New,2025-01-12
8003,Mumbai,iOS,New,2025-09-25
8004,Bangalore,Android,New,2025-05-28
8005,Delhi,Android,Returning,2025-01-26
8006,Delhi,Android,New,2026-03-08
8007,Hyderabad,Android,Returning,2026-01-13
8008,Hyderabad,Android,Returning,2025-06-01
8009,Pune,iOS,Returning,2026-01-27
8010,Pune,iOS,Returning,2025-06-10
8011,Bangalore,Android,Returning,2026-03-31
8012,Bangalore,Android,Returning,2025-04-21
8013,Bangalore,iOS,Returning,2026-04-12
8014,Chennai,Android,Returning,2025-07-22
8015,Bangalore,Android,Returning,2026-04-10
8016,Pune,Android,New,2025-06-16
8017,Bangalore,iOS,Returning,2025-05-12
8018,Delhi,Android,Returning,2025-01-18
8019,Bangalore,Android,Returning,2025-02-23
8020,Bangalore,Android,Returning,2026-05-04
8021,Bangalore,Android,Returning,2025-05-26
8022,Pune,Android,Returning,2026-01-20
8023,Chennai,Android,Returning,2025-01-27
8024,Chennai,iOS,New,2026-03-21
8025,Hyderabad,Android,Returning,2025-11-28
8026,Bangalore,Android,Returning,2025-07-02
8027,Chennai,Android,Returning,2025-02-05
8028,Bangalore,iOS,Returning,2025-10-17
8029,Pune,Android,Returning,2025-02-10
8030,Chennai,Android,New,2025-02-27
8031,Hyderabad,Android,New,2025-05-16
8032,Delhi,Android,New,2025-03-07
8033,Mumbai,Android,Returning,2025-05-24
8034,Pune,Android,New,2025-04-15
8035,Chennai,Android,New,2025-06-17
8036,Delhi,Android,Returning,2025-08-29
8037,Bangalore,iOS,Returning,2026-01-04
8038,Delhi,iOS,New,2025-12-13
8039,Bangalore,Android,New,2026-02-27
8040,Hyderabad,Android,New,2025-03-13
8041,Pune,Android,New,2026-02-15
8042,Pune,Android,Returning,2025-03-05
8043,Chennai,Android,Returning,2026-03-03
8044,Chennai,Android,Returning,2026-02-10
8045,Pune,Android,Returning,2025-06-08
8046,Mumbai,Android,Returning,2025-04-02
8047,Mumbai,Android,Returning,2026-04-05
8048,Bangalore,iOS,Returning,2025-04-29
8049,Mumbai,Android,Returning,2025-08-21
8050,Chennai,Android,Returning,2025-02-27
8051,Delhi,Android,New,2025-01-25
8052,Hyderabad,Android,New,2025-08-19
8053,Delhi,Android,New,2025-02-13
8054,Mumbai,Android,Returning,2025-08-13
8055,Mumbai,Android,New,2025-06-06
8056,Bangalore,Android,New,2026-05-28
8057,Hyderabad,Android,Returning,2025-11-27
8058,Delhi,iOS,Returning,2026-02-10
8059,Bangalore,iOS,New,2026-06-07
8060,Delhi,Android,New,2026-05-20
8061,Pune,iOS,Returning,2026-03-01
8062,Delhi,Android,Returning,2025-03-11
8063,Pune,Android,Returning,2025-07-24
8064,Mumbai,iOS,Returning,2025-02-06
8065,Pune,iOS,Returning,2025-08-24
8066,Delhi,Android,Returning,2026-05-19
8067,Chennai,iOS,New,2025-12-24
8068,Pune,Android,Returning,2025-03-24
8069,Pune,Android,Returning,2026-01-12
8070,Hyderabad,iOS,New,2025-06-18
8071,Mumbai,Android,New,2025-08-06
8072,Chennai,iOS,Returning,2025-01-08
8073,Bangalore,Android,New,2025-10-16
8074,Pune,Android,Returning,2026-01-19
8075,Mumbai,Android,Returning,2026-02-02
8076,Pune,iOS,Returning,2025-07-26
8077,Bangalore,Android,New,2025-09-20
8078,Bangalore,Android,Returning,2025-07-20
8079,Hyderabad,Android,New,2025-09-24
8080,Chennai,Android,New,2025-05-03
8081,Hyderabad,Android,Returning,2025-10-20
8082,Hyderabad,Android,Returning,2025-01-30
8083,Hyderabad,Android,Returning,2026-06-09
8084,Mumbai,Android,Returning,2025-07-29
8085,Delhi,Android,Returning,2025-04-26
8086,Delhi,Android,Returning,2026-02-01
8087,Mumbai,iOS,Returning,2025-07-30
8088,Chennai,iOS,New,2025-11-02
8089,Pune,Android,Returning,2025-08-08
8090,Bangalore,Android,New,2025-11-07
8091,Delhi,iOS,Returning,2026-04-20
8092,Pune,Android,New,2025-08-24
8093,Mumbai,Android,Returning,2025-09-16
8094,Delhi,Android,Returning,2026-06-08
8095,Delhi,Android,Returning,2025-11-14
8096,Mumbai,Android,New,2025-08-10
8097,Mumbai,iOS,Returning,2025-12-08
8098,Chennai,iOS,Returning,2026-05-27
8099,Chennai,Android,New,2026-02-02
8100,Hyderabad,Android,Returning,2025-12-02
8101,Pune,Android,Returning,2026-02-05
8102,Hyderabad,Android,Returning,2025-06-19
8103,Pune,iOS,New,2026-05-07
8104,Chennai,iOS,New,2025-10-20
8105,Delhi,Android,New,2025-09-12
8106,Delhi,iOS,New,2025-04-20
8107,Pune,Android,Returning,2025-02-01
8108,Delhi,Android,Returning,2025-02-21
8109,Delhi,Android,Returning,2025-10-08
8110,Hyderabad,iOS,Returning,2025-11-07
8111,Chennai,iOS,Returning,2026-01-26
8112,Delhi,Android,Returning,2025-06-13
8113,Bangalore,Android,Returning,2025-02-24
8114,Chennai,Android,Returning,2025-08-09
8115,Hyderabad,Android,Returning,2025-07-15
8116,Delhi,Android,New,2026-01-17
8117,Hyderabad,Android,New,2025-10-14
8118,Bangalore,Android,Returning,2025-01-23
8119,Delhi,Android,Returning,2025-02-05
8120,Mumbai,Android,Returning,2025-11-06
8121,Hyderabad,Android,Returning,2025-09-27
8122,Delhi,Android,New,2025-07-29
8123,Hyderabad,Android,Returning,2025-02-01
8124,Delhi,Android,Returning,2025-06-28
8125,Delhi,Android,New,2025-04-26
8126,Hyderabad,Android,Returning,2025-08-29
8127,Bangalore,Android,New,2025-10-07
8128,Chennai,Android,Returning,2025-01-24
8129,Delhi,Android,New,2026-05-07
8130,Mumbai,Android,Returning,2025-06-06
8131,Hyderabad,Android,Returning,2025-03-08
8132,Delhi,iOS,Returning,2026-01-22
8133,Hyderabad,Android,Returning,2025-02-08
8134,Hyderabad,iOS,Returning,2026-03-19
8135,Mumbai,Android,New,2026-02-27
8136,Pune,Android,Returning,2025-01-14
8137,Chennai,iOS,Returning,2025-02-15
8138,Bangalore,Android,New,2025-03-06
8139,Chennai,Android,Returning,2025-10-16
8140,Mumbai,Android,Returning,2026-05-06
8141,Delhi,Android,Returning,2025-10-01
8142,Mumbai,iOS,Returning,2025-10-06
8143,Chennai,Android,Returning,2025-08-29
8144,Delhi,iOS,Returning,2026-04-04
8145,Pune,Android,New,2025-02-15
8146,Pune,Android,New,2026-03-22
8147,Mumbai,iOS,Returning,2026-05-16
8148,Bangalore,Android,New,2025-02-18
8149,Delhi,Android,Returning,2026-01-08
8150,Hyderabad,Android,Returning,2026-01-12
8151,Pune,Android,Returning,2026-04-29
8152,Bangalore,Android,New,2025-06-17
8153,Chennai,Android,Returning,2026-01-16
8154,Bangalore,Android,New,2025-05-30
8155,Hyderabad,Android,Returning,2025-12-22
8156,Pune,Android,Returning,2025-06-28
8157,Bangalore,Android,New,2026-02-16
8158,Bangalore,Android,Returning,2026-04-24
8159,Mumbai,Android,Returning,2025-10-27
8160,Chennai,Android,Returning,2026-05-22
8161,Bangalore,iOS,Returning,2026-02-22
8162,Delhi,iOS,Returning,2026-03-19
8163,Mumbai,iOS,New,2025-09-17
8164,Bangalore,Android,New,2025-12-07
8165,Hyderabad,Android,Returning,2026-04-23
8166,Delhi,Android,Returning,2025-06-18
8167,Pune,Android,Returning,2025-12-18
8168,Pune,Android,Returning,2025-05-29
8169,Pune,Android,New,2025-12-16
8170,Pune,Android,Returning,2025-06-13
8171,Mumbai,Android,Returning,2025-05-23
8172,Delhi,Android,Returning,2026-02-10
8173,Delhi,Android,Returning,2026-03-06
8174,Pune,Android,New,2026-05-29
8175,Pune,Android,New,2025-02-12
8176,Pune,Android,Returning,2025-04-17
8177,Bangalore,Android,Returning,2025-01-05
8178,Chennai,Android,Returning,2025-06-18
8179,Chennai,Android,Returning,2025-08-21
8180,Hyderabad,Android,Returning,2025-12-09
8181,Bangalore,Android,New,2025-04-30
8182,Pune,iOS,Returning,2026-01-18
8183,Pune,Android,Returning,2026-02-09
8184,Mumbai,Android,New,2026-02-07
8185,Chennai,Android,New,2025-12-26
8186,Chennai,Android,Returning,2026-02-22
8187,Mumbai,Android,Returning,2025-04-19
8188,Mumbai,Android,New,2026-04-10
8189,Chennai,Android,Returning,2025-07-12
8190,Pune,Android,Returning,2025-01-01
8191,Hyderabad,Android,Returning,2025-04-21
8192,Delhi,Android,Returning,2025-05-28
8193,Mumbai,iOS,New,2025-11-10
8194,Bangalore,Android,Returning,2026-02-20
8195,Pune,Android,New,2025-08-03
8196,Mumbai,Android,New,2025-04-09
8197,Delhi,Android,New,2025-01-25
8198,Bangalore,Android,Returning,2025-02-01
8199,Mumbai,Android,Returning,2025-05-04
8200,Chennai,Android,Returning,2025-07-10
8201,Delhi,Android,Returning,2025-03-15
8202,Hyderabad,Android,Returning,2025-09-17
8203,Hyderabad,iOS,Returning,2025-05-02
8204,Chennai,Android,New,2026-01-02
8205,Delhi,Android,Returning,2026-02-17
8206,Bangalore,Android,Returning,2025-11-04
8207,Bangalore,Android,Returning,2026-02-02
8208,Bangalore,Android,Returning,2025-08-02
8209,Pune,iOS,Returning,2026-03-15
8210,Chennai,Android,New,2026-05-05
8211,Chennai,Android,New,2025-02-12
8212,Delhi,Android,Returning,2026-05-19
8213,Bangalore,Android,Returning,2026-05-27
8214,Delhi,Android,Returning,2025-12-26
8215,Chennai,Android,Returning,2025-09-19
8216,Hyderabad,Android,Returning,2026-04-30
8217,Hyderabad,iOS,New,2025-04-11
8218,Chennai,Android,Returning,2025-12-26
8219,Delhi,Android,Returning,2026-05-18
8220,Delhi,Android,Returning,2026-01-25
8221,Delhi,Android,New,2026-05-15
8222,Bangalore,Android,Returning,2026-05-02
8223,Delhi,Android,Returning,2025-04-05
8224,Chennai,iOS,Returning,2025-09-09
8225,Hyderabad,iOS,Returning,2025-04-07
8226,Chennai,iOS,New,2026-01-24
8227,Mumbai,Android,Returning,2025-12-12
8228,Delhi,Android,Returning,2026-04-26
8229,Bangalore,Android,Returning,2025-11-27
8230,Mumbai,Android,Returning,2026-04-08
8231,Delhi,Android,Returning,2026-02-25
8232,Chennai,Android,Returning,2025-01-11
8233,Pune,Android,New,2025-05-12
8234,Pune,Android,New,2025-01-29
8235,Delhi,Android,New,2026-04-01
8236,Mumbai,Android,Returning,2026-05-30
8237,Bangalore,Android,Returning,2026-04-20
8238,Pune,iOS,New,2026-02-02
8239,Bangalore,Android,New,2025-02-19
8240,Chennai,Android,Returning,2025-05-01
8241,Hyderabad,Android,Returning,2026-06-14
8242,Hyderabad,Android,Returning,2025-06-28
8243,Mumbai,Android,Returning,2025-10-28
8244,Bangalore,iOS,Returning,2025-02-10
8245,Hyderabad,iOS,New,2025-12-06
8246,Chennai,Android,New,2025-04-23
8247,Delhi,Android,New,2025-06-08
8248,Hyderabad,Android,Returning,2025-07-23
8249,Mumbai,Android,New,2026-05-13
8250,Hyderabad,Android,Returning,2025-01-06
8251,Hyderabad,Android,Returning,2025-06-30
8252,Bangalore,Android,Returning,2025-02-14
8253,Mumbai,Android,Returning,2025-07-07
8254,Chennai,Android,Returning,2025-12-15
8255,Mumbai,Android,New,2026-05-21
8256,Chennai,iOS,Returning,2026-04-01
8257,Delhi,Android,Returning,2025-04-29
8258,Mumbai,iOS,Returning,2025-06-18
8259,Chennai,Android,Returning,2025-05-16
8260,Hyderabad,Android,New,2025-01-25
8261,Bangalore,Android,Returning,2026-05-24
8262,Delhi,iOS,Returning,2026-03-17
8263,Chennai,Android,Returning,2026-06-22
8264,Chennai,Android,Returning,2026-01-13
8265,Hyderabad,Android,Returning,2025-04-19
8266,Delhi,Android,Returning,2026-05-01
8267,Hyderabad,Android,New,2025-10-13
8268,Delhi,Android,Returning,2026-03-09
8269,Delhi,Android,Returning,2025-03-08
8270,Chennai,Android,Returning,2025-09-27
8271,Hyderabad,Android,Returning,2026-01-02
8272,Pune,Android,Returning,2026-02-15
8273,Mumbai,Android,Returning,2025-09-07
8274,Delhi,iOS,New,2025-05-04
8275,Delhi,Android,New,2025-06-15
8276,Chennai,Android,Returning,2025-07-11
8277,Hyderabad,Android,Returning,2025-07-21
8278,Pune,iOS,New,2026-01-18
8279,Hyderabad,Android,Returning,2025-09-27
8280,Chennai,iOS,Returning,2025-03-10
8281,Pune,Android,Returning,2025-07-09
8282,Delhi,Android,Returning,2026-02-28
8283,Mumbai,iOS,Returning,2025-02-10
8284,Mumbai,Android,Returning,2025-07-27
8285,Mumbai,iOS,New,2025-11-04
8286,Delhi,Android,New,2026-02-05
8287,Delhi,iOS,Returning,2026-01-16
8288,Delhi,Android,Returning,2026-06-07
8289,Pune,Android,Returning,2025-04-26
8290,Pune,Android,Returning,2025-09-30
8291,Bangalore,Android,Returning,2025-01-10
8292,Bangalore,Android,Returning,2025-05-21
8293,Hyderabad,Android,Returning,2025-09-07
8294,Mumbai,Android,New,2025-08-07
8295,Hyderabad,Android,Returning,2026-05-02
8296,Mumbai,Android,Returning,2026-05-06
8297,Mumbai,Android,Returning,2025-04-12
8298,Pune,Android,New,2026-02-02
8299,Mumbai,Android,Returning,2025-03-14
8300,Pune,Android,Returning,2025-05-11
8301,Delhi,Android,Returning,2025-05-29
8302,Pune,Android,Returning,2026-05-05
8303,Pune,Android,Returning,2025-03-16
8304,Mumbai,Android,Returning,2025-06-18
8305,Chennai,Android,Returning,2026-02-28
8306,Mumbai,Android,Returning,2026-01-06
8307,Hyderabad,Android,New,2025-09-26
8308,Hyderabad,Android,New,2025-03-03
8309,Bangalore,Android,New,2025-02-13
8310,Delhi,Android,Returning,2026-02-09
8311,Chennai,Android,Returning,2025-07-17
8312,Hyderabad,Android,Returning,2026-01-18
8313,Pune,Android,Returning,2026-04-06
8314,Chennai,Android,Returning,2025-08-19
8315,Hyderabad,Android,New,2025-05-11
8316,Hyderabad,Android,Returning,2026-06-06
8317,Mumbai,Android,New,2025-06-11
8318,Bangalore,Android,Returning,2026-06-18
8319,Delhi,iOS,New,2026-05-25
8320,Pune,Android,Returning,2026-03-20
8321,Hyderabad,Android,New,2025-02-01
8322,Pune,iOS,Returning,2025-03-09
8323,Chennai,Android,Returning,2025-03-28
8324,Chennai,iOS,Returning,2025-05-30
8325,Bangalore,Android,New,2025-02-10
8326,Hyderabad,Android,New,2025-10-12
8327,Hyderabad,Android,Returning,2025-10-15
8328,Bangalore,iOS,Returning,2025-12-16
8329,Bangalore,Android,New,2025-12-01
8330,Pune,Android,New,2026-04-27
8331,Hyderabad,Android,New,2026-05-15
8332,Hyderabad,iOS,Returning,2025-05-21
8333,Delhi,Android,New,2025-12-12
8334,Bangalore,Android,Returning,2026-05-17
8335,Pune,Android,New,2026-06-14
8336,Bangalore,Android,New,2025-03-06
8337,Bangalore,iOS,Returning,2025-10-02
8338,Pune,Android,Returning,2025-10-23
8339,Mumbai,Android,New,2026-06-10
8340,Bangalore,Android,Returning,2025-11-17
8341,Pune,iOS,Returning,2025-09-03
8342,Bangalore,Android,Returning,2025-07-15
8343,Mumbai,Android,New,2025-11-10
8344,Pune,Android,Returning,2025-12-10
8345,Bangalore,Android,Returning,2026-02-26
8346,Pune,Android,New,2025-09-28
8347,Chennai,Android,New,2026-03-11
8348,Pune,Android,Returning,2025-07-12
8349,Chennai,Android,Returning,2025-05-23
8350,Mumbai,Android,New,2025-10-30
8351,Chennai,iOS,New,2026-01-06
8352,Mumbai,Android,Returning,2025-11-25
8353,Pune,Android,New,2026-04-19
8354,Mumbai,iOS,Returning,2026-06-17
8355,Chennai,Android,Returning,2025-05-01
8356,Chennai,Android,New,2025-10-26
8357,Mumbai,Android,Returning,2025-09-10
8358,Mumbai,iOS,Returning,2025-12-12
8359,Bangalore,Android,New,2026-05-24
8360,Hyderabad,Android,Returning,2025-09-09
8361,Chennai,Android,Returning,2026-05-11
8362,Pune,Android,Returning,2025-10-05
8363,Pune,Android,Returning,2026-04-16
8364,Mumbai,Android,New,2025-12-16
8365,Pune,Android,Returning,2025-09-18
8366,Bangalore,Android,New,2025-03-15
8367,Hyderabad,Android,Returning,2025-05-08
8368,Delhi,iOS,Returning,2026-02-07
8369,Mumbai,Android,Returning,2025-03-10
8370,Hyderabad,iOS,Returning,2025-09-18
8371,Pune,Android,Returning,2026-04-11
8372,Pune,Android,Returning,2025-10-11
8373,Mumbai,Android,Returning,2026-03-07
8374,Delhi,iOS,New,2025-09-30
8375,Chennai,Android,New,2026-03-14
8376,Pune,iOS,Returning,2026-05-17
8377,Hyderabad,Android,Returning,2025-04-21
8378,Hyderabad,Android,Returning,2026-03-24
8379,Delhi,Android,Returning,2025-11-17
8380,Mumbai,Android,Returning,2025-05-24
8381,Bangalore,Android,Returning,2025-05-06
8382,Delhi,Android,Returning,2025-02-25
8383,Bangalore,iOS,New,2025-03-13
8384,Pune,Android,New,2025-04-21
8385,Mumbai,Android,Returning,2025-10-02
8386,Chennai,iOS,Returning,2025-04-09
8387,Mumbai,Android,Returning,2026-03-10
8388,Chennai,Android,Returning,2025-02-10
8389,Delhi,Android,Returning,2025-03-03
8390,Bangalore,Android,New,2025-04-25
8391,Bangalore,Android,Returning,2025-10-11
8392,Mumbai,Android,Returning,2026-03-17
8393,Mumbai,Android,Returning,2025-08-25
8394,Pune,Android,Returning,2025-10-01
8395,Mumbai,iOS,Returning,2025-12-29
8396,Delhi,Android,New,2025-06-05
8397,Mumbai,iOS,Returning,2025-11-21
8398,Hyderabad,Android,New,2025-06-25
8399,Pune,Android,New,2025-07-28
8400,Mumbai,Android,Returning,2025-01-18
8401,Pune,Android,Returning,2025-04-04
8402,Hyderabad,iOS,Returning,2025-10-04
8403,Delhi,iOS,Returning,2025-05-08
8404,Hyderabad,Android,Returning,2025-09-10
8405,Mumbai,Android,New,2025-08-15
8406,Pune,Android,Returning,2026-04-16
8407,Mumbai,iOS,Returning,2025-06-19
8408,Bangalore,Android,New,2025-08-14
8409,Delhi,Android,New,2025-04-20
8410,Chennai,Android,Returning,2025-09-02
8411,Hyderabad,Android,Returning,2025-11-12
8412,Hyderabad,Android,New,2026-01-31
8413,Mumbai,Android,New,2025-08-07
8414,Delhi,Android,New,2025-04-13
8415,Chennai,Android,Returning,2026-02-23
8416,Hyderabad,Android,New,2026-03-31
8417,Chennai,Android,Returning,2025-06-03
8418,Pune,Android,New,2026-01-29
8419,Delhi,Android,Returning,2026-01-25
8420,Mumbai,Android,Returning,2025-10-06
8421,Hyderabad,iOS,Returning,2026-05-19
8422,Bangalore,iOS,Returning,2026-06-21
8423,Delhi,Android,Returning,2025-11-26
8424,Pune,iOS,Returning,2026-05-27
8425,Hyderabad,Android,Returning,2026-02-02
8426,Bangalore,iOS,New,2025-07-30
8427,Chennai,Android,Returning,2025-05-28
8428,Pune,Android,Returning,2025-03-21
8429,Mumbai,Android,New,2026-01-22
8430,Mumbai,iOS,New,2026-02-18
8431,Bangalore,Android,New,2025-08-12
8432,Hyderabad,Android,Returning,2025-12-28
8433,Mumbai,Android,Returning,2025-10-08
8434,Mumbai,iOS,New,2025-10-25
8435,Pune,Android,Returning,2026-01-24
8436,Delhi,Android,Returning,2026-04-26
8437,Chennai,Android,Returning,2025-09-07
8438,Hyderabad,Android,Returning,2025-03-08
8439,Hyderabad,Android,Returning,2025-01-23
8440,Bangalore,Android,New,2025-12-20
8441,Delhi,Android,Returning,2026-01-26
8442,Hyderabad,Android,Returning,2026-05-18
8443,Hyderabad,Android,Returning,2026-04-02
8444,Hyderabad,iOS,Returning,2025-04-02
8445,Bangalore,Android,New,2025-09-19
8446,Bangalore,Android,Returning,2025-08-23
8447,Bangalore,Android,Returning,2026-01-11
8448,Mumbai,Android,Returning,2026-05-06
8449,Mumbai,Android,Returning,2025-06-22
8450,Pune,iOS,Returning,2026-06-14
8451,Delhi,Android,New,2025-07-20
8452,Bangalore,Android,Returning,2026-01-26
8453,Mumbai,Android,Returning,2025-02-19
8454,Chennai,Android,New,2025-04-03
8455,Delhi,iOS,New,2025-06-12
8456,Bangalore,iOS,Returning,2025-02-21
8457,Pune,iOS,New,2025-03-23
8458,Hyderabad,Android,Returning,2025-09-19
8459,Bangalore,Android,New,2025-06-02
8460,Hyderabad,iOS,Returning,2025-05-26
8461,Mumbai,Android,New,2025-10-13
8462,Hyderabad,Android,Returning,2025-08-23
8463,Mumbai,Android,Returning,2025-11-16
8464,Delhi,Android,New,2026-06-18
8465,Delhi,Android,Returning,2025-08-26
8466,Pune,Android,New,2025-02-23
8467,Bangalore,Android,New,2025-06-30
8468,Hyderabad,Android,Returning,2026-04-27
8469,Mumbai,Android,New,2025-06-21
8470,Mumbai,iOS,Returning,2025-01-18
8471,Delhi,Android,New,2025-03-20
8472,Bangalore,Android,Returning,2025-04-14
8473,Pune,Android,New,2025-07-03
8474,Hyderabad,iOS,Returning,2025-05-08
8475,Chennai,Android,New,2026-01-13
8476,Mumbai,iOS,New,2025-07-03
8477,Mumbai,Android,Returning,2025-07-11
8478,Bangalore,iOS,Returning,2025-01-09
8479,Bangalore,Android,New,2025-06-25
8480,Delhi,iOS,Returning,2026-06-10
8481,Pune,Android,Returning,2026-05-28
8482,Hyderabad,Android,Returning,2025-02-28
8483,Mumbai,iOS,Returning,2025-05-19
8484,Hyderabad,Android,New,2025-02-19
8485,Mumbai,Android,Returning,2025-06-09
8486,Pune,Android,Returning,2025-09-05
8487,Pune,Android,Returning,2026-01-12
8488,Hyderabad,Android,Returning,2025-10-13
8489,Hyderabad,Android,Returning,2025-09-09
8490,Chennai,Android,Returning,2025-06-29
8491,Chennai,Android,Returning,2025-04-23
8492,Mumbai,iOS,Returning,2025-09-12
8493,Delhi,Android,New,2025-02-13
8494,Mumbai,Android,New,2026-01-22
8495,Bangalore,iOS,Returning,2025-01-01
8496,Pune,Android,Returning,2026-04-17
8497,Chennai,Android,New,2026-05-17
8498,Pune,Android,New,2026-02-09
8499,Pune,Android,Returning,2026-02-18
8500,Chennai,Android,New,2026-04-23
8501,Bangalore,iOS,Returning,2026-06-17
8502,Bangalore,iOS,Returning,2026-02-19
8503,Hyderabad,iOS,Returning,2026-06-21
8504,Pune,Android,Returning,2025-06-20
8505,Mumbai,iOS,Returning,2026-05-27
8506,Mumbai,iOS,Returning,2025-02-07
8507,Pune,Android,New,2025-03-17
8508,Bangalore,Android,Returning,2026-01-12
8509,Pune,Android,New,2025-04-29
8510,Hyderabad,Android,Returning,2026-02-27
8511,Bangalore,Android,New,2026-01-20
8512,Delhi,Android,New,2026-01-18
8513,Hyderabad,Android,New,2025-11-19
8514,Delhi,iOS,Returning,2025-07-23
8515,Hyderabad,Android,New,2025-08-09
8516,Hyderabad,Android,Returning,2025-05-31
8517,Chennai,Android,Returning,2025-05-24
8518,Hyderabad,Android,Returning,2025-11-06
8519,Mumbai,Android,New,2025-09-08
8520,Mumbai,iOS,Returning,2025-01-17
8521,Bangalore,Android,Returning,2026-03-26
8522,Hyderabad,Android,Returning,2026-05-14
8523,Chennai,Android,Returning,2026-04-23
8524,Bangalore,Android,Returning,2026-04-22
8525,Hyderabad,Android,New,2025-07-29
8526,Hyderabad,Android,New,2025-05-14
8527,Mumbai,Android,New,2025-02-22
8528,Chennai,Android,New,2025-05-30
8529,Bangalore,Android,Returning,2025-04-14
8530,Delhi,Android,New,2026-01-19
8531,Hyderabad,Android,Returning,2025-12-25
8532,Chennai,iOS,New,2026-01-31
8533,Delhi,iOS,Returning,2026-03-20
8534,Bangalore,Android,Returning,2025-10-29
8535,Pune,Android,Returning,2026-06-09
8536,Delhi,Android,Returning,2026-05-04
8537,Delhi,Android,New,2026-05-06
8538,Bangalore,Android,New,2025-12-27
8539,Bangalore,Android,Returning,2025-07-18
8540,Mumbai,Android,Returning,2026-06-03
8541,Delhi,Android,Returning,2025-01-12
8542,Chennai,Android,Returning,2025-05-30
8543,Delhi,Android,Returning,2025-10-04
8544,Pune,Android,New,2025-01-26
8545,Chennai,Android,Returning,2025-08-12
8546,Bangalore,Android,Returning,2026-06-18
8547,Hyderabad,iOS,New,2025-01-25
8548,Bangalore,iOS,Returning,2026-02-18
8549,Bangalore,Android,New,2026-04-17
8550,Bangalore,Android,New,2025-12-01
8551,Delhi,iOS,Returning,2026-01-12
8552,Pune,Android,Returning,2026-06-14
8553,Hyderabad,Android,Returning,2025-05-07
8554,Hyderabad,Android,Returning,2026-05-15
8555,Delhi,Android,Returning,2026-06-11
8556,Delhi,Android,Returning,2026-06-03
8557,Hyderabad,Android,Returning,2025-06-07
8558,Chennai,Android,Returning,2025-12-05
8559,Chennai,Android,New,2026-03-27
8560,Mumbai,Android,New,2025-10-01
8561,Mumbai,Android,Returning,2025-05-26
8562,Pune,Android,Returning,2025-04-06
8563,Bangalore,Android,Returning,2026-01-29
8564,Mumbai,Android,New,2026-02-08
8565,Delhi,Android,Returning,2025-02-12
8566,Delhi,Android,New,2025-11-07
8567,Mumbai,Android,New,2025-05-17
8568,Pune,iOS,Returning,2026-03-05
8569,Hyderabad,Android,Returning,2025-07-18
8570,Hyderabad,iOS,Returning,2025-06-05
8571,Mumbai,Android,Returning,2025-09-19
8572,Delhi,Android,Returning,2025-01-01
8573,Delhi,iOS,Returning,2025-06-17
8574,Chennai,Android,New,2025-09-29
8575,Delhi,Android,New,2026-05-10
8576,Hyderabad,Android,Returning,2025-08-13
8577,Chennai,iOS,Returning,2025-06-19
8578,Delhi,Android,New,2026-05-21
8579,Chennai,iOS,Returning,2025-03-23
8580,Bangalore,Android,New,2026-04-16
8581,Hyderabad,Android,Returning,2026-01-17
8582,Pune,Android,Returning,2025-09-22
8583,Chennai,iOS,Returning,2025-12-05
8584,Pune,Android,Returning,2025-12-01
8585,Chennai,iOS,New,2025-06-09
8586,Chennai,Android,New,2026-06-17
8587,Pune,Android,New,2025-10-13
8588,Mumbai,Android,Returning,2025-09-09
8589,Hyderabad,Android,New,2025-01-23
8590,Bangalore,Android,Returning,2026-05-10
8591,Pune,iOS,Returning,2025-12-03
8592,Hyderabad,Android,New,2025-11-04
8593,Delhi,Android,New,2026-02-19
8594,Bangalore,Android,Returning,2025-11-04
8595,Mumbai,Android,New,2025-04-20
8596,Mumbai,Android,Returning,2025-08-17
8597,Hyderabad,Android,Returning,2025-09-12
8598,Delhi,Android,Returning,2025-06-06
8599,Bangalore,Android,Returning,2026-06-02
8600,Chennai,Android,Returning,2026-02-27
8601,Hyderabad,Android,Returning,2026-02-14
8602,Bangalore,Android,Returning,2025-12-06
8603,Mumbai,Android,Returning,2025-03-25
8604,Pune,Android,Returning,2025-06-16
8605,Chennai,Android,Returning,2026-05-08
8606,Bangalore,Android,New,2025-03-09
8607,Hyderabad,Android,New,2025-02-28
8608,Hyderabad,Android,Returning,2026-02-20
8609,Hyderabad,Android,Returning,2025-06-07
8610,Delhi,Android,Returning,2026-04-30
8611,Bangalore,Android,Returning,2025-12-08
8612,Bangalore,iOS,Returning,2025-05-02
8613,Hyderabad,iOS,New,2025-08-30
8614,Hyderabad,Android,Returning,2026-05-19
8615,Hyderabad,Android,New,2025-08-08
8616,Mumbai,Android,Returning,2026-03-17
8617,Mumbai,Android,Returning,2025-10-21
8618,Bangalore,Android,Returning,2025-06-18
8619,Pune,Android,Returning,2025-06-13
8620,Pune,Android,Returning,2025-12-01
8621,Delhi,Android,Returning,2026-01-21
8622,Delhi,Android,New,2025-04-14
8623,Chennai,Android,Returning,2025-03-26
8624,Mumbai,Android,Returning,2025-01-09
8625,Hyderabad,iOS,Returning,2026-03-15
8626,Chennai,Android,Returning,2025-04-05
8627,Delhi,Android,New,2025-06-05
8628,Hyderabad,Android,Returning,2025-01-03
8629,Delhi,Android,Returning,2025-07-01
8630,Bangalore,iOS,Returning,2025-05-17
8631,Chennai,Android,Returning,2026-01-11
8632,Chennai,Android,Returning,2026-01-01
8633,Delhi,iOS,New,2025-03-31
8634,Bangalore,Android,Returning,2025-06-19
8635,Delhi,Android,Returning,2025-12-05
8636,Pune,Android,Returning,2025-02-09
8637,Delhi,Android,Returning,2025-03-26
8638,Mumbai,Android,Returning,2025-01-01
8639,Hyderabad,Android,Returning,2025-06-24
8640,Delhi,Android,New,2026-05-18
8641,Pune,Android,Returning,2025-10-01
8642,Pune,Android,Returning,2025-10-26
8643,Delhi,Android,Returning,2026-06-23
8644,Mumbai,Android,New,2025-10-19
8645,Hyderabad,Android,Returning,2025-03-08
8646,Mumbai,Android,Returning,2025-09-24
8647,Delhi,Android,Returning,2026-06-12
8648,Pune,Android,Returning,2026-05-24
8649,Chennai,iOS,Returning,2025-08-18
8650,Delhi,Android,Returning,2025-10-18
8651,Bangalore,Android,Returning,2026-02-07
8652,Chennai,Android,New,2025-06-16
8653,Hyderabad,iOS,New,2026-04-30
8654,Pune,Android,Returning,2026-01-03
8655,Bangalore,Android,New,2025-11-10
8656,Hyderabad,Android,Returning,2026-02-15
8657,Bangalore,Android,Returning,2025-08-29
8658,Mumbai,Android,Returning,2025-12-01
8659,Hyderabad,Android,Returning,2025-09-04
8660,Chennai,iOS,Returning,2025-06-02
8661,Delhi,Android,New,2025-06-08
8662,Delhi,Android,New,2025-03-23
8663,Mumbai,Android,Returning,2025-05-01
8664,Hyderabad,Android,New,2025-04-21
8665,Mumbai,Android,New,2025-05-10
8666,Bangalore,Android,Returning,2025-03-17
8667,Chennai,Android,Returning,2025-12-07
8668,Pune,Android,Returning,2025-11-24
8669,Chennai,Android,New,2025-09-02
8670,Hyderabad,Android,New,2026-05-09
8671,Delhi,Android,Returning,2026-02-24
8672,Chennai,Android,New,2025-11-06
8673,Hyderabad,Android,Returning,2025-08-03
8674,Bangalore,Android,Returning,2025-02-04
8675,Hyderabad,Android,New,2025-06-10
8676,Bangalore,Android,Returning,2025-07-16
8677,Delhi,Android,New,2025-03-09
8678,Bangalore,Android,Returning,2025-02-02
8679,Mumbai,Android,New,2026-02-03
8680,Hyderabad,iOS,Returning,2026-05-25
8681,Chennai,Android,New,2026-02-12
8682,Hyderabad,iOS,New,2025-11-28
8683,Bangalore,Android,Returning,2025-05-17
8684,Chennai,Android,Returning,2026-03-09
8685,Pune,Android,New,2025-11-19
8686,Delhi,Android,New,2025-07-08
8687,Bangalore,Android,Returning,2025-06-18
8688,Delhi,Android,Returning,2026-03-02
8689,Bangalore,Android,Returning,2026-05-14
8690,Delhi,iOS,New,2025-06-01
8691,Mumbai,Android,Returning,2025-05-24
8692,Pune,Android,Returning,2026-06-10
8693,Bangalore,Android,Returning,2026-05-23
8694,Chennai,Android,Returning,2025-07-27
8695,Hyderabad,Android,New,2025-07-04
8696,Delhi,Android,Returning,2025-02-09
8697,Chennai,iOS,Returning,2026-01-05
8698,Pune,Android,Returning,2025-12-18
8699,Bangalore,Android,Returning,2026-01-17
8700,Delhi,Android,Returning,2025-01-03
8701,Pune,Android,Returning,2026-05-10
8702,Mumbai,Android,Returning,2025-07-26
8703,Bangalore,Android,Returning,2025-06-01
8704,Bangalore,Android,Returning,2026-06-02
8705,Pune,Android,Returning,2026-02-05
8706,Hyderabad,Android,New,2025-07-21
8707,Hyderabad,Android,New,2025-02-10
8708,Pune,Android,Returning,2025-10-25
8709,Delhi,Android,Returning,2026-04-13
8710,Bangalore,Android,Returning,2025-10-19
8711,Hyderabad,iOS,New,2025-01-19
8712,Hyderabad,Android,Returning,2025-03-06
8713,Hyderabad,Android,New,2026-03-04
8714,Bangalore,Android,New,2025-08-25
8715,Hyderabad,iOS,New,2025-08-17
8716,Bangalore,iOS,Returning,2025-09-29
8717,Mumbai,Android,New,2025-02-09
8718,Hyderabad,Android,Returning,2025-09-18
8719,Delhi,Android,Returning,2025-09-29
8720,Delhi,Android,Returning,2025-08-23
8721,Hyderabad,Android,Returning,2025-08-16
8722,Hyderabad,iOS,New,2025-09-02
8723,Hyderabad,Android,New,2025-01-03
8724,Delhi,Android,Returning,2025-02-18
8725,Pune,Android,Returning,2025-10-08
8726,Delhi,iOS,New,2026-03-03
8727,Chennai,Android,New,2026-05-29
8728,Pune,Android,Returning,2025-11-10
8729,Hyderabad,iOS,Returning,2025-02-22
8730,Pune,Android,Returning,2025-08-07
8731,Delhi,Android,New,2025-10-22
8732,Hyderabad,Android,New,2025-08-29
8733,Mumbai,Android,Returning,2025-12-03
8734,Delhi,Android,New,2025-07-25
8735,Delhi,iOS,Returning,2026-03-16
8736,Chennai,Android,New,2025-12-03
8737,Hyderabad,Android,Returning,2025-09-09
8738,Delhi,Android,New,2025-01-22
8739,Chennai,Android,Returning,2025-05-13
8740,Mumbai,Android,New,2025-09-22
8741,Chennai,Android,Returning,2025-10-27
8742,Hyderabad,Android,New,2025-09-21
8743,Hyderabad,iOS,New,2025-06-15
8744,Chennai,Android,Returning,2025-07-28
8745,Bangalore,iOS,Returning,2025-06-17
8746,Bangalore,iOS,New,2025-04-10
8747,Pune,iOS,New,2025-11-13
8748,Delhi,Android,Returning,2025-03-12
8749,Delhi,Android,Returning,2025-06-09
8750,Mumbai,Android,Returning,2025-01-04
8751,Bangalore,Android,New,2025-03-09
8752,Delhi,iOS,New,2025-07-03
8753,Bangalore,Android,Returning,2026-04-08
8754,Pune,Android,Returning,2025-05-05
8755,Pune,Android,Returning,2026-04-22
8756,Hyderabad,Android,Returning,2025-05-06
8757,Delhi,Android,Returning,2025-10-12
8758,Delhi,Android,Returning,2025-12-31
8759,Mumbai,Android,Returning,2025-12-28
8760,Mumbai,iOS,Returning,2026-02-02
8761,Chennai,Android,Returning,2025-09-14
8762,Pune,Android,Returning,2025-01-19
8763,Delhi,Android,Returning,2025-03-30
8764,Mumbai,Android,Returning,2025-06-16
8765,Mumbai,iOS,Returning,2025-12-17
8766,Chennai,Android,Returning,2026-06-19
8767,Hyderabad,Android,Returning,2025-07-18
8768,Delhi,iOS,Returning,2025-12-26
8769,Hyderabad,Android,Returning,2025-12-15
8770,Delhi,iOS,Returning,2026-03-19
8771,Hyderabad,Android,Returning,2026-06-09
8772,Mumbai,Android,Returning,2025-08-06
8773,Pune,Android,Returning,2025-07-14
8774,Pune,Android,Returning,2026-05-11
8775,Chennai,iOS,Returning,2025-03-10
8776,Chennai,Android,New,2025-08-21
8777,Pune,Android,Returning,2026-05-22
8778,Hyderabad,iOS,New,2026-04-14
8779,Chennai,Android,New,2025-11-26
8780,Mumbai,Android,Returning,2026-01-13
8781,Delhi,Android,Returning,2025-02-12
8782,Mumbai,Android,New,2026-04-09
8783,Pune,Android,Returning,2025-01-04
8784,Delhi,Android,Returning,2025-12-30
8785,Chennai,Android,Returning,2026-01-17
8786,Hyderabad,iOS,Returning,2025-12-13
8787,Bangalore,Android,New,2025-01-08
8788,Delhi,Android,Returning,2026-04-20
8789,Delhi,Android,New,2025-05-18
8790,Pune,Android,Returning,2026-06-18
8791,Pune,Android,Returning,2025-04-30
8792,Hyderabad,Android,Returning,2025-05-20
8793,Pune,Android,New,2026-05-22
8794,Delhi,Android,Returning,2025-12-15
8795,Chennai,Android,Returning,2025-02-03
8796,Mumbai,Android,Returning,2025-11-21
8797,Pune,Android,New,2025-11-16
8798,Bangalore,Android,Returning,2026-03-12
8799,Delhi,Android,New,2025-02-09
8800,Bangalore,iOS,Returning,2025-02-26
8801,Chennai,Android,Returning,2025-05-21
8802,Hyderabad,Android,Returning,2025-09-22
8803,Bangalore,Android,Returning,2025-06-06
8804,Hyderabad,Android,Returning,2025-12-15
8805,Pune,Android,Returning,2025-03-18
8806,Delhi,Android,Returning,2026-01-08
8807,Bangalore,Android,Returning,2026-05-26
8808,Hyderabad,Android,Returning,2025-11-04
8809,Delhi,Android,Returning,2025-01-24
8810,Bangalore,iOS,New,2025-10-19
8811,Chennai,Android,Returning,2025-07-09
8812,Mumbai,iOS,Returning,2025-04-06
8813,Pune,Android,Returning,2026-06-22
8814,Bangalore,Android,Returning,2025-04-13
8815,Delhi,Android,Returning,2025-04-27
8816,Bangalore,Android,Returning,2025-09-28
8817,Delhi,Android,Returning,2025-11-22
8818,Pune,Android,Returning,2025-07-07
8819,Pune,Android,New,2025-08-06
8820,Mumbai,Android,Returning,2025-03-22
8821,Bangalore,Android,Returning,2025-02-20
8822,Pune,Android,New,2025-11-15
8823,Chennai,iOS,Returning,2025-03-23
8824,Pune,Android,Returning,2025-11-01
8825,Delhi,Android,Returning,2025-11-01
8826,Delhi,Android,New,2026-02-18
8827,Hyderabad,Android,Returning,2025-11-16
8828,Chennai,Android,Returning,2025-04-06
8829,Bangalore,Android,Returning,2025-12-08
8830,Mumbai,Android,Returning,2025-02-23
8831,Delhi,Android,Returning,2025-03-12
8832,Delhi,iOS,Returning,2025-01-05
8833,Delhi,Android,New,2026-05-04
8834,Bangalore,Android,Returning,2026-04-26
8835,Pune,Android,Returning,2026-02-20
8836,Bangalore,Android,Returning,2025-04-20
8837,Pune,Android,New,2025-06-12
8838,Delhi,Android,Returning,2025-09-11
8839,Mumbai,Android,New,2025-12-09
8840,Chennai,Android,New,2025-07-09
8841,Chennai,Android,Returning,2025-04-17
8842,Hyderabad,Android,New,2025-01-18
8843,Chennai,Android,Returning,2025-08-12
8844,Mumbai,Android,Returning,2025-05-10
8845,Mumbai,Android,Returning,2026-06-06
8846,Delhi,Android,New,2026-02-22
8847,Bangalore,iOS,Returning,2026-06-20
8848,Hyderabad,Android,Returning,2025-07-12
8849,Delhi,Android,Returning,2025-09-01
8850,Mumbai,Android,Returning,2026-03-17
8851,Mumbai,Android,New,2026-02-02
8852,Bangalore,Android,Returning,2026-06-25
8853,Mumbai,Android,Returning,2025-12-19
8854,Pune,Android,New,2026-02-19
8855,Pune,iOS,New,2026-02-26
8856,Bangalore,Android,Returning,2025-10-22
8857,Pune,iOS,Returning,2025-09-13
8858,Chennai,Android,Returning,2025-05-08
8859,Bangalore,Android,New,2026-03-07
8860,Delhi,Android,Returning,2026-05-25
8861,Hyderabad,iOS,New,2025-04-28
8862,Chennai,Android,Returning,2025-07-15
8863,Chennai,Android,Returning,2025-09-17
8864,Pune,Android,New,2025-05-12
8865,Chennai,Android,Returning,2025-07-08
8866,Chennai,Android,Returning,2025-05-03
8867,Mumbai,Android,Returning,2025-09-12
8868,Mumbai,Android,Returning,2025-02-11
8869,Chennai,Android,Returning,2025-09-13
8870,Chennai,Android,New,2025-02-17
8871,Chennai,Android,New,2025-03-15
8872,Mumbai,Android,Returning,2026-02-09
8873,Bangalore,Android,New,2025-08-12
8874,Pune,iOS,New,2025-04-26
8875,Chennai,Android,Returning,2025-01-03
8876,Chennai,Android,New,2025-08-04
8877,Chennai,Android,Returning,2025-04-24
8878,Hyderabad,Android,New,2025-01-15
8879,Bangalore,Android,Returning,2025-04-20
8880,Hyderabad,Android,New,2025-07-31
8881,Mumbai,Android,Returning,2025-05-28
8882,Bangalore,Android,Returning,2025-05-07
8883,Hyderabad,Android,New,2025-11-29
8884,Chennai,Android,Returning,2026-01-23
8885,Chennai,Android,Returning,2026-06-16
8886,Hyderabad,Android,Returning,2025-10-09
8887,Chennai,Android,New,2025-07-26
8888,Mumbai,iOS,Returning,2025-05-30
8889,Bangalore,iOS,New,2026-02-03
8890,Chennai,Android,Returning,2025-07-12
8891,Hyderabad,Android,Returning,2025-09-06
8892,Bangalore,Android,New,2026-05-16
8893,Delhi,Android,New,2026-03-24
8894,Delhi,Android,Returning,2025-09-16
8895,Hyderabad,Android,New,2026-03-20
8896,Delhi,iOS,Returning,2025-06-12
8897,Chennai,Android,Returning,2025-03-03
8898,Pune,iOS,New,2026-04-15
8899,Mumbai,Android,Returning,2025-10-24
8900,Delhi,Android,Returning,2026-02-28
8901,Mumbai,iOS,Returning,2025-10-22
8902,Bangalore,Android,New,2025-10-18
8903,Hyderabad,iOS,Returning,2025-07-01
8904,Hyderabad,Android,Returning,2025-01-15
8905,Pune,Android,New,2025-03-08
8906,Bangalore,iOS,New,2026-04-11
8907,Chennai,Android,New,2025-11-07
8908,Hyderabad,Android,New,2025-08-18
8909,Chennai,Android,Returning,2025-07-25
8910,Hyderabad,iOS,New,2025-10-10
8911,Bangalore,iOS,New,2026-02-04
8912,Hyderabad,Android,Returning,2025-06-14
8913,Hyderabad,Android,Returning,2025-08-14
8914,Delhi,Android,New,2025-05-17
8915,Chennai,Android,Returning,2025-08-29
8916,Hyderabad,Android,New,2026-05-13
8917,Pune,Android,Returning,2025-08-13
8918,Chennai,Android,New,2026-06-06
8919,Delhi,Android,Returning,2025-05-29
8920,Chennai,Android,Returning,2025-10-02
8921,Pune,iOS,New,2026-01-15
8922,Chennai,iOS,New,2025-09-18
8923,Bangalore,iOS,New,2025-04-12
8924,Bangalore,Android,Returning,2026-06-13
8925,Delhi,Android,Returning,2026-02-18
8926,Pune,Android,Returning,2025-03-06
8927,Mumbai,Android,Returning,2025-04-20
8928,Bangalore,Android,Returning,2025-10-17
8929,Chennai,Android,Returning,2025-09-08
8930,Chennai,Android,Returning,2025-07-07
8931,Pune,iOS,New,2026-05-24
8932,Mumbai,Android,New,2025-01-04
8933,Bangalore,Android,New,2025-01-21
8934,Pune,Android,New,2026-03-06
8935,Delhi,Android,Returning,2025-12-16
8936,Mumbai,Android,Returning,2026-05-08
8937,Delhi,iOS,New,2025-07-11
8938,Chennai,Android,Returning,2025-11-10
8939,Bangalore,Android,New,2026-03-12
8940,Pune,Android,Returning,2025-10-06
8941,Chennai,Android,Returning,2025-07-24
8942,Chennai,Android,Returning,2026-02-16
8943,Delhi,Android,Returning,2026-01-01
8944,Hyderabad,Android,Returning,2026-01-25
8945,Mumbai,Android,Returning,2025-07-20
8946,Delhi,Android,Returning,2025-11-29
8947,Bangalore,iOS,Returning,2025-12-11
8948,Mumbai,Android,Returning,2026-04-28
8949,Hyderabad,Android,Returning,2025-12-08
8950,Hyderabad,Android,Returning,2025-08-22
8951,Chennai,Android,Returning,2025-01-17
8952,Delhi,iOS,New,2025-03-20
8953,Mumbai,Android,Returning,2025-05-21
8954,Delhi,Android,Returning,2026-02-25
8955,Hyderabad,Android,Returning,2025-07-29
8956,Pune,Android,New,2026-02-27
8957,Delhi,Android,Returning,2025-03-16
8958,Chennai,Android,New,2026-03-28
8959,Mumbai,Android,Returning,2025-05-19
8960,Mumbai,Android,Returning,2025-08-08
8961,Delhi,Android,Returning,2026-01-15
8962,Bangalore,Android,Returning,2025-02-07
8963,Pune,Android,Returning,2025-01-12
8964,Delhi,Android,New,2026-02-23
8965,Chennai,Android,Returning,2025-10-15
8966,Mumbai,Android,Returning,2026-04-06
8967,Bangalore,Android,New,2025-04-06
8968,Pune,iOS,Returning,2025-08-31
8969,Delhi,Android,Returning,2025-05-02
8970,Pune,iOS,Returning,2025-09-14
8971,Delhi,Android,Returning,2025-09-04
8972,Chennai,Android,Returning,2026-05-03
8973,Pune,Android,New,2025-10-11
8974,Chennai,Android,Returning,2025-06-21
8975,Hyderabad,Android,New,2025-01-07
8976,Hyderabad,Android,Returning,2025-08-10
8977,Delhi,Android,Returning,2025-12-05
8978,Pune,iOS,Returning,2025-04-01
8979,Pune,Android,Returning,2025-08-23
8980,Delhi,Android,Returning,2025-10-12
8981,Chennai,Android,New,2026-03-14
8982,Bangalore,Android,Returning,2025-12-24
8983,Pune,Android,Returning,2026-04-09
8984,Delhi,iOS,Returning,2025-06-18
8985,Chennai,Android,New,2025-04-10
8986,Chennai,Android,Returning,2025-01-22
8987,Mumbai,Android,Returning,2025-10-09
8988,Mumbai,Android,New,2025-06-26
8989,Chennai,Android,New,2025-08-28
8990,Chennai,Android,Returning,2025-02-16
8991,Mumbai,Android,New,2025-07-03
8992,Mumbai,Android,New,2025-08-03
8993,Bangalore,Android,Returning,2025-05-16
8994,Delhi,Android,Returning,2026-04-17
8995,Mumbai,Android,New,2026-04-06
8996,Delhi,Android,Returning,2025-05-18
8997,Chennai,Android,Returning,2025-05-01
8998,Bangalore,Android,Returning,2025-07-29
8999,Chennai,Android,Returning,2025-11-03
9000,Mumbai,Android,Returning,2026-03-19
9001,Mumbai,Android,Returning,2025-03-06
9002,Hyderabad,Android,Returning,2026-05-01
9003,Mumbai,iOS,New,2025-01-08
9004,Delhi,Android,Returning,2026-01-19
9005,Chennai,Android,New,2025-06-29
9006,Delhi,Android,Returning,2026-03-07
9007,Mumbai,iOS,Returning,2025-03-28
9008,Delhi,Android,Returning,2025-08-05
9009,Hyderabad,Android,Returning,2025-06-07
9010,Hyderabad,Android,New,2025-04-22
9011,Chennai,Android,New,2025-08-23
9012,Bangalore,Android,Returning,2025-06-20
9013,Chennai,Android,Returning,2026-06-17
9014,Hyderabad,Android,Returning,2025-12-04
9015,Pune,iOS,Returning,2025-06-11
9016,Hyderabad,Android,Returning,2025-08-09
9017,Mumbai,Android,New,2026-03-12
9018,Bangalore,iOS,Returning,2026-04-01
9019,Bangalore,Android,Returning,2025-11-20
9020,Chennai,Android,Returning,2025-08-08
9021,Mumbai,Android,Returning,2025-01-21
9022,Bangalore,Android,New,2026-02-20
9023,Pune,iOS,Returning,2026-01-20
9024,Delhi,iOS,New,2026-04-22
9025,Chennai,Android,Returning,2025-04-29
9026,Delhi,Android,Returning,2025-05-10
9027,Chennai,iOS,Returning,2025-08-24
9028,Pune,Android,Returning,2025-04-26
9029,Hyderabad,iOS,Returning,2026-05-06
9030,Delhi,Android,Returning,2025-05-19
9031,Mumbai,Android,Returning,2026-06-15
9032,Mumbai,iOS,Returning,2025-08-26
9033,Delhi,Android,Returning,2025-09-04
9034,Pune,Android,Returning,2026-06-05
9035,Mumbai,Android,Returning,2025-03-17
9036,Bangalore,iOS,Returning,2025-03-27
9037,Pune,iOS,Returning,2026-06-22
9038,Bangalore,Android,Returning,2025-04-06
9039,Bangalore,Android,Returning,2025-09-25
9040,Mumbai,Android,Returning,2025-05-20
9041,Hyderabad,Android,Returning,2025-02-15
9042,Mumbai,Android,Returning,2026-05-18
9043,Mumbai,iOS,Returning,2025-05-24
9044,Pune,Android,New,2025-04-02
9045,Pune,Android,New,2025-06-01
9046,Delhi,iOS,Returning,2026-03-29
9047,Chennai,Android,Returning,2026-03-09
9048,Chennai,Android,Returning,2025-03-24
9049,Hyderabad,Android,Returning,2025-11-26
9050,Chennai,Android,New,2025-06-18
9051,Bangalore,Android,Returning,2025-10-10
9052,Delhi,Android,New,2025-01-31
9053,Delhi,Android,Returning,2025-01-12
9054,Chennai,Android,New,2025-01-25
9055,Delhi,Android,New,2025-02-01
9056,Mumbai,Android,New,2025-11-27
9057,Delhi,Android,Returning,2025-03-25
9058,Hyderabad,Android,New,2025-07-14
9059,Hyderabad,Android,Returning,2025-04-11
9060,Delhi,Android,Returning,2026-01-16
9061,Chennai,iOS,Returning,2025-01-27
9062,Bangalore,Android,Returning,2025-06-03
9063,Hyderabad,Android,New,2025-11-17
9064,Pune,Android,Returning,2025-04-28
9065,Bangalore,Android,Returning,2025-10-24
9066,Mumbai,Android,Returning,2025-09-25
9067,Pune,Android,Returning,2025-03-29
9068,Pune,Android,Returning,2025-06-01
9069,Bangalore,iOS,Returning,2026-05-04
9070,Pune,Android,Returning,2026-05-18
9071,Mumbai,Android,New,2025-03-20
9072,Bangalore,Android,New,2025-06-29
9073,Pune,Android,Returning,2026-05-29
9074,Bangalore,Android,New,2025-02-13
9075,Hyderabad,Android,Returning,2026-01-24
9076,Pune,Android,Returning,2025-02-11
9077,Hyderabad,Android,New,2026-03-22
9078,Delhi,Android,Returning,2025-01-27
9079,Delhi,Android,New,2025-02-20
9080,Mumbai,Android,Returning,2025-09-25
9081,Bangalore,Android,Returning,2026-01-22
9082,Delhi,iOS,Returning,2025-12-16
9083,Chennai,Android,Returning,2026-01-06
9084,Bangalore,iOS,Returning,2026-06-13
9085,Hyderabad,Android,New,2025-06-03
9086,Pune,Android,Returning,2026-01-22
9087,Mumbai,Android,New,2025-05-06
9088,Mumbai,iOS,Returning,2026-02-27
9089,Pune,Android,Returning,2025-10-03
9090,Bangalore,Android,New,2025-08-22
9091,Chennai,iOS,New,2026-01-14
9092,Bangalore,Android,New,2025-02-20
9093,Mumbai,Android,New,2025-11-14
9094,Chennai,Android,Returning,2026-01-20
9095,Pune,Android,Returning,2025-02-12
9096,Chennai,Android,Returning,2025-02-10
9097,Delhi,Android,New,2026-04-27
9098,Mumbai,Android,Returning,2026-02-21
9099,Hyderabad,Android,Returning,2025-09-04
9100,Pune,Android,Returning,2026-04-17
9101,Delhi,iOS,Returning,2025-12-30
9102,Mumbai,iOS,Returning,2026-06-23
9103,Delhi,Android,New,2025-05-09
9104,Bangalore,Android,Returning,2025-03-04
9105,Delhi,Android,Returning,2025-02-18
9106,Bangalore,Android,New,2026-02-06
9107,Pune,Android,Returning,2025-05-08
9108,Bangalore,Android,New,2025-01-06
9109,Chennai,Android,New,2025-09-22
9110,Pune,Android,Returning,2025-07-01
9111,Hyderabad,Android,Returning,2026-05-01
9112,Pune,iOS,Returning,2025-09-12
9113,Hyderabad,Android,Returning,2025-07-18
9114,Pune,Android,Returning,2025-07-12
9115,Hyderabad,Android,New,2025-03-07
9116,Mumbai,Android,Returning,2025-10-02
9117,Chennai,Android,New,2025-06-08
9118,Mumbai,Android,Returning,2025-03-09
9119,Pune,Android,New,2026-02-14
9120,Chennai,Android,New,2025-10-30
9121,Pune,Android,Returning,2025-06-24
9122,Hyderabad,Android,New,2025-11-11
9123,Mumbai,Android,Returning,2025-11-01
9124,Mumbai,Android,Returning,2025-01-22
9125,Chennai,Android,New,2026-03-06
9126,Bangalore,Android,New,2025-05-14
9127,Mumbai,Android,Returning,2026-03-18
9128,Bangalore,iOS,New,2025-04-17
9129,Delhi,Android,New,2025-09-15
9130,Delhi,Android,New,2026-04-19
9131,Bangalore,Android,New,2026-02-04
9132,Mumbai,Android,Returning,2026-02-04
9133,Bangalore,Android,Returning,2025-12-30
9134,Delhi,Android,Returning,2025-10-25
9135,Hyderabad,Android,Returning,2025-07-11
9136,Chennai,Android,Returning,2025-08-23
9137,Bangalore,Android,Returning,2026-01-13
9138,Bangalore,Android,Returning,2025-07-11
9139,Chennai,Android,New,2025-07-16
9140,Chennai,Android,Returning,2025-01-24
9141,Hyderabad,iOS,New,2025-03-28
9142,Bangalore,Android,Returning,2026-01-22
9143,Bangalore,iOS,Returning,2026-02-26
9144,Pune,Android,Returning,2025-10-25
9145,Delhi,iOS,New,2026-06-02
9146,Chennai,iOS,Returning,2025-08-20
9147,Bangalore,Android,Returning,2025-04-22
9148,Pune,iOS,Returning,2025-09-05
9149,Pune,Android,Returning,2026-05-28
9150,Bangalore,Android,Returning,2025-07-02
9151,Chennai,Android,New,2025-12-06
9152,Hyderabad,Android,Returning,2025-05-18
9153,Chennai,Android,Returning,2025-03-05
9154,Delhi,Android,Returning,2025-12-15
9155,Chennai,Android,New,2025-10-24
9156,Bangalore,Android,Returning,2025-02-28
9157,Mumbai,Android,New,2025-09-02
9158,Mumbai,iOS,Returning,2025-08-10
9159,Mumbai,Android,Returning,2025-12-30
9160,Bangalore,Android,New,2026-06-23
9161,Chennai,Android,Returning,2025-11-19
9162,Hyderabad,Android,New,2025-05-06
9163,Mumbai,Android,New,2025-08-16
9164,Delhi,Android,New,2025-04-15
9165,Chennai,Android,Returning,2025-04-07
9166,Pune,Android,Returning,2026-04-11
9167,Chennai,Android,Returning,2026-04-23
9168,Pune,Android,Returning,2025-05-07
9169,Pune,Android,New,2025-02-19
9170,Mumbai,Android,Returning,2025-07-23
9171,Chennai,Android,Returning,2025-04-04
9172,Hyderabad,iOS,Returning,2025-07-22
9173,Mumbai,Android,Returning,2025-08-10
9174,Chennai,Android,Returning,2026-02-19
9175,Mumbai,iOS,New,2025-11-27
9176,Hyderabad,Android,Returning,2025-02-10
9177,Chennai,Android,Returning,2025-02-05
9178,Delhi,Android,Returning,2025-03-20
9179,Hyderabad,Android,Returning,2026-06-02
9180,Hyderabad,Android,New,2025-12-02
9181,Hyderabad,Android,Returning,2025-04-08
9182,Hyderabad,Android,New,2026-05-28
9183,Delhi,Android,New,2026-06-22
9184,Mumbai,iOS,New,2025-01-11
9185,Delhi,Android,Returning,2025-08-02
9186,Pune,Android,Returning,2025-01-31
9187,Bangalore,Android,Returning,2025-04-20
9188,Delhi,Android,Returning,2026-03-01
9189,Pune,iOS,Returning,2025-05-11
9190,Delhi,Android,Returning,2026-06-21
9191,Chennai,Android,New,2025-09-08
9192,Bangalore,iOS,Returning,2026-01-22
9193,Chennai,Android,Returning,2026-04-29
9194,Bangalore,Android,New,2026-05-25
9195,Pune,Android,Returning,2025-10-18
9196,Chennai,Android,Returning,2025-05-03
9197,Delhi,Android,Returning,2026-03-02
9198,Hyderabad,Android,Returning,2025-08-07
9199,Pune,Android,Returning,2026-01-12
9200,Mumbai,iOS,New,2025-12-21
9201,Delhi,Android,Returning,2025-03-01
9202,Pune,iOS,Returning,2025-11-15
9203,Delhi,Android,New,2025-03-14
9204,Chennai,iOS,Returning,2026-06-23
9205,Delhi,Android,Returning,2025-10-21
9206,Mumbai,Android,Returning,2025-10-27
9207,Hyderabad,iOS,Returning,2025-08-25
9208,Bangalore,iOS,Returning,2026-05-04
9209,Pune,Android,Returning,2025-01-28
9210,Hyderabad,Android,Returning,2025-05-23
9211,Mumbai,Android,New,2025-07-19
9212,Mumbai,Android,Returning,2025-06-11
9213,Mumbai,Android,Returning,2026-06-02
9214,Mumbai,Android,Returning,2025-03-17
9215,Bangalore,Android,New,2026-04-08
9216,Bangalore,iOS,Returning,2025-12-10
9217,Delhi,Android,Returning,2026-03-05
9218,Bangalore,Android,New,2025-04-05
9219,Chennai,Android,Returning,2025-02-07
9220,Mumbai,Android,Returning,2025-10-29
9221,Pune,Android,New,2026-06-17
9222,Chennai,iOS,New,2026-02-22
9223,Bangalore,Android,New,2025-02-13
9224,Bangalore,Android,Returning,2025-01-22
9225,Hyderabad,Android,Returning,2025-09-01
9226,Hyderabad,Android,Returning,2026-02-09
9227,Chennai,Android,New,2026-03-22
9228,Pune,iOS,New,2025-02-17
9229,Delhi,Android,Returning,2025-04-09
9230,Hyderabad,Android,Returning,2025-05-12
9231,Delhi,Android,Returning,2025-01-19
9232,Delhi,Android,New,2025-07-17
9233,Mumbai,Android,Returning,2026-06-17
9234,Hyderabad,Android,New,2026-01-05
9235,Pune,Android,New,2026-02-12
9236,Delhi,Android,Returning,2025-04-01
9237,Mumbai,Android,Returning,2026-01-31
9238,Delhi,iOS,Returning,2026-04-12
9239,Chennai,Android,New,2025-11-25
9240,Delhi,Android,Returning,2025-08-06
9241,Mumbai,Android,Returning,2025-06-29
9242,Bangalore,iOS,Returning,2025-09-18
9243,Delhi,Android,Returning,2025-12-31
9244,Pune,Android,New,2026-03-17
9245,Hyderabad,Android,Returning,2025-07-07
9246,Hyderabad,iOS,New,2025-04-22
9247,Hyderabad,Android,Returning,2026-05-12
9248,Pune,Android,Returning,2025-05-27
9249,Pune,iOS,New,2025-08-04
9250,Bangalore,Android,New,2025-09-28
9251,Delhi,Android,Returning,2025-02-11
9252,Bangalore,Android,Returning,2025-09-05
9253,Pune,Android,Returning,2025-01-06
9254,Mumbai,Android,Returning,2026-04-04
9255,Bangalore,Android,Returning,2025-12-17
9256,Hyderabad,Android,Returning,2025-09-01
9257,Hyderabad,iOS,Returning,2025-05-20
9258,Mumbai,iOS,Returning,2025-02-17
9259,Chennai,Android,Returning,2025-08-28
9260,Pune,Android,New,2026-01-19
9261,Delhi,Android,New,2025-05-08
9262,Chennai,Android,Returning,2025-04-15
9263,Hyderabad,Android,Returning,2026-01-15
9264,Pune,Android,New,2025-01-19
9265,Pune,Android,Returning,2025-02-18
9266,Pune,Android,New,2026-01-13
9267,Bangalore,Android,New,2025-03-08
9268,Pune,Android,Returning,2025-10-20
9269,Delhi,Android,Returning,2025-07-06
9270,Bangalore,Android,Returning,2026-04-09
9271,Hyderabad,Android,Returning,2025-06-19
9272,Pune,Android,Returning,2026-03-07
9273,Chennai,Android,Returning,2026-01-20
9274,Pune,Android,Returning,2025-10-31
9275,Delhi,iOS,New,2026-04-13
9276,Bangalore,iOS,Returning,2026-06-19
9277,Pune,Android,Returning,2025-05-29
9278,Pune,Android,Returning,2026-01-10
9279,Chennai,Android,Returning,2026-01-29
9280,Mumbai,Android,Returning,2025-09-12
9281,Pune,Android,Returning,2025-12-05
9282,Bangalore,Android,Returning,2025-04-16
9283,Pune,Android,Returning,2025-01-22
9284,Pune,Android,Returning,2025-11-14
9285,Mumbai,Android,Returning,2025-07-19
9286,Delhi,Android,New,2025-07-14
9287,Mumbai,Android,Returning,2025-07-09
9288,Mumbai,Android,Returning,2025-10-29
9289,Hyderabad,Android,Returning,2026-03-17
9290,Hyderabad,Android,New,2025-02-26
9291,Pune,Android,Returning,2025-01-24
9292,Mumbai,Android,Returning,2026-04-30
9293,Chennai,Android,New,2026-02-12
9294,Hyderabad,Android,Returning,2025-05-01
9295,Delhi,Android,New,2026-03-04
9296,Mumbai,Android,New,2026-03-29
9297,Bangalore,Android,Returning,2025-08-10
9298,Pune,Android,Returning,2025-08-22
9299,Bangalore,Android,New,2025-08-14
9300,Chennai,Android,New,2026-01-06
9301,Pune,Android,Returning,2025-09-07
9302,Chennai,Android,Returning,2025-05-22
9303,Bangalore,Android,Returning,2025-01-18
9304,Bangalore,iOS,New,2025-01-04
9305,Chennai,iOS,Returning,2026-02-22
9306,Mumbai,iOS,New,2025-05-01
9307,Bangalore,Android,Returning,2026-03-21
9308,Pune,Android,Returning,2025-01-31
9309,Hyderabad,Android,Returning,2025-05-31
9310,Pune,Android,New,2026-01-03
9311,Hyderabad,Android,Returning,2025-05-31
9312,Delhi,Android,Returning,2025-09-30
9313,Pune,iOS,Returning,2026-01-27
9314,Bangalore,Android,New,2026-01-23
9315,Chennai,iOS,Returning,2026-02-21
9316,Mumbai,iOS,New,2025-03-16
9317,Pune,Android,Returning,2025-01-16
9318,Hyderabad,Android,Returning,2026-05-09
9319,Chennai,Android,Returning,2025-04-11
9320,Mumbai,iOS,Returning,2025-05-30
9321,Pune,iOS,Returning,2025-11-18
9322,Delhi,Android,Returning,2025-12-11
9323,Mumbai,iOS,Returning,2025-09-15
9324,Hyderabad,Android,Returning,2025-10-01
9325,Mumbai,Android,Returning,2025-06-02
9326,Pune,Android,New,2025-11-15
9327,Chennai,iOS,Returning,2025-10-06
9328,Delhi,Android,Returning,2025-02-11
9329,Hyderabad,iOS,Returning,2025-06-18
9330,Delhi,Android,Returning,2025-08-18
9331,Chennai,Android,Returning,2025-01-07
9332,Hyderabad,Android,Returning,2026-06-11
9333,Hyderabad,Android,Returning,2026-02-05
9334,Delhi,Android,Returning,2025-03-06
9335,Hyderabad,iOS,Returning,2025-04-30
9336,Mumbai,Android,Returning,2026-05-31
9337,Delhi,Android,Returning,2025-03-18
9338,Pune,Android,Returning,2025-07-17
9339,Delhi,iOS,Returning,2025-12-09
9340,Delhi,Android,Returning,2025-02-19
9341,Pune,Android,Returning,2026-01-20
9342,Pune,Android,New,2025-02-27
9343,Delhi,Android,New,2025-10-13
9344,Chennai,Android,New,2025-10-28
9345,Chennai,Android,Returning,2025-03-16
9346,Delhi,Android,Returning,2025-11-26
9347,Hyderabad,Android,Returning,2026-04-10
9348,Chennai,Android,Returning,2025-07-01
9349,Mumbai,iOS,New,2026-06-19
9350,Chennai,Android,Returning,2026-03-30
9351,Chennai,Android,Returning,2026-02-26
9352,Delhi,Android,Returning,2025-05-28
9353,Mumbai,Android,Returning,2026-01-13
9354,Bangalore,Android,Returning,2025-10-14
9355,Hyderabad,iOS,Returning,2025-01-18
9356,Hyderabad,iOS,Returning,2026-03-28
9357,Hyderabad,iOS,Returning,2025-10-16
9358,Delhi,Android,Returning,2025-06-16
9359,Mumbai,Android,New,2026-04-05
9360,Hyderabad,Android,Returning,2026-02-17
9361,Pune,iOS,Returning,2025-05-14
9362,Bangalore,iOS,Returning,2025-05-21
9363,Pune,Android,New,2025-01-20
9364,Chennai,Android,New,2025-04-05
9365,Chennai,Android,Returning,2026-05-19
9366,Hyderabad,iOS,Returning,2026-05-01
9367,Mumbai,Android,Returning,2025-02-18
9368,Bangalore,Android,Returning,2025-03-10
9369,Hyderabad,Android,New,2025-01-24
9370,Chennai,iOS,Returning,2026-06-21
9371,Delhi,Android,New,2025-09-27
9372,Mumbai,Android,Returning,2025-07-19
9373,Hyderabad,Android,Returning,2025-07-27
9374,Delhi,Android,Returning,2025-08-26
9375,Bangalore,Android,Returning,2025-05-16
9376,Chennai,Android,Returning,2026-01-02
9377,Mumbai,Android,New,2025-06-25
9378,Hyderabad,Android,New,2025-12-20
9379,Hyderabad,Android,New,2025-04-22
9380,Hyderabad,Android,Returning,2025-03-23
9381,Mumbai,Android,New,2025-01-11
9382,Chennai,Android,New,2025-06-18
9383,Delhi,iOS,Returning,2025-04-15
9384,Delhi,Android,New,2025-06-17
9385,Delhi,Android,Returning,2026-01-24
9386,Hyderabad,Android,Returning,2025-08-13
9387,Pune,Android,Returning,2025-09-01
9388,Mumbai,Android,Returning,2025-11-22
9389,Hyderabad,Android,Returning,2026-04-24
9390,Hyderabad,iOS,Returning,2025-12-20
9391,Mumbai,Android,New,2025-05-05
9392,Hyderabad,Android,Returning,2025-08-12
9393,Chennai,iOS,Returning,2025-03-18
9394,Bangalore,Android,Returning,2025-10-31
9395,Pune,iOS,Returning,2025-09-28
9396,Chennai,Android,Returning,2025-02-20
9397,Pune,Android,Returning,2025-06-22
9398,Delhi,Android,Returning,2025-11-27
9399,Hyderabad,Android,Returning,2025-05-25
9400,Pune,iOS,Returning,2025-10-29
9401,Delhi,Android,Returning,2025-02-14
9402,Bangalore,Android,Returning,2026-03-18
9403,Delhi,Android,Returning,2025-10-19
9404,Hyderabad,iOS,New,2025-08-31
9405,Chennai,Android,Returning,2025-07-29
9406,Delhi,Android,Returning,2025-09-14
9407,Hyderabad,Android,New,2026-02-12
9408,Mumbai,Android,New,2025-04-21
9409,Chennai,Android,New,2026-04-20
9410,Chennai,Android,New,2026-05-27
9411,Mumbai,iOS,New,2026-06-10
9412,Delhi,Android,Returning,2025-07-11
9413,Mumbai,Android,Returning,2025-01-15
9414,Hyderabad,Android,Returning,2025-04-05
9415,Delhi,iOS,Returning,2025-07-06
9416,Bangalore,iOS,Returning,2025-07-18
9417,Hyderabad,Android,Returning,2026-06-16
9418,Pune,Android,Returning,2025-06-25
9419,Chennai,Android,Returning,2025-12-15
9420,Chennai,iOS,New,2026-05-19
9421,Mumbai,iOS,Returning,2026-03-25
9422,Mumbai,iOS,Returning,2026-03-13
9423,Delhi,Android,Returning,2025-09-06
9424,Mumbai,Android,Returning,2026-06-12
9425,Hyderabad,iOS,Returning,2025-11-23
9426,Bangalore,iOS,New,2025-01-30
9427,Pune,Android,Returning,2025-08-23
9428,Chennai,Android,Returning,2026-04-06
9429,Hyderabad,Android,Returning,2025-01-24
9430,Hyderabad,Android,Returning,2026-03-15
9431,Hyderabad,Android,Returning,2025-05-02
9432,Chennai,Android,New,2026-05-05
9433,Hyderabad,Android,New,2025-03-04
9434,Mumbai,Android,Returning,2026-05-24
9435,Pune,Android,Returning,2026-02-19
9436,Delhi,Android,New,2025-05-31
9437,Delhi,Android,New,2026-01-09
9438,Pune,iOS,Returning,2026-01-21
9439,Delhi,Android,Returning,2025-05-28
9440,Mumbai,Android,New,2025-06-25
9441,Chennai,Android,Returning,2025-08-18
9442,Bangalore,Android,New,2025-12-24
9443,Delhi,iOS,Returning,2025-06-13
9444,Chennai,Android,Returning,2026-02-07
9445,Delhi,iOS,New,2026-01-10
9446,Pune,Android,Returning,2025-12-10
9447,Delhi,Android,Returning,2026-04-04
9448,Hyderabad,Android,Returning,2025-09-29
9449,Chennai,Android,Returning,2025-06-03
9450,Pune,Android,Returning,2025-03-16
9451,Delhi,Android,Returning,2025-06-28
9452,Bangalore,iOS,Returning,2025-05-23
9453,Hyderabad,Android,Returning,2026-02-12
9454,Pune,iOS,Returning,2025-02-10
9455,Mumbai,Android,New,2025-10-02
9456,Pune,Android,Returning,2026-03-17
9457,Pune,iOS,Returning,2025-10-23
9458,Mumbai,Android,Returning,2025-01-17
9459,Delhi,Android,Returning,2025-05-10
9460,Delhi,Android,Returning,2025-12-05
9461,Chennai,Android,New,2025-08-24
9462,Chennai,Android,New,2026-03-20
9463,Pune,Android,Returning,2025-09-14
9464,Chennai,Android,Returning,2025-10-26
9465,Bangalore,Android,Returning,2025-05-14
9466,Chennai,Android,Returning,2025-12-12
9467,Pune,Android,Returning,2026-06-09
9468,Chennai,Android,Returning,2025-03-09
9469,Bangalore,Android,Returning,2025-03-28
9470,Hyderabad,Android,Returning,2025-12-22
9471,Hyderabad,Android,New,2026-06-04
9472,Chennai,Android,Returning,2025-02-06
9473,Delhi,Android,Returning,2026-03-28
9474,Mumbai,Android,Returning,2026-01-01
9475,Pune,Android,Returning,2025-08-29
9476,Hyderabad,iOS,New,2026-02-16
9477,Hyderabad,iOS,Returning,2026-02-04
9478,Pune,Android,Returning,2025-07-20
9479,Delhi,Android,Returning,2025-07-11
9480,Bangalore,Android,Returning,2026-04-08
9481,Delhi,Android,New,2026-01-25
9482,Chennai,Android,New,2025-03-07
9483,Hyderabad,Android,New,2026-04-18
9484,Hyderabad,Android,New,2026-05-20
9485,Pune,Android,Returning,2025-06-03
9486,Pune,Android,New,2026-03-23
9487,Chennai,Android,Returning,2026-05-25
9488,Mumbai,Android,Returning,2025-06-07
9489,Pune,Android,Returning,2025-11-24
9490,Hyderabad,Android,New,2025-07-20
9491,Chennai,iOS,Returning,2025-02-09
9492,Chennai,Android,Returning,2025-11-22
9493,Delhi,Android,Returning,2026-06-21
9494,Chennai,iOS,New,2026-02-13
9495,Chennai,Android,New,2025-07-10
9496,Bangalore,Android,New,2025-09-01
9497,Chennai,iOS,Returning,2025-02-23
9498,Delhi,iOS,New,2025-10-03
9499,Hyderabad,Android,New,2026-01-05
9500,Chennai,Android,Returning,2026-01-26
9501,Chennai,Android,New,2025-12-06
9502,Pune,Android,New,2026-04-13
9503,Delhi,Android,Returning,2025-02-09
9504,Mumbai,Android,Returning,2025-05-08
9505,Pune,Android,New,2025-10-14
9506,Chennai,Android,Returning,2025-06-30
9507,Bangalore,Android,New,2025-12-17
9508,Bangalore,Android,New,2025-10-02
9509,Pune,Android,New,2025-07-06
9510,Hyderabad,Android,New,2026-02-07
9511,Mumbai,Android,Returning,2026-02-08
9512,Bangalore,Android,Returning,2025-05-24
9513,Mumbai,Android,Returning,2025-10-29
9514,Chennai,Android,Returning,2025-09-10
9515,Chennai,Android,New,2025-05-17
9516,Hyderabad,iOS,Returning,2025-10-03
9517,Mumbai,iOS,New,2025-08-16
9518,Bangalore,Android,Returning,2025-04-16
9519,Mumbai,Android,Returning,2026-02-19
9520,Delhi,iOS,New,2025-09-24
9521,Mumbai,Android,New,2025-12-02
9522,Chennai,Android,Returning,2025-12-12
9523,Mumbai,Android,New,2026-05-10
9524,Hyderabad,Android,Returning,2025-12-18
9525,Pune,Android,New,2025-06-21
9526,Hyderabad,Android,New,2025-06-25
9527,Chennai,iOS,Returning,2025-08-15
9528,Bangalore,Android,Returning,2025-08-16
9529,Delhi,Android,New,2026-01-14
9530,Pune,Android,Returning,2025-08-17
9531,Pune,Android,Returning,2025-04-19
9532,Bangalore,iOS,Returning,2026-02-05
9533,Delhi,Android,New,2026-01-10
9534,Pune,Android,New,2026-05-17
9535,Hyderabad,Android,New,2025-09-27
9536,Delhi,Android,Returning,2025-11-29
9537,Hyderabad,Android,Returning,2025-11-25
9538,Bangalore,Android,Returning,2025-10-22
9539,Delhi,iOS,New,2025-08-18
9540,Bangalore,Android,Returning,2025-07-18
9541,Chennai,Android,Returning,2025-05-03
9542,Pune,Android,Returning,2026-06-09
9543,Delhi,iOS,Returning,2025-03-18
9544,Pune,Android,Returning,2026-05-08
9545,Mumbai,Android,Returning,2026-05-11
9546,Mumbai,Android,Returning,2025-02-18
9547,Chennai,Android,New,2026-06-19
9548,Pune,Android,New,2025-12-08
9549,Bangalore,Android,Returning,2025-08-30
9550,Delhi,Android,Returning,2025-02-08
9551,Mumbai,iOS,New,2026-01-08
9552,Bangalore,Android,New,2026-02-08
9553,Bangalore,Android,New,2025-04-01
9554,Hyderabad,Android,New,2025-10-28
9555,Bangalore,iOS,Returning,2025-04-21
9556,Mumbai,Android,Returning,2025-12-02
9557,Mumbai,Android,Returning,2025-04-20
9558,Bangalore,Android,Returning,2025-06-27
9559,Hyderabad,Android,New,2025-08-08
9560,Chennai,Android,Returning,2026-05-03
9561,Delhi,Android,New,2026-06-22
9562,Hyderabad,Android,Returning,2025-09-01
9563,Bangalore,iOS,Returning,2026-04-04
9564,Delhi,iOS,Returning,2025-02-16
9565,Mumbai,iOS,New,2025-09-30
9566,Bangalore,Android,Returning,2025-04-22
9567,Delhi,Android,Returning,2025-03-31
9568,Mumbai,Android,Returning,2025-12-29
9569,Hyderabad,Android,New,2026-04-13
9570,Chennai,iOS,Returning,2025-05-05
9571,Hyderabad,iOS,Returning,2026-06-21
9572,Pune,Android,Returning,2025-03-03
9573,Hyderabad,Android,New,2025-05-15
9574,Bangalore,Android,Returning,2025-01-07
9575,Mumbai,Android,Returning,2026-01-05
9576,Pune,Android,Returning,2025-08-29
9577,Pune,Android,New,2026-06-24
9578,Hyderabad,iOS,New,2025-12-23
9579,Mumbai,Android,New,2025-06-16
9580,Pune,Android,New,2025-12-05
9581,Hyderabad,Android,Returning,2026-03-15
9582,Bangalore,Android,New,2025-03-01
9583,Hyderabad,iOS,Returning,2026-06-03
9584,Pune,Android,Returning,2026-04-06
9585,Bangalore,Android,Returning,2026-03-29
9586,Mumbai,Android,Returning,2025-11-02
9587,Hyderabad,Android,Returning,2025-05-22
9588,Pune,Android,Returning,2025-12-12
9589,Chennai,Android,New,2025-12-12
9590,Pune,Android,Returning,2025-10-14
9591,Chennai,iOS,New,2025-12-14
9592,Bangalore,iOS,Returning,2026-03-09
9593,Chennai,iOS,Returning,2025-11-21
9594,Mumbai,iOS,Returning,2025-10-22
9595,Mumbai,Android,Returning,2026-05-30
9596,Pune,Android,Returning,2025-11-08
9597,Delhi,Android,New,2025-05-02
9598,Bangalore,Android,Returning,2026-03-15
9599,Mumbai,Android,New,2025-01-27
9600,Delhi,Android,New,2025-01-07
9601,Mumbai,Android,New,2025-02-13
9602,Bangalore,iOS,New,2025-11-11
9603,Pune,Android,Returning,2025-08-24
9604,Delhi,iOS,Returning,2025-08-26
9605,Mumbai,Android,Returning,2025-08-31
9606,Bangalore,Android,Returning,2025-04-29
9607,Delhi,Android,New,2025-11-21
9608,Delhi,Android,New,2025-08-02
9609,Bangalore,iOS,Returning,2025-11-28
9610,Delhi,Android,New,2026-05-08
9611,Mumbai,Android,Returning,2026-06-19
9612,Pune,Android,Returning,2026-03-12
9613,Chennai,Android,New,2025-07-06
9614,Bangalore,Android,Returning,2025-04-13
9615,Bangalore,Android,Returning,2025-11-07
9616,Pune,Android,New,2026-06-17
9617,Hyderabad,Android,Returning,2026-01-28
9618,Mumbai,Android,Returning,2026-05-18
9619,Chennai,Android,New,2026-05-27
9620,Hyderabad,iOS,Returning,2025-08-16
9621,Chennai,Android,New,2026-04-05
9622,Chennai,Android,Returning,2026-03-28
9623,Chennai,iOS,Returning,2025-10-27
9624,Mumbai,iOS,New,2026-02-28
9625,Mumbai,iOS,Returning,2025-01-07
9626,Pune,iOS,Returning,2026-01-11
9627,Bangalore,Android,Returning,2025-06-21
9628,Mumbai,Android,Returning,2025-10-22
9629,Pune,iOS,New,2025-03-13
9630,Mumbai,Android,New,2025-08-12
9631,Chennai,Android,Returning,2025-04-19
9632,Mumbai,Android,New,2025-05-17
9633,Mumbai,iOS,Returning,2025-03-06
9634,Pune,Android,Returning,2025-07-24
9635,Chennai,Android,Returning,2025-05-27
9636,Chennai,Android,Returning,2025-01-08
9637,Pune,Android,New,2025-11-09
9638,Delhi,Android,Returning,2025-04-05
9639,Chennai,iOS,Returning,2026-01-22
9640,Delhi,Android,Returning,2025-01-09
9641,Mumbai,Android,Returning,2026-06-17
9642,Bangalore,Android,Returning,2026-03-02
9643,Mumbai,Android,Returning,2026-05-17
9644,Chennai,Android,New,2025-07-28
9645,Bangalore,iOS,Returning,2026-04-20
9646,Pune,Android,Returning,2025-01-25
9647,Hyderabad,iOS,Returning,2025-06-19
9648,Pune,iOS,New,2026-02-18
9649,Chennai,Android,Returning,2025-03-31
9650,Mumbai,Android,Returning,2026-04-12
9651,Bangalore,Android,Returning,2025-07-05
9652,Hyderabad,iOS,New,2026-05-07
9653,Bangalore,Android,Returning,2025-11-25
9654,Pune,Android,New,2026-01-07
9655,Hyderabad,iOS,Returning,2025-09-30
9656,Hyderabad,iOS,Returning,2025-05-19
9657,Pune,Android,New,2025-06-08
9658,Bangalore,Android,Returning,2025-02-03
9659,Pune,Android,Returning,2025-05-26
9660,Pune,iOS,Returning,2025-04-03
9661,Hyderabad,Android,Returning,2026-04-10
9662,Chennai,Android,New,2025-09-04
9663,Hyderabad,Android,Returning,2025-04-15
9664,Pune,Android,Returning,2025-02-24
9665,Chennai,Android,New,2025-07-06
9666,Delhi,Android,Returning,2026-03-27
9667,Mumbai,Android,Returning,2026-04-26
9668,Hyderabad,Android,Returning,2025-03-06
9669,Mumbai,Android,Returning,2025-08-09
9670,Chennai,Android,Returning,2026-03-30
9671,Pune,iOS,Returning,2025-08-11
9672,Delhi,iOS,Returning,2025-07-10
9673,Mumbai,Android,Returning,2025-11-30
9674,Mumbai,Android,Returning,2025-06-26
9675,Chennai,Android,Returning,2025-08-08
9676,Mumbai,Android,New,2026-02-26
9677,Chennai,Android,Returning,2025-04-14
9678,Bangalore,iOS,Returning,2026-03-14
9679,Chennai,Android,Returning,2025-03-19
9680,Mumbai,Android,New,2025-11-07
9681,Mumbai,Android,Returning,2025-05-28
9682,Bangalore,Android,Returning,2025-06-20
9683,Chennai,Android,Returning,2026-01-08
9684,Pune,iOS,New,2025-09-08
9685,Bangalore,Android,New,2025-07-28
9686,Bangalore,Android,Returning,2025-11-12
9687,Delhi,Android,Returning,2026-03-04
9688,Chennai,Android,Returning,2026-05-16
9689,Chennai,Android,Returning,2026-04-20
9690,Mumbai,Android,Returning,2026-05-20
9691,Hyderabad,Android,New,2025-06-15
9692,Mumbai,iOS,Returning,2025-10-24
9693,Pune,iOS,Returning,2025-01-21
9694,Bangalore,Android,Returning,2025-12-07
9695,Pune,Android,Returning,2025-09-17
9696,Pune,iOS,Returning,2026-05-26
9697,Mumbai,Android,Returning,2025-04-30
9698,Pune,iOS,Returning,2026-04-03
9699,Delhi,Android,Returning,2026-03-26
9700,Pune,Android,Returning,2025-07-11
9701,Hyderabad,Android,Returning,2025-06-28
9702,Mumbai,Android,Returning,2025-03-13
9703,Bangalore,Android,New,2025-02-26
9704,Chennai,Android,New,2025-09-10
9705,Pune,Android,New,2026-04-25
9706,Chennai,Android,New,2026-05-25
9707,Mumbai,Android,Returning,2025-04-26
9708,Chennai,Android,Returning,2026-05-18
9709,Mumbai,Android,Returning,2025-12-01
9710,Mumbai,Android,Returning,2026-06-16
9711,Mumbai,iOS,Returning,2025-05-14
9712,Chennai,iOS,New,2025-01-29
9713,Mumbai,Android,Returning,2025-04-11
9714,Hyderabad,Android,Returning,2026-01-09
9715,Pune,Android,Returning,2025-02-25
9716,Mumbai,iOS,New,2025-07-12
9717,Delhi,Android,Returning,2025-02-08
9718,Pune,Android,Returning,2025-09-29
9719,Pune,Android,New,2026-05-16
9720,Pune,Android,Returning,2026-04-22
9721,Pune,Android,Returning,2026-05-31
9722,Bangalore,Android,New,2026-03-25
9723,Chennai,Android,Returning,2025-08-04
9724,Chennai,iOS,Returning,2026-01-17
9725,Bangalore,Android,New,2026-06-11
9726,Mumbai,Android,Returning,2025-07-09
9727,Delhi,Android,Returning,2026-02-08
9728,Mumbai,Android,New,2025-02-11
9729,Bangalore,Android,New,2025-01-18
9730,Mumbai,Android,New,2025-11-06
9731,Chennai,Android,Returning,2026-02-02
9732,Pune,Android,Returning,2025-03-25
9733,Delhi,iOS,New,2025-11-25
9734,Delhi,iOS,Returning,2026-04-17
9735,Mumbai,Android,Returning,2025-12-22
9736,Chennai,Android,Returning,2025-08-04
9737,Delhi,Android,New,2025-04-06
9738,Chennai,Android,New,2025-06-02
9739,Chennai,Android,New,2025-06-21
9740,Chennai,Android,Returning,2025-12-23
9741,Delhi,Android,New,2025-01-25
9742,Mumbai,Android,Returning,2025-11-07
9743,Bangalore,Android,New,2026-05-05
9744,Mumbai,iOS,New,2026-06-08
9745,Pune,Android,New,2025-02-28
9746,Delhi,iOS,Returning,2025-07-21
9747,Hyderabad,iOS,New,2026-03-02
9748,Mumbai,Android,New,2025-03-26
9749,Delhi,iOS,Returning,2026-05-27
9750,Mumbai,Android,Returning,2025-04-28
9751,Delhi,Android,Returning,2026-02-12
9752,Chennai,Android,Returning,2025-06-04
9753,Delhi,Android,New,2025-06-05
9754,Mumbai,iOS,Returning,2025-08-01
9755,Chennai,iOS,Returning,2025-05-01
9756,Hyderabad,Android,New,2026-04-17
9757,Chennai,iOS,Returning,2026-04-23
9758,Delhi,Android,Returning,2025-05-23
9759,Pune,iOS,New,2025-04-28
9760,Delhi,Android,Returning,2025-04-02
9761,Hyderabad,iOS,Returning,2025-04-26
9762,Delhi,Android,Returning,2026-02-17
9763,Mumbai,Android,Returning,2025-05-13
9764,Delhi,Android,New,2025-02-12
9765,Hyderabad,iOS,Returning,2025-02-02
9766,Chennai,Android,New,2025-05-20
9767,Chennai,Android,Returning,2025-12-18
9768,Mumbai,Android,Returning,2026-03-25
9769,Pune,Android,Returning,2025-07-22
9770,Delhi,Android,New,2025-08-08
9771,Pune,iOS,Returning,2025-10-28
9772,Hyderabad,Android,New,2025-07-17
9773,Bangalore,iOS,New,2026-01-25
9774,Pune,Android,Returning,2025-08-02
9775,Chennai,iOS,Returning,2025-01-14
9776,Hyderabad,Android,New,2025-07-03
9777,Pune,iOS,Returning,2025-11-05
9778,Mumbai,iOS,Returning,2025-04-17
9779,Mumbai,Android,New,2025-10-16
9780,Delhi,Android,New,2025-04-13
9781,Delhi,Android,New,2025-10-19
9782,Chennai,Android,New,2026-02-09
9783,Mumbai,Android,Returning,2026-06-22
9784,Delhi,Android,Returning,2025-12-12
9785,Mumbai,Android,Returning,2025-12-01
9786,Pune,Android,Returning,2025-06-03
9787,Hyderabad,iOS,Returning,2025-10-21
9788,Delhi,Android,New,2025-05-12
9789,Chennai,Android,New,2025-07-18
9790,Bangalore,Android,New,2026-01-11
9791,Delhi,Android,Returning,2026-01-25
9792,Mumbai,Android,Returning,2025-01-02
9793,Mumbai,Android,Returning,2025-12-20
9794,Delhi,iOS,Returning,2026-05-24
9795,Mumbai,Android,Returning,2025-04-10
9796,Delhi,Android,New,2026-04-10
9797,Bangalore,Android,New,2025-05-26
9798,Hyderabad,Android,Returning,2025-07-15
9799,Pune,iOS,Returning,2026-01-03
9800,Pune,Android,Returning,2025-12-01
9801,Hyderabad,Android,New,2026-01-11
9802,Mumbai,Android,Returning,2025-11-11
9803,Delhi,iOS,Returning,2025-08-06
9804,Delhi,iOS,Returning,2025-09-23
9805,Delhi,Android,Returning,2025-06-09
9806,Hyderabad,Android,New,2025-05-25
9807,Hyderabad,Android,Returning,2025-02-25
9808,Bangalore,Android,New,2025-05-07
9809,Hyderabad,Android,New,2025-06-15
9810,Pune,Android,Returning,2025-08-25
9811,Bangalore,Android,Returning,2026-05-22
9812,Mumbai,Android,Returning,2025-03-03
9813,Hyderabad,Android,New,2025-03-04
9814,Hyderabad,Android,Returning,2025-03-29
9815,Pune,Android,Returning,2026-03-13
9816,Hyderabad,Android,New,2025-01-23
9817,Mumbai,iOS,Returning,2025-08-22
9818,Bangalore,Android,Returning,2025-05-10
9819,Bangalore,Android,New,2025-04-20
9820,Bangalore,Android,New,2025-11-24
9821,Chennai,Android,Returning,2025-06-12
9822,Mumbai,Android,Returning,2025-01-08
9823,Delhi,Android,Returning,2025-10-20
9824,Delhi,Android,Returning,2025-09-13
9825,Delhi,Android,New,2025-05-08
9826,Hyderabad,Android,Returning,2026-01-07
9827,Pune,Android,New,2026-05-24
9828,Bangalore,Android,Returning,2026-04-08
9829,Bangalore,Android,Returning,2026-03-10
9830,Bangalore,iOS,Returning,2025-03-08
9831,Pune,iOS,New,2026-03-30
9832,Bangalore,Android,Returning,2025-12-23
9833,Hyderabad,Android,Returning,2025-10-19
9834,Mumbai,Android,New,2025-06-26
9835,Hyderabad,Android,Returning,2025-09-15
9836,Mumbai,iOS,Returning,2025-04-19
9837,Hyderabad,Android,Returning,2025-09-15
9838,Delhi,Android,Returning,2026-03-21
9839,Delhi,Android,Returning,2025-04-24
9840,Delhi,Android,Returning,2025-03-02
9841,Delhi,iOS,New,2026-06-11
9842,Mumbai,Android,Returning,2025-02-09
9843,Chennai,Android,Returning,2025-01-28
9844,Pune,Android,Returning,2026-02-27
9845,Delhi,iOS,Returning,2025-08-24
9846,Hyderabad,Android,New,2026-04-06
9847,Delhi,Android,Returning,2025-10-10
9848,Mumbai,Android,New,2026-05-16
9849,Pune,Android,Returning,2026-03-10
9850,Pune,Android,Returning,2025-02-13
9851,Pune,Android,Returning,2025-01-14
9852,Chennai,Android,Returning,2025-04-10
9853,Hyderabad,iOS,Returning,2026-01-11
9854,Mumbai,Android,Returning,2025-04-20
9855,Chennai,Android,Returning,2025-02-01
9856,Bangalore,Android,New,2025-04-21
9857,Hyderabad,Android,New,2025-03-04
9858,Mumbai,Android,New,2025-03-28
9859,Delhi,Android,Returning,2026-06-05
9860,Hyderabad,iOS,New,2026-02-23
9861,Mumbai,Android,New,2025-04-15
9862,Hyderabad,Android,Returning,2025-02-25
9863,Bangalore,Android,Returning,2025-08-23
9864,Delhi,Android,New,2025-03-23
9865,Bangalore,Android,Returning,2025-10-22
9866,Hyderabad,Android,Returning,2025-10-10
9867,Mumbai,Android,Returning,2025-11-04
9868,Mumbai,Android,Returning,2026-02-15
9869,Chennai,Android,Returning,2025-04-27
9870,Delhi,Android,Returning,2025-07-21
9871,Pune,Android,Returning,2025-01-18
9872,Mumbai,Android,Returning,2026-03-22
9873,Pune,iOS,Returning,2025-12-24
9874,Chennai,iOS,Returning,2026-06-25
9875,Hyderabad,iOS,Returning,2025-12-30
9876,Chennai,iOS,New,2026-03-13
9877,Pune,Android,Returning,2026-03-16
9878,Hyderabad,iOS,Returning,2025-09-17
9879,Mumbai,Android,Returning,2025-01-31
9880,Pune,Android,New,2025-05-04
9881,Bangalore,Android,Returning,2025-01-06
9882,Chennai,iOS,New,2025-07-23
9883,Pune,Android,Returning,2025-07-25
9884,Mumbai,Android,New,2026-02-17
9885,Bangalore,Android,Returning,2026-03-27
9886,Hyderabad,iOS,Returning,2026-03-24
9887,Mumbai,Android,Returning,2026-03-24
9888,Bangalore,Android,Returning,2025-03-22
9889,Pune,Android,Returning,2025-03-07
9890,Mumbai,Android,Returning,2025-09-04
9891,Delhi,Android,Returning,2026-05-02
9892,Delhi,Android,New,2025-02-02
9893,Hyderabad,Android,Returning,2025-09-30
9894,Hyderabad,Android,New,2026-03-01
9895,Bangalore,iOS,Returning,2025-04-13
9896,Chennai,Android,Returning,2025-12-05
9897,Delhi,Android,New,2025-01-26
9898,Delhi,Android,Returning,2025-04-30
9899,Pune,Android,New,2026-04-03
9900,Chennai,iOS,New,2026-05-13
9901,Delhi,iOS,New,2026-04-24
9902,Delhi,Android,Returning,2025-09-16
9903,Chennai,Android,Returning,2025-01-21
9904,Pune,Android,New,2025-09-26
9905,Pune,Android,Returning,2025-08-30
9906,Chennai,Android,Returning,2025-03-11
9907,Pune,iOS,New,2025-10-04
9908,Bangalore,Android,New,2025-01-04
9909,Chennai,Android,Returning,2025-09-13
9910,Bangalore,Android,Returning,2025-03-09
9911,Delhi,Android,Returning,2025-06-26
9912,Pune,iOS,Returning,2025-09-19
9913,Delhi,Android,Returning,2026-05-29
9914,Chennai,Android,New,2025-11-01
9915,Hyderabad,iOS,Returning,2026-05-24
9916,Chennai,iOS,New,2026-05-20
9917,Chennai,Android,Returning,2025-08-18
9918,Mumbai,Android,New,2025-03-08
9919,Pune,Android,Returning,2026-04-20
9920,Chennai,Android,Returning,2026-03-26
9921,Hyderabad,iOS,Returning,2025-05-04
9922,Pune,Android,Returning,2026-01-27
9923,Delhi,Android,New,2025-10-27
9924,Hyderabad,Android,New,2026-02-25
9925,Mumbai,Android,New,2025-04-12
9926,Hyderabad,Android,New,2025-08-10
9927,Delhi,Android,Returning,2025-10-21
9928,Hyderabad,Android,Returning,2026-05-12
9929,Mumbai,Android,Returning,2025-09-30
9930,Mumbai,iOS,Returning,2025-08-27
9931,Hyderabad,Android,Returning,2025-11-27
9932,Mumbai,Android,Returning,2025-07-07
9933,Chennai,Android,Returning,2026-06-12
9934,Pune,Android,Returning,2025-10-24
9935,Pune,Android,Returning,2025-04-27
9936,Delhi,Android,New,2026-04-02
9937,Chennai,Android,Returning,2025-03-10
9938,Mumbai,Android,New,2025-09-28
9939,Chennai,Android,Returning,2026-03-18
9940,Delhi,Android,New,2025-05-23
9941,Hyderabad,iOS,Returning,2025-08-08
9942,Pune,Android,New,2025-02-22
9943,Pune,Android,Returning,2026-04-17
9944,Delhi,iOS,Returning,2025-06-25
9945,Hyderabad,Android,Returning,2025-04-02
9946,Mumbai,Android,New,2025-02-26
9947,Chennai,Android,New,2025-01-29
9948,Delhi,Android,Returning,2025-09-23
9949,Mumbai,Android,Returning,2025-03-27
9950,Chennai,iOS,New,2026-01-14
9951,Pune,Android,New,2026-06-10
9952,Pune,Android,New,2026-06-01
9953,Mumbai,Android,Returning,2026-04-05
9954,Delhi,Android,Returning,2025-04-25
9955,Delhi,iOS,Returning,2026-04-01
9956,Chennai,Android,New,2026-05-31
9957,Chennai,Android,Returning,2025-10-24
9958,Delhi,Android,Returning,2026-06-05
9959,Pune,Android,New,2025-03-14
9960,Bangalore,iOS,Returning,2026-02-13
9961,Pune,Android,Returning,2025-11-08
9962,Mumbai,Android,Returning,2025-05-22
9963,Hyderabad,Android,Returning,2025-05-04
9964,Pune,iOS,New,2025-12-31
9965,Chennai,iOS,Returning,2026-06-10
9966,Pune,Android,Returning,2025-08-27
9967,Pune,Android,Returning,2026-03-27
9968,Hyderabad,Android,New,2026-01-18
9969,Pune,Android,Returning,2025-01-12
9970,Delhi,Android,New,2025-06-26
9971,Bangalore,Android,Returning,2025-01-27
9972,Hyderabad,iOS,Returning,2025-02-17
9973,Bangalore,Android,Returning,2026-05-01
9974,Chennai,Android,New,2026-04-30
9975,Mumbai,Android,Returning,2025-04-06
9976,Hyderabad,Android,Returning,2025-07-13
9977,Bangalore,Android,Returning,2025-03-29
9978,Delhi,Android,Returning,2026-02-17
9979,Mumbai,Android,Returning,2025-03-28
9980,Hyderabad,Android,Returning,2026-06-08
9981,Mumbai,Android,New,2025-10-04
9982,Pune,Android,Returning,2026-03-10
9983,Mumbai,Android,New,2026-06-01
9984,Chennai,Android,New,2026-04-20
9985,Pune,Android,Returning,2026-02-06
9986,Chennai,Android,Returning,2026-05-04
9987,Bangalore,Android,Returning,2025-02-21
9988,Pune,Android,Returning,2025-02-14
9989,Mumbai,Android,New,2025-12-30
9990,Bangalore,Android,Returning,2025-05-01
9991,Pune,iOS,Returning,2025-04-01
9992,Delhi,iOS,New,2026-03-10
9993,Hyderabad,Android,Returning,2025-12-30
9994,Hyderabad,Android,Returning,2025-02-15
9995,Mumbai,Android,Returning,2025-09-12
9996,Bangalore,Android,Returning,2026-05-15
9997,Bangalore,Android,Returning,2025-08-18
9998,Bangalore,iOS,Returning,2026-01-22
9999,Hyderabad,Android,New,2025-04-20
10000,Mumbai,Android,New,2026-02-12
